# Blender 5.1.1
# www.blender.org
mtllib camarahumo.mtl
g camarah_Cylinder
v 4.684332 5.989758 4.087373
v 4.172162 5.989757 4.239815
v 4.684332 5.962285 4.084667
v 4.172162 5.932545 4.234180
v 4.684332 5.935868 4.076653
v 4.172162 5.877531 4.217492
v 4.684332 5.911522 4.063641
v 4.172162 5.826829 4.190392
v 4.684332 5.890183 4.046127
v 4.172162 5.782390 4.153921
v 4.684332 5.872670 4.024788
v 4.172162 5.745918 4.109481
v 4.684332 5.859657 4.000443
v 4.172162 5.718818 4.058780
v 4.684332 5.851644 3.974025
v 4.172162 5.702129 4.003766
v 4.684332 5.848938 3.946553
v 4.172162 5.696495 3.946553
v 4.684332 5.851644 3.919080
v 4.172162 5.702129 3.889340
v 4.684332 5.859657 3.892663
v 4.172162 5.718818 3.834326
v 4.684332 5.872670 3.868318
v 4.172162 5.745918 3.783625
v 4.684332 5.890183 3.846978
v 4.172162 5.782390 3.739185
v 4.684332 5.911522 3.829466
v 4.172162 5.826829 3.702714
v 4.684332 5.935868 3.816453
v 4.172162 5.877531 3.675614
v 4.684332 5.962285 3.808439
v 4.172162 5.932545 3.658926
v 4.684332 5.989758 3.805733
v 4.172162 5.989757 3.653291
v 4.684332 6.017230 3.808439
v 4.172162 6.046969 3.658926
v 4.684332 6.043647 3.816453
v 4.172162 6.101984 3.675614
v 4.684332 6.067993 3.829466
v 4.172162 6.152685 3.702714
v 4.684332 6.089332 3.846978
v 4.172162 6.197125 3.739185
v 4.684332 6.106845 3.868318
v 4.172162 6.233596 3.783625
v 4.684332 6.119858 3.892663
v 4.172162 6.260696 3.834326
v 4.684332 6.127872 3.919080
v 4.172162 6.277385 3.889340
v 4.684332 6.130578 3.946553
v 4.172162 6.283020 3.946553
v 4.684332 6.127872 3.974025
v 4.172162 6.277385 4.003766
v 4.684332 6.119858 4.000443
v 4.172162 6.260696 4.058780
v 4.684332 6.106845 4.024788
v 4.172162 6.233596 4.109481
v 4.684332 6.089332 4.046127
v 4.172162 6.197125 4.153921
v 4.684332 6.067993 4.063641
v 4.172162 6.152685 4.190392
v 4.684332 6.043647 4.076653
v 4.172162 6.101984 4.217492
v 4.684332 6.017230 4.084667
v 4.172162 6.046969 4.234180
v 3.696425 5.989757 4.173811
v 3.696425 5.945421 4.169445
v 3.696425 5.902789 4.156512
v 3.696425 5.863499 4.135511
v 3.696425 5.829061 4.107249
v 3.696425 5.800799 4.072811
v 3.696425 5.779798 4.033521
v 3.696425 5.766865 3.990889
v 3.696425 5.762499 3.946553
v 3.696425 5.766865 3.902217
v 3.696425 5.779798 3.859585
v 3.696425 5.800799 3.820295
v 3.696425 5.829061 3.785857
v 3.696425 5.863499 3.757595
v 3.696425 5.902789 3.736594
v 3.696425 5.945421 3.723661
v 3.696425 5.989757 3.719295
v 3.696425 6.034093 3.723661
v 3.696425 6.076725 3.736594
v 3.696425 6.116015 3.757595
v 3.696425 6.150453 3.785857
v 3.696425 6.178715 3.820295
v 3.696425 6.199716 3.859585
v 3.696425 6.212649 3.902217
v 3.696425 6.217015 3.946553
v 3.696425 6.212649 3.990889
v 3.696425 6.199716 4.033521
v 3.696425 6.178715 4.072811
v 3.696425 6.150453 4.107249
v 3.696425 6.116015 4.135511
v 3.696425 6.076725 4.156512
v 3.696425 6.034093 4.169445
v 5.135824 5.989757 4.062392
v 5.135824 5.967157 4.060166
v 5.135824 5.945426 4.053575
v 5.135824 5.925399 4.042870
v 5.135824 5.907845 4.028463
v 5.135824 5.893439 4.010910
v 5.135824 5.882734 3.990883
v 5.135824 5.876143 3.969152
v 5.135824 5.873917 3.946553
v 5.135824 5.876143 3.923954
v 5.135824 5.882734 3.902223
v 5.135824 5.893439 3.882196
v 5.135824 5.907845 3.864642
v 5.135824 5.925399 3.850236
v 5.135824 5.945426 3.839531
v 5.135824 5.967157 3.832939
v 5.135824 5.989757 3.830714
v 5.135824 6.012356 3.832939
v 5.135824 6.034086 3.839531
v 5.135824 6.054113 3.850236
v 5.135824 6.071667 3.864642
v 5.135824 6.086073 3.882196
v 5.135824 6.096778 3.902223
v 5.135824 6.103370 3.923954
v 5.135824 6.105596 3.946553
v 5.135824 6.103370 3.969152
v 5.135824 6.096778 3.990883
v 5.135824 6.086073 4.010910
v 5.135824 6.071667 4.028463
v 5.135824 6.054113 4.042870
v 5.135824 6.034086 4.053575
v 5.135824 6.012356 4.060166
v 3.746404 6.118636 4.132579
v 3.755162 6.195047 4.047778
v 3.764506 6.218625 3.936140
v 3.771931 6.183053 3.827577
v 3.775449 6.097864 3.751179
v 3.774116 5.985882 3.727417
v 3.768290 5.877114 3.762657
v 3.759532 5.800704 3.847457
v 3.750188 5.777126 3.959096
v 3.742763 5.812697 4.067658
v 3.739245 5.897887 4.144056
v 3.740578 6.009869 4.167819
v 3.694187 6.123074 4.138408
v 3.692680 6.202547 4.049773
v 3.692801 6.227077 3.933271
v 3.694517 6.190091 3.820118
v 3.697368 6.101498 3.740634
v 3.700591 5.985038 3.716116
v 3.703321 5.871915 3.753134
v 3.704828 5.792442 3.841769
v 3.704707 5.767912 3.958271
v 3.702991 5.804898 4.071424
v 3.700140 5.893491 4.150908
v 3.696917 6.009951 4.175426
v 3.619590 6.119621 4.139801
v 3.612294 6.198853 4.051237
v 3.607286 6.223168 3.934797
v 3.605910 6.186052 3.821681
v 3.608532 6.097450 3.742200
v 3.614451 5.981103 3.717650
v 3.622081 5.868185 3.754607
v 3.629377 5.788953 3.843172
v 3.634384 5.764638 3.959612
v 3.635761 5.801754 4.072727
v 3.633139 5.890356 4.152208
v 3.627219 6.006703 4.176760
v 3.527628 6.113295 4.143819
v 3.517081 6.192308 4.055387
v 3.509323 6.216439 3.939061
v 3.506433 6.179222 3.826007
v 3.509186 6.090629 3.746521
v 3.516843 5.974398 3.721899
v 3.527353 5.861673 3.758739
v 3.537900 5.782659 3.847171
v 3.545658 5.758529 3.963498
v 3.548548 5.795746 4.076551
v 3.545796 5.884339 4.156038
v 3.538139 6.000570 4.180660
v 3.423134 6.104462 4.149876
v 3.410496 6.183300 4.061562
v 3.401106 6.207295 3.945326
v 3.397481 6.170016 3.832314
v 3.400592 6.081453 3.752807
v 3.409605 5.965335 3.728109
v 3.422106 5.852777 3.764838
v 3.434744 5.773939 3.853151
v 3.444134 5.749945 3.969386
v 3.447759 5.787223 4.082397
v 3.444648 5.875786 4.161904
v 3.435635 5.991904 4.186604
v 3.310319 6.093505 4.157335
v 3.296215 6.172202 4.069117
v 3.285838 6.196101 3.952946
v 3.281968 6.158798 3.839950
v 3.285642 6.070290 3.760407
v 3.295876 5.954290 3.735629
v 3.309927 5.841882 3.772256
v 3.324031 5.763186 3.860474
v 3.334408 5.739286 3.976645
v 3.338277 5.776589 4.089641
v 3.334603 5.865098 4.169185
v 3.324370 5.981098 4.193963
v 3.193160 6.080799 4.165563
v 3.177966 6.159378 4.077420
v 3.167041 6.183217 3.961287
v 3.163313 6.145930 3.848282
v 3.167780 6.057507 3.768683
v 3.179246 5.941641 3.743820
v 3.194638 5.829378 3.780354
v 3.209831 5.750800 3.868496
v 3.220757 5.726961 3.984629
v 3.224485 5.764248 4.097635
v 3.220018 5.852671 4.177234
v 3.208552 5.968536 4.202097
v 3.075493 6.066704 4.173923
v 3.059448 6.145180 4.085840
v 3.048333 6.168997 3.969721
v 3.045126 6.131772 3.856678
v 3.050687 6.043481 3.777003
v 3.063526 5.927780 3.752043
v 3.080203 5.815671 3.788487
v 3.096248 5.737195 3.876569
v 3.107363 5.713378 3.992689
v 3.110570 5.750603 4.105732
v 3.105009 5.838894 4.185408
v 3.092170 5.954595 4.210367
v 2.961003 6.051555 4.181784
v 2.944263 6.129939 4.093748
v 2.933313 6.153778 3.977617
v 2.931087 6.116683 3.864509
v 2.938180 6.028595 3.784729
v 2.952693 5.913117 3.759656
v 2.970737 5.801191 3.796008
v 2.987476 5.722807 3.884043
v 2.998427 5.698968 4.000174
v 3.000653 5.736062 4.113282
v 2.993559 5.824150 4.193062
v 2.979047 5.939628 4.218135
v 2.853115 6.035632 4.188517
v 2.835783 6.113927 4.100517
v 2.825438 6.137856 3.984349
v 2.824855 6.101007 3.871140
v 2.834188 6.013253 3.791224
v 2.850936 5.898107 3.766015
v 2.870613 5.786424 3.802266
v 2.887946 5.708128 3.890265
v 2.898290 5.684199 4.006433
v 2.898873 5.721049 4.119642
v 2.889541 5.808803 4.199559
v 2.872792 5.923948 4.224768
v 2.754677 6.019062 4.193481
v 2.736805 6.097266 4.105507
v 2.727755 6.121416 3.989278
v 2.729952 6.085041 3.875935
v 2.742808 5.997889 3.795849
v 2.762878 5.883310 3.770480
v 2.784784 5.772008 3.806624
v 2.802656 5.693805 3.894598
v 2.811707 5.669655 4.010828
v 2.809509 5.706029 4.124170
v 2.796653 5.793182 4.204256
v 2.776583 5.907760 4.229626
v 2.666861 6.001442 4.195931
v 2.648438 6.079531 4.107972
v 2.642053 6.104231 3.991680
v 2.649419 6.068923 3.878218
v 2.668561 5.983068 3.797988
v 2.694350 5.869669 3.772487
v 2.719876 5.759114 3.808548
v 2.738300 5.681025 3.896508
v 2.744684 5.656324 4.012799
v 2.737319 5.691632 4.126262
v 2.718177 5.777488 4.206492
v 2.692387 5.890886 4.231994
v 2.573345 5.975302 4.193311
v 2.551440 6.052304 4.105190
v 2.552374 6.079289 3.989235
v 2.575898 6.049027 3.876518
v 2.615708 5.969626 3.797239
v 2.661137 5.862361 3.772641
v 2.700013 5.755975 3.809317
v 2.721918 5.678973 3.897438
v 2.720984 5.651987 4.013392
v 2.697460 5.682250 4.126110
v 2.657650 5.761651 4.205390
v 2.612221 5.868915 4.229986
v 2.202187 5.765393 4.119440
v 2.172854 5.837993 4.029756
v 2.184509 5.871332 3.916057
v 2.234029 5.856478 3.808812
v 2.308146 5.797410 3.736755
v 2.387000 5.709957 3.719194
v 2.449461 5.617549 3.760834
v 2.478795 5.544949 3.850519
v 2.467140 5.511610 3.964217
v 2.417620 5.526464 4.071463
v 2.343503 5.585531 4.143519
v 2.264649 5.672986 4.161080
v 1.923076 5.427176 3.964391
v 1.888117 5.493361 3.871805
v 1.906748 5.534656 3.761705
v 1.973976 5.539998 3.663591
v 2.071788 5.507955 3.603753
v 2.173975 5.447113 3.598224
v 2.253157 5.373775 3.648487
v 2.288116 5.307591 3.741072
v 2.269485 5.266295 3.851172
v 2.202257 5.260953 3.949287
v 2.104445 5.292996 4.009125
v 2.002257 5.353837 4.014653
v 1.731855 5.004310 3.753743
v 1.694580 5.065689 3.658781
v 1.715929 5.112623 3.551469
v 1.790182 5.132537 3.460561
v 1.897444 5.120094 3.410414
v 2.008973 5.078629 3.414468
v 2.094886 5.019252 3.471634
v 2.132161 4.957873 3.566595
v 2.110812 4.910939 3.673907
v 2.036559 4.891025 3.764816
v 1.929297 4.903468 3.814962
v 1.817768 4.944933 3.810909
v 1.603861 4.515400 3.501280
v 1.565688 4.573553 3.404659
v 1.587994 4.623926 3.299115
v 1.664804 4.653021 3.212928
v 1.775537 4.653042 3.169191
v 1.890520 4.623983 3.179625
v 1.978946 4.573632 3.241432
v 2.017120 4.515478 3.338052
v 1.994813 4.465106 3.443596
v 1.918003 4.436011 3.529783
v 1.807271 4.435989 3.573520
v 1.692287 4.465048 3.563087
v 1.522332 3.975275 3.217812
v 1.483802 4.031218 3.120034
v 1.506427 4.083567 3.015525
v 1.584143 4.118296 2.932287
v 1.696128 4.126101 2.892625
v 1.812374 4.104888 2.907165
v 1.901733 4.060342 2.972011
v 1.940263 4.004400 3.069788
v 1.917638 3.952051 3.174298
v 1.839922 3.917321 3.257535
v 1.727938 3.909517 3.297198
v 1.611691 3.930729 3.282658
v 1.474651 3.400187 2.914479
v 1.435978 3.454534 2.815861
v 1.458692 3.507877 2.711875
v 1.536706 3.545924 2.630384
v 1.649115 3.558479 2.593222
v 1.765801 3.542179 2.610348
v 1.855497 3.501390 2.677172
v 1.894169 3.447043 2.775790
v 1.871455 3.393700 2.879776
v 1.793442 3.355654 2.961267
v 1.681033 3.343098 2.998429
v 1.564347 3.359399 2.981303
v 1.449721 2.807754 2.603002
v 1.410992 2.860884 2.503747
v 1.433717 2.914470 2.399888
v 1.511808 2.954154 2.319255
v 1.624339 2.969301 2.283454
v 1.741159 2.955853 2.302077
v 1.830965 2.917415 2.370134
v 1.869695 2.864284 2.469389
v 1.846969 2.810698 2.573248
v 1.768879 2.771015 2.653881
v 1.656348 2.755868 2.689682
v 1.539528 2.769315 2.671060
v 1.437010 2.216490 2.295523
v 1.398255 2.268640 2.195759
v 1.420968 2.321777 2.091667
v 1.499064 2.361664 2.011140
v 1.611616 2.377612 1.975754
v 1.728467 2.365348 1.994991
v 1.818306 2.328159 2.063696
v 1.857061 2.276009 2.163461
v 1.834348 2.222872 2.267552
v 1.756252 2.182985 2.348080
v 1.643700 2.167037 2.383466
v 1.526849 2.179301 2.364228
v 1.426241 1.645614 2.004507
v 1.387466 1.696924 1.904316
v 1.410150 1.748827 1.799597
v 1.488215 1.787417 1.718411
v 1.600744 1.802352 1.682510
v 1.717583 1.789631 1.701514
v 1.807427 1.752662 1.770332
v 1.846202 1.701352 1.870524
v 1.823518 1.649448 1.975242
v 1.745453 1.610859 2.056429
v 1.632925 1.595924 2.092330
v 1.516086 1.608645 2.073325
v 1.407373 1.115195 1.742780
v 1.368566 1.165730 1.642207
v 1.391151 1.215305 1.536346
v 1.469079 1.250639 1.453562
v 1.581467 1.262264 1.416035
v 1.698202 1.247064 1.433823
v 1.788005 1.209112 1.502158
v 1.826813 1.158578 1.602730
v 1.804227 1.109002 1.708591
v 1.726299 1.073668 1.791376
v 1.613911 1.062044 1.828902
v 1.497176 1.077244 1.811115
v 1.370909 0.646881 1.523718
v 1.332031 0.696619 1.422777
v 1.354247 0.742038 1.314990
v 1.431604 0.770968 1.229238
v 1.543376 0.775657 1.188499
v 1.659612 0.754849 1.203688
v 1.749167 0.714119 1.270736
v 1.788046 0.664382 1.371677
v 1.765830 0.618963 1.479465
v 1.688472 0.590033 1.565216
v 1.576701 0.585343 1.605955
v 1.460465 0.606152 1.590766
v 1.307693 0.256073 1.358347
v 1.270352 0.313873 1.261191
v 1.292857 0.360804 1.154114
v 1.369176 0.384290 1.065806
v 1.478861 0.378038 1.019930
v 1.592522 0.343725 1.028779
v 1.679703 0.290543 1.089980
v 1.717044 0.232742 1.187136
v 1.694540 0.185812 1.294214
v 1.618220 0.162325 1.382521
v 1.508535 0.168577 1.428397
v 1.394875 0.202890 1.419549
v 1.267329 0.147817 1.297163
v 1.238599 0.227667 1.213658
v 1.266480 0.288368 1.115106
v 1.343503 0.313654 1.027913
v 1.449028 0.296751 0.975442
v 1.554781 0.242187 0.971754
v 1.632426 0.164583 1.017836
v 1.661156 0.084733 1.101341
v 1.633275 0.024032 1.199893
v 1.556252 -0.001254 1.287086
v 1.450726 0.015649 1.339556
v 1.344973 0.070213 1.343245
v 1.201668 0.062745 1.208537
v 1.187499 0.162197 1.144639
v 1.225370 0.236343 1.059535
v 1.305131 0.265317 0.976030
v 1.405412 0.241354 0.916497
v 1.499341 0.170875 0.896891
v 1.561752 0.072765 0.922463
v 1.575920 -0.026688 0.986361
v 1.538050 -0.100834 1.071465
v 1.458289 -0.129807 1.154970
v 1.358008 -0.105844 1.214503
v 1.264078 -0.035365 1.234109
v 1.115863 0.002283 1.101615
v 1.114675 0.111337 1.053864
v 1.161042 0.191770 0.979331
v 1.242541 0.222028 0.897987
v 1.337334 0.194006 0.831628
v 1.420022 0.115210 0.798036
v 1.468448 0.006754 0.806210
v 1.469637 -0.102301 0.853961
v 1.423270 -0.182733 0.928495
v 1.341771 -0.212992 1.009839
v 1.246977 -0.184969 1.076197
v 1.164290 -0.106173 1.109790
v 1.012625 -0.037279 0.981685
v 1.021311 0.075775 0.945383
v 1.073636 0.158621 0.877757
v 1.155581 0.189060 0.796930
v 1.245187 0.158936 0.724557
v 1.318445 0.076321 0.680032
v 1.355726 -0.036649 0.675284
v 1.347040 -0.149702 0.711586
v 1.294714 -0.232548 0.779211
v 1.212770 -0.262988 0.860039
v 1.123164 -0.232863 0.932412
v 1.049906 -0.150248 0.976937
v 0.894926 -0.059306 0.854364
v 0.910667 0.055165 0.825673
v 0.966618 0.138739 0.761959
v 1.047785 0.169022 0.680293
v 1.132420 0.137899 0.602557
v 1.197846 0.053711 0.549582
v 1.226531 -0.060984 0.535560
v 1.210789 -0.175455 0.564251
v 1.154839 -0.259029 0.627965
v 1.073671 -0.289311 0.709631
v 0.989036 -0.258190 0.787367
v 0.923611 -0.174002 0.840342
v 0.766010 -0.067148 0.725502
v 0.786583 0.047660 0.701622
v 0.844184 0.131349 0.639552
v 0.923380 0.161494 0.555923
v 1.002949 0.130018 0.473142
v 1.061571 0.045354 0.413393
v 1.083539 -0.069811 0.392683
v 1.062966 -0.184619 0.416563
v 1.005364 -0.268309 0.478633
v 0.926169 -0.298454 0.562262
v 0.846600 -0.266977 0.645042
v 0.787978 -0.182314 0.704792
v 0.629393 -0.064222 0.601077
v 0.652989 0.050542 0.579935
v 0.710424 0.134234 0.517713
v 0.786306 0.164428 0.431084
v 0.860305 0.133034 0.343259
v 0.912591 0.048464 0.277772
v 0.929156 -0.066621 0.252169
v 0.905559 -0.181385 0.273311
v 0.848125 -0.265077 0.335532
v 0.772242 -0.295270 0.422162
v 0.698244 -0.263877 0.509986
v 0.645957 -0.179307 0.575474
v 0.488966 -0.054009 0.487133
v 0.513928 0.060663 0.467090
v 0.569238 0.144498 0.403159
v 0.640075 0.175031 0.312471
v 0.707460 0.144082 0.219326
v 0.753335 0.059943 0.148681
v 0.765409 -0.054840 0.119467
v 0.740448 -0.169512 0.139510
v 0.685137 -0.253346 0.203440
v 0.614300 -0.283880 0.294128
v 0.546916 -0.252931 0.387274
v 0.501040 -0.168792 0.457918
v 0.349237 -0.040040 0.389696
v 0.373760 0.074674 0.369350
v 0.424466 0.158944 0.302253
v 0.487767 0.190191 0.206383
v 0.546703 0.160041 0.107429
v 0.585482 0.076574 0.031904
v 0.593712 -0.037845 0.000046
v 0.569189 -0.152559 0.020391
v 0.518484 -0.236829 0.087487
v 0.455182 -0.268076 0.183357
v 0.396246 -0.237926 0.282313
v 0.357468 -0.154459 0.357837
v 0.215756 -0.025825 0.314496
v 0.237500 0.089167 0.292622
v 0.280035 0.174257 0.221034
v 0.331964 0.206646 0.118912
v 0.379374 0.177653 0.013620
v 0.409560 0.095049 -0.066628
v 0.414434 -0.019034 -0.100332
v 0.392690 -0.134027 -0.078458
v 0.350155 -0.219117 -0.006870
v 0.298226 -0.251505 0.095252
v 0.250817 -0.222513 0.200544
v 0.220631 -0.139908 0.280792
v 0.095598 -0.014625 0.266094
v 0.111152 0.100895 0.241849
v 0.140065 0.187145 0.165041
v 0.174591 0.221015 0.056251
v 0.205477 0.193429 -0.055372
v 0.224448 0.111780 -0.139917
v 0.226421 -0.002056 -0.174732
v 0.210867 -0.117575 -0.150487
v 0.181953 -0.203825 -0.073679
v 0.147428 -0.237696 0.035111
v 0.116542 -0.210110 0.146734
v 0.097570 -0.128460 0.231279
v -0.005872 -0.008787 0.245542
v -0.000548 0.107245 0.219415
v 0.008186 0.194508 0.138895
v 0.017989 0.229617 0.025556
v 0.026235 0.203167 -0.090233
v 0.030714 0.122244 -0.177445
v 0.030225 0.008532 -0.212712
v 0.024901 -0.107501 -0.186585
v 0.016167 -0.194763 -0.106065
v 0.006364 -0.229872 0.007274
v -0.001882 -0.203422 0.123063
v -0.006360 -0.122499 0.210275
v 6.929519 5.117383 3.197346
v 6.774824 5.031079 5.156772
v 4.679152 5.989758 4.057823
v 4.169922 5.989757 4.209899
v 4.679152 5.968050 4.055685
v 4.169922 5.938381 4.204840
v 4.679152 5.947176 4.049354
v 4.169922 5.888979 4.189853
v 4.679152 5.927939 4.039071
v 4.169922 5.843450 4.165517
v 4.679152 5.911077 4.025233
v 4.169922 5.803544 4.132767
v 4.679152 5.897240 4.008371
v 4.169922 5.770793 4.092860
v 4.679152 5.886957 3.989135
v 4.169922 5.746457 4.047331
v 4.679152 5.880625 3.968261
v 4.169922 5.731471 3.997929
v 4.679152 5.878487 3.946553
v 4.169922 5.726411 3.946553
v 4.679152 5.880625 3.924845
v 4.169922 5.731471 3.895177
v 4.679152 5.886957 3.903972
v 4.169922 5.746457 3.845775
v 4.679152 5.897240 3.884735
v 4.169922 5.770793 3.800246
v 4.679152 5.911077 3.867873
v 4.169922 5.803544 3.760339
v 4.679152 5.927939 3.854035
v 4.169922 5.843450 3.727589
v 4.679152 5.947176 3.843753
v 4.169922 5.888979 3.703253
v 4.679152 5.968050 3.837421
v 4.169922 5.938381 3.688267
v 4.679152 5.989758 3.835283
v 4.169922 5.989757 3.683207
v 4.679152 6.011465 3.837421
v 4.169922 6.041133 3.688267
v 4.679152 6.032339 3.843753
v 4.169922 6.090535 3.703253
v 4.679152 6.051576 3.854035
v 4.169922 6.136064 3.727589
v 4.679152 6.068438 3.867873
v 4.169922 6.175971 3.760339
v 4.679152 6.082275 3.884735
v 4.169922 6.208721 3.800246
v 4.679152 6.092558 3.903971
v 4.169922 6.233057 3.845775
v 4.679152 6.098890 3.924845
v 4.169922 6.248044 3.895177
v 4.679152 6.101028 3.946553
v 4.169922 6.253103 3.946553
v 4.679152 6.098890 3.968261
v 4.169922 6.248044 3.997929
v 4.679152 6.092558 3.989135
v 4.169922 6.233057 4.047331
v 4.679152 6.082275 4.008371
v 4.169922 6.208721 4.092860
v 4.679152 6.068438 4.025233
v 4.169922 6.175971 4.132767
v 4.679152 6.051576 4.039071
v 4.169922 6.136064 4.165517
v 4.679152 6.032339 4.049354
v 4.169922 6.090535 4.189853
v 4.679152 6.011465 4.055685
v 4.169922 6.041133 4.204840
v 3.700548 5.989757 4.144095
v 3.700548 5.951219 4.140301
v 3.700548 5.914161 4.129059
v 3.700548 5.880008 4.110804
v 3.700548 5.850073 4.086237
v 3.700548 5.825506 4.056302
v 3.700548 5.807251 4.022149
v 3.700548 5.796010 3.985092
v 3.700548 5.792214 3.946553
v 3.700548 5.796010 3.908014
v 3.700548 5.807251 3.870957
v 3.700548 5.825506 3.836804
v 3.700548 5.850073 3.806869
v 3.700548 5.880008 3.782302
v 3.700548 5.914161 3.764047
v 3.700548 5.951219 3.752806
v 3.700548 5.989757 3.749010
v 3.700548 6.028296 3.752806
v 3.700548 6.065353 3.764047
v 3.700548 6.099506 3.782302
v 3.700548 6.129441 3.806869
v 3.700548 6.154008 3.836804
v 3.700548 6.172263 3.870957
v 3.700548 6.183505 3.908014
v 3.700548 6.187300 3.946553
v 3.700548 6.183505 3.985092
v 3.700548 6.172263 4.022149
v 3.700548 6.154008 4.056302
v 3.700548 6.129441 4.086237
v 3.700548 6.099506 4.110804
v 3.700548 6.065353 4.129059
v 3.700548 6.028296 4.140301
v 5.134166 5.989757 4.032438
v 5.134166 5.973001 4.030787
v 5.134166 5.956889 4.025900
v 5.134166 5.942041 4.017963
v 5.134166 5.929026 4.007283
v 5.134166 5.918345 3.994268
v 5.134167 5.910408 3.979419
v 5.134167 5.905521 3.963308
v 5.134167 5.903871 3.946553
v 5.134167 5.905521 3.929797
v 5.134167 5.910408 3.913686
v 5.134167 5.918345 3.898838
v 5.134167 5.929027 3.885823
v 5.134166 5.942041 3.875142
v 5.134166 5.956890 3.867205
v 5.134166 5.973001 3.862318
v 5.134166 5.989757 3.860668
v 5.134166 6.006512 3.862318
v 5.134166 6.022623 3.867205
v 5.134166 6.037472 3.875142
v 5.134166 6.050487 3.885823
v 5.134166 6.061168 3.898838
v 5.134166 6.069104 3.913686
v 5.134166 6.073991 3.929797
v 5.134166 6.075642 3.946553
v 5.134166 6.073991 3.963308
v 5.134166 6.069104 3.979420
v 5.134166 6.061168 3.994268
v 5.134166 6.050487 4.007283
v 5.134166 6.037471 4.017964
v 5.134166 6.022624 4.025900
v 5.134166 6.006512 4.030787
v 3.742254 6.102278 4.107776
v 3.751502 6.168435 4.034422
v 3.760882 6.188891 3.937815
v 3.768048 6.158115 3.843795
v 3.771195 6.084311 3.777603
v 3.769496 5.987295 3.757025
v 3.763317 5.893118 3.787540
v 3.754154 5.826975 3.860907
v 3.744345 5.806508 3.957503
v 3.736633 5.837242 4.051534
v 3.733389 5.911054 4.117744
v 3.735549 6.008099 4.138296
v 3.692281 6.106639 4.113381
v 3.691365 6.175779 4.036292
v 3.691711 6.197145 3.934951
v 3.693313 6.164982 3.836492
v 3.695806 6.087892 3.767325
v 3.698530 5.986552 3.746006
v 3.700706 5.888141 3.778231
v 3.701667 5.819014 3.855331
v 3.701097 5.797650 3.956661
v 3.699211 5.829792 4.055114
v 3.696669 5.906881 4.124287
v 3.694184 6.008229 4.145600
v 3.619754 6.103157 4.114723
v 3.613410 6.172083 4.037740
v 3.609048 6.193267 3.936476
v 3.607842 6.161001 3.838073
v 3.610122 6.083923 3.768930
v 3.615277 5.982711 3.747595
v 3.621921 5.884514 3.779773
v 3.628265 5.815650 3.856812
v 3.632610 5.794545 3.958051
v 3.633796 5.826827 4.056372
v 3.631515 5.903842 4.125460
v 3.626378 6.004976 4.146821
v 3.527614 6.096842 4.118732
v 3.518443 6.165570 4.041851
v 3.511693 6.186577 3.940688
v 3.509176 6.154217 3.842355
v 3.511570 6.077158 3.773220
v 3.518233 5.976064 3.751820
v 3.527375 5.878040 3.783881
v 3.536546 5.809353 3.860793
v 3.543288 5.788394 3.961936
v 3.545798 5.820759 4.060218
v 3.543405 5.897776 4.129322
v 3.536751 5.998823 4.150743
v 3.423071 6.088017 4.124784
v 3.412080 6.156589 4.047997
v 3.403912 6.177469 3.946913
v 3.400759 6.145051 3.848624
v 3.403465 6.068023 3.779479
v 3.411305 5.967036 3.758013
v 3.422177 5.869161 3.789968
v 3.433166 5.800622 3.866771
v 3.441328 5.779773 3.967835
v 3.444479 5.812188 4.066088
v 3.441775 5.889183 4.135216
v 3.433939 5.990140 4.156703
v 3.310297 6.077071 4.132236
v 3.298032 6.145518 4.055529
v 3.289006 6.166309 3.954500
v 3.285640 6.133868 3.856229
v 3.288836 6.056890 3.787057
v 3.297737 5.956010 3.765522
v 3.309956 5.858269 3.797385
v 3.322219 5.789851 3.874100
v 3.331240 5.769079 3.975108
v 3.334605 5.801512 4.073351
v 3.331411 5.878462 4.142516
v 3.322514 5.979321 4.164073
v 3.193260 6.064382 4.140453
v 3.180046 6.132725 4.063807
v 3.170545 6.153461 3.962810
v 3.167302 6.121030 3.864532
v 3.171188 6.044127 3.795317
v 3.181160 5.943367 3.773709
v 3.194545 5.845755 3.805489
v 3.207755 5.777440 3.882134
v 3.217254 5.756717 3.983108
v 3.220495 5.789133 4.081362
v 3.216612 5.866008 4.150578
v 3.206644 5.966755 4.172211
v 3.075804 6.050314 4.148797
v 3.061849 6.118568 4.072199
v 3.052183 6.139282 3.971211
v 3.049395 6.106902 3.872903
v 3.054232 6.030112 3.803624
v 3.065398 5.929499 3.781935
v 3.079899 5.832024 3.813636
v 3.093850 5.763799 3.890225
v 3.103513 5.743092 3.991183
v 3.106302 5.775450 4.089471
v 3.101469 5.852211 4.158759
v 3.090306 5.952816 4.180478
v 2.961643 6.035208 4.156636
v 2.947083 6.103385 4.080074
v 2.937560 6.124115 3.979071
v 2.935624 6.091842 3.880706
v 2.941796 6.015226 3.811342
v 2.954417 5.914811 3.789558
v 2.970107 5.817501 3.821179
v 2.984660 5.749358 3.897722
v 2.994180 5.728629 3.998685
v 2.996117 5.760867 4.097030
v 2.989952 5.837448 4.166413
v 2.977334 5.937863 4.188235
v 2.854264 6.019358 4.163340
v 2.839188 6.087464 4.086802
v 2.830191 6.108269 3.985758
v 2.829685 6.076199 3.887304
v 2.837804 5.999868 3.817829
v 2.852371 5.899746 3.795935
v 2.869480 5.802656 3.827470
v 2.884548 5.734595 3.903975
v 2.893540 5.713784 4.004961
v 2.894048 5.745801 4.103393
v 2.885938 5.822085 4.172902
v 2.871377 5.922215 4.194851
v 2.756665 6.002924 4.168270
v 2.741117 6.070962 4.091739
v 2.733240 6.091952 3.990623
v 2.735150 6.060277 3.892051
v 2.746335 5.984459 3.822443
v 2.763796 5.884838 3.800427
v 2.782849 5.788098 3.831871
v 2.798385 5.720127 3.908341
v 2.806244 5.699117 4.009367
v 2.804330 5.730703 4.107909
v 2.793157 5.806451 4.177578
v 2.775713 5.906094 4.199684
v 2.670635 5.985628 4.170718
v 2.654643 6.053640 4.094146
v 2.649013 6.075075 3.992895
v 2.655284 6.044230 3.894214
v 2.671880 5.969537 3.824557
v 2.694644 5.871155 3.802449
v 2.717736 5.775306 3.833712
v 2.734181 5.707368 3.910258
v 2.739034 5.685757 4.011476
v 2.731844 5.716259 4.110028
v 2.715016 5.790750 4.179769
v 2.692704 5.889357 4.202034
v 2.581999 5.960891 4.168462
v 2.562925 6.028129 4.091639
v 2.563706 6.051539 3.990461
v 2.584133 6.024863 3.892274
v 2.618775 5.955470 3.823510
v 2.658593 5.862248 3.802533
v 2.693194 5.770368 3.834741
v 2.712605 5.704029 3.911057
v 2.711070 5.680226 4.011329
v 2.689969 5.705901 4.109242
v 2.655226 5.774642 4.178457
v 2.615781 5.868024 4.200212
v 2.218456 5.755462 4.096273
v 2.192794 5.818883 4.018040
v 2.203048 5.847904 3.918777
v 2.246418 5.834710 3.825324
v 2.311107 5.782971 3.762885
v 2.379597 5.706808 3.748095
v 2.433555 5.626769 3.784540
v 2.458828 5.564069 3.862170
v 2.448876 5.535112 3.960464
v 2.406175 5.547662 4.053584
v 2.341851 5.598711 4.116620
v 2.273082 5.674798 4.132347
v 1.944711 5.423430 3.943948
v 1.914148 5.481165 3.863222
v 1.930487 5.517154 3.767196
v 1.989250 5.521704 3.681813
v 2.074464 5.493676 3.630001
v 2.163171 5.440694 3.625465
v 2.231714 5.376993 3.669220
v 2.261951 5.319590 3.749527
v 2.245892 5.283773 3.845016
v 2.187744 5.279060 3.930273
v 2.102865 5.306746 3.982508
v 2.013869 5.359559 3.987589
v 1.755623 5.005153 3.735457
v 1.723104 5.058623 3.652745
v 1.741756 5.099501 3.559264
v 1.806515 5.116786 3.480186
v 1.899884 5.105875 3.436718
v 1.996774 5.069758 3.440400
v 2.071293 5.018151 3.490132
v 2.103607 4.964863 3.572580
v 2.085126 4.924115 3.665745
v 2.020746 4.906775 3.744769
v 1.927584 4.917501 3.788502
v 1.830521 4.953490 3.785138
v 1.628388 4.519131 3.484411
v 1.595126 4.569753 3.400309
v 1.614576 4.613600 3.308433
v 1.681484 4.638891 3.233474
v 1.777837 4.638856 3.195525
v 1.877770 4.613545 3.204694
v 1.954545 4.569769 3.258452
v 1.987676 4.519252 3.342390
v 1.968329 4.475493 3.434073
v 1.901654 4.450185 3.509004
v 1.805433 4.450114 3.547117
v 1.705397 4.475337 3.538142
v 1.547119 3.980785 3.201835
v 1.513571 4.029462 3.116759
v 1.533275 4.075013 3.025821
v 1.600928 4.105211 2.953431
v 1.698348 4.111967 2.918993
v 1.799401 4.093492 2.931697
v 1.877032 4.054757 2.988094
v 1.910494 4.006142 3.073068
v 1.890850 3.960650 3.163886
v 1.823343 3.930449 3.236257
v 1.726009 3.923633 3.270797
v 1.624896 3.942049 3.258214
v 1.499518 3.406764 2.899040
v 1.465861 3.454039 2.813256
v 1.485627 3.500444 2.722795
v 1.553509 3.533530 2.651926
v 1.651285 3.544431 2.619641
v 1.752735 3.530238 2.634570
v 1.830688 3.494767 2.692685
v 1.864287 3.447526 2.778410
v 1.844551 3.401159 2.868796
v 1.776757 3.368078 2.939651
v 1.679039 3.357143 2.971995
v 1.577558 3.371299 2.957140
v 1.474604 2.814892 2.587840
v 1.440908 2.861099 2.501518
v 1.460673 2.907706 2.411186
v 1.528599 2.942217 2.341063
v 1.626470 2.955382 2.309944
v 1.728049 2.943677 2.326158
v 1.806121 2.910249 2.385345
v 1.839780 2.864055 2.471642
v 1.820022 2.817469 2.561934
v 1.752139 2.782966 2.632042
v 1.654304 2.769788 2.663186
v 1.552718 2.781470 2.647013
v 1.461888 2.223765 2.280418
v 1.428179 2.269112 2.193670
v 1.447921 2.315321 2.103150
v 1.515832 2.350009 2.033117
v 1.613713 2.363879 2.002343
v 1.715330 2.353212 2.019077
v 1.793450 2.320869 2.078830
v 1.827140 2.275519 2.165585
v 1.807381 2.229316 2.256094
v 1.739473 2.194636 2.326109
v 1.641611 2.180770 2.356875
v 1.540011 2.191432 2.340153
v 1.451105 1.652594 1.989240
v 1.417386 1.697201 1.902139
v 1.437090 1.742329 1.811089
v 1.504951 1.775891 1.740480
v 1.602803 1.788889 1.709240
v 1.704424 1.777833 1.725756
v 1.782570 1.745680 1.785609
v 1.816287 1.701051 1.872755
v 1.796539 1.655912 1.963824
v 1.728636 1.622363 2.034410
v 1.630787 1.609387 2.065605
v 1.529210 1.620454 2.049070
v 1.432191 1.121329 1.727082
v 1.398455 1.165248 1.639674
v 1.418053 1.208343 1.547652
v 1.485765 1.239076 1.475649
v 1.583484 1.249208 1.442970
v 1.685034 1.236006 1.458406
v 1.763175 1.202996 1.517844
v 1.796931 1.159029 1.605348
v 1.777248 1.115904 1.697433
v 1.709434 1.085188 1.769402
v 1.611697 1.075104 1.801985
v 1.510231 1.088336 1.786487
v 1.395558 0.651285 1.507195
v 1.361779 0.694502 1.419532
v 1.381022 0.733992 1.325868
v 1.448207 0.759169 1.251263
v 1.545389 0.763269 1.215747
v 1.646524 0.745182 1.228892
v 1.724479 0.709753 1.287210
v 1.758312 0.666477 1.375073
v 1.738922 0.626967 1.468887
v 1.671535 0.601827 1.543444
v 1.574299 0.597785 1.578763
v 1.473310 0.615894 1.565466
v 1.331691 0.258553 1.340515
v 1.299479 0.308762 1.256137
v 1.319109 0.349598 1.163346
v 1.385318 0.370091 1.086730
v 1.480495 0.364647 1.046726
v 1.579258 0.334769 1.054153
v 1.655209 0.288503 1.107181
v 1.687903 0.238209 1.191709
v 1.668412 0.197356 1.285048
v 1.601888 0.176931 1.362029
v 1.506257 0.182425 1.401882
v 1.407327 0.212322 1.393937
v 1.290777 0.149427 1.278518
v 1.266143 0.218790 1.205749
v 1.290628 0.271338 1.120291
v 1.357378 0.293191 1.044905
v 1.448664 0.278657 0.999369
v 1.540468 0.231460 0.995838
v 1.608250 0.164029 1.035590
v 1.633600 0.094416 1.108187
v 1.609499 0.041399 1.194140
v 1.542360 0.019319 1.270241
v 1.450299 0.034135 1.315932
v 1.358169 0.081805 1.318924
v 1.224939 0.063908 1.189641
v 1.212838 0.150206 1.133954
v 1.245759 0.214342 1.059988
v 1.314903 0.239391 0.987533
v 1.401916 0.218749 0.935910
v 1.483598 0.157794 0.918823
v 1.538069 0.072616 0.940877
v 1.550614 -0.014034 0.996336
v 1.517723 -0.078794 1.070435
v 1.448179 -0.104111 1.143246
v 1.360744 -0.083116 1.195113
v 1.279017 -0.021540 1.212071
v 1.138760 0.002972 1.082243
v 1.137859 0.097655 1.040624
v 1.178147 0.167373 0.975836
v 1.248863 0.193608 0.905221
v 1.331174 0.169383 0.847621
v 1.403101 0.101086 0.818388
v 1.445361 0.006858 0.825367
v 1.446533 -0.088108 0.866798
v 1.406206 -0.158262 0.931657
v 1.335189 -0.184651 1.002528
v 1.252614 -0.160147 1.060319
v 1.180717 -0.091413 1.089485
v 1.034962 -0.036949 0.961661
v 1.042596 0.061244 0.930026
v 1.088061 0.133134 0.871248
v 1.159206 0.159567 0.801057
v 1.237049 0.133484 0.738193
v 1.300784 0.061793 0.699449
v 1.333313 -0.036403 0.695224
v 1.325843 -0.134820 0.726725
v 1.280316 -0.207007 0.785563
v 1.208948 -0.233515 0.855947
v 1.130944 -0.207209 0.918946
v 1.067267 -0.135220 0.957631
v 0.916540 -0.059209 0.833560
v 0.930274 0.040234 0.808566
v 0.978888 0.112804 0.753194
v 1.049385 0.139129 0.682256
v 1.122937 0.112160 0.614704
v 1.179867 0.039056 0.568607
v 1.204893 -0.060670 0.556339
v 1.191252 -0.160304 0.581243
v 1.142563 -0.233079 0.636679
v 1.071899 -0.259422 0.707770
v 0.998255 -0.232265 0.775411
v 0.941399 -0.158954 0.821444
v 0.786719 -0.067176 0.703796
v 0.804629 0.032570 0.683004
v 0.854672 0.105270 0.629068
v 0.923473 0.131498 0.556412
v 0.992645 0.104215 0.484456
v 1.043666 0.030665 0.432461
v 1.062832 -0.069493 0.414388
v 1.044962 -0.169413 0.435127
v 0.994831 -0.242258 0.489139
v 0.925900 -0.268457 0.561925
v 0.856688 -0.241000 0.633934
v 0.805757 -0.167306 0.685853
v 0.648951 -0.064278 0.578328
v 0.669468 0.035430 0.559933
v 0.719359 0.108155 0.505877
v 0.785292 0.134449 0.430606
v 0.849640 0.107236 0.354247
v 0.895159 0.033745 0.297252
v 0.909613 -0.066366 0.274929
v 0.889094 -0.166246 0.293303
v 0.839100 -0.239070 0.347458
v 0.773064 -0.265290 0.422847
v 0.708717 -0.237905 0.499227
v 0.663303 -0.164316 0.556124
v 0.507009 -0.054001 0.463165
v 0.528694 0.045621 0.445743
v 0.576728 0.118490 0.390218
v 0.638284 0.145103 0.311418
v 0.696900 0.118284 0.230415
v 0.736853 0.045149 0.168917
v 0.747393 -0.054725 0.143454
v 0.725667 -0.154532 0.160891
v 0.677510 -0.227462 0.216549
v 0.615872 -0.253951 0.295466
v 0.557297 -0.226946 0.376455
v 0.517467 -0.153751 0.437820
v 0.365209 -0.039871 0.364301
v 0.386490 0.059772 0.346637
v 0.430504 0.133037 0.288385
v 0.485516 0.160304 0.205085
v 0.536807 0.134196 0.119007
v 0.570601 0.061627 0.053238
v 0.577790 -0.037965 0.025471
v 0.556424 -0.137824 0.043193
v 0.512259 -0.211115 0.101631
v 0.457182 -0.238191 0.185059
v 0.405976 -0.211866 0.271079
v 0.372332 -0.139273 0.336662
v 0.228779 -0.025398 0.287473
v 0.247611 0.074461 0.268508
v 0.284497 0.148456 0.206392
v 0.329628 0.176763 0.117668
v 0.370921 0.151689 0.026047
v 0.397259 0.079852 -0.043874
v 0.401520 -0.019496 -0.073257
v 0.382547 -0.119627 -0.054173
v 0.345471 -0.193612 0.008214
v 0.300291 -0.221633 0.097088
v 0.259139 -0.196288 0.188586
v 0.232991 -0.124463 0.258238
v 0.104252 -0.013875 0.237379
v 0.117667 0.086394 0.216407
v 0.142692 0.161424 0.149825
v 0.172701 0.191089 0.055315
v 0.199643 0.167282 -0.041871
v 0.216230 0.096252 -0.115599
v 0.217958 -0.002944 -0.145964
v 0.204355 -0.103577 -0.124765
v 0.179117 -0.178553 -0.057765
v 0.149080 -0.207797 0.036931
v 0.122321 -0.183625 0.133883
v 0.105950 -0.112653 0.207198
v 0.000114 -0.007896 0.216159
v 0.003845 0.092848 0.193465
v 0.009811 0.168805 0.123508
v 0.016485 0.199663 0.024869
v 0.022079 0.176990 -0.076179
v 0.025028 0.106623 -0.152472
v 0.024465 0.007413 -0.183292
v 0.020534 -0.093787 -0.160263
v 0.014359 -0.169653 -0.089749
v 0.007670 -0.199957 0.009109
v 0.002269 -0.176827 0.109816
v -0.000464 -0.106557 0.185555
v 6.906891 5.100684 3.186898
v 6.754282 5.015834 5.141099
vn 0.2840 -0.0940 0.9542
vn 0.2840 -0.2783 0.9175
vn 0.2840 -0.4520 0.8456
vn 0.2840 -0.6083 0.7412
vn 0.2840 -0.7412 0.6083
vn 0.2840 -0.8456 0.4520
vn 0.2840 -0.9175 0.2783
vn 0.2840 -0.9542 0.0940
vn 0.2840 -0.9542 -0.0940
vn 0.2840 -0.9175 -0.2783
vn 0.2840 -0.8456 -0.4520
vn 0.2840 -0.7412 -0.6083
vn 0.2840 -0.6083 -0.7412
vn 0.2840 -0.4520 -0.8456
vn 0.2840 -0.2783 -0.9175
vn 0.2840 -0.0940 -0.9542
vn 0.2840 0.0940 -0.9542
vn 0.2840 0.2783 -0.9175
vn 0.2840 0.4520 -0.8456
vn 0.2840 0.6083 -0.7412
vn 0.2840 0.7412 -0.6083
vn 0.2840 0.8456 -0.4520
vn 0.2840 0.9175 -0.2783
vn 0.2840 0.9542 -0.0940
vn 0.2840 0.9542 0.0940
vn 0.2840 0.9175 0.2783
vn 0.2840 0.8456 0.4520
vn 0.2840 0.7412 0.6083
vn 0.2840 0.6083 0.7412
vn 0.2840 0.4520 0.8456
vn 0.2840 0.2783 0.9175
vn 0.2840 0.0940 0.9542
vn -0.1368 -0.8736 0.4670
vn -0.1368 -0.2876 -0.9479
vn -0.1368 0.9858 -0.0971
vn -0.1368 -0.2876 0.9479
vn -0.1368 -0.8736 -0.4670
vn -0.1368 0.6284 -0.7657
vn -0.1368 0.6284 0.7657
vn -0.1368 -0.9479 0.2876
vn -0.1368 -0.0971 -0.9858
vn -0.1368 0.9858 0.0971
vn -0.1368 -0.4670 0.8736
vn -0.1368 -0.7657 -0.6284
vn -0.1368 0.7657 -0.6284
vn -0.1368 0.4670 0.8736
vn -0.1368 -0.9858 0.0971
vn -0.1368 0.0971 -0.9858
vn -0.1368 0.9479 0.2876
vn -0.1368 -0.6284 0.7658
vn -0.1368 -0.6284 -0.7658
vn -0.1368 0.8736 -0.4670
vn -0.1368 0.2876 0.9479
vn -0.1368 -0.9858 -0.0971
vn -0.1368 0.2876 -0.9479
vn -0.1368 0.8736 0.4670
vn -0.1368 -0.7657 0.6284
vn -0.1368 -0.4670 -0.8736
vn -0.1368 0.9479 -0.2876
vn -0.1368 -0.0971 0.9858
vn -0.1368 0.0971 0.9858
vn -0.1368 -0.9479 -0.2876
vn -0.1368 0.4670 -0.8736
vn -0.1368 0.7657 0.6284
vn 0.0550 0.9555 0.2898
vn 0.0550 -0.6334 0.7718
vn 0.0550 -0.6334 -0.7718
vn 0.0550 0.8806 -0.4707
vn 0.0550 0.2898 0.9555
vn 0.0550 -0.9937 -0.0979
vn 0.0550 0.2898 -0.9555
vn 0.0550 0.8806 0.4707
vn 0.0550 -0.7718 0.6334
vn 0.0550 -0.4707 -0.8806
vn 0.0550 0.9555 -0.2898
vn 0.0550 -0.0979 0.9937
vn 0.0550 0.0979 0.9937
vn 0.0550 -0.9555 -0.2898
vn 0.0550 0.4707 -0.8806
vn 0.0550 0.7718 0.6334
vn 0.0550 -0.8806 0.4707
vn 0.0550 -0.2898 -0.9555
vn 0.0550 0.9937 -0.0979
vn 0.0550 -0.2898 0.9555
vn 0.0550 -0.8806 -0.4707
vn 0.0550 0.6334 -0.7718
vn 0.0550 0.6334 0.7718
vn 0.0550 -0.9555 0.2898
vn 0.0550 -0.0979 -0.9937
vn 0.0550 0.9937 0.0979
vn 0.0550 -0.4707 0.8806
vn 0.0550 -0.7718 -0.6334
vn 0.0550 0.7718 -0.6334
vn 0.0550 0.4707 0.8806
vn 0.0550 -0.9937 0.0979
vn 0.0550 0.0979 -0.9937
vn 0.7406 0.3345 0.5828
vn 0.0635 0.5478 0.8342
vn 0.0911 0.0574 0.9942
vn 0.7571 0.0191 0.6530
vn 0.7325 0.5832 0.3512
vn 0.0439 0.8923 0.4494
vn 0.7347 0.6784 0.0107
vn 0.0364 0.9978 -0.0560
vn 0.7431 0.5778 -0.3375
vn 0.0401 0.8369 -0.5458
vn 0.7523 0.3066 -0.5831
vn 0.0521 0.4535 -0.8897
vn 0.7590 -0.0514 -0.6490
vn 0.0687 -0.0504 -0.9964
vn 0.7634 -0.3839 -0.5194
vn 0.0872 -0.5409 -0.8366
vn 0.7682 -0.5917 -0.2446
vn 0.1054 -0.8857 -0.4521
vn 0.7745 -0.6272 0.0820
vn 0.1203 -0.9913 0.0537
vn 0.7784 -0.5068 0.3705
vn 0.1260 -0.8298 0.5436
vn 0.7727 -0.2781 0.5706
vn 0.1157 -0.4463 0.8873
vn -0.0055 0.5488 0.8359
vn 0.0281 0.0576 0.9979
vn -0.0372 0.8923 0.4499
vn -0.0587 0.9967 -0.0560
vn -0.0644 0.8350 -0.5464
vn -0.0530 0.4509 -0.8910
vn -0.0275 -0.0536 -0.9982
vn 0.0053 -0.5443 -0.8389
vn 0.0371 -0.8899 -0.4547
vn 0.0592 -0.9969 0.0520
vn 0.0655 -0.8358 0.5452
vn 0.0541 -0.4495 0.8916
vn 0.0005 0.5484 0.8362
vn 0.0463 0.0582 0.9972
vn -0.0454 0.8913 0.4512
vn -0.0790 0.9954 -0.0542
vn -0.0914 0.8335 -0.5449
vn -0.0795 0.4490 -0.8900
vn -0.0463 -0.0555 -0.9974
vn -0.0007 -0.5456 -0.8381
vn 0.0451 -0.8898 -0.4541
vn 0.0790 -0.9955 0.0520
vn 0.0917 -0.8338 0.5444
vn 0.0797 -0.4479 0.8905
vn 0.0021 0.5482 0.8364
vn 0.0565 0.0588 0.9967
vn -0.0528 0.8904 0.4521
vn -0.0936 0.9942 -0.0529
vn -0.1093 0.8322 -0.5437
vn -0.0958 0.4476 -0.8891
vn -0.0567 -0.0567 -0.9968
vn -0.0024 -0.5461 -0.8377
vn 0.0526 -0.8894 -0.4540
vn 0.0935 -0.9943 0.0517
vn 0.1093 -0.8322 0.5437
vn 0.0958 -0.4466 0.8896
vn 0.0007 0.5478 0.8366
vn 0.0619 0.0592 0.9963
vn -0.0605 0.8895 0.4529
vn -0.1056 0.9931 -0.0518
vn -0.1224 0.8310 -0.5426
vn -0.1065 0.4467 -0.8883
vn -0.0620 -0.0573 -0.9964
vn -0.0010 -0.5462 -0.8376
vn 0.0604 -0.8888 -0.4542
vn 0.1056 -0.9931 0.0512
vn 0.1224 -0.8308 0.5430
vn 0.1064 -0.4455 0.8890
vn -0.0033 0.5472 0.8370
vn 0.0636 0.0594 0.9962
vn -0.0693 0.8884 0.4538
vn -0.1168 0.9919 -0.0508
vn -0.1330 0.8300 -0.5417
vn -0.1136 0.4460 -0.8878
vn -0.0638 -0.0576 -0.9963
vn 0.0031 -0.5459 -0.8378
vn 0.0692 -0.8880 -0.4546
vn 0.1168 -0.9919 0.0507
vn 0.1330 -0.8295 0.5424
vn 0.1135 -0.4446 0.8885
vn -0.0104 0.5463 0.8375
vn 0.0621 0.0593 0.9963
vn -0.0801 0.8870 0.4547
vn -0.1283 0.9905 -0.0497
vn -0.1423 0.8290 -0.5408
vn -0.1182 0.4456 -0.8874
vn -0.0624 -0.0573 -0.9964
vn 0.0101 -0.5451 -0.8383
vn 0.0799 -0.8868 -0.4552
vn 0.1283 -0.9905 0.0502
vn 0.1423 -0.8282 0.5420
vn 0.1180 -0.4439 0.8883
vn -0.0213 0.5449 0.8382
vn 0.0571 0.0588 0.9966
vn -0.0940 0.8851 0.4558
vn -0.1415 0.9887 -0.0485
vn -0.1513 0.8280 -0.5399
vn -0.1205 0.4456 -0.8871
vn -0.0575 -0.0565 -0.9967
vn 0.0210 -0.5437 -0.8390
vn 0.0939 -0.8850 -0.4560
vn 0.1416 -0.9887 0.0496
vn 0.1512 -0.8268 0.5417
vn 0.1203 -0.4433 0.8883
vn -0.0383 0.5425 0.8392
vn 0.0472 0.0578 0.9972
vn -0.1135 0.8821 0.4572
vn -0.1584 0.9863 -0.0469
vn -0.1610 0.8269 -0.5388
vn -0.1206 0.4461 -0.8868
vn -0.0478 -0.0546 -0.9974
vn 0.0377 -0.5411 -0.8401
vn 0.1132 -0.8822 -0.4570
vn 0.1583 -0.9862 0.0491
vn 0.1608 -0.8251 0.5417
vn 0.1201 -0.4428 0.8886
vn -0.0662 0.5379 0.8404
vn 0.0290 0.0555 0.9980
vn -0.1437 0.8768 0.4589
vn -0.1828 0.9821 -0.0449
vn -0.1732 0.8255 -0.5372
vn -0.1176 0.4477 -0.8864
vn -0.0306 -0.0509 -0.9982
vn 0.0645 -0.5363 -0.8416
vn 0.1424 -0.8774 -0.4581
vn 0.1821 -0.9821 0.0487
vn 0.1726 -0.8224 0.5420
vn 0.1165 -0.4423 0.8893
vn -0.1258 0.5271 0.8404
vn -0.0106 0.0510 0.9986
vn -0.2069 0.8630 0.4609
vn -0.2320 0.9719 -0.0405
vn -0.1955 0.8231 -0.5332
vn -0.1106 0.4510 -0.8856
vn -0.0098 -0.0495 -0.9987
vn 0.0714 -0.5397 -0.8388
vn 0.1373 -0.8781 -0.4583
vn 0.1883 -0.9811 0.0441
vn 0.1825 -0.8209 0.5411
vn 0.1053 -0.4421 0.8908
vn -0.2885 0.4804 0.8283
vn -0.1187 0.0297 0.9925
vn -0.3828 0.8058 0.4517
vn -0.3777 0.9250 -0.0408
vn -0.2745 0.8055 -0.5252
vn -0.1022 0.4719 -0.8757
vn 0.0848 0.0038 -0.9964
vn 0.2273 -0.4797 -0.8475
vn 0.3104 -0.8352 -0.4540
vn 0.3304 -0.9413 0.0688
vn 0.2497 -0.7884 0.5622
vn 0.0808 -0.4330 0.8977
vn -0.5423 0.3310 0.7722
vn -0.2811 -0.0604 0.9578
vn -0.6647 0.6370 0.3905
vn -0.6180 0.7809 -0.0907
vn -0.4130 0.7256 -0.5504
vn -0.0987 0.4813 -0.8710
vn 0.2468 0.1050 -0.9634
vn 0.5302 -0.3073 -0.7902
vn 0.6656 -0.6373 -0.3884
vn 0.6088 -0.7834 0.1251
vn 0.3815 -0.7066 0.5960
vn 0.0551 -0.4393 0.8966
vn -0.7212 0.1249 0.6814
vn -0.3870 -0.1907 0.9021
vn -0.8677 0.4065 0.2861
vn -0.7913 0.5834 -0.1831
vn -0.5091 0.6098 -0.6074
vn -0.0892 0.4760 -0.8749
vn 0.3601 0.2140 -0.9080
vn 0.7148 -0.1073 -0.6911
vn 0.8721 -0.3999 -0.2818
vn 0.7864 -0.5826 0.2052
vn 0.4837 -0.6036 0.6338
vn 0.0527 -0.4583 0.8872
vn -0.7923 -0.0281 0.6095
vn -0.4251 -0.2852 0.8590
vn -0.9508 0.2355 0.2012
vn -0.8609 0.4374 -0.2598
vn -0.5444 0.5250 -0.6542
vn -0.0813 0.4740 -0.8768
vn 0.4066 0.2957 -0.8644
vn 0.7864 0.0367 -0.6166
vn 0.9518 -0.2330 -0.1995
vn 0.8562 -0.4392 0.2721
vn 0.5271 -0.5250 0.6682
vn 0.0571 -0.4678 0.8820
vn -0.8175 -0.1244 0.5623
vn -0.4370 -0.3430 0.8315
vn -0.9813 0.1267 0.1450
vn -0.8860 0.3442 -0.3106
vn -0.5560 0.4710 -0.6848
vn -0.0767 0.4729 -0.8778
vn 0.4250 0.3480 -0.8356
vn 0.8133 0.1288 -0.5673
vn 0.9815 -0.1258 -0.1446
vn 0.8828 -0.3462 0.3174
vn 0.5450 -0.4725 0.6926
vn 0.0613 -0.4708 0.8801
vn -0.8262 -0.1837 0.5326
vn -0.4402 -0.3773 0.8148
vn -0.9923 0.0585 0.1092
vn -0.8949 0.2851 -0.3432
vn -0.5595 0.4362 -0.7048
vn -0.0740 0.4711 -0.8790
vn 0.4324 0.3799 -0.8177
vn 0.8234 0.1862 -0.5361
vn 0.9923 -0.0581 -0.1093
vn 0.8930 -0.2866 0.3471
vn 0.5526 -0.4376 0.7093
vn 0.0643 -0.4705 0.8800
vn -0.8289 -0.2192 0.5146
vn -0.4404 -0.3967 0.8054
vn -0.9961 0.0165 0.0869
vn -0.8978 0.2478 -0.3640
vn -0.5601 0.4131 -0.7181
vn -0.0723 0.4683 -0.8806
vn 0.4355 0.3980 -0.8074
vn 0.8270 0.2208 -0.5171
vn 0.9960 -0.0161 -0.0874
vn 0.8968 -0.2486 0.3660
vn 0.5562 -0.4141 0.7205
vn 0.0665 -0.4682 0.8811
vn -0.8294 -0.2379 0.5054
vn -0.4397 -0.4052 0.8016
vn -0.9972 -0.0072 0.0743
vn -0.8985 0.2255 -0.3766
vn -0.5597 0.3979 -0.7269
vn -0.0710 0.4640 -0.8830
vn 0.4370 0.4059 -0.8027
vn 0.8282 0.2389 -0.5071
vn 0.9971 0.0076 -0.0751
vn 0.8982 -0.2257 0.3771
vn 0.5580 -0.3984 0.7280
vn 0.0681 -0.4640 0.8832
vn -0.8293 -0.2425 0.5035
vn -0.4387 -0.4044 0.8025
vn -0.9975 -0.0157 0.0696
vn -0.8984 0.2152 -0.3828
vn -0.5589 0.3885 -0.7326
vn -0.0699 0.4578 -0.8863
vn 0.4379 0.4045 -0.8029
vn 0.8285 0.2430 -0.5045
vn 0.9974 0.0163 -0.0708
vn 0.8989 -0.2148 0.3819
vn 0.5593 -0.3884 0.7324
vn 0.0696 -0.4578 0.8863
vn -0.8288 -0.2327 0.5089
vn -0.4375 -0.3936 0.8085
vn -0.9973 -0.0092 0.0726
vn -0.8980 0.2166 -0.3831
vn -0.5579 0.3842 -0.7356
vn -0.0686 0.4488 -0.8910
vn 0.4386 0.3933 -0.8080
vn 0.8286 0.2327 -0.5092
vn 0.9972 0.0100 -0.0744
vn 0.8993 -0.2155 0.3806
vn 0.5606 -0.3834 0.7340
vn 0.0713 -0.4487 0.8908
vn -0.8273 -0.2045 0.5233
vn -0.4352 -0.3697 0.8209
vn -0.9963 0.0160 0.0844
vn -0.8967 0.2321 -0.3768
vn -0.5562 0.3854 -0.7363
vn -0.0672 0.4352 -0.8978
vn 0.4389 0.3686 -0.8194
vn 0.8277 0.2039 -0.5229
vn 0.9961 -0.0150 -0.0872
vn 0.8993 -0.2301 0.3720
vn 0.5622 -0.3840 0.7325
vn 0.0738 -0.4353 0.8972
vn -0.8216 -0.1468 0.5508
vn -0.4282 -0.3247 0.8433
vn -0.9916 0.0706 0.1082
vn -0.8925 0.2682 -0.3626
vn -0.5534 0.3933 -0.7342
vn -0.0671 0.4129 -0.9083
vn 0.4363 0.3222 -0.8401
vn 0.8230 0.1456 -0.5491
vn 0.9911 -0.0698 -0.1132
vn 0.8969 -0.2668 0.3526
vn 0.5646 -0.3931 0.7257
vn 0.0801 -0.4147 0.9064
vn -0.7999 -0.0827 0.5944
vn -0.4151 -0.3144 0.8537
vn -0.9709 0.1704 0.1685
vn -0.8751 0.3735 -0.3077
vn -0.5381 0.4733 -0.6975
vn -0.0545 0.4464 -0.8932
vn 0.4421 0.2985 -0.8458
vn 0.8165 0.0680 -0.5733
vn 0.9714 -0.1822 -0.1524
vn 0.8710 -0.3848 0.3055
vn 0.5444 -0.4868 0.6831
vn 0.0759 -0.4616 0.8838
vn -0.7816 -0.0537 0.6215
vn -0.4399 -0.3864 0.8107
vn -0.9181 0.2959 0.2636
vn -0.8049 0.5677 -0.1728
vn -0.4625 0.6821 -0.5664
vn 0.0121 0.6031 -0.7976
vn 0.4771 0.3576 -0.8028
vn 0.8059 0.0185 -0.5918
vn 0.9185 -0.3228 -0.2282
vn 0.7925 -0.5789 0.1918
vn 0.4631 -0.6858 0.5615
vn 0.0143 -0.6162 0.7875
vn -0.7757 -0.0388 0.6299
vn -0.4980 -0.4608 0.7346
vn -0.8446 0.3997 0.3562
vn -0.6796 0.7334 -0.0151
vn -0.3257 0.8642 -0.3834
vn 0.1165 0.7535 -0.6471
vn 0.5248 0.4360 -0.7311
vn 0.7894 0.0050 -0.6138
vn 0.8435 -0.4218 -0.3325
vn 0.6776 -0.7346 0.0343
vn 0.3370 -0.8566 0.3908
vn -0.0912 -0.7576 0.6463
vn -0.7632 -0.0230 0.6457
vn -0.5476 -0.4920 0.6768
vn -0.7728 0.4561 0.4413
vn -0.5702 0.8132 0.1165
vn -0.2107 0.9473 -0.2411
vn 0.2054 0.8208 -0.5331
vn 0.5640 0.4708 -0.6784
vn 0.7696 -0.0035 -0.6386
vn 0.7701 -0.4731 -0.4279
vn 0.5688 -0.8157 -0.1054
vn 0.2194 -0.9447 0.2437
vn -0.1879 -0.8274 0.5293
vn -0.7446 -0.0110 0.6675
vn -0.5787 -0.5009 0.6435
vn -0.7095 0.4844 0.5119
vn -0.4808 0.8496 0.2170
vn -0.1208 0.9831 -0.1376
vn 0.2713 0.8484 -0.4545
vn 0.5887 0.4843 -0.6472
vn 0.7471 -0.0082 -0.6647
vn 0.7066 -0.4961 -0.5046
vn 0.4799 -0.8514 -0.2117
vn 0.1274 -0.9824 0.1364
vn -0.2593 -0.8551 0.4489
vn -0.7205 -0.0032 0.6935
vn -0.5930 -0.5016 0.6299
vn -0.6536 0.4977 0.5702
vn -0.4090 0.8645 0.2922
vn -0.0533 0.9964 -0.0654
vn 0.3161 0.8580 -0.4049
vn 0.5993 0.4885 -0.6342
vn 0.7212 -0.0105 -0.6926
vn 0.6512 -0.5050 -0.5664
vn 0.4092 -0.8650 -0.2905
vn 0.0591 -0.9963 0.0620
vn -0.3073 -0.8642 0.3985
vn -0.6903 0.0009 0.7235
vn -0.5926 -0.5003 0.6313
vn -0.6015 0.5030 0.6206
vn -0.3496 0.8693 0.3494
vn -0.0031 0.9999 -0.0163
vn 0.3435 0.8601 -0.3771
vn 0.5969 0.4896 -0.6356
vn 0.6902 -0.0106 -0.7235
vn 0.6001 -0.5069 -0.6188
vn 0.3511 -0.8684 -0.3502
vn 0.0090 -0.9999 0.0112
vn -0.3363 -0.8659 0.3703
vn -0.6519 0.0019 0.7583
vn -0.5782 -0.4997 0.6450
vn -0.5493 0.5037 0.6667
vn -0.2978 0.8693 0.3946
vn 0.0338 0.9993 0.0159
vn 0.3555 0.8599 -0.3663
vn 0.5811 0.4906 -0.6493
vn 0.6514 -0.0085 -0.7587
vn 0.5488 -0.5046 -0.6664
vn 0.3008 -0.8669 -0.3975
vn -0.0274 -0.9994 -0.0228
vn -0.3491 -0.8657 0.3586
vn -0.6014 -0.0003 0.7989
vn -0.5476 -0.5014 0.6699
vn -0.4922 0.5014 0.7116
vn -0.2496 0.8669 0.4314
vn 0.0597 0.9976 0.0351
vn 0.3520 0.8599 -0.3696
vn 0.5494 0.4931 -0.6745
vn 0.6005 -0.0038 -0.7996
vn 0.4927 -0.4993 -0.7127
vn 0.2542 -0.8628 -0.4369
vn -0.0524 -0.9976 -0.0446
vn -0.3460 -0.8662 0.3606
vn -0.5324 -0.0056 0.8465
vn -0.4955 -0.5062 0.7059
vn -0.4243 0.4967 0.7571
vn -0.2013 0.8636 0.4623
vn 0.0751 0.9962 0.0433
vn 0.3299 0.8615 -0.3860
vn 0.4960 0.4982 -0.7111
vn 0.5307 0.0040 -0.8475
vn 0.4255 -0.4912 -0.7601
vn 0.2075 -0.8571 -0.4715
vn -0.0667 -0.9962 -0.0567
vn -0.3243 -0.8687 0.3745
vn -0.4341 -0.0142 0.9008
vn -0.4120 -0.5148 0.7518
vn -0.3370 0.4902 0.8038
vn -0.1487 0.8600 0.4881
vn 0.0779 0.9961 0.0415
vn 0.2818 0.8655 -0.4142
vn 0.4100 0.5066 -0.7585
vn 0.4305 0.0154 -0.9025
vn 0.3381 -0.4800 -0.8095
vn 0.1562 -0.8502 -0.5028
vn -0.0688 -0.9957 -0.0612
vn -0.2774 -0.8742 0.3986
vn -0.2885 -0.0250 0.9572
vn -0.2793 -0.5269 0.8027
vn -0.2172 0.4834 0.8481
vn -0.0876 0.8574 0.5072
vn 0.0630 0.9975 0.0312
vn 0.1945 0.8716 -0.4500
vn 0.2739 0.5176 -0.8106
vn 0.2821 0.0296 -0.9589
vn 0.2171 -0.4666 -0.8574
vn 0.0946 -0.8424 -0.5305
vn -0.0551 -0.9966 -0.0607
vn -0.1926 -0.8828 0.4284
vn -0.7827 -0.0018 0.6224
vn -0.7812 -0.3486 0.5179
vn -0.7490 0.3568 0.5583
vn -0.6878 0.6485 0.3262
vn -0.6143 0.7884 -0.0330
vn -0.5483 0.7192 -0.4268
vn -0.5086 0.4472 -0.7358
vn -0.5068 0.0495 -0.8606
vn -0.5434 -0.3520 -0.7621
vn -0.6078 -0.6358 -0.4758
vn -0.6816 -0.7253 -0.0964
vn -0.7447 -0.6132 0.2635
vn -0.2849 0.0939 -0.9539
vn -0.2849 0.2783 -0.9173
vn -0.2849 0.4519 -0.8454
vn -0.2849 0.6081 -0.7410
vn -0.2849 0.7410 -0.6081
vn -0.2849 0.8454 -0.4519
vn -0.2849 0.9173 -0.2783
vn -0.2849 0.9539 -0.0939
vn -0.2849 0.9539 0.0939
vn -0.2849 0.9173 0.2783
vn -0.2849 0.8454 0.4519
vn -0.2849 0.7410 0.6081
vn -0.2849 0.6081 0.7410
vn -0.2849 0.4519 0.8454
vn -0.2849 0.2783 0.9173
vn -0.2849 0.0940 0.9539
vn -0.2849 -0.0940 0.9539
vn -0.2849 -0.2783 0.9173
vn -0.2849 -0.4519 0.8454
vn -0.2849 -0.6081 0.7410
vn -0.2849 -0.7410 0.6081
vn -0.2849 -0.8454 0.4519
vn -0.2849 -0.9173 0.2783
vn -0.2849 -0.9539 0.0940
vn -0.2849 -0.9539 -0.0940
vn -0.2849 -0.9173 -0.2783
vn -0.2849 -0.8454 -0.4519
vn -0.2849 -0.7410 -0.6081
vn -0.2849 -0.6081 -0.7410
vn -0.2849 -0.4519 -0.8454
vn -0.2849 -0.2783 -0.9173
vn -0.2849 -0.0939 -0.9539
vn 0.1382 0.8735 -0.4669
vn 0.1382 0.2875 0.9478
vn 0.1382 -0.9856 0.0971
vn 0.1382 0.2875 -0.9478
vn 0.1382 0.8735 0.4669
vn 0.1382 -0.6283 0.7656
vn 0.1382 -0.6283 -0.7656
vn 0.1382 0.9478 -0.2875
vn 0.1382 0.0971 0.9856
vn 0.1382 -0.9856 -0.0971
vn 0.1382 0.4669 -0.8735
vn 0.1382 0.7656 0.6283
vn 0.1382 -0.7656 0.6283
vn 0.1382 -0.4669 -0.8735
vn 0.1382 0.9856 -0.0971
vn 0.1382 -0.0971 0.9856
vn 0.1382 -0.9478 -0.2875
vn 0.1382 0.6283 -0.7656
vn 0.1382 0.6283 0.7656
vn 0.1382 -0.8735 0.4669
vn 0.1382 -0.2875 -0.9478
vn 0.1382 0.9856 0.0971
vn 0.1382 -0.2875 0.9478
vn 0.1382 -0.8735 -0.4669
vn 0.1382 0.7656 -0.6283
vn 0.1382 0.4669 0.8735
vn 0.1382 -0.9478 0.2875
vn 0.1382 0.0971 -0.9856
vn 0.1382 -0.0971 -0.9856
vn 0.1382 0.9478 0.2875
vn 0.1382 -0.4669 0.8735
vn 0.1382 -0.7656 -0.6283
vn -0.0554 -0.9555 -0.2898
vn -0.0554 0.6334 -0.7718
vn -0.0554 0.6334 0.7718
vn -0.0554 -0.8806 0.4707
vn -0.0554 -0.2898 -0.9555
vn -0.0554 0.9937 0.0978
vn -0.0554 -0.2898 0.9555
vn -0.0554 -0.8806 -0.4707
vn -0.0554 0.7718 -0.6334
vn -0.0554 0.4706 0.8806
vn -0.0554 -0.9555 0.2898
vn -0.0554 0.0979 -0.9937
vn -0.0554 -0.0979 -0.9937
vn -0.0554 0.9555 0.2898
vn -0.0554 -0.4707 0.8806
vn -0.0554 -0.7718 -0.6334
vn -0.0554 0.8806 -0.4707
vn -0.0554 0.2898 0.9555
vn -0.0554 -0.9937 0.0979
vn -0.0554 0.2898 -0.9555
vn -0.0554 0.8806 0.4707
vn -0.0554 -0.6334 0.7718
vn -0.0554 -0.6334 -0.7718
vn -0.0554 0.9555 -0.2898
vn -0.0554 0.0979 0.9937
vn -0.0554 -0.9937 -0.0979
vn -0.0554 0.4707 -0.8806
vn -0.0554 0.7718 0.6334
vn -0.0554 -0.7718 0.6334
vn -0.0554 -0.4707 -0.8806
vn -0.0554 0.9937 -0.0978
vn -0.0554 -0.0979 0.9937
vn 0.6592 -0.4540 -0.5994
vn 0.6347 -0.0695 -0.7696
vn -0.0915 -0.0570 -0.9942
vn -0.0637 -0.5473 -0.8345
vn 0.6739 -0.6856 -0.2752
vn -0.0440 -0.8920 -0.4499
vn 0.6778 -0.7286 0.0986
vn -0.0365 -0.9978 0.0555
vn 0.6741 -0.5978 0.4338
vn -0.0403 -0.8371 0.5456
vn 0.6660 -0.3334 0.6673
vn -0.0522 -0.4534 0.8898
vn 0.6553 0.0119 0.7553
vn -0.0689 0.0509 0.9963
vn 0.6426 0.3721 0.6698
vn -0.0873 0.5414 0.8362
vn 0.6278 0.6629 0.4080
vn -0.1055 0.8860 0.4515
vn 0.6124 0.7905 0.0137
vn -0.1207 0.9912 -0.0542
vn 0.6034 0.6861 -0.4064
vn -0.1266 0.8296 -0.5438
vn 0.6113 0.3614 -0.7041
vn -0.1163 0.4464 -0.8872
vn -0.0275 -0.0573 -0.9980
vn 0.0060 -0.5485 -0.8361
vn 0.0378 -0.8921 -0.4502
vn 0.0593 -0.9967 0.0557
vn 0.0651 -0.8351 0.5463
vn 0.0537 -0.4508 0.8910
vn 0.0282 0.0539 0.9981
vn -0.0048 0.5447 0.8386
vn -0.0365 0.8901 0.4543
vn -0.0586 0.9969 -0.0523
vn -0.0649 0.8357 -0.5453
vn -0.0535 0.4497 -0.8916
vn -0.0463 -0.0580 -0.9972
vn -0.0005 -0.5482 -0.8363
vn 0.0454 -0.8912 -0.4514
vn 0.0790 -0.9954 0.0541
vn 0.0914 -0.8335 0.5449
vn 0.0795 -0.4489 0.8900
vn 0.0463 0.0557 0.9974
vn 0.0007 0.5458 0.8379
vn -0.0452 0.8899 0.4539
vn -0.0790 0.9955 -0.0522
vn -0.0916 0.8338 -0.5445
vn -0.0797 0.4480 -0.8905
vn -0.0565 -0.0587 -0.9967
vn -0.0021 -0.5480 -0.8365
vn 0.0528 -0.8903 -0.4523
vn 0.0935 -0.9942 0.0528
vn 0.0958 -0.4476 0.8891
vn 0.0566 0.0568 0.9968
vn 0.0023 0.5463 0.8376
vn -0.0526 0.8895 0.4539
vn -0.0935 0.9943 -0.0518
vn -0.0958 0.4466 -0.8896
vn -0.0619 -0.0591 -0.9963
vn -0.0007 -0.5477 -0.8367
vn 0.0605 -0.8894 -0.4530
vn 0.1056 -0.9931 0.0518
vn 0.1224 -0.8310 0.5426
vn 0.1065 -0.4466 0.8884
vn 0.0620 0.0575 0.9964
vn 0.0010 0.5463 0.8376
vn -0.0604 0.8889 0.4541
vn -0.1056 0.9931 -0.0513
vn -0.1224 0.8308 -0.5430
vn -0.1064 0.4456 -0.8889
vn -0.0636 -0.0593 -0.9962
vn 0.0033 -0.5471 -0.8370
vn 0.0693 -0.8884 -0.4538
vn 0.1330 -0.8300 0.5418
vn 0.1136 -0.4459 0.8878
vn 0.0638 0.0577 0.9963
vn -0.0031 0.5460 0.8378
vn -0.0692 0.8880 0.4545
vn -0.1168 0.9919 -0.0507
vn -0.1330 0.8295 -0.5424
vn -0.1135 0.4447 -0.8885
vn -0.0621 -0.0591 -0.9963
vn 0.0103 -0.5462 -0.8376
vn 0.0800 -0.8870 -0.4547
vn 0.1283 -0.9905 0.0497
vn 0.1423 -0.8290 0.5409
vn 0.1182 -0.4455 0.8874
vn 0.0624 0.0574 0.9964
vn -0.0101 0.5452 0.8382
vn -0.0800 0.8868 0.4551
vn -0.1283 0.9905 -0.0501
vn -0.1423 0.8283 -0.5419
vn -0.1180 0.4440 -0.8882
vn -0.0571 -0.0587 -0.9966
vn 0.0213 -0.5448 -0.8383
vn 0.0940 -0.8851 -0.4558
vn 0.1416 -0.9887 0.0485
vn 0.1513 -0.8280 0.5400
vn 0.1205 -0.4455 0.8872
vn 0.0574 0.0566 0.9967
vn -0.0210 0.5437 0.8390
vn -0.0939 0.8850 0.4560
vn -0.1416 0.9887 -0.0495
vn -0.1512 0.8269 -0.5416
vn -0.1203 0.4434 -0.8882
vn -0.0472 -0.0575 -0.9972
vn 0.0383 -0.5424 -0.8393
vn 0.1135 -0.8821 -0.4572
vn 0.1584 -0.9862 0.0471
vn 0.1610 -0.8268 0.5390
vn 0.1205 -0.4459 0.8869
vn 0.0478 0.0548 0.9974
vn -0.0378 0.5412 0.8401
vn -0.1133 0.8822 0.4570
vn -0.1583 0.9862 -0.0489
vn -0.1608 0.8252 -0.5414
vn -0.1201 0.4430 -0.8884
vn -0.0291 -0.0552 -0.9981
vn 0.0661 -0.5378 -0.8405
vn 0.1437 -0.8768 -0.4589
vn 0.1828 -0.9821 0.0452
vn 0.1732 -0.8253 0.5375
vn 0.1174 -0.4473 0.8866
vn 0.0304 0.0512 0.9982
vn -0.0645 0.5365 0.8414
vn -0.1423 0.8774 0.4582
vn -0.1821 0.9821 -0.0484
vn -0.1728 0.8226 -0.5417
vn -0.1167 0.4427 -0.8891
vn 0.0098 -0.0501 -0.9987
vn 0.1247 -0.5269 -0.8407
vn 0.2057 -0.8634 -0.4607
vn 0.2311 -0.9721 0.0414
vn 0.1950 -0.8226 0.5341
vn 0.1103 -0.4506 0.8859
vn 0.0076 0.0478 0.9988
vn -0.0811 0.5354 0.8407
vn -0.1511 0.8757 0.4586
vn -0.1958 0.9796 -0.0460
vn -0.1838 0.8204 -0.5414
vn -0.1056 0.4427 -0.8904
vn 0.1172 -0.0275 -0.9927
vn 0.2870 -0.4798 -0.8291
vn 0.3815 -0.8065 -0.4517
vn 0.3765 -0.9254 0.0424
vn 0.2733 -0.8043 0.5276
vn 0.1006 -0.4687 0.8776
vn -0.0887 0.0001 0.9961
vn -0.2377 0.4806 0.8441
vn -0.3238 0.8302 0.4537
vn -0.3377 0.9391 -0.0645
vn -0.2522 0.7901 -0.5587
vn -0.0823 0.4360 -0.8962
vn 0.2793 0.0627 -0.9582
vn 0.5417 -0.3300 -0.7731
vn 0.6647 -0.6370 -0.3904
vn 0.6175 -0.7811 0.0923
vn 0.4113 -0.7247 0.5529
vn 0.0961 -0.4788 0.8727
vn -0.2490 -0.1019 0.9631
vn -0.5308 0.3092 0.7891
vn -0.6652 0.6376 0.3886
vn -0.6093 0.7834 -0.1226
vn -0.3836 0.7080 -0.5929
vn -0.0577 0.4419 -0.8952
vn 0.3852 0.1923 -0.9026
vn 0.7207 -0.1238 -0.6821
vn 0.8679 -0.4062 -0.2859
vn 0.7909 -0.5834 0.1845
vn 0.5074 -0.6094 0.6093
vn 0.0866 -0.4747 0.8759
vn -0.3621 -0.2122 0.9077
vn -0.7152 0.1087 0.6904
vn -0.8718 0.4005 0.2822
vn -0.7868 0.5828 -0.2035
vn -0.4856 0.6041 -0.6318
vn -0.0553 0.4597 -0.8864
vn 0.4238 0.2860 -0.8594
vn 0.7918 0.0287 -0.6101
vn 0.9509 -0.2354 -0.2011
vn 0.8606 -0.4376 0.2607
vn 0.5431 -0.5250 0.6552
vn 0.0796 -0.4735 0.8772
vn -0.4080 -0.2949 0.8640
vn -0.7869 -0.0361 0.6161
vn -0.9517 0.2332 0.1996
vn -0.8566 0.4391 -0.2711
vn -0.5284 0.5250 -0.6672
vn -0.0589 0.4683 -0.8816
vn 0.4361 0.3433 -0.8318
vn 0.8172 0.1247 -0.5627
vn 0.9813 -0.1266 -0.1450
vn 0.8858 -0.3444 0.3111
vn 0.5552 -0.4711 0.6854
vn 0.0755 -0.4727 0.8780
vn -0.4259 -0.3476 0.8353
vn -0.8137 -0.1284 0.5670
vn -0.9815 0.1259 0.1446
vn -0.8830 0.3461 -0.3169
vn -0.5458 0.4724 -0.6921
vn -0.0624 0.4710 -0.8799
vn 0.4396 0.3775 -0.8150
vn 0.8260 0.1838 -0.5328
vn 0.9923 -0.0585 -0.1092
vn 0.8948 -0.2853 0.3435
vn 0.5590 -0.4363 0.7051
vn 0.0733 -0.4711 0.8790
vn -0.4330 -0.3797 0.8175
vn -0.8236 -0.1860 0.5358
vn -0.9923 0.0581 0.1093
vn -0.8931 0.2865 -0.3468
vn -0.5531 0.4375 -0.7090
vn -0.0650 0.4706 -0.8800
vn 0.4400 0.3968 -0.8056
vn 0.8288 0.2193 -0.5148
vn 0.9961 -0.0165 -0.0869
vn 0.8978 -0.2478 0.3641
vn 0.5598 -0.4132 0.7182
vn 0.0719 -0.4683 0.8807
vn -0.4359 -0.3979 0.8073
vn -0.8271 -0.2207 0.5169
vn -0.9960 0.0161 0.0873
vn -0.8969 0.2486 -0.3658
vn -0.5564 0.4141 -0.7204
vn -0.0669 0.4682 -0.8811
vn 0.4395 0.4052 -0.8017
vn 0.8293 0.2380 -0.5055
vn 0.9972 0.0072 -0.0743
vn 0.8985 -0.2255 0.3766
vn 0.5596 -0.3979 0.7270
vn 0.0708 -0.4640 0.8830
vn -0.4372 -0.4058 0.8026
vn -0.8282 -0.2388 0.5069
vn -0.9972 -0.0076 0.0750
vn -0.8983 0.2257 -0.3771
vn -0.5581 0.3983 -0.7279
vn -0.0683 0.4640 -0.8832
vn 0.4387 0.4044 -0.8025
vn 0.8292 0.2425 -0.5036
vn 0.9974 0.0158 -0.0697
vn 0.8985 -0.2152 0.3827
vn 0.5590 -0.3885 0.7326
vn 0.0699 -0.4578 0.8863
vn -0.4380 -0.4045 0.8028
vn -0.8286 -0.2430 0.5044
vn -0.9974 -0.0163 0.0707
vn -0.8988 0.2148 -0.3820
vn -0.5593 0.3884 -0.7324
vn -0.0696 0.4578 -0.8863
vn 0.4376 0.3936 -0.8085
vn 0.8288 0.2327 -0.5089
vn 0.9973 0.0093 -0.0727
vn 0.8981 -0.2165 0.3829
vn 0.5581 -0.3841 0.7355
vn 0.0688 -0.4488 0.8910
vn -0.4385 -0.3933 0.8081
vn -0.8286 -0.2327 0.5092
vn -0.9972 -0.0100 0.0742
vn -0.8992 0.2155 -0.3808
vn -0.5604 0.3835 -0.7341
vn -0.0711 0.4487 -0.8908
vn 0.4355 0.3696 -0.8208
vn 0.8273 0.2044 -0.5232
vn 0.9963 -0.0160 -0.0847
vn 0.8969 -0.2319 0.3765
vn 0.5566 -0.3853 0.7360
vn 0.0677 -0.4352 0.8978
vn -0.4387 -0.3687 0.8195
vn -0.8276 -0.2039 0.5229
vn -0.9961 0.0151 0.0871
vn -0.8991 0.2302 -0.3723
vn -0.5617 0.3841 -0.7328
vn -0.0733 0.4353 -0.8973
vn 0.4291 0.3245 -0.8430
vn 0.8220 0.1465 -0.5504
vn 0.9916 -0.0707 -0.1082
vn 0.8927 -0.2682 0.3621
vn 0.5541 -0.3933 0.7337
vn 0.0680 -0.4131 0.9082
vn -0.4355 -0.3225 0.8404
vn -0.8227 -0.1458 0.5495
vn -0.9911 0.0697 0.1133
vn -0.8968 0.2668 -0.3530
vn -0.5639 0.3932 -0.7263
vn -0.0790 0.4146 -0.9066
vn 0.4169 0.3134 -0.8532
vn 0.8010 0.0817 -0.5930
vn 0.9709 -0.1712 -0.1677
vn 0.8749 -0.3747 0.3069
vn 0.5385 -0.4751 0.6960
vn 0.0556 -0.4480 0.8923
vn -0.4406 -0.2997 0.8462
vn -0.8155 -0.0689 0.5746
vn -0.9713 0.1815 0.1535
vn -0.8712 0.3843 -0.3054
vn -0.5440 0.4864 -0.6837
vn -0.0745 0.4609 -0.8843
vn 0.4420 0.3848 -0.8103
vn 0.7832 0.0515 -0.6196
vn 0.9182 -0.2980 -0.2609
vn 0.8037 -0.5688 0.1747
vn 0.4624 -0.6825 0.5660
vn -0.0098 -0.6044 0.7967
vn -0.4743 -0.3599 0.8034
vn -0.8044 -0.0207 0.5937
vn -0.9186 0.3214 0.2301
vn -0.7930 0.5785 -0.1910
vn -0.4629 0.6857 -0.5618
vn -0.0128 0.6155 -0.7880
vn 0.4998 0.4592 -0.7344
vn 0.7767 0.0364 -0.6288
vn 0.8446 -0.4012 -0.3544
vn 0.6798 -0.7332 0.0168
vn 0.3270 -0.8633 0.3845
vn -0.1145 -0.7535 0.6474
vn -0.5229 -0.4377 0.7315
vn -0.7885 -0.0073 0.6150
vn -0.8437 0.4203 0.3340
vn -0.6779 0.7344 -0.0333
vn -0.3365 0.8568 -0.3906
vn 0.0927 0.7572 -0.6466
vn 0.5488 0.4905 -0.6770
vn 0.7637 0.0211 -0.6452
vn 0.7727 -0.4573 -0.4403
vn 0.5701 -0.8134 -0.1156
vn 0.2114 -0.9471 0.2414
vn -0.2041 -0.8212 0.5329
vn -0.5628 -0.4723 0.6784
vn -0.7691 0.0016 0.6391
vn -0.7704 0.4719 0.4288
vn -0.5690 0.8155 0.1061
vn -0.2189 0.9448 -0.2436
vn 0.1890 0.8269 -0.5296
vn 0.5794 0.4998 -0.6438
vn 0.7448 0.0096 -0.6673
vn 0.7093 -0.4852 -0.5113
vn 0.4808 -0.8497 -0.2166
vn 0.1213 -0.9830 0.1375
vn -0.2704 -0.8489 0.4542
vn -0.5880 -0.4855 0.6470
vn -0.7469 0.0068 0.6649
vn -0.7068 0.4953 0.5051
vn -0.4801 0.8512 0.2121
vn -0.1270 0.9825 -0.1365
vn 0.2601 0.8547 -0.4493
vn 0.5934 0.5007 -0.6302
vn 0.7205 0.0022 -0.6934
vn 0.6534 -0.4982 -0.5699
vn 0.4090 -0.8645 -0.2920
vn 0.0538 -0.9964 0.0652
vn -0.3155 -0.8584 0.4045
vn -0.5988 -0.4895 0.6339
vn -0.7212 0.0095 0.6927
vn -0.6514 0.5045 0.5667
vn -0.4092 0.8649 0.2906
vn -0.0587 0.9963 -0.0623
vn 0.3079 0.8637 -0.3990
vn 0.5929 0.4995 -0.6316
vn 0.6903 -0.0016 -0.7235
vn 0.6014 -0.5033 -0.6205
vn 0.3497 -0.8692 -0.3495
vn 0.0035 -0.9999 0.0160
vn -0.3429 -0.8605 0.3766
vn -0.5966 -0.4904 0.6353
vn -0.6902 0.0099 0.7235
vn -0.6002 0.5066 0.6189
vn -0.3510 0.8684 0.3501
vn -0.0086 0.9999 -0.0116
vn 0.3368 0.8655 -0.3708
vn 0.5784 0.4991 -0.6453
vn 0.6519 -0.0024 -0.7583
vn 0.5493 -0.5038 -0.6667
vn 0.2980 -0.8691 -0.3948
vn -0.0333 -0.9993 -0.0164
vn -0.3550 -0.8604 0.3657
vn -0.5809 -0.4913 0.6490
vn -0.6514 0.0080 0.7587
vn -0.5489 0.5046 0.6664
vn -0.3006 0.8670 0.3973
vn 0.0278 0.9994 0.0224
vn 0.3496 0.8653 -0.3592
vn 0.5477 0.5008 -0.6703
vn 0.6014 -0.0000 -0.7990
vn 0.4922 -0.5013 -0.7116
vn 0.2500 -0.8666 -0.4318
vn -0.0592 -0.9976 -0.0358
vn -0.3515 -0.8604 0.3690
vn -0.5492 -0.4937 0.6742
vn -0.6006 0.0035 0.7995
vn -0.4927 0.4995 0.7126
vn -0.2539 0.8631 0.4365
vn 0.0529 0.9976 0.0439
vn 0.3464 0.8657 -0.3613
vn 0.4955 0.5057 -0.7063
vn 0.5322 0.0055 -0.8466
vn 0.4244 -0.4963 -0.7573
vn 0.2017 -0.8631 -0.4630
vn -0.0744 -0.9962 -0.0442
vn -0.3295 -0.8620 0.3852
vn -0.4959 -0.4988 0.7108
vn -0.5308 -0.0041 0.8475
vn -0.4254 0.4916 0.7599
vn -0.2071 0.8576 0.4708
vn 0.0672 0.9962 0.0558
vn 0.3247 0.8682 -0.3753
vn 0.4118 0.5142 -0.7523
vn 0.4338 0.0143 -0.9009
vn 0.3371 -0.4895 -0.8042
vn 0.1493 -0.8593 -0.4891
vn -0.0772 -0.9961 -0.0429
vn -0.2814 -0.8661 0.4131
vn -0.4101 -0.5072 0.7580
vn -0.4306 -0.0153 0.9024
vn -0.3380 0.4807 0.8091
vn -0.1556 0.8509 0.5018
vn 0.0695 0.9958 0.0598
vn 0.2777 0.8736 -0.3997
vn 0.2796 0.5261 -0.8032
vn 0.2888 0.0253 -0.9571
vn 0.2176 -0.4820 -0.8487
vn 0.0881 -0.8563 -0.5089
vn -0.0624 -0.9975 -0.0332
vn -0.1940 -0.8723 0.4488
vn -0.2737 -0.5182 0.8103
vn -0.2819 -0.0294 0.9590
vn -0.2167 0.4676 0.8570
vn -0.0940 0.8434 0.5290
vn 0.0556 0.9967 0.0585
vn 0.1931 0.8819 -0.4300
vn -0.6239 0.4111 -0.6646
vn -0.6211 0.0441 -0.7825
vn -0.6624 -0.3198 -0.6775
vn -0.7299 -0.5517 -0.4035
vn -0.7992 -0.5966 -0.0734
vn -0.8517 -0.4798 0.2106
vn -0.8793 -0.2632 0.3969
vn -0.8805 0.0013 0.4741
vn -0.8554 0.2793 0.4361
vn -0.8056 0.5275 0.2697
vn -0.7380 0.6745 -0.0198
vn -0.6694 0.6438 -0.3706
vn -0.9904 0.0135 -0.1374
vn -0.9904 0.0401 -0.1321
vn -0.9904 0.0651 -0.1218
vn -0.9904 0.0876 -0.1067
vn -0.9904 0.1067 -0.0876
vn -0.9904 0.1218 -0.0651
vn -0.9904 0.1321 -0.0401
vn -0.9904 0.1374 -0.0135
vn -0.9904 0.1374 0.0135
vn -0.9904 0.1321 0.0401
vn -0.9904 0.1218 0.0651
vn -0.9904 0.1067 0.0876
vn -0.9904 0.0876 0.1067
vn -0.9904 0.0651 0.1218
vn -0.9904 0.0401 0.1321
vn -0.9904 0.0135 0.1374
vn -0.9904 -0.0135 0.1374
vn -0.9904 -0.0401 0.1321
vn -0.9904 -0.0651 0.1218
vn -0.9904 -0.0876 0.1067
vn -0.9904 -0.1067 0.0876
vn -0.9904 -0.1218 0.0651
vn -0.9904 -0.1321 0.0401
vn -0.9904 -0.1374 0.0135
vn -0.9904 -0.1374 -0.0135
vn -0.9904 -0.1321 -0.0401
vn -0.9904 -0.1218 -0.0651
vn -0.9904 -0.1067 -0.0876
vn -0.9904 -0.0876 -0.1067
vn -0.9904 -0.0651 -0.1218
vn -0.9904 -0.0401 -0.1321
vn -0.9904 -0.0135 -0.1374
vn 0.9985 0.0054 -0.0552
vn 0.9985 0.0161 -0.0531
vn 0.9985 0.0262 -0.0490
vn 0.9985 0.0352 -0.0429
vn 0.9985 0.0429 -0.0352
vn 0.9985 0.0490 -0.0262
vn 0.9985 0.0531 -0.0161
vn 0.9985 0.0552 -0.0054
vn 0.9985 0.0552 0.0054
vn 0.9985 0.0531 0.0161
vn 0.9985 0.0490 0.0262
vn 0.9985 0.0429 0.0352
vn 0.9985 0.0352 0.0429
vn 0.9985 0.0262 0.0490
vn 0.9985 0.0161 0.0531
vn 0.9985 0.0054 0.0552
vn 0.9985 -0.0054 0.0552
vn 0.9985 -0.0161 0.0531
vn 0.9985 -0.0262 0.0490
vn 0.9985 -0.0352 0.0429
vn 0.9985 -0.0429 0.0352
vn 0.9985 -0.0490 0.0262
vn 0.9985 -0.0531 0.0161
vn 0.9985 -0.0552 0.0054
vn 0.9985 -0.0552 -0.0054
vn 0.9985 -0.0531 -0.0161
vn 0.9985 -0.0490 -0.0262
vn 0.9985 -0.0429 -0.0352
vn 0.9985 -0.0352 -0.0429
vn 0.9985 -0.0262 -0.0490
vn 0.9985 -0.0161 -0.0531
vn 0.9985 -0.0054 -0.0552
vt 0.645222 0.991448
vt 0.700278 0.506254
vt 0.748632 0.513846
vt 0.668441 0.995094
vt 0.792048 0.524064
vt 0.689288 1.000000
vt 0.107737 0.502427
vt 0.000000 0.029514
vt 0.037166 0.018174
vt 0.125584 0.496982
vt 0.080869 0.009265
vt 0.146569 0.492704
vt 0.129429 0.003129
vt 0.169887 0.489758
vt 0.180981 0.000000
vt 0.194641 0.488255
vt 0.233542 0.000000
vt 0.219880 0.488255
vt 0.285092 0.003129
vt 0.244634 0.489757
vt 0.333653 0.009265
vt 0.267952 0.492704
vt 0.377356 0.018174
vt 0.288938 0.496982
vt 0.414522 0.029513
vt 0.306784 0.502427
vt 0.517280 0.500000
vt 0.414522 0.024063
vt 0.457938 0.013846
vt 0.538128 0.495094
vt 0.506292 0.006254
vt 0.561347 0.491448
vt 0.557725 0.001579
vt 0.586044 0.489203
vt 0.610263 0.000000
vt 0.611272 0.488445
vt 0.661885 0.001579
vt 0.636059 0.489203
vt 0.710606 0.006254
vt 0.659455 0.491448
vt 0.754558 0.013846
vt 0.680560 0.495094
vt 0.792047 0.024064
vt 0.698562 0.500000
vt 0.088418 0.999408
vt 0.000000 0.520601
vt 0.043703 0.511692
vt 0.109404 0.995130
vt 0.092263 0.505555
vt 0.132721 0.992184
vt 0.143814 0.502427
vt 0.157475 0.990681
vt 0.196375 0.502427
vt 0.182714 0.990681
vt 0.247926 0.505555
vt 0.207469 0.992184
vt 0.296486 0.511692
vt 0.230786 0.995130
vt 0.340189 0.520601
vt 0.251772 0.999408
vt 0.508006 1.000000
vt 0.414522 0.524064
vt 0.452012 0.513846
vt 0.526009 0.995094
vt 0.495963 0.506254
vt 0.547114 0.991448
vt 0.544685 0.501579
vt 0.570509 0.989203
vt 0.596307 0.500000
vt 0.595297 0.988445
vt 0.648844 0.501579
vt 0.620525 0.989203
vt 0.583954 1.000000
vt 0.526378 0.998373
vt 0.545943 0.508350
vt 0.590560 0.509611
vt 0.260836 0.502285
vt 0.202131 0.502285
vt 0.208738 0.011896
vt 0.254229 0.011896
vt 0.272351 0.995733
vt 0.214113 0.996123
vt 0.213152 0.506887
vt 0.258282 0.506585
vt 0.842878 0.492932
vt 0.794008 0.496883
vt 0.769087 0.007182
vt 0.806958 0.004121
vt 0.041509 0.492832
vt 0.000000 0.486934
vt 0.052099 -0.000000
vt 0.084267 0.004570
vt 0.046401 0.992706
vt 0.000000 0.990185
vt 0.047230 0.502285
vt 0.083186 0.504239
vt 0.565894 0.496882
vt 0.511709 0.492932
vt 0.550324 0.004120
vt 0.592315 0.007182
vt 0.642658 1.000000
vt 0.636052 0.509611
vt 0.318411 0.500658
vt 0.298846 0.010635
vt 0.328030 0.994580
vt 0.301430 0.505691
vt 0.884466 0.487616
vt 0.839186 0.000000
vt 0.090320 0.497466
vt 0.122091 0.008162
vt 0.098925 0.994580
vt 0.123889 0.505691
vt 0.623441 0.499315
vt 0.636910 0.009067
vt 0.700234 0.998373
vt 0.680669 0.508350
vt 0.372646 0.497466
vt 0.340875 0.008162
vt 0.379010 0.992706
vt 0.340936 0.504240
vt 0.472142 0.995181
vt 0.423332 0.990547
vt 0.466089 0.502286
vt 0.503914 0.505877
vt 0.144555 0.500658
vt 0.164120 0.010635
vt 0.155554 0.995733
vt 0.167773 0.506586
vt 0.682141 0.500137
vt 0.682397 0.009704
vt 0.754469 0.995181
vt 0.722698 0.505876
vt 0.421457 0.492832
vt 0.378700 0.004570
vt 0.423332 0.990185
vt 0.375282 0.502285
vt 0.739733 0.499315
vt 0.727028 0.009067
vt 0.803280 0.990547
vt 0.760523 0.502286
vt 0.462967 0.486934
vt 0.410867 -0.000000
vt 0.462967 0.487615
vt 0.512554 0.000000
vt 0.971046 0.001150
vt 0.999999 0.002256
vt 0.980008 0.572228
vt 0.956191 0.571318
vt 0.299251 0.001719
vt 0.328210 0.000777
vt 0.339855 0.571020
vt 0.316032 0.571796
vt 0.053575 0.001150
vt 0.085746 0.000389
vt 0.094892 0.570693
vt 0.068428 0.571319
vt 0.835748 0.000389
vt 0.869900 0.000000
vt 0.872989 0.570373
vt 0.844894 0.570692
vt 0.644541 0.000000
vt 0.679363 0.000196
vt 0.673064 0.570543
vt 0.644420 0.570382
vt 0.463510 0.000777
vt 0.495676 0.001720
vt 0.477614 0.571796
vt 0.451153 0.571021
vt 0.221044 0.001150
vt 0.249997 0.002256
vt 0.230006 0.572228
vt 0.206189 0.571319
vt 0.524623 0.002987
vt 0.549254 0.001719
vt 0.566035 0.571796
vt 0.545775 0.572839
vt 0.360385 0.000196
vt 0.366322 0.570543
vt 0.119898 0.000000
vt 0.122986 0.570373
vt 0.904722 0.000000
vt 0.901632 0.570373
vt 0.713513 0.000776
vt 0.745678 0.001720
vt 0.727616 0.571796
vt 0.701156 0.571021
vt 0.524623 0.002988
vt 0.501425 0.572839
vt 0.274620 0.003663
vt 0.250260 0.573386
vt 0.578213 0.000777
vt 0.589858 0.571020
vt 0.394539 0.000000
vt 0.394417 0.570382
vt 0.154721 0.000000
vt 0.151631 0.570373
vt 0.938875 0.000389
vt 0.929727 0.570692
vt 0.774625 0.002988
vt 0.751428 0.572839
vt 0.000000 0.003663
vt 0.024622 0.002256
vt 0.044611 0.572228
vt 0.024355 0.573386
vt 0.774624 0.002256
vt 0.803577 0.001150
vt 0.818430 0.571318
vt 0.794613 0.572228
vt 0.610387 0.000196
vt 0.616324 0.570543
vt 0.429360 0.000196
vt 0.423061 0.570543
vt 0.188873 0.000389
vt 0.179725 0.570693
vt 0.274621 0.002988
vt 0.295772 0.572839
vt 0.000000 1.000000
vt 0.027778 1.000000
vt 0.027778 0.916667
vt 0.000000 0.916667
vt 0.000000 0.083333
vt 0.027778 0.083333
vt 0.027778 0.000000
vt 0.000000 0.000000
vt 0.877112 0.613234
vt 0.804670 0.612742
vt 0.803280 0.502286
vt 0.866376 0.507220
vt 0.881659 0.729505
vt 0.803280 0.733788
vt 0.000000 0.333333
vt 0.027778 0.333333
vt 0.027778 0.250000
vt 0.000000 0.250000
vt 0.000000 0.416667
vt 0.027778 0.416667
vt 0.000000 0.500000
vt 0.027778 0.500000
vt 0.000000 0.583333
vt 0.027778 0.583333
vt 0.000000 0.666667
vt 0.027778 0.666667
vt 0.000000 0.750000
vt 0.027778 0.750000
vt 0.000000 0.833333
vt 0.027778 0.833333
vt 0.014065 0.840083
vt 0.010407 0.784820
vt 0.086715 0.779071
vt 0.090122 0.830708
vt 0.424844 0.855371
vt 0.421711 0.795891
vt 0.498178 0.789994
vt 0.501057 0.845194
vt 0.336762 0.862481
vt 0.333404 0.799209
vt 0.260413 0.864617
vt 0.256918 0.799059
vt 0.665322 0.835546
vt 0.669283 0.769724
vt 0.745778 0.772211
vt 0.741828 0.837864
vt 0.577194 0.829022
vt 0.581030 0.765196
vt 0.501057 0.820037
vt 0.504664 0.759839
vt 0.918429 0.762765
vt 0.921368 0.706892
vt 0.997851 0.712353
vt 0.994655 0.772510
vt 0.830350 0.755617
vt 0.833062 0.703538
vt 0.754019 0.752980
vt 0.756594 0.703189
vt 0.178206 0.823608
vt 0.174938 0.773968
vt 0.251435 0.770877
vt 0.254716 0.820687
vt 0.007032 0.716427
vt 0.083448 0.712820
vt 0.420076 0.725132
vt 0.496606 0.721650
vt 0.331716 0.726407
vt 0.255201 0.725132
vt 0.672454 0.695821
vt 0.748953 0.698211
vt 0.584143 0.692585
vt 0.507684 0.689370
vt 0.922958 0.638870
vt 0.999504 0.641914
vt 0.834598 0.637560
vt 0.758100 0.638337
vt 0.171736 0.709009
vt 0.248238 0.706014
vt 0.004151 0.638513
vt 0.080623 0.636390
vt 0.419604 0.645697
vt 0.496147 0.643773
vt 0.331234 0.645755
vt 0.254716 0.643933
vt 0.674921 0.614833
vt 0.751429 0.616956
vt 0.586579 0.612609
vt 0.510074 0.610878
vt 0.923442 0.561956
vt 1.000000 0.563441
vt 0.835072 0.561863
vt 0.758570 0.563187
vt 0.168949 0.633590
vt 0.245461 0.630863
vt 0.001922 0.554236
vt 0.078424 0.553270
vt 0.419992 0.560349
vt 0.496531 0.559519
vt 0.331625 0.559670
vt 0.255107 0.557665
vt 0.676632 0.528946
vt 0.753148 0.530648
vt 0.588272 0.527633
vt 0.511744 0.527061
vt 0.923096 0.479243
vt 0.999651 0.479633
vt 0.834728 0.479887
vt 0.758227 0.481394
vt 0.166775 0.551381
vt 0.243298 0.549075
vt 0.000491 0.466578
vt 0.077010 0.466616
vt 0.420946 0.471886
vt 0.497476 0.471872
vt 0.332583 0.470798
vt 0.256064 0.468898
vt 0.677496 0.440751
vt 0.754018 0.441860
vt 0.589127 0.440360
vt 0.512589 0.440791
vt 0.922206 0.393790
vt 0.998753 0.393365
vt 0.833842 0.394845
vt 0.757339 0.396246
vt 0.165374 0.465649
vt 0.241907 0.463936
vt 0.000000 0.378419
vt 0.076524 0.379419
vt 0.422174 0.383087
vt 0.498696 0.383711
vt 0.333813 0.381856
vt 0.257288 0.380348
vt 0.677413 0.353016
vt 0.753933 0.353305
vt 0.589045 0.353654
vt 0.512508 0.355047
vt 0.921059 0.308678
vt 0.997599 0.307615
vt 0.832698 0.309875
vt 0.756190 0.310885
vt 0.164894 0.379481
vt 0.241431 0.378587
vt 0.000600 0.292521
vt 0.077116 0.294547
vt 0.423385 0.296656
vt 0.499900 0.297801
vt 0.335021 0.295548
vt 0.258488 0.294776
vt 0.676273 0.268608
vt 0.752777 0.267747
vt 0.587924 0.270502
vt 0.511402 0.272921
vt 0.919944 0.227060
vt 0.996477 0.225476
vt 0.831581 0.228133
vt 0.755064 0.228407
vt 0.165476 0.295865
vt 0.242004 0.296121
vt 0.002459 0.211455
vt 0.078945 0.214708
vt 0.424281 0.215120
vt 0.500791 0.216710
vt 0.335913 0.214468
vt 0.259367 0.214930
vt 0.673976 0.190479
vt 0.750428 0.187935
vt 0.585679 0.194053
vt 0.509195 0.197699
vt 0.919143 0.152265
vt 0.995672 0.150235
vt 0.830776 0.152882
vt 0.754247 0.151922
vt 0.167264 0.217706
vt 0.243751 0.219645
vt 0.005811 0.137350
vt 0.082216 0.142282
vt 0.424546 0.140573
vt 0.501057 0.142570
vt 0.336178 0.140896
vt 0.259627 0.143453
vt 0.670431 0.121709
vt 0.746739 0.116514
vt 0.582270 0.127782
vt 0.505878 0.133106
vt 0.918920 0.088056
vt 0.995448 0.085620
vt 0.830550 0.087700
vt 0.754019 0.084645
vt 0.170414 0.147781
vt 0.246774 0.152372
vt 0.011157 0.071060
vt 0.087324 0.078726
vt 0.423770 0.073816
vt 0.500284 0.076231
vt 0.335431 0.076154
vt 0.258940 0.082618
vt 0.665612 0.065697
vt 0.741475 0.055758
vt 0.577855 0.076088
vt 0.501719 0.084144
vt 0.919439 0.039486
vt 0.995974 0.036633
vt 0.831102 0.037116
vt 0.754630 0.030159
vt 0.175147 0.088544
vt 0.251093 0.097883
vt 0.022985 -0.000000
vt 0.097111 0.017840
vt 0.420103 0.000000
vt 0.496777 0.005072
vt 0.332098 0.007925
vt 0.256345 0.026724
vt 0.659742 0.025669
vt 0.732342 -0.000000
vt 0.575085 0.051005
vt 0.501057 0.069221
vt 0.919431 0.027212
vt 0.996125 0.021707
vt 0.831429 0.019267
vt 0.755699 0.000000
vt 0.181930 0.042626
vt 0.254716 0.067717
vt 0.704402 0.742096
vt 0.704402 0.557593
vt 0.754709 0.564354
vt 0.754902 0.736979
vt 0.649289 0.833518
vt 0.649275 0.645275
vt 0.693404 0.647512
vt 0.693404 0.832014
vt 0.598592 0.831002
vt 0.598598 0.648157
vt 0.361885 0.768556
vt 0.422309 0.630438
vt 0.471802 0.641137
vt 0.406890 0.790083
vt 0.215178 0.733682
vt 0.290195 0.601826
vt 0.338384 0.617751
vt 0.255231 0.764766
vt 0.181447 0.703549
vt 0.248539 0.586463
vt 0.754902 0.782517
vt 0.755166 0.658739
vt 0.805432 0.651683
vt 0.805432 0.787335
vt 0.538473 0.799286
vt 0.538453 0.679247
vt 0.582587 0.676821
vt 0.582587 0.800599
vt 0.487772 0.801713
vt 0.487781 0.676277
vt 0.553997 0.676277
vt 0.502398 0.557255
vt 0.551667 0.545121
vt 0.598592 0.652708
vt 0.141326 0.739758
vt 0.065041 0.604825
vt 0.113265 0.589007
vt 0.181447 0.708762
vt 0.107528 0.769818
vt 0.023349 0.620100
vt 0.631664 0.645275
vt 0.598592 0.455665
vt 0.649205 0.451844
vt 0.680142 0.630642
vt 0.830283 0.651607
vt 0.818863 0.460672
vt 0.869606 0.459403
vt 0.880784 0.646747
vt 0.754902 0.645755
vt 0.768126 0.459145
vt 0.818863 0.460618
vt 0.805278 0.651683
vt 0.437024 0.450649
vt 0.487772 0.449702
vt 0.311128 0.434036
vt 0.361885 0.433985
vt 0.266943 0.434403
vt 0.680142 0.542361
vt 0.704341 0.406653
vt 0.754902 0.411105
vt 0.728433 0.557594
vt 0.941088 0.530572
vt 0.949234 0.395984
vt 0.999969 0.397554
vt 0.991560 0.535849
vt 0.890754 0.535864
vt 0.880784 0.400609
vt 0.931510 0.398798
vt 0.941089 0.529605
vt 0.487772 0.403772
vt 0.538531 0.403561
vt 0.044187 0.435169
vt 0.094944 0.435331
vt 0.000000 0.434706
vt 0.601069 0.238734
vt 0.651715 0.242127
vt 0.819807 0.241531
vt 0.870552 0.242739
vt 0.766740 0.242903
vt 0.817479 0.241469
vt 0.413966 0.242919
vt 0.464018 0.234474
vt 0.285988 0.236644
vt 0.335716 0.226497
vt 0.242820 0.246993
vt 0.703975 0.225035
vt 0.754659 0.222275
vt 0.949249 0.216675
vt 1.000000 0.215755
vt 0.880979 0.218784
vt 0.931726 0.219881
vt 0.504818 0.215397
vt 0.555047 0.222699
vt 0.069849 0.236973
vt 0.119555 0.247229
vt 0.026702 0.226532
vt 0.629989 0.000000
vt 0.680142 0.007820
vt 0.830102 -0.000000
vt 0.880784 0.002796
vt 0.754903 0.003128
vt 0.805565 -0.000000
vt 0.361885 0.012875
vt 0.410984 0.000000
vt 0.223024 0.016074
vt 0.271154 0.000000
vt 0.181447 0.032323
vt 0.680142 0.007192
vt 0.730388 0.000000
vt 0.941088 0.002491
vt 0.991785 -0.000000
vt 0.890406 -0.000000
vt 0.941089 0.002790
vt 0.549212 -0.000000
vt 0.598592 0.011678
vt 0.133353 0.016338
vt 0.181447 0.032518
vt 0.091809 -0.000000
vt 0.402278 0.997393
vt 0.389984 0.761977
vt 0.435613 0.760599
vt 0.447760 0.993484
vt 0.513950 1.000000
vt 0.508596 0.763608
vt 0.554241 0.762976
vt 0.559571 0.998405
vt 0.611620 0.998860
vt 0.614657 0.763327
vt 0.660306 0.763606
vt 0.657255 1.000000
vt 0.327174 0.994863
vt 0.339355 0.761879
vt 0.384981 0.763329
vt 0.372655 0.998768
vt 0.148288 0.989036
vt 0.163925 0.759384
vt 0.203427 0.761057
vt 0.187530 0.994102
vt 0.102936 0.983838
vt 0.118310 0.757606
vt 0.447760 0.975940
vt 0.459499 0.752227
vt 0.505126 0.753631
vt 0.493239 0.979874
vt 0.559571 0.972542
vt 0.564662 0.749779
vt 0.610306 0.750425
vt 0.605192 0.974152
vt 0.663199 0.972749
vt 0.660306 0.749122
vt 0.705954 0.748834
vt 0.708834 0.971600
vt 0.254340 0.977444
vt 0.244103 0.751373
vt 0.289738 0.750232
vt 0.299847 0.973848
vt 0.063694 0.986477
vt 0.048082 0.757029
vt 0.087584 0.755356
vt 0.102936 0.981413
vt 0.018342 0.991672
vt 0.002468 0.758805
vt 0.387870 0.512023
vt 0.433519 0.512278
vt 0.507311 0.512958
vt 0.552960 0.513020
vt 0.614521 0.513109
vt 0.660170 0.512956
vt 0.342221 0.513117
vt 0.387870 0.513126
vt 0.299846 0.759961
vt 0.302680 0.513265
vt 0.120729 0.513034
vt 0.166377 0.512676
vt 0.461662 0.509287
vt 0.507311 0.509058
vt 0.565971 0.507530
vt 0.611620 0.507482
vt 0.660407 0.506439
vt 0.706056 0.506584
vt 0.242966 0.507251
vt 0.288614 0.507551
vt 0.204583 0.753025
vt 0.203427 0.506838
vt -0.000000 0.510485
vt 0.045648 0.510844
vt 0.392894 0.255307
vt 0.438525 0.256580
vt 0.509328 0.255721
vt 0.554973 0.256310
vt 0.612947 0.255977
vt 0.658595 0.255719
vt 0.339379 0.256663
vt 0.385023 0.255963
vt 0.299846 0.257933
vt 0.114224 0.258956
vt 0.159845 0.257363
vt 0.456841 0.256233
vt 0.502473 0.254985
vt 0.564067 0.255009
vt 0.609713 0.254434
vt 0.661913 0.253814
vt 0.707562 0.254064
vt 0.247502 0.253911
vt 0.293140 0.254921
vt 0.207979 0.252375
vt 0.006550 0.254780
vt 0.052171 0.256375
vt 0.402147 -0.000000
vt 0.447760 0.001812
vt 0.513934 -0.000000
vt 0.559571 0.001012
vt 0.611620 0.000065
vt 0.657269 0.000000
vt 0.334361 0.000788
vt 0.380003 -0.000000
vt 0.148537 0.001860
vt 0.188033 0.000000
vt 0.199355 0.255849
vt 0.102936 0.003964
vt 0.447760 0.001787
vt 0.493374 0.000000
vt 0.559571 0.000998
vt 0.605210 -0.000000
vt 0.663184 -0.000000
vt 0.708833 0.000056
vt 0.254210 0.000000
vt 0.299847 0.001098
vt 0.063440 0.002106
vt 0.102936 0.003968
vt 0.091681 0.257891
vt 0.017840 0.000000
vt 0.634927 0.965911
vt 0.639304 0.684109
vt 0.691736 0.684845
vt 0.687360 0.966539
vt 0.754407 0.959449
vt 0.751524 0.677243
vt 0.803960 0.676903
vt 0.806839 0.958695
vt 0.521874 0.958965
vt 0.512524 0.676099
vt 0.564945 0.674782
vt 0.574276 0.957039
vt 0.177569 0.975265
vt 0.164296 0.691696
vt 0.216697 0.689763
vt 0.229943 0.972691
vt 0.395743 0.987629
vt 0.390605 0.703454
vt 0.436047 0.702124
vt 0.441177 0.985799
vt 0.343312 0.988475
vt 0.338171 0.704074
vt 0.582494 0.996503
vt 0.577857 0.712423
vt 0.630288 0.711645
vt 0.634927 0.995833
vt 0.695042 0.999277
vt 0.697776 0.715624
vt 0.750212 0.715933
vt 0.747475 1.000000
vt 0.441177 0.997317
vt 0.450754 0.714237
vt 0.503174 0.715595
vt 0.493577 0.999284
vt 0.229943 0.990155
vt 0.256636 0.708593
vt 0.308886 0.713024
vt 0.282135 0.995225
vt 0.052404 0.977355
vt 0.063058 0.695380
vt 0.108465 0.697599
vt 0.097793 0.980073
vt -0.000000 0.975477
vt 0.010647 0.693729
vt 0.642606 0.423649
vt 0.695043 0.423903
vt 0.750799 0.416412
vt 0.803236 0.416453
vt 0.507985 0.414098
vt 0.560421 0.413923
vt 0.157180 0.428059
vt 0.209616 0.427724
vt 0.389104 0.438134
vt 0.434546 0.438430
vt 0.336670 0.437538
vt 0.574276 0.445521
vt 0.626713 0.445225
vt 0.698362 0.449115
vt 0.750799 0.449043
vt 0.455548 0.448850
vt 0.507984 0.449065
vt 0.276337 0.445399
vt 0.328698 0.448235
vt 0.069715 0.433188
vt 0.115153 0.433781
vt 0.017279 0.432753
vt 0.641966 0.195374
vt 0.694392 0.194275
vt 0.751793 0.187749
vt 0.804228 0.188178
vt 0.510408 0.183420
vt 0.562813 0.185269
vt 0.160489 0.194272
vt 0.212852 0.197055
vt 0.395861 0.201047
vt 0.441177 0.204717
vt 0.343530 0.197722
vt 0.574824 0.204256
vt 0.627251 0.205312
vt 0.697173 0.208237
vt 0.749609 0.207777
vt 0.453178 0.210003
vt 0.505584 0.208194
vt 0.284234 0.209790
vt 0.336670 0.209509
vt 0.067705 0.200836
vt 0.113084 0.198053
vt 0.015319 0.203132
vt 0.634927 0.007213
vt 0.686864 -0.000000
vt 0.754522 0.003530
vt 0.806839 0.000000
vt 0.521850 0.000000
vt 0.574276 0.001107
vt 0.177791 0.008254
vt 0.229943 0.013709
vt 0.115153 0.191387
vt 0.132880 0.000000
vt 0.363156 0.000000
vt 0.414642 0.009938
vt 0.582985 -0.000000
vt 0.634927 0.007171
vt 0.695042 0.000000
vt 0.747361 0.003500
vt 0.441177 0.001066
vt 0.493604 0.000000
vt 0.275198 0.002960
vt 0.327551 0.000000
vt 0.238811 0.210477
vt 0.229943 0.009031
vt -0.000000 0.008924
vt 0.051672 -0.000000
vt 0.324775 0.413875
vt 0.361638 0.298901
vt 0.470483 0.315555
vt 0.425902 0.457423
vt 0.237380 0.373914
vt 0.267273 0.283220
vt -0.000000 0.768830
vt 0.017902 0.691613
vt 0.127454 0.702720
vt 0.106845 0.795398
vt 0.610930 0.768226
vt 0.616403 0.698684
vt 0.726482 0.701308
vt 0.720939 0.772739
vt 0.458436 0.567407
vt 0.368400 0.567407
vt 0.373721 0.457422
vt 0.451567 0.457509
vt 0.264242 0.796079
vt 0.237380 0.690944
vt 0.346708 0.677995
vt 0.368400 0.761256
vt 0.135926 0.453972
vt 0.094488 0.319185
vt 0.203456 0.303356
vt 0.237380 0.411193
vt 0.048223 0.493273
vt -0.000000 0.334153
vt 0.503768 0.538894
vt 0.470483 0.360957
vt 0.580162 0.351184
vt 0.610930 0.513630
vt 0.889988 0.546789
vt 0.881004 0.378644
vt 0.991085 0.376073
vt 1.000000 0.542319
vt 0.753699 0.514563
vt 0.771023 0.343346
vt 0.881004 0.348747
vt 0.862406 0.532103
vt 0.610930 0.485276
vt 0.644238 0.345866
vt 0.753699 0.357661
vt 0.715457 0.519036
vt 0.361065 0.170075
vt 0.470328 0.156433
vt 0.266301 0.183355
vt 0.016777 0.612252
vt 0.126527 0.603607
vt 0.615540 0.624623
vt 0.725619 0.621859
vt 0.474805 0.732254
vt 0.470483 0.647904
vt 0.580593 0.646951
vt 0.584332 0.720989
vt 0.237668 0.582759
vt 0.347284 0.593219
vt 0.095976 0.180399
vt 0.205133 0.194868
vt 0.001307 0.166404
vt 0.472786 0.174592
vt 0.582425 0.184573
vt 0.881999 0.186995
vt 0.992076 0.189824
vt 0.770463 0.168133
vt 0.880438 0.163488
vt 0.642869 0.187202
vt 0.752366 0.175571
vt 0.327374 0.035791
vt 0.431498 -0.000000
vt 0.237380 0.069628
vt 0.000000 0.514998
vt 0.107764 0.493273
vt 0.610930 0.524613
vt 0.720902 0.519036
vt 0.474507 0.538894
vt 0.584332 0.546832
vt 0.262025 0.457422
vt 0.368400 0.485853
vt 0.133530 0.034516
vt 0.237380 0.071095
vt 0.043788 0.000000
vt 0.503432 -0.000000
vt 0.610930 0.023039
vt 0.890031 -0.000000
vt 1.000000 0.005637
vt 0.753699 0.012447
vt 0.862867 0.000000
vt 0.610930 0.029558
vt 0.716995 -0.000000
vt 0.000000 0.509743
vt 0.016634 0.398447
vt 0.087557 0.406472
vt 0.069016 0.529787
vt 0.501688 0.467396
vt 0.515006 0.366773
vt 0.597031 0.373351
vt 0.582143 0.484619
vt 0.175050 0.986527
vt 0.181229 0.892277
vt 0.263461 0.895345
vt 0.256781 0.996021
vt 0.003777 1.000000
vt 0.001873 0.905682
vt 0.084150 0.904221
vt 0.086061 0.999022
vt 0.516004 0.958342
vt 0.505926 0.859024
vt 0.588021 0.853372
vt 0.597514 0.947097
vt 0.263341 0.516312
vt 0.246339 0.406912
vt 0.328215 0.398678
vt 0.343544 0.497919
vt 0.194450 0.536797
vt 0.175469 0.415391
vt 0.367976 0.562135
vt 0.348773 0.430169
vt 0.430734 0.422824
vt 0.448266 0.544160
vt 0.780363 0.573181
vt 0.771314 0.435608
vt 0.853559 0.432903
vt 0.862134 0.564101
vt 0.862134 0.572297
vt 0.864626 0.432287
vt 0.946904 0.433696
vt 0.944418 0.573222
vt 0.671620 0.557823
vt 0.684325 0.424237
vt 0.766458 0.429309
vt 0.753207 0.568493
vt 0.169481 0.414217
vt 0.149326 0.547701
vt 0.600267 0.252638
vt 0.671620 0.252035
vt 0.668065 0.381559
vt 0.517980 0.253292
vt 0.181944 0.782499
vt 0.264231 0.781850
vt 0.000000 0.795060
vt 0.082287 0.794396
vt 0.501688 0.743380
vt 0.583976 0.742823
vt 0.240663 0.283260
vt 0.322953 0.283053
vt 0.425833 0.290368
vt 0.497189 0.290308
vt 0.501688 0.413957
vt 0.343544 0.290483
vt 0.770710 0.292542
vt 0.852994 0.293542
vt 0.866823 0.289547
vt 0.949111 0.290159
vt 0.688420 0.286660
vt 0.770710 0.286635
vt 0.092761 0.276949
vt 0.175050 0.276666
vt 0.594787 0.126714
vt 0.665899 0.119559
vt 0.512673 0.132081
vt 0.179069 0.662921
vt 0.261327 0.660662
vt 0.000008 0.673978
vt 0.082288 0.675231
vt 0.504634 0.616925
vt 0.586806 0.621310
vt 0.246124 0.150135
vt 0.328162 0.156565
vt 0.430512 0.150664
vt 0.501688 0.157158
vt 0.348351 0.146065
vt 0.774669 0.146418
vt 0.856918 0.149030
vt 0.866640 0.146050
vt 0.948920 0.144745
vt 0.684195 0.147598
vt 0.766334 0.142633
vt 0.086533 0.144487
vt 0.168531 0.137568
vt 0.015497 0.151826
vt 0.000000 0.025121
vt 0.070431 0.012782
vt 0.501688 0.008165
vt 0.583570 0.000000
vt 0.175050 0.538902
vt 0.257313 0.536797
vt 0.003886 0.547701
vt 0.086061 0.552000
vt 0.515784 0.484619
vt 0.597514 0.494160
vt 0.262179 0.011887
vt 0.343544 0.024185
vt 0.175050 0.143251
vt 0.191679 -0.000000
vt 0.359801 0.000000
vt 0.441756 0.007399
vt 0.779881 0.000000
vt 0.862134 0.002457
vt 0.862134 0.004349
vt 0.944305 0.000000
vt 0.671620 0.010116
vt 0.753281 0.000000
vt 0.151721 -0.000000
vt 0.916749 0.448053
vt 0.924001 0.343669
vt 0.997701 0.346515
vt 0.990207 0.454230
vt 0.924388 0.917661
vt 0.921614 0.807583
vt 0.995356 0.805564
vt 0.998152 0.916720
vt 0.566164 0.493515
vt 0.553605 0.384634
vt 0.627047 0.377836
vt 0.639427 0.485083
vt 0.109011 0.568055
vt 0.087497 0.453268
vt 0.150785 0.442574
vt 0.171571 0.553411
vt 0.036987 0.583993
vt 0.014518 0.464029
vt 0.671527 0.615839
vt 0.651750 0.490572
vt 0.724976 0.481642
vt 0.743960 0.601880
vt 0.843340 0.617880
vt 0.833891 0.496623
vt 0.907566 0.493228
vt 0.916749 0.611165
vt 0.743960 0.622841
vt 0.748343 0.491488
vt 0.822064 0.494176
vt 0.817712 0.624445
vt 0.349099 0.599096
vt 0.373835 0.475118
vt 0.446463 0.487966
vt 0.421414 0.613556
vt 0.243748 0.571156
vt 0.265733 0.446978
vt 0.329117 0.457025
vt 0.306443 0.585160
vt 0.171571 0.555926
vt 0.192652 0.436934
vt 0.479223 0.977907
vt 0.494798 0.863513
vt 0.568197 0.870886
vt 0.551936 0.990325
vt 0.926233 0.242752
vt 1.000000 0.242829
vt 0.918358 0.701585
vt 0.992108 0.699896
vt 0.545072 0.276869
vt 0.618759 0.273485
vt 0.075035 0.338642
vt 0.138910 0.333598
vt 0.001399 0.343068
vt 0.640747 0.364067
vt 0.714428 0.360466
vt 0.830141 0.373002
vt 0.903905 0.372368
vt 0.753363 0.361902
vt 0.827095 0.364259
vt 0.393757 0.352386
vt 0.466912 0.361852
vt 0.277547 0.327120
vt 0.341462 0.331512
vt 0.203871 0.323417
vt 0.501940 0.755057
vt 0.575681 0.757092
vt 0.924793 0.149690
vt 0.998528 0.147436
vt 0.916748 0.604351
vt 0.990518 0.604633
vt 0.543286 0.174255
vt 0.617017 0.176645
vt 0.073674 0.227506
vt 0.137586 0.230533
vt -0.000000 0.223752
vt 0.639427 0.238627
vt 0.713154 0.241123
vt 0.831053 0.248330
vt 0.904804 0.250024
vt 0.756373 0.236576
vt 0.830141 0.236970
vt 0.405547 0.233467
vt 0.479223 0.237182
vt 0.277812 0.215156
vt 0.341686 0.211477
vt 0.204179 0.219633
vt 0.500978 0.657352
vt 0.574635 0.653290
vt 0.921148 0.069548
vt 0.994799 0.065370
vt 0.918594 0.520773
vt 0.992231 0.525111
vt 0.550732 0.080803
vt 0.623612 0.092220
vt 0.479223 0.174081
vt 0.487755 0.069095
vt 0.013383 0.108205
vt 0.085679 0.122868
vt 0.649307 0.116008
vt 0.722402 0.125885
vt 0.835702 0.123233
vt 0.909383 0.126851
vt 0.754406 0.117831
vt 0.828078 0.114211
vt 0.405648 0.120930
vt 0.479223 0.115579
vt 0.341686 0.228288
vt 0.341915 0.127335
vt 0.193221 0.130350
vt 0.265370 0.114978
vt 0.492858 0.575745
vt 0.565727 0.564318
vt 0.916749 0.005718
vt 0.990296 0.000000
vt 0.925179 0.454231
vt 0.998152 0.464604
vt 0.569588 -0.000000
vt 0.639427 0.023698
vt 0.113669 0.028257
vt 0.171571 0.057618
vt 0.148140 0.137385
vt 0.045548 -0.000000
vt 0.672644 0.000000
vt 0.743960 0.018509
vt 0.843160 -0.000000
vt 0.916749 0.005159
vt 0.743960 0.009540
vt 0.817021 0.000000
vt 0.390153 0.017843
vt 0.461713 0.000000
vt 0.239411 0.029952
vt 0.297016 -0.000000
vt 0.327680 0.099823
vt 0.171571 0.058876
vt 0.479223 0.513529
vt 0.550130 0.493515
s 0
g off
g camarah_Material.001
usemtl Material.001
f 1/1/1 2/2/1 4/3/1 3/4/1
f 3/4/2 4/3/2 6/5/2 5/6/2
f 5/7/3 6/8/3 8/9/3 7/10/3
f 7/10/4 8/9/4 10/11/4 9/12/4
f 9/12/5 10/11/5 12/13/5 11/14/5
f 11/14/6 12/13/6 14/15/6 13/16/6
f 13/16/7 14/15/7 16/17/7 15/18/7
f 15/18/8 16/17/8 18/19/8 17/20/8
f 17/20/9 18/19/9 20/21/9 19/22/9
f 19/22/10 20/21/10 22/23/10 21/24/10
f 21/24/11 22/23/11 24/25/11 23/26/11
f 23/27/12 24/28/12 26/29/12 25/30/12
f 25/30/13 26/29/13 28/31/13 27/32/13
f 27/32/14 28/31/14 30/33/14 29/34/14
f 29/34/15 30/33/15 32/35/15 31/36/15
f 31/36/16 32/35/16 34/37/16 33/38/16
f 33/38/17 34/37/17 36/39/17 35/40/17
f 35/40/18 36/39/18 38/41/18 37/42/18
f 37/42/19 38/41/19 40/43/19 39/44/19
f 39/45/20 40/46/20 42/47/20 41/48/20
f 41/48/21 42/47/21 44/49/21 43/50/21
f 43/50/22 44/49/22 46/51/22 45/52/22
f 45/52/23 46/51/23 48/53/23 47/54/23
f 47/54/24 48/53/24 50/55/24 49/56/24
f 49/56/25 50/55/25 52/57/25 51/58/25
f 51/58/26 52/57/26 54/59/26 53/60/26
f 53/61/27 54/62/27 56/63/27 55/64/27
f 55/64/28 56/63/28 58/65/28 57/66/28
f 57/66/29 58/65/29 60/67/29 59/68/29
f 59/68/30 60/67/30 62/69/30 61/70/30
f 61/70/31 62/69/31 64/71/31 63/72/31
f 63/72/32 64/71/32 2/2/32 1/1/32
f 14/73/33 12/74/33 70/75/33 71/76/33
f 32/77/34 30/78/34 79/79/34 80/80/34
f 50/81/35 48/82/35 88/83/35 89/84/35
f 6/85/36 4/86/36 66/87/36 67/88/36
f 24/89/37 22/90/37 75/91/37 76/92/37
f 42/93/38 40/94/38 84/95/38 85/96/38
f 60/97/39 58/98/39 93/99/39 94/100/39
f 16/101/40 14/73/40 71/76/40 72/102/40
f 34/103/41 32/77/41 80/80/41 81/104/41
f 52/105/42 50/81/42 89/84/42 90/106/42
f 8/107/43 6/85/43 67/88/43 68/108/43
f 26/109/44 24/89/44 76/92/44 77/110/44
f 44/111/45 42/93/45 85/96/45 86/112/45
f 62/113/46 60/97/46 94/100/46 95/114/46
f 18/115/47 16/101/47 72/102/47 73/116/47
f 36/117/48 34/103/48 81/104/48 82/118/48
f 54/119/49 52/105/49 90/106/49 91/120/49
f 10/121/50 8/122/50 68/123/50 69/124/50
f 28/125/51 26/109/51 77/110/51 78/126/51
f 46/127/52 44/111/52 86/112/52 87/128/52
f 64/129/53 62/113/53 95/114/53 96/130/53
f 20/131/54 18/115/54 73/116/54 74/132/54
f 38/133/55 36/117/55 82/118/55 83/134/55
f 56/135/56 54/119/56 91/120/56 92/136/56
f 12/74/57 10/121/57 69/124/57 70/75/57
f 30/78/58 28/125/58 78/126/58 79/79/58
f 48/82/59 46/127/59 87/128/59 88/83/59
f 4/86/60 2/137/60 65/138/60 66/87/60
f 2/137/61 64/129/61 96/130/61 65/138/61
f 22/139/62 20/131/62 74/132/62 75/140/62
f 40/141/63 38/133/63 83/134/63 84/142/63
f 58/98/64 56/143/64 92/144/64 93/99/64
f 51/145/65 53/146/65 123/147/65 122/148/65
f 7/149/66 9/150/66 101/151/66 100/152/66
f 25/153/67 27/154/67 110/155/67 109/156/67
f 43/157/68 45/158/68 119/159/68 118/160/68
f 61/161/69 63/162/69 128/163/69 127/164/69
f 17/165/70 19/166/70 106/167/70 105/168/70
f 35/169/71 37/170/71 115/171/71 114/172/71
f 53/173/72 55/174/72 124/175/72 123/176/72
f 9/150/73 11/177/73 102/178/73 101/151/73
f 27/154/74 29/179/74 111/180/74 110/155/74
f 45/158/75 47/181/75 120/182/75 119/159/75
f 1/183/76 3/184/76 98/185/76 97/186/76
f 63/162/77 1/183/77 97/186/77 128/163/77
f 19/166/78 21/187/78 107/188/78 106/167/78
f 37/170/79 39/189/79 116/190/79 115/171/79
f 55/174/80 57/191/80 125/192/80 124/175/80
f 11/177/81 13/193/81 103/194/81 102/178/81
f 29/179/82 31/195/82 112/196/82 111/180/82
f 47/181/83 49/197/83 121/198/83 120/182/83
f 3/184/84 5/199/84 99/200/84 98/185/84
f 21/201/85 23/202/85 108/203/85 107/204/85
f 39/205/86 41/206/86 117/207/86 116/208/86
f 57/191/87 59/209/87 126/210/87 125/192/87
f 13/193/88 15/211/88 104/212/88 103/194/88
f 31/195/89 33/213/89 113/214/89 112/196/89
f 49/197/90 51/145/90 122/148/90 121/198/90
f 5/215/91 7/149/91 100/152/91 99/216/91
f 23/202/92 25/153/92 109/156/92 108/203/92
f 41/206/93 43/157/93 118/160/93 117/207/93
f 59/209/94 61/161/94 127/164/94 126/210/94
f 15/211/95 17/165/95 105/168/95 104/212/95
f 33/213/96 35/169/96 114/172/96 113/214/96
s 97
f 129/217/97 141/218/98 152/219/99 140/220/100
f 130/221/101 142/222/102 141/223/98 129/224/97
f 131/225/103 143/226/104 142/227/102 130/228/101
f 132/229/105 144/230/106 143/226/104 131/225/103
f 133/231/107 145/232/108 144/233/106 132/234/105
f 134/235/109 146/236/110 145/232/108 133/231/107
f 135/237/111 147/238/112 146/236/110 134/235/109
f 136/239/113 148/240/114 147/238/112 135/237/111
f 137/241/115 149/242/116 148/240/114 136/239/113
f 138/243/117 150/244/118 149/242/116 137/241/115
f 139/245/119 151/246/120 150/244/118 138/243/117
f 140/220/100 152/219/99 151/246/120 139/245/119
f 141/247/98 153/248/121 164/249/122 152/250/99
f 142/251/102 154/252/123 153/253/121 141/254/98
f 143/255/104 155/256/124 154/252/123 142/251/102
f 144/257/106 156/258/125 155/256/124 143/255/104
f 145/259/108 157/260/126 156/261/125 144/262/106
f 146/263/110 158/264/127 157/260/126 145/259/108
f 147/265/112 159/266/128 158/264/127 146/263/110
f 148/267/114 160/268/129 159/269/128 147/270/112
f 149/271/116 161/272/130 160/268/129 148/267/114
f 150/273/118 162/274/131 161/272/130 149/271/116
f 151/275/120 163/276/132 162/277/131 150/278/118
f 152/250/99 164/249/122 163/276/132 151/275/120
f 153/248/121 165/279/133 176/280/134 164/249/122
f 154/252/123 166/281/135 165/282/133 153/253/121
f 155/256/124 167/283/136 166/281/135 154/252/123
f 156/258/125 168/284/137 167/283/136 155/256/124
f 157/260/126 169/285/138 168/286/137 156/261/125
f 158/264/127 170/287/139 169/285/138 157/260/126
f 159/266/128 171/288/140 170/287/139 158/264/127
f 160/268/129 172/289/141 171/290/140 159/269/128
f 161/272/130 173/291/142 172/289/141 160/268/129
f 162/274/131 174/292/143 173/291/142 161/272/130
f 163/276/132 175/293/144 174/294/143 162/277/131
f 164/249/122 176/280/134 175/293/144 163/276/132
f 165/279/133 177/295/145 188/296/146 176/280/134
f 166/281/135 178/297/147 177/298/145 165/282/133
f 167/283/136 179/299/148 178/297/147 166/281/135
f 168/284/137 180/300/149 179/299/148 167/283/136
f 169/285/138 181/301/150 180/302/149 168/286/137
f 170/287/139 182/303/151 181/301/150 169/285/138
f 171/288/140 183/304/152 182/303/151 170/287/139
f 172/289/141 184/305/153 183/306/152 171/290/140
f 173/291/142 185/307/154 184/305/153 172/289/141
f 174/292/143 186/308/155 185/307/154 173/291/142
f 175/293/144 187/309/156 186/310/155 174/294/143
f 176/280/134 188/296/146 187/309/156 175/293/144
f 177/295/145 189/311/157 200/312/158 188/296/146
f 178/297/147 190/313/159 189/314/157 177/298/145
f 179/299/148 191/315/160 190/313/159 178/297/147
f 180/300/149 192/316/161 191/315/160 179/299/148
f 181/301/150 193/317/162 192/318/161 180/302/149
f 182/303/151 194/319/163 193/317/162 181/301/150
f 183/304/152 195/320/164 194/319/163 182/303/151
f 184/305/153 196/321/165 195/322/164 183/306/152
f 185/307/154 197/323/166 196/321/165 184/305/153
f 186/308/155 198/324/167 197/323/166 185/307/154
f 187/309/156 199/325/168 198/326/167 186/310/155
f 188/296/146 200/312/158 199/325/168 187/309/156
f 189/311/157 201/327/169 212/328/170 200/312/158
f 190/313/159 202/329/171 201/330/169 189/314/157
f 191/315/160 203/331/172 202/329/171 190/313/159
f 192/316/161 204/332/173 203/331/172 191/315/160
f 193/317/162 205/333/174 204/334/173 192/318/161
f 194/319/163 206/335/175 205/333/174 193/317/162
f 195/320/164 207/336/176 206/335/175 194/319/163
f 196/321/165 208/337/177 207/338/176 195/322/164
f 197/323/166 209/339/178 208/337/177 196/321/165
f 198/324/167 210/340/179 209/339/178 197/323/166
f 199/325/168 211/341/180 210/342/179 198/326/167
f 200/312/158 212/328/170 211/341/180 199/325/168
f 201/327/169 213/343/181 224/344/182 212/328/170
f 202/329/171 214/345/183 213/346/181 201/330/169
f 203/331/172 215/347/184 214/345/183 202/329/171
f 204/332/173 216/348/185 215/347/184 203/331/172
f 205/333/174 217/349/186 216/350/185 204/334/173
f 206/335/175 218/351/187 217/349/186 205/333/174
f 207/336/176 219/352/188 218/351/187 206/335/175
f 208/337/177 220/353/189 219/354/188 207/338/176
f 209/339/178 221/355/190 220/353/189 208/337/177
f 210/340/179 222/356/191 221/355/190 209/339/178
f 211/341/180 223/357/192 222/358/191 210/342/179
f 212/328/170 224/344/182 223/357/192 211/341/180
f 213/343/181 225/359/193 236/360/194 224/344/182
f 214/345/183 226/361/195 225/362/193 213/346/181
f 215/347/184 227/363/196 226/361/195 214/345/183
f 216/348/185 228/364/197 227/363/196 215/347/184
f 217/349/186 229/365/198 228/366/197 216/350/185
f 218/351/187 230/367/199 229/365/198 217/349/186
f 219/352/188 231/368/200 230/367/199 218/351/187
f 220/353/189 232/369/201 231/370/200 219/354/188
f 221/355/190 233/371/202 232/369/201 220/353/189
f 222/356/191 234/372/203 233/371/202 221/355/190
f 223/357/192 235/373/204 234/374/203 222/358/191
f 224/344/182 236/360/194 235/373/204 223/357/192
f 225/359/193 237/375/205 248/376/206 236/360/194
f 226/361/195 238/377/207 237/378/205 225/362/193
f 227/363/196 239/379/208 238/377/207 226/361/195
f 228/364/197 240/380/209 239/379/208 227/363/196
f 229/365/198 241/381/210 240/382/209 228/366/197
f 230/367/199 242/383/211 241/381/210 229/365/198
f 231/368/200 243/384/212 242/383/211 230/367/199
f 232/369/201 244/385/213 243/386/212 231/370/200
f 233/371/202 245/387/214 244/385/213 232/369/201
f 234/372/203 246/388/215 245/387/214 233/371/202
f 235/373/204 247/389/216 246/390/215 234/374/203
f 236/360/194 248/376/206 247/389/216 235/373/204
f 237/375/205 249/391/217 260/392/218 248/376/206
f 238/377/207 250/393/219 249/394/217 237/378/205
f 239/379/208 251/395/220 250/393/219 238/377/207
f 240/380/209 252/396/221 251/395/220 239/379/208
f 241/381/210 253/397/222 252/398/221 240/382/209
f 242/383/211 254/399/223 253/397/222 241/381/210
f 243/384/212 255/400/224 254/399/223 242/383/211
f 244/385/213 256/401/225 255/402/224 243/386/212
f 245/387/214 257/403/226 256/401/225 244/385/213
f 246/388/215 258/404/227 257/403/226 245/387/214
f 247/389/216 259/405/228 258/406/227 246/390/215
f 248/376/206 260/392/218 259/405/228 247/389/216
f 249/391/217 261/407/229 272/408/230 260/392/218
f 250/393/219 262/409/231 261/410/229 249/394/217
f 251/395/220 263/411/232 262/409/231 250/393/219
f 252/396/221 264/412/233 263/411/232 251/395/220
f 253/397/222 265/413/234 264/414/233 252/398/221
f 254/399/223 266/415/235 265/413/234 253/397/222
f 255/400/224 267/416/236 266/415/235 254/399/223
f 256/401/225 268/417/237 267/418/236 255/402/224
f 257/403/226 269/419/238 268/417/237 256/401/225
f 258/404/227 270/420/239 269/419/238 257/403/226
f 259/405/228 271/421/240 270/422/239 258/406/227
f 260/392/218 272/408/230 271/421/240 259/405/228
f 261/407/229 273/423/241 284/424/242 272/408/230
f 262/409/231 274/425/243 273/426/241 261/410/229
f 263/411/232 275/427/244 274/425/243 262/409/231
f 264/412/233 276/428/245 275/427/244 263/411/232
f 265/413/234 277/429/246 276/430/245 264/414/233
f 266/415/235 278/431/247 277/429/246 265/413/234
f 267/416/236 279/432/248 278/431/247 266/415/235
f 268/417/237 280/433/249 279/434/248 267/418/236
f 269/419/238 281/435/250 280/433/249 268/417/237
f 270/420/239 282/436/251 281/435/250 269/419/238
f 271/421/240 283/437/252 282/438/251 270/422/239
f 272/408/230 284/424/242 283/437/252 271/421/240
f 273/439/241 285/440/253 296/441/254 284/442/242
f 274/443/243 286/444/255 285/445/253 273/446/241
f 275/447/244 287/448/256 286/444/255 274/443/243
f 276/449/245 288/450/257 287/451/256 275/452/244
f 277/453/246 289/454/258 288/455/257 276/456/245
f 278/457/247 290/458/259 289/454/258 277/453/246
f 279/459/248 291/460/260 290/461/259 278/462/247
f 280/463/249 292/464/261 291/465/260 279/466/248
f 281/467/250 293/468/262 292/464/261 280/463/249
f 282/469/251 294/470/263 293/471/262 281/472/250
f 283/473/252 295/474/264 294/475/263 282/476/251
f 284/477/242 296/478/254 295/474/264 283/473/252
f 285/479/253 297/480/265 308/481/266 296/482/254
f 286/483/255 298/484/267 297/485/265 285/486/253
f 287/487/256 299/488/268 298/489/267 286/490/255
f 288/450/257 300/491/269 299/492/268 287/451/256
f 289/454/258 301/493/270 300/494/269 288/455/257
f 290/458/259 302/495/271 301/493/270 289/454/258
f 291/496/260 303/497/272 302/498/271 290/499/259
f 292/500/261 304/501/273 303/502/272 291/503/260
f 293/504/262 305/505/274 304/506/273 292/507/261
f 294/470/263 306/508/275 305/509/274 293/471/262
f 295/474/264 307/510/276 306/511/275 294/475/263
f 296/478/254 308/512/266 307/510/276 295/474/264
f 297/480/265 309/513/277 320/514/278 308/481/266
f 298/484/267 310/515/279 309/516/277 297/485/265
f 299/488/268 311/517/280 310/518/279 298/489/267
f 300/491/269 312/519/281 311/520/280 299/492/268
f 301/493/270 313/521/282 312/522/281 300/494/269
f 302/495/271 314/523/283 313/521/282 301/493/270
f 303/497/272 315/524/284 314/525/283 302/498/271
f 304/501/273 316/526/285 315/527/284 303/502/272
f 305/505/274 317/528/286 316/529/285 304/506/273
f 306/508/275 318/530/287 317/531/286 305/509/274
f 307/510/276 319/532/288 318/533/287 306/511/275
f 308/512/266 320/534/278 319/532/288 307/510/276
f 309/513/277 321/535/289 332/536/290 320/514/278
f 310/515/279 322/537/291 321/538/289 309/516/277
f 311/517/280 323/539/292 322/540/291 310/518/279
f 312/519/281 324/541/293 323/542/292 311/520/280
f 313/521/282 325/543/294 324/544/293 312/522/281
f 314/523/283 326/545/295 325/543/294 313/521/282
f 315/524/284 327/546/296 326/547/295 314/525/283
f 316/526/285 328/548/297 327/549/296 315/527/284
f 317/528/286 329/550/298 328/551/297 316/529/285
f 318/530/287 330/552/299 329/553/298 317/531/286
f 319/532/288 331/554/300 330/555/299 318/533/287
f 320/534/278 332/556/290 331/554/300 319/532/288
f 321/557/289 333/558/301 344/559/302 332/560/290
f 322/561/291 334/562/303 333/563/301 321/564/289
f 323/565/292 335/566/304 334/567/303 322/568/291
f 324/569/293 336/570/305 335/571/304 323/572/292
f 325/573/294 337/574/306 336/575/305 324/576/293
f 326/577/295 338/578/307 337/574/306 325/573/294
f 327/579/296 339/580/308 338/581/307 326/582/295
f 328/583/297 340/584/309 339/585/308 327/586/296
f 329/587/298 341/588/310 340/589/309 328/590/297
f 330/591/299 342/592/311 341/593/310 329/594/298
f 331/595/300 343/596/312 342/597/311 330/598/299
f 332/599/290 344/600/302 343/596/312 331/595/300
f 333/558/301 345/601/313 356/602/314 344/559/302
f 334/562/303 346/603/315 345/604/313 333/563/301
f 335/566/304 347/605/316 346/606/315 334/567/303
f 336/570/305 348/607/317 347/608/316 335/571/304
f 337/609/306 349/610/318 348/607/317 336/570/305
f 338/578/307 350/611/319 349/612/318 337/574/306
f 339/580/308 351/613/320 350/614/319 338/581/307
f 340/584/309 352/615/321 351/616/320 339/585/308
f 341/588/310 353/617/322 352/618/321 340/589/309
f 342/592/311 354/619/323 353/620/322 341/593/310
f 343/621/312 355/622/324 354/619/323 342/592/311
f 344/600/302 356/623/314 355/624/324 343/596/312
f 345/601/313 357/625/325 368/626/326 356/602/314
f 346/603/315 358/627/327 357/628/325 345/604/313
f 347/605/316 359/629/328 358/630/327 346/606/315
f 348/607/317 360/631/329 359/632/328 347/608/316
f 349/610/318 361/633/330 360/631/329 348/607/317
f 350/611/319 362/634/331 361/635/330 349/612/318
f 351/613/320 363/636/332 362/637/331 350/614/319
f 352/615/321 364/638/333 363/639/332 351/616/320
f 353/617/322 365/640/334 364/641/333 352/618/321
f 354/619/323 366/642/335 365/643/334 353/620/322
f 355/622/324 367/644/336 366/642/335 354/619/323
f 356/623/314 368/645/326 367/646/336 355/624/324
f 357/625/325 369/647/337 380/648/338 368/626/326
f 358/627/327 370/649/339 369/650/337 357/628/325
f 359/629/328 371/651/340 370/652/339 358/630/327
f 360/631/329 372/653/341 371/654/340 359/632/328
f 361/635/330 373/655/342 372/656/341 360/657/329
f 362/634/331 374/658/343 373/655/342 361/635/330
f 363/636/332 375/659/344 374/660/343 362/637/331
f 364/638/333 376/661/345 375/662/344 363/639/332
f 365/640/334 377/663/346 376/664/345 364/641/333
f 366/642/335 378/665/347 377/666/346 365/643/334
f 367/646/336 379/667/348 378/668/347 366/669/335
f 368/645/326 380/670/338 379/667/348 367/646/336
f 369/671/337 381/672/349 392/673/350 380/674/338
f 370/675/339 382/676/351 381/677/349 369/678/337
f 371/679/340 383/680/352 382/681/351 370/682/339
f 372/683/341 384/684/353 383/685/352 371/686/340
f 373/687/342 385/688/354 384/689/353 372/690/341
f 374/691/343 386/692/355 385/688/354 373/687/342
f 375/693/344 387/694/356 386/695/355 374/696/343
f 376/697/345 388/698/357 387/699/356 375/700/344
f 377/701/346 389/702/358 388/703/357 376/704/345
f 378/705/347 390/706/359 389/707/358 377/708/346
f 379/709/348 391/710/360 390/711/359 378/712/347
f 380/713/338 392/714/350 391/710/360 379/709/348
f 381/672/349 393/715/361 404/716/362 392/673/350
f 382/676/351 394/717/363 393/718/361 381/677/349
f 383/680/352 395/719/364 394/720/363 382/681/351
f 384/684/353 396/721/365 395/722/364 383/685/352
f 385/688/354 397/723/366 396/724/365 384/689/353
f 386/692/355 398/725/367 397/723/366 385/688/354
f 387/694/356 399/726/368 398/727/367 386/695/355
f 388/698/357 400/728/369 399/729/368 387/699/356
f 389/702/358 401/730/370 400/731/369 388/703/357
f 390/706/359 402/732/371 401/733/370 389/707/358
f 391/710/360 403/734/372 402/735/371 390/711/359
f 392/714/350 404/736/362 403/734/372 391/710/360
f 393/715/361 405/737/373 416/738/374 404/716/362
f 394/717/363 406/739/375 405/740/373 393/718/361
f 395/719/364 407/741/376 406/742/375 394/720/363
f 396/721/365 408/743/377 407/744/376 395/722/364
f 397/723/366 409/745/378 408/746/377 396/724/365
f 398/725/367 410/747/379 409/745/378 397/723/366
f 399/726/368 411/748/380 410/749/379 398/727/367
f 400/728/369 412/750/381 411/751/380 399/729/368
f 401/730/370 413/752/382 412/753/381 400/731/369
f 402/732/371 414/754/383 413/755/382 401/733/370
f 403/734/372 415/756/384 414/757/383 402/735/371
f 404/736/362 416/758/374 415/756/384 403/734/372
f 405/737/373 417/759/385 428/760/386 416/738/374
f 406/739/375 418/761/387 417/762/385 405/740/373
f 407/741/376 419/763/388 418/764/387 406/742/375
f 408/743/377 420/765/389 419/766/388 407/744/376
f 409/767/378 421/768/390 420/765/389 408/743/377
f 410/747/379 422/769/391 421/770/390 409/745/378
f 411/748/380 423/771/392 422/772/391 410/749/379
f 412/750/381 424/773/393 423/774/392 411/751/380
f 413/752/382 425/775/394 424/776/393 412/753/381
f 414/754/383 426/777/395 425/778/394 413/755/382
f 415/779/384 427/780/396 426/777/395 414/754/383
f 416/758/374 428/781/386 427/782/396 415/756/384
f 417/783/385 429/784/397 440/785/398 428/786/386
f 418/787/387 430/788/399 429/784/397 417/783/385
f 419/789/388 431/790/400 430/791/399 418/792/387
f 420/793/389 432/794/401 431/795/400 419/796/388
f 421/797/390 433/798/402 432/799/401 420/800/389
f 422/801/391 434/802/403 433/803/402 421/804/390
f 423/805/392 435/806/404 434/807/403 422/808/391
f 424/809/393 436/810/405 435/806/404 423/805/392
f 425/811/394 437/812/406 436/813/405 424/814/393
f 426/815/395 438/816/407 437/817/406 425/818/394
f 427/819/396 439/820/408 438/821/407 426/822/395
f 428/823/386 440/824/398 439/825/408 427/826/396
f 429/784/397 441/827/409 452/828/410 440/785/398
f 430/788/399 442/829/411 441/827/409 429/784/397
f 431/790/400 443/830/412 442/831/411 430/791/399
f 432/794/401 444/832/413 443/833/412 431/795/400
f 433/834/402 445/835/414 444/836/413 432/837/401
f 434/802/403 446/838/415 445/839/414 433/803/402
f 435/806/404 447/840/416 446/841/415 434/807/403
f 436/810/405 448/842/417 447/840/416 435/806/404
f 437/812/406 449/843/418 448/844/417 436/813/405
f 438/816/407 450/845/419 449/846/418 437/817/406
f 439/820/408 451/847/420 450/848/419 438/821/407
f 440/824/398 452/849/410 451/850/420 439/825/408
f 441/827/409 453/851/421 464/852/422 452/828/410
f 442/829/411 454/853/423 453/851/421 441/827/409
f 443/830/412 455/854/424 454/855/423 442/831/411
f 444/832/413 456/856/425 455/857/424 443/833/412
f 445/835/414 457/858/426 456/859/425 444/836/413
f 446/838/415 458/860/427 457/861/426 445/839/414
f 447/840/416 459/862/428 458/863/427 446/841/415
f 448/842/417 460/864/429 459/862/428 447/840/416
f 449/843/418 461/865/430 460/866/429 448/844/417
f 450/845/419 462/867/431 461/868/430 449/846/418
f 451/847/420 463/869/432 462/870/431 450/848/419
f 452/849/410 464/871/422 463/872/432 451/850/420
f 453/873/421 465/874/433 476/875/434 464/876/422
f 454/877/423 466/878/435 465/879/433 453/880/421
f 455/881/424 467/882/436 466/883/435 454/884/423
f 456/885/425 468/886/437 467/887/436 455/888/424
f 457/889/426 469/890/438 468/891/437 456/892/425
f 458/893/427 470/894/439 469/895/438 457/896/426
f 459/897/428 471/898/440 470/894/439 458/893/427
f 460/899/429 472/900/441 471/901/440 459/902/428
f 461/903/430 473/904/442 472/905/441 460/906/429
f 462/907/431 474/908/443 473/909/442 461/910/430
f 463/911/432 475/912/444 474/913/443 462/914/431
f 464/876/422 476/875/434 475/915/444 463/916/432
f 465/879/433 477/917/445 488/918/446 476/919/434
f 466/878/435 478/920/447 477/917/445 465/879/433
f 467/882/436 479/921/448 478/922/447 466/883/435
f 468/886/437 480/923/449 479/924/448 467/887/436
f 469/890/438 481/925/450 480/926/449 468/891/437
f 470/894/439 482/927/451 481/928/450 469/895/438
f 471/901/440 483/929/452 482/930/451 470/931/439
f 472/900/441 484/932/453 483/929/452 471/901/440
f 473/904/442 485/933/454 484/934/453 472/905/441
f 474/908/443 486/935/455 485/936/454 473/909/442
f 475/912/444 487/937/456 486/938/455 474/913/443
f 476/875/434 488/939/446 487/940/456 475/915/444
f 477/917/445 489/941/457 500/942/458 488/918/446
f 478/920/447 490/943/459 489/941/457 477/917/445
f 479/921/448 491/944/460 490/945/459 478/922/447
f 480/923/449 492/946/461 491/947/460 479/924/448
f 481/925/450 493/948/462 492/949/461 480/926/449
f 482/927/451 494/950/463 493/951/462 481/928/450
f 483/929/452 495/952/464 494/953/463 482/930/451
f 484/932/453 496/954/465 495/952/464 483/929/452
f 485/933/454 497/955/466 496/956/465 484/934/453
f 486/935/455 498/957/467 497/958/466 485/936/454
f 487/937/456 499/959/468 498/960/467 486/938/455
f 488/939/446 500/961/458 499/962/468 487/940/456
f 489/963/457 501/964/469 512/965/470 500/961/458
f 490/943/459 502/966/471 501/967/469 489/941/457
f 491/944/460 503/968/472 502/969/471 490/945/459
f 492/946/461 504/970/473 503/971/472 491/947/460
f 493/948/462 505/972/474 504/973/473 492/949/461
f 494/950/463 506/974/475 505/975/474 493/951/462
f 495/976/464 507/977/476 506/974/475 494/950/463
f 496/954/465 508/978/477 507/979/476 495/952/464
f 497/955/466 509/980/478 508/981/477 496/956/465
f 498/957/467 510/982/479 509/983/478 497/958/466
f 499/959/468 511/984/480 510/985/479 498/960/467
f 500/961/458 512/965/470 511/986/480 499/962/468
f 501/987/469 513/988/481 524/989/482 512/990/470
f 502/991/471 514/992/483 513/993/481 501/994/469
f 503/995/472 515/996/484 514/997/483 502/998/471
f 504/999/473 516/1000/485 515/1001/484 503/1002/472
f 505/1003/474 517/1004/486 516/1000/485 504/999/473
f 506/1005/475 518/1006/487 517/1007/486 505/1008/474
f 507/1009/476 519/1010/488 518/1011/487 506/1012/475
f 508/1013/477 520/1014/489 519/1015/488 507/1016/476
f 509/1017/478 521/1018/490 520/1019/489 508/1020/477
f 510/1021/479 522/1022/491 521/1023/490 509/1024/478
f 511/1025/480 523/1026/492 522/1022/491 510/1021/479
f 512/1027/470 524/1028/482 523/1029/492 511/1030/480
f 513/988/481 525/1031/493 536/1032/494 524/989/482
f 514/992/483 526/1033/495 525/1034/493 513/993/481
f 515/996/484 527/1035/496 526/1036/495 514/997/483
f 516/1000/485 528/1037/497 527/1038/496 515/1001/484
f 517/1004/486 529/1039/498 528/1037/497 516/1000/485
f 518/1006/487 530/1040/499 529/1041/498 517/1007/486
f 519/1010/488 531/1042/500 530/1043/499 518/1011/487
f 520/1014/489 532/1044/501 531/1045/500 519/1015/488
f 521/1018/490 533/1046/502 532/1047/501 520/1019/489
f 522/1022/491 534/1048/503 533/1049/502 521/1023/490
f 523/1026/492 535/1050/504 534/1048/503 522/1022/491
f 524/1028/482 536/1051/494 535/1052/504 523/1029/492
f 525/1031/493 537/1053/505 548/1054/506 536/1032/494
f 526/1033/495 538/1055/507 537/1056/505 525/1034/493
f 527/1035/496 539/1057/508 538/1058/507 526/1036/495
f 528/1037/497 540/1059/509 539/1060/508 527/1038/496
f 529/1039/498 541/1061/510 540/1059/509 528/1037/497
f 530/1040/499 542/1062/511 541/1063/510 529/1041/498
f 531/1042/500 543/1064/512 542/1065/511 530/1043/499
f 532/1044/501 544/1066/513 543/1067/512 531/1045/500
f 533/1046/502 545/1068/514 544/1069/513 532/1047/501
f 534/1048/503 546/1070/515 545/1071/514 533/1049/502
f 535/1050/504 547/1072/516 546/1070/515 534/1048/503
f 536/1051/494 548/1073/506 547/1074/516 535/1052/504
f 537/1053/505 549/1075/517 560/1076/518 548/1054/506
f 538/1055/507 550/1077/519 549/1078/517 537/1056/505
f 539/1057/508 551/1079/520 550/1080/519 538/1058/507
f 540/1081/509 552/1082/521 551/1079/520 539/1057/508
f 541/1061/510 553/1083/522 552/1084/521 540/1059/509
f 542/1062/511 554/1085/523 553/1086/522 541/1063/510
f 543/1064/512 555/1087/524 554/1088/523 542/1065/511
f 544/1066/513 556/1089/525 555/1090/524 543/1067/512
f 545/1068/514 557/1091/526 556/1092/525 544/1069/513
f 546/1093/515 558/1094/527 557/1091/526 545/1068/514
f 547/1072/516 559/1095/528 558/1096/527 546/1070/515
f 548/1073/506 560/1097/518 559/1098/528 547/1074/516
f 549/1075/517 561/1099/529 572/1100/530 560/1076/518
f 550/1077/519 562/1101/531 561/1102/529 549/1078/517
f 551/1079/520 563/1103/532 562/1104/531 550/1080/519
f 552/1084/521 564/1105/533 563/1106/532 551/1107/520
f 553/1083/522 565/1108/534 564/1105/533 552/1084/521
f 554/1085/523 566/1109/535 565/1110/534 553/1086/522
f 555/1087/524 567/1111/536 566/1112/535 554/1088/523
f 556/1089/525 568/1113/537 567/1114/536 555/1090/524
f 557/1091/526 569/1115/538 568/1116/537 556/1092/525
f 558/1096/527 570/1117/539 569/1118/538 557/1119/526
f 559/1095/528 571/1120/540 570/1117/539 558/1096/527
f 560/1097/518 572/1121/530 571/1122/540 559/1098/528
s 0
f 575/1/541 577/4/541 578/3/541 576/2/541
f 577/4/542 579/6/542 580/5/542 578/3/542
f 579/7/543 581/10/543 582/9/543 580/8/543
f 581/10/544 583/12/544 584/11/544 582/9/544
f 583/12/545 585/14/545 586/13/545 584/11/545
f 585/14/546 587/16/546 588/15/546 586/13/546
f 587/16/547 589/18/547 590/17/547 588/15/547
f 589/18/548 591/20/548 592/19/548 590/17/548
f 591/20/549 593/22/549 594/21/549 592/19/549
f 593/22/550 595/24/550 596/23/550 594/21/550
f 595/24/551 597/26/551 598/25/551 596/23/551
f 597/27/552 599/30/552 600/29/552 598/28/552
f 599/30/553 601/32/553 602/31/553 600/29/553
f 601/32/554 603/34/554 604/33/554 602/31/554
f 603/34/555 605/36/555 606/35/555 604/33/555
f 605/36/556 607/38/556 608/37/556 606/35/556
f 607/38/557 609/40/557 610/39/557 608/37/557
f 609/40/558 611/42/558 612/41/558 610/39/558
f 611/42/559 613/44/559 614/43/559 612/41/559
f 613/45/560 615/48/560 616/47/560 614/46/560
f 615/48/561 617/50/561 618/49/561 616/47/561
f 617/50/562 619/52/562 620/51/562 618/49/562
f 619/52/563 621/54/563 622/53/563 620/51/563
f 621/54/564 623/56/564 624/55/564 622/53/564
f 623/56/565 625/58/565 626/57/565 624/55/565
f 625/58/566 627/60/566 628/59/566 626/57/566
f 627/61/567 629/64/567 630/63/567 628/62/567
f 629/64/568 631/66/568 632/65/568 630/63/568
f 631/66/569 633/68/569 634/67/569 632/65/569
f 633/68/570 635/70/570 636/69/570 634/67/570
f 635/70/571 637/72/571 638/71/571 636/69/571
f 637/72/572 575/1/572 576/2/572 638/71/572
f 588/73/573 645/76/573 644/75/573 586/74/573
f 606/77/574 654/80/574 653/79/574 604/78/574
f 624/81/575 663/84/575 662/83/575 622/82/575
f 580/85/576 641/88/576 640/87/576 578/86/576
f 598/89/577 650/92/577 649/91/577 596/90/577
f 616/93/578 659/96/578 658/95/578 614/94/578
f 634/97/579 668/100/579 667/99/579 632/98/579
f 590/101/580 646/102/580 645/76/580 588/73/580
f 608/103/581 655/104/581 654/80/581 606/77/581
f 626/105/582 664/106/582 663/84/582 624/81/582
f 582/107/583 642/108/583 641/88/583 580/85/583
f 600/109/584 651/110/584 650/92/584 598/89/584
f 618/111/585 660/112/585 659/96/585 616/93/585
f 636/113/586 669/114/586 668/100/586 634/97/586
f 592/115/587 647/116/587 646/102/587 590/101/587
f 610/117/588 656/118/588 655/104/588 608/103/588
f 628/119/589 665/120/589 664/106/589 626/105/589
f 584/121/590 643/124/590 642/123/590 582/122/590
f 602/125/591 652/126/591 651/110/591 600/109/591
f 620/127/592 661/128/592 660/112/592 618/111/592
f 638/129/593 670/130/593 669/114/593 636/113/593
f 594/131/594 648/132/594 647/116/594 592/115/594
f 612/133/595 657/134/595 656/118/595 610/117/595
f 630/135/596 666/136/596 665/120/596 628/119/596
f 586/74/597 644/75/597 643/124/597 584/121/597
f 604/78/598 653/79/598 652/126/598 602/125/598
f 622/82/599 662/83/599 661/128/599 620/127/599
f 578/86/600 640/87/600 639/138/600 576/137/600
f 576/137/601 639/138/601 670/130/601 638/129/601
f 596/139/602 649/140/602 648/132/602 594/131/602
f 614/141/603 658/142/603 657/134/603 612/133/603
f 632/98/604 667/99/604 666/144/604 630/143/604
f 625/145/605 696/148/605 697/147/605 627/146/605
f 581/149/606 674/152/606 675/151/606 583/150/606
f 599/153/607 683/156/607 684/155/607 601/154/607
f 617/157/608 692/160/608 693/159/608 619/158/608
f 635/161/609 701/164/609 702/163/609 637/162/609
f 591/165/610 679/168/610 680/167/610 593/166/610
f 609/169/611 688/172/611 689/171/611 611/170/611
f 627/173/612 697/176/612 698/175/612 629/174/612
f 583/150/613 675/151/613 676/178/613 585/177/613
f 601/154/614 684/155/614 685/180/614 603/179/614
f 619/158/615 693/159/615 694/182/615 621/181/615
f 575/183/616 671/186/616 672/185/616 577/184/616
f 637/162/617 702/163/617 671/186/617 575/183/617
f 593/166/618 680/167/618 681/188/618 595/187/618
f 611/170/619 689/171/619 690/190/619 613/189/619
f 629/174/620 698/175/620 699/192/620 631/191/620
f 585/177/621 676/178/621 677/194/621 587/193/621
f 603/179/622 685/180/622 686/196/622 605/195/622
f 621/181/623 694/182/623 695/198/623 623/197/623
f 577/184/624 672/185/624 673/200/624 579/199/624
f 595/201/625 681/204/625 682/203/625 597/202/625
f 613/205/626 690/208/626 691/207/626 615/206/626
f 631/191/627 699/192/627 700/210/627 633/209/627
f 587/193/628 677/194/628 678/212/628 589/211/628
f 605/195/629 686/196/629 687/214/629 607/213/629
f 623/197/630 695/198/630 696/148/630 625/145/630
f 579/215/631 673/216/631 674/152/631 581/149/631
f 597/202/632 682/203/632 683/156/632 599/153/632
f 615/206/633 691/207/633 692/160/633 617/157/633
f 633/209/634 700/210/634 701/164/634 635/161/634
f 589/211/635 678/212/635 679/168/635 591/165/635
f 607/213/636 687/214/636 688/172/636 609/169/636
s 97
f 703/217/637 714/220/638 726/219/639 715/218/640
f 704/221/641 703/224/637 715/223/640 716/222/642
f 705/225/643 704/228/641 716/227/642 717/226/644
f 706/229/645 705/225/643 717/226/644 718/230/646
f 707/231/647 706/234/645 718/233/646 719/232/648
f 708/235/649 707/231/647 719/232/648 720/236/650
f 709/237/651 708/235/649 720/236/650 721/238/652
f 710/239/653 709/237/651 721/238/652 722/240/654
f 711/241/655 710/239/653 722/240/654 723/242/656
f 712/243/657 711/241/655 723/242/656 724/244/658
f 713/245/659 712/243/657 724/244/658 725/246/660
f 714/220/638 713/245/659 725/246/660 726/219/639
f 715/247/640 726/250/639 738/249/661 727/248/662
f 716/251/642 715/254/640 727/253/662 728/252/663
f 717/255/644 716/251/642 728/252/663 729/256/664
f 718/257/646 717/255/644 729/256/664 730/258/665
f 719/259/648 718/262/646 730/261/665 731/260/666
f 720/263/650 719/259/648 731/260/666 732/264/667
f 721/265/652 720/263/650 732/264/667 733/266/668
f 722/267/654 721/270/652 733/269/668 734/268/669
f 723/271/656 722/267/654 734/268/669 735/272/670
f 724/273/658 723/271/656 735/272/670 736/274/671
f 725/275/660 724/278/658 736/277/671 737/276/672
f 726/250/639 725/275/660 737/276/672 738/249/661
f 727/248/662 738/249/661 750/280/673 739/279/674
f 728/252/663 727/253/662 739/282/674 740/281/675
f 729/256/664 728/252/663 740/281/675 741/283/676
f 730/258/665 729/256/664 741/283/676 742/284/677
f 731/260/666 730/261/665 742/286/677 743/285/678
f 732/264/667 731/260/666 743/285/678 744/287/679
f 733/266/668 732/264/667 744/287/679 745/288/680
f 734/268/669 733/269/668 745/290/680 746/289/681
f 735/272/670 734/268/669 746/289/681 747/291/682
f 736/274/671 735/272/670 747/291/682 748/292/683
f 737/276/672 736/277/671 748/294/683 749/293/684
f 738/249/661 737/276/672 749/293/684 750/280/673
f 739/279/674 750/280/673 762/296/685 751/295/686
f 740/281/675 739/282/674 751/298/686 752/297/687
f 741/283/676 740/281/675 752/297/687 753/299/688
f 742/284/677 741/283/676 753/299/688 754/300/155
f 743/285/678 742/286/677 754/302/155 755/301/689
f 744/287/679 743/285/678 755/301/689 756/303/690
f 745/288/680 744/287/679 756/303/690 757/304/691
f 746/289/681 745/290/680 757/306/691 758/305/692
f 747/291/682 746/289/681 758/305/692 759/307/693
f 748/292/683 747/291/682 759/307/693 760/308/149
f 749/293/684 748/294/683 760/310/149 761/309/694
f 750/280/673 749/293/684 761/309/694 762/296/685
f 751/295/686 762/296/685 774/312/695 763/311/696
f 752/297/687 751/298/686 763/314/696 764/313/697
f 753/299/688 752/297/687 764/313/697 765/315/698
f 754/300/155 753/299/688 765/315/698 766/316/699
f 755/301/689 754/302/155 766/318/699 767/317/700
f 756/303/690 755/301/689 767/317/700 768/319/701
f 757/304/691 756/303/690 768/319/701 769/320/702
f 758/305/692 757/306/691 769/322/702 770/321/703
f 759/307/693 758/305/692 770/321/703 771/323/704
f 760/308/149 759/307/693 771/323/704 772/324/705
f 761/309/694 760/310/149 772/326/705 773/325/706
f 762/296/685 761/309/694 773/325/706 774/312/695
f 763/311/696 774/312/695 786/328/707 775/327/708
f 764/313/697 763/314/696 775/330/708 776/329/709
f 765/315/698 764/313/697 776/329/709 777/331/178
f 766/316/699 765/315/698 777/331/178 778/332/710
f 767/317/700 766/318/699 778/334/710 779/333/711
f 768/319/701 767/317/700 779/333/711 780/335/712
f 769/320/702 768/319/701 780/335/712 781/336/713
f 770/321/703 769/322/702 781/338/713 782/337/714
f 771/323/704 770/321/703 782/337/714 783/339/715
f 772/324/705 771/323/704 783/339/715 784/340/716
f 773/325/706 772/326/705 784/342/716 785/341/717
f 774/312/695 773/325/706 785/341/717 786/328/707
f 775/327/708 786/328/707 798/344/718 787/343/719
f 776/329/709 775/330/708 787/346/719 788/345/720
f 777/331/178 776/329/709 788/345/720 789/347/721
f 778/332/710 777/331/178 789/347/721 790/348/722
f 779/333/711 778/334/710 790/350/722 791/349/723
f 780/335/712 779/333/711 791/349/723 792/351/724
f 781/336/713 780/335/712 792/351/724 793/352/725
f 782/337/714 781/338/713 793/354/725 794/353/726
f 783/339/715 782/337/714 794/353/726 795/355/727
f 784/340/716 783/339/715 795/355/727 796/356/728
f 785/341/717 784/342/716 796/358/728 797/357/729
f 786/328/707 785/341/717 797/357/729 798/344/718
f 787/343/719 798/344/718 810/360/730 799/359/731
f 788/345/720 787/346/719 799/362/731 800/361/732
f 789/347/721 788/345/720 800/361/732 801/363/733
f 790/348/722 789/347/721 801/363/733 802/364/734
f 791/349/723 790/350/722 802/366/734 803/365/735
f 792/351/724 791/349/723 803/365/735 804/367/736
f 793/352/725 792/351/724 804/367/736 805/368/737
f 794/353/726 793/354/725 805/370/737 806/369/738
f 795/355/727 794/353/726 806/369/738 807/371/739
f 796/356/728 795/355/727 807/371/739 808/372/740
f 797/357/729 796/358/728 808/374/740 809/373/741
f 798/344/718 797/357/729 809/373/741 810/360/730
f 799/359/731 810/360/730 822/376/742 811/375/743
f 800/361/732 799/362/731 811/378/743 812/377/744
f 801/363/733 800/361/732 812/377/744 813/379/745
f 802/364/734 801/363/733 813/379/745 814/380/746
f 803/365/735 802/366/734 814/382/746 815/381/747
f 804/367/736 803/365/735 815/381/747 816/383/748
f 805/368/737 804/367/736 816/383/748 817/384/749
f 806/369/738 805/370/737 817/386/749 818/385/750
f 807/371/739 806/369/738 818/385/750 819/387/751
f 808/372/740 807/371/739 819/387/751 820/388/752
f 809/373/741 808/374/740 820/390/752 821/389/753
f 810/360/730 809/373/741 821/389/753 822/376/742
f 811/375/743 822/376/742 834/392/754 823/391/755
f 812/377/744 811/378/743 823/394/755 824/393/756
f 813/379/745 812/377/744 824/393/756 825/395/757
f 814/380/746 813/379/745 825/395/757 826/396/758
f 815/381/747 814/382/746 826/398/758 827/397/759
f 816/383/748 815/381/747 827/397/759 828/399/760
f 817/384/749 816/383/748 828/399/760 829/400/761
f 818/385/750 817/386/749 829/402/761 830/401/762
f 819/387/751 818/385/750 830/401/762 831/403/763
f 820/388/752 819/387/751 831/403/763 832/404/764
f 821/389/753 820/390/752 832/406/764 833/405/765
f 822/376/742 821/389/753 833/405/765 834/392/754
f 823/391/755 834/392/754 846/408/766 835/407/767
f 824/393/756 823/394/755 835/410/767 836/409/768
f 825/395/757 824/393/756 836/409/768 837/411/769
f 826/396/758 825/395/757 837/411/769 838/412/770
f 827/397/759 826/398/758 838/414/770 839/413/771
f 828/399/760 827/397/759 839/413/771 840/415/772
f 829/400/761 828/399/760 840/415/772 841/416/773
f 830/401/762 829/402/761 841/418/773 842/417/774
f 831/403/763 830/401/762 842/417/774 843/419/775
f 832/404/764 831/403/763 843/419/775 844/420/776
f 833/405/765 832/406/764 844/422/776 845/421/777
f 834/392/754 833/405/765 845/421/777 846/408/766
f 835/407/767 846/408/766 858/424/778 847/423/779
f 836/409/768 835/410/767 847/426/779 848/425/780
f 837/411/769 836/409/768 848/425/780 849/427/781
f 838/412/770 837/411/769 849/427/781 850/428/782
f 839/413/771 838/414/770 850/430/782 851/429/783
f 840/415/772 839/413/771 851/429/783 852/431/784
f 841/416/773 840/415/772 852/431/784 853/432/785
f 842/417/774 841/418/773 853/434/785 854/433/786
f 843/419/775 842/417/774 854/433/786 855/435/787
f 844/420/776 843/419/775 855/435/787 856/436/788
f 845/421/777 844/422/776 856/438/788 857/437/789
f 846/408/766 845/421/777 857/437/789 858/424/778
f 847/439/779 858/442/778 870/441/790 859/440/791
f 848/443/780 847/446/779 859/445/791 860/444/792
f 849/447/781 848/443/780 860/444/792 861/448/793
f 850/449/782 849/452/781 861/451/793 862/450/794
f 851/453/783 850/456/782 862/455/794 863/454/795
f 852/457/784 851/453/783 863/454/795 864/458/796
f 853/459/785 852/462/784 864/461/796 865/460/797
f 854/463/786 853/466/785 865/465/797 866/464/798
f 855/467/787 854/463/786 866/464/798 867/468/799
f 856/469/788 855/472/787 867/471/799 868/470/800
f 857/473/789 856/476/788 868/475/800 869/474/801
f 858/477/778 857/473/789 869/474/801 870/478/790
f 859/479/791 870/482/790 882/481/802 871/480/803
f 860/483/792 859/486/791 871/485/803 872/484/804
f 861/487/793 860/490/792 872/489/804 873/488/805
f 862/450/794 861/451/793 873/492/805 874/491/806
f 863/454/795 862/455/794 874/494/806 875/493/807
f 864/458/796 863/454/795 875/493/807 876/495/808
f 865/496/797 864/499/796 876/498/808 877/497/809
f 866/500/798 865/503/797 877/502/809 878/501/810
f 867/504/799 866/507/798 878/506/810 879/505/811
f 868/470/800 867/471/799 879/509/811 880/508/812
f 869/474/801 868/475/800 880/511/812 881/510/813
f 870/478/790 869/474/801 881/510/813 882/512/802
f 871/480/803 882/481/802 894/514/814 883/513/815
f 872/484/804 871/485/803 883/516/815 884/515/816
f 873/488/805 872/489/804 884/518/816 885/517/817
f 874/491/806 873/492/805 885/520/817 886/519/818
f 875/493/807 874/494/806 886/522/818 887/521/819
f 876/495/808 875/493/807 887/521/819 888/523/820
f 877/497/809 876/498/808 888/525/820 889/524/821
f 878/501/810 877/502/809 889/527/821 890/526/822
f 879/505/811 878/506/810 890/529/822 891/528/823
f 880/508/812 879/509/811 891/531/823 892/530/824
f 881/510/813 880/511/812 892/533/824 893/532/825
f 882/512/802 881/510/813 893/532/825 894/534/814
f 883/513/815 894/514/814 906/536/826 895/535/827
f 884/515/816 883/516/815 895/538/827 896/537/828
f 885/517/817 884/518/816 896/540/828 897/539/829
f 886/519/818 885/520/817 897/542/829 898/541/830
f 887/521/819 886/522/818 898/544/830 899/543/831
f 888/523/820 887/521/819 899/543/831 900/545/832
f 889/524/821 888/525/820 900/547/832 901/546/833
f 890/526/822 889/527/821 901/549/833 902/548/834
f 891/528/823 890/529/822 902/551/834 903/550/835
f 892/530/824 891/531/823 903/553/835 904/552/836
f 893/532/825 892/533/824 904/555/836 905/554/837
f 894/534/814 893/532/825 905/554/837 906/556/826
f 895/557/827 906/560/826 918/559/838 907/558/839
f 896/561/828 895/564/827 907/563/839 908/562/840
f 897/565/829 896/568/828 908/567/840 909/566/841
f 898/569/830 897/572/829 909/571/841 910/570/842
f 899/573/831 898/576/830 910/575/842 911/574/843
f 900/577/832 899/573/831 911/574/843 912/578/844
f 901/579/833 900/582/832 912/581/844 913/580/845
f 902/583/834 901/586/833 913/585/845 914/584/846
f 903/587/835 902/590/834 914/589/846 915/588/847
f 904/591/836 903/594/835 915/593/847 916/592/848
f 905/595/837 904/598/836 916/597/848 917/596/849
f 906/599/826 905/595/837 917/596/849 918/600/838
f 907/558/839 918/559/838 930/602/850 919/601/851
f 908/562/840 907/563/839 919/604/851 920/603/852
f 909/566/841 908/567/840 920/606/852 921/605/853
f 910/570/842 909/571/841 921/608/853 922/607/854
f 911/609/843 910/570/842 922/607/854 923/610/855
f 912/578/844 911/574/843 923/612/855 924/611/856
f 913/580/845 912/581/844 924/614/856 925/613/857
f 914/584/846 913/585/845 925/616/857 926/615/858
f 915/588/847 914/589/846 926/618/858 927/617/859
f 916/592/848 915/593/847 927/620/859 928/619/860
f 917/621/849 916/592/848 928/619/860 929/622/861
f 918/600/838 917/596/849 929/624/861 930/623/850
f 919/601/851 930/602/850 942/626/862 931/625/863
f 920/603/852 919/604/851 931/628/863 932/627/864
f 921/605/853 920/606/852 932/630/864 933/629/865
f 922/607/854 921/608/853 933/632/865 934/631/866
f 923/610/855 922/607/854 934/631/866 935/633/867
f 924/611/856 923/612/855 935/635/867 936/634/868
f 925/613/857 924/614/856 936/637/868 937/636/869
f 926/615/858 925/616/857 937/639/869 938/638/870
f 927/617/859 926/618/858 938/641/870 939/640/871
f 928/619/860 927/620/859 939/643/871 940/642/872
f 929/622/861 928/619/860 940/642/872 941/644/873
f 930/623/850 929/624/861 941/646/873 942/645/862
f 931/625/863 942/626/862 954/648/874 943/647/875
f 932/627/864 931/628/863 943/650/875 944/649/876
f 933/629/865 932/630/864 944/652/876 945/651/877
f 934/631/866 933/632/865 945/654/877 946/653/878
f 935/635/867 934/657/866 946/656/878 947/655/879
f 936/634/868 935/635/867 947/655/879 948/658/880
f 937/636/869 936/637/868 948/660/880 949/659/881
f 938/638/870 937/639/869 949/662/881 950/661/882
f 939/640/871 938/641/870 950/664/882 951/663/883
f 940/642/872 939/643/871 951/666/883 952/665/884
f 941/646/873 940/669/872 952/668/884 953/667/885
f 942/645/862 941/646/873 953/667/885 954/670/874
f 943/671/875 954/674/874 966/673/886 955/672/887
f 944/675/876 943/678/875 955/677/887 956/676/888
f 945/679/877 944/682/876 956/681/888 957/680/889
f 946/683/878 945/686/877 957/685/889 958/684/890
f 947/687/879 946/690/878 958/689/890 959/688/891
f 948/691/880 947/687/879 959/688/891 960/692/892
f 949/693/881 948/696/880 960/695/892 961/694/893
f 950/697/882 949/700/881 961/699/893 962/698/894
f 951/701/883 950/704/882 962/703/894 963/702/895
f 952/705/884 951/708/883 963/707/895 964/706/896
f 953/709/885 952/712/884 964/711/896 965/710/897
f 954/713/874 953/709/885 965/710/897 966/714/886
f 955/672/887 966/673/886 978/716/898 967/715/899
f 956/676/888 955/677/887 967/718/899 968/717/900
f 957/680/889 956/681/888 968/720/900 969/719/901
f 958/684/890 957/685/889 969/722/901 970/721/902
f 959/688/891 958/689/890 970/724/902 971/723/903
f 960/692/892 959/688/891 971/723/903 972/725/904
f 961/694/893 960/695/892 972/727/904 973/726/905
f 962/698/894 961/699/893 973/729/905 974/728/906
f 963/702/895 962/703/894 974/731/906 975/730/907
f 964/706/896 963/707/895 975/733/907 976/732/908
f 965/710/897 964/711/896 976/735/908 977/734/909
f 966/714/886 965/710/897 977/734/909 978/736/898
f 967/715/899 978/716/898 990/738/910 979/737/911
f 968/717/900 967/718/899 979/740/911 980/739/912
f 969/719/901 968/720/900 980/742/912 981/741/913
f 970/721/902 969/722/901 981/744/913 982/743/914
f 971/723/903 970/724/902 982/746/914 983/745/915
f 972/725/904 971/723/903 983/745/915 984/747/916
f 973/726/905 972/727/904 984/749/916 985/748/917
f 974/728/906 973/729/905 985/751/917 986/750/918
f 975/730/907 974/731/906 986/753/918 987/752/919
f 976/732/908 975/733/907 987/755/919 988/754/920
f 977/734/909 976/735/908 988/757/920 989/756/921
f 978/736/898 977/734/909 989/756/921 990/758/910
f 979/737/911 990/738/910 1002/760/922 991/759/923
f 980/739/912 979/740/911 991/762/923 992/761/924
f 981/741/913 980/742/912 992/764/924 993/763/925
f 982/743/914 981/744/913 993/766/925 994/765/926
f 983/767/915 982/743/914 994/765/926 995/768/927
f 984/747/916 983/745/915 995/770/927 996/769/928
f 985/748/917 984/749/916 996/772/928 997/771/929
f 986/750/918 985/751/917 997/774/929 998/773/930
f 987/752/919 986/753/918 998/776/930 999/775/931
f 988/754/920 987/755/919 999/778/931 1000/777/932
f 989/779/921 988/754/920 1000/777/932 1001/780/933
f 990/758/910 989/756/921 1001/782/933 1002/781/922
f 991/783/923 1002/786/922 1014/785/934 1003/784/935
f 992/787/924 991/783/923 1003/784/935 1004/788/936
f 993/789/925 992/792/924 1004/791/936 1005/790/937
f 994/793/926 993/796/925 1005/795/937 1006/794/938
f 995/797/927 994/800/926 1006/799/938 1007/798/939
f 996/801/928 995/804/927 1007/803/939 1008/802/940
f 997/805/929 996/808/928 1008/807/940 1009/806/941
f 998/809/930 997/805/929 1009/806/941 1010/810/942
f 999/811/931 998/814/930 1010/813/942 1011/812/943
f 1000/815/932 999/818/931 1011/817/943 1012/816/944
f 1001/819/933 1000/822/932 1012/821/944 1013/820/945
f 1002/823/922 1001/826/933 1013/825/945 1014/824/934
f 1003/784/935 1014/785/934 1026/828/946 1015/827/947
f 1004/788/936 1003/784/935 1015/827/947 1016/829/948
f 1005/790/937 1004/791/936 1016/831/948 1017/830/949
f 1006/794/938 1005/795/937 1017/833/949 1018/832/950
f 1007/834/939 1006/837/938 1018/836/950 1019/835/951
f 1008/802/940 1007/803/939 1019/839/951 1020/838/952
f 1009/806/941 1008/807/940 1020/841/952 1021/840/953
f 1010/810/942 1009/806/941 1021/840/953 1022/842/954
f 1011/812/943 1010/813/942 1022/844/954 1023/843/955
f 1012/816/944 1011/817/943 1023/846/955 1024/845/956
f 1013/820/945 1012/821/944 1024/848/956 1025/847/957
f 1014/824/934 1013/825/945 1025/850/957 1026/849/946
f 1015/827/947 1026/828/946 1038/852/958 1027/851/959
f 1016/829/948 1015/827/947 1027/851/959 1028/853/960
f 1017/830/949 1016/831/948 1028/855/960 1029/854/961
f 1018/832/950 1017/833/949 1029/857/961 1030/856/962
f 1019/835/951 1018/836/950 1030/859/962 1031/858/963
f 1020/838/952 1019/839/951 1031/861/963 1032/860/964
f 1021/840/953 1020/841/952 1032/863/964 1033/862/965
f 1022/842/954 1021/840/953 1033/862/965 1034/864/966
f 1023/843/955 1022/844/954 1034/866/966 1035/865/967
f 1024/845/956 1023/846/955 1035/868/967 1036/867/968
f 1025/847/957 1024/848/956 1036/870/968 1037/869/969
f 1026/849/946 1025/850/957 1037/872/969 1038/871/958
f 1027/873/959 1038/876/958 1050/875/970 1039/874/971
f 1028/877/960 1027/880/959 1039/879/971 1040/878/972
f 1029/881/961 1028/884/960 1040/883/972 1041/882/973
f 1030/885/962 1029/888/961 1041/887/973 1042/886/974
f 1031/889/963 1030/892/962 1042/891/974 1043/890/975
f 1032/893/964 1031/896/963 1043/895/975 1044/894/976
f 1033/897/965 1032/893/964 1044/894/976 1045/898/977
f 1034/899/966 1033/902/965 1045/901/977 1046/900/978
f 1035/903/967 1034/906/966 1046/905/978 1047/904/979
f 1036/907/968 1035/910/967 1047/909/979 1048/908/980
f 1037/911/969 1036/914/968 1048/913/980 1049/912/981
f 1038/876/958 1037/916/969 1049/915/981 1050/875/970
f 1039/879/971 1050/919/970 1062/918/982 1051/917/983
f 1040/878/972 1039/879/971 1051/917/983 1052/920/984
f 1041/882/973 1040/883/972 1052/922/984 1053/921/985
f 1042/886/974 1041/887/973 1053/924/985 1054/923/986
f 1043/890/975 1042/891/974 1054/926/986 1055/925/987
f 1044/894/976 1043/895/975 1055/928/987 1056/927/988
f 1045/901/977 1044/931/976 1056/930/988 1057/929/989
f 1046/900/978 1045/901/977 1057/929/989 1058/932/990
f 1047/904/979 1046/905/978 1058/934/990 1059/933/991
f 1048/908/980 1047/909/979 1059/936/991 1060/935/992
f 1049/912/981 1048/913/980 1060/938/992 1061/937/993
f 1050/875/970 1049/915/981 1061/940/993 1062/939/982
f 1051/917/983 1062/918/982 1074/942/994 1063/941/995
f 1052/920/984 1051/917/983 1063/941/995 1064/943/996
f 1053/921/985 1052/922/984 1064/945/996 1065/944/997
f 1054/923/986 1053/924/985 1065/947/997 1066/946/998
f 1055/925/987 1054/926/986 1066/949/998 1067/948/999
f 1056/927/988 1055/928/987 1067/951/999 1068/950/1000
f 1057/929/989 1056/930/988 1068/953/1000 1069/952/1001
f 1058/932/990 1057/929/989 1069/952/1001 1070/954/1002
f 1059/933/991 1058/934/990 1070/956/1002 1071/955/1003
f 1060/935/992 1059/936/991 1071/958/1003 1072/957/1004
f 1061/937/993 1060/938/992 1072/960/1004 1073/959/1005
f 1062/939/982 1061/940/993 1073/962/1005 1074/961/994
f 1063/963/995 1074/961/994 1086/965/1006 1075/964/1007
f 1064/943/996 1063/941/995 1075/967/1007 1076/966/1008
f 1065/944/997 1064/945/996 1076/969/1008 1077/968/1009
f 1066/946/998 1065/947/997 1077/971/1009 1078/970/1010
f 1067/948/999 1066/949/998 1078/973/1010 1079/972/1011
f 1068/950/1000 1067/951/999 1079/975/1011 1080/974/1012
f 1069/976/1001 1068/950/1000 1080/974/1012 1081/977/1013
f 1070/954/1002 1069/952/1001 1081/979/1013 1082/978/1014
f 1071/955/1003 1070/956/1002 1082/981/1014 1083/980/1015
f 1072/957/1004 1071/958/1003 1083/983/1015 1084/982/1016
f 1073/959/1005 1072/960/1004 1084/985/1016 1085/984/1017
f 1074/961/994 1073/962/1005 1085/986/1017 1086/965/1006
f 1075/987/1007 1086/990/1006 1098/989/1018 1087/988/1019
f 1076/991/1008 1075/994/1007 1087/993/1019 1088/992/1020
f 1077/995/1009 1076/998/1008 1088/997/1020 1089/996/1021
f 1078/999/1010 1077/1002/1009 1089/1001/1021 1090/1000/1022
f 1079/1003/1011 1078/999/1010 1090/1000/1022 1091/1004/1023
f 1080/1005/1012 1079/1008/1011 1091/1007/1023 1092/1006/1024
f 1081/1009/1013 1080/1012/1012 1092/1011/1024 1093/1010/1025
f 1082/1013/1014 1081/1016/1013 1093/1015/1025 1094/1014/1026
f 1083/1017/1015 1082/1020/1014 1094/1019/1026 1095/1018/1027
f 1084/1021/1016 1083/1024/1015 1095/1023/1027 1096/1022/1028
f 1085/1025/1017 1084/1021/1016 1096/1022/1028 1097/1026/1029
f 1086/1027/1006 1085/1030/1017 1097/1029/1029 1098/1028/1018
f 1087/988/1019 1098/989/1018 1110/1032/1030 1099/1031/1031
f 1088/992/1020 1087/993/1019 1099/1034/1031 1100/1033/1032
f 1089/996/1021 1088/997/1020 1100/1036/1032 1101/1035/1033
f 1090/1000/1022 1089/1001/1021 1101/1038/1033 1102/1037/1034
f 1091/1004/1023 1090/1000/1022 1102/1037/1034 1103/1039/1035
f 1092/1006/1024 1091/1007/1023 1103/1041/1035 1104/1040/1036
f 1093/1010/1025 1092/1011/1024 1104/1043/1036 1105/1042/1037
f 1094/1014/1026 1093/1015/1025 1105/1045/1037 1106/1044/1038
f 1095/1018/1027 1094/1019/1026 1106/1047/1038 1107/1046/1039
f 1096/1022/1028 1095/1023/1027 1107/1049/1039 1108/1048/1040
f 1097/1026/1029 1096/1022/1028 1108/1048/1040 1109/1050/1041
f 1098/1028/1018 1097/1029/1029 1109/1052/1041 1110/1051/1030
f 1099/1031/1031 1110/1032/1030 1122/1054/1042 1111/1053/1043
f 1100/1033/1032 1099/1034/1031 1111/1056/1043 1112/1055/1044
f 1101/1035/1033 1100/1036/1032 1112/1058/1044 1113/1057/1045
f 1102/1037/1034 1101/1038/1033 1113/1060/1045 1114/1059/1046
f 1103/1039/1035 1102/1037/1034 1114/1059/1046 1115/1061/1047
f 1104/1040/1036 1103/1041/1035 1115/1063/1047 1116/1062/1048
f 1105/1042/1037 1104/1043/1036 1116/1065/1048 1117/1064/1049
f 1106/1044/1038 1105/1045/1037 1117/1067/1049 1118/1066/1050
f 1107/1046/1039 1106/1047/1038 1118/1069/1050 1119/1068/1051
f 1108/1048/1040 1107/1049/1039 1119/1071/1051 1120/1070/1052
f 1109/1050/1041 1108/1048/1040 1120/1070/1052 1121/1072/1053
f 1110/1051/1030 1109/1052/1041 1121/1074/1053 1122/1073/1042
f 1111/1053/1043 1122/1054/1042 1134/1076/1054 1123/1075/1055
f 1112/1055/1044 1111/1056/1043 1123/1078/1055 1124/1077/1056
f 1113/1057/1045 1112/1058/1044 1124/1080/1056 1125/1079/1057
f 1114/1081/1046 1113/1057/1045 1125/1079/1057 1126/1082/1058
f 1115/1061/1047 1114/1059/1046 1126/1084/1058 1127/1083/1059
f 1116/1062/1048 1115/1063/1047 1127/1086/1059 1128/1085/1060
f 1117/1064/1049 1116/1065/1048 1128/1088/1060 1129/1087/1061
f 1118/1066/1050 1117/1067/1049 1129/1090/1061 1130/1089/1062
f 1119/1068/1051 1118/1069/1050 1130/1092/1062 1131/1091/1063
f 1120/1093/1052 1119/1068/1051 1131/1091/1063 1132/1094/1064
f 1121/1072/1053 1120/1070/1052 1132/1096/1064 1133/1095/1065
f 1122/1073/1042 1121/1074/1053 1133/1098/1065 1134/1097/1054
f 1123/1075/1055 1134/1076/1054 1146/1100/1066 1135/1099/1067
f 1124/1077/1056 1123/1078/1055 1135/1102/1067 1136/1101/1068
f 1125/1079/1057 1124/1080/1056 1136/1104/1068 1137/1103/1069
f 1126/1084/1058 1125/1107/1057 1137/1106/1069 1138/1105/1070
f 1127/1083/1059 1126/1084/1058 1138/1105/1070 1139/1108/1071
f 1128/1085/1060 1127/1086/1059 1139/1110/1071 1140/1109/1072
f 1129/1087/1061 1128/1088/1060 1140/1112/1072 1141/1111/1073
f 1130/1089/1062 1129/1090/1061 1141/1114/1073 1142/1113/1074
f 1131/1091/1063 1130/1092/1062 1142/1116/1074 1143/1115/1075
f 1132/1096/1064 1131/1119/1063 1143/1118/1075 1144/1117/1076
f 1133/1095/1065 1132/1096/1064 1144/1117/1076 1145/1120/1077
f 1134/1097/1054 1133/1098/1065 1145/1122/1077 1146/1121/1066
s 0
f 66/87/1078 65/138/1078 639/138/1078 640/87/1078
f 67/88/1079 66/87/1079 640/87/1079 641/88/1079
f 68/108/1080 67/88/1080 641/88/1080 642/108/1080
f 69/124/1081 68/123/1081 642/123/1081 643/124/1081
f 70/75/1082 69/124/1082 643/124/1082 644/75/1082
f 71/76/1083 70/75/1083 644/75/1083 645/76/1083
f 72/102/1084 71/76/1084 645/76/1084 646/102/1084
f 73/116/1085 72/102/1085 646/102/1085 647/116/1085
f 74/132/1086 73/116/1086 647/116/1086 648/132/1086
f 75/140/1087 74/132/1087 648/132/1087 649/140/1087
f 76/92/1088 75/91/1088 649/91/1088 650/92/1088
f 77/110/1089 76/92/1089 650/92/1089 651/110/1089
f 78/126/1090 77/110/1090 651/110/1090 652/126/1090
f 79/79/1091 78/126/1091 652/126/1091 653/79/1091
f 80/80/1092 79/79/1092 653/79/1092 654/80/1092
f 81/104/1093 80/80/1093 654/80/1093 655/104/1093
f 82/118/1094 81/104/1094 655/104/1094 656/118/1094
f 83/134/1095 82/118/1095 656/118/1095 657/134/1095
f 84/142/1096 83/134/1096 657/134/1096 658/142/1096
f 85/96/1097 84/95/1097 658/95/1097 659/96/1097
f 86/112/1098 85/96/1098 659/96/1098 660/112/1098
f 87/128/1099 86/112/1099 660/112/1099 661/128/1099
f 88/83/1100 87/128/1100 661/128/1100 662/83/1100
f 89/84/1101 88/83/1101 662/83/1101 663/84/1101
f 90/106/1102 89/84/1102 663/84/1102 664/106/1102
f 91/120/1103 90/106/1103 664/106/1103 665/120/1103
f 92/136/1104 91/120/1104 665/120/1104 666/136/1104
f 93/99/1105 92/144/1105 666/144/1105 667/99/1105
f 94/100/1106 93/99/1106 667/99/1106 668/100/1106
f 95/114/1107 94/100/1107 668/100/1107 669/114/1107
f 96/130/1108 95/114/1108 669/114/1108 670/130/1108
f 65/138/1109 96/130/1109 670/130/1109 639/138/1109
f 97/186/1110 98/185/1110 672/185/1110 671/186/1110
f 98/185/1111 99/200/1111 673/200/1111 672/185/1111
f 99/216/1112 100/152/1112 674/152/1112 673/216/1112
f 100/152/1113 101/151/1113 675/151/1113 674/152/1113
f 101/151/1114 102/178/1114 676/178/1114 675/151/1114
f 102/178/1115 103/194/1115 677/194/1115 676/178/1115
f 103/194/1116 104/212/1116 678/212/1116 677/194/1116
f 104/212/1117 105/168/1117 679/168/1117 678/212/1117
f 105/168/1118 106/167/1118 680/167/1118 679/168/1118
f 106/167/1119 107/188/1119 681/188/1119 680/167/1119
f 107/204/1120 108/203/1120 682/203/1120 681/204/1120
f 108/203/1121 109/156/1121 683/156/1121 682/203/1121
f 109/156/1122 110/155/1122 684/155/1122 683/156/1122
f 110/155/1123 111/180/1123 685/180/1123 684/155/1123
f 111/180/1124 112/196/1124 686/196/1124 685/180/1124
f 112/196/1125 113/214/1125 687/214/1125 686/196/1125
f 113/214/1126 114/172/1126 688/172/1126 687/214/1126
f 114/172/1127 115/171/1127 689/171/1127 688/172/1127
f 115/171/1128 116/190/1128 690/190/1128 689/171/1128
f 116/208/1129 117/207/1129 691/207/1129 690/208/1129
f 117/207/1130 118/160/1130 692/160/1130 691/207/1130
f 118/160/1131 119/159/1131 693/159/1131 692/160/1131
f 119/159/1132 120/182/1132 694/182/1132 693/159/1132
f 120/182/1133 121/198/1133 695/198/1133 694/182/1133
f 121/198/1134 122/148/1134 696/148/1134 695/198/1134
f 122/148/1135 123/147/1135 697/147/1135 696/148/1135
f 123/176/1136 124/175/1136 698/175/1136 697/176/1136
f 124/175/1137 125/192/1137 699/192/1137 698/175/1137
f 125/192/1138 126/210/1138 700/210/1138 699/192/1138
f 126/210/1139 127/164/1139 701/164/1139 700/210/1139
f 127/164/1140 128/163/1140 702/163/1140 701/164/1140
f 128/163/1141 97/186/1141 671/186/1141 702/163/1141
s 97
f 129/217/97 140/220/100 714/220/638 703/217/637
f 130/221/101 129/224/97 703/224/637 704/221/641
f 131/225/103 130/228/101 704/228/641 705/225/643
f 132/229/105 131/225/103 705/225/643 706/229/645
f 133/231/107 132/234/105 706/234/645 707/231/647
f 134/235/109 133/231/107 707/231/647 708/235/649
f 135/237/111 134/235/109 708/235/649 709/237/651
f 136/239/113 135/237/111 709/237/651 710/239/653
f 137/241/115 136/239/113 710/239/653 711/241/655
f 138/243/117 137/241/115 711/241/655 712/243/657
f 139/245/119 138/243/117 712/243/657 713/245/659
f 140/220/100 139/245/119 713/245/659 714/220/638
f 572/1100/530 561/1099/529 1135/1099/1067 1146/1100/1066
f 561/1102/529 562/1101/531 1136/1101/1068 1135/1102/1067
f 562/1104/531 563/1103/532 1137/1103/1069 1136/1104/1068
f 563/1106/532 564/1105/533 1138/1105/1070 1137/1106/1069
f 564/1105/533 565/1108/534 1139/1108/1071 1138/1105/1070
f 565/1110/534 566/1109/535 1140/1109/1072 1139/1110/1071
f 566/1112/535 567/1111/536 1141/1111/1073 1140/1112/1072
f 567/1114/536 568/1113/537 1142/1113/1074 1141/1114/1073
f 568/1116/537 569/1115/538 1143/1115/1075 1142/1116/1074
f 569/1118/538 570/1117/539 1144/1117/1076 1143/1118/1075
f 570/1117/539 571/1120/540 1145/1120/1077 1144/1117/1076
f 571/1122/540 572/1121/530 1146/1121/1066 1145/1122/1077
