# Blender 5.0.1
# www.blender.org
o Cofre
v 5.756408 -0.328811 5.258098
v 7.818646 -0.466331 5.141458
v 7.790967 -0.482171 5.258258
v 5.756726 -0.320411 5.140098
v -0.184713 0.006949 5.139857
v -0.227353 -0.000971 5.256577
v 11.209126 -0.834331 5.140098
v 10.112164 -0.676571 5.258418
v 10.112007 -0.672011 5.140098
v 11.209045 -0.839371 5.258418
v 12.356087 -1.083051 5.258258
v 13.108406 -1.323451 5.140018
v 13.098164 -1.326891 5.258178
v 12.365044 -1.077211 5.140098
v 12.236244 -1.070891 5.258258
v 12.243446 -1.065291 5.140018
v 5.756726 -0.320411 -5.399662
v 7.790967 -0.482171 -5.517822
v 7.818646 -0.466331 -5.401022
v 5.756408 -0.328811 -5.517662
v -0.227353 -0.000971 -5.516142
v -0.184712 0.006949 -5.399423
v 11.209045 -0.839371 -5.517982
v 10.112007 -0.672011 -5.399662
v 10.112164 -0.676571 -5.517982
v 11.209126 -0.834331 -5.399662
v 12.365044 -1.077211 -5.399662
v 13.098164 -1.326891 -5.517742
v 13.108406 -1.323451 -5.399582
v 12.356087 -1.083051 -5.517822
v 12.243446 -1.065291 -5.399582
v 12.236244 -1.070891 -5.517822
v 12.142727 -0.984011 3.875377
v 12.238327 -1.070251 5.199138
v 12.122326 -1.044411 5.199138
v 12.284405 -1.014491 3.875377
v 12.322086 -1.021531 3.875377
v 12.269844 -1.073051 5.199138
v 10.109604 -0.681451 5.199298
v 11.195766 -0.792891 3.863697
v 11.206406 -0.843131 5.199218
v 10.102165 -0.611531 3.872577
v 12.173927 -0.905291 1.823457
v 12.341686 -0.941851 1.823458
v 12.202404 -0.832571 -0.129822
v 12.380566 -0.878571 -0.129822
v 12.397766 -1.037851 3.875377
v 12.330887 -1.078331 5.199138
v 12.429924 -1.045531 3.875377
v 12.358807 -1.082491 5.199138
v 12.529526 -1.074491 3.875377
v 12.438885 -1.105611 5.199138
v 0.171127 0.207829 2.728497
v 1.959447 0.027829 3.955777
v -0.024793 -0.023771 5.198417
v 0.196967 0.100149 4.010977
v 2.005367 -0.138811 5.198977
v 4.140407 -0.254811 5.199058
v 5.987287 -0.211611 3.909217
v 5.761127 -0.331131 5.199058
v 4.441367 -0.106251 3.918097
v 0.269287 0.192869 2.784977
v 0.266248 0.191029 2.823937
v 0.229928 0.198389 2.760417
v 0.136007 0.109109 4.005857
v 0.446487 0.149109 2.579057
v 0.486967 0.188869 1.410577
v 1.551607 0.077189 -0.129823
v 1.478807 0.011429 1.387617
v 0.565687 0.243029 -0.129823
v 1.433528 -0.029371 2.351297
v 1.381767 -0.011211 2.456817
v 1.368007 -0.010971 2.435457
v 1.459127 -0.030491 2.363617
v 0.442887 0.151269 2.598337
v 1.514407 0.009109 1.387617
v 1.802087 0.126069 2.470177
v 1.660487 0.113909 2.720657
v 1.647847 0.119669 2.655697
v 1.938087 0.110469 2.574017
v 1.611207 0.124709 2.602097
v 1.759368 0.130709 2.414097
v 1.861447 0.175989 1.387617
v 1.815608 0.171269 1.387617
v 7.886327 -0.373691 3.893377
v 7.828965 -0.478091 5.199058
v 11.246647 -0.680971 1.823457
v 11.280804 -0.585211 -0.129822
v 13.100647 -1.340651 5.199138
v 13.394646 -1.274491 1.806738
v 13.562965 -1.241291 -0.129822
v 12.489525 -0.975851 1.823458
v 12.386005 -0.952011 1.823458
v 12.552166 -0.922411 -0.129822
v 12.429287 -0.892411 -0.129822
v 1.968167 0.187509 0.963537
v 2.476407 0.001349 3.939617
v 8.994247 -0.492651 3.882978
v 1.972007 0.229989 -0.129823
v 1.896087 0.207989 -0.122783
v 1.852887 0.211029 -0.122783
v 1.601848 0.071749 -0.129823
v 10.164566 -0.464331 0.909218
v 10.155045 -0.525051 2.540017
v 10.150806 -0.424731 -0.129822
v 3.319686 -0.043131 3.924577
v 8.908886 -0.390411 2.546098
v 7.853368 -0.276891 2.550817
v 4.416726 -0.011691 2.566977
v 3.313287 0.044949 2.572177
v 5.964646 -0.116491 2.559697
v 2.548007 0.080949 2.575777
v 8.964725 -0.297611 -0.129743
v 8.990646 -0.343691 1.086017
v 7.820329 -0.226411 1.318897
v 8.904167 -0.384651 2.471377
v 7.851605 -0.271611 2.478417
v 8.902725 -0.339451 1.233057
v 5.939366 -0.072811 1.462737
v 5.963527 -0.111931 2.495697
v 2.551368 0.084549 2.521537
v 2.029847 0.184069 0.963937
v 2.599687 0.150149 1.023057
v 1.999368 0.110629 2.522897
v 4.402806 0.029029 1.512017
v 4.415687 -0.007451 2.506897
v 3.312966 0.048949 2.514817
v 2.949607 0.118149 1.344417
v 3.299527 0.093909 1.477217
v 9.137127 -0.404011 2.339617
v 9.957447 -0.491531 2.323377
v 2.027687 0.226469 -0.122143
v 2.591447 0.193829 -0.129823
v 9.960964 -0.450971 1.177858
v 9.148006 -0.370651 1.370977
v 12.122326 -1.044411 -5.458782
v 12.284405 -1.014491 -4.134943
v 12.142727 -0.984011 -4.135023
v 12.238327 -1.070251 -5.458702
v 12.322086 -1.021531 -4.134943
v 12.269844 -1.073051 -5.458702
v 11.206406 -0.843131 -5.458782
v 10.102165 -0.611531 -4.132143
v 10.109604 -0.681451 -5.458862
v 11.195766 -0.792891 -4.123262
v 12.341686 -0.941851 -2.083022
v 12.173927 -0.905291 -2.083022
v 12.397766 -1.037851 -4.134943
v 12.330887 -1.078331 -5.458702
v 12.429924 -1.045531 -4.134943
v 12.358807 -1.082491 -5.458702
v 12.529526 -1.074491 -4.134943
v 12.438885 -1.105611 -5.458702
v 0.171127 0.207829 -2.988063
v 0.196967 0.100149 -4.270543
v 2.005368 -0.138811 -5.458543
v 1.959447 0.027829 -4.215343
v -0.024792 -0.023771 -5.457983
v 5.761127 -0.331131 -5.458622
v 4.441367 -0.106251 -4.177663
v 4.140407 -0.254811 -5.458622
v 5.987287 -0.211611 -4.168783
v 0.269287 0.192869 -3.044543
v 0.229928 0.198389 -3.019983
v 0.266248 0.191029 -3.083503
v 0.446488 0.149109 -2.838623
v 0.486967 0.188869 -1.670143
v 1.478808 0.011429 -1.647183
v 1.433528 -0.029371 -2.610863
v 1.381767 -0.011211 -2.716383
v 1.459128 -0.030491 -2.623183
v 1.368007 -0.010971 -2.695023
v 0.442887 0.151269 -2.857903
v 1.514407 0.009109 -1.647183
v 1.660487 0.113909 -2.980223
v 1.802087 0.126069 -2.729823
v 1.647847 0.119669 -2.915263
v 1.938088 0.110469 -2.833583
v 1.611207 0.124709 -2.861743
v 1.759368 0.130709 -2.673663
v 1.861447 0.175989 -1.647183
v 1.815608 0.171269 -1.647183
v 7.828966 -0.478091 -5.458622
v 7.886327 -0.373691 -4.152943
v 11.246647 -0.680971 -2.083022
v 13.394646 -1.274491 -2.066303
v 12.642887 -1.021451 -2.083022
v 13.100647 -1.340651 -5.458702
v 12.489525 -0.975851 -2.083022
v 12.386005 -0.952011 -2.083022
v 1.968167 0.187509 -1.223103
v 2.476407 0.001349 -4.199183
v 8.994247 -0.492651 -4.142542
v 10.164566 -0.464331 -1.168782
v 10.155045 -0.525051 -2.799582
v 3.319686 -0.043131 -4.184143
v 7.853368 -0.276891 -2.810383
v 8.908886 -0.390411 -2.805663
v 3.313287 0.044949 -2.831743
v 4.416726 -0.011691 -2.826623
v 5.964646 -0.116491 -2.819263
v 2.548007 0.080949 -2.835343
v 8.990646 -0.343691 -1.345583
v 7.851605 -0.271611 -2.738063
v 8.902725 -0.339451 -1.492623
v 7.820329 -0.226411 -1.578463
v 8.904167 -0.384651 -2.730942
v 5.963527 -0.111931 -2.755263
v 5.939366 -0.072811 -1.722303
v 2.599687 0.150149 -1.282623
v 1.999368 0.110629 -2.782463
v 2.551368 0.084549 -2.781103
v 2.029847 0.184069 -1.223503
v 4.415687 -0.007451 -2.766463
v 4.402806 0.029029 -1.771663
v 3.312967 0.048949 -2.774463
v 2.949607 0.118149 -1.603983
v 3.299527 0.093909 -1.736783
v 9.137127 -0.404011 -2.599183
v 9.957447 -0.491531 -2.582942
v 9.960964 -0.450971 -1.437423
v 9.148006 -0.370651 -1.630543
v 2.939286 -0.442811 3.879057
v 2.611926 -0.463771 3.542497
v 2.939286 -0.485851 3.874658
v 3.266886 -0.490971 4.011938
v 4.301208 -0.472091 4.047937
v 3.266886 -0.432411 4.015058
v 4.301208 -0.530171 4.047937
v 5.742726 -0.538171 3.996977
v 5.742726 -0.595451 3.996977
v 6.385127 -0.624571 3.848337
v 6.383447 -0.678331 3.848257
v 6.968408 -0.772971 3.607697
v 7.644967 -0.819051 3.607617
v 2.939286 -0.486971 -4.157903
v 2.700168 -0.457531 -3.825743
v 2.939286 -0.443931 -4.153583
v 2.611926 -0.464891 -3.825743
v 3.266887 -0.433531 -4.292063
v 4.301208 -0.531291 -4.331102
v 3.266887 -0.492091 -4.295103
v 4.301208 -0.473211 -4.331102
v 5.742726 -0.596651 -4.280142
v 5.742726 -0.539291 -4.280142
v 6.383447 -0.679451 -4.131503
v 6.385127 -0.625691 -4.131503
v 7.644967 -0.820251 -3.890863
v 6.968408 -0.774091 -3.890783
v 1.314407 0.090629 2.358577
v 0.540487 0.235189 0.878337
v 1.440007 0.153429 0.884017
v 0.582168 0.248709 -0.129823
v 1.475207 0.171109 -0.129823
v 0.540487 0.235189 -1.137983
v 1.314407 0.090629 -2.618143
v 1.440007 0.153429 -1.143583
v 0.404647 0.171029 -2.618143
v 0.404647 0.171029 2.358577
v 11.210804 -0.659131 -1.936862
v 10.107925 -0.425851 -1.928782
v 10.109604 -0.468891 -1.993423
v 13.103287 -1.344171 -5.458702
v 12.537045 -1.024171 -3.848303
v 12.441605 -1.109131 -5.458702
v 12.627766 -0.973451 -2.317903
v 13.397366 -1.278091 -2.066303
v 11.210804 -0.738411 -2.236063
v 10.113125 -0.561211 -2.194463
v 10.098804 -0.564091 -2.295663
v 11.210804 -0.734891 -2.145982
v 12.155766 -0.968491 -3.848303
v 12.240967 -1.073771 -5.458702
v 12.308407 -0.998651 -3.848303
v 12.124966 -1.047931 -5.458782
v 12.551365 -0.948571 -2.318863
v 12.488564 -0.938411 -2.215423
v 12.509445 -0.949611 -2.312783
v 12.521446 -0.936091 -2.194303
v 12.423607 -0.998811 -3.848303
v 12.404087 -0.955451 -2.314862
v 12.339844 -0.999131 -3.848303
v 12.284485 -0.938091 -2.069422
v 12.201286 -0.880091 -1.948303
v 12.195606 -0.921851 -2.035662
v 12.304005 -0.899051 -1.995422
v 11.210804 -0.641451 -1.898543
v 12.203926 -0.866411 -1.907262
v 12.424484 -0.922091 -2.109342
v 12.321686 -0.891771 -1.960782
v 12.452244 -0.918891 -2.075502
v 10.107204 -0.408331 -1.902542
v 12.458885 -1.000171 -3.848303
v 11.210804 -0.725691 -2.081182
v 12.377525 -0.952011 -2.166222
v 10.107285 -0.407131 -1.883343
v 11.210804 -0.640331 -1.879422
v 12.208885 -0.864331 -1.885422
v 12.344166 -0.893931 -1.922942
v 12.499207 -0.928171 -2.018622
v 12.580406 -0.951771 -2.146862
v 12.342964 -0.950251 -2.190783
v 12.372566 -0.957131 -2.315503
v 10.113045 -0.557291 -2.125422
v 12.272484 -1.076571 -5.458702
v 12.189045 -0.926651 -2.076622
v 12.272884 -0.941451 -2.108063
v 12.745525 -0.949691 -0.129822
v 13.565685 -1.244811 -0.129822
v 12.659206 -0.956811 -1.823902
v 12.185284 -0.922331 -2.302703
v 10.105366 -0.616731 -3.848303
v 11.209045 -0.846651 -5.458782
v 11.209927 -0.777051 -3.848303
v 10.112244 -0.684971 -5.458862
v 10.107285 -0.436891 -0.129822
v 11.210804 -0.642491 -0.129822
v 12.208885 -0.864331 -0.128782
v 12.333527 -1.081931 -5.458702
v 12.361446 -1.086091 -5.458702
v 11.210804 -0.659131 1.677297
v 10.109604 -0.468891 1.733778
v 10.107925 -0.425851 1.669217
v 13.397366 -1.278091 1.806738
v 12.537045 -1.024171 3.588657
v 12.627766 -0.973451 2.058337
v 12.441605 -1.109131 5.199138
v 11.210804 -0.734891 1.886417
v 10.098804 -0.564091 2.036097
v 10.113125 -0.561211 1.934897
v 11.210804 -0.738411 1.976497
v 12.124966 -1.047931 5.199138
v 12.308407 -0.998651 3.588657
v 12.240967 -1.073771 5.199138
v 12.155766 -0.968491 3.588657
v 12.488564 -0.938411 1.955858
v 12.551365 -0.948571 2.059217
v 12.509445 -0.949611 2.053217
v 12.521446 -0.936091 1.934738
v 12.339844 -0.999131 3.588657
v 12.404087 -0.955451 2.055297
v 12.423607 -0.998811 3.588657
v 12.304005 -0.899051 1.735778
v 12.195606 -0.921851 1.776098
v 12.201286 -0.880091 1.688738
v 12.284485 -0.938091 1.809858
v 12.203926 -0.866411 1.647698
v 11.210804 -0.641451 1.638978
v 12.452244 -0.918891 1.815938
v 12.321686 -0.891771 1.701218
v 12.424484 -0.922091 1.849778
v 10.107204 -0.408331 1.642977
v 12.458885 -1.000171 3.588657
v 11.210804 -0.725691 1.821617
v 12.377525 -0.952011 1.906658
v 11.210804 -0.640411 1.619858
v 10.107285 -0.407131 1.623778
v 12.208885 -0.864331 1.625777
v 12.344166 -0.893931 1.663298
v 12.499207 -0.928171 1.759058
v 12.580406 -0.951771 1.887298
v 12.342964 -0.950251 1.931218
v 12.372566 -0.957131 2.055857
v 10.113045 -0.557291 1.865857
v 12.272484 -1.076571 5.199138
v 12.189045 -0.926651 1.817057
v 12.272884 -0.941451 1.848498
v 12.659206 -0.956811 1.564338
v 12.185284 -0.922331 2.043057
v 10.112244 -0.684971 5.199298
v 11.209927 -0.777131 3.588657
v 11.209045 -0.846651 5.199218
v 10.105366 -0.616731 3.588737
v 12.208885 -0.864331 -0.130782
v 12.333527 -1.081931 5.199138
v 12.361446 -1.086091 5.199138
v 1.838087 -0.044571 -4.409263
v 0.137607 0.114309 -4.216223
v 0.238887 0.051749 -4.395343
v 1.838647 0.038069 -4.250623
v 1.843448 -0.069051 -4.541422
v 0.266408 0.042549 -4.421103
v 0.246247 0.039109 -4.467583
v 1.838087 -0.063771 -4.475502
v 4.140967 -0.190251 -4.488543
v 5.653848 -0.271931 -4.493342
v 5.653848 -0.262171 -4.429262
v 4.141047 -0.194491 -4.554223
v 4.141847 0.037909 -4.133183
v 5.650487 -0.034411 -4.083822
v 5.650167 -0.010411 -4.037822
v 4.141767 0.018469 -4.178943
v 1.838887 0.069829 -4.161743
v 1.838887 0.077749 -4.132303
v 0.140647 0.130549 -4.168703
v 5.652966 -0.211611 -4.347982
v 4.141686 -0.004811 -4.233663
v 4.141047 -0.140971 -4.403502
v 5.650727 -0.062891 -4.135743
v 2.008008 -0.142331 -5.458543
v -0.022153 -0.027371 -5.457983
v 5.763767 -0.334651 -5.458622
v 4.143047 -0.258331 -5.458622
v 0.271928 0.189349 -3.044543
v 0.232568 0.194789 -3.019983
v 0.268968 0.187509 -3.083503
v 4.141686 0.042389 -4.061983
v 5.650167 -0.006011 -3.977903
v 0.449127 0.145589 -2.838623
v 1.445527 0.033829 -2.610863
v 0.568408 0.239429 -0.129823
v 0.480167 0.178869 -1.854543
v 1.554328 0.131829 -0.129823
v 4.138087 0.154069 -2.467983
v 5.641606 0.096869 -2.260383
v 1.384487 0.043429 -2.716383
v 1.471048 0.032629 -2.623183
v 1.370648 0.043669 -2.695023
v 0.445527 0.147749 -2.857903
v 1.604487 0.126389 -0.129823
v 1.650567 0.207909 -2.915263
v 1.901608 0.211909 -2.718943
v 1.804727 0.214389 -2.729823
v 1.656967 0.203909 -2.954223
v 1.613847 0.215349 -2.861743
v 1.762088 0.221909 -2.673663
v 0.187768 0.138629 -4.129583
v 1.838807 0.089349 -4.062943
v 1.904807 0.289189 -0.129823
v 1.988887 0.283349 -0.129823
v 8.883286 -0.442171 -2.417823
v 8.010568 -0.418891 -3.888223
v 9.150406 -0.448331 -2.251343
v 7.120809 -0.064571 -3.728943
v 6.882407 -0.048811 -3.847983
v 6.906087 -0.053291 -3.889663
v 6.931287 -0.086171 -3.935423
v 8.730484 -0.207691 -1.968783
v 8.688007 -0.187611 -1.938543
v 7.120728 -0.348651 -4.295822
v 7.157445 -0.356011 -4.344462
v 8.666645 -0.181931 -1.903423
v 7.075208 -0.284891 -4.204622
v 9.134167 -0.442571 -2.191023
v 7.021527 -0.019851 -2.079423
v 8.826084 -0.252891 -2.036623
v 8.830967 -0.427931 -2.288303
v 8.005288 -0.120651 -2.145343
v 8.187768 -0.132571 -1.995263
v 8.036088 -0.110491 -1.743823
v 7.693769 -0.380811 -3.919263
v 7.664487 -0.391931 -4.078382
v 7.812085 -0.399691 -3.912703
v 7.562726 -0.373371 -4.070302
v 8.679447 -0.419931 -2.375583
v 8.764404 -0.435131 -2.487583
v 7.440969 -0.377291 -4.235022
v 7.367528 -0.361371 -4.194782
v 6.991609 -0.059211 -3.873503
v 7.030408 -0.091211 -3.909903
v 8.229527 -0.142571 -2.057822
v 8.106248 -0.153531 -2.214543
v 8.256886 -0.162651 -2.096782
v 8.063848 -0.133451 -2.185343
v 8.414085 -0.174171 -2.028862
v 8.389126 -0.154091 -1.988623
v 7.831605 -0.481611 -5.458622
v 7.666806 -0.398171 -4.207822
v 6.963927 -0.055611 -3.837823
v 7.087445 -0.066731 -3.832303
v 7.150407 -0.068811 -3.761583
v 7.058568 -0.062811 -3.798463
v 8.205846 -0.135211 -2.025342
v 8.015527 -0.123211 -2.182383
v 8.363926 -0.146891 -1.953983
v 7.278169 -0.297451 -4.127263
v 8.634007 -0.408411 -2.326383
v 8.782887 -0.418091 -2.239583
v 7.409928 -0.306411 -4.039982
v 7.553369 -0.322011 -3.885183
v 7.119607 -0.091691 -3.856623
v 8.328728 -0.142971 -1.931423
v 7.177766 -0.089211 -3.779743
v 7.661126 -0.363771 -3.853983
v 7.102807 -0.150891 -3.977743
v 7.205049 -0.158011 -3.921103
v 6.975287 -0.143531 -4.015263
v 8.461525 -0.212411 -2.105263
v 8.585045 -0.369611 -2.269103
v 8.599686 -0.395051 -2.307183
v 8.540646 -0.392811 -2.411103
v 8.582085 -0.411211 -2.476303
v 8.681046 -0.430971 -2.597903
v 6.713447 -0.161611 -3.796063
v 7.345128 -0.226811 -3.853263
v 6.753926 -0.187531 -3.812703
v 7.302648 -0.199691 -3.835823
v 6.701367 -0.147371 -3.768223
v 7.290566 -0.185051 -3.806623
v 7.558648 -0.185451 -2.331823
v 8.180966 -0.216251 -2.315183
v 7.594007 -0.198011 -2.300463
v 8.217687 -0.229291 -2.282543
v 7.703206 -0.236891 -2.278383
v 8.331127 -0.269691 -2.259583
v 7.841767 -0.300011 -2.277983
v 8.461685 -0.323371 -2.253743
v 7.898728 -0.330651 -2.290143
v 8.527607 -0.359931 -2.284142
v 7.918168 -0.354331 -2.328863
v 8.544968 -0.382331 -2.320783
v 7.864728 -0.352811 -2.416223
v 8.498806 -0.383211 -2.415023
v 7.635045 -0.356411 -3.814863
v 7.033048 -0.320251 -3.775743
v 6.948728 -0.293771 -3.809903
v 7.551526 -0.330651 -3.850383
v 7.552728 -0.324971 -3.865423
v 7.650807 -0.360811 -3.838543
v 7.295606 -0.178571 -3.840063
v 7.344087 -0.220251 -3.867423
v 7.286328 -0.166731 -3.804783
v 8.472244 -0.314491 -2.245183
v 8.334564 -0.254571 -2.248463
v 8.553207 -0.363291 -2.278063
v 8.571045 -0.387291 -2.315983
v 8.177445 -0.200171 -2.306383
v 8.205285 -0.209051 -2.277583
v 8.517845 -0.387291 -2.413182
v 8.184487 -0.190651 -2.268463
v 8.308887 -0.200971 -2.171022
v 7.270005 -0.147291 -3.802303
v 7.278169 -0.164411 -3.846543
v 7.343045 -0.214011 -3.880943
v 7.265046 -0.203531 -3.960703
v 8.478966 -0.300811 -2.224703
v 8.327927 -0.240731 -2.228463
v 7.012887 -0.043851 -0.129823
v 8.138566 -0.156331 -0.129823
v 8.678406 -0.224891 -0.129823
v 0.020807 0.151989 3.927377
v 1.838647 0.038069 3.991057
v 0.238887 0.051749 4.135777
v 0.137606 0.114309 3.956657
v 1.838087 -0.044571 4.149697
v 1.838087 -0.063771 4.215858
v 0.246327 0.039109 4.208017
v 1.843447 -0.069051 4.281857
v 4.141047 -0.194491 4.294657
v 5.653848 -0.262171 4.169698
v 5.653848 -0.271931 4.233778
v 4.140967 -0.190251 4.228977
v 4.141767 0.018469 3.919377
v 5.650167 -0.010411 3.778177
v 5.650487 -0.034411 3.824177
v 4.141847 0.037909 3.873617
v 1.838887 0.069749 3.902177
v 0.140647 0.130549 3.909137
v 1.838887 0.077749 3.872657
v 5.650727 -0.062891 3.876177
v 4.141047 -0.140971 4.143938
v 4.141686 -0.004811 3.974097
v 5.653047 -0.211611 4.088418
v -0.022153 -0.027371 5.198417
v 2.008008 -0.142411 5.198977
v 4.143046 -0.258331 5.199058
v 5.763766 -0.334651 5.199058
v 0.272008 0.189349 2.784977
v 0.268968 0.187509 2.823937
v 0.232568 0.194789 2.760417
v 5.650167 -0.006011 3.718337
v 4.141686 0.042389 3.802417
v 0.163848 0.066629 4.105777
v 0.449127 0.145509 2.579057
v 0.480167 0.178869 1.594977
v 1.445527 0.033829 2.351297
v 5.641606 0.096869 2.000817
v 4.138087 0.154069 2.208417
v 1.384487 0.043429 2.456817
v 1.370647 0.043669 2.435457
v 1.471047 0.032629 2.363617
v 0.445527 0.147749 2.598337
v 1.650567 0.207909 2.655697
v 1.901607 0.211909 2.459377
v 1.656967 0.203909 2.694657
v 1.804726 0.214389 2.470257
v 1.613847 0.215349 2.602097
v 1.762088 0.221909 2.414097
v 1.838807 0.089349 3.803377
v 0.187768 0.138629 3.870017
v 8.010568 -0.418891 3.628657
v 8.883286 -0.442171 2.158257
v 9.150406 -0.448411 1.991697
v 7.120809 -0.064571 3.469377
v 6.882407 -0.048811 3.588417
v 6.906087 -0.053291 3.630097
v 6.931287 -0.086171 3.675857
v 8.730484 -0.207691 1.709217
v 8.688007 -0.187611 1.678977
v 7.120728 -0.348651 4.036258
v 7.157445 -0.356011 4.084898
v 8.666645 -0.181931 1.643857
v 7.075208 -0.284891 3.945057
v 9.134167 -0.442571 1.931457
v 7.021527 -0.019851 1.819857
v 8.826084 -0.252891 1.777057
v 8.830967 -0.427931 2.028737
v 8.005288 -0.120651 1.885777
v 8.036088 -0.110491 1.484177
v 8.187768 -0.132571 1.735697
v 7.693769 -0.380811 3.659697
v 7.664487 -0.391931 3.818817
v 7.562726 -0.373371 3.810657
v 7.812085 -0.399691 3.653137
v 8.679447 -0.419931 2.116017
v 8.764404 -0.435131 2.228017
v 7.441049 -0.377291 3.975378
v 7.367528 -0.361371 3.935217
v 6.991609 -0.059211 3.613937
v 7.030408 -0.091211 3.650337
v 8.229527 -0.142571 1.798257
v 8.106248 -0.153531 1.954977
v 8.063848 -0.133451 1.925777
v 8.256886 -0.162651 1.837217
v 8.389126 -0.154091 1.729057
v 8.414085 -0.174171 1.769297
v 7.831605 -0.481611 5.199058
v 7.666806 -0.398171 3.948257
v 6.963927 -0.055611 3.578257
v 7.087445 -0.066731 3.572737
v 7.058568 -0.062811 3.538897
v 7.150407 -0.068811 3.502017
v 8.205846 -0.135211 1.765777
v 8.015527 -0.123211 1.922817
v 8.363926 -0.146891 1.694417
v 7.278169 -0.297451 3.867697
v 8.634007 -0.408411 2.066817
v 8.782887 -0.418091 1.980017
v 7.410008 -0.306411 3.780417
v 7.553369 -0.322011 3.625617
v 7.119607 -0.091691 3.596977
v 8.328728 -0.142971 1.671857
v 7.177766 -0.089211 3.520177
v 7.661126 -0.363771 3.594417
v 7.102807 -0.150891 3.718177
v 7.205049 -0.158011 3.661537
v 6.975287 -0.143531 3.755617
v 8.461525 -0.212411 1.845697
v 8.585045 -0.369611 2.009537
v 8.599686 -0.395051 2.047617
v 8.540646 -0.392811 2.151537
v 8.582085 -0.411211 2.216738
v 8.681046 -0.430971 2.338257
v 6.713447 -0.161611 3.536497
v 7.345128 -0.226811 3.593697
v 7.302648 -0.199691 3.576257
v 6.753926 -0.187531 3.553137
v 7.290566 -0.185051 3.547057
v 8.180966 -0.216251 2.055537
v 7.594007 -0.198011 2.040897
v 8.217687 -0.229291 2.022977
v 7.703206 -0.236891 2.018817
v 8.331127 -0.269691 2.000017
v 7.841767 -0.300011 2.018417
v 8.461685 -0.323371 1.994177
v 7.898728 -0.330651 2.030577
v 8.527607 -0.359931 2.024498
v 7.918168 -0.354331 2.069297
v 8.544968 -0.382331 2.061217
v 7.864728 -0.352811 2.156657
v 8.498806 -0.383211 2.155457
v 7.033048 -0.320251 3.516177
v 7.635045 -0.356411 3.555297
v 6.948728 -0.293771 3.550337
v 7.551526 -0.330651 3.590817
v 7.552728 -0.324971 3.605857
v 7.650807 -0.360811 3.578977
v 7.295606 -0.178571 3.580497
v 7.344087 -0.220251 3.607857
v 7.286328 -0.166731 3.545217
v 8.472244 -0.314491 1.985617
v 8.334564 -0.254571 1.988897
v 8.553207 -0.363291 2.018417
v 8.571045 -0.387291 2.056417
v 8.177445 -0.200171 2.046817
v 8.205285 -0.209051 2.018017
v 8.517845 -0.387291 2.153617
v 8.308887 -0.200971 1.911457
v 8.184487 -0.190651 2.008897
v 7.270005 -0.147291 3.542737
v 7.278169 -0.164411 3.586977
v 7.343045 -0.214011 3.621377
v 7.265046 -0.203531 3.701137
v 8.478966 -0.300811 1.965137
v 8.327927 -0.240731 1.968897
v 7.634248 -0.360491 -3.954543
v 7.625848 -0.344891 -3.902943
v 8.378086 -0.208491 -2.145822
v 8.510086 -0.288331 -2.204383
v 8.523125 -0.254011 -2.152702
v 8.380165 -0.237611 -2.203503
v 7.282647 -0.133771 -3.768783
v 7.213048 -0.121691 -3.836543
v 7.268647 -0.146811 -3.833983
v 7.235528 -0.103771 -3.753663
v 8.610565 -0.343211 -2.232143
v 8.523125 -0.254011 -2.152702
v 8.510086 -0.288331 -2.204383
v 8.654007 -0.318571 -2.184383
v 8.654964 -0.378971 -2.260943
v 8.704567 -0.368571 -2.224703
v 7.562486 -0.324491 -3.912143
v 7.554406 -0.331691 -3.963263
v 7.354009 -0.221131 -3.911903
v 7.333447 -0.228891 -3.961743
v 7.293847 -0.166331 -3.876383
v 7.333447 -0.228891 -3.961743
v 7.354009 -0.221131 -3.911903
v 7.243367 -0.163931 -3.910543
v 8.172406 -0.160651 -2.207903
v 8.270565 -0.199371 -2.228543
v 8.250089 -0.174811 -2.166702
v 8.209928 -0.185531 -2.256463
v 8.108327 -0.151771 -2.269663
v 8.163606 -0.178171 -2.299343
v 7.625848 -0.344891 3.643377
v 7.634248 -0.360491 3.694977
v 8.378086 -0.208491 1.886257
v 8.510086 -0.288331 1.944817
v 8.380165 -0.237611 1.943857
v 8.523125 -0.254011 1.893137
v 7.282647 -0.133771 3.509217
v 7.213048 -0.121691 3.576977
v 7.235528 -0.103771 3.494097
v 7.268647 -0.146811 3.574417
v 8.610565 -0.343211 1.972577
v 8.523125 -0.254011 1.893137
v 8.654007 -0.318571 1.924817
v 8.510086 -0.288331 1.944817
v 8.654964 -0.378971 2.001377
v 8.704567 -0.368571 1.965137
v 7.562486 -0.324491 3.652577
v 7.554406 -0.331691 3.703697
v 7.354009 -0.221131 3.652337
v 7.333447 -0.228891 3.702177
v 7.293847 -0.166331 3.616817
v 7.333447 -0.228891 3.702177
v 7.243367 -0.163931 3.650977
v 7.354009 -0.221131 3.652337
v 8.172406 -0.160651 1.948257
v 8.270565 -0.199371 1.968977
v 8.209928 -0.185531 1.996897
v 8.250089 -0.174811 1.907057
v 8.108327 -0.151771 2.010097
v 8.163606 -0.178171 2.039777
v 7.918168 -0.354331 -2.328863
v 7.841767 -0.300011 -2.277983
v 7.864728 -0.352811 -2.416223
v 7.898728 -0.330651 -2.290143
v 7.594007 -0.198011 -2.300463
v 7.703206 -0.236891 -2.278383
v 6.948728 -0.293771 -3.809903
v 7.033048 -0.320251 -3.775743
v 6.753926 -0.187531 -3.812703
v 6.701367 -0.147371 -3.768223
v 6.713447 -0.161611 -3.796063
v 7.558648 -0.185451 -2.331823
v 7.918168 -0.354331 2.069297
v 7.841767 -0.300011 2.018417
v 7.864728 -0.352811 2.156657
v 7.594007 -0.198011 2.040897
v 6.701447 -0.147371 3.508657
v 6.753926 -0.187531 3.553137
v 6.948728 -0.293771 3.550337
v 5.061208 -0.050571 -4.217903
v 5.563687 -0.169131 -4.309982
v 5.562488 -0.075051 -4.175183
v 5.123687 -0.147611 -4.340783
v 6.221927 -0.107291 -4.098222
v 6.284408 -0.204331 -4.229342
v 5.061208 -0.050571 3.958337
v 5.563687 -0.169131 4.050418
v 5.123687 -0.147611 4.081217
v 5.562488 -0.075051 3.915617
v 6.221927 -0.107291 3.838657
v 6.284408 -0.204331 3.969778
v 0.543207 0.231669 0.878337
v 1.317127 0.087109 2.358577
v 1.442647 0.149909 0.884017
v 0.584807 0.245189 -0.129823
v 1.477927 0.167509 -0.129823
v 0.543207 0.231669 -1.137983
v 1.317127 0.087109 -2.618143
v 1.442647 0.149909 -1.143583
vn 0.0664 0.9930 0.0980
vn 0.0821 0.9900 0.1146
vn 0.0777 0.9890 0.1255
vn 0.0599 0.9952 0.0769
vn 0.1703 0.9846 0.0406
vn 0.1062 0.9914 0.0770
vn 0.1255 0.9913 0.0396
vn 0.1947 0.9797 0.0475
vn 0.1526 0.9829 0.1035
vn 0.1027 0.9947 -0.0089
vn 0.2434 0.9680 0.0610
vn 0.3200 0.9474 0.0033
vn 0.2633 0.9631 0.0561
vn 0.1716 0.9833 0.0602
vn 0.1784 0.9826 0.0510
vn 0.1395 0.9886 0.0561
vn 0.0666 0.9930 -0.0977
vn 0.0806 0.9902 -0.1138
vn 0.0758 0.9893 -0.1247
vn 0.0614 0.9951 -0.0768
vn 0.1710 0.9844 -0.0406
vn 0.1063 0.9914 -0.0766
vn 0.1275 0.9911 -0.0396
vn 0.1946 0.9797 -0.0474
vn 0.0857 0.9919 -0.0940
vn 0.0267 0.9938 -0.1075
vn 0.2421 0.9683 -0.0609
vn 0.3092 0.9462 -0.0950
vn 0.2749 0.9597 -0.0581
vn 0.1708 0.9835 -0.0602
vn 0.1797 0.9824 -0.0510
vn 0.1388 0.9887 -0.0561
vn 0.2078 0.9772 0.0434
vn 0.2158 0.9753 0.0478
vn 0.1747 0.9835 0.0466
vn 0.1970 0.9791 0.0509
vn 0.1284 0.9909 0.0412
vn 0.2061 0.9769 0.0567
vn 0.1263 0.9906 0.0516
vn 0.1859 0.9818 0.0397
vn 0.1838 0.9819 0.0467
vn 0.1457 0.9875 0.0601
vn 0.2172 0.9752 0.0433
vn 0.2135 0.9759 0.0443
vn 0.2561 0.9665 0.0170
vn 0.2444 0.9696 0.0146
vn 0.2054 0.9764 0.0669
vn 0.0912 0.9958 -0.0045
vn 0.1862 0.9817 0.0388
vn 0.2349 0.9712 0.0397
vn 0.2864 0.9572 0.0418
vn 0.3138 0.9485 0.0439
vn 0.3054 0.9512 0.0432
vn 0.0499 0.9945 0.0920
vn 0.0752 0.9942 0.0763
vn 0.0464 0.9917 0.1196
vn 0.0551 0.9899 0.1304
vn 0.0563 0.9909 0.1222
vn 0.0677 0.9930 0.0965
vn 0.0731 0.9932 0.0909
vn 0.0634 0.9936 0.0930
vn 0.0715 0.9951 0.0686
vn 0.1686 0.9852 -0.0317
vn 0.0753 0.9947 0.0698
vn 0.1834 0.9819 0.0475
vn 0.1217 0.9914 0.0482
vn 0.1422 0.9898 -0.0096
vn 0.1685 0.9857 -0.0029
vn 0.1254 0.9919 -0.0179
vn 0.1576 0.9835 -0.0888
vn -0.0270 0.9641 -0.2640
vn -0.2483 0.9624 -0.1104
vn 0.1984 0.9793 -0.0407
vn 0.1643 0.9835 -0.0752
vn 0.1636 0.9861 -0.0300
vn -0.2225 0.9671 0.1236
vn 0.0496 0.9968 0.0633
vn 0.0535 0.9964 0.0651
vn -0.7180 -0.4573 -0.5248
vn 0.0464 0.9969 0.0640
vn -0.0362 0.9934 -0.1093
vn -0.2130 0.9719 -0.1002
vn -0.0197 0.9992 0.0354
vn -0.3579 0.9336 0.0161
vn 0.0938 0.9924 0.0801
vn 0.0888 0.9930 0.0780
vn 0.1531 0.9852 0.0773
vn 0.1923 0.9813 -0.0057
vn 0.2000 0.9784 0.0527
vn 0.3324 0.9420 0.0460
vn 0.3305 0.9426 0.0485
vn 0.2224 0.9741 0.0416
vn 0.2370 0.9709 0.0342
vn 0.2342 0.9722 0.0030
vn 0.2455 0.9694 -0.0002
vn 0.2731 0.9614 0.0342
vn 0.0543 0.9979 0.0354
vn 0.0527 0.9946 0.0896
vn 0.1040 0.9922 0.0683
vn -0.0570 0.9984 -0.0000
vn -0.1062 0.9943 0.0001
vn -0.1777 0.9841 0.0001
vn -0.3431 0.9343 -0.0969
vn 0.1233 0.9917 0.0370
vn 0.1300 0.9898 0.0583
vn 0.1204 0.9927 -0.0071
vn 0.0544 0.9937 0.0975
vn 0.1072 0.9919 0.0688
vn 0.0944 0.9931 0.0692
vn 0.0577 0.9960 0.0680
vn 0.0499 0.9966 0.0663
vn 0.0735 0.9949 0.0689
vn 0.0485 0.9968 0.0628
vn 0.1069 0.9942 0.0122
vn 0.1073 0.9936 0.0354
vn 0.1011 0.9942 0.0360
vn 0.0935 0.9944 0.0494
vn 0.1067 0.9930 0.0517
vn 0.1062 0.9937 0.0355
vn 0.0786 0.9962 0.0362
vn 0.0761 0.9957 0.0527
vn 0.0486 0.9973 0.0555
vn 0.0545 0.9976 0.0418
vn 0.0537 0.9978 0.0400
vn 0.0455 0.9977 0.0503
vn 0.0641 0.9973 0.0359
vn 0.0603 0.9968 0.0533
vn 0.0500 0.9972 0.0561
vn 0.0499 0.9978 0.0441
vn 0.0539 0.9977 0.0404
vn 0.0583 0.9983 0.0055
vn 0.0571 0.9983 -0.0128
vn 0.0811 0.9964 0.0254
vn 0.0955 0.9948 0.0346
vn 0.0761 0.9968 0.0245
vn 0.0706 0.9972 0.0251
vn 0.2098 0.9767 -0.0448
vn 0.2104 0.9765 -0.0460
vn 0.1945 0.9800 -0.0426
vn 0.1628 0.9856 -0.0462
vn 0.2061 0.9769 -0.0567
vn 0.1284 0.9909 -0.0412
vn 0.1748 0.9838 -0.0407
vn 0.1138 0.9919 -0.0568
vn 0.1325 0.9895 -0.0578
vn 0.1857 0.9813 -0.0510
vn 0.2341 0.9713 -0.0415
vn 0.2160 0.9756 -0.0387
vn 0.1981 0.9780 -0.0650
vn 0.0912 0.9958 0.0045
vn 0.2856 0.9573 -0.0455
vn 0.2349 0.9712 -0.0397
vn 0.1862 0.9817 -0.0388
vn 0.2925 0.9553 -0.0440
vn 0.3055 0.9512 -0.0432
vn 0.0609 0.9929 -0.1025
vn 0.0506 0.9945 -0.0917
vn 0.0528 0.9905 -0.1272
vn 0.0562 0.9919 -0.1140
vn 0.0618 0.9919 -0.1114
vn 0.0523 0.9904 -0.1279
vn 0.0580 0.9939 -0.0934
vn 0.0743 0.9938 -0.0829
vn 0.1814 0.9821 -0.0510
vn 0.1212 0.9915 -0.0482
vn 0.1825 0.9793 0.0874
vn 0.1527 0.9859 0.0689
vn 0.1651 0.9828 0.0827
vn 0.1557 0.9845 0.0802
vn -0.1181 0.9924 -0.0343
vn -0.3429 0.9312 0.1234
vn 0.1172 0.9920 -0.0458
vn -0.6914 -0.4558 0.5605
vn 0.0535 0.9964 -0.0651
vn 0.0496 0.9968 -0.0633
vn 0.0479 0.9969 -0.0624
vn -0.0708 0.8754 0.4782
vn -0.0361 0.9934 0.1093
vn 0.1230 0.9908 0.0572
vn 0.1581 0.9846 0.0744
vn -0.2130 0.9719 0.1002
vn 0.0699 0.9942 -0.0812
vn -0.0200 0.9992 -0.0353
vn -0.3579 0.9336 -0.0161
vn 0.0600 0.9972 -0.0449
vn 0.0568 0.9958 -0.0713
vn 0.0940 0.9928 -0.0749
vn 0.0879 0.9925 -0.0847
vn 0.1943 0.9797 -0.0497
vn 0.3337 0.9416 -0.0454
vn 0.3253 0.9439 -0.0574
vn 0.3207 0.9460 -0.0465
vn 0.3261 0.9445 -0.0398
vn 0.2243 0.9739 -0.0358
vn 0.2248 0.9738 -0.0347
vn 0.0587 0.9973 -0.0437
vn 0.0528 0.9947 -0.0885
vn 0.1040 0.9922 -0.0683
vn 0.1994 0.9793 -0.0340
vn 0.1276 0.9911 -0.0377
vn 0.1370 0.9890 -0.0566
vn 0.0537 0.9939 -0.0965
vn 0.0974 0.9928 -0.0692
vn 0.1072 0.9918 -0.0693
vn 0.0501 0.9965 -0.0673
vn 0.0597 0.9958 -0.0689
vn 0.0763 0.9947 -0.0689
vn 0.0486 0.9968 -0.0639
vn 0.1073 0.9936 -0.0357
vn 0.0980 0.9940 -0.0495
vn 0.0951 0.9948 -0.0359
vn 0.1066 0.9937 -0.0355
vn 0.1065 0.9929 -0.0536
vn 0.0789 0.9955 -0.0528
vn 0.0729 0.9967 -0.0359
vn 0.0518 0.9977 -0.0440
vn 0.0476 0.9973 -0.0568
vn 0.0485 0.9974 -0.0530
vn 0.0556 0.9976 -0.0421
vn 0.0622 0.9967 -0.0525
vn 0.0586 0.9976 -0.0380
vn 0.0512 0.9973 -0.0532
vn 0.0499 0.9978 -0.0441
vn 0.0552 0.9976 -0.0425
vn 0.0936 0.9950 -0.0345
vn 0.0898 0.9955 -0.0288
vn 0.0640 0.9977 -0.0212
vn 0.0758 0.9968 -0.0266
vn 0.5447 -0.3555 -0.7595
vn 0.5019 0.0719 -0.8619
vn 0.7922 0.5637 -0.2337
vn 0.1540 0.0345 -0.9875
vn 0.2704 0.0657 -0.9605
vn 0.0111 0.0180 -0.9998
vn -0.0119 0.0004 -0.9999
vn -0.0991 0.0006 -0.9951
vn -0.1626 0.0030 -0.9867
vn -0.2772 0.0069 -0.9608
vn -0.3280 -0.4664 -0.8215
vn -0.3500 -0.7556 -0.5537
vn -0.0662 -0.9729 0.2217
vn 0.5361 -0.4784 0.6955
vn 0.5449 -0.0687 0.8357
vn 0.5720 -0.6712 0.4714
vn 0.0822 -0.9858 0.1466
vn 0.1559 -0.0344 0.9872
vn 0.2728 -0.0655 0.9598
vn 0.0117 -0.0178 0.9998
vn -0.0110 -0.0005 0.9999
vn -0.0993 -0.0005 0.9951
vn -0.1627 0.0019 0.9867
vn -0.2126 0.0037 0.9771
vn -0.2560 -0.4855 0.8359
vn -0.2265 -0.8233 0.5204
vn -0.0620 -0.9097 -0.4106
vn 0.0887 0.9948 0.0508
vn 0.0891 0.9956 0.0292
vn 0.0895 0.9952 0.0394
vn 0.0883 0.9961 -0.0000
vn 0.0866 0.9962 -0.0000
vn 0.0895 0.9952 -0.0394
vn 0.0891 0.9956 -0.0292
vn 0.0890 0.9947 -0.0506
vn 0.0879 0.9948 -0.0512
vn 0.0879 0.9948 0.0512
vn 0.1843 0.8722 -0.4531
vn 0.1560 0.8269 -0.5403
vn 0.1601 0.8426 -0.5142
vn 0.3631 0.9299 -0.0578
vn 0.3011 0.9511 -0.0683
vn 0.3210 0.9453 -0.0580
vn 0.3303 0.9428 -0.0459
vn 0.3740 0.9264 -0.0440
vn 0.1726 0.9844 -0.0347
vn 0.1322 0.9897 -0.0552
vn 0.1387 0.9890 -0.0512
vn 0.1746 0.9825 -0.0654
vn 0.1974 0.9794 -0.0413
vn 0.1201 0.9920 -0.0393
vn 0.1287 0.9903 -0.0514
vn 0.2099 0.9765 -0.0489
vn 0.1412 0.9879 -0.0636
vn -0.0284 0.9972 -0.0687
vn -0.0780 0.9873 -0.1385
vn 0.1515 0.9859 -0.0708
vn 0.0270 0.9987 -0.0430
vn 0.0203 0.9990 -0.0406
vn -0.0431 0.9979 -0.0481
vn -0.0322 0.9604 -0.2767
vn 0.1425 0.9482 -0.2840
vn 0.0969 0.9123 -0.3978
vn -0.0293 0.9432 -0.3310
vn 0.2069 0.9526 -0.2231
vn 0.1540 0.9666 -0.2047
vn -0.0777 0.9682 -0.2377
vn 0.1130 0.9836 -0.1409
vn 0.1617 0.9850 -0.0597
vn 0.1738 0.9226 -0.3445
vn 0.1529 0.9869 -0.0517
vn 0.1821 0.9354 -0.3031
vn -0.0878 0.9850 -0.1484
vn 0.1760 0.9840 -0.0276
vn 0.2089 0.9771 -0.0397
vn 0.2014 0.9781 -0.0524
vn 0.1962 0.9800 -0.0342
vn 0.2161 0.9760 -0.0264
vn 0.2514 0.9674 -0.0311
vn 0.0682 0.9973 -0.0273
vn 0.0745 0.9967 -0.0317
vn 0.1476 0.9494 -0.2774
vn 0.0870 0.9949 -0.0515
vn 0.1763 0.9831 -0.0495
vn 0.1176 0.9904 -0.0729
vn 0.2658 0.9640 -0.0077
vn 0.3543 0.9351 0.0083
vn 0.2542 0.9667 -0.0295
vn 0.1860 0.9824 -0.0179
vn 0.1203 0.9920 -0.0385
vn 0.1757 0.9838 -0.0363
vn 0.1680 0.9849 -0.0421
vn 0.1097 0.9930 -0.0443
vn 0.1702 0.9854 -0.0036
vn 0.2043 0.9789 -0.0028
vn 0.1917 0.9814 -0.0041
vn 0.0771 0.9956 -0.0541
vn 0.1545 0.9861 -0.0611
vn 0.1827 0.8801 0.4381
vn 0.1655 0.8516 0.4973
vn 0.1560 0.8109 0.5641
vn 0.3835 0.9219 0.0556
vn 0.3189 0.9467 0.0458
vn 0.3331 0.9408 0.0622
vn 0.3075 0.9509 0.0360
vn 0.1787 0.9797 0.0914
vn 0.1369 0.9870 0.0843
vn 0.1292 0.9908 0.0409
vn 0.1704 0.9851 0.0237
vn 0.2085 0.9766 0.0529
vn 0.1068 0.9930 0.0513
vn 0.0973 0.9944 0.0406
vn 0.1966 0.9796 0.0412
vn -0.0615 0.9888 0.1363
vn -0.0367 0.9971 0.0674
vn 0.0978 0.9933 0.0610
vn 0.1740 0.9830 0.0588
vn -0.0404 0.9980 0.0477
vn 0.0092 0.9992 0.0390
vn 0.0210 0.9989 0.0427
vn -0.0488 0.9451 0.3232
vn 0.1157 0.9252 0.3614
vn 0.1170 0.9553 0.2713
vn -0.0101 0.9728 0.2314
vn 0.1750 0.9567 0.2327
vn 0.2044 0.9393 0.2757
vn 0.1168 0.9888 0.0931
vn 0.1200 0.9816 0.1487
vn -0.0768 0.9699 0.2309
vn 0.1785 0.9416 0.2855
vn 0.1880 0.9807 0.0536
vn 0.1787 0.9466 0.2684
vn -0.1136 0.9740 0.1960
vn 0.2125 0.9767 0.0292
vn 0.1770 0.9839 0.0262
vn 0.1998 0.9783 0.0547
vn 0.1910 0.9798 0.0596
vn 0.2080 0.9777 0.0302
vn 0.2514 0.9674 0.0311
vn 0.0745 0.9967 0.0317
vn 0.0983 0.9948 0.0280
vn 0.1461 0.9462 0.2886
vn 0.0569 0.9970 0.0519
vn 0.1748 0.9840 0.0354
vn 0.1176 0.9904 0.0729
vn 0.2762 0.9605 0.0356
vn 0.1867 0.9823 0.0116
vn 0.1260 0.9911 0.0420
vn 0.1861 0.9815 0.0458
vn 0.1690 0.9850 0.0345
vn 0.1202 0.9921 0.0372
vn 0.1977 0.9803 -0.0004
vn 0.0909 0.9942 0.0572
vn 0.2393 0.9687 0.0658
vn 0.0448 0.9229 -0.3823
vn 0.0658 0.9529 -0.2960
vn 0.0830 0.9508 -0.2985
vn 0.0300 0.9035 -0.4276
vn 0.0589 0.9953 -0.0767
vn 0.0685 0.9924 -0.1017
vn 0.0704 0.9740 -0.2153
vn 0.0560 0.9827 -0.1767
vn 0.0527 0.9628 -0.2650
vn 0.0745 0.9110 -0.4057
vn 0.0616 0.9937 -0.0938
vn 0.0527 0.9964 -0.0671
vn 0.0344 0.9652 -0.2594
vn 0.0510 0.9771 -0.2064
vn 0.0746 0.8796 -0.4699
vn 0.0387 0.9222 -0.3848
vn 0.0256 0.9480 -0.3172
vn 0.0628 0.9473 -0.3140
vn 0.0271 0.9683 -0.2483
vn 0.0767 0.8221 -0.5642
vn 0.0458 0.8393 -0.5417
vn 0.0413 0.8679 -0.4950
vn 0.0833 0.8532 -0.5150
vn 0.0582 0.9956 -0.0733
vn 0.0931 0.9913 -0.0934
vn 0.0571 0.9965 -0.0618
vn 0.0516 0.9962 -0.0701
vn 0.0304 0.9970 -0.0718
vn 0.0395 0.9983 -0.0430
vn 0.0905 0.9959 -0.0072
vn 0.1179 0.9922 -0.0398
vn 0.1111 0.9938 -0.0034
vn 0.0859 0.9963 0.0058
vn 0.0385 0.9970 -0.0667
vn 0.0595 0.9970 -0.0495
vn -0.1623 0.9822 0.0944
vn -0.0921 0.9569 0.2753
vn 0.0969 0.9939 0.0530
vn 0.0842 0.9894 0.1180
vn 0.1046 0.9941 0.0286
vn -0.2696 0.9630 0.0018
vn 0.0269 0.9929 -0.1159
vn 0.0653 0.9963 -0.0552
vn 0.0228 0.9981 -0.0565
vn 0.0202 0.9959 -0.0880
vn -0.0855 0.9847 0.1519
vn 0.1046 0.9925 0.0636
vn -0.2994 0.9466 0.1199
vn 0.0077 0.9915 -0.1299
vn 0.0073 0.9791 -0.2031
vn 0.0258 0.9942 -0.1044
vn -0.1649 0.9863 0.0004
vn 0.0623 0.9980 -0.0091
vn 0.0407 0.9973 -0.0604
vn 0.1236 0.9827 -0.1380
vn 0.0967 0.9943 -0.0441
vn 0.0908 0.9941 -0.0601
vn 0.0971 0.9914 -0.0882
vn 0.0862 0.9958 -0.0294
vn 0.0617 0.9974 -0.0366
vn 0.0948 0.9346 -0.3428
vn 0.1331 0.8424 -0.5221
vn 0.1598 0.9003 -0.4048
vn 0.1546 0.9620 -0.2249
vn 0.1363 0.9471 -0.2905
vn 0.0854 0.9937 -0.0729
vn 0.1299 0.9913 -0.0219
vn 0.1542 0.8340 -0.5298
vn 0.1297 0.9269 -0.3521
vn 0.0912 0.9957 -0.0143
vn 0.1644 0.8240 -0.5422
vn 0.0959 0.9907 -0.0960
vn 0.1033 0.9941 -0.0325
vn 0.0995 0.9950 -0.0054
vn 0.0919 0.9952 -0.0350
vn 0.2546 0.9579 -0.1327
vn 0.1261 0.9901 -0.0619
vn 0.1405 0.9862 -0.0877
vn 0.2282 0.9514 -0.2067
vn 0.1440 0.9865 -0.0777
vn 0.1039 0.9937 -0.0424
vn 0.1216 0.9870 -0.1048
vn 0.2283 0.9203 -0.3176
vn 0.1403 0.9586 -0.2477
vn 0.2307 0.8392 -0.4925
vn 0.2048 0.9480 -0.2434
vn 0.2491 0.9226 -0.2945
vn 0.3442 0.9095 -0.2331
vn 0.2272 0.9612 -0.1563
vn 0.1907 0.9195 -0.3437
vn 0.1478 0.9710 -0.1881
vn 0.0854 0.9947 -0.0572
vn 0.1012 0.9936 -0.0512
vn 0.0918 0.9948 -0.0443
vn 0.2947 0.9387 -0.1789
vn 0.2098 0.9474 -0.2415
vn 0.0915 0.9948 -0.0456
vn 0.1375 0.9885 -0.0628
vn 0.1228 0.9884 -0.0890
vn 0.1149 0.9914 -0.0624
vn 0.2848 0.8413 -0.4594
vn 0.1730 0.9591 -0.2240
vn 0.1731 0.9129 -0.3696
vn 0.3598 0.8718 -0.3325
vn 0.3897 0.9207 0.0182
vn 0.3500 0.8473 -0.3995
vn 0.0990 0.9949 -0.0181
vn 0.4420 0.8490 -0.2896
vn 0.2751 0.9590 -0.0677
vn 0.3876 0.8407 -0.3782
vn 0.2669 0.8345 -0.4820
vn 0.1553 0.8335 -0.5302
vn 0.2312 0.8457 -0.4810
vn 0.2428 0.8252 -0.5101
vn 0.2547 0.9043 -0.3426
vn 0.1665 0.9827 -0.0814
vn 0.2477 0.9610 -0.1231
vn 0.1013 0.9940 -0.0417
vn 0.0076 -0.6637 0.7479
vn 0.0553 -0.1819 0.9818
vn 0.3375 0.2094 0.9177
vn 0.5849 -0.3583 0.7277
vn -0.0408 -0.9516 0.3048
vn 0.7614 -0.6453 -0.0626
vn -0.0508 -0.9931 -0.1060
vn 0.6084 -0.4436 -0.6581
vn -0.0265 -0.8395 -0.5427
vn 0.2911 -0.1068 -0.9507
vn 0.0117 -0.3187 -0.9478
vn 0.1660 0.2017 -0.9653
vn 0.0422 0.1708 -0.9844
vn 0.1200 0.5447 -0.8300
vn 0.0464 0.6820 -0.7298
vn 0.1386 0.8399 -0.5247
vn 0.0462 0.9356 -0.3501
vn 0.1377 0.9692 -0.2044
vn 0.0499 0.9986 -0.0164
vn 0.1389 0.9878 -0.0711
vn 0.1325 0.9748 0.1796
vn 0.0737 0.9684 0.2381
vn 0.0901 0.5895 0.8027
vn 0.2467 0.8024 0.5435
vn 0.3303 0.9195 0.2130
vn 0.2548 0.9670 -0.0036
vn 0.7618 0.6250 0.1702
vn 0.5435 0.8030 0.2447
vn 0.8482 0.5112 -0.1388
vn 0.2469 0.6795 -0.6909
vn 0.3403 0.6552 -0.6745
vn 0.2481 0.8227 -0.5115
vn 0.2640 0.9240 -0.2768
vn 0.7085 0.5565 -0.4340
vn 0.5282 0.6435 -0.5540
vn 0.2152 0.9699 -0.1144
vn 0.2927 0.8705 -0.3957
vn 0.4409 0.8308 -0.3396
vn 0.5768 0.7900 -0.2080
vn 0.5667 0.8103 -0.1491
vn 0.4989 0.8584 -0.1191
vn 0.3709 0.8395 -0.3971
vn 0.3066 0.7887 -0.5328
vn 0.3752 0.8015 -0.4657
vn 0.0985 0.9951 0.0045
vn 0.1084 0.9941 0.0016
vn 0.1364 0.9907 -0.0006
vn 0.0300 0.9229 0.3839
vn 0.1088 0.9471 0.3021
vn 0.0419 0.9597 0.2778
vn 0.0351 0.8978 0.4391
vn 0.0538 0.9952 0.0816
vn 0.0594 0.9934 0.0983
vn 0.0741 0.9397 0.3338
vn 0.0552 0.9533 0.2969
vn 0.0379 0.9183 0.3940
vn 0.0754 0.8795 0.4699
vn 0.0546 0.9635 0.2620
vn 0.0300 0.9774 0.2093
vn 0.0265 0.9476 0.3184
vn 0.0248 0.9828 0.1829
vn 0.0802 0.9488 0.3057
vn 0.0813 0.8339 0.5459
vn 0.0447 0.8656 0.4987
vn 0.0437 0.7982 0.6007
vn 0.0794 0.8360 0.5430
vn 0.0557 0.9958 0.0731
vn 0.0721 0.9926 0.0981
vn 0.0878 0.9928 0.0820
vn 0.0551 0.9960 0.0698
vn 0.0516 0.9964 0.0666
vn 0.0597 0.9963 0.0622
vn 0.0446 0.9982 0.0393
vn 0.0294 0.9962 0.0816
vn 0.2534 0.9201 0.2987
vn 0.2221 0.9478 0.2288
vn 0.1178 0.9921 0.0432
vn 0.0871 0.9962 0.0017
vn 0.0685 0.9957 0.0622
vn 0.0359 0.9966 0.0739
vn 0.0969 0.9939 -0.0530
vn -0.0921 0.9569 -0.2753
vn -0.2192 0.9725 -0.0790
vn 0.1197 0.9827 -0.1414
vn 0.1152 0.9927 -0.0355
vn 0.0744 0.9891 0.1267
vn 0.0243 0.9958 0.0888
vn 0.0277 0.9958 0.0867
vn 0.0319 0.9973 0.0660
vn 0.0653 0.9963 0.0552
vn 0.0906 0.9940 -0.0615
vn -0.0696 0.9936 -0.0890
vn -0.2589 0.9547 -0.1465
vn 0.0037 0.9892 0.1464
vn 0.0344 0.9905 0.1333
vn -0.0192 0.9940 0.1074
vn 0.0040 0.9974 0.0721
vn 0.1037 0.9859 0.1313
vn 0.0935 0.9935 0.0644
vn 0.0989 0.9941 0.0438
vn 0.0991 0.9907 0.0929
vn 0.0973 0.9947 0.0316
vn 0.0585 0.9976 0.0362
vn 0.1331 0.8424 0.5222
vn 0.0941 0.9516 0.2925
vn 0.1588 0.9000 0.4060
vn 0.1488 0.9718 0.1829
vn 0.0827 0.9941 0.0695
vn 0.1363 0.9471 0.2905
vn 0.1330 0.9911 0.0099
vn 0.1629 0.8367 0.5229
vn 0.1303 0.9027 0.4100
vn 0.0849 0.9962 0.0197
vn 0.1650 0.8398 0.5172
vn 0.0959 0.9907 0.0960
vn 0.1032 0.9941 0.0325
vn 0.0914 0.9952 0.0348
vn 0.1029 0.9947 0.0038
vn 0.2546 0.9579 0.1327
vn 0.2282 0.9514 0.2067
vn 0.1405 0.9862 0.0877
vn 0.1261 0.9901 0.0619
vn 0.1440 0.9865 0.0777
vn 0.1039 0.9937 0.0424
vn 0.1216 0.9870 0.1048
vn 0.2283 0.9203 0.3176
vn 0.1482 0.9485 0.2801
vn 0.2307 0.8392 0.4925
vn 0.2048 0.9480 0.2434
vn 0.2087 0.9686 0.1351
vn 0.3178 0.9187 0.2345
vn 0.2364 0.9209 0.3100
vn 0.1546 0.9590 0.2377
vn 0.1885 0.9192 0.3456
vn 0.0918 0.9943 0.0535
vn 0.1011 0.9936 0.0512
vn 0.0893 0.9948 0.0484
vn 0.0915 0.9948 0.0456
vn 0.2098 0.9474 0.2415
vn 0.3102 0.9303 0.1956
vn 0.1284 0.9868 0.0982
vn 0.1426 0.9873 0.0704
vn 0.1122 0.9918 0.0610
vn 0.2848 0.8414 0.4593
vn 0.1731 0.9129 0.3696
vn 0.1730 0.9591 0.2240
vn 0.3897 0.9208 -0.0182
vn 0.3598 0.8718 0.3325
vn 0.3500 0.8473 0.3995
vn 0.1015 0.9947 0.0142
vn 0.4267 0.8622 0.2729
vn 0.2751 0.9590 0.0677
vn 0.2670 0.8345 0.4820
vn 0.3875 0.8407 0.3782
vn 0.1460 0.8308 0.5371
vn 0.2375 0.8472 0.4752
vn 0.2428 0.8252 0.5100
vn 0.2546 0.9043 0.3427
vn 0.2477 0.9610 0.1231
vn 0.1665 0.9827 0.0814
vn 0.1013 0.9940 0.0417
vn 0.2946 -0.5339 -0.7925
vn 0.3384 0.1019 -0.9355
vn 0.3375 0.2094 -0.9177
vn 0.0553 -0.1819 -0.9817
vn 0.1484 -0.5869 0.7959
vn 0.2911 -0.1068 0.9507
vn 0.6782 -0.1939 0.7089
vn 0.0117 -0.3187 0.9478
vn 0.1660 0.2017 0.9653
vn 0.0303 0.1115 0.9933
vn 0.1390 0.5472 0.8254
vn 0.1551 0.8265 0.5411
vn 0.1386 0.8399 0.5247
vn 0.0462 0.9356 0.3501
vn 0.1377 0.9692 0.2044
vn 0.0468 0.9988 0.0161
vn 0.1256 0.9902 0.0613
vn 0.0653 0.9858 -0.1546
vn 0.1465 0.9665 -0.2107
vn 0.0901 0.5895 -0.8027
vn 0.2467 0.8024 -0.5434
vn 0.3303 0.9195 -0.2130
vn 0.2548 0.9670 0.0036
vn 0.7618 0.6250 -0.1701
vn 0.5435 0.8030 -0.2447
vn 0.8482 0.5111 0.1388
vn 0.9614 0.1619 0.2226
vn 0.2469 0.6795 0.6908
vn 0.3403 0.6552 0.6745
vn 0.2481 0.8227 0.5115
vn 0.2640 0.9240 0.2768
vn 0.7085 0.5565 0.4340
vn 0.5282 0.6435 0.5540
vn 0.2152 0.9699 0.1144
vn 0.4650 0.8199 0.3340
vn 0.3010 0.8731 0.3837
vn 0.6215 0.7530 0.2161
vn 0.5667 0.8103 0.1491
vn 0.4989 0.8585 0.1191
vn 0.3710 0.8395 0.3971
vn 0.3066 0.7887 0.5328
vn 0.3752 0.8015 0.4657
vn 0.3067 0.8537 -0.4208
vn 0.2189 0.7864 -0.5776
vn 0.2752 0.8216 -0.4993
vn 0.3556 0.8397 -0.4104
vn 0.4153 0.8753 -0.2477
vn 0.3503 0.8899 -0.2920
vn 0.4171 0.8591 -0.2965
vn 0.4531 0.8482 -0.2742
vn 0.2397 0.7675 -0.5946
vn 0.2618 0.7722 -0.5789
vn 0.2462 0.7680 -0.5912
vn 0.2442 0.7623 -0.5994
vn 0.2970 0.7793 -0.5518
vn 0.2414 0.7996 -0.5499
vn 0.3725 0.9060 -0.2010
vn 0.3290 0.9172 -0.2247
vn 0.3265 0.9230 -0.2035
vn 0.3968 0.8895 -0.2268
vn 0.4188 0.8738 -0.2471
vn 0.4008 0.8657 -0.2998
vn 0.3699 0.8564 -0.3603
vn 0.5180 0.7866 -0.3362
vn 0.4323 0.8112 -0.3937
vn 0.3290 0.8752 -0.3546
vn 0.3184 0.9183 -0.2351
vn 0.2963 0.9174 -0.2658
vn 0.3238 0.8998 -0.2925
vn 0.3270 0.9204 -0.2146
vn 0.3692 0.9053 -0.2100
vn 0.3382 0.9219 -0.1892
vn 0.3067 0.8537 0.4208
vn 0.3556 0.8397 0.4104
vn 0.2752 0.8216 0.4993
vn 0.2191 0.7864 0.5776
vn 0.4372 0.8572 0.2721
vn 0.4181 0.8752 0.2434
vn 0.4171 0.8591 0.2965
vn 0.3503 0.8899 0.2920
vn 0.2397 0.7675 0.5946
vn 0.2441 0.7623 0.5994
vn 0.2462 0.7680 0.5912
vn 0.2618 0.7722 0.5789
vn 0.2970 0.7793 0.5518
vn 0.2413 0.7996 0.5499
vn 0.3725 0.9060 0.2010
vn 0.3968 0.8895 0.2268
vn 0.3340 0.9224 0.1938
vn 0.3621 0.9101 0.2014
vn 0.4188 0.8738 0.2471
vn 0.4008 0.8657 0.2998
vn 0.3699 0.8564 0.3603
vn 0.3290 0.8752 0.3546
vn 0.4323 0.8112 0.3937
vn 0.5180 0.7866 0.3362
vn 0.3184 0.9183 0.2351
vn 0.3270 0.9204 0.2146
vn 0.3238 0.8998 0.2925
vn 0.2963 0.9173 0.2659
vn 0.3373 0.9207 0.1961
vn 0.3813 0.9005 0.2090
vn 0.4178 0.8602 -0.2924
vn 0.4288 0.8697 -0.2444
vn 0.4109 0.8636 -0.2921
vn 0.3920 0.8592 -0.3287
vn 0.4418 0.8416 -0.3106
vn 0.3785 0.8284 -0.4130
vn 0.3669 0.9079 -0.2027
vn 0.4322 0.8723 -0.2287
vn 0.4599 0.8575 -0.2306
vn 0.4498 0.8592 -0.2439
vn 0.4611 0.8517 -0.2491
vn 0.5483 0.7780 -0.3066
vn 0.4119 0.8685 0.2759
vn 0.4299 0.8691 0.2446
vn 0.4283 0.8604 0.2763
vn 0.4303 0.8571 0.2834
vn 0.4623 0.8515 0.2474
vn 0.4606 0.8582 0.2265
vn 0.4483 0.8597 0.2449
vn 0.0846 0.8096 -0.5809
vn 0.0972 0.8167 -0.5688
vn 0.0945 0.8144 -0.5725
vn 0.0807 0.8018 -0.5922
vn 0.1045 0.8191 -0.5640
vn 0.1028 0.8223 -0.5596
vn 0.0846 0.8096 0.5809
vn 0.0807 0.8018 0.5922
vn 0.0946 0.8145 0.5725
vn 0.0972 0.8167 0.5688
vn 0.1045 0.8191 0.5640
vn 0.1028 0.8223 0.5596
vn 0.0901 0.9947 0.0500
vn 0.0855 0.9951 0.0502
vn 0.0924 0.9942 0.0545
vn 0.0867 0.9961 0.0157
vn 0.0925 0.9942 -0.0545
vn 0.0856 0.9951 -0.0502
vn 0.0904 0.9947 -0.0499
vn 0.0867 0.9961 -0.0158
vt 0.033200 0.427730
vt 0.033200 0.480470
vt 0.255860 0.480470
vt 0.255860 0.427730
vt 0.255860 0.562500
vt 0.255860 0.535160
vt 0.033200 0.535160
vt 0.033200 0.562500
vt 0.255860 0.291020
vt 0.033200 0.291020
vt 0.033200 0.589840
vt 0.033200 0.607420
vt 0.255860 0.607420
vt 0.255860 0.589840
vt 0.255860 0.585940
vt 0.033200 0.585940
vt 0.619140 0.865230
vt 0.658200 0.865230
vt 0.658200 0.867190
vt 0.619140 0.867190
vt 0.619140 0.869140
vt 0.658200 0.824220
vt 0.658200 0.845700
vt 0.619140 0.845700
vt 0.619140 0.824220
vt 0.558590 0.865230
vt 0.558590 0.869140
vt 0.500000 0.869140
vt 0.500000 0.865230
vt 0.658200 0.869140
vt 0.619140 0.871090
vt 0.619140 0.873050
vt 0.658200 0.871090
vt 0.621090 0.664060
vt 0.623050 0.628910
vt 0.658200 0.623050
vt 0.658200 0.664060
vt 0.658200 0.707030
vt 0.658200 0.738280
vt 0.619140 0.742190
vt 0.621090 0.712890
vt 0.585940 0.628910
vt 0.587890 0.628910
vt 0.544920 0.634770
vt 0.544920 0.654300
vt 0.500000 0.654300
vt 0.500000 0.634770
vt 0.574220 0.652340
vt 0.576170 0.652340
vt 0.583980 0.626950
vt 0.580080 0.632810
vt 0.578130 0.660160
vt 0.582030 0.656250
vt 0.583980 0.656250
vt 0.580080 0.662110
vt 0.576170 0.660160
vt 0.544920 0.662110
vt 0.544920 0.660160
vt 0.619140 0.781250
vt 0.658200 0.779300
vt 0.623050 0.626950
vt 0.500000 0.847660
vt 0.558590 0.847660
vt 0.658200 0.882810
vt 0.556640 0.888670
vt 0.558590 0.871090
vt 0.500000 0.873050
vt 0.500000 0.871090
vt 0.533200 0.664060
vt 0.621090 0.673830
vt 0.619140 0.802730
vt 0.500000 0.664060
vt 0.500000 0.662110
vt 0.500000 0.660160
vt 0.500000 0.656250
vt 0.531250 0.826170
vt 0.580080 0.826170
vt 0.500000 0.826170
vt 0.621090 0.689450
vt 0.580080 0.800780
vt 0.580080 0.779300
vt 0.580080 0.710940
vt 0.580080 0.689450
vt 0.580080 0.742190
vt 0.580080 0.673830
vt 0.500000 0.802730
vt 0.535160 0.802730
vt 0.542970 0.779300
vt 0.578130 0.779300
vt 0.578130 0.800780
vt 0.541020 0.800780
vt 0.546880 0.742190
vt 0.578130 0.742190
vt 0.578130 0.675780
vt 0.535160 0.675780
vt 0.578130 0.664060
vt 0.548830 0.710940
vt 0.578130 0.710940
vt 0.578130 0.689450
vt 0.542970 0.683590
vt 0.546880 0.689450
vt 0.500000 0.675780
vt 0.539060 0.822270
vt 0.572270 0.822270
vt 0.544920 0.804690
vt 0.574220 0.804690
vt 0.341800 0.865230
vt 0.380860 0.865230
vt 0.380860 0.867190
vt 0.341800 0.867190
vt 0.380860 0.869140
vt 0.341800 0.845700
vt 0.341800 0.824220
vt 0.380860 0.824220
vt 0.380860 0.845700
vt 0.441410 0.865230
vt 0.441410 0.869140
vt 0.341800 0.869140
vt 0.380860 0.871090
vt 0.380860 0.873050
vt 0.341800 0.871090
vt 0.376950 0.628910
vt 0.378910 0.664060
vt 0.341800 0.664060
vt 0.341800 0.623050
vt 0.341800 0.738280
vt 0.341800 0.707030
vt 0.378910 0.712890
vt 0.380860 0.742190
vt 0.455080 0.634770
vt 0.455080 0.654300
vt 0.416020 0.626950
vt 0.419920 0.632810
vt 0.423830 0.652340
vt 0.425780 0.652340
vt 0.416020 0.656250
vt 0.417970 0.656250
vt 0.421880 0.660160
vt 0.419920 0.662110
vt 0.414060 0.628910
vt 0.423830 0.660160
vt 0.455080 0.662110
vt 0.455080 0.660160
vt 0.412110 0.628910
vt 0.380860 0.781250
vt 0.341800 0.779300
vt 0.441410 0.847660
vt 0.341800 0.882810
vt 0.500000 0.892580
vt 0.443360 0.888670
vt 0.441410 0.875000
vt 0.441410 0.871090
vt 0.466800 0.664060
vt 0.378910 0.673830
vt 0.380860 0.802730
vt 0.468750 0.826170
vt 0.419920 0.826170
vt 0.378910 0.689450
vt 0.419920 0.779300
vt 0.419920 0.800780
vt 0.419920 0.689450
vt 0.419920 0.710940
vt 0.419920 0.742190
vt 0.419920 0.673830
vt 0.464840 0.802730
vt 0.421880 0.779300
vt 0.457030 0.779300
vt 0.458980 0.800780
vt 0.421880 0.800780
vt 0.421880 0.742190
vt 0.453130 0.742190
vt 0.464840 0.675780
vt 0.421880 0.675780
vt 0.421880 0.664060
vt 0.421880 0.710940
vt 0.451170 0.710940
vt 0.421880 0.689450
vt 0.457030 0.683590
vt 0.453130 0.689450
vt 0.427730 0.822270
vt 0.460940 0.822270
vt 0.455080 0.804690
vt 0.425780 0.804690
vt 0.619140 0.681640
vt 0.609380 0.675780
vt 0.623050 0.689450
vt 0.623050 0.708980
vt 0.623050 0.738280
vt 0.617190 0.750000
vt 0.611330 0.761720
vt 0.611330 0.775390
vt 0.380860 0.681640
vt 0.390630 0.677730
vt 0.390630 0.675780
vt 0.376950 0.689450
vt 0.375000 0.708980
vt 0.376950 0.738280
vt 0.380860 0.750000
vt 0.388670 0.775390
vt 0.388670 0.761720
vt 0.990230 0.000000
vt 0.402340 0.000000
vt 0.402340 0.275390
vt 0.019530 0.275390
vt 0.019530 0.000000
vt 0.990230 0.275390
vt 0.449220 0.832030
vt 0.447270 0.810550
vt 0.449220 0.810550
vt 0.347660 0.869140
vt 0.347660 0.855470
vt 0.394530 0.857420
vt 0.437500 0.859380
vt 0.445310 0.875000
vt 0.439450 0.832030
vt 0.439450 0.810550
vt 0.441410 0.810550
vt 0.443360 0.832030
vt 0.394530 0.849610
vt 0.394530 0.853520
vt 0.347660 0.851560
vt 0.347660 0.849610
vt 0.437500 0.857420
vt 0.441410 0.857420
vt 0.394530 0.855470
vt 0.437500 0.855470
vt 0.445310 0.853520
vt 0.445310 0.851560
vt 0.449220 0.851560
vt 0.447270 0.853520
vt 0.443360 0.855470
vt 0.445310 0.855470
vt 0.445310 0.832030
vt 0.441410 0.855470
vt 0.451170 0.810550
vt 0.451170 0.832030
vt 0.451170 0.851560
vt 0.449220 0.853520
vt 0.447270 0.857420
vt 0.443360 0.859380
vt 0.441410 0.853520
vt 0.443360 0.810550
vt 0.347660 0.853520
vt 0.443360 0.853520
vt 0.500000 0.861330
vt 0.500000 0.876950
vt 0.451170 0.859380
vt 0.437500 0.851560
vt 0.394530 0.810550
vt 0.394530 0.832030
vt 0.347660 0.832030
vt 0.347660 0.810550
vt 0.500000 0.810550
vt 0.500000 0.832030
vt 0.500000 0.851560
vt 0.552730 0.832030
vt 0.552730 0.810550
vt 0.554690 0.810550
vt 0.556640 0.875000
vt 0.562500 0.859380
vt 0.607420 0.857420
vt 0.652340 0.855470
vt 0.558590 0.832030
vt 0.558590 0.810550
vt 0.562500 0.810550
vt 0.560550 0.832030
vt 0.652340 0.849610
vt 0.652340 0.851560
vt 0.607420 0.853520
vt 0.607420 0.849610
vt 0.560550 0.857420
vt 0.562500 0.857420
vt 0.558590 0.857420
vt 0.562500 0.855470
vt 0.607420 0.855470
vt 0.554690 0.853520
vt 0.552730 0.851560
vt 0.554690 0.851560
vt 0.556640 0.853520
vt 0.550780 0.851560
vt 0.550780 0.832030
vt 0.556640 0.855470
vt 0.552730 0.853520
vt 0.550780 0.810550
vt 0.556640 0.832030
vt 0.558590 0.855470
vt 0.550780 0.853520
vt 0.554690 0.857420
vt 0.558590 0.859380
vt 0.558590 0.853520
vt 0.556640 0.810550
vt 0.652340 0.853520
vt 0.556640 0.851560
vt 0.548830 0.859380
vt 0.562500 0.851560
vt 0.652340 0.810550
vt 0.652340 0.832030
vt 0.607420 0.832030
vt 0.607420 0.810550
vt 0.378910 0.654300
vt 0.378910 0.623050
vt 0.382810 0.621090
vt 0.382810 0.654300
vt 0.375000 0.654300
vt 0.376950 0.623050
vt 0.376950 0.654300
vt 0.375000 0.697270
vt 0.376950 0.726560
vt 0.375000 0.726560
vt 0.386720 0.697270
vt 0.388670 0.726560
vt 0.386720 0.726560
vt 0.384770 0.697270
vt 0.384770 0.654300
vt 0.384770 0.621090
vt 0.386720 0.654300
vt 0.380860 0.726560
vt 0.378910 0.697270
vt 0.382810 0.697270
vt 0.347660 0.656250
vt 0.347660 0.619140
vt 0.347660 0.728520
vt 0.347660 0.697270
vt 0.388670 0.697270
vt 0.390630 0.726560
vt 0.429690 0.646480
vt 0.451170 0.628910
vt 0.500000 0.628910
vt 0.500000 0.648440
vt 0.433590 0.697270
vt 0.439450 0.726560
vt 0.425780 0.644530
vt 0.427730 0.644530
vt 0.421880 0.626950
vt 0.423830 0.626950
vt 0.500000 0.650390
vt 0.419920 0.650390
vt 0.425780 0.654300
vt 0.421880 0.650390
vt 0.417970 0.623050
vt 0.427730 0.652340
vt 0.417970 0.625000
vt 0.386720 0.623050
vt 0.388670 0.654300
vt 0.416020 0.623050
vt 0.392580 0.771480
vt 0.435550 0.789060
vt 0.439450 0.792970
vt 0.398440 0.753910
vt 0.394530 0.750000
vt 0.392580 0.750000
vt 0.447270 0.785160
vt 0.449220 0.785160
vt 0.380860 0.753910
vt 0.380860 0.755860
vt 0.449220 0.783200
vt 0.384770 0.753910
vt 0.441410 0.792970
vt 0.445310 0.751950
vt 0.445310 0.787110
vt 0.439450 0.787110
vt 0.443360 0.771480
vt 0.455080 0.771480
vt 0.447270 0.775390
vt 0.392580 0.765630
vt 0.392580 0.767580
vt 0.386720 0.765630
vt 0.388670 0.763670
vt 0.435550 0.785160
vt 0.433590 0.785160
vt 0.382810 0.759770
vt 0.384770 0.759770
vt 0.392580 0.751950
vt 0.445310 0.775390
vt 0.443360 0.775390
vt 0.441410 0.773440
vt 0.445310 0.779300
vt 0.447270 0.779300
vt 0.347660 0.767580
vt 0.384770 0.765630
vt 0.394530 0.751950
vt 0.396480 0.755860
vt 0.394530 0.753910
vt 0.396480 0.753910
vt 0.441410 0.771480
vt 0.449220 0.777340
vt 0.386720 0.757810
vt 0.437500 0.783200
vt 0.388670 0.759770
vt 0.392580 0.763670
vt 0.394530 0.765630
vt 0.392580 0.755860
vt 0.390630 0.753910
vt 0.388670 0.751950
vt 0.443360 0.779300
vt 0.439450 0.783200
vt 0.433590 0.783200
vt 0.435550 0.781250
vt 0.429690 0.785160
vt 0.396480 0.746090
vt 0.394530 0.748050
vt 0.394530 0.759770
vt 0.394530 0.757810
vt 0.437500 0.763670
vt 0.437500 0.775390
vt 0.439450 0.775390
vt 0.439450 0.765630
vt 0.439450 0.777340
vt 0.439450 0.767580
vt 0.439450 0.779300
vt 0.439450 0.769530
vt 0.439450 0.781250
vt 0.437500 0.769530
vt 0.437500 0.781250
vt 0.435550 0.769530
vt 0.394530 0.763670
vt 0.396480 0.751950
vt 0.441410 0.777340
vt 0.396480 0.757810
vt 0.392580 0.757810
vt 0.390630 0.757810
vt 0.441410 0.781250
vt 0.500000 0.751950
vt 0.500000 0.773440
vt 0.500000 0.785160
vt 0.619140 0.654300
vt 0.617190 0.621090
vt 0.623050 0.623050
vt 0.623050 0.654300
vt 0.626950 0.697270
vt 0.625000 0.726560
vt 0.623050 0.726560
vt 0.625000 0.697270
vt 0.615230 0.697270
vt 0.613280 0.726560
vt 0.611330 0.726560
vt 0.615230 0.654300
vt 0.615230 0.621090
vt 0.615230 0.726560
vt 0.617190 0.697270
vt 0.623050 0.697270
vt 0.621090 0.726560
vt 0.626950 0.654300
vt 0.625000 0.623050
vt 0.652340 0.619140
vt 0.652340 0.656250
vt 0.652340 0.697270
vt 0.652340 0.728520
vt 0.613280 0.697270
vt 0.617190 0.619140
vt 0.621090 0.621090
vt 0.548830 0.628910
vt 0.572270 0.646480
vt 0.560550 0.726560
vt 0.566410 0.697270
vt 0.574220 0.644530
vt 0.578130 0.626950
vt 0.625000 0.654300
vt 0.580080 0.650390
vt 0.582030 0.650390
vt 0.574220 0.654300
vt 0.583980 0.623050
vt 0.578130 0.650390
vt 0.572270 0.652340
vt 0.583980 0.625000
vt 0.613280 0.654300
vt 0.615230 0.623050
vt 0.566410 0.789060
vt 0.607420 0.771480
vt 0.560550 0.792970
vt 0.603520 0.753910
vt 0.607420 0.750000
vt 0.609380 0.750000
vt 0.552730 0.785160
vt 0.621090 0.755860
vt 0.619140 0.753910
vt 0.550780 0.783200
vt 0.617190 0.753910
vt 0.558590 0.792970
vt 0.556640 0.751950
vt 0.554690 0.787110
vt 0.562500 0.787110
vt 0.558590 0.771480
vt 0.554690 0.775390
vt 0.546880 0.771480
vt 0.609380 0.765630
vt 0.613280 0.763670
vt 0.613280 0.765630
vt 0.609380 0.767580
vt 0.564450 0.785160
vt 0.568360 0.785160
vt 0.617190 0.759770
vt 0.607420 0.751950
vt 0.609380 0.751950
vt 0.558590 0.773440
vt 0.560550 0.773440
vt 0.556640 0.775390
vt 0.552730 0.779300
vt 0.554690 0.779300
vt 0.652340 0.767580
vt 0.617190 0.765630
vt 0.605470 0.751950
vt 0.605470 0.753910
vt 0.603520 0.755860
vt 0.552730 0.777340
vt 0.615230 0.757810
vt 0.560550 0.787110
vt 0.562500 0.783200
vt 0.607420 0.763670
vt 0.611330 0.759770
vt 0.607420 0.753910
vt 0.605470 0.755860
vt 0.607420 0.765630
vt 0.611330 0.753910
vt 0.609380 0.755860
vt 0.611330 0.751950
vt 0.556640 0.779300
vt 0.566410 0.781250
vt 0.568360 0.783200
vt 0.570310 0.785160
vt 0.605470 0.746090
vt 0.605470 0.757810
vt 0.607420 0.759770
vt 0.605470 0.748050
vt 0.562500 0.763670
vt 0.562500 0.775390
vt 0.562500 0.765630
vt 0.560550 0.777340
vt 0.562500 0.767580
vt 0.560550 0.779300
vt 0.562500 0.769530
vt 0.562500 0.781250
vt 0.566410 0.769530
vt 0.605470 0.763670
vt 0.607420 0.757810
vt 0.558590 0.777340
vt 0.609380 0.757810
vt 0.560550 0.781250
vt 0.248050 0.597660
vt 0.228520 0.628910
vt 0.011720 0.621090
vt 0.031250 0.593750
vt 0.031250 0.476560
vt 0.031250 0.447270
vt 0.248050 0.445310
vt 0.248050 0.474610
vt 0.248050 0.623050
vt 0.228520 0.576170
vt 0.011720 0.578130
vt 0.031250 0.628910
vt 0.248050 0.599610
vt 0.031250 0.603520
vt 0.248050 0.410160
vt 0.248050 0.433590
vt 0.031250 0.427730
vt 0.031250 0.402340
vt 0.222660 0.386720
vt 0.005860 0.376950
vt 0.031250 0.417970
vt 0.005860 0.388670
vt 0.222660 0.382810
vt 0.248050 0.414060
vt 0.248050 0.537110
vt 0.248050 0.568360
vt 0.031250 0.564450
vt 0.031250 0.535160
vt 0.248050 0.505860
vt 0.031250 0.505860
vt 0.503910 0.500000
vt 0.503910 0.501950
vt 0.503910 0.498050
vt 0.998050 0.369140
vt 0.734380 0.371090
vt 0.734380 0.275390
vt 0.970700 0.275390
vt 0.349610 0.371090
vt 0.302730 0.275390
vt 0.320310 0.369140
vt 0.324220 0.275390
vt 0.568360 0.275390
vt 0.583980 0.371090
vt 0.976560 0.371090
vt 1.000000 0.275390
s 1
g off
f 1/1/1 3/2/2 2/3/3
f 2/3/3 4/4/4 1/1/1
f 7/5/5 9/6/6 8/7/7
f 8/7/7 10/8/8 7/5/5
f 4/4/4 5/9/9 6/10/10
f 6/10/10 1/1/1 4/4/4
f 11/11/11 13/12/12 12/13/13
f 12/13/13 14/14/14 11/11/11
f 14/14/14 16/15/15 15/16/16
f 15/16/16 11/11/11 14/14/14
f 16/15/15 7/5/5 10/8/8
f 10/8/8 15/16/16 16/15/15
f 3/2/2 8/7/7 9/6/6
f 9/6/6 2/3/3 3/2/2
f 17/4/17 19/3/18 18/2/19
f 18/2/19 20/1/20 17/4/17
f 23/8/21 25/7/22 24/6/23
f 24/6/23 26/5/24 23/8/21
f 20/1/20 21/10/25 22/9/26
f 22/9/26 17/4/17 20/1/20
f 27/14/27 29/13/28 28/12/29
f 28/12/29 30/11/30 27/14/27
f 30/11/30 32/16/31 31/15/32
f 31/15/32 27/14/27 30/11/30
f 32/16/31 23/8/21 26/5/24
f 26/5/24 31/15/32 32/16/31
f 19/3/18 24/6/23 25/7/22
f 25/7/22 18/2/19 19/3/18
f 33/17/33 35/18/34 34/19/35
f 34/19/35 36/20/36 33/17/33
f 34/19/35 38/19/37 37/21/38
f 37/21/38 36/20/36 34/19/35
f 39/22/39 41/23/40 40/24/41
f 40/24/41 42/25/42 39/22/39
f 43/26/43 33/17/33 36/20/36
f 36/20/36 44/27/44 43/26/43
f 44/27/44 46/28/45 45/29/46
f 45/29/46 43/26/43 44/27/44
f 47/21/47 37/21/38 38/19/37
f 38/19/37 48/30/48 47/21/47
f 48/30/49 50/30/50 49/31/51
f 51/32/52 49/31/51 50/30/50
f 50/30/50 52/33/53 51/32/52
f 33/17/33 40/24/41 41/23/40
f 41/23/40 35/18/34 33/17/33
f 54/34/54 56/35/55 55/36/56
f 55/36/56 57/37/57 54/34/54
f 58/38/58 60/39/59 59/40/60
f 59/40/60 61/41/61 58/38/58
f 62/42/62 64/42/63 63/43/64
f 67/44/65 69/45/66 68/46/67
f 68/46/67 70/47/68 67/44/65
f 71/48/69 73/49/70 72/49/71
f 72/49/71 74/48/72 71/48/69
f 53/50/73 75/51/74 66/51/75
f 53/50/73 64/42/63 75/51/74
f 75/51/74 72/49/71 73/49/70
f 73/49/70 66/51/75 75/51/74
f 76/45/76 69/45/66 71/48/69
f 71/48/69 74/48/72 76/45/76
f 77/52/77 79/53/78 78/54/79
f 78/54/79 80/55/80 77/52/77
f 72/49/71 75/51/74 64/42/63
f 64/42/63 81/53/81 72/49/71
f 82/56/82 74/48/72 72/49/71
f 81/53/81 64/42/63 62/42/62
f 62/42/62 79/53/78 81/53/81
f 83/57/83 84/58/84 82/56/82
f 82/56/82 77/52/77 83/57/83
f 84/58/84 76/45/76 74/48/72
f 74/48/72 82/56/82 84/58/84
f 79/53/78 62/42/62 63/43/64
f 63/43/64 78/54/79 79/53/78
f 72/49/71 81/53/81 82/56/82
f 77/52/77 82/56/82 81/53/81
f 81/53/81 79/53/78 77/52/77
f 80/55/80 63/43/64 56/35/55
f 80/55/80 56/35/55 54/34/54
f 85/59/85 59/40/60 60/39/59
f 60/39/59 86/60/86 85/59/85
f 64/42/63 65/61/87 56/35/55
f 56/35/55 63/43/64 64/42/63
f 45/29/46 88/62/88 87/63/89
f 87/63/89 43/26/43 45/29/46
f 51/32/52 52/33/53 89/64/90
f 51/32/52 89/64/90 90/65/91
f 93/27/92 44/27/44 36/20/36
f 92/66/93 94/67/94 95/68/95
f 93/27/96 95/68/95 46/28/45
f 80/55/80 96/69/97 83/57/83
f 83/57/83 77/52/77 80/55/80
f 97/70/98 54/34/54 57/37/57
f 98/71/99 85/59/85 86/60/86
f 86/60/86 39/22/39 98/71/99
f 40/24/41 33/17/33 43/26/43
f 43/26/43 87/63/89 40/24/41
f 99/72/100 100/73/101 83/57/83
f 83/57/83 96/69/97 99/72/100
f 101/74/102 84/58/84 83/57/83
f 83/57/83 100/73/101 101/74/102
f 102/75/103 76/45/76 84/58/84
f 84/58/84 101/74/102 102/75/103
f 68/46/67 69/45/66 76/45/76
f 71/48/69 69/45/66 67/44/65
f 71/48/69 67/44/65 66/51/75
f 71/48/69 66/51/75 73/49/70
f 103/76/104 104/77/105 87/63/89
f 42/25/42 40/24/41 87/63/89
f 87/63/89 104/77/105 42/25/42
f 103/76/104 87/63/89 88/62/88
f 88/62/88 105/78/106 103/76/104
f 106/79/107 97/70/98 57/37/57
f 57/37/57 58/38/58 106/79/107
f 58/38/58 61/41/61 106/79/107
f 39/22/39 42/25/42 98/71/99
f 107/80/108 108/81/109 85/59/85
f 85/59/85 98/71/99 107/80/108
f 109/82/110 110/83/111 106/79/107
f 106/79/107 61/41/61 109/82/110
f 108/81/109 111/84/112 59/40/60
f 59/40/60 85/59/85 108/81/109
f 112/85/113 80/55/80 54/34/54
f 54/34/54 97/70/98 112/85/113
f 103/76/104 105/78/106 113/86/114
f 113/86/114 114/87/115 103/76/104
f 115/88/116 117/89/117 116/90/118
f 116/90/118 118/91/119 115/88/116
f 119/92/120 120/93/121 117/89/117
f 117/89/117 115/88/116 119/92/120
f 121/94/122 123/95/123 122/69/124
f 122/69/124 124/96/125 121/94/122
f 111/84/112 109/82/110 61/41/61
f 61/41/61 59/40/60 111/84/112
f 110/83/111 112/85/113 97/70/98
f 97/70/98 106/79/107 110/83/111
f 104/77/105 107/80/108 98/71/99
f 98/71/99 42/25/42 104/77/105
f 120/93/121 119/92/120 125/97/126
f 125/97/126 126/98/127 120/93/121
f 127/99/128 128/100/129 121/94/122
f 126/98/127 125/97/126 129/101/130
f 129/101/130 127/99/128 126/98/127
f 132/72/131 122/69/124 123/95/123
f 123/95/123 133/102/132 132/72/131
f 103/76/104 134/103/133 131/104/134
f 131/104/134 104/77/105 103/76/104
f 103/76/104 118/91/119 135/105/135
f 135/105/135 134/103/133 103/76/104
f 130/106/136 135/105/135 118/91/119
f 118/91/119 116/90/118 130/106/136
f 131/104/134 130/106/136 116/90/118
f 116/90/118 104/77/105 131/104/134
f 128/100/129 123/95/123 121/94/122
f 127/99/128 129/101/130 128/100/129
f 104/77/105 116/90/118 107/80/108
f 108/81/109 107/80/108 116/90/118
f 116/90/118 117/89/117 108/81/109
f 120/93/121 111/84/112 108/81/109
f 108/81/109 117/89/117 120/93/121
f 126/98/127 109/82/110 111/84/112
f 111/84/112 120/93/121 126/98/127
f 127/99/128 110/83/111 109/82/110
f 109/82/110 126/98/127 127/99/128
f 121/94/122 112/85/113 110/83/111
f 110/83/111 127/99/128 121/94/122
f 124/96/125 80/55/80 112/85/113
f 112/85/113 121/94/122 124/96/125
f 96/69/97 122/69/124 132/72/131
f 132/72/131 99/72/100 96/69/97
f 96/69/97 80/55/80 124/96/125
f 135/105/135 130/106/136 131/104/134
f 131/104/134 134/103/133 135/105/135
f 103/76/104 114/87/115 118/91/119
f 118/91/119 114/87/115 115/88/116
f 136/107/137 138/108/138 137/109/139
f 137/109/139 139/110/140 136/107/137
f 139/110/140 137/109/139 140/111/141
f 140/111/141 141/110/142 139/110/140
f 142/112/143 144/113/144 143/114/145
f 143/114/145 145/115/146 142/112/143
f 138/108/138 147/116/147 146/117/148
f 146/117/148 137/109/139 138/108/138
f 46/28/45 146/117/148 147/116/147
f 147/116/147 45/29/46 46/28/45
f 148/111/149 149/118/150 141/110/142
f 141/110/142 140/111/141 148/111/149
f 150/119/151 151/118/152 149/118/153
f 152/120/154 153/121/155 151/118/152
f 151/118/152 150/119/151 152/120/154
f 145/115/146 138/108/138 136/107/137
f 136/107/137 142/112/143 145/115/146
f 155/122/156 157/123/157 156/124/158
f 156/124/158 158/125/159 155/122/156
f 159/126/160 161/127/161 160/128/162
f 160/128/162 162/129/163 159/126/160
f 167/130/164 70/47/68 68/46/67
f 68/46/67 168/131/165 167/130/164
f 154/132/166 166/133/167 173/133/168
f 173/133/168 166/133/167 172/134/169
f 174/131/170 171/135/171 169/135/172
f 169/135/172 168/131/165 174/131/170
f 175/136/173 177/137/174 176/138/175
f 176/138/175 178/139/176 175/136/173
f 170/134/177 179/137/178 164/140/179
f 164/140/179 173/133/180 170/134/177
f 180/141/181 170/134/177 171/135/171
f 179/137/178 177/137/174 163/140/182
f 163/140/182 164/140/179 179/137/178
f 181/142/183 176/138/175 180/141/181
f 180/141/181 182/143/184 181/142/183
f 182/143/184 180/141/181 171/135/171
f 171/135/171 174/131/170 182/143/184
f 177/137/174 175/136/173 165/144/185
f 165/144/185 163/140/182 177/137/174
f 170/134/177 180/141/181 179/137/178
f 176/138/175 177/137/174 179/137/178
f 179/137/178 180/141/181 176/138/175
f 165/144/186 178/139/176 157/123/157
f 165/144/186 157/123/157 155/122/156
f 162/129/163 184/145/187 183/146/188
f 183/146/188 159/126/160 162/129/163
f 88/62/88 45/29/46 147/116/147
f 147/116/147 185/147/189 88/62/88
f 152/120/154 188/148/190 153/121/155
f 91/149/191 186/150/192 187/151/193
f 137/109/139 146/117/148 190/117/194
f 95/68/95 94/67/94 189/152/195
f 189/152/195 190/117/194 95/68/95
f 46/28/45 95/68/95 190/117/194
f 190/117/194 146/117/148 46/28/45
f 178/139/176 176/138/175 181/142/183
f 181/142/183 191/153/196 178/139/176
f 192/154/197 156/124/158 157/123/157
f 193/155/198 144/113/144 183/146/188
f 183/146/188 184/145/187 193/155/198
f 138/108/138 145/115/146 185/147/189
f 185/147/189 147/116/147 138/108/138
f 99/72/100 191/153/196 181/142/183
f 181/142/183 100/73/101 99/72/100
f 101/74/102 100/73/101 181/142/183
f 181/142/183 182/143/184 101/74/102
f 102/75/103 101/74/102 182/143/184
f 182/143/184 174/131/170 102/75/103
f 68/46/67 102/75/103 174/131/170
f 174/131/170 168/131/165 68/46/67
f 169/135/172 166/133/199 167/130/164
f 169/135/172 167/130/164 168/131/165
f 194/156/200 185/147/189 195/157/201
f 145/115/146 143/114/145 195/157/201
f 195/157/201 185/147/189 145/115/146
f 88/62/88 185/147/189 194/156/200
f 194/156/200 105/78/106 88/62/88
f 196/158/202 161/127/161 156/124/158
f 156/124/158 192/154/197 196/158/202
f 161/127/161 196/158/202 160/128/162
f 144/113/144 193/155/198 143/114/145
f 197/159/203 198/160/204 193/155/198
f 193/155/198 184/145/187 197/159/203
f 199/161/205 200/162/206 160/128/162
f 160/128/162 196/158/202 199/161/205
f 201/163/207 197/159/203 184/145/187
f 184/145/187 162/129/163 201/163/207
f 178/139/176 202/164/208 192/154/197
f 192/154/197 157/123/157 178/139/176
f 105/78/106 194/156/200 203/165/209
f 203/165/209 113/86/114 105/78/106
f 204/166/210 206/167/211 205/168/212
f 205/168/212 207/169/213 204/166/210
f 208/170/214 209/171/215 206/167/211
f 206/167/211 204/166/210 208/170/214
f 210/172/216 212/173/217 211/174/218
f 211/174/218 213/153/219 210/172/216
f 200/162/206 201/163/207 162/129/163
f 162/129/163 160/128/162 200/162/206
f 202/164/208 199/161/205 196/158/202
f 196/158/202 192/154/197 202/164/208
f 198/160/204 195/157/201 143/114/145
f 143/114/145 193/155/198 198/160/204
f 209/171/215 208/170/214 214/175/220
f 214/175/220 215/176/221 209/171/215
f 216/177/222 212/173/217 217/178/223
f 215/176/221 214/175/220 216/177/222
f 216/177/222 218/179/224 215/176/221
f 213/153/219 132/72/131 133/102/132
f 133/102/132 210/172/216 213/153/219
f 220/180/225 221/181/226 194/156/200
f 194/156/200 195/157/201 220/180/225
f 205/168/212 194/156/200 221/181/226
f 221/181/226 222/182/227 205/168/212
f 219/183/228 207/169/213 205/168/212
f 205/168/212 222/182/227 219/183/228
f 220/180/225 195/157/201 207/169/213
f 207/169/213 219/183/228 220/180/225
f 217/178/223 212/173/217 210/172/216
f 216/177/222 217/178/223 218/179/224
f 195/157/201 198/160/204 207/169/213
f 207/169/213 198/160/204 197/159/203
f 197/159/203 204/166/210 207/169/213
f 208/170/214 204/166/210 197/159/203
f 197/159/203 201/163/207 208/170/214
f 214/175/220 208/170/214 201/163/207
f 201/163/207 200/162/206 214/175/220
f 216/177/222 214/175/220 200/162/206
f 200/162/206 199/161/205 216/177/222
f 212/173/217 216/177/222 199/161/205
f 199/161/205 202/164/208 212/173/217
f 211/174/218 212/173/217 202/164/208
f 202/164/208 178/139/176 211/174/218
f 191/153/196 99/72/100 132/72/131
f 132/72/131 213/153/219 191/153/196
f 211/174/218 178/139/176 191/153/196
f 191/153/196 213/153/219 211/174/218
f 219/183/228 222/182/227 221/181/226
f 221/181/226 220/180/225 219/183/228
f 194/156/200 205/168/212 203/165/209
f 223/184/229 225/184/230 224/185/231
f 226/186/232 228/186/233 227/187/234
f 227/187/234 229/187/235 226/186/232
f 229/187/235 227/187/234 230/188/236
f 230/188/236 231/188/237 229/187/235
f 231/188/237 230/188/236 232/189/238
f 232/189/238 233/189/239 231/188/237
f 233/189/239 232/189/238 234/190/240
f 234/190/240 235/191/241 233/189/239
f 228/186/233 226/186/232 225/184/230
f 225/184/230 223/184/229 228/186/233
f 236/192/242 238/192/243 237/193/244
f 237/193/244 239/194/245 236/192/242
f 240/195/246 242/195/247 241/196/248
f 241/196/248 243/196/249 240/195/246
f 243/196/249 241/196/248 244/197/250
f 244/197/250 245/197/251 243/196/249
f 245/197/251 244/197/250 246/198/252
f 246/198/252 247/198/253 245/197/251
f 247/198/253 246/198/252 248/199/254
f 248/199/254 249/200/255 247/198/253
f 242/195/247 240/195/246 238/192/243
f 238/192/243 236/192/242 242/195/247
f 250/201/256 252/202/257 251/203/258
f 253/204/259 251/203/258 252/202/257
f 252/202/257 254/205/260 253/204/259
f 255/203/261 257/202/262 256/201/263
f 256/201/263 258/206/264 255/203/261
f 253/204/259 254/205/260 257/202/262
f 257/202/262 255/203/261 253/204/259
f 251/203/258 259/206/265 250/201/256
f 260/207/266 262/208/267 261/209/268
f 263/210/269 265/211/270 264/212/271
f 263/210/269 264/212/271 266/213/272
f 263/210/269 266/213/272 267/214/273
f 268/215/274 270/216/275 269/217/276
f 269/217/276 271/218/277 268/215/274
f 272/219/278 274/220/279 273/221/280
f 273/221/280 275/222/281 272/219/278
f 276/223/282 278/223/283 277/224/284
f 277/224/284 279/224/285 276/223/282
f 280/225/286 282/220/287 281/226/288
f 281/226/288 278/223/283 280/225/286
f 283/227/289 285/228/290 284/229/291
f 284/229/291 286/230/292 283/227/289
f 284/229/291 260/207/266 287/207/293
f 287/207/293 288/229/294 284/229/291
f 289/231/295 286/230/292 290/230/296
f 290/230/296 291/232/297 289/231/295
f 289/231/295 291/232/297 279/224/285
f 279/224/285 277/224/284 289/231/295
f 292/209/298 287/207/293 260/207/266
f 260/207/266 261/209/268 292/209/298
f 277/224/284 278/223/283 281/226/288
f 293/225/299 280/225/286 278/223/283
f 278/223/283 276/223/282 293/225/299
f 288/229/294 290/230/296 286/230/292
f 286/230/292 284/229/291 288/229/294
f 285/228/290 294/233/300 260/207/266
f 260/207/266 284/229/291 285/228/290
f 283/227/289 286/230/292 289/231/295
f 289/231/295 295/234/301 283/227/289
f 295/234/301 289/231/295 277/224/284
f 277/224/284 281/226/288 295/234/301
f 287/207/293 292/209/298 296/235/302
f 296/235/302 297/236/303 287/207/293
f 288/229/294 287/207/293 297/236/303
f 297/236/303 298/237/304 288/229/294
f 290/230/296 288/229/294 298/237/304
f 298/237/304 299/238/305 290/230/296
f 291/232/297 290/230/296 299/238/305
f 299/238/305 300/239/306 291/232/297
f 301/240/307 279/224/285 291/232/297
f 291/232/297 300/239/306 301/240/307
f 266/213/272 276/223/282 279/224/285
f 279/224/285 301/240/307 266/213/272
f 276/223/282 266/213/272 264/212/271
f 264/212/271 293/225/299 276/223/282
f 281/226/288 303/226/308 302/241/309
f 302/241/309 295/234/301 281/226/288
f 271/218/277 269/217/276 304/242/310
f 304/242/310 294/233/300 271/218/277
f 273/221/280 274/220/279 282/220/287
f 282/220/287 305/243/311 273/221/280
f 294/233/300 285/228/290 306/228/312
f 306/228/312 271/218/277 294/233/300
f 285/228/290 283/227/289 307/244/313
f 307/244/313 306/228/312 285/228/290
f 283/227/289 295/234/301 302/241/309
f 302/241/309 307/244/313 283/227/289
f 308/245/314 309/246/315 267/214/273
f 267/214/273 310/247/316 308/245/314
f 300/239/306 310/247/316 301/240/307
f 299/238/305 310/247/316 300/239/306
f 301/240/307 310/247/316 266/213/272
f 271/218/277 306/228/312 311/248/317
f 311/248/317 268/215/274 271/218/277
f 302/241/309 303/226/308 306/228/312
f 306/228/312 307/244/313 302/241/309
f 298/237/304 310/247/316 299/238/305
f 311/248/317 306/228/312 303/226/308
f 310/247/316 267/214/273 266/213/272
f 262/208/267 260/207/266 294/233/300
f 294/233/300 304/242/310 262/208/267
f 312/249/318 314/250/319 313/251/320
f 313/251/320 315/252/321 312/249/318
f 272/219/278 314/250/319 268/215/274
f 268/215/274 311/248/317 272/219/278
f 297/236/303 296/235/302 316/253/322
f 316/253/322 317/254/323 297/236/303
f 298/237/304 297/236/303 317/254/323
f 317/254/323 318/255/324 298/237/304
f 310/247/316 298/237/304 318/255/324
f 318/255/324 308/245/314 310/247/316
f 311/248/317 303/226/308 274/220/279
f 274/220/279 272/219/278 311/248/317
f 319/243/325 305/243/311 282/220/287
f 282/220/287 280/225/286 319/243/325
f 320/243/326 319/243/325 280/225/286
f 280/225/286 293/225/299 320/243/326
f 265/211/270 320/243/326 293/225/299
f 293/225/299 264/212/271 265/211/270
f 303/226/308 281/226/288 282/220/287
f 282/220/287 274/220/279 303/226/308
f 270/216/275 268/215/274 314/250/319
f 314/250/319 312/249/318 270/216/275
f 275/222/281 313/251/320 314/250/319
f 314/250/319 272/219/278 275/222/281
f 321/256/327 323/257/328 322/258/329
f 324/259/330 326/260/331 325/261/332
f 324/259/330 325/261/332 327/262/333
f 328/263/334 330/264/335 329/265/336
f 329/265/336 331/266/337 328/263/334
f 332/267/338 334/268/339 333/269/340
f 333/269/340 335/270/341 332/267/338
f 336/271/342 338/272/343 337/272/344
f 337/272/344 339/273/345 336/271/342
f 338/272/343 341/274/346 340/269/347
f 340/269/347 342/275/348 338/272/343
f 343/276/349 345/277/350 344/278/351
f 344/278/351 346/279/352 343/276/349
f 347/280/353 348/281/354 321/256/327
f 321/256/327 345/277/350 347/280/353
f 349/282/355 350/283/356 343/276/349
f 343/276/349 351/282/357 349/282/355
f 336/271/342 339/273/345 349/282/355
f 349/282/355 351/282/357 336/271/342
f 323/257/328 321/256/327 348/281/354
f 348/281/354 352/284/358 323/257/328
f 336/271/342 341/274/346 338/272/343
f 337/272/344 338/272/343 342/275/348
f 342/275/348 353/275/359 337/272/344
f 345/277/350 343/276/349 350/283/356
f 350/283/356 347/280/353 345/277/350
f 345/277/350 321/256/327 354/285/360
f 354/285/360 344/278/351 345/277/350
f 355/286/361 351/282/357 343/276/349
f 343/276/349 346/279/352 355/286/361
f 336/271/342 351/282/357 355/286/361
f 355/286/361 341/274/346 336/271/342
f 356/281/362 357/284/363 352/284/358
f 352/284/358 348/281/354 356/281/362
f 358/280/364 356/281/362 348/281/354
f 348/281/354 347/280/353 358/280/364
f 359/287/365 358/280/364 347/280/353
f 347/280/353 350/283/356 359/287/365
f 360/288/366 359/287/365 350/283/356
f 350/283/356 349/282/355 360/288/366
f 361/289/367 360/288/366 349/282/355
f 349/282/355 339/273/345 361/289/367
f 326/260/331 361/289/367 339/273/345
f 339/273/345 337/272/344 326/260/331
f 353/275/359 325/261/332 326/260/331
f 326/260/331 337/272/344 353/275/359
f 341/274/346 355/286/361 362/290/368
f 362/290/368 363/274/369 341/274/346
f 354/285/360 364/291/370 330/264/335
f 330/264/335 328/263/334 354/285/360
f 334/268/339 365/292/371 340/269/347
f 340/269/347 333/269/340 334/268/339
f 328/263/334 366/293/372 344/278/351
f 344/278/351 354/285/360 328/263/334
f 344/278/351 366/293/372 367/279/373
f 367/279/373 346/279/352 344/278/351
f 346/279/352 367/279/373 362/290/368
f 362/290/368 355/286/361 346/279/352
f 368/294/374 324/259/330 309/246/315
f 309/246/315 308/245/314 368/294/374
f 360/288/366 361/289/367 368/294/374
f 359/287/365 360/288/366 368/294/374
f 361/289/367 326/260/331 368/294/374
f 331/266/337 369/295/375 366/293/372
f 366/293/372 328/263/334 331/266/337
f 362/290/368 367/279/373 366/293/372
f 366/293/372 363/274/369 362/290/368
f 358/280/364 359/287/365 368/294/374
f 369/295/375 363/274/369 366/293/372
f 368/294/374 326/260/331 324/259/330
f 364/291/370 354/285/360 321/256/327
f 321/256/327 322/258/329 364/291/370
f 370/296/376 372/297/377 371/298/378
f 371/298/378 373/299/379 370/296/376
f 369/295/375 331/266/337 371/298/378
f 371/298/378 335/270/341 369/295/375
f 317/254/323 316/253/322 357/284/363
f 357/284/363 356/281/362 317/254/323
f 374/255/380 317/254/323 356/281/362
f 356/281/362 358/280/364 374/255/380
f 308/245/314 374/255/380 358/280/364
f 358/280/364 368/294/374 308/245/314
f 335/270/341 333/269/340 363/274/369
f 363/274/369 369/295/375 335/270/341
f 342/275/348 340/269/347 365/292/371
f 365/292/371 375/292/381 342/275/348
f 353/275/359 342/275/348 375/292/381
f 375/292/381 376/292/382 353/275/359
f 325/261/332 353/275/359 376/292/382
f 376/292/382 327/262/333 325/261/332
f 333/269/340 340/269/347 341/274/346
f 341/274/346 363/274/369 333/269/340
f 373/299/379 371/298/378 331/266/337
f 331/266/337 329/265/336 373/299/379
f 335/270/341 371/298/378 372/297/377
f 372/297/377 332/267/338 335/270/341
f 377/300/383 379/301/384 378/302/385
f 378/302/385 380/303/386 377/300/383
f 381/304/387 383/305/388 382/305/389
f 382/305/389 384/306/390 381/304/387
f 385/307/391 387/308/392 386/309/393
f 386/309/393 388/307/394 385/307/391
f 389/310/395 391/311/396 390/312/397
f 390/312/397 392/313/398 389/310/395
f 393/314/399 395/315/400 394/316/401
f 396/317/402 398/318/403 397/319/404
f 397/319/404 399/312/405 396/317/402
f 400/320/406 401/321/407 383/305/388
f 383/305/388 381/304/387 400/320/406
f 388/307/394 386/309/393 402/322/408
f 402/322/408 403/323/409 388/307/394
f 407/324/410 408/325/411 391/311/396
f 391/311/396 389/310/395 407/324/410
f 384/306/390 382/305/389 379/301/384
f 379/301/384 377/300/383 384/306/390
f 387/308/392 385/307/391 398/318/403
f 398/318/403 396/317/402 387/308/392
f 410/326/412 412/327/413 411/328/414
f 411/328/414 413/329/415 410/326/412
f 414/330/416 415/331/417 408/325/411
f 408/325/411 407/324/410 414/330/416
f 410/326/412 417/326/418 416/332/419
f 416/332/419 418/333/420 410/326/412
f 419/334/421 409/335/422 418/333/420
f 418/333/420 416/332/419 419/334/421
f 413/329/415 420/336/423 417/326/418
f 417/326/418 410/326/412 413/329/415
f 403/323/409 400/320/406 381/304/387
f 381/304/387 388/307/394 403/323/409
f 388/307/394 381/304/387 384/306/390
f 384/306/390 385/307/391 388/307/394
f 385/307/391 384/306/390 377/300/383
f 377/300/383 398/318/403 385/307/391
f 380/303/386 397/319/404 398/318/403
f 398/318/403 377/300/383 380/303/386
f 392/313/398 393/314/399 394/316/401
f 394/316/401 389/310/395 392/313/398
f 399/312/405 397/319/404 392/313/398
f 392/313/398 390/312/397 399/312/405
f 393/314/399 392/313/398 397/319/404
f 397/319/404 380/303/386 393/314/399
f 395/315/400 393/314/399 380/303/386
f 380/303/386 378/302/385 395/315/400
f 410/326/412 418/333/420 409/335/422
f 409/335/422 412/327/413 410/326/412
f 421/337/424 423/135/425 422/338/426
f 422/338/426 424/337/427 421/337/424
f 416/332/419 425/339/428 405/340/429
f 405/340/429 419/334/421 416/332/419
f 426/341/430 416/332/419 417/326/418
f 421/337/424 404/342/431 405/340/429
f 405/340/429 425/339/428 421/337/424
f 394/316/401 395/315/400 427/343/432
f 427/343/432 428/344/433 394/316/401
f 429/46/434 430/75/435 423/135/425
f 423/135/425 426/341/430 429/46/434
f 420/336/423 429/46/434 426/341/430
f 426/341/430 417/326/418 420/336/423
f 424/337/427 406/345/436 404/342/431
f 404/342/431 421/337/424 424/337/427
f 428/344/433 407/324/410 389/310/395
f 389/310/395 394/316/401 428/344/433
f 422/338/426 423/135/425 430/75/435
f 416/332/419 426/341/430 425/339/428
f 425/339/428 426/341/430 423/135/425
f 423/135/425 421/337/424 425/339/428
f 422/338/426 414/330/416 407/324/410
f 407/324/410 428/344/433 422/338/426
f 422/338/426 428/344/433 424/337/427
f 406/345/436 424/337/427 428/344/433
f 428/344/433 427/343/432 406/345/436
f 405/340/437 406/345/436 427/343/432
f 312/249/318 432/346/438 431/347/439
f 431/347/439 270/216/275 312/249/318
f 270/216/275 431/347/439 433/348/440
f 433/348/440 269/217/276 270/216/275
f 434/349/441 435/350/442 408/325/411
f 390/312/397 391/311/396 436/351/443
f 436/351/443 437/351/444 390/312/397
f 438/352/445 439/353/446 292/209/298
f 292/209/298 261/209/268 438/352/445
f 386/309/393 387/308/392 440/354/447
f 440/354/447 441/355/448 386/309/393
f 435/350/442 436/351/443 391/311/396
f 391/311/396 408/325/411 435/350/442
f 296/235/302 292/209/298 439/353/446
f 439/353/446 442/356/449 296/235/302
f 443/357/450 440/354/447 387/308/392
f 387/308/392 396/317/402 443/357/450
f 269/217/276 433/348/440 444/358/451
f 444/358/451 304/242/310 269/217/276
f 415/331/417 445/359/452 434/349/441
f 434/349/441 408/325/411 415/331/417
f 446/360/453 438/352/445 261/209/268
f 261/209/268 262/208/267 446/360/453
f 433/348/440 431/347/439 447/361/454
f 448/362/455 450/363/456 449/364/457
f 451/365/458 453/366/459 452/367/460
f 452/367/460 454/368/461 451/365/458
f 455/369/462 447/361/454 431/347/439
f 431/347/439 456/370/463 455/369/462
f 457/371/464 458/372/465 454/368/461
f 454/368/461 452/367/460 457/371/464
f 459/373/466 460/373/467 437/351/444
f 437/351/444 436/351/443 459/373/466
f 461/374/468 463/375/469 462/376/470
f 462/376/470 464/376/471 461/374/468
f 465/377/472 466/378/473 439/353/446
f 439/353/446 438/352/445 465/377/472
f 467/379/474 441/355/448 468/380/475
f 435/350/442 469/381/476 459/373/466
f 459/373/466 436/351/443 435/350/442
f 434/349/441 471/382/477 470/383/478
f 470/383/478 472/384/479 434/349/441
f 464/376/471 474/385/480 473/364/481
f 473/364/481 461/374/468 464/376/471
f 442/356/449 439/353/446 466/378/473
f 466/378/473 475/386/482 442/356/449
f 434/349/441 472/384/479 469/381/476
f 469/381/476 435/350/442 434/349/441
f 476/387/483 458/372/465 440/354/447
f 440/354/447 443/357/450 476/387/483
f 447/361/454 455/369/462 477/388/484
f 477/388/484 478/361/485 447/361/454
f 433/348/440 447/361/454 478/361/485
f 478/361/485 444/358/451 433/348/440
f 451/365/458 454/368/461 479/389/486
f 479/389/486 480/390/487 451/365/458
f 457/371/464 441/355/448 440/354/447
f 440/354/447 458/372/465 457/371/464
f 470/383/478 481/383/488 460/373/467
f 460/373/467 459/373/466 470/383/478
f 472/384/479 470/383/478 459/373/466
f 459/373/466 469/381/476 472/384/479
f 479/389/486 454/368/461 458/372/465
f 458/372/465 476/387/483 479/389/486
f 482/386/489 450/363/456 442/356/449
f 481/383/488 470/383/478 471/382/477
f 471/382/477 483/382/490 481/383/488
f 474/385/480 464/376/471 471/382/477
f 471/382/477 434/349/441 474/385/480
f 462/376/470 483/382/490 471/382/477
f 471/382/477 464/376/471 462/376/470
f 480/390/487 484/391/491 451/365/458
f 481/383/488 486/392/492 485/393/493
f 485/393/493 460/373/467 481/383/488
f 460/373/467 485/393/493 487/394/494
f 487/394/494 437/351/444 460/373/467
f 438/352/445 446/360/453 488/395/495
f 488/395/495 465/377/472 438/352/445
f 489/396/496 478/361/485 477/388/484
f 477/388/484 490/388/497 489/396/496
f 461/374/468 466/378/473 465/377/472
f 465/377/472 463/375/469 461/374/468
f 473/364/481 475/386/482 466/378/473
f 466/378/473 461/374/468 473/364/481
f 449/364/457 450/363/456 482/386/489
f 455/369/462 492/397/498 491/398/499
f 491/398/499 477/388/484 455/369/462
f 448/362/455 434/349/441 445/359/452
f 445/359/452 450/363/456 448/362/455
f 453/366/459 451/365/458 492/397/498
f 492/397/498 493/399/500 453/366/459
f 456/370/463 493/399/500 492/397/498
f 492/397/498 455/369/462 456/370/463
f 493/399/500 456/370/463 431/347/439
f 441/355/448 457/371/464 468/380/475
f 493/399/500 431/347/439 432/346/438
f 432/346/438 453/366/459 493/399/500
f 467/379/474 402/322/408 386/309/393
f 386/309/393 441/355/448 467/379/474
f 457/371/464 452/367/460 468/380/475
f 452/367/460 453/366/459 468/380/475
f 477/388/484 491/398/499 490/388/497
f 494/400/501 496/401/502 495/402/503
f 495/402/503 497/403/504 494/400/501
f 498/400/505 494/400/501 497/403/504
f 497/403/504 499/403/506 498/400/505
f 500/404/507 498/400/505 499/403/506
f 499/403/506 501/405/508 500/404/507
f 502/404/509 500/404/507 501/405/508
f 501/405/508 503/406/510 502/404/509
f 504/407/511 502/404/509 503/406/510
f 503/406/510 505/408/512 504/407/511
f 506/409/513 504/407/511 505/408/512
f 505/408/512 507/410/514 506/409/513
f 508/411/515 506/409/513 507/410/514
f 507/410/514 509/412/516 508/411/515
f 510/413/517 508/411/515 509/412/516
f 509/412/516 511/414/518 510/413/517
f 512/415/519 510/413/517 511/414/518
f 511/414/518 513/398/520 512/415/519
f 512/415/519 513/398/520 514/416/521
f 514/416/521 515/417/522 512/415/519
f 516/381/523 515/417/522 514/416/521
f 514/416/521 517/416/524 516/381/523
f 516/381/523 517/416/524 495/402/503
f 495/402/503 496/401/502 516/381/523
f 518/416/525 517/416/524 514/416/521
f 514/416/521 519/416/526 518/416/525
f 520/403/527 497/403/504 495/402/503
f 495/402/503 521/403/528 520/403/527
f 522/403/529 499/403/506 497/403/504
f 497/403/504 520/403/527 522/403/529
f 521/403/528 495/402/503 517/416/524
f 517/416/524 518/416/525 521/403/528
f 523/410/530 507/410/514 505/408/512
f 505/408/512 524/408/531 523/410/530
f 525/412/532 509/412/516 507/410/514
f 507/410/514 523/410/530 525/412/532
f 526/414/533 511/414/518 509/412/516
f 509/412/516 525/412/532 526/414/533
f 527/405/534 501/405/508 499/403/506
f 499/403/506 522/403/529 527/405/534
f 528/406/535 503/406/510 501/405/508
f 501/405/508 527/405/534 528/406/535
f 524/408/531 505/408/512 503/406/510
f 503/406/510 528/406/535 524/408/531
f 519/416/526 514/416/521 513/398/520
f 513/398/520 529/398/536 519/416/526
f 529/398/536 513/398/520 511/414/518
f 511/414/518 526/414/533 529/398/536
f 463/375/469 531/418/537 530/406/538
f 530/406/538 462/376/470 463/375/469
f 462/376/470 530/406/538 532/419/539
f 532/419/539 483/382/490 462/376/470
f 532/419/539 533/403/540 483/382/490
f 483/382/490 533/403/540 486/392/492
f 486/392/492 481/383/488 483/382/490
f 534/420/541 480/390/487 479/389/486
f 479/389/486 535/421/542 534/420/541
f 486/392/492 533/403/540 534/420/541
f 534/420/541 535/421/542 486/392/492
f 451/365/458 484/391/491 491/398/499
f 491/398/499 492/397/498 451/365/458
f 521/403/528 518/416/525 480/390/487
f 480/390/487 534/420/541 521/403/528
f 480/390/487 518/416/525 519/416/526
f 519/416/526 484/391/491 480/390/487
f 533/403/540 520/403/527 521/403/528
f 521/403/528 534/420/541 533/403/540
f 532/419/539 522/403/529 520/403/527
f 520/403/527 533/403/540 532/419/539
f 536/422/543 523/410/530 524/408/531
f 524/408/531 537/418/544 536/422/543
f 490/388/497 526/414/533 525/412/532
f 525/412/532 489/396/496 490/388/497
f 530/406/538 527/405/534 522/403/529
f 522/403/529 532/419/539 530/406/538
f 527/405/534 530/406/538 528/406/535
f 537/418/544 524/408/531 528/406/535
f 528/406/535 530/406/538 537/418/544
f 484/391/491 519/416/526 529/398/536
f 529/398/536 491/398/499 484/391/491
f 491/398/499 529/398/536 526/414/533
f 526/414/533 490/388/497 491/398/499
f 523/410/530 536/422/543 489/396/496
f 489/396/496 525/412/532 523/410/530
f 465/377/472 488/395/495 531/418/537
f 531/418/537 463/375/469 465/377/472
f 488/395/495 478/361/485 489/396/496
f 489/396/496 536/422/543 488/395/495
f 478/361/485 488/395/495 446/360/453
f 446/360/453 444/358/451 478/361/485
f 488/395/495 536/422/543 531/418/537
f 531/418/537 537/418/544 530/406/538
f 485/393/493 486/392/492 535/421/542
f 476/387/483 485/393/493 535/421/542
f 535/421/542 479/389/486 476/387/483
f 443/357/450 487/394/494 485/393/493
f 485/393/493 476/387/483 443/357/450
f 536/422/543 537/418/544 531/418/537
f 444/358/451 446/360/453 262/208/267
f 262/208/267 304/242/310 444/358/451
f 399/312/405 390/312/397 437/351/444
f 437/351/444 487/394/494 399/312/405
f 443/357/450 396/317/402 399/312/405
f 399/312/405 487/394/494 443/357/450
f 450/363/456 445/359/452 538/423/545
f 538/423/545 539/424/546 450/363/456
f 442/356/449 450/363/456 539/424/546
f 539/424/546 540/425/547 442/356/449
f 296/235/302 442/356/449 540/425/547
f 540/425/547 316/253/322 296/235/302
f 432/346/438 312/249/318 315/252/321
f 432/346/438 315/252/321 467/379/474
f 432/346/438 467/379/474 468/380/475
f 432/346/438 468/380/475 453/366/459
f 442/356/449 475/386/482 482/386/489
f 473/364/481 449/364/457 482/386/489
f 482/386/489 475/386/482 473/364/481
f 449/364/457 473/364/481 474/385/480
f 474/385/480 448/362/455 449/364/457
f 448/362/455 474/385/480 434/349/441
f 542/426/548 544/427/549 543/428/550
f 543/428/550 545/429/551 542/426/548
f 549/430/552 551/431/553 550/432/554
f 550/432/554 552/433/555 549/430/552
f 553/434/556 555/435/557 554/436/558
f 554/436/558 556/434/559 553/434/556
f 557/437/560 559/437/561 558/438/562
f 560/439/563 562/440/564 561/441/565
f 561/441/565 563/442/566 560/439/563
f 548/443/567 547/444/568 564/445/569
f 564/445/569 565/446/570 548/443/567
f 566/447/571 567/448/572 551/431/553
f 551/431/553 549/430/552 566/447/571
f 556/434/559 554/436/558 571/436/573
f 571/436/573 572/449/574 556/434/559
f 563/442/566 561/441/565 552/433/555
f 552/433/555 550/432/554 563/442/566
f 544/427/549 558/438/562 541/450/575
f 544/427/549 541/450/575 573/451/576
f 413/329/415 411/328/414 575/452/577
f 575/452/577 576/453/578 413/329/415
f 572/449/574 571/436/573 577/454/579
f 577/454/579 578/455/580 572/449/574
f 576/453/578 580/456/581 579/456/582
f 579/456/582 581/453/583 576/453/578
f 582/457/584 579/456/582 580/456/581
f 580/456/581 574/457/585 582/457/584
f 413/329/415 576/453/578 581/453/583
f 581/453/583 420/336/423 413/329/415
f 549/430/552 548/443/567 565/446/570
f 565/446/570 566/447/571 549/430/552
f 552/433/555 546/458/586 548/443/567
f 548/443/567 549/430/552 552/433/555
f 546/458/586 552/433/555 561/441/565
f 545/429/551 561/441/565 562/440/564
f 562/440/564 542/426/548 545/429/551
f 556/434/559 559/437/561 557/437/560
f 557/437/560 553/434/556 556/434/559
f 555/435/557 553/434/556 562/440/564
f 562/440/564 560/439/563 555/435/557
f 542/426/548 562/440/564 553/434/556
f 553/434/556 557/437/560 542/426/548
f 544/427/549 542/426/548 557/437/560
f 557/437/560 558/438/562 544/427/549
f 576/453/578 575/452/577 574/457/585
f 574/457/585 580/456/581 576/453/578
f 583/459/587 585/460/588 584/461/589
f 584/461/589 586/48/590 583/459/587
f 579/456/582 582/457/584 570/462/591
f 570/462/591 587/463/592 579/456/582
f 588/464/593 581/453/583 579/456/582
f 587/463/592 570/462/591 568/465/594
f 568/465/594 583/459/587 587/463/592
f 589/466/595 590/467/596 558/438/562
f 558/438/562 559/437/561 589/466/595
f 429/46/434 588/464/593 586/48/590
f 586/48/590 430/75/435 429/46/434
f 581/453/583 588/464/593 429/46/434
f 429/46/434 420/336/423 581/453/583
f 583/459/587 568/465/594 569/462/597
f 569/462/597 585/460/588 583/459/587
f 559/437/561 556/434/559 572/449/574
f 572/449/574 589/466/595 559/437/561
f 584/461/589 430/75/435 586/48/590
f 579/456/582 587/463/592 588/464/593
f 586/48/590 588/464/593 587/463/592
f 587/463/592 583/459/587 586/48/590
f 589/466/595 572/449/574 578/455/580
f 578/455/580 584/461/589 589/466/595
f 584/461/589 585/460/588 589/466/595
f 590/467/596 589/466/595 585/460/588
f 585/460/588 569/462/597 590/467/596
f 558/438/562 590/467/596 569/462/597
f 569/462/597 570/462/598 558/438/562
f 329/265/336 592/468/599 591/469/600
f 591/469/600 373/299/379 329/265/336
f 330/264/335 593/470/601 592/468/599
f 592/468/599 329/265/336 330/264/335
f 594/471/602 571/436/573 595/472/603
f 555/435/557 597/473/604 596/472/605
f 596/472/605 554/436/558 555/435/557
f 598/474/606 323/257/328 352/284/358
f 352/284/358 599/474/607 598/474/606
f 551/431/553 601/475/608 600/476/609
f 600/476/609 550/432/554 551/431/553
f 595/472/603 571/436/573 554/436/558
f 554/436/558 596/472/605 595/472/603
f 357/284/363 602/477/610 599/474/607
f 599/474/607 352/284/358 357/284/363
f 603/478/611 563/442/566 550/432/554
f 550/432/554 600/476/609 603/478/611
f 364/291/370 604/479/612 593/470/601
f 593/470/601 330/264/335 364/291/370
f 571/436/573 594/471/602 605/480/613
f 605/480/613 577/454/579 571/436/573
f 606/481/614 322/258/329 323/257/328
f 323/257/328 598/474/606 606/481/614
f 593/470/601 607/482/615 592/468/599
f 608/483/616 610/484/617 609/485/618
f 611/486/619 613/487/620 612/488/621
f 612/488/621 614/489/622 611/486/619
f 615/490/623 616/491/624 592/468/599
f 592/468/599 607/482/615 615/490/623
f 617/492/625 612/488/621 613/487/620
f 613/487/620 618/492/626 617/492/625
f 619/493/627 596/472/605 597/473/604
f 597/473/604 620/494/628 619/493/627
f 621/484/629 623/495/630 622/496/631
f 622/496/631 624/497/632 621/484/629
f 598/474/606 599/474/607 625/498/633
f 625/498/633 626/499/634 598/474/606
f 627/500/635 628/501/636 601/475/608
f 596/472/605 619/493/627 629/502/637
f 629/502/637 595/472/603 596/472/605
f 594/471/602 631/503/638 630/503/639
f 630/503/639 632/504/640 594/471/602
f 623/495/630 621/484/629 633/484/641
f 633/484/641 634/483/642 623/495/630
f 635/505/643 625/498/633 599/474/607
f 599/474/607 602/477/610 635/505/643
f 594/471/602 595/472/603 629/502/637
f 629/502/637 631/503/638 594/471/602
f 636/506/644 603/478/611 600/476/609
f 600/476/609 618/492/626 636/506/644
f 607/482/615 638/507/645 637/508/646
f 637/508/646 615/490/623 607/482/615
f 593/470/601 604/479/612 638/507/645
f 638/507/645 607/482/615 593/470/601
f 611/486/619 640/509/647 639/510/648
f 639/510/648 613/487/620 611/486/619
f 617/492/625 618/492/626 600/476/609
f 600/476/609 601/475/608 617/492/625
f 630/503/639 619/493/627 620/494/628
f 620/494/628 641/511/649 630/503/639
f 631/503/638 629/502/637 619/493/627
f 619/493/627 630/503/639 631/503/638
f 639/510/648 636/506/644 618/492/626
f 618/492/626 613/487/620 639/510/648
f 642/505/650 602/477/610 609/485/618
f 641/511/649 643/512/651 632/504/640
f 632/504/640 630/503/639 641/511/649
f 594/471/602 632/504/640 623/495/630
f 623/495/630 634/483/642 594/471/602
f 622/496/631 623/495/630 632/504/640
f 632/504/640 643/512/651 622/496/631
f 640/509/647 611/486/619 644/513/652
f 641/511/649 620/494/628 645/514/653
f 645/514/653 646/515/654 641/511/649
f 620/494/628 597/473/604 647/516/655
f 647/516/655 645/514/653 620/494/628
f 626/499/634 648/517/656 606/481/614
f 606/481/614 598/474/606 626/499/634
f 649/508/657 650/508/658 637/508/646
f 637/508/646 638/507/645 649/508/657
f 621/484/629 624/497/632 626/499/634
f 626/499/634 625/498/633 621/484/629
f 633/484/641 621/484/629 625/498/633
f 625/498/633 635/505/643 633/484/641
f 610/484/617 642/505/650 609/485/618
f 615/490/623 637/508/646 651/518/659
f 651/518/659 652/519/660 615/490/623
f 608/483/616 609/485/618 605/480/613
f 605/480/613 594/471/602 608/483/616
f 614/489/622 653/520/661 652/519/660
f 652/519/660 611/486/619 614/489/622
f 616/491/624 615/490/623 652/519/660
f 652/519/660 653/520/661 616/491/624
f 653/520/661 592/468/599 616/491/624
f 601/475/608 628/501/636 617/492/625
f 653/520/661 614/489/622 591/469/600
f 591/469/600 592/468/599 653/520/661
f 601/475/608 551/431/553 567/448/572
f 567/448/572 627/500/635 601/475/608
f 617/492/625 628/501/636 612/488/621
f 612/488/621 628/501/636 614/489/622
f 637/508/646 650/508/658 651/518/659
f 654/521/662 656/522/663 655/523/664
f 655/523/664 657/524/665 654/521/662
f 660/525/666 661/526/667 659/526/668
f 662/527/669 663/528/670 661/526/667
f 661/526/667 660/525/666 662/527/669
f 664/529/671 665/530/672 663/528/670
f 663/528/670 662/527/669 664/529/671
f 666/531/673 667/532/674 665/530/672
f 668/531/675 669/532/676 667/532/674
f 667/532/674 666/531/673 668/531/675
f 670/533/677 671/518/678 669/532/676
f 669/532/676 668/531/675 670/533/677
f 672/502/679 673/534/680 671/518/678
f 671/518/678 670/533/677 672/502/679
f 674/502/681 675/509/682 673/534/680
f 673/534/680 672/502/679 674/502/681
f 674/502/681 657/524/665 655/523/664
f 655/523/664 675/509/682 674/502/681
f 676/509/683 677/509/684 673/534/680
f 673/534/680 675/509/682 676/509/683
f 678/535/685 679/535/686 655/523/664
f 655/523/664 656/522/663 678/535/685
f 680/522/687 678/535/685 656/522/663
f 656/522/663 658/522/688 680/522/687
f 679/535/686 676/509/683 675/509/682
f 675/509/682 655/523/664 679/535/686
f 681/530/689 682/528/690 663/528/670
f 663/528/670 665/530/672 681/530/689
f 683/532/691 681/530/689 665/530/672
f 665/530/672 667/532/674 683/532/691
f 684/532/692 683/532/691 667/532/674
f 667/532/674 669/532/676 684/532/692
f 685/526/693 680/522/687 658/522/688
f 658/522/688 659/526/668 685/526/693
f 686/526/694 685/526/693 659/526/668
f 659/526/668 661/526/667 686/526/694
f 682/528/690 686/526/694 661/526/667
f 661/526/667 663/528/670 682/528/690
f 677/509/684 687/518/695 671/518/678
f 671/518/678 673/534/680 677/509/684
f 687/518/695 684/532/692 669/532/676
f 669/532/676 671/518/678 687/518/695
f 622/496/631 689/526/696 688/536/697
f 688/536/697 624/497/632 622/496/631
f 643/512/651 690/522/698 689/526/696
f 689/526/696 622/496/631 643/512/651
f 690/522/698 643/512/651 691/535/699
f 643/512/651 641/511/649 646/515/654
f 646/515/654 691/535/699 643/512/651
f 692/535/700 693/537/701 639/510/648
f 639/510/648 640/509/647 692/535/700
f 646/515/654 693/537/701 692/535/700
f 692/535/700 691/535/699 646/515/654
f 611/486/619 652/519/660 651/518/659
f 651/518/659 644/513/652 611/486/619
f 679/535/686 692/535/700 640/509/647
f 640/509/647 676/509/683 679/535/686
f 640/509/647 644/513/652 677/509/684
f 677/509/684 676/509/683 640/509/647
f 691/535/699 692/535/700 679/535/686
f 679/535/686 678/535/685 691/535/699
f 690/522/698 691/535/699 678/535/685
f 678/535/685 680/522/687 690/522/698
f 694/538/702 695/528/703 682/528/690
f 682/528/690 681/530/689 694/538/702
f 650/508/658 649/508/657 683/532/691
f 683/532/691 684/532/692 650/508/658
f 689/526/696 690/522/698 680/522/687
f 680/522/687 685/526/693 689/526/696
f 685/526/693 686/526/694 689/526/696
f 695/528/703 689/526/696 686/526/694
f 686/526/694 682/528/690 695/528/703
f 644/513/652 651/518/659 687/518/695
f 687/518/695 677/509/684 644/513/652
f 651/518/659 650/508/658 684/532/692
f 684/532/692 687/518/695 651/518/659
f 681/530/689 683/532/691 649/508/657
f 649/508/657 694/538/702 681/530/689
f 624/497/632 688/536/697 648/517/656
f 648/517/656 626/499/634 624/497/632
f 648/517/656 694/538/702 649/508/657
f 649/508/657 638/507/645 648/517/656
f 638/507/645 604/479/612 606/481/614
f 606/481/614 648/517/656 638/507/645
f 648/517/656 688/536/697 694/538/702
f 688/536/697 689/526/696 695/528/703
f 645/514/653 693/537/701 646/515/654
f 636/506/644 639/510/648 693/537/701
f 693/537/701 645/514/653 636/506/644
f 603/478/611 636/506/644 645/514/653
f 645/514/653 647/516/655 603/478/611
f 694/538/702 688/536/697 695/528/703
f 604/479/612 364/291/370 322/258/329
f 322/258/329 606/481/614 604/479/612
f 560/439/563 647/516/655 597/473/604
f 597/473/604 555/435/557 560/439/563
f 647/516/655 560/439/563 563/442/566
f 563/442/566 603/478/611 647/516/655
f 539/424/546 538/423/545 605/480/613
f 605/480/613 609/485/618 539/424/546
f 540/425/547 539/424/546 609/485/618
f 609/485/618 602/477/610 540/425/547
f 316/253/322 540/425/547 602/477/610
f 602/477/610 357/284/363 316/253/322
f 627/500/635 370/296/376 373/299/379
f 627/500/635 373/299/379 591/469/600
f 627/500/635 591/469/600 628/501/636
f 591/469/600 614/489/622 628/501/636
f 602/477/610 642/505/650 635/505/643
f 635/505/643 642/505/650 610/484/617
f 610/484/617 633/484/641 635/505/643
f 610/484/617 608/483/616 634/483/642
f 634/483/642 633/484/641 610/484/617
f 608/483/616 594/471/602 634/483/642
f 698/539/704 700/540/705 699/541/706
f 699/541/706 701/542/707 698/539/704
f 702/543/708 704/544/709 703/545/710
f 703/545/710 705/546/711 702/543/708
f 706/547/712 708/548/713 707/549/714
f 707/549/714 709/550/715 706/547/712
f 710/551/716 706/547/712 709/550/715
f 709/550/715 711/552/717 710/551/716
f 712/553/718 697/554/719 696/555/720
f 696/555/720 713/556/721 712/553/718
f 714/557/722 712/553/718 713/556/721
f 713/556/721 715/558/723 714/557/722
f 716/559/724 718/560/725 717/561/726
f 717/561/726 719/562/727 716/559/724
f 704/544/709 716/559/724 719/562/727
f 719/562/727 703/545/710 704/544/709
f 720/563/728 722/564/729 721/565/730
f 721/565/730 723/566/731 720/563/728
f 724/567/732 720/563/728 723/566/731
f 723/566/731 725/568/733 724/567/732
f 721/565/730 722/564/729 698/539/704
f 698/539/704 701/542/707 721/565/730
f 702/543/708 705/546/711 724/567/732
f 724/567/732 725/568/733 702/543/708
f 728/539/734 730/542/735 729/541/736
f 729/541/736 731/540/737 728/539/734
f 732/543/738 734/546/739 733/545/740
f 733/545/740 735/544/741 732/543/738
f 736/547/742 738/550/743 737/549/744
f 737/549/744 739/548/745 736/547/742
f 740/551/746 741/552/747 738/550/743
f 738/550/743 736/547/742 740/551/746
f 742/553/748 743/556/749 727/555/750
f 727/555/750 726/554/751 742/553/748
f 744/557/752 745/558/753 743/556/749
f 743/556/749 742/553/748 744/557/752
f 746/559/754 748/562/755 747/561/756
f 747/561/756 749/560/757 746/559/754
f 735/544/741 733/545/740 748/562/755
f 748/562/755 746/559/754 735/544/741
f 750/563/758 752/566/759 751/565/760
f 751/565/760 753/564/761 750/563/758
f 754/567/762 755/568/763 752/566/759
f 752/566/759 750/563/758 754/567/762
f 751/565/760 730/542/735 728/539/734
f 728/539/734 753/564/761 751/565/760
f 755/568/763 754/567/762 734/546/739
f 734/546/739 732/543/738 755/568/763
f 756/569/764 758/569/765 757/569/766
f 757/569/766 759/569/767 756/569/764
f 760/569/768 761/569/769 757/569/766
f 758/569/765 763/570/770 762/570/771
f 764/570/772 766/570/773 765/570/774
f 762/570/771 764/570/772 765/570/774
f 758/569/765 762/570/771 765/570/774
f 757/569/766 758/569/765 765/570/774
f 760/569/768 757/569/766 765/570/774
f 760/569/768 765/570/774 767/569/775
f 769/569/776 770/569/777 768/569/778
f 769/569/776 771/569/779 772/571/780
f 772/571/780 773/571/781 774/571/782
f 772/571/780 774/571/782 770/569/777
f 769/569/776 772/571/780 770/569/777
f 775/572/783 777/573/784 776/574/785
f 776/574/785 778/575/786 775/572/783
f 779/576/787 780/577/788 776/574/785
f 776/574/785 777/573/784 779/576/787
f 781/578/789 783/579/790 782/580/791
f 782/580/791 784/581/792 781/578/789
f 785/582/793 784/581/792 782/580/791
f 782/580/791 786/583/794 785/582/793
f 788/201/795 789/202/796 787/203/797
f 789/202/798 791/205/260 790/204/260
f 792/203/799 794/202/800 793/201/801
f 790/204/260 791/205/260 794/202/802
