# Blender 5.1.1
# www.blender.org
mtllib CofTex.mtl
g Cofre_Cofre
v -5.756408 -0.328811 -5.258098
v -7.818646 -0.466331 -5.141458
v -7.790967 -0.482171 -5.258258
v -5.756726 -0.320411 -5.140098
v 0.184713 0.006949 -5.139857
v 0.227353 -0.000971 -5.256577
v -11.209126 -0.834331 -5.140098
v -10.112164 -0.676571 -5.258418
v -10.112007 -0.672011 -5.140098
v -11.209045 -0.839371 -5.258418
v -12.356087 -1.083051 -5.258258
v -13.108406 -1.323451 -5.140018
v -13.098164 -1.326891 -5.258178
v -12.365044 -1.077211 -5.140098
v -12.236244 -1.070891 -5.258258
v -12.243446 -1.065291 -5.140018
v -5.756726 -0.320411 5.399662
v -7.790967 -0.482171 5.517822
v -7.818646 -0.466331 5.401022
v -5.756408 -0.328811 5.517662
v 0.227353 -0.000971 5.516142
v 0.184712 0.006949 5.399423
v -11.209045 -0.839371 5.517982
v -10.112007 -0.672011 5.399662
v -10.112164 -0.676571 5.517982
v -11.209126 -0.834331 5.399662
v -12.365044 -1.077211 5.399662
v -13.098164 -1.326891 5.517742
v -13.108406 -1.323451 5.399582
v -12.356087 -1.083051 5.517822
v -12.243446 -1.065291 5.399582
v -12.236244 -1.070891 5.517822
v -12.142727 -0.984011 -3.875377
v -12.238327 -1.070251 -5.199138
v -12.122326 -1.044411 -5.199138
v -12.284405 -1.014491 -3.875377
v -12.322086 -1.021531 -3.875377
v -12.269844 -1.073051 -5.199138
v -10.109604 -0.681451 -5.199298
v -11.195766 -0.792891 -3.863697
v -11.206406 -0.843131 -5.199218
v -10.102165 -0.611531 -3.872577
v -12.173927 -0.905291 -1.823457
v -12.341686 -0.941851 -1.823458
v -12.202404 -0.832571 0.129822
v -12.380566 -0.878571 0.129822
v -12.397766 -1.037851 -3.875377
v -12.330887 -1.078331 -5.199138
v -12.429924 -1.045531 -3.875377
v -12.358807 -1.082491 -5.199138
v -12.529526 -1.074491 -3.875377
v -12.438885 -1.105611 -5.199138
v -0.171127 0.207829 -2.728497
v -1.959447 0.027829 -3.955777
v 0.024793 -0.023771 -5.198417
v -0.196967 0.100149 -4.010977
v -2.005367 -0.138811 -5.198977
v -4.140407 -0.254811 -5.199058
v -5.987287 -0.211611 -3.909217
v -5.761127 -0.331131 -5.199058
v -4.441367 -0.106251 -3.918097
v -0.269287 0.192869 -2.784977
v -0.266248 0.191029 -2.823937
v -0.229928 0.198389 -2.760417
v -0.136007 0.109109 -4.005857
v -0.446487 0.149109 -2.579057
v -0.486967 0.188869 -1.410577
v -1.551607 0.077189 0.129823
v -1.478807 0.011429 -1.387617
v -0.565687 0.243029 0.129823
v -1.433528 -0.029371 -2.351297
v -1.381767 -0.011211 -2.456817
v -1.368007 -0.010971 -2.435457
v -1.459127 -0.030491 -2.363617
v -0.442887 0.151269 -2.598337
v -1.514407 0.009109 -1.387617
v -1.802087 0.126069 -2.470177
v -1.660487 0.113909 -2.720657
v -1.647847 0.119669 -2.655697
v -1.938087 0.110469 -2.574017
v -1.611207 0.124709 -2.602097
v -1.759368 0.130709 -2.414097
v -1.861447 0.175989 -1.387617
v -1.815608 0.171269 -1.387617
v -7.886327 -0.373691 -3.893377
v -7.828965 -0.478091 -5.199058
v -11.246647 -0.680971 -1.823457
v -11.280804 -0.585211 0.129822
v -13.100647 -1.340651 -5.199138
v -13.394646 -1.274491 -1.806738
v -13.562965 -1.241291 0.129822
v -12.489525 -0.975851 -1.823458
v -12.386005 -0.952011 -1.823458
v -12.552166 -0.922411 0.129822
v -12.429287 -0.892411 0.129822
v -1.968167 0.187509 -0.963537
v -2.476407 0.001349 -3.939617
v -8.994247 -0.492651 -3.882978
v -1.972007 0.229989 0.129823
v -1.896087 0.207989 0.122783
v -1.852887 0.211029 0.122783
v -1.601848 0.071749 0.129823
v -10.164566 -0.464331 -0.909218
v -10.155045 -0.525051 -2.540017
v -10.150806 -0.424731 0.129822
v -3.319686 -0.043131 -3.924577
v -8.908886 -0.390411 -2.546098
v -7.853368 -0.276891 -2.550817
v -4.416726 -0.011691 -2.566977
v -3.313287 0.044949 -2.572177
v -5.964646 -0.116491 -2.559697
v -2.548007 0.080949 -2.575777
v -8.964725 -0.297611 0.129743
v -8.990646 -0.343691 -1.086017
v -7.820329 -0.226411 -1.318897
v -8.904167 -0.384651 -2.471377
v -7.851605 -0.271611 -2.478417
v -8.902725 -0.339451 -1.233057
v -5.939366 -0.072811 -1.462737
v -5.963527 -0.111931 -2.495697
v -2.551368 0.084549 -2.521537
v -2.029847 0.184069 -0.963937
v -2.599687 0.150149 -1.023057
v -1.999368 0.110629 -2.522897
v -4.402806 0.029029 -1.512017
v -4.415687 -0.007451 -2.506897
v -3.312966 0.048949 -2.514817
v -2.949607 0.118149 -1.344417
v -3.299527 0.093909 -1.477217
v -9.137127 -0.404011 -2.339617
v -9.957447 -0.491531 -2.323377
v -2.027687 0.226469 0.122143
v -2.591447 0.193829 0.129823
v -9.960964 -0.450971 -1.177858
v -9.148006 -0.370651 -1.370977
v -12.122326 -1.044411 5.458782
v -12.284405 -1.014491 4.134943
v -12.142727 -0.984011 4.135023
v -12.238327 -1.070251 5.458702
v -12.322086 -1.021531 4.134943
v -12.269844 -1.073051 5.458702
v -11.206406 -0.843131 5.458782
v -10.102165 -0.611531 4.132143
v -10.109604 -0.681451 5.458862
v -11.195766 -0.792891 4.123262
v -12.341686 -0.941851 2.083022
v -12.173927 -0.905291 2.083022
v -12.397766 -1.037851 4.134943
v -12.330887 -1.078331 5.458702
v -12.429924 -1.045531 4.134943
v -12.358807 -1.082491 5.458702
v -12.529526 -1.074491 4.134943
v -12.438885 -1.105611 5.458702
v -0.171127 0.207829 2.988063
v -0.196967 0.100149 4.270543
v -2.005368 -0.138811 5.458543
v -1.959447 0.027829 4.215343
v 0.024792 -0.023771 5.457983
v -5.761127 -0.331131 5.458622
v -4.441367 -0.106251 4.177663
v -4.140407 -0.254811 5.458622
v -5.987287 -0.211611 4.168783
v -0.269287 0.192869 3.044543
v -0.229928 0.198389 3.019983
v -0.266248 0.191029 3.083503
v -0.446488 0.149109 2.838623
v -0.486967 0.188869 1.670143
v -1.478808 0.011429 1.647183
v -1.433528 -0.029371 2.610863
v -1.381767 -0.011211 2.716383
v -1.459128 -0.030491 2.623183
v -1.368007 -0.010971 2.695023
v -0.442887 0.151269 2.857903
v -1.514407 0.009109 1.647183
v -1.660487 0.113909 2.980223
v -1.802087 0.126069 2.729823
v -1.647847 0.119669 2.915263
v -1.938088 0.110469 2.833583
v -1.611207 0.124709 2.861743
v -1.759368 0.130709 2.673663
v -1.861447 0.175989 1.647183
v -1.815608 0.171269 1.647183
v -7.828966 -0.478091 5.458622
v -7.886327 -0.373691 4.152943
v -11.246647 -0.680971 2.083022
v -13.394646 -1.274491 2.066303
v -12.642887 -1.021451 2.083022
v -13.100647 -1.340651 5.458702
v -12.489525 -0.975851 2.083022
v -12.386005 -0.952011 2.083022
v -1.968167 0.187509 1.223103
v -2.476407 0.001349 4.199183
v -8.994247 -0.492651 4.142542
v -10.164566 -0.464331 1.168782
v -10.155045 -0.525051 2.799582
v -3.319686 -0.043131 4.184143
v -7.853368 -0.276891 2.810383
v -8.908886 -0.390411 2.805663
v -3.313287 0.044949 2.831743
v -4.416726 -0.011691 2.826623
v -5.964646 -0.116491 2.819263
v -2.548007 0.080949 2.835343
v -8.990646 -0.343691 1.345583
v -7.851605 -0.271611 2.738063
v -8.902725 -0.339451 1.492623
v -7.820329 -0.226411 1.578463
v -8.904167 -0.384651 2.730942
v -5.963527 -0.111931 2.755263
v -5.939366 -0.072811 1.722303
v -2.599687 0.150149 1.282623
v -1.999368 0.110629 2.782463
v -2.551368 0.084549 2.781103
v -2.029847 0.184069 1.223503
v -4.415687 -0.007451 2.766463
v -4.402806 0.029029 1.771663
v -3.312967 0.048949 2.774463
v -2.949607 0.118149 1.603983
v -3.299527 0.093909 1.736783
v -9.137127 -0.404011 2.599183
v -9.957447 -0.491531 2.582942
v -9.960964 -0.450971 1.437423
v -9.148006 -0.370651 1.630543
v -2.939286 -0.442811 -3.879057
v -2.611926 -0.463771 -3.542497
v -2.939286 -0.485851 -3.874658
v -3.266886 -0.490971 -4.011938
v -4.301208 -0.472091 -4.047937
v -3.266886 -0.432411 -4.015058
v -4.301208 -0.530171 -4.047937
v -5.742726 -0.538171 -3.996977
v -5.742726 -0.595451 -3.996977
v -6.385127 -0.624571 -3.848337
v -6.383447 -0.678331 -3.848257
v -6.968408 -0.772971 -3.607697
v -7.644967 -0.819051 -3.607617
v -2.939286 -0.486971 4.157903
v -2.700168 -0.457531 3.825743
v -2.939286 -0.443931 4.153583
v -2.611926 -0.464891 3.825743
v -3.266887 -0.433531 4.292063
v -4.301208 -0.531291 4.331102
v -3.266887 -0.492091 4.295103
v -4.301208 -0.473211 4.331102
v -5.742726 -0.596651 4.280142
v -5.742726 -0.539291 4.280142
v -6.383447 -0.679451 4.131503
v -6.385127 -0.625691 4.131503
v -7.644967 -0.820251 3.890863
v -6.968408 -0.774091 3.890783
v -1.314407 0.090629 -2.358577
v -0.540487 0.235189 -0.878337
v -1.440007 0.153429 -0.884017
v -0.582168 0.248709 0.129823
v -1.475207 0.171109 0.129823
v -0.540487 0.235189 1.137983
v -1.314407 0.090629 2.618143
v -1.440007 0.153429 1.143583
v -0.404647 0.171029 2.618143
v -0.404647 0.171029 -2.358577
v -11.210804 -0.659131 1.936862
v -10.107925 -0.425851 1.928782
v -10.109604 -0.468891 1.993423
v -13.103287 -1.344171 5.458702
v -12.537045 -1.024171 3.848303
v -12.441605 -1.109131 5.458702
v -12.627766 -0.973451 2.317903
v -13.397366 -1.278091 2.066303
v -11.210804 -0.738411 2.236063
v -10.113125 -0.561211 2.194463
v -10.098804 -0.564091 2.295663
v -11.210804 -0.734891 2.145982
v -12.155766 -0.968491 3.848303
v -12.240967 -1.073771 5.458702
v -12.308407 -0.998651 3.848303
v -12.124966 -1.047931 5.458782
v -12.551365 -0.948571 2.318863
v -12.488564 -0.938411 2.215423
v -12.509445 -0.949611 2.312783
v -12.521446 -0.936091 2.194303
v -12.423607 -0.998811 3.848303
v -12.404087 -0.955451 2.314862
v -12.339844 -0.999131 3.848303
v -12.284485 -0.938091 2.069422
v -12.201286 -0.880091 1.948303
v -12.195606 -0.921851 2.035662
v -12.304005 -0.899051 1.995422
v -11.210804 -0.641451 1.898543
v -12.203926 -0.866411 1.907262
v -12.424484 -0.922091 2.109342
v -12.321686 -0.891771 1.960782
v -12.452244 -0.918891 2.075502
v -10.107204 -0.408331 1.902542
v -12.458885 -1.000171 3.848303
v -11.210804 -0.725691 2.081182
v -12.377525 -0.952011 2.166222
v -10.107285 -0.407131 1.883343
v -11.210804 -0.640331 1.879422
v -12.208885 -0.864331 1.885422
v -12.344166 -0.893931 1.922942
v -12.499207 -0.928171 2.018622
v -12.580406 -0.951771 2.146862
v -12.342964 -0.950251 2.190783
v -12.372566 -0.957131 2.315503
v -10.113045 -0.557291 2.125422
v -12.272484 -1.076571 5.458702
v -12.189045 -0.926651 2.076622
v -12.272884 -0.941451 2.108063
v -12.745525 -0.949691 0.129822
v -13.565685 -1.244811 0.129822
v -12.659206 -0.956811 1.823902
v -12.185284 -0.922331 2.302703
v -10.105366 -0.616731 3.848303
v -11.209045 -0.846651 5.458782
v -11.209927 -0.777051 3.848303
v -10.112244 -0.684971 5.458862
v -10.107285 -0.436891 0.129822
v -11.210804 -0.642491 0.129822
v -12.208885 -0.864331 0.128782
v -12.333527 -1.081931 5.458702
v -12.361446 -1.086091 5.458702
v -11.210804 -0.659131 -1.677297
v -10.109604 -0.468891 -1.733778
v -10.107925 -0.425851 -1.669217
v -13.397366 -1.278091 -1.806738
v -12.537045 -1.024171 -3.588657
v -12.627766 -0.973451 -2.058337
v -12.441605 -1.109131 -5.199138
v -11.210804 -0.734891 -1.886417
v -10.098804 -0.564091 -2.036097
v -10.113125 -0.561211 -1.934897
v -11.210804 -0.738411 -1.976497
v -12.124966 -1.047931 -5.199138
v -12.308407 -0.998651 -3.588657
v -12.240967 -1.073771 -5.199138
v -12.155766 -0.968491 -3.588657
v -12.488564 -0.938411 -1.955858
v -12.551365 -0.948571 -2.059217
v -12.509445 -0.949611 -2.053217
v -12.521446 -0.936091 -1.934738
v -12.339844 -0.999131 -3.588657
v -12.404087 -0.955451 -2.055297
v -12.423607 -0.998811 -3.588657
v -12.304005 -0.899051 -1.735778
v -12.195606 -0.921851 -1.776098
v -12.201286 -0.880091 -1.688738
v -12.284485 -0.938091 -1.809858
v -12.203926 -0.866411 -1.647698
v -11.210804 -0.641451 -1.638978
v -12.452244 -0.918891 -1.815938
v -12.321686 -0.891771 -1.701218
v -12.424484 -0.922091 -1.849778
v -10.107204 -0.408331 -1.642977
v -12.458885 -1.000171 -3.588657
v -11.210804 -0.725691 -1.821617
v -12.377525 -0.952011 -1.906658
v -11.210804 -0.640411 -1.619858
v -10.107285 -0.407131 -1.623778
v -12.208885 -0.864331 -1.625777
v -12.344166 -0.893931 -1.663298
v -12.499207 -0.928171 -1.759058
v -12.580406 -0.951771 -1.887298
v -12.342964 -0.950251 -1.931218
v -12.372566 -0.957131 -2.055857
v -10.113045 -0.557291 -1.865857
v -12.272484 -1.076571 -5.199138
v -12.189045 -0.926651 -1.817057
v -12.272884 -0.941451 -1.848498
v -12.659206 -0.956811 -1.564338
v -12.185284 -0.922331 -2.043057
v -10.112244 -0.684971 -5.199298
v -11.209927 -0.777131 -3.588657
v -11.209045 -0.846651 -5.199218
v -10.105366 -0.616731 -3.588737
v -12.208885 -0.864331 0.130782
v -12.333527 -1.081931 -5.199138
v -12.361446 -1.086091 -5.199138
v -1.838087 -0.044571 4.409263
v -0.137607 0.114309 4.216223
v -0.238887 0.051749 4.395343
v -1.838647 0.038069 4.250623
v -1.843448 -0.069051 4.541422
v -0.266408 0.042549 4.421103
v -0.246247 0.039109 4.467583
v -1.838087 -0.063771 4.475502
v -4.140967 -0.190251 4.488543
v -5.653848 -0.271931 4.493342
v -5.653848 -0.262171 4.429262
v -4.141047 -0.194491 4.554223
v -4.141847 0.037909 4.133183
v -5.650487 -0.034411 4.083822
v -5.650167 -0.010411 4.037822
v -4.141767 0.018469 4.178943
v -1.838887 0.069829 4.161743
v -1.838887 0.077749 4.132303
v -0.140647 0.130549 4.168703
v -5.652966 -0.211611 4.347982
v -4.141686 -0.004811 4.233663
v -4.141047 -0.140971 4.403502
v -5.650727 -0.062891 4.135743
v -2.008008 -0.142331 5.458543
v 0.022153 -0.027371 5.457983
v -5.763767 -0.334651 5.458622
v -4.143047 -0.258331 5.458622
v -0.271928 0.189349 3.044543
v -0.232568 0.194789 3.019983
v -0.268968 0.187509 3.083503
v -4.141686 0.042389 4.061983
v -5.650167 -0.006011 3.977903
v -0.449127 0.145589 2.838623
v -1.445527 0.033829 2.610863
v -0.568408 0.239429 0.129823
v -0.480167 0.178869 1.854543
v -1.554328 0.131829 0.129823
v -4.138087 0.154069 2.467983
v -5.641606 0.096869 2.260383
v -1.384487 0.043429 2.716383
v -1.471048 0.032629 2.623183
v -1.370648 0.043669 2.695023
v -0.445527 0.147749 2.857903
v -1.604487 0.126389 0.129823
v -1.650567 0.207909 2.915263
v -1.901608 0.211909 2.718943
v -1.804727 0.214389 2.729823
v -1.656967 0.203909 2.954223
v -1.613847 0.215349 2.861743
v -1.762088 0.221909 2.673663
v -0.187768 0.138629 4.129583
v -1.838807 0.089349 4.062943
v -1.904807 0.289189 0.129823
v -1.988887 0.283349 0.129823
v -8.883286 -0.442171 2.417823
v -8.010568 -0.418891 3.888223
v -9.150406 -0.448331 2.251343
v -7.120809 -0.064571 3.728943
v -6.882407 -0.048811 3.847983
v -6.906087 -0.053291 3.889663
v -6.931287 -0.086171 3.935423
v -8.730484 -0.207691 1.968783
v -8.688007 -0.187611 1.938543
v -7.120728 -0.348651 4.295822
v -7.157445 -0.356011 4.344462
v -8.666645 -0.181931 1.903423
v -7.075208 -0.284891 4.204622
v -9.134167 -0.442571 2.191023
v -7.021527 -0.019851 2.079423
v -8.826084 -0.252891 2.036623
v -8.830967 -0.427931 2.288303
v -8.005288 -0.120651 2.145343
v -8.187768 -0.132571 1.995263
v -8.036088 -0.110491 1.743823
v -7.693769 -0.380811 3.919263
v -7.664487 -0.391931 4.078382
v -7.812085 -0.399691 3.912703
v -7.562726 -0.373371 4.070302
v -8.679447 -0.419931 2.375583
v -8.764404 -0.435131 2.487583
v -7.440969 -0.377291 4.235022
v -7.367528 -0.361371 4.194782
v -6.991609 -0.059211 3.873503
v -7.030408 -0.091211 3.909903
v -8.229527 -0.142571 2.057822
v -8.106248 -0.153531 2.214543
v -8.256886 -0.162651 2.096782
v -8.063848 -0.133451 2.185343
v -8.414085 -0.174171 2.028862
v -8.389126 -0.154091 1.988623
v -7.831605 -0.481611 5.458622
v -7.666806 -0.398171 4.207822
v -6.963927 -0.055611 3.837823
v -7.087445 -0.066731 3.832303
v -7.150407 -0.068811 3.761583
v -7.058568 -0.062811 3.798463
v -8.205846 -0.135211 2.025342
v -8.015527 -0.123211 2.182383
v -8.363926 -0.146891 1.953983
v -7.278169 -0.297451 4.127263
v -8.634007 -0.408411 2.326383
v -8.782887 -0.418091 2.239583
v -7.409928 -0.306411 4.039982
v -7.553369 -0.322011 3.885183
v -7.119607 -0.091691 3.856623
v -8.328728 -0.142971 1.931423
v -7.177766 -0.089211 3.779743
v -7.661126 -0.363771 3.853983
v -7.102807 -0.150891 3.977743
v -7.205049 -0.158011 3.921103
v -6.975287 -0.143531 4.015263
v -8.461525 -0.212411 2.105263
v -8.585045 -0.369611 2.269103
v -8.599686 -0.395051 2.307183
v -8.540646 -0.392811 2.411103
v -8.582085 -0.411211 2.476303
v -8.681046 -0.430971 2.597903
v -6.713447 -0.161611 3.796063
v -7.345128 -0.226811 3.853263
v -6.753926 -0.187531 3.812703
v -7.302648 -0.199691 3.835823
v -6.701367 -0.147371 3.768223
v -7.290566 -0.185051 3.806623
v -7.558648 -0.185451 2.331823
v -8.180966 -0.216251 2.315183
v -7.594007 -0.198011 2.300463
v -8.217687 -0.229291 2.282543
v -7.703206 -0.236891 2.278383
v -8.331127 -0.269691 2.259583
v -7.841767 -0.300011 2.277983
v -8.461685 -0.323371 2.253743
v -7.898728 -0.330651 2.290143
v -8.527607 -0.359931 2.284142
v -7.918168 -0.354331 2.328863
v -8.544968 -0.382331 2.320783
v -7.864728 -0.352811 2.416223
v -8.498806 -0.383211 2.415023
v -7.635045 -0.356411 3.814863
v -7.033048 -0.320251 3.775743
v -6.948728 -0.293771 3.809903
v -7.551526 -0.330651 3.850383
v -7.552728 -0.324971 3.865423
v -7.650807 -0.360811 3.838543
v -7.295606 -0.178571 3.840063
v -7.344087 -0.220251 3.867423
v -7.286328 -0.166731 3.804783
v -8.472244 -0.314491 2.245183
v -8.334564 -0.254571 2.248463
v -8.553207 -0.363291 2.278063
v -8.571045 -0.387291 2.315983
v -8.177445 -0.200171 2.306383
v -8.205285 -0.209051 2.277583
v -8.517845 -0.387291 2.413182
v -8.184487 -0.190651 2.268463
v -8.308887 -0.200971 2.171022
v -7.270005 -0.147291 3.802303
v -7.278169 -0.164411 3.846543
v -7.343045 -0.214011 3.880943
v -7.265046 -0.203531 3.960703
v -8.478966 -0.300811 2.224703
v -8.327927 -0.240731 2.228463
v -7.012887 -0.043851 0.129823
v -8.138566 -0.156331 0.129823
v -8.678406 -0.224891 0.129823
v -0.020807 0.151989 -3.927377
v -1.838647 0.038069 -3.991057
v -0.238887 0.051749 -4.135777
v -0.137606 0.114309 -3.956657
v -1.838087 -0.044571 -4.149697
v -1.838087 -0.063771 -4.215858
v -0.246327 0.039109 -4.208017
v -1.843447 -0.069051 -4.281857
v -4.141047 -0.194491 -4.294657
v -5.653848 -0.262171 -4.169698
v -5.653848 -0.271931 -4.233778
v -4.140967 -0.190251 -4.228977
v -4.141767 0.018469 -3.919377
v -5.650167 -0.010411 -3.778177
v -5.650487 -0.034411 -3.824177
v -4.141847 0.037909 -3.873617
v -1.838887 0.069749 -3.902177
v -0.140647 0.130549 -3.909137
v -1.838887 0.077749 -3.872657
v -5.650727 -0.062891 -3.876177
v -4.141047 -0.140971 -4.143938
v -4.141686 -0.004811 -3.974097
v -5.653047 -0.211611 -4.088418
v 0.022153 -0.027371 -5.198417
v -2.008008 -0.142411 -5.198977
v -4.143046 -0.258331 -5.199058
v -5.763766 -0.334651 -5.199058
v -0.272008 0.189349 -2.784977
v -0.268968 0.187509 -2.823937
v -0.232568 0.194789 -2.760417
v -5.650167 -0.006011 -3.718337
v -4.141686 0.042389 -3.802417
v -0.163848 0.066629 -4.105777
v -0.449127 0.145509 -2.579057
v -0.480167 0.178869 -1.594977
v -1.445527 0.033829 -2.351297
v -5.641606 0.096869 -2.000817
v -4.138087 0.154069 -2.208417
v -1.384487 0.043429 -2.456817
v -1.370647 0.043669 -2.435457
v -1.471047 0.032629 -2.363617
v -0.445527 0.147749 -2.598337
v -1.650567 0.207909 -2.655697
v -1.901607 0.211909 -2.459377
v -1.656967 0.203909 -2.694657
v -1.804726 0.214389 -2.470257
v -1.613847 0.215349 -2.602097
v -1.762088 0.221909 -2.414097
v -1.838807 0.089349 -3.803377
v -0.187768 0.138629 -3.870017
v -8.010568 -0.418891 -3.628657
v -8.883286 -0.442171 -2.158257
v -9.150406 -0.448411 -1.991697
v -7.120809 -0.064571 -3.469377
v -6.882407 -0.048811 -3.588417
v -6.906087 -0.053291 -3.630097
v -6.931287 -0.086171 -3.675857
v -8.730484 -0.207691 -1.709217
v -8.688007 -0.187611 -1.678977
v -7.120728 -0.348651 -4.036258
v -7.157445 -0.356011 -4.084898
v -8.666645 -0.181931 -1.643857
v -7.075208 -0.284891 -3.945057
v -9.134167 -0.442571 -1.931457
v -7.021527 -0.019851 -1.819857
v -8.826084 -0.252891 -1.777057
v -8.830967 -0.427931 -2.028737
v -8.005288 -0.120651 -1.885777
v -8.036088 -0.110491 -1.484177
v -8.187768 -0.132571 -1.735697
v -7.693769 -0.380811 -3.659697
v -7.664487 -0.391931 -3.818817
v -7.562726 -0.373371 -3.810657
v -7.812085 -0.399691 -3.653137
v -8.679447 -0.419931 -2.116017
v -8.764404 -0.435131 -2.228017
v -7.441049 -0.377291 -3.975378
v -7.367528 -0.361371 -3.935217
v -6.991609 -0.059211 -3.613937
v -7.030408 -0.091211 -3.650337
v -8.229527 -0.142571 -1.798257
v -8.106248 -0.153531 -1.954977
v -8.063848 -0.133451 -1.925777
v -8.256886 -0.162651 -1.837217
v -8.389126 -0.154091 -1.729057
v -8.414085 -0.174171 -1.769297
v -7.831605 -0.481611 -5.199058
v -7.666806 -0.398171 -3.948257
v -6.963927 -0.055611 -3.578257
v -7.087445 -0.066731 -3.572737
v -7.058568 -0.062811 -3.538897
v -7.150407 -0.068811 -3.502017
v -8.205846 -0.135211 -1.765777
v -8.015527 -0.123211 -1.922817
v -8.363926 -0.146891 -1.694417
v -7.278169 -0.297451 -3.867697
v -8.634007 -0.408411 -2.066817
v -8.782887 -0.418091 -1.980017
v -7.410008 -0.306411 -3.780417
v -7.553369 -0.322011 -3.625617
v -7.119607 -0.091691 -3.596977
v -8.328728 -0.142971 -1.671857
v -7.177766 -0.089211 -3.520177
v -7.661126 -0.363771 -3.594417
v -7.102807 -0.150891 -3.718177
v -7.205049 -0.158011 -3.661537
v -6.975287 -0.143531 -3.755617
v -8.461525 -0.212411 -1.845697
v -8.585045 -0.369611 -2.009537
v -8.599686 -0.395051 -2.047617
v -8.540646 -0.392811 -2.151537
v -8.582085 -0.411211 -2.216738
v -8.681046 -0.430971 -2.338257
v -6.713447 -0.161611 -3.536497
v -7.345128 -0.226811 -3.593697
v -7.302648 -0.199691 -3.576257
v -6.753926 -0.187531 -3.553137
v -7.290566 -0.185051 -3.547057
v -8.180966 -0.216251 -2.055537
v -7.594007 -0.198011 -2.040897
v -8.217687 -0.229291 -2.022977
v -7.703206 -0.236891 -2.018817
v -8.331127 -0.269691 -2.000017
v -7.841767 -0.300011 -2.018417
v -8.461685 -0.323371 -1.994177
v -7.898728 -0.330651 -2.030577
v -8.527607 -0.359931 -2.024498
v -7.918168 -0.354331 -2.069297
v -8.544968 -0.382331 -2.061217
v -7.864728 -0.352811 -2.156657
v -8.498806 -0.383211 -2.155457
v -7.033048 -0.320251 -3.516177
v -7.635045 -0.356411 -3.555297
v -6.948728 -0.293771 -3.550337
v -7.551526 -0.330651 -3.590817
v -7.552728 -0.324971 -3.605857
v -7.650807 -0.360811 -3.578977
v -7.295606 -0.178571 -3.580497
v -7.344087 -0.220251 -3.607857
v -7.286328 -0.166731 -3.545217
v -8.472244 -0.314491 -1.985617
v -8.334564 -0.254571 -1.988897
v -8.553207 -0.363291 -2.018417
v -8.571045 -0.387291 -2.056417
v -8.177445 -0.200171 -2.046817
v -8.205285 -0.209051 -2.018017
v -8.517845 -0.387291 -2.153617
v -8.308887 -0.200971 -1.911457
v -8.184487 -0.190651 -2.008897
v -7.270005 -0.147291 -3.542737
v -7.278169 -0.164411 -3.586977
v -7.343045 -0.214011 -3.621377
v -7.265046 -0.203531 -3.701137
v -8.478966 -0.300811 -1.965137
v -8.327927 -0.240731 -1.968897
v -7.634248 -0.360491 3.954543
v -7.625848 -0.344891 3.902943
v -8.378086 -0.208491 2.145822
v -8.510086 -0.288331 2.204383
v -8.523125 -0.254011 2.152702
v -8.380165 -0.237611 2.203503
v -7.282647 -0.133771 3.768783
v -7.213048 -0.121691 3.836543
v -7.268647 -0.146811 3.833983
v -7.235528 -0.103771 3.753663
v -8.610565 -0.343211 2.232143
v -8.523125 -0.254011 2.152702
v -8.510086 -0.288331 2.204383
v -8.654007 -0.318571 2.184383
v -8.654964 -0.378971 2.260943
v -8.704567 -0.368571 2.224703
v -7.562486 -0.324491 3.912143
v -7.554406 -0.331691 3.963263
v -7.354009 -0.221131 3.911903
v -7.333447 -0.228891 3.961743
v -7.293847 -0.166331 3.876383
v -7.333447 -0.228891 3.961743
v -7.354009 -0.221131 3.911903
v -7.243367 -0.163931 3.910543
v -8.172406 -0.160651 2.207903
v -8.270565 -0.199371 2.228543
v -8.250089 -0.174811 2.166702
v -8.209928 -0.185531 2.256463
v -8.108327 -0.151771 2.269663
v -8.163606 -0.178171 2.299343
v -7.625848 -0.344891 -3.643377
v -7.634248 -0.360491 -3.694977
v -8.378086 -0.208491 -1.886257
v -8.510086 -0.288331 -1.944817
v -8.380165 -0.237611 -1.943857
v -8.523125 -0.254011 -1.893137
v -7.282647 -0.133771 -3.509217
v -7.213048 -0.121691 -3.576977
v -7.235528 -0.103771 -3.494097
v -7.268647 -0.146811 -3.574417
v -8.610565 -0.343211 -1.972577
v -8.523125 -0.254011 -1.893137
v -8.654007 -0.318571 -1.924817
v -8.510086 -0.288331 -1.944817
v -8.654964 -0.378971 -2.001377
v -8.704567 -0.368571 -1.965137
v -7.562486 -0.324491 -3.652577
v -7.554406 -0.331691 -3.703697
v -7.354009 -0.221131 -3.652337
v -7.333447 -0.228891 -3.702177
v -7.293847 -0.166331 -3.616817
v -7.333447 -0.228891 -3.702177
v -7.243367 -0.163931 -3.650977
v -7.354009 -0.221131 -3.652337
v -8.172406 -0.160651 -1.948257
v -8.270565 -0.199371 -1.968977
v -8.209928 -0.185531 -1.996897
v -8.250089 -0.174811 -1.907057
v -8.108327 -0.151771 -2.010097
v -8.163606 -0.178171 -2.039777
v -7.918168 -0.354331 2.328863
v -7.841767 -0.300011 2.277983
v -7.864728 -0.352811 2.416223
v -7.898728 -0.330651 2.290143
v -7.594007 -0.198011 2.300463
v -7.703206 -0.236891 2.278383
v -6.948728 -0.293771 3.809903
v -7.033048 -0.320251 3.775743
v -6.753926 -0.187531 3.812703
v -6.701367 -0.147371 3.768223
v -6.713447 -0.161611 3.796063
v -7.558648 -0.185451 2.331823
v -7.918168 -0.354331 -2.069297
v -7.841767 -0.300011 -2.018417
v -7.864728 -0.352811 -2.156657
v -7.594007 -0.198011 -2.040897
v -6.701447 -0.147371 -3.508657
v -6.753926 -0.187531 -3.553137
v -6.948728 -0.293771 -3.550337
v -5.061208 -0.050571 4.217903
v -5.563687 -0.169131 4.309982
v -5.562488 -0.075051 4.175183
v -5.123687 -0.147611 4.340783
v -6.221927 -0.107291 4.098222
v -6.284408 -0.204331 4.229342
v -5.061208 -0.050571 -3.958337
v -5.563687 -0.169131 -4.050418
v -5.123687 -0.147611 -4.081217
v -5.562488 -0.075051 -3.915617
v -6.221927 -0.107291 -3.838657
v -6.284408 -0.204331 -3.969778
v -0.543207 0.231669 -0.878337
v -1.317127 0.087109 -2.358577
v -1.442647 0.149909 -0.884017
v -0.584807 0.245189 0.129823
v -1.477927 0.167509 0.129823
v -0.543207 0.231669 1.137983
v -1.317127 0.087109 2.618143
v -1.442647 0.149909 1.143583
vn -0.0664 0.9930 -0.0980
vn -0.0821 0.9900 -0.1146
vn -0.0777 0.9890 -0.1255
vn -0.0599 0.9952 -0.0769
vn -0.1703 0.9846 -0.0406
vn -0.1062 0.9914 -0.0770
vn -0.1255 0.9913 -0.0396
vn -0.1947 0.9797 -0.0475
vn -0.1526 0.9829 -0.1035
vn -0.1027 0.9947 0.0089
vn -0.2434 0.9680 -0.0610
vn -0.3200 0.9474 -0.0033
vn -0.2633 0.9631 -0.0561
vn -0.1716 0.9833 -0.0602
vn -0.1784 0.9826 -0.0510
vn -0.1395 0.9886 -0.0561
vn -0.0666 0.9930 0.0977
vn -0.0806 0.9902 0.1138
vn -0.0758 0.9893 0.1247
vn -0.0614 0.9952 0.0768
vn -0.1710 0.9844 0.0406
vn -0.1063 0.9914 0.0766
vn -0.1275 0.9911 0.0396
vn -0.1946 0.9797 0.0474
vn -0.0857 0.9919 0.0940
vn -0.0267 0.9938 0.1075
vn -0.2421 0.9683 0.0609
vn -0.3092 0.9462 0.0950
vn -0.2749 0.9597 0.0581
vn -0.1708 0.9835 0.0602
vn -0.1797 0.9824 0.0510
vn -0.1388 0.9887 0.0561
vn -0.2079 0.9772 -0.0434
vn -0.2158 0.9753 -0.0478
vn -0.1747 0.9835 -0.0466
vn -0.1970 0.9791 -0.0509
vn -0.1284 0.9909 -0.0412
vn -0.2061 0.9769 -0.0567
vn -0.1262 0.9907 -0.0516
vn -0.1859 0.9818 -0.0397
vn -0.1838 0.9819 -0.0467
vn -0.1457 0.9875 -0.0601
vn -0.2172 0.9752 -0.0433
vn -0.2135 0.9759 -0.0443
vn -0.2561 0.9665 -0.0170
vn -0.2444 0.9696 -0.0146
vn -0.2054 0.9764 -0.0669
vn -0.0912 0.9958 0.0045
vn -0.1862 0.9817 -0.0388
vn -0.2349 0.9712 -0.0397
vn -0.2864 0.9572 -0.0418
vn -0.3138 0.9485 -0.0439
vn -0.3054 0.9512 -0.0432
vn -0.0499 0.9945 -0.0921
vn -0.0752 0.9942 -0.0763
vn -0.0464 0.9917 -0.1196
vn -0.0551 0.9899 -0.1304
vn -0.0563 0.9909 -0.1222
vn -0.0677 0.9930 -0.0965
vn -0.0731 0.9932 -0.0909
vn -0.0634 0.9936 -0.0930
vn -0.0715 0.9951 -0.0686
vn -0.1686 0.9852 0.0317
vn -0.0753 0.9947 -0.0698
vn -0.1834 0.9819 -0.0475
vn -0.1217 0.9914 -0.0482
vn -0.1422 0.9898 0.0096
vn -0.1685 0.9857 0.0029
vn -0.1254 0.9919 0.0179
vn -0.1576 0.9835 0.0888
vn 0.0270 0.9641 0.2640
vn 0.2483 0.9624 0.1104
vn -0.1984 0.9793 0.0407
vn -0.1643 0.9835 0.0752
vn -0.1636 0.9861 0.0300
vn 0.2225 0.9671 -0.1236
vn -0.0496 0.9968 -0.0633
vn -0.0535 0.9964 -0.0651
vn 0.7180 -0.4573 0.5247
vn -0.0464 0.9969 -0.0640
vn 0.0362 0.9933 0.1093
vn 0.2130 0.9719 0.1002
vn 0.0197 0.9992 -0.0354
vn 0.3579 0.9336 -0.0161
vn -0.0938 0.9924 -0.0802
vn -0.0888 0.9930 -0.0780
vn -0.1531 0.9852 -0.0773
vn -0.1923 0.9813 0.0057
vn -0.2000 0.9784 -0.0527
vn -0.3324 0.9420 -0.0460
vn -0.3305 0.9426 -0.0485
vn -0.2224 0.9741 -0.0416
vn -0.2370 0.9709 -0.0342
vn -0.2342 0.9722 -0.0030
vn -0.2455 0.9694 0.0002
vn -0.2731 0.9614 -0.0343
vn -0.0543 0.9979 -0.0354
vn -0.0527 0.9946 -0.0896
vn -0.1039 0.9922 -0.0683
vn 0.0570 0.9984 -0.0000
vn 0.1062 0.9943 -0.0001
vn 0.1777 0.9841 -0.0001
vn 0.3431 0.9343 0.0969
vn -0.1233 0.9917 -0.0370
vn -0.1300 0.9898 -0.0583
vn -0.1204 0.9927 0.0071
vn -0.0544 0.9937 -0.0975
vn -0.1072 0.9919 -0.0688
vn -0.0944 0.9931 -0.0692
vn -0.0578 0.9960 -0.0680
vn -0.0499 0.9966 -0.0663
vn -0.0735 0.9949 -0.0689
vn -0.0485 0.9968 -0.0628
vn -0.1069 0.9942 -0.0122
vn -0.1073 0.9936 -0.0354
vn -0.1011 0.9942 -0.0360
vn -0.0935 0.9944 -0.0494
vn -0.1067 0.9929 -0.0517
vn -0.1066 0.9937 -0.0354
vn -0.0786 0.9962 -0.0362
vn -0.0761 0.9957 -0.0527
vn -0.0486 0.9973 -0.0556
vn -0.0545 0.9976 -0.0419
vn -0.0537 0.9978 -0.0400
vn -0.0455 0.9977 -0.0503
vn -0.0641 0.9973 -0.0359
vn -0.0603 0.9968 -0.0533
vn -0.0502 0.9972 -0.0560
vn -0.0499 0.9978 -0.0441
vn -0.0538 0.9977 -0.0406
vn -0.0583 0.9983 -0.0055
vn -0.0571 0.9983 0.0128
vn -0.0811 0.9964 -0.0254
vn -0.0955 0.9948 -0.0346
vn -0.0761 0.9968 -0.0245
vn -0.0706 0.9972 -0.0251
vn -0.2098 0.9767 0.0448
vn -0.2104 0.9765 0.0460
vn -0.1945 0.9800 0.0426
vn -0.1628 0.9856 0.0462
vn -0.2061 0.9769 0.0567
vn -0.1284 0.9909 0.0412
vn -0.1748 0.9838 0.0407
vn -0.1138 0.9919 0.0568
vn -0.1326 0.9895 0.0579
vn -0.1857 0.9813 0.0510
vn -0.2341 0.9713 0.0415
vn -0.2161 0.9756 0.0387
vn -0.1981 0.9780 0.0650
vn -0.0912 0.9958 -0.0045
vn -0.2856 0.9573 0.0455
vn -0.2349 0.9712 0.0397
vn -0.1862 0.9817 0.0388
vn -0.2925 0.9553 0.0439
vn -0.3056 0.9512 0.0432
vn -0.0609 0.9929 0.1025
vn -0.0506 0.9945 0.0917
vn -0.0529 0.9905 0.1272
vn -0.0562 0.9919 0.1140
vn -0.0618 0.9919 0.1114
vn -0.0522 0.9904 0.1279
vn -0.0580 0.9939 0.0934
vn -0.0743 0.9938 0.0830
vn -0.1814 0.9821 0.0510
vn -0.1212 0.9915 0.0482
vn -0.1824 0.9793 -0.0875
vn -0.1527 0.9859 -0.0689
vn -0.1651 0.9828 -0.0827
vn -0.1557 0.9845 -0.0802
vn 0.1181 0.9924 0.0343
vn 0.3429 0.9312 -0.1234
vn -0.1172 0.9921 0.0458
vn 0.6914 -0.4558 -0.5605
vn -0.0535 0.9964 0.0651
vn -0.0496 0.9968 0.0633
vn -0.0479 0.9969 0.0624
vn 0.0708 0.8754 -0.4782
vn 0.0361 0.9934 -0.1093
vn -0.1230 0.9908 -0.0572
vn -0.1581 0.9846 -0.0744
vn 0.2130 0.9719 -0.1002
vn -0.0699 0.9942 0.0812
vn 0.0200 0.9992 0.0353
vn 0.3579 0.9336 0.0161
vn -0.0600 0.9972 0.0449
vn -0.0568 0.9958 0.0713
vn -0.0940 0.9927 0.0749
vn -0.0879 0.9925 0.0847
vn -0.1943 0.9797 0.0497
vn -0.3337 0.9416 0.0454
vn -0.3253 0.9439 0.0574
vn -0.3207 0.9460 0.0465
vn -0.3261 0.9445 0.0398
vn -0.2243 0.9739 0.0358
vn -0.2248 0.9738 0.0347
vn -0.0587 0.9973 0.0437
vn -0.0528 0.9947 0.0885
vn -0.1039 0.9922 0.0683
vn -0.1994 0.9793 0.0340
vn -0.1276 0.9911 0.0377
vn -0.1370 0.9890 0.0566
vn -0.0538 0.9939 0.0965
vn -0.0975 0.9928 0.0692
vn -0.1072 0.9918 0.0693
vn -0.0499 0.9965 0.0676
vn -0.0597 0.9958 0.0689
vn -0.0763 0.9947 0.0689
vn -0.0486 0.9968 0.0639
vn -0.1073 0.9936 0.0357
vn -0.0980 0.9940 0.0495
vn -0.0951 0.9948 0.0359
vn -0.1066 0.9937 0.0355
vn -0.1065 0.9929 0.0536
vn -0.0789 0.9955 0.0528
vn -0.0729 0.9967 0.0359
vn -0.0518 0.9977 0.0440
vn -0.0473 0.9973 0.0570
vn -0.0485 0.9974 0.0530
vn -0.0556 0.9976 0.0421
vn -0.0622 0.9967 0.0525
vn -0.0586 0.9976 0.0380
vn -0.0512 0.9973 0.0533
vn -0.0500 0.9978 0.0444
vn -0.0549 0.9976 0.0425
vn -0.0936 0.9950 0.0345
vn -0.0898 0.9955 0.0288
vn -0.0640 0.9977 0.0212
vn -0.0758 0.9968 0.0266
vn -0.5447 -0.3555 0.7596
vn -0.5019 0.0719 0.8619
vn -0.7922 0.5638 0.2337
vn -0.1540 0.0345 0.9875
vn -0.2704 0.0657 0.9605
vn -0.0111 0.0180 0.9998
vn 0.0119 0.0004 0.9999
vn 0.0991 0.0006 0.9951
vn 0.1626 0.0030 0.9867
vn 0.2772 0.0069 0.9608
vn 0.3280 -0.4664 0.8215
vn 0.3500 -0.7556 0.5537
vn 0.0662 -0.9729 -0.2217
vn -0.5361 -0.4784 -0.6955
vn -0.5449 -0.0687 -0.8357
vn -0.5721 -0.6712 -0.4714
vn -0.0822 -0.9858 -0.1466
vn -0.1559 -0.0344 -0.9872
vn -0.2728 -0.0655 -0.9598
vn -0.0117 -0.0178 -0.9998
vn 0.0110 -0.0005 -0.9999
vn 0.0993 -0.0005 -0.9951
vn 0.1627 0.0019 -0.9867
vn 0.2126 0.0037 -0.9771
vn 0.2560 -0.4855 -0.8359
vn 0.2265 -0.8233 -0.5204
vn 0.0621 -0.9098 0.4104
vn -0.0887 0.9948 -0.0508
vn -0.0891 0.9956 -0.0292
vn -0.0895 0.9952 -0.0394
vn -0.0883 0.9961 -0.0000
vn -0.0866 0.9962 -0.0000
vn -0.0895 0.9952 0.0394
vn -0.0891 0.9956 0.0292
vn -0.0890 0.9947 0.0506
vn -0.0879 0.9948 0.0512
vn -0.0879 0.9948 -0.0512
vn -0.1843 0.8722 0.4531
vn -0.1560 0.8269 0.5403
vn -0.1601 0.8426 0.5142
vn -0.3631 0.9300 0.0578
vn -0.3011 0.9511 0.0683
vn -0.3210 0.9453 0.0580
vn -0.3303 0.9428 0.0459
vn -0.3740 0.9264 0.0440
vn -0.1726 0.9844 0.0347
vn -0.1322 0.9897 0.0552
vn -0.1388 0.9890 0.0513
vn -0.1746 0.9825 0.0654
vn -0.1974 0.9795 0.0413
vn -0.1201 0.9920 0.0393
vn -0.1287 0.9903 0.0514
vn -0.2099 0.9765 0.0489
vn -0.1412 0.9879 0.0636
vn 0.0284 0.9972 0.0687
vn 0.0780 0.9873 0.1385
vn -0.1515 0.9859 0.0708
vn -0.0270 0.9987 0.0430
vn -0.0203 0.9990 0.0406
vn 0.0431 0.9979 0.0481
vn 0.0322 0.9604 0.2767
vn -0.1425 0.9482 0.2840
vn -0.0969 0.9123 0.3978
vn 0.0294 0.9432 0.3309
vn -0.2069 0.9526 0.2231
vn -0.1540 0.9666 0.2047
vn 0.0777 0.9682 0.2377
vn -0.1130 0.9836 0.1409
vn -0.1617 0.9850 0.0597
vn -0.1738 0.9226 0.3445
vn -0.1529 0.9869 0.0517
vn -0.1821 0.9354 0.3031
vn 0.0878 0.9850 0.1484
vn -0.1760 0.9840 0.0276
vn -0.2089 0.9771 0.0397
vn -0.2014 0.9781 0.0524
vn -0.1962 0.9800 0.0342
vn -0.2161 0.9760 0.0264
vn -0.2514 0.9674 0.0311
vn -0.0682 0.9973 0.0273
vn -0.0745 0.9967 0.0317
vn -0.1476 0.9494 0.2774
vn -0.0870 0.9949 0.0515
vn -0.1763 0.9831 0.0495
vn -0.1176 0.9904 0.0729
vn -0.2658 0.9640 0.0077
vn -0.3543 0.9351 -0.0083
vn -0.2542 0.9667 0.0295
vn -0.1860 0.9824 0.0179
vn -0.1203 0.9920 0.0385
vn -0.1757 0.9838 0.0363
vn -0.1680 0.9849 0.0421
vn -0.1097 0.9930 0.0443
vn -0.1702 0.9854 0.0036
vn -0.2043 0.9789 0.0028
vn -0.1917 0.9815 0.0042
vn -0.0771 0.9956 0.0541
vn -0.1545 0.9861 0.0611
vn -0.1827 0.8801 -0.4381
vn -0.1655 0.8516 -0.4974
vn -0.1560 0.8109 -0.5641
vn -0.3835 0.9219 -0.0556
vn -0.3189 0.9467 -0.0458
vn -0.3331 0.9408 -0.0622
vn -0.3075 0.9509 -0.0360
vn -0.1787 0.9797 -0.0914
vn -0.1369 0.9870 -0.0843
vn -0.1292 0.9908 -0.0409
vn -0.1704 0.9851 -0.0237
vn -0.2085 0.9766 -0.0529
vn -0.1068 0.9930 -0.0513
vn -0.0973 0.9944 -0.0406
vn -0.1967 0.9796 -0.0412
vn 0.0615 0.9888 -0.1363
vn 0.0367 0.9971 -0.0674
vn -0.0978 0.9933 -0.0610
vn -0.1740 0.9830 -0.0588
vn 0.0404 0.9980 -0.0477
vn -0.0092 0.9992 -0.0390
vn -0.0210 0.9989 -0.0427
vn 0.0488 0.9451 -0.3232
vn -0.1157 0.9252 -0.3614
vn -0.1170 0.9553 -0.2713
vn 0.0101 0.9728 -0.2314
vn -0.1750 0.9567 -0.2327
vn -0.2044 0.9393 -0.2757
vn -0.1168 0.9888 -0.0931
vn -0.1200 0.9816 -0.1487
vn 0.0768 0.9699 -0.2309
vn -0.1785 0.9416 -0.2855
vn -0.1880 0.9807 -0.0536
vn -0.1787 0.9466 -0.2684
vn 0.1136 0.9740 -0.1960
vn -0.2125 0.9767 -0.0292
vn -0.1770 0.9839 -0.0262
vn -0.1998 0.9783 -0.0547
vn -0.1910 0.9798 -0.0596
vn -0.2080 0.9777 -0.0302
vn -0.2514 0.9674 -0.0311
vn -0.0745 0.9967 -0.0317
vn -0.0983 0.9948 -0.0280
vn -0.1461 0.9462 -0.2886
vn -0.0569 0.9970 -0.0519
vn -0.1748 0.9840 -0.0354
vn -0.1176 0.9904 -0.0729
vn -0.2762 0.9604 -0.0356
vn -0.1867 0.9823 -0.0116
vn -0.1260 0.9911 -0.0420
vn -0.1861 0.9815 -0.0458
vn -0.1691 0.9850 -0.0345
vn -0.1202 0.9921 -0.0372
vn -0.1977 0.9803 0.0004
vn -0.0909 0.9942 -0.0572
vn -0.2393 0.9687 -0.0658
vn -0.0448 0.9230 0.3823
vn -0.0658 0.9529 0.2960
vn -0.0830 0.9508 0.2985
vn -0.0300 0.9035 0.4276
vn -0.0589 0.9953 0.0767
vn -0.0685 0.9925 0.1017
vn -0.0704 0.9740 0.2153
vn -0.0559 0.9827 0.1767
vn -0.0527 0.9628 0.2650
vn -0.0745 0.9110 0.4057
vn -0.0616 0.9937 0.0938
vn -0.0527 0.9964 0.0668
vn -0.0344 0.9652 0.2594
vn -0.0510 0.9771 0.2064
vn -0.0746 0.8796 0.4699
vn -0.0387 0.9222 0.3848
vn -0.0256 0.9480 0.3172
vn -0.0628 0.9473 0.3140
vn -0.0271 0.9683 0.2483
vn -0.0767 0.8221 0.5642
vn -0.0458 0.8393 0.5417
vn -0.0413 0.8679 0.4950
vn -0.0833 0.8531 0.5150
vn -0.0582 0.9956 0.0733
vn -0.0931 0.9913 0.0934
vn -0.0571 0.9965 0.0618
vn -0.0517 0.9962 0.0701
vn -0.0304 0.9970 0.0718
vn -0.0395 0.9983 0.0430
vn -0.0905 0.9959 0.0072
vn -0.1179 0.9922 0.0398
vn -0.1111 0.9938 0.0034
vn -0.0859 0.9963 -0.0058
vn -0.0383 0.9970 0.0667
vn -0.0595 0.9970 0.0496
vn 0.1623 0.9822 -0.0944
vn 0.0921 0.9569 -0.2753
vn -0.0969 0.9939 -0.0530
vn -0.0842 0.9894 -0.1180
vn -0.1046 0.9941 -0.0286
vn 0.2696 0.9630 -0.0018
vn -0.0269 0.9929 0.1159
vn -0.0653 0.9963 0.0552
vn -0.0228 0.9981 0.0565
vn -0.0202 0.9959 0.0880
vn 0.0855 0.9847 -0.1519
vn -0.1046 0.9925 -0.0636
vn 0.2993 0.9466 -0.1199
vn -0.0077 0.9915 0.1299
vn -0.0073 0.9791 0.2031
vn -0.0258 0.9942 0.1044
vn 0.1649 0.9863 -0.0004
vn -0.0623 0.9980 0.0091
vn -0.0407 0.9973 0.0604
vn -0.1236 0.9827 0.1380
vn -0.0967 0.9943 0.0441
vn -0.0908 0.9940 0.0602
vn -0.0971 0.9914 0.0882
vn -0.0862 0.9958 0.0294
vn -0.0617 0.9974 0.0366
vn -0.0948 0.9346 0.3428
vn -0.1331 0.8424 0.5221
vn -0.1598 0.9003 0.4048
vn -0.1546 0.9620 0.2249
vn -0.1363 0.9471 0.2905
vn -0.0854 0.9937 0.0729
vn -0.1299 0.9913 0.0219
vn -0.1542 0.8340 0.5298
vn -0.1297 0.9269 0.3521
vn -0.0912 0.9957 0.0143
vn -0.1644 0.8240 0.5422
vn -0.0959 0.9908 0.0960
vn -0.1033 0.9941 0.0325
vn -0.0995 0.9950 0.0054
vn -0.0919 0.9952 0.0350
vn -0.2546 0.9579 0.1327
vn -0.1261 0.9901 0.0619
vn -0.1405 0.9862 0.0877
vn -0.2282 0.9514 0.2067
vn -0.1440 0.9865 0.0777
vn -0.1039 0.9937 0.0424
vn -0.1216 0.9870 0.1048
vn -0.2283 0.9203 0.3176
vn -0.1403 0.9586 0.2477
vn -0.2307 0.8392 0.4925
vn -0.2048 0.9481 0.2434
vn -0.2491 0.9226 0.2945
vn -0.3442 0.9095 0.2331
vn -0.2272 0.9612 0.1563
vn -0.1907 0.9195 0.3437
vn -0.1478 0.9710 0.1881
vn -0.0853 0.9947 0.0572
vn -0.1012 0.9935 0.0512
vn -0.0918 0.9948 0.0443
vn -0.2947 0.9387 0.1789
vn -0.2098 0.9474 0.2415
vn -0.0915 0.9948 0.0456
vn -0.1375 0.9885 0.0628
vn -0.1228 0.9884 0.0890
vn -0.1149 0.9914 0.0624
vn -0.2849 0.8414 0.4593
vn -0.1730 0.9591 0.2240
vn -0.1731 0.9129 0.3696
vn -0.3598 0.8718 0.3325
vn -0.3897 0.9208 -0.0182
vn -0.3499 0.8473 0.3995
vn -0.0990 0.9949 0.0181
vn -0.4420 0.8490 0.2896
vn -0.2751 0.9590 0.0677
vn -0.3876 0.8407 0.3782
vn -0.2669 0.8345 0.4820
vn -0.1553 0.8335 0.5302
vn -0.2312 0.8457 0.4810
vn -0.2428 0.8252 0.5101
vn -0.2547 0.9043 0.3426
vn -0.1665 0.9827 0.0814
vn -0.2477 0.9610 0.1231
vn -0.1013 0.9940 0.0417
vn -0.0076 -0.6638 -0.7479
vn -0.0553 -0.1819 -0.9818
vn -0.3376 0.2094 -0.9177
vn -0.5848 -0.3583 -0.7277
vn 0.0408 -0.9516 -0.3048
vn -0.7614 -0.6453 0.0625
vn 0.0508 -0.9931 0.1060
vn -0.6084 -0.4436 0.6581
vn 0.0265 -0.8395 0.5427
vn -0.2911 -0.1068 0.9507
vn -0.0117 -0.3187 0.9478
vn -0.1660 0.2017 0.9653
vn -0.0422 0.1708 0.9844
vn -0.1200 0.5447 0.8300
vn -0.0464 0.6820 0.7299
vn -0.1386 0.8399 0.5247
vn -0.0462 0.9356 0.3501
vn -0.1377 0.9692 0.2044
vn -0.0499 0.9986 0.0164
vn -0.1389 0.9878 0.0711
vn -0.1325 0.9748 -0.1796
vn -0.0737 0.9684 -0.2382
vn -0.0901 0.5895 -0.8027
vn -0.2467 0.8024 -0.5435
vn -0.3303 0.9195 -0.2130
vn -0.2548 0.9670 0.0036
vn -0.7618 0.6250 -0.1702
vn -0.5435 0.8030 -0.2447
vn -0.8482 0.5112 0.1388
vn -0.2469 0.6795 0.6909
vn -0.3403 0.6552 0.6745
vn -0.2481 0.8227 0.5115
vn -0.2640 0.9240 0.2768
vn -0.7085 0.5565 0.4340
vn -0.5282 0.6435 0.5540
vn -0.2152 0.9698 0.1144
vn -0.2927 0.8705 0.3957
vn -0.4409 0.8308 0.3396
vn -0.5768 0.7900 0.2080
vn -0.5667 0.8103 0.1491
vn -0.4989 0.8584 0.1191
vn -0.3709 0.8395 0.3971
vn -0.3066 0.7887 0.5328
vn -0.3752 0.8015 0.4657
vn -0.0985 0.9951 -0.0045
vn -0.1084 0.9941 -0.0016
vn -0.1365 0.9906 0.0005
vn -0.0300 0.9229 -0.3839
vn -0.1088 0.9471 -0.3021
vn -0.0419 0.9597 -0.2778
vn -0.0351 0.8977 -0.4391
vn -0.0538 0.9952 -0.0816
vn -0.0594 0.9934 -0.0983
vn -0.0741 0.9397 -0.3338
vn -0.0552 0.9533 -0.2969
vn -0.0379 0.9183 -0.3940
vn -0.0751 0.8794 -0.4700
vn -0.0546 0.9635 -0.2620
vn -0.0300 0.9774 -0.2093
vn -0.0265 0.9476 -0.3184
vn -0.0248 0.9828 -0.1829
vn -0.0802 0.9487 -0.3057
vn -0.0813 0.8339 -0.5459
vn -0.0447 0.8656 -0.4987
vn -0.0437 0.7983 -0.6007
vn -0.0794 0.8360 -0.5430
vn -0.0557 0.9958 -0.0731
vn -0.0721 0.9926 -0.0981
vn -0.0878 0.9928 -0.0820
vn -0.0551 0.9960 -0.0698
vn -0.0516 0.9964 -0.0666
vn -0.0597 0.9963 -0.0622
vn -0.0446 0.9982 -0.0393
vn -0.0294 0.9962 -0.0816
vn -0.2534 0.9201 -0.2987
vn -0.2221 0.9478 -0.2288
vn -0.1178 0.9921 -0.0432
vn -0.0871 0.9962 -0.0017
vn -0.0686 0.9957 -0.0620
vn -0.0360 0.9966 -0.0739
vn -0.0969 0.9939 0.0530
vn 0.0921 0.9569 0.2754
vn 0.2192 0.9725 0.0790
vn -0.1197 0.9827 0.1414
vn -0.1152 0.9927 0.0355
vn -0.0744 0.9891 -0.1267
vn -0.0243 0.9958 -0.0888
vn -0.0277 0.9958 -0.0867
vn -0.0319 0.9973 -0.0660
vn -0.0653 0.9963 -0.0552
vn -0.0906 0.9940 0.0615
vn 0.0696 0.9936 0.0890
vn 0.2589 0.9547 0.1465
vn -0.0037 0.9892 -0.1464
vn -0.0344 0.9905 -0.1333
vn 0.0192 0.9940 -0.1074
vn -0.0040 0.9974 -0.0721
vn -0.1037 0.9859 -0.1313
vn -0.0936 0.9935 -0.0645
vn -0.0989 0.9941 -0.0438
vn -0.0991 0.9907 -0.0929
vn -0.0973 0.9948 -0.0316
vn -0.0585 0.9976 -0.0362
vn -0.1331 0.8424 -0.5222
vn -0.0941 0.9516 -0.2925
vn -0.1588 0.9000 -0.4060
vn -0.1488 0.9718 -0.1829
vn -0.0827 0.9941 -0.0695
vn -0.1363 0.9471 -0.2905
vn -0.1330 0.9911 -0.0099
vn -0.1629 0.8367 -0.5229
vn -0.1303 0.9027 -0.4100
vn -0.0849 0.9962 -0.0197
vn -0.1650 0.8398 -0.5172
vn -0.0959 0.9908 -0.0960
vn -0.1032 0.9941 -0.0325
vn -0.0914 0.9952 -0.0348
vn -0.1029 0.9947 -0.0038
vn -0.2546 0.9579 -0.1327
vn -0.2282 0.9514 -0.2067
vn -0.1405 0.9862 -0.0877
vn -0.1261 0.9901 -0.0619
vn -0.1440 0.9865 -0.0777
vn -0.1039 0.9937 -0.0424
vn -0.1216 0.9870 -0.1048
vn -0.2283 0.9203 -0.3176
vn -0.1482 0.9485 -0.2801
vn -0.2307 0.8392 -0.4925
vn -0.2048 0.9481 -0.2434
vn -0.2087 0.9686 -0.1351
vn -0.3178 0.9187 -0.2345
vn -0.2364 0.9209 -0.3100
vn -0.1546 0.9590 -0.2377
vn -0.1885 0.9193 -0.3456
vn -0.0918 0.9943 -0.0535
vn -0.1011 0.9936 -0.0512
vn -0.0893 0.9948 -0.0484
vn -0.0915 0.9948 -0.0456
vn -0.2098 0.9474 -0.2415
vn -0.3102 0.9303 -0.1956
vn -0.1284 0.9868 -0.0982
vn -0.1426 0.9873 -0.0704
vn -0.1122 0.9918 -0.0610
vn -0.2848 0.8414 -0.4593
vn -0.1731 0.9129 -0.3696
vn -0.1730 0.9591 -0.2240
vn -0.3897 0.9208 0.0182
vn -0.3598 0.8718 -0.3325
vn -0.3499 0.8473 -0.3996
vn -0.1015 0.9947 -0.0142
vn -0.4267 0.8622 -0.2729
vn -0.2751 0.9590 -0.0677
vn -0.2670 0.8345 -0.4820
vn -0.3875 0.8407 -0.3782
vn -0.1460 0.8308 -0.5371
vn -0.2375 0.8472 -0.4752
vn -0.2428 0.8252 -0.5100
vn -0.2546 0.9043 -0.3427
vn -0.2477 0.9610 -0.1231
vn -0.1665 0.9827 -0.0814
vn -0.1013 0.9940 -0.0417
vn -0.2946 -0.5339 0.7926
vn -0.3384 0.1018 0.9355
vn -0.3375 0.2094 0.9177
vn -0.0553 -0.1819 0.9818
vn -0.1484 -0.5869 -0.7959
vn -0.2911 -0.1068 -0.9507
vn -0.6782 -0.1939 -0.7089
vn -0.0117 -0.3187 -0.9478
vn -0.1660 0.2017 -0.9653
vn -0.0303 0.1115 -0.9933
vn -0.1390 0.5472 -0.8254
vn -0.1551 0.8265 -0.5411
vn -0.1386 0.8399 -0.5247
vn -0.0462 0.9356 -0.3501
vn -0.1377 0.9692 -0.2044
vn -0.0468 0.9988 -0.0161
vn -0.1256 0.9902 -0.0613
vn -0.0653 0.9858 0.1547
vn -0.1465 0.9665 0.2107
vn -0.0901 0.5895 0.8027
vn -0.2467 0.8024 0.5434
vn -0.3303 0.9195 0.2130
vn -0.2548 0.9670 -0.0036
vn -0.7618 0.6250 0.1701
vn -0.5435 0.8030 0.2447
vn -0.8482 0.5111 -0.1388
vn -0.9614 0.1619 -0.2226
vn -0.2469 0.6796 -0.6908
vn -0.3403 0.6552 -0.6745
vn -0.2481 0.8227 -0.5115
vn -0.2640 0.9240 -0.2768
vn -0.7085 0.5565 -0.4340
vn -0.5282 0.6435 -0.5540
vn -0.2152 0.9699 -0.1144
vn -0.4650 0.8199 -0.3340
vn -0.3010 0.8731 -0.3837
vn -0.6215 0.7530 -0.2161
vn -0.5667 0.8103 -0.1491
vn -0.4989 0.8585 -0.1191
vn -0.3710 0.8395 -0.3971
vn -0.3066 0.7887 -0.5328
vn -0.3752 0.8015 -0.4657
vn -0.3067 0.8537 0.4208
vn -0.2191 0.7864 0.5776
vn -0.2752 0.8216 0.4993
vn -0.3556 0.8397 0.4104
vn -0.4153 0.8753 0.2477
vn -0.3503 0.8899 0.2920
vn -0.4171 0.8591 0.2965
vn -0.4531 0.8483 0.2742
vn -0.2397 0.7675 0.5946
vn -0.2618 0.7722 0.5789
vn -0.2462 0.7680 0.5912
vn -0.2442 0.7623 0.5994
vn -0.2970 0.7793 0.5518
vn -0.2414 0.7996 0.5499
vn -0.3725 0.9060 0.2010
vn -0.3289 0.9172 0.2247
vn -0.3265 0.9230 0.2035
vn -0.3968 0.8895 0.2268
vn -0.4188 0.8738 0.2471
vn -0.4007 0.8657 0.3001
vn -0.3699 0.8564 0.3603
vn -0.5180 0.7866 0.3362
vn -0.4323 0.8112 0.3937
vn -0.3290 0.8752 0.3546
vn -0.3184 0.9183 0.2351
vn -0.2963 0.9174 0.2657
vn -0.3238 0.8998 0.2925
vn -0.3270 0.9203 0.2146
vn -0.3692 0.9053 0.2100
vn -0.3382 0.9219 0.1892
vn -0.3067 0.8537 -0.4208
vn -0.3556 0.8397 -0.4104
vn -0.2752 0.8216 -0.4993
vn -0.2189 0.7864 -0.5776
vn -0.4372 0.8572 -0.2721
vn -0.4181 0.8752 -0.2434
vn -0.4171 0.8591 -0.2965
vn -0.3503 0.8899 -0.2920
vn -0.2397 0.7675 -0.5946
vn -0.2441 0.7623 -0.5994
vn -0.2462 0.7680 -0.5912
vn -0.2618 0.7722 -0.5789
vn -0.2970 0.7793 -0.5518
vn -0.2413 0.7996 -0.5499
vn -0.3725 0.9060 -0.2010
vn -0.3968 0.8895 -0.2268
vn -0.3340 0.9224 -0.1938
vn -0.3621 0.9101 -0.2014
vn -0.4188 0.8738 -0.2471
vn -0.4007 0.8657 -0.3001
vn -0.3699 0.8564 -0.3603
vn -0.3290 0.8752 -0.3546
vn -0.4323 0.8112 -0.3937
vn -0.5180 0.7866 -0.3362
vn -0.3184 0.9183 -0.2351
vn -0.3269 0.9203 -0.2146
vn -0.3238 0.8998 -0.2925
vn -0.2963 0.9173 -0.2659
vn -0.3373 0.9207 -0.1961
vn -0.3813 0.9005 -0.2090
vn -0.4178 0.8602 0.2924
vn -0.4288 0.8697 0.2444
vn -0.4109 0.8636 0.2921
vn -0.3920 0.8592 0.3287
vn -0.4418 0.8416 0.3106
vn -0.3785 0.8283 0.4131
vn -0.3673 0.9077 0.2029
vn -0.4322 0.8723 0.2287
vn -0.4599 0.8575 0.2306
vn -0.4498 0.8592 0.2437
vn -0.4611 0.8517 0.2491
vn -0.5483 0.7780 0.3066
vn -0.4119 0.8685 -0.2759
vn -0.4299 0.8691 -0.2446
vn -0.4283 0.8604 -0.2763
vn -0.4303 0.8571 -0.2834
vn -0.4623 0.8515 -0.2474
vn -0.4606 0.8582 -0.2265
vn -0.4483 0.8597 -0.2449
vn -0.0846 0.8096 0.5809
vn -0.0970 0.8168 0.5687
vn -0.0945 0.8144 0.5725
vn -0.0807 0.8018 0.5922
vn -0.1045 0.8191 0.5640
vn -0.1028 0.8223 0.5596
vn -0.0846 0.8096 -0.5809
vn -0.0807 0.8018 -0.5922
vn -0.0946 0.8145 -0.5725
vn -0.0972 0.8167 -0.5688
vn -0.1045 0.8191 -0.5640
vn -0.1028 0.8223 -0.5596
vn -0.0901 0.9947 -0.0500
vn -0.0855 0.9951 -0.0502
vn -0.0924 0.9942 -0.0545
vn -0.0867 0.9961 -0.0157
vn -0.0925 0.9942 0.0545
vn -0.0856 0.9951 0.0502
vn -0.0901 0.9947 0.0500
vn -0.0867 0.9961 0.0158
vt 0.652412 0.121868
vt 0.652468 0.112571
vt 0.654927 0.112452
vt 0.654873 0.121870
vt 0.654857 0.096907
vt 0.654917 0.101960
vt 0.652454 0.101958
vt 0.652393 0.096906
vt 0.654505 0.148982
vt 0.652065 0.149172
vt 0.652272 0.091559
vt 0.652065 0.088000
vt 0.654525 0.087954
vt 0.654734 0.091522
vt 0.654733 0.092078
vt 0.652269 0.092108
vt 0.651819 0.115257
vt 0.651874 0.124675
vt 0.649415 0.124555
vt 0.649357 0.115259
vt 0.649346 0.140221
vt 0.649410 0.135168
vt 0.651874 0.135166
vt 0.651810 0.140219
vt 0.649029 0.087954
vt 0.651469 0.088145
vt 0.651684 0.145605
vt 0.651472 0.149173
vt 0.649013 0.149126
vt 0.649222 0.145567
vt 0.649220 0.145019
vt 0.651683 0.145048
vt 0.682792 0.089828
vt 0.655140 0.089904
vt 0.655122 0.089361
vt 0.682771 0.089165
vt 0.655121 0.089216
vt 0.682766 0.088990
vt 0.655397 0.099254
vt 0.655284 0.094190
vt 0.683164 0.094242
vt 0.683091 0.099306
vt 0.725647 0.089702
vt 0.725627 0.088916
vt 0.553753 0.304622
vt 0.553551 0.288950
vt 0.555135 0.288951
vt 0.555230 0.304623
vt 0.682755 0.088636
vt 0.655118 0.088936
vt 0.706261 0.161895
vt 0.705676 0.161884
vt 0.706606 0.155845
vt 0.704454 0.155809
vt 0.703947 0.161855
vt 0.680308 0.136100
vt 0.677676 0.143210
vt 0.655118 0.143952
vt 0.656036 0.135715
vt 0.655845 0.126389
vt 0.655746 0.119102
vt 0.682433 0.118114
vt 0.682133 0.125106
vt 0.700950 0.143527
vt 0.701259 0.143694
vt 0.700207 0.143511
vt 0.731879 0.143738
vt 0.733923 0.139005
vt 0.774255 0.051170
vt 0.552027 0.317043
vt 0.560627 0.317043
vt 0.561218 0.329406
vt 0.714676 0.139108
vt 0.712819 0.139320
vt 0.712485 0.139247
vt 0.714483 0.138994
vt 0.701573 0.143976
vt 0.705428 0.142962
vt 0.705811 0.142967
vt 0.551384 0.313264
vt 0.551542 0.320850
vt 0.551384 0.320908
vt 0.733937 0.138845
vt 0.711791 0.137342
vt 0.708857 0.138140
vt 0.707802 0.138110
vt 0.707807 0.136629
vt 0.551326 0.322962
vt 0.550444 0.315282
vt 0.551326 0.313264
vt 0.709759 0.138284
vt 0.713046 0.137531
vt 0.734199 0.137052
vt 0.734185 0.137260
vt 0.682752 0.109463
vt 0.655575 0.109697
vt 0.677647 0.143466
vt 0.563334 0.288950
vt 0.563438 0.304620
vt 0.689378 0.161615
vt 0.689378 0.146098
vt 0.725620 0.088709
vt 0.552430 0.304626
vt 0.552027 0.288949
vt 0.553116 0.288949
vt 0.553300 0.304627
vt 0.310327 0.816342
vt 0.428719 0.815509
vt 0.397490 0.823011
vt 0.317881 0.826445
vt 0.681008 0.133853
vt 0.682916 0.104389
vt 0.725775 0.094060
vt 0.508792 0.816126
vt 0.508210 0.821904
vt 0.765545 0.137250
vt 0.765560 0.137052
vt 0.765603 0.138575
vt 0.575246 0.329878
vt 0.575246 0.319036
vt 0.582660 0.325378
vt 0.744901 0.099088
vt 0.710918 0.099106
vt 0.572958 0.297295
vt 0.573131 0.288955
vt 0.681721 0.130126
vt 0.710801 0.104819
vt 0.710702 0.109653
vt 0.709911 0.125302
vt 0.709319 0.130314
vt 0.710378 0.118267
vt 0.708616 0.133810
vt 0.583397 0.288964
vt 0.766566 0.104613
vt 0.741214 0.104471
vt 0.736341 0.109834
vt 0.712210 0.109664
vt 0.712359 0.104843
vt 0.738149 0.104872
vt 0.321964 0.518908
vt 0.319101 0.520913
vt 0.321540 0.382079
vt 0.332130 0.382260
vt 0.314846 0.771346
vt 0.424792 0.769118
vt 0.428731 0.810987
vt 0.314348 0.811838
vt 0.340581 0.639465
vt 0.317251 0.634582
vt 0.315889 0.715484
vt 0.350314 0.760215
vt 0.340820 0.698769
vt 0.508279 0.812038
vt 0.510880 0.764525
vt 0.739302 0.100019
vt 0.715436 0.100017
vt 0.735276 0.103745
vt 0.715103 0.103778
vt 0.711708 0.118275
vt 0.711158 0.125312
vt 0.710514 0.130324
vt 0.709755 0.133808
vt 0.708982 0.136344
vt 0.314129 0.811883
vt 0.921138 0.621073
vt 0.893183 0.621033
vt 0.893183 0.620364
vt 0.921140 0.620524
vt 0.893183 0.620187
vt 0.921137 0.620378
vt 0.921118 0.625406
vt 0.921147 0.630531
vt 0.893115 0.630616
vt 0.892925 0.625495
vt 0.849908 0.620962
vt 0.849907 0.620170
vt 0.553759 0.273273
vt 0.555237 0.273273
vt 0.893184 0.619829
vt 0.921131 0.620095
vt 0.704571 0.167975
vt 0.705722 0.161938
vt 0.706309 0.161937
vt 0.702413 0.167976
vt 0.703988 0.161939
vt 0.895835 0.676654
vt 0.894742 0.668446
vt 0.921380 0.668209
vt 0.921217 0.677672
vt 0.921389 0.650729
vt 0.921460 0.658263
vt 0.894094 0.656901
vt 0.893951 0.649724
vt 0.561218 0.304681
vt 0.813978 0.170588
vt 0.826209 0.169492
vt 0.550386 0.323299
vt 0.549699 0.320825
vt 0.549853 0.320891
vt 0.550386 0.313264
vt 0.840013 0.670640
vt 0.860527 0.670950
vt 0.860261 0.671068
vt 0.840002 0.670804
vt 0.868563 0.669787
vt 0.867220 0.669862
vt 0.863156 0.669176
vt 0.865328 0.668542
vt 0.581829 0.314222
vt 0.579880 0.315844
vt 0.579967 0.304681
vt 0.581222 0.306519
vt 0.861971 0.669374
vt 0.862658 0.671255
vt 0.579384 0.316086
vt 0.579714 0.304973
vt 0.840026 0.668849
vt 0.840019 0.669062
vt 0.873693 0.676100
vt 0.579384 0.304911
vt 0.866153 0.670051
vt 0.569106 0.318159
vt 0.567418 0.304681
vt 0.579326 0.304831
vt 0.579326 0.318982
vt 0.893613 0.640911
vt 0.921296 0.641124
vt 0.563457 0.273281
vt 0.689378 0.161937
vt 0.567360 0.322082
vt 0.561276 0.307563
vt 0.567360 0.304681
vt 0.849907 0.619960
vt 0.552454 0.273273
vt 0.553368 0.273273
vt 0.706827 0.820980
vt 0.699067 0.830876
vt 0.619777 0.825591
vt 0.588793 0.817377
vt 0.894436 0.666039
vt 0.893384 0.635762
vt 0.849880 0.625359
vt 0.814048 0.255279
vt 0.813523 0.255273
vt 0.808843 0.170846
vt 0.809403 0.170828
vt 0.817534 0.254907
vt 0.813544 0.170585
vt 0.581887 0.306730
vt 0.590458 0.304681
vt 0.590458 0.314061
vt 0.840127 0.675472
vt 0.830678 0.630438
vt 0.864972 0.630437
vt 0.572968 0.280616
vt 0.894175 0.662114
vt 0.865243 0.641106
vt 0.865142 0.636211
vt 0.865466 0.662141
vt 0.865455 0.657021
vt 0.865392 0.649852
vt 0.865457 0.665700
vt 0.583134 0.279194
vt 0.863716 0.641116
vt 0.839305 0.641278
vt 0.837509 0.636268
vt 0.863566 0.636236
vt 0.705345 0.525658
vt 0.652878 0.520291
vt 0.647574 0.398985
vt 0.864039 0.649858
vt 0.595363 0.766472
vt 0.703611 0.775977
vt 0.703141 0.816445
vt 0.588887 0.812857
vt 0.704477 0.639273
vt 0.662571 0.633111
vt 0.703909 0.720138
vt 0.633237 0.756600
vt 0.655740 0.724856
vt 0.860416 0.631360
vt 0.836327 0.631373
vt 0.840403 0.635130
vt 0.860784 0.635160
vt 0.864181 0.657026
vt 0.864250 0.662142
vt 0.864303 0.665683
vt 0.864248 0.668255
vt 0.834417 0.635864
vt 0.661501 0.148188
vt 0.660605 0.148208
vt 0.659380 0.146098
vt 0.661533 0.149814
vt 0.662745 0.149782
vt 0.664534 0.154484
vt 0.663335 0.154516
vt 0.666809 0.161044
vt 0.665626 0.161076
vt 0.666689 0.164074
vt 0.665574 0.164097
vt 0.665192 0.167009
vt 0.659380 0.169825
vt 0.655953 0.167906
vt 0.656850 0.167922
vt 0.656548 0.169771
vt 0.655118 0.170025
vt 0.657393 0.166305
vt 0.656175 0.166288
vt 0.656709 0.161570
vt 0.657915 0.161587
vt 0.657228 0.154993
vt 0.658419 0.155009
vt 0.656364 0.151978
vt 0.657483 0.151986
vt 0.655118 0.146098
vt 0.659189 0.149056
vt 0.544113 0.313210
vt 0.543085 0.301372
vt 0.550854 0.301326
vt 0.550507 0.293241
vt 0.542796 0.293241
vt 0.550854 0.285157
vt 0.543085 0.285111
vt 0.544113 0.273273
vt 0.551969 0.273273
vt 0.551969 0.313210
vt 0.915261 0.052097
vt 0.902229 0.054027
vt 0.901851 0.049929
vt 0.947598 0.242979
vt 0.939377 0.239914
vt 0.936466 0.156150
vt 0.933811 0.076303
vt 0.943206 0.066399
vt 0.916285 0.068965
vt 0.903345 0.071615
vt 0.903175 0.066202
vt 0.916036 0.064119
vt 0.931914 0.155022
vt 0.933724 0.155470
vt 0.937051 0.238097
vt 0.935708 0.237469
vt 0.932814 0.076190
vt 0.932256 0.075824
vt 0.931728 0.070408
vt 0.932082 0.069316
vt 0.935082 0.155776
vt 0.934101 0.155556
vt 0.930962 0.075714
vt 0.928858 0.062296
vt 0.927705 0.060179
vt 0.927486 0.055013
vt 0.928881 0.057878
vt 0.915120 0.049839
vt 0.927412 0.052716
vt 0.930659 0.064388
vt 0.929005 0.055999
vt 0.930912 0.062625
vt 0.901671 0.048297
vt 0.935503 0.155866
vt 0.915847 0.060610
vt 0.930228 0.067635
vt 0.901572 0.047320
vt 0.915084 0.048823
vt 0.927442 0.051598
vt 0.929193 0.054032
vt 0.931358 0.059715
vt 0.932711 0.066913
vt 0.930536 0.075664
vt 0.929872 0.068884
vt 0.902940 0.062475
vt 0.937401 0.238472
vt 0.927701 0.062348
vt 0.928815 0.064315
vt 0.488650 0.058402
vt 0.488358 0.008561
vt 0.605529 0.017248
vt 0.601831 0.065355
vt 0.932853 0.049756
vt 0.928188 0.074410
vt 0.908118 0.151069
vt 0.920810 0.152767
vt 0.925072 0.234688
vt 0.912684 0.232105
vt 0.604881 0.172332
vt 0.600941 0.254923
vt 0.489516 0.255157
vt 0.489160 0.172915
vt 0.609620 0.097454
vt 0.488899 0.098132
vt 0.938095 0.238935
vt 0.938413 0.239316
vt 0.265106 0.083602
vt 0.263370 0.092969
vt 0.260532 0.092835
vt 0.264008 0.064423
vt 0.253385 0.071294
vt 0.195637 0.071464
vt 0.134815 0.071600
vt 0.256704 0.083395
vt 0.252014 0.092542
vt 0.248136 0.092577
vt 0.253319 0.083355
vt 0.134914 0.074240
vt 0.134977 0.073274
vt 0.195248 0.073405
vt 0.194997 0.074688
vt 0.256947 0.072576
vt 0.253230 0.072346
vt 0.253152 0.071977
vt 0.257852 0.072305
vt 0.252869 0.073239
vt 0.195306 0.073138
vt 0.195464 0.072442
vt 0.265015 0.074242
vt 0.266606 0.075139
vt 0.262954 0.075112
vt 0.261821 0.074367
vt 0.268235 0.075140
vt 0.266660 0.083640
vt 0.262278 0.072948
vt 0.266411 0.074111
vt 0.260918 0.073167
vt 0.264474 0.093039
vt 0.195530 0.072144
vt 0.259155 0.083431
vt 0.258435 0.073546
vt 0.267348 0.083639
vt 0.265125 0.093074
vt 0.269055 0.075099
vt 0.267901 0.073932
vt 0.264531 0.072564
vt 0.259787 0.071807
vt 0.257414 0.073822
vt 0.252745 0.073523
vt 0.254610 0.092595
vt 0.134914 0.073017
vt 0.261407 0.075161
vt 0.260359 0.074443
vt 0.386380 0.060196
vt 0.374397 0.009146
vt 0.272241 0.071267
vt 0.252863 0.075126
vt 0.131694 0.090835
vt 0.133553 0.081869
vt 0.193344 0.082578
vt 0.191281 0.091655
vt 0.382717 0.256070
vt 0.384229 0.171918
vt 0.488752 0.098133
vt 0.386633 0.093851
vt 0.134902 0.072517
vt 0.134829 0.072286
vt 0.815017 0.190411
vt 0.796535 0.194831
vt 0.794593 0.185175
vt 0.814282 0.180915
vt 0.815621 0.197571
vt 0.796927 0.198709
vt 0.796968 0.196166
vt 0.815298 0.194074
vt 0.841831 0.187815
vt 0.858908 0.179717
vt 0.859179 0.183016
vt 0.842074 0.191131
vt 0.840117 0.166053
vt 0.856821 0.155607
vt 0.857048 0.158243
vt 0.840308 0.168509
vt 0.813893 0.175897
vt 0.794415 0.182492
vt 0.813762 0.174270
vt 0.858475 0.174796
vt 0.841437 0.182791
vt 0.840538 0.171479
vt 0.857307 0.161261
vt 0.821105 0.245826
vt 0.797745 0.252363
vt 0.864048 0.233689
vt 0.845610 0.238980
vt 0.839844 0.162456
vt 0.856578 0.152538
vt 0.728137 0.871800
vt 0.623457 0.952751
vt 0.495477 0.951392
vt 0.491389 0.888289
vt 0.662797 0.694480
vt 0.657898 0.582649
vt 0.825891 0.568559
vt 0.820426 0.693147
vt 0.728958 0.869946
vt 0.735932 0.875651
vt 0.734491 0.876726
vt 0.696614 0.956466
vt 0.697177 0.956335
vt 0.491395 0.884520
vt 0.753673 0.853296
vt 0.739604 0.841805
vt 0.738777 0.834655
vt 0.756544 0.852758
vt 0.749753 0.856173
vt 0.720690 0.960568
vt 0.735417 0.844978
vt 0.734150 0.957624
vt 0.794784 0.180172
vt 0.813472 0.170527
vt 0.491331 0.859286
vt 0.497531 0.825199
vt 0.743835 0.960664
vt 0.805113 0.836015
vt 0.799732 0.966001
vt 0.749984 0.957568
vt 0.885136 0.151169
vt 0.890073 0.079736
vt 0.892285 0.070068
vt 0.871762 0.134133
vt 0.869793 0.140987
vt 0.870306 0.142980
vt 0.870921 0.145577
vt 0.885258 0.051591
vt 0.884490 0.049509
vt 0.875447 0.168551
vt 0.876122 0.171485
vt 0.884003 0.047275
vt 0.874346 0.162458
vt 0.891778 0.066828
vt 0.638026 0.372701
vt 0.831784 0.454574
vt 0.886888 0.055854
vt 0.888744 0.073428
vt 0.833251 0.374634
vt 0.647239 0.374131
vt 0.691976 0.348886
vt 0.882078 0.149504
vt 0.883216 0.150870
vt 0.881752 0.157772
vt 0.880464 0.156335
vt 0.887370 0.079785
vt 0.888940 0.084631
vt 0.879266 0.165236
vt 0.878210 0.162448
vt 0.871171 0.141410
vt 0.871884 0.143240
vt 0.878789 0.056344
vt 0.879278 0.059466
vt 0.877286 0.065123
vt 0.876741 0.062069
vt 0.881303 0.055927
vt 0.880802 0.052953
vt 0.887595 0.229523
vt 0.881953 0.164876
vt 0.870676 0.139870
vt 0.872169 0.134072
vt 0.871988 0.138350
vt 0.871513 0.137265
vt 0.876253 0.060555
vt 0.878406 0.053854
vt 0.880365 0.050517
vt 0.876653 0.157375
vt 0.886479 0.077806
vt 0.887865 0.071348
vt 0.878216 0.152373
vt 0.880040 0.144223
vt 0.872558 0.139194
vt 0.879842 0.048779
vt 0.875744 0.036877
vt 0.872646 0.133588
vt 0.881733 0.145044
vt 0.874285 0.142400
vt 0.873304 0.146965
vt 0.871975 0.150244
vt 0.882311 0.061397
vt 0.885290 0.074403
vt 0.885884 0.077309
vt 0.646946 0.313749
vt 0.886971 0.086146
vt 0.886164 0.084272
vt 0.888483 0.090574
vt 0.876417 0.137990
vt 0.876542 0.137902
vt 0.877224 0.137764
vt 0.875801 0.133416
vt 0.876411 0.138272
vt 0.874549 0.128780
vt 0.880149 0.095580
vt 0.878274 0.075832
vt 0.879739 0.093166
vt 0.879468 0.074826
vt 0.879667 0.089939
vt 0.881181 0.073891
vt 0.880135 0.087931
vt 0.883113 0.074097
vt 0.880500 0.087460
vt 0.884398 0.076416
vt 0.880816 0.088320
vt 0.885178 0.079696
vt 0.880828 0.091615
vt 0.885622 0.086605
vt 0.881579 0.140929
vt 0.877701 0.137828
vt 0.876882 0.137140
vt 0.879978 0.141047
vt 0.880005 0.142507
vt 0.881703 0.143299
vt 0.875244 0.134679
vt 0.876924 0.138983
vt 0.874268 0.130813
vt 0.883254 0.072963
vt 0.881091 0.072320
vt 0.884815 0.075505
vt 0.885535 0.078494
vt 0.878190 0.073619
vt 0.878961 0.072541
vt 0.885876 0.085518
vt 0.880278 0.065289
vt 0.878375 0.070138
vt 0.873947 0.132663
vt 0.874829 0.136041
vt 0.876661 0.140141
vt 0.875572 0.145427
vt 0.883273 0.071103
vt 0.880863 0.070375
vt 0.496719 0.358257
vt 0.491704 0.359057
vt 0.650979 0.313648
vt 0.489978 0.361030
vt 0.878124 0.051607
vt 0.876152 0.057596
vt 0.181950 0.162622
vt 0.187037 0.176351
vt 0.179878 0.175603
vt 0.175480 0.162717
vt 0.157791 0.145333
vt 0.161033 0.129763
vt 0.163726 0.129867
vt 0.161594 0.145067
vt 0.178673 0.144198
vt 0.181234 0.130301
vt 0.183452 0.130378
vt 0.180883 0.143916
vt 0.185360 0.162562
vt 0.186429 0.162531
vt 0.188868 0.176311
vt 0.178710 0.130219
vt 0.176062 0.144485
vt 0.167122 0.144823
vt 0.167755 0.130007
vt 0.151677 0.176027
vt 0.148857 0.199241
vt 0.081995 0.202004
vt 0.094568 0.172683
vt 0.108843 0.144630
vt 0.118325 0.127913
vt 0.185991 0.130442
vt 0.183913 0.143624
vt 0.188674 0.177296
vt 0.181272 0.176204
vt 0.364516 0.952715
vt 0.312442 0.896857
vt 0.175035 0.686037
vt 0.160866 0.539863
vt 0.334911 0.585504
vt 0.319992 0.695802
vt 0.306115 0.901773
vt 0.304678 0.900705
vt 0.311609 0.895016
vt 0.291320 0.953828
vt 0.298565 0.953700
vt 0.155798 0.176140
vt 0.258680 0.853207
vt 0.235315 0.857567
vt 0.314092 0.837548
vt 0.300908 0.867132
vt 0.278070 0.958800
vt 0.257705 0.889252
vt 0.305091 0.870260
vt 0.266619 0.959841
vt 0.188963 0.162482
vt 0.190227 0.175911
vt 0.251089 0.958978
vt 0.187148 0.843685
vt 0.183166 0.964047
vt 0.228822 0.174762
vt 0.231263 0.175029
vt 0.239601 0.102510
vt 0.186522 0.108524
vt 0.247012 0.100535
vt 0.197914 0.118107
vt 0.192889 0.119819
vt 0.189304 0.119101
vt 0.191278 0.119490
vt 0.259265 0.104792
vt 0.260675 0.105218
vt 0.170186 0.116048
vt 0.172185 0.116496
vt 0.262238 0.105440
vt 0.176647 0.117132
vt 0.249245 0.100766
vt 0.150851 0.379344
vt 0.335274 0.383253
vt 0.256375 0.103839
vt 0.243988 0.103200
vt 0.253842 0.111460
vt 0.258385 0.109817
vt 0.268631 0.110941
vt 0.187633 0.110776
vt 0.182197 0.112241
vt 0.181289 0.111308
vt 0.186634 0.109951
vt 0.239220 0.104400
vt 0.235920 0.103469
vt 0.175238 0.113465
vt 0.177192 0.114179
vt 0.192532 0.118755
vt 0.191167 0.118274
vt 0.255148 0.109531
vt 0.250847 0.111206
vt 0.248774 0.110936
vt 0.253010 0.109306
vt 0.257749 0.107977
vt 0.255678 0.107744
vt 0.126977 0.109289
vt 0.175910 0.111391
vt 0.193712 0.119073
vt 0.195610 0.118348
vt 0.194858 0.118016
vt 0.198110 0.117745
vt 0.256842 0.109705
vt 0.251807 0.111502
vt 0.259439 0.108190
vt 0.180848 0.115176
vt 0.245372 0.103725
vt 0.240541 0.104952
vt 0.191324 0.112149
vt 0.184882 0.113807
vt 0.194280 0.117605
vt 0.260623 0.108487
vt 0.198538 0.117319
vt 0.191003 0.110907
vt 0.188439 0.117333
vt 0.191965 0.116410
vt 0.185835 0.118463
vt 0.251861 0.107265
vt 0.242867 0.105663
vt 0.240825 0.105354
vt 0.235832 0.105415
vt 0.234571 0.104917
vt 0.220027 0.368202
vt 0.299048 0.348835
vt 0.231530 0.104003
vt 0.194409 0.114686
vt 0.198656 0.114887
vt 0.195654 0.114004
vt 0.194700 0.114579
vt 0.228559 0.110058
vt 0.242132 0.109792
vt 0.241451 0.110694
vt 0.231060 0.110023
vt 0.242891 0.108541
vt 0.232582 0.109648
vt 0.242891 0.107193
vt 0.232963 0.109381
vt 0.241320 0.106376
vt 0.232386 0.109190
vt 0.238995 0.105943
vt 0.230054 0.109286
vt 0.234031 0.105870
vt 0.195351 0.113680
vt 0.194096 0.110946
vt 0.195658 0.114274
vt 0.193712 0.112105
vt 0.192607 0.112126
vt 0.192339 0.110903
vt 0.197734 0.115361
vt 0.194742 0.114276
vt 0.200516 0.115919
vt 0.201890 0.115602
vt 0.243709 0.107048
vt 0.244001 0.108544
vt 0.242021 0.106044
vt 0.239922 0.105645
vt 0.242951 0.110653
vt 0.243708 0.110063
vt 0.234874 0.105656
vt 0.245341 0.110376
vt 0.248937 0.108844
vt 0.199221 0.116265
vt 0.196768 0.115738
vt 0.193892 0.114520
vt 0.189802 0.115544
vt 0.245037 0.106961
vt 0.245366 0.108629
vt 0.330541 0.327215
vt 0.725098 0.155661
vt 0.722393 0.156022
vt 0.721704 0.155775
vt 0.724184 0.155445
vt 0.725441 0.146730
vt 0.724839 0.146450
vt 0.725895 0.146295
vt 0.726606 0.146663
vt 0.649256 0.151392
vt 0.649013 0.150858
vt 0.650242 0.150753
vt 0.650685 0.151427
vt 0.649013 0.151679
vt 0.650215 0.151785
vt 0.649191 0.149575
vt 0.649013 0.149271
vt 0.650118 0.149214
vt 0.650271 0.149602
vt 0.649013 0.150634
vt 0.650090 0.150711
vt 0.723816 0.146359
vt 0.721970 0.146374
vt 0.721704 0.146133
vt 0.724243 0.146098
vt 0.728063 0.154897
vt 0.727167 0.155252
vt 0.725974 0.155072
vt 0.726743 0.154811
vt 0.728479 0.154500
vt 0.727070 0.154531
vt 0.732064 0.146458
vt 0.731152 0.146674
vt 0.728671 0.146344
vt 0.729359 0.146098
vt 0.732407 0.155389
vt 0.733572 0.155456
vt 0.732861 0.155824
vt 0.731805 0.155669
vt 0.649256 0.152219
vt 0.650685 0.152185
vt 0.650242 0.152858
vt 0.649013 0.152753
vt 0.649013 0.151933
vt 0.650215 0.151827
vt 0.650640 0.150351
vt 0.651721 0.150324
vt 0.651568 0.150711
vt 0.650463 0.150655
vt 0.650463 0.149292
vt 0.651540 0.149214
vt 0.730782 0.155760
vt 0.731210 0.156021
vt 0.728671 0.155986
vt 0.728936 0.155745
vt 0.735032 0.147221
vt 0.733711 0.147308
vt 0.732942 0.147047
vt 0.734135 0.146866
vt 0.735448 0.147619
vt 0.734039 0.147588
vt 0.735645 0.154681
vt 0.735639 0.154214
vt 0.737864 0.154692
vt 0.736559 0.154783
vt 0.742500 0.154007
vt 0.740637 0.154356
vt 0.735639 0.146951
vt 0.736879 0.146615
vt 0.740933 0.146132
vt 0.741980 0.146098
vt 0.742579 0.146176
vt 0.742875 0.153799
vt 0.709098 0.156034
vt 0.706797 0.156494
vt 0.706879 0.156028
vt 0.713620 0.156755
vt 0.712421 0.164581
vt 0.710770 0.164613
vt 0.706797 0.164098
vt 0.717380 0.156028
vt 0.717228 0.158323
vt 0.713812 0.158286
vt 0.714058 0.156275
vt 0.717380 0.161351
vt 0.713919 0.161594
vt 0.650157 0.154959
vt 0.653479 0.155205
vt 0.653725 0.157217
vt 0.650309 0.157253
vt 0.650157 0.160282
vt 0.653618 0.160525
vt 0.568365 0.330879
vt 0.567418 0.319036
vt 0.575188 0.319036
vt 0.582718 0.327171
vt 0.582718 0.319036
vt 0.590426 0.319274
vt 0.549641 0.326707
vt 0.542796 0.323281
vt 0.549641 0.313264
vt 0.747312 0.160550
vt 0.728671 0.160686
vt 0.728671 0.156063
s 3
g off
g Cofre_Molduras
usemtl Molduras
f 44/45/44 46/46/45 45/47/46
f 45/47/46 43/48/43 44/45/44
f 68/70/67 70/71/68 67/72/65
f 73/80/70 66/81/75 75/82/74
f 72/88/71 75/89/74 64/90/63
f 45/47/46 88/98/88 87/99/89
f 87/99/89 43/48/43 45/47/46
f 92/103/93 94/104/94 95/105/95
f 93/106/96 95/105/95 46/46/45
f 80/107/80 96/108/97 83/109/83
f 83/109/83 77/110/77 80/107/80
f 99/114/100 100/115/101 83/109/83
f 83/109/83 96/108/97 99/114/100
f 71/119/69 67/120/65 66/121/75
f 103/124/104 87/99/89 88/98/88
f 88/98/88 105/125/106 103/124/104
f 103/124/104 105/125/106 113/133/114
f 119/140/120 120/141/121 117/142/117
f 117/142/117 115/143/116 119/140/120
f 121/144/122 123/145/123 122/146/124
f 122/146/124 124/147/125 121/144/122
f 120/141/121 119/140/120 125/148/126
f 125/148/126 126/149/127 120/141/121
f 127/150/128 128/151/129 121/144/122
f 126/149/127 125/148/126 129/152/130
f 129/152/130 127/150/128 126/149/127
f 132/153/131 122/146/124 123/145/123
f 123/145/123 133/154/132 132/153/131
f 128/151/129 123/145/123 121/144/122
f 127/150/128 129/152/130 128/151/129
f 96/108/97 122/146/124 132/153/131
f 132/153/131 99/114/100 96/108/97
f 96/108/97 80/107/80 124/164/125
f 46/46/45 146/177/148 147/178/147
f 147/178/147 45/47/46 46/46/45
f 167/194/164 70/71/68 68/70/67
s 6
f 154/197/166 166/198/167 173/199/168
f 173/199/168 166/198/167 172/200/169
s 3
f 170/209/177 179/210/178 164/211/179
f 164/211/179 173/212/180 170/209/177
f 179/210/178 177/215/174 163/216/182
f 163/216/182 164/211/179 179/210/178
f 165/220/185 163/216/182 177/215/174
f 165/222/186 178/223/176 157/224/157
f 165/222/186 157/224/157 155/225/156
f 88/98/88 45/47/46 147/178/147
f 147/178/147 185/228/189 88/98/88
s 7
f 91/230/191 186/231/192 187/232/193
s 3
f 95/105/95 94/104/94 189/234/195
f 189/234/195 190/235/194 95/105/95
f 46/46/45 95/105/95 190/235/194
f 190/235/194 146/177/148 46/46/45
f 178/236/176 176/237/175 181/238/183
f 181/238/183 191/239/196 178/236/176
f 99/114/100 191/239/196 181/238/183
f 181/238/183 100/115/101 99/114/100
f 169/249/172 166/250/199 167/251/164
f 88/98/88 185/228/189 194/255/200
f 194/255/200 105/125/106 88/98/88
f 105/125/106 194/255/200 203/263/209
f 203/263/209 113/133/114 105/125/106
f 208/268/214 209/269/215 206/270/211
f 210/272/216 212/273/217 211/274/218
f 211/274/218 213/275/219 210/272/216
f 209/269/215 208/268/214 214/276/220
f 214/276/220 215/277/221 209/269/215
f 216/278/222 212/273/217 217/279/223
f 215/277/221 214/276/220 216/278/222
f 216/278/222 218/280/224 215/277/221
f 213/275/219 132/153/131 133/154/132
f 133/154/132 210/272/216 213/275/219
f 217/279/223 212/273/217 210/272/216
f 216/278/222 217/279/223 218/280/224
f 191/239/196 99/114/100 132/153/131
f 132/153/131 213/275/219 191/239/196
f 211/274/218 178/236/176 191/239/196
f 191/239/196 213/275/219 211/274/218
s 10
f 250/317/256 252/318/257 251/319/258
f 253/320/259 251/319/258 252/318/257
f 252/318/257 254/321/260 253/320/259
f 255/322/261 257/323/262 256/324/263
f 256/324/263 258/325/264 255/322/261
f 253/320/259 254/321/260 257/323/262
f 257/323/262 255/322/261 253/320/259
f 251/319/258 259/326/265 250/317/256
s 11
f 308/375/314 309/376/315 267/377/273
f 267/377/273 310/378/316 308/375/314
f 297/385/303 296/386/302 316/387/322
f 316/387/322 317/388/323 297/385/303
f 298/389/304 297/385/303 317/388/323
f 317/388/323 318/390/324 298/389/304
f 310/378/316 298/389/304 318/390/324
f 318/390/324 308/375/314 310/378/316
f 368/440/374 324/441/330 309/376/315
f 309/376/315 308/375/314 368/440/374
f 317/388/323 316/387/322 357/448/363
f 357/448/363 356/449/362 317/388/323
f 374/450/380 317/388/323 356/449/362
f 356/449/362 358/451/364 374/450/380
f 308/375/314 374/450/380 358/451/364
f 358/451/364 368/440/374 308/375/314
f 410/483/412 412/484/413 411/485/414
f 411/485/414 413/486/415 410/483/412
f 414/487/416 415/488/417 408/489/411
f 408/489/411 407/490/410 414/487/416
f 410/483/412 417/491/418 416/492/419
f 416/492/419 418/493/420 410/483/412
f 419/494/421 409/495/422 418/493/420
f 418/493/420 416/492/419 419/494/421
f 413/486/415 420/496/423 417/491/418
f 417/491/418 410/483/412 413/486/415
f 410/483/412 418/493/420 409/495/422
f 409/495/422 412/484/413 410/483/412
f 421/497/424 423/498/425 422/499/426
f 422/499/426 424/500/427 421/497/424
f 416/492/419 425/501/428 405/502/429
f 405/502/429 419/494/421 416/492/419
f 426/503/430 416/492/419 417/491/418
f 421/497/424 404/504/431 405/502/429
f 405/502/429 425/501/428 421/497/424
f 429/507/434 430/508/435 423/498/425
f 423/498/425 426/503/430 429/507/434
f 420/496/423 429/507/434 426/503/430
f 426/503/430 417/491/418 420/496/423
f 424/500/427 406/509/436 404/504/431
f 404/504/431 421/497/424 424/500/427
f 422/499/426 423/498/425 430/508/435
f 416/492/419 426/503/430 425/501/428
f 425/501/428 426/503/430 423/498/425
f 423/498/425 421/497/424 425/501/428
f 422/499/426 414/487/416 407/490/410
f 407/490/410 428/510/433 422/499/426
f 422/499/426 428/510/433 424/500/427
f 406/509/436 424/500/427 428/510/433
f 428/510/433 427/511/432 406/509/436
f 405/512/437 406/509/436 427/511/432
f 415/488/417 445/527/452 434/528/441
f 434/528/441 408/489/411 415/488/417
f 448/531/455 450/532/456 449/533/457
f 449/533/457 450/532/456 482/575/489
f 448/531/455 434/528/441 445/527/452
f 445/527/452 450/532/456 448/531/455
f 450/532/456 445/527/452 538/623/545
f 538/623/545 539/624/546 450/532/456
f 442/625/449 450/532/456 539/624/546
f 539/624/546 540/626/547 442/625/449
f 296/386/302 442/625/449 540/626/547
f 540/626/547 316/387/322 296/386/302
f 413/486/415 411/485/414 575/658/577
f 575/658/577 576/659/578 413/486/415
f 572/660/574 571/661/573 577/662/579
f 577/662/579 578/663/580 572/660/574
f 576/659/578 580/664/581 579/665/582
f 579/665/582 581/666/583 576/659/578
f 582/667/584 579/665/582 580/664/581
f 580/664/581 574/668/585 582/667/584
f 413/486/415 576/659/578 581/666/583
f 581/666/583 420/496/423 413/486/415
f 576/659/578 575/658/577 574/668/585
f 574/668/585 580/664/581 576/659/578
f 583/670/587 585/671/588 584/672/589
f 584/672/589 586/673/590 583/670/587
f 579/665/582 582/667/584 570/674/591
f 570/674/591 587/675/592 579/665/582
f 588/676/593 581/666/583 579/665/582
f 587/675/592 570/674/591 568/677/594
f 568/677/594 583/670/587 587/675/592
f 429/507/434 588/676/593 586/673/590
f 586/673/590 430/508/435 429/507/434
f 581/666/583 588/676/593 429/507/434
f 429/507/434 420/496/423 581/666/583
f 583/670/587 568/677/594 569/680/597
f 569/680/597 585/671/588 583/670/587
f 584/672/589 430/508/435 586/673/590
f 579/665/582 587/675/592 588/676/593
f 586/673/590 588/676/593 587/675/592
f 587/675/592 583/670/587 586/673/590
f 589/681/595 572/660/574 578/663/580
f 578/663/580 584/672/589 589/681/595
f 584/672/589 585/671/588 589/681/595
f 590/682/596 589/681/595 585/671/588
f 585/671/588 569/680/597 590/682/596
f 571/661/573 594/699/602 605/700/613
f 605/700/613 577/662/579 571/661/573
f 608/748/616 609/749/618 605/700/613
f 605/700/613 594/699/602 608/748/616
f 539/624/546 538/623/545 605/700/613
f 605/700/613 609/749/618 539/624/546
f 540/626/547 539/624/546 609/749/618
f 609/749/618 602/793/610 540/626/547
f 316/387/322 540/626/547 602/793/610
f 602/793/610 357/448/363 316/387/322
s 22
f 788/885/795 789/886/796 787/887/797
s 23
f 789/888/798 791/889/260 790/890/260
s 24
f 792/891/799 794/892/800 793/893/801
s 1
g Cofre_Material.001
usemtl Material.001
f 1/1/1 3/2/2 2/3/3
f 2/3/3 4/4/4 1/1/1
f 7/5/5 9/6/6 8/7/7
f 8/7/7 10/8/8 7/5/5
f 4/4/4 5/9/9 6/10/10
f 6/10/10 1/1/1 4/4/4
f 11/11/11 13/12/12 12/13/13
f 12/13/13 14/14/14 11/11/11
f 14/14/14 16/15/15 15/16/16
f 15/16/16 11/11/11 14/14/14
f 16/15/15 7/5/5 10/8/8
f 10/8/8 15/16/16 16/15/15
f 3/2/2 8/7/7 9/6/6
f 9/6/6 2/3/3 3/2/2
s 2
f 17/17/17 19/18/18 18/19/19
f 18/19/19 20/20/20 17/17/17
f 23/21/21 25/22/22 24/23/23
f 24/23/23 26/24/24 23/21/21
f 20/20/20 21/25/25 22/26/26
f 22/26/26 17/17/17 20/20/20
f 27/27/27 29/28/28 28/29/29
f 28/29/29 30/30/30 27/27/27
f 30/30/30 32/31/31 31/32/32
f 31/32/32 27/27/27 30/30/30
f 32/31/31 23/21/21 26/24/24
f 26/24/24 31/32/32 32/31/31
f 19/18/18 24/23/23 25/22/22
f 25/22/22 18/19/19 19/18/18
s 3
f 33/33/33 35/34/34 34/35/35
f 34/35/35 36/36/36 33/33/33
f 34/35/35 38/37/37 37/38/38
f 37/38/38 36/36/36 34/35/35
f 39/39/39 41/40/40 40/41/41
f 40/41/41 42/42/42 39/39/39
f 43/43/43 33/33/33 36/36/36
f 36/36/36 44/44/44 43/43/43
f 47/49/47 37/38/38 38/37/37
f 38/37/37 48/50/48 47/49/47
s 4
f 48/51/49 50/52/50 49/53/51
f 51/54/52 49/53/51 50/52/50
f 50/52/50 52/55/53 51/54/52
s 3
f 33/33/33 40/41/41 41/40/40
f 41/40/40 35/34/34 33/33/33
f 54/56/54 56/57/55 55/58/56
f 55/58/56 57/59/57 54/56/54
f 58/60/58 60/61/59 59/62/60
f 59/62/60 61/63/61 58/60/58
f 62/64/62 64/65/63 63/66/64
f 67/67/65 69/68/66 68/69/67
f 71/73/69 73/74/70 72/75/71
f 72/75/71 74/76/72 71/73/69
f 53/77/73 75/78/74 66/79/75
f 53/77/73 64/65/63 75/78/74
f 75/78/74 72/75/71 73/74/70
f 76/83/76 69/68/66 71/73/69
f 71/73/69 74/76/72 76/83/76
f 77/84/77 79/85/78 78/86/79
f 78/86/79 80/87/80 77/84/77
f 64/65/63 81/91/81 72/75/71
f 82/92/82 74/76/72 72/75/71
f 81/91/81 64/65/63 62/64/62
f 62/64/62 79/85/78 81/91/81
f 83/93/83 84/94/84 82/92/82
f 82/92/82 77/84/77 83/93/83
f 84/94/84 76/83/76 74/76/72
f 74/76/72 82/92/82 84/94/84
f 79/85/78 62/64/62 63/66/64
f 63/66/64 78/86/79 79/85/78
f 72/75/71 81/91/81 82/92/82
f 77/84/77 82/92/82 81/91/81
f 81/91/81 79/85/78 77/84/77
f 80/87/80 63/66/64 56/57/55
f 80/87/80 56/57/55 54/56/54
f 85/95/85 59/62/60 60/61/59
f 60/61/59 86/96/86 85/95/85
f 64/65/63 65/97/87 56/57/55
f 56/57/55 63/66/64 64/65/63
s 4
f 51/54/52 52/55/53 89/100/90
f 51/54/52 89/100/90 90/101/91
s 3
f 93/102/92 44/44/44 36/36/36
f 97/111/98 54/56/54 57/59/57
f 98/112/99 85/95/85 86/96/86
f 86/96/86 39/39/39 98/112/99
f 40/41/41 33/33/33 43/43/43
f 43/43/43 87/113/89 40/41/41
f 101/116/102 84/94/84 83/93/83
f 83/93/83 100/117/101 101/116/102
f 102/118/103 76/83/76 84/94/84
f 84/94/84 101/116/102 102/118/103
f 68/69/67 69/68/66 76/83/76
f 71/73/69 69/68/66 67/67/65
f 71/73/69 66/79/75 73/74/70
f 103/122/104 104/123/105 87/113/89
f 42/42/42 40/41/41 87/113/89
f 87/113/89 104/123/105 42/42/42
f 106/126/107 97/111/98 57/59/57
f 57/59/57 58/60/58 106/126/107
f 58/60/58 61/63/61 106/126/107
f 39/39/39 42/42/42 98/112/99
f 107/127/108 108/128/109 85/95/85
f 85/95/85 98/112/99 107/127/108
f 109/129/110 110/130/111 106/126/107
f 106/126/107 61/63/61 109/129/110
f 108/128/109 111/131/112 59/62/60
f 59/62/60 85/95/85 108/128/109
f 112/132/113 80/87/80 54/56/54
f 54/56/54 97/111/98 112/132/113
f 113/134/114 114/135/115 103/122/104
f 115/136/116 117/137/117 116/138/118
f 116/138/118 118/139/119 115/136/116
f 111/131/112 109/129/110 61/63/61
f 61/63/61 59/62/60 111/131/112
f 110/130/111 112/132/113 97/111/98
f 97/111/98 106/126/107 110/130/111
f 104/123/105 107/127/108 98/112/99
f 98/112/99 42/42/42 104/123/105
f 103/122/104 134/155/133 131/156/134
f 131/156/134 104/123/105 103/122/104
f 103/122/104 118/139/119 135/157/135
f 135/157/135 134/155/133 103/122/104
f 130/158/136 135/157/135 118/139/119
f 118/139/119 116/138/118 130/158/136
f 131/156/134 130/158/136 116/138/118
f 116/138/118 104/123/105 131/156/134
f 104/123/105 116/138/118 107/127/108
f 108/128/109 107/127/108 116/138/118
f 116/138/118 117/137/117 108/128/109
f 120/159/121 111/131/112 108/128/109
f 108/128/109 117/137/117 120/159/121
f 126/160/127 109/129/110 111/131/112
f 111/131/112 120/159/121 126/160/127
f 127/161/128 110/130/111 109/129/110
f 109/129/110 126/160/127 127/161/128
f 121/162/122 112/132/113 110/130/111
f 110/130/111 127/161/128 121/162/122
f 124/163/125 80/87/80 112/132/113
f 112/132/113 121/162/122 124/163/125
f 135/157/135 130/158/136 131/156/134
f 131/156/134 134/155/133 135/157/135
f 103/122/104 114/135/115 118/139/119
f 118/139/119 114/135/115 115/136/116
f 136/165/137 138/166/138 137/167/139
f 137/167/139 139/168/140 136/165/137
f 139/168/140 137/167/139 140/169/141
f 140/169/141 141/170/142 139/168/140
f 142/171/143 144/172/144 143/173/145
f 143/173/145 145/174/146 142/171/143
f 138/166/138 147/175/147 146/176/148
f 146/176/148 137/167/139 138/166/138
f 148/179/149 149/180/150 141/170/142
f 141/170/142 140/169/141 148/179/149
s 5
f 150/181/151 151/182/152 149/183/153
f 152/184/154 153/185/155 151/182/152
f 151/182/152 150/181/151 152/184/154
s 3
f 145/174/146 138/166/138 136/165/137
f 136/165/137 142/171/143 145/174/146
f 155/186/156 157/187/157 156/188/158
f 156/188/158 158/189/159 155/186/156
f 159/190/160 161/191/161 160/192/162
f 160/192/162 162/193/163 159/190/160
f 68/69/67 168/195/165 167/196/164
f 174/201/170 171/202/171 169/203/172
f 169/203/172 168/204/165 174/201/170
f 175/205/173 177/206/174 176/207/175
f 176/207/175 178/208/176 175/205/173
f 180/213/181 170/214/177 171/202/171
f 181/217/183 176/207/175 180/213/181
f 180/213/181 182/218/184 181/217/183
f 182/218/184 180/213/181 171/202/171
f 171/202/171 174/201/170 182/218/184
f 177/206/174 175/205/173 165/219/185
f 170/214/177 180/213/181 179/221/178
f 176/207/175 177/206/174 179/221/178
f 179/221/178 180/213/181 176/207/175
f 162/193/163 184/226/187 183/227/188
f 183/227/188 159/190/160 162/193/163
s 5
f 152/184/154 188/229/190 153/185/155
s 3
f 137/167/139 146/176/148 190/233/194
f 192/240/197 156/188/158 157/187/157
f 193/241/198 144/172/144 183/227/188
f 183/227/188 184/226/187 193/241/198
f 138/166/138 145/174/146 185/242/189
f 185/242/189 147/175/147 138/166/138
f 101/243/102 100/244/101 181/245/183
f 181/245/183 182/246/184 101/243/102
f 102/247/103 101/243/102 182/246/184
f 182/246/184 174/248/170 102/247/103
f 68/69/67 102/247/103 174/248/170
f 174/248/170 168/195/165 68/69/67
f 169/203/172 167/252/164 168/204/165
f 194/253/200 185/242/189 195/254/201
f 145/174/146 143/173/145 195/254/201
f 195/254/201 185/242/189 145/174/146
f 196/256/202 161/191/161 156/188/158
f 156/188/158 192/240/197 196/256/202
f 161/191/161 196/256/202 160/192/162
f 144/172/144 193/241/198 143/173/145
f 197/257/203 198/258/204 193/241/198
f 193/241/198 184/226/187 197/257/203
f 199/259/205 200/260/206 160/192/162
f 160/192/162 196/256/202 199/259/205
f 201/261/207 197/257/203 184/226/187
f 184/226/187 162/193/163 201/261/207
f 178/208/176 202/262/208 192/240/197
f 192/240/197 157/187/157 178/208/176
f 204/264/210 206/265/211 205/266/212
f 205/266/212 207/267/213 204/264/210
f 206/265/211 204/264/210 208/271/214
f 200/260/206 201/261/207 162/193/163
f 162/193/163 160/192/162 200/260/206
f 202/262/208 199/259/205 196/256/202
f 196/256/202 192/240/197 202/262/208
f 198/258/204 195/254/201 143/173/145
f 143/173/145 193/241/198 198/258/204
f 220/281/225 221/282/226 194/253/200
f 194/253/200 195/254/201 220/281/225
f 205/266/212 194/253/200 221/282/226
f 221/282/226 222/283/227 205/266/212
f 219/284/228 207/267/213 205/266/212
f 205/266/212 222/283/227 219/284/228
f 220/281/225 195/254/201 207/267/213
f 207/267/213 219/284/228 220/281/225
f 195/254/201 198/258/204 207/267/213
f 207/267/213 198/258/204 197/257/203
f 197/257/203 204/264/210 207/267/213
f 208/271/214 204/264/210 197/257/203
f 197/257/203 201/261/207 208/271/214
f 214/285/220 208/271/214 201/261/207
f 201/261/207 200/260/206 214/285/220
f 216/286/222 214/285/220 200/260/206
f 200/260/206 199/259/205 216/286/222
f 212/287/217 216/286/222 199/259/205
f 199/259/205 202/262/208 212/287/217
f 211/288/218 212/287/217 202/262/208
f 202/262/208 178/208/176 211/288/218
f 219/284/228 222/283/227 221/282/226
f 221/282/226 220/281/225 219/284/228
f 194/253/200 205/266/212 203/289/209
s 8
f 223/290/229 225/291/230 224/292/231
f 226/293/232 228/294/233 227/295/234
f 227/295/234 229/296/235 226/293/232
f 229/296/235 227/295/234 230/297/236
f 230/297/236 231/298/237 229/296/235
f 231/298/237 230/297/236 232/299/238
f 232/299/238 233/300/239 231/298/237
f 233/300/239 232/299/238 234/301/240
f 234/301/240 235/302/241 233/300/239
f 228/294/233 226/293/232 225/291/230
f 225/291/230 223/290/229 228/294/233
s 9
f 236/303/242 238/304/243 237/305/244
f 237/305/244 239/306/245 236/303/242
f 240/307/246 242/308/247 241/309/248
f 241/309/248 243/310/249 240/307/246
f 243/310/249 241/309/248 244/311/250
f 244/311/250 245/312/251 243/310/249
f 245/312/251 244/311/250 246/313/252
f 246/313/252 247/314/253 245/312/251
f 247/314/253 246/313/252 248/315/254
f 248/315/254 249/316/255 247/314/253
f 242/308/247 240/307/246 238/304/243
f 238/304/243 236/303/242 242/308/247
s 11
f 260/327/266 262/328/267 261/329/268
f 263/330/269 265/331/270 264/332/271
f 263/330/269 264/332/271 266/333/272
f 263/330/269 266/333/272 267/334/273
f 268/335/274 270/336/275 269/337/276
f 269/337/276 271/338/277 268/335/274
f 272/339/278 274/340/279 273/341/280
f 273/341/280 275/342/281 272/339/278
f 276/343/282 278/344/283 277/345/284
f 277/345/284 279/346/285 276/343/282
f 280/347/286 282/348/287 281/349/288
f 281/349/288 278/344/283 280/347/286
f 283/350/289 285/351/290 284/352/291
f 284/352/291 286/353/292 283/350/289
f 284/352/291 260/327/266 287/354/293
f 287/354/293 288/355/294 284/352/291
f 289/356/295 286/353/292 290/357/296
f 290/357/296 291/358/297 289/356/295
f 289/356/295 291/358/297 279/346/285
f 279/346/285 277/345/284 289/356/295
f 292/359/298 287/354/293 260/327/266
f 260/327/266 261/329/268 292/359/298
f 277/345/284 278/344/283 281/349/288
f 293/360/299 280/347/286 278/344/283
f 278/344/283 276/343/282 293/360/299
f 288/355/294 290/357/296 286/353/292
f 286/353/292 284/352/291 288/355/294
f 285/351/290 294/361/300 260/327/266
f 260/327/266 284/352/291 285/351/290
f 283/350/289 286/353/292 289/356/295
f 289/356/295 295/362/301 283/350/289
f 295/362/301 289/356/295 277/345/284
f 277/345/284 281/349/288 295/362/301
f 287/354/293 292/359/298 296/363/302
f 296/363/302 297/364/303 287/354/293
f 288/355/294 287/354/293 297/364/303
f 297/364/303 298/365/304 288/355/294
f 290/357/296 288/355/294 298/365/304
f 298/365/304 299/366/305 290/357/296
f 291/358/297 290/357/296 299/366/305
f 299/366/305 300/367/306 291/358/297
f 301/368/307 279/346/285 291/358/297
f 291/358/297 300/367/306 301/368/307
f 266/333/272 276/343/282 279/346/285
f 279/346/285 301/368/307 266/333/272
f 276/343/282 266/333/272 264/332/271
f 264/332/271 293/360/299 276/343/282
f 281/349/288 303/369/308 302/370/309
f 302/370/309 295/362/301 281/349/288
f 271/338/277 269/337/276 304/371/310
f 304/371/310 294/361/300 271/338/277
f 273/341/280 274/340/279 282/348/287
f 282/348/287 305/372/311 273/341/280
f 294/361/300 285/351/290 306/373/312
f 306/373/312 271/338/277 294/361/300
f 285/351/290 283/350/289 307/374/313
f 307/374/313 306/373/312 285/351/290
f 283/350/289 295/362/301 302/370/309
f 302/370/309 307/374/313 283/350/289
f 300/367/306 310/379/316 301/368/307
f 299/366/305 310/379/316 300/367/306
f 301/368/307 310/379/316 266/333/272
f 271/338/277 306/373/312 311/380/317
f 311/380/317 268/335/274 271/338/277
f 302/370/309 303/369/308 306/373/312
f 306/373/312 307/374/313 302/370/309
f 298/365/304 310/379/316 299/366/305
f 311/380/317 306/373/312 303/369/308
f 310/379/316 267/334/273 266/333/272
f 262/328/267 260/327/266 294/361/300
f 294/361/300 304/371/310 262/328/267
f 312/381/318 314/382/319 313/383/320
f 313/383/320 315/384/321 312/381/318
f 272/339/278 314/382/319 268/335/274
f 268/335/274 311/380/317 272/339/278
f 311/380/317 303/369/308 274/340/279
f 274/340/279 272/339/278 311/380/317
f 319/391/325 305/372/311 282/348/287
f 282/348/287 280/347/286 319/391/325
f 320/392/326 319/391/325 280/347/286
f 280/347/286 293/360/299 320/392/326
f 265/331/270 320/392/326 293/360/299
f 293/360/299 264/332/271 265/331/270
f 303/369/308 281/349/288 282/348/287
f 282/348/287 274/340/279 303/369/308
f 270/336/275 268/335/274 314/382/319
f 314/382/319 312/381/318 270/336/275
f 275/342/281 313/383/320 314/382/319
f 314/382/319 272/339/278 275/342/281
f 321/393/327 323/394/328 322/395/329
f 324/396/330 326/397/331 325/398/332
f 324/396/330 325/398/332 327/399/333
f 328/400/334 330/401/335 329/402/336
f 329/402/336 331/403/337 328/400/334
f 332/404/338 334/405/339 333/406/340
f 333/406/340 335/407/341 332/404/338
f 336/408/342 338/409/343 337/410/344
f 337/410/344 339/411/345 336/408/342
f 338/409/343 341/412/346 340/413/347
f 340/413/347 342/414/348 338/409/343
f 343/415/349 345/416/350 344/417/351
f 344/417/351 346/418/352 343/415/349
f 347/419/353 348/420/354 321/393/327
f 321/393/327 345/416/350 347/419/353
f 349/421/355 350/422/356 343/415/349
f 343/415/349 351/423/357 349/421/355
f 336/408/342 339/411/345 349/421/355
f 349/421/355 351/423/357 336/408/342
f 323/394/328 321/393/327 348/420/354
f 348/420/354 352/424/358 323/394/328
f 336/408/342 341/412/346 338/409/343
f 337/410/344 338/409/343 342/414/348
f 342/414/348 353/425/359 337/410/344
f 345/416/350 343/415/349 350/422/356
f 350/422/356 347/419/353 345/416/350
f 345/416/350 321/393/327 354/426/360
f 354/426/360 344/417/351 345/416/350
f 355/427/361 351/423/357 343/415/349
f 343/415/349 346/418/352 355/427/361
f 336/408/342 351/423/357 355/427/361
f 355/427/361 341/412/346 336/408/342
f 356/428/362 357/429/363 352/424/358
f 352/424/358 348/420/354 356/428/362
f 358/430/364 356/428/362 348/420/354
f 348/420/354 347/419/353 358/430/364
f 359/431/365 358/430/364 347/419/353
f 347/419/353 350/422/356 359/431/365
f 360/432/366 359/431/365 350/422/356
f 350/422/356 349/421/355 360/432/366
f 361/433/367 360/432/366 349/421/355
f 349/421/355 339/411/345 361/433/367
f 326/397/331 361/433/367 339/411/345
f 339/411/345 337/410/344 326/397/331
f 353/425/359 325/398/332 326/397/331
f 326/397/331 337/410/344 353/425/359
f 341/412/346 355/427/361 362/434/368
f 362/434/368 363/435/369 341/412/346
f 354/426/360 364/436/370 330/401/335
f 330/401/335 328/400/334 354/426/360
f 334/405/339 365/437/371 340/413/347
f 340/413/347 333/406/340 334/405/339
f 328/400/334 366/438/372 344/417/351
f 344/417/351 354/426/360 328/400/334
f 344/417/351 366/438/372 367/439/373
f 367/439/373 346/418/352 344/417/351
f 346/418/352 367/439/373 362/434/368
f 362/434/368 355/427/361 346/418/352
f 360/432/366 361/433/367 368/442/374
f 359/431/365 360/432/366 368/442/374
f 361/433/367 326/397/331 368/442/374
f 331/403/337 369/443/375 366/438/372
f 366/438/372 328/400/334 331/403/337
f 362/434/368 367/439/373 366/438/372
f 366/438/372 363/435/369 362/434/368
f 358/430/364 359/431/365 368/442/374
f 369/443/375 363/435/369 366/438/372
f 368/442/374 326/397/331 324/396/330
f 364/436/370 354/426/360 321/393/327
f 321/393/327 322/395/329 364/436/370
f 370/444/376 372/445/377 371/446/378
f 371/446/378 373/447/379 370/444/376
f 369/443/375 331/403/337 371/446/378
f 371/446/378 335/407/341 369/443/375
f 335/407/341 333/406/340 363/435/369
f 363/435/369 369/443/375 335/407/341
f 342/414/348 340/413/347 365/437/371
f 365/437/371 375/452/381 342/414/348
f 353/425/359 342/414/348 375/452/381
f 375/452/381 376/453/382 353/425/359
f 325/398/332 353/425/359 376/453/382
f 376/453/382 327/399/333 325/398/332
f 333/406/340 340/413/347 341/412/346
f 341/412/346 363/435/369 333/406/340
f 373/447/379 371/446/378 331/403/337
f 331/403/337 329/402/336 373/447/379
f 335/407/341 371/446/378 372/445/377
f 372/445/377 332/404/338 335/407/341
f 377/454/383 379/455/384 378/456/385
f 378/456/385 380/457/386 377/454/383
f 381/458/387 383/459/388 382/460/389
f 382/460/389 384/461/390 381/458/387
f 385/462/391 387/463/392 386/464/393
f 386/464/393 388/465/394 385/462/391
f 389/466/395 391/467/396 390/468/397
f 390/468/397 392/469/398 389/466/395
f 393/470/399 395/471/400 394/472/401
f 396/473/402 398/474/403 397/475/404
f 397/475/404 399/476/405 396/473/402
f 400/477/406 401/478/407 383/459/388
f 383/459/388 381/458/387 400/477/406
f 388/465/394 386/464/393 402/479/408
f 402/479/408 403/480/409 388/465/394
f 407/481/410 408/482/411 391/467/396
f 391/467/396 389/466/395 407/481/410
f 384/461/390 382/460/389 379/455/384
f 379/455/384 377/454/383 384/461/390
f 387/463/392 385/462/391 398/474/403
f 398/474/403 396/473/402 387/463/392
f 403/480/409 400/477/406 381/458/387
f 381/458/387 388/465/394 403/480/409
f 388/465/394 381/458/387 384/461/390
f 384/461/390 385/462/391 388/465/394
f 385/462/391 384/461/390 377/454/383
f 377/454/383 398/474/403 385/462/391
f 380/457/386 397/475/404 398/474/403
f 398/474/403 377/454/383 380/457/386
f 392/469/398 393/470/399 394/472/401
f 394/472/401 389/466/395 392/469/398
f 399/476/405 397/475/404 392/469/398
f 392/469/398 390/468/397 399/476/405
f 393/470/399 392/469/398 397/475/404
f 397/475/404 380/457/386 393/470/399
f 395/471/400 393/470/399 380/457/386
f 380/457/386 378/456/385 395/471/400
f 394/472/401 395/471/400 427/505/432
f 427/505/432 428/506/433 394/472/401
f 428/506/433 407/481/410 389/466/395
f 389/466/395 394/472/401 428/506/433
f 312/381/318 432/513/438 431/514/439
f 431/514/439 270/336/275 312/381/318
f 270/336/275 431/514/439 433/515/440
f 433/515/440 269/337/276 270/336/275
f 434/516/441 435/517/442 408/482/411
f 390/468/397 391/467/396 436/518/443
f 436/518/443 437/519/444 390/468/397
f 438/520/445 439/521/446 292/359/298
f 292/359/298 261/329/268 438/520/445
f 386/464/393 387/463/392 440/522/447
f 440/522/447 441/523/448 386/464/393
f 435/517/442 436/518/443 391/467/396
f 391/467/396 408/482/411 435/517/442
f 296/363/302 292/359/298 439/521/446
f 439/521/446 442/524/449 296/363/302
f 443/525/450 440/522/447 387/463/392
f 387/463/392 396/473/402 443/525/450
f 269/337/276 433/515/440 444/526/451
f 444/526/451 304/371/310 269/337/276
f 446/529/453 438/520/445 261/329/268
f 261/329/268 262/328/267 446/529/453
f 433/515/440 431/514/439 447/530/454
f 451/534/458 453/535/459 452/536/460
f 452/536/460 454/537/461 451/534/458
f 455/538/462 447/530/454 431/514/439
f 431/514/439 456/539/463 455/538/462
f 457/540/464 458/541/465 454/537/461
f 454/537/461 452/536/460 457/540/464
f 459/542/466 460/543/467 437/519/444
f 437/519/444 436/518/443 459/542/466
f 461/544/468 463/545/469 462/546/470
f 462/546/470 464/547/471 461/544/468
f 465/548/472 466/549/473 439/521/446
f 439/521/446 438/520/445 465/548/472
f 467/550/474 441/523/448 468/551/475
f 435/517/442 469/552/476 459/542/466
f 459/542/466 436/518/443 435/517/442
f 434/516/441 471/553/477 470/554/478
f 470/554/478 472/555/479 434/516/441
f 464/547/471 474/556/480 473/557/481
f 473/557/481 461/544/468 464/547/471
f 442/524/449 439/521/446 466/549/473
f 466/549/473 475/558/482 442/524/449
f 434/516/441 472/555/479 469/552/476
f 469/552/476 435/517/442 434/516/441
f 476/559/483 458/541/465 440/522/447
f 440/522/447 443/525/450 476/559/483
f 447/530/454 455/538/462 477/560/484
f 477/560/484 478/561/485 447/530/454
f 433/515/440 447/530/454 478/561/485
f 478/561/485 444/526/451 433/515/440
f 451/534/458 454/537/461 479/562/486
f 479/562/486 480/563/487 451/534/458
f 457/540/464 441/523/448 440/522/447
f 440/522/447 458/541/465 457/540/464
f 470/554/478 481/564/488 460/543/467
f 460/543/467 459/542/466 470/554/478
f 472/555/479 470/554/478 459/542/466
f 459/542/466 469/552/476 472/555/479
f 479/562/486 454/537/461 458/541/465
f 458/541/465 476/559/483 479/562/486
f 482/565/489 450/566/456 442/524/449
f 481/564/488 470/554/478 471/553/477
f 471/553/477 483/567/490 481/564/488
f 474/556/480 464/547/471 471/553/477
f 471/553/477 434/516/441 474/556/480
f 462/546/470 483/567/490 471/553/477
f 471/553/477 464/547/471 462/546/470
f 480/563/487 484/568/491 451/534/458
f 481/564/488 486/569/492 485/570/493
f 485/570/493 460/543/467 481/564/488
f 460/543/467 485/570/493 487/571/494
f 487/571/494 437/519/444 460/543/467
f 438/520/445 446/529/453 488/572/495
f 488/572/495 465/548/472 438/520/445
f 489/573/496 478/561/485 477/560/484
f 477/560/484 490/574/497 489/573/496
f 461/544/468 466/549/473 465/548/472
f 465/548/472 463/545/469 461/544/468
f 473/557/481 475/558/482 466/549/473
f 466/549/473 461/544/468 473/557/481
f 455/538/462 492/576/498 491/577/499
f 491/577/499 477/560/484 455/538/462
f 453/535/459 451/534/458 492/576/498
f 492/576/498 493/578/500 453/535/459
f 456/539/463 493/578/500 492/576/498
f 492/576/498 455/538/462 456/539/463
f 493/578/500 456/539/463 431/514/439
f 441/523/448 457/540/464 468/551/475
f 493/578/500 431/514/439 432/513/438
f 432/513/438 453/535/459 493/578/500
f 467/550/474 402/479/408 386/464/393
f 386/464/393 441/523/448 467/550/474
f 457/540/464 452/536/460 468/551/475
f 452/536/460 453/535/459 468/551/475
f 477/560/484 491/577/499 490/574/497
f 494/579/501 496/580/502 495/581/503
f 495/581/503 497/582/504 494/579/501
f 498/583/505 494/579/501 497/582/504
f 497/582/504 499/584/506 498/583/505
f 500/585/507 498/583/505 499/584/506
f 499/584/506 501/586/508 500/585/507
f 502/587/509 500/585/507 501/586/508
f 501/586/508 503/588/510 502/587/509
f 504/589/511 502/587/509 503/588/510
f 503/588/510 505/590/512 504/589/511
f 506/591/513 504/589/511 505/590/512
f 505/590/512 507/592/514 506/591/513
f 508/593/515 506/591/513 507/592/514
f 507/592/514 509/594/516 508/593/515
f 510/595/517 508/593/515 509/594/516
f 509/594/516 511/596/518 510/595/517
f 512/597/519 510/595/517 511/596/518
f 511/596/518 513/598/520 512/597/519
f 512/597/519 513/598/520 514/599/521
f 514/599/521 515/600/522 512/597/519
f 516/601/523 515/600/522 514/599/521
f 514/599/521 517/602/524 516/601/523
f 516/601/523 517/602/524 495/581/503
f 495/581/503 496/580/502 516/601/523
f 518/603/525 517/602/524 514/599/521
f 514/599/521 519/604/526 518/603/525
f 520/605/527 497/582/504 495/581/503
f 495/581/503 521/606/528 520/605/527
f 522/607/529 499/584/506 497/582/504
f 497/582/504 520/605/527 522/607/529
f 521/606/528 495/581/503 517/602/524
f 517/602/524 518/603/525 521/606/528
f 523/608/530 507/592/514 505/590/512
f 505/590/512 524/609/531 523/608/530
f 525/610/532 509/594/516 507/592/514
f 507/592/514 523/608/530 525/610/532
f 526/611/533 511/596/518 509/594/516
f 509/594/516 525/610/532 526/611/533
f 527/612/534 501/586/508 499/584/506
f 499/584/506 522/607/529 527/612/534
f 528/613/535 503/588/510 501/586/508
f 501/586/508 527/612/534 528/613/535
f 524/609/531 505/590/512 503/588/510
f 503/588/510 528/613/535 524/609/531
f 519/604/526 514/599/521 513/598/520
f 513/598/520 529/614/536 519/604/526
f 529/614/536 513/598/520 511/596/518
f 511/596/518 526/611/533 529/614/536
f 463/545/469 531/615/537 530/616/538
f 530/616/538 462/546/470 463/545/469
f 462/546/470 530/616/538 532/617/539
f 532/617/539 483/567/490 462/546/470
f 532/617/539 533/618/540 483/567/490
f 483/567/490 533/618/540 486/569/492
f 486/569/492 481/564/488 483/567/490
f 534/619/541 480/563/487 479/562/486
f 479/562/486 535/620/542 534/619/541
f 486/569/492 533/618/540 534/619/541
f 534/619/541 535/620/542 486/569/492
f 451/534/458 484/568/491 491/577/499
f 491/577/499 492/576/498 451/534/458
f 521/606/528 518/603/525 480/563/487
f 480/563/487 534/619/541 521/606/528
f 480/563/487 518/603/525 519/604/526
f 519/604/526 484/568/491 480/563/487
f 533/618/540 520/605/527 521/606/528
f 521/606/528 534/619/541 533/618/540
f 532/617/539 522/607/529 520/605/527
f 520/605/527 533/618/540 532/617/539
f 536/621/543 523/608/530 524/609/531
f 524/609/531 537/622/544 536/621/543
f 490/574/497 526/611/533 525/610/532
f 525/610/532 489/573/496 490/574/497
f 530/616/538 527/612/534 522/607/529
f 522/607/529 532/617/539 530/616/538
f 527/612/534 530/616/538 528/613/535
f 537/622/544 524/609/531 528/613/535
f 528/613/535 530/616/538 537/622/544
f 484/568/491 519/604/526 529/614/536
f 529/614/536 491/577/499 484/568/491
f 491/577/499 529/614/536 526/611/533
f 526/611/533 490/574/497 491/577/499
f 523/608/530 536/621/543 489/573/496
f 489/573/496 525/610/532 523/608/530
f 465/548/472 488/572/495 531/615/537
f 531/615/537 463/545/469 465/548/472
f 488/572/495 478/561/485 489/573/496
f 489/573/496 536/621/543 488/572/495
f 478/561/485 488/572/495 446/529/453
f 446/529/453 444/526/451 478/561/485
f 488/572/495 536/621/543 531/615/537
f 531/615/537 537/622/544 530/616/538
f 485/570/493 486/569/492 535/620/542
f 476/559/483 485/570/493 535/620/542
f 535/620/542 479/562/486 476/559/483
f 443/525/450 487/571/494 485/570/493
f 485/570/493 476/559/483 443/525/450
f 536/621/543 537/622/544 531/615/537
f 444/526/451 446/529/453 262/328/267
f 262/328/267 304/371/310 444/526/451
f 399/476/405 390/468/397 437/519/444
f 437/519/444 487/571/494 399/476/405
f 443/525/450 396/473/402 399/476/405
f 399/476/405 487/571/494 443/525/450
f 432/513/438 312/381/318 315/384/321
f 432/513/438 315/384/321 467/550/474
f 432/513/438 467/550/474 468/551/475
f 432/513/438 468/551/475 453/535/459
f 442/524/449 475/558/482 482/565/489
f 473/557/481 449/627/457 482/565/489
f 482/565/489 475/558/482 473/557/481
f 449/627/457 473/557/481 474/556/480
f 474/556/480 448/628/455 449/627/457
f 448/628/455 474/556/480 434/516/441
f 542/629/548 544/630/549 543/631/550
f 543/631/550 545/632/551 542/629/548
f 549/633/552 551/634/553 550/635/554
f 550/635/554 552/636/555 549/633/552
f 553/637/556 555/638/557 554/639/558
f 554/639/558 556/640/559 553/637/556
f 557/641/560 559/642/561 558/643/562
f 560/644/563 562/645/564 561/646/565
f 561/646/565 563/647/566 560/644/563
f 548/648/567 547/649/568 564/650/569
f 564/650/569 565/651/570 548/648/567
f 566/652/571 567/653/572 551/634/553
f 551/634/553 549/633/552 566/652/571
f 556/640/559 554/639/558 571/654/573
f 571/654/573 572/655/574 556/640/559
f 563/647/566 561/646/565 552/636/555
f 552/636/555 550/635/554 563/647/566
f 544/630/549 558/643/562 541/656/575
f 544/630/549 541/656/575 573/657/576
f 549/633/552 548/648/567 565/651/570
f 565/651/570 566/652/571 549/633/552
f 552/636/555 546/669/586 548/648/567
f 548/648/567 549/633/552 552/636/555
f 546/669/586 552/636/555 561/646/565
f 545/632/551 561/646/565 562/645/564
f 562/645/564 542/629/548 545/632/551
f 556/640/559 559/642/561 557/641/560
f 557/641/560 553/637/556 556/640/559
f 555/638/557 553/637/556 562/645/564
f 562/645/564 560/644/563 555/638/557
f 542/629/548 562/645/564 553/637/556
f 553/637/556 557/641/560 542/629/548
f 544/630/549 542/629/548 557/641/560
f 557/641/560 558/643/562 544/630/549
f 589/678/595 590/679/596 558/643/562
f 558/643/562 559/642/561 589/678/595
f 559/642/561 556/640/559 572/655/574
f 572/655/574 589/678/595 559/642/561
f 558/643/562 590/679/596 569/683/597
f 569/683/597 570/684/598 558/643/562
f 329/402/336 592/685/599 591/686/600
f 591/686/600 373/447/379 329/402/336
f 330/401/335 593/687/601 592/685/599
f 592/685/599 329/402/336 330/401/335
f 594/688/602 571/654/573 595/689/603
f 555/638/557 597/690/604 596/691/605
f 596/691/605 554/639/558 555/638/557
f 598/692/606 323/394/328 352/424/358
f 352/424/358 599/693/607 598/692/606
f 551/634/553 601/694/608 600/695/609
f 600/695/609 550/635/554 551/634/553
f 595/689/603 571/654/573 554/639/558
f 554/639/558 596/691/605 595/689/603
f 357/429/363 602/696/610 599/693/607
f 599/693/607 352/424/358 357/429/363
f 603/697/611 563/647/566 550/635/554
f 550/635/554 600/695/609 603/697/611
f 364/436/370 604/698/612 593/687/601
f 593/687/601 330/401/335 364/436/370
f 606/701/614 322/395/329 323/394/328
f 323/394/328 598/692/606 606/701/614
f 593/687/601 607/702/615 592/685/599
f 608/703/616 610/704/617 609/705/618
f 611/706/619 613/707/620 612/708/621
f 612/708/621 614/709/622 611/706/619
f 615/710/623 616/711/624 592/685/599
f 592/685/599 607/702/615 615/710/623
f 617/712/625 612/708/621 613/707/620
f 613/707/620 618/713/626 617/712/625
f 619/714/627 596/691/605 597/690/604
f 597/690/604 620/715/628 619/714/627
f 621/716/629 623/717/630 622/718/631
f 622/718/631 624/719/632 621/716/629
f 598/692/606 599/693/607 625/720/633
f 625/720/633 626/721/634 598/692/606
f 627/722/635 628/723/636 601/694/608
f 596/691/605 619/714/627 629/724/637
f 629/724/637 595/689/603 596/691/605
f 594/688/602 631/725/638 630/726/639
f 630/726/639 632/727/640 594/688/602
f 623/717/630 621/716/629 633/728/641
f 633/728/641 634/729/642 623/717/630
f 635/730/643 625/720/633 599/693/607
f 599/693/607 602/696/610 635/730/643
f 594/688/602 595/689/603 629/724/637
f 629/724/637 631/725/638 594/688/602
f 636/731/644 603/697/611 600/695/609
f 600/695/609 618/713/626 636/731/644
f 607/702/615 638/732/645 637/733/646
f 637/733/646 615/710/623 607/702/615
f 593/687/601 604/698/612 638/732/645
f 638/732/645 607/702/615 593/687/601
f 611/706/619 640/734/647 639/735/648
f 639/735/648 613/707/620 611/706/619
f 617/712/625 618/713/626 600/695/609
f 600/695/609 601/694/608 617/712/625
f 630/726/639 619/714/627 620/715/628
f 620/715/628 641/736/649 630/726/639
f 631/725/638 629/724/637 619/714/627
f 619/714/627 630/726/639 631/725/638
f 639/735/648 636/731/644 618/713/626
f 618/713/626 613/707/620 639/735/648
f 642/737/650 602/696/610 609/705/618
f 641/736/649 643/738/651 632/727/640
f 632/727/640 630/726/639 641/736/649
f 594/688/602 632/727/640 623/717/630
f 623/717/630 634/729/642 594/688/602
f 622/718/631 623/717/630 632/727/640
f 632/727/640 643/738/651 622/718/631
f 640/734/647 611/706/619 644/739/652
f 641/736/649 620/715/628 645/740/653
f 645/740/653 646/741/654 641/736/649
f 620/715/628 597/690/604 647/742/655
f 647/742/655 645/740/653 620/715/628
f 626/721/634 648/743/656 606/701/614
f 606/701/614 598/692/606 626/721/634
f 649/744/657 650/745/658 637/733/646
f 637/733/646 638/732/645 649/744/657
f 621/716/629 624/719/632 626/721/634
f 626/721/634 625/720/633 621/716/629
f 633/728/641 621/716/629 625/720/633
f 625/720/633 635/730/643 633/728/641
f 610/704/617 642/737/650 609/705/618
f 615/710/623 637/733/646 651/746/659
f 651/746/659 652/747/660 615/710/623
f 614/709/622 653/750/661 652/747/660
f 652/747/660 611/706/619 614/709/622
f 616/711/624 615/710/623 652/747/660
f 652/747/660 653/750/661 616/711/624
f 653/750/661 592/685/599 616/711/624
f 601/694/608 628/723/636 617/712/625
f 653/750/661 614/709/622 591/686/600
f 591/686/600 592/685/599 653/750/661
f 601/694/608 551/634/553 567/653/572
f 567/653/572 627/722/635 601/694/608
f 617/712/625 628/723/636 612/708/621
f 612/708/621 628/723/636 614/709/622
f 637/733/646 650/745/658 651/746/659
f 654/751/662 656/752/663 655/753/664
f 655/753/664 657/754/665 654/751/662
f 660/755/666 661/756/667 659/757/668
f 662/758/669 663/759/670 661/756/667
f 661/756/667 660/755/666 662/758/669
f 664/760/671 665/761/672 663/759/670
f 663/759/670 662/758/669 664/760/671
f 666/762/673 667/763/674 665/761/672
f 668/764/675 669/765/676 667/763/674
f 667/763/674 666/762/673 668/764/675
f 670/766/677 671/767/678 669/765/676
f 669/765/676 668/764/675 670/766/677
f 672/768/679 673/769/680 671/767/678
f 671/767/678 670/766/677 672/768/679
f 674/770/681 675/771/682 673/769/680
f 673/769/680 672/768/679 674/770/681
f 674/770/681 657/754/665 655/753/664
f 655/753/664 675/771/682 674/770/681
f 676/772/683 677/773/684 673/769/680
f 673/769/680 675/771/682 676/772/683
f 678/774/685 679/775/686 655/753/664
f 655/753/664 656/752/663 678/774/685
f 680/776/687 678/774/685 656/752/663
f 656/752/663 658/777/688 680/776/687
f 679/775/686 676/772/683 675/771/682
f 675/771/682 655/753/664 679/775/686
f 681/778/689 682/779/690 663/759/670
f 663/759/670 665/761/672 681/778/689
f 683/780/691 681/778/689 665/761/672
f 665/761/672 667/763/674 683/780/691
f 684/781/692 683/780/691 667/763/674
f 667/763/674 669/765/676 684/781/692
f 685/782/693 680/776/687 658/777/688
f 658/777/688 659/757/668 685/782/693
f 686/783/694 685/782/693 659/757/668
f 659/757/668 661/756/667 686/783/694
f 682/779/690 686/783/694 661/756/667
f 661/756/667 663/759/670 682/779/690
f 677/773/684 687/784/695 671/767/678
f 671/767/678 673/769/680 677/773/684
f 687/784/695 684/781/692 669/765/676
f 669/765/676 671/767/678 687/784/695
f 622/718/631 689/785/696 688/786/697
f 688/786/697 624/719/632 622/718/631
f 643/738/651 690/787/698 689/785/696
f 689/785/696 622/718/631 643/738/651
f 690/787/698 643/738/651 691/788/699
f 643/738/651 641/736/649 646/741/654
f 646/741/654 691/788/699 643/738/651
f 692/789/700 693/790/701 639/735/648
f 639/735/648 640/734/647 692/789/700
f 646/741/654 693/790/701 692/789/700
f 692/789/700 691/788/699 646/741/654
f 611/706/619 652/747/660 651/746/659
f 651/746/659 644/739/652 611/706/619
f 679/775/686 692/789/700 640/734/647
f 640/734/647 676/772/683 679/775/686
f 640/734/647 644/739/652 677/773/684
f 677/773/684 676/772/683 640/734/647
f 691/788/699 692/789/700 679/775/686
f 679/775/686 678/774/685 691/788/699
f 690/787/698 691/788/699 678/774/685
f 678/774/685 680/776/687 690/787/698
f 694/791/702 695/792/703 682/779/690
f 682/779/690 681/778/689 694/791/702
f 650/745/658 649/744/657 683/780/691
f 683/780/691 684/781/692 650/745/658
f 689/785/696 690/787/698 680/776/687
f 680/776/687 685/782/693 689/785/696
f 685/782/693 686/783/694 689/785/696
f 695/792/703 689/785/696 686/783/694
f 686/783/694 682/779/690 695/792/703
f 644/739/652 651/746/659 687/784/695
f 687/784/695 677/773/684 644/739/652
f 651/746/659 650/745/658 684/781/692
f 684/781/692 687/784/695 651/746/659
f 681/778/689 683/780/691 649/744/657
f 649/744/657 694/791/702 681/778/689
f 624/719/632 688/786/697 648/743/656
f 648/743/656 626/721/634 624/719/632
f 648/743/656 694/791/702 649/744/657
f 649/744/657 638/732/645 648/743/656
f 638/732/645 604/698/612 606/701/614
f 606/701/614 648/743/656 638/732/645
f 648/743/656 688/786/697 694/791/702
f 688/786/697 689/785/696 695/792/703
f 645/740/653 693/790/701 646/741/654
f 636/731/644 639/735/648 693/790/701
f 693/790/701 645/740/653 636/731/644
f 603/697/611 636/731/644 645/740/653
f 645/740/653 647/742/655 603/697/611
f 694/791/702 688/786/697 695/792/703
f 604/698/612 364/436/370 322/395/329
f 322/395/329 606/701/614 604/698/612
f 560/644/563 647/742/655 597/690/604
f 597/690/604 555/638/557 560/644/563
f 647/742/655 560/644/563 563/647/566
f 563/647/566 603/697/611 647/742/655
f 627/722/635 370/444/376 373/447/379
f 627/722/635 373/447/379 591/686/600
f 627/722/635 591/686/600 628/723/636
f 591/686/600 614/709/622 628/723/636
f 602/696/610 642/737/650 635/730/643
f 635/730/643 642/737/650 610/704/617
f 610/704/617 633/728/641 635/730/643
f 610/704/617 608/703/616 634/729/642
f 634/729/642 633/728/641 610/704/617
f 608/703/616 594/688/602 634/729/642
s 12
f 698/794/704 700/795/705 699/796/706
f 699/796/706 701/797/707 698/794/704
f 702/798/708 704/799/709 703/800/710
f 703/800/710 705/801/711 702/798/708
s 13
f 706/802/712 708/803/713 707/804/714
f 707/804/714 709/805/715 706/802/712
f 710/806/716 706/802/712 709/805/715
f 709/805/715 711/807/717 710/806/716
s 14
f 712/808/718 697/809/719 696/810/720
f 696/810/720 713/811/721 712/808/718
f 714/812/722 712/808/718 713/811/721
f 713/811/721 715/813/723 714/812/722
s 12
f 716/814/724 718/815/725 717/816/726
f 717/816/726 719/817/727 716/814/724
f 704/799/709 716/814/724 719/817/727
f 719/817/727 703/800/710 704/799/709
f 720/818/728 722/819/729 721/820/730
f 721/820/730 723/821/731 720/818/728
f 724/822/732 720/818/728 723/821/731
f 723/821/731 725/823/733 724/822/732
f 721/820/730 722/819/729 698/794/704
f 698/794/704 701/797/707 721/820/730
f 702/798/708 705/801/711 724/822/732
f 724/822/732 725/823/733 702/798/708
s 15
f 728/824/734 730/825/735 729/826/736
f 729/826/736 731/827/737 728/824/734
f 732/828/738 734/829/739 733/830/740
f 733/830/740 735/831/741 732/828/738
s 16
f 736/832/742 738/833/743 737/834/744
f 737/834/744 739/835/745 736/832/742
f 740/836/746 741/837/747 738/833/743
f 738/833/743 736/832/742 740/836/746
s 17
f 742/838/748 743/839/749 727/840/750
f 727/840/750 726/841/751 742/838/748
f 744/842/752 745/843/753 743/839/749
f 743/839/749 742/838/748 744/842/752
s 15
f 746/844/754 748/845/755 747/846/756
f 747/846/756 749/847/757 746/844/754
f 735/831/741 733/830/740 748/845/755
f 748/845/755 746/844/754 735/831/741
f 750/848/758 752/849/759 751/850/760
f 751/850/760 753/851/761 750/848/758
f 754/852/762 755/853/763 752/849/759
f 752/849/759 750/848/758 754/852/762
f 751/850/760 730/825/735 728/824/734
f 728/824/734 753/851/761 751/850/760
f 755/853/763 754/852/762 734/829/739
f 734/829/739 732/828/738 755/853/763
s 18
f 756/854/764 758/855/765 757/856/766
f 757/856/766 759/857/767 756/854/764
f 760/858/768 761/859/769 757/856/766
f 758/855/765 763/860/770 762/861/771
f 764/862/772 766/863/773 765/864/774
f 762/861/771 764/862/772 765/864/774
f 758/855/765 762/861/771 765/864/774
f 757/856/766 758/855/765 765/864/774
f 760/858/768 757/856/766 765/864/774
f 760/858/768 765/864/774 767/865/775
s 19
f 769/866/776 770/867/777 768/868/778
f 769/866/776 771/869/779 772/870/780
f 772/870/780 773/871/781 774/872/782
f 772/870/780 774/872/782 770/867/777
f 769/866/776 772/870/780 770/867/777
s 20
f 775/873/783 777/874/784 776/875/785
f 776/875/785 778/876/786 775/873/783
f 779/877/787 780/878/788 776/875/785
f 776/875/785 777/874/784 779/877/787
s 21
f 781/879/789 783/880/790 782/881/791
f 782/881/791 784/882/792 781/879/789
f 785/883/793 784/882/792 782/881/791
f 782/881/791 786/884/794 785/883/793
s 23
f 790/894/260 791/895/260 794/896/802
