# Blender 5.1.1
# www.blender.org
mtllib LlaTexChallen.mtl
g LlantaDD_LlantaDD
v -0.273153 -0.787714 0.009777
v 0.034206 -0.625553 0.377378
v 0.040526 -0.722593 0.015298
v -0.280033 -0.681953 0.404498
v 0.029567 -0.360434 0.642498
v -0.285073 -0.392994 0.693458
v 0.027886 0.001806 0.739538
v -0.286994 0.001806 0.799218
v 0.029567 0.363966 0.642498
v -0.285073 0.396526 0.693458
v 0.034206 0.629086 0.377378
v -0.280033 0.685486 0.404498
v 0.040526 0.726126 0.015298
v -0.273153 0.791327 0.009777
v 0.046846 0.629086 -0.346863
v -0.266273 0.685486 -0.384863
v 0.051486 0.363966 -0.611902
v -0.261233 0.396526 -0.673822
v 0.053166 0.001806 -0.708942
v -0.259394 0.001806 -0.779582
v 0.051486 -0.360434 -0.611902
v -0.261233 -0.392994 -0.673822
v 0.046846 -0.625553 -0.346863
v -0.266274 -0.681953 -0.384863
v -0.272194 -1.328835 1.354338
v -0.225473 1.345964 -1.321422
v -0.225554 -1.329473 -1.320702
v -0.272194 1.346685 1.353698
v -0.279234 1.023726 0.870418
v -0.427713 1.254526 0.468018
v -0.272194 1.254526 0.470738
v -0.434673 1.023726 0.867698
v -0.284353 0.670046 1.167138
v -0.434673 1.023726 0.867698
v -0.279234 1.023726 0.870418
v -0.439874 0.670046 1.164418
v -0.287153 0.236286 1.324978
v -0.439874 0.670046 1.164418
v -0.284353 0.670046 1.167138
v -0.442674 0.236286 1.322258
v -0.287153 -0.225313 1.324978
v -0.442674 0.236286 1.322258
v -0.287153 0.236286 1.324978
v -0.442674 -0.225313 1.322258
v -0.284353 -0.659075 1.167138
v -0.442674 -0.225313 1.322258
v -0.287153 -0.225313 1.324978
v -0.439874 -0.659075 1.164418
v -0.279234 -1.012674 0.870418
v -0.439874 -0.659075 1.164418
v -0.284353 -0.659075 1.167138
v -0.434673 -1.012674 0.867698
v -0.272194 -1.243475 0.470738
v -0.434673 -1.012674 0.867698
v -0.279234 -1.012674 0.870418
v -0.427713 -1.243475 0.468018
v -0.264274 -1.323633 0.016177
v -0.427713 -1.243475 0.468018
v -0.272194 -1.243475 0.470738
v -0.419793 -1.323633 0.013458
v -0.272194 1.254526 0.470738
v -0.419793 1.334684 0.013458
v -0.264274 1.334684 0.016177
v -0.427713 1.254526 0.468018
v -0.256353 -1.243475 -0.438302
v -0.419793 -1.323633 0.013458
v -0.264274 -1.323633 0.016177
v -0.411874 -1.243475 -0.441023
v -0.249394 -1.012674 -0.838063
v -0.411874 -1.243475 -0.441023
v -0.256353 -1.243475 -0.438302
v -0.404914 -1.012674 -0.840782
v -0.249393 1.023726 -0.838063
v -0.399713 0.670046 -1.137422
v -0.244194 0.670046 -1.134702
v -0.404914 1.023726 -0.840782
v -0.241473 -0.225313 -1.292542
v -0.399714 -0.659075 -1.137422
v -0.244194 -0.659075 -1.134702
v -0.396914 -0.225313 -1.295263
v -0.241473 0.236286 -1.292542
v -0.396914 -0.225313 -1.295263
v -0.241473 -0.225313 -1.292542
v -0.396914 0.236286 -1.295263
v -0.244194 0.670046 -1.134702
v -0.396914 0.236286 -1.295263
v -0.241473 0.236286 -1.292542
v -0.399713 0.670046 -1.137422
v -0.244194 -0.659075 -1.134702
v -0.404914 -1.012674 -0.840782
v -0.249394 -1.012674 -0.838063
v -0.399714 -0.659075 -1.137422
v -0.256353 1.254526 -0.438302
v -0.404914 1.023726 -0.840782
v -0.249393 1.023726 -0.838063
v -0.411874 1.254526 -0.441023
v -0.264274 1.334684 0.016177
v -0.411874 1.254526 -0.441023
v -0.256353 1.254526 -0.438302
v -0.419793 1.334684 0.013458
v -0.091873 -1.295074 0.494338
v -0.165713 -0.974594 0.072257
v -0.084913 -1.364115 0.097778
v -0.170513 -0.912434 0.351138
v -0.160354 -0.965473 -0.233022
v -0.078274 -1.307554 -0.281742
v -0.445554 -1.415154 0.532658
v -0.171634 -1.491795 0.108738
v -0.438113 -1.491795 0.104098
v -0.179154 -1.415154 0.537298
v -0.164353 -1.428675 -0.311582
v -0.430754 -1.428675 -0.316302
v -0.431953 -0.935314 -0.248942
v -0.168994 -1.354994 -0.357902
v -0.429954 -1.354994 -0.362462
v -0.437234 -0.943073 0.055858
v -0.442114 -0.882515 0.335298
v -0.097874 -1.088995 0.840098
v -0.174913 -0.777874 0.603218
v -0.102274 -0.798834 1.091138
v -0.178913 -0.571955 0.828818
v -0.452113 -1.193954 0.907698
v -0.185714 -1.193954 0.912338
v -0.456994 -0.872114 1.185378
v -0.190514 -0.872194 1.190018
v -0.456754 -0.786194 1.172498
v -0.450514 -0.541794 0.812898
v -0.195793 -0.786194 1.176978
v -0.446513 -0.746353 0.586738
v 0.858287 1.900766 0.031458
v 0.890447 2.109247 -0.418862
v 0.865167 1.859327 -0.366142
v 0.882527 2.156286 0.032018
v 0.897886 1.970125 -0.847102
v 0.871806 1.736685 -0.743582
v 0.904686 1.744925 -1.237102
v 0.877807 1.538206 -1.087343
v 0.910526 1.443647 -1.571662
v 0.882926 1.272608 -1.382303
v 0.915167 1.079325 -1.836382
v 0.887007 0.951487 -1.615582
v 0.918366 0.667967 -2.019583
v 0.889807 0.588926 -1.777023
v 0.919967 0.227406 -2.113182
v 0.891247 0.200605 -1.859503
v 0.919967 -0.222914 -2.113262
v 0.891247 -0.196274 -1.859582
v 0.918366 -0.663395 -2.019662
v 0.889807 -0.584595 -1.777023
v 0.915167 -1.075314 -1.836222
v 0.887007 -0.948195 -1.615022
v 0.910526 -1.439154 -1.571903
v 0.882926 -1.268354 -1.382383
v 0.904686 -1.740515 -1.237262
v 0.877807 -1.533955 -1.087423
v 0.897886 -1.965714 -0.847342
v 0.871806 -1.732433 -0.743742
v 0.890447 -2.104914 -0.419102
v 0.865167 -1.855074 -0.366302
v 0.882526 -2.152035 0.031698
v 0.858287 -1.896595 0.031298
v 0.874766 -2.104994 0.476498
v 0.851406 -1.855154 0.423138
v 0.867327 -1.965874 0.904738
v 0.844847 -1.732513 0.800578
v 0.860526 -1.740675 1.294658
v 0.838846 -1.534035 1.144258
v 0.854687 -1.439394 1.629297
v 0.833647 -1.268435 1.439218
v 0.850046 -1.075073 1.894017
v 0.829566 -0.947313 1.672498
v 0.846847 -0.663633 2.077138
v 0.826766 -0.584675 1.833937
v 0.845246 -0.223154 2.170818
v 0.825326 -0.196434 1.916497
v 0.845246 0.227165 2.170818
v 0.825326 0.200525 1.916497
v 0.846847 0.667646 2.077218
v 0.826766 0.588766 1.834018
v 0.850046 1.078527 1.894418
v 0.829566 0.950365 1.673218
v 0.854687 1.443407 1.629458
v 0.833647 1.272528 1.439298
v 0.860526 1.744764 1.294898
v 0.838846 1.538126 1.144418
v 0.867327 1.969965 0.904978
v 0.844847 1.736605 0.800658
v 0.874766 2.109167 0.476737
v 0.851406 1.859247 0.423218
v -0.944274 2.420687 0.251298
v -0.870354 1.648127 -0.535743
v -0.926754 2.315004 -0.754302
v -0.882833 1.723326 0.180338
v -0.859473 1.288046 -1.159262
v -0.911473 1.809484 -1.629902
v -0.852034 0.705486 -1.582463
v -0.901073 0.991568 -2.224303
v -0.849474 0.001085 -1.732142
v -0.897393 0.002365 -2.434542
v -0.852034 -0.703314 -1.582463
v -0.901074 -0.986673 -2.224462
v -0.859473 -1.285873 -1.159262
v -0.911473 -1.804914 -1.630223
v -0.870354 -1.645954 -0.535743
v -0.926754 -2.310595 -0.754622
v -0.882834 -1.721233 0.180338
v -0.944274 -2.416353 0.250898
v -0.894754 -1.498674 0.865138
v -0.961074 -2.103954 1.212498
v -0.904114 -1.016834 1.400178
v -0.974194 -1.427395 1.963938
v -0.909234 -0.358994 1.692978
v -0.981314 -0.503633 2.375218
v -0.909234 0.361166 1.692978
v -0.981314 0.507567 2.375298
v -0.904114 1.019007 1.400178
v -0.974194 1.431486 1.964098
v -0.894753 1.500845 0.865138
v -0.961074 2.108126 1.212818
v 0.329566 -0.015795 -1.064142
v 0.371806 -0.072193 -1.129262
v 0.339486 -0.072193 -1.079502
v 0.381806 -0.015795 -1.144623
v 0.355646 0.019007 -1.104382
v 0.204606 -0.015795 -1.259662
v 0.178527 0.019007 -1.219423
v 0.194687 -0.072193 -1.244303
v 0.162367 -0.072193 -1.194542
v 0.152367 -0.015795 -1.179182
v 0.329566 -0.015795 -1.064142
v 0.329566 -0.015795 -1.064142
v 0.152367 -0.015795 -1.179182
v 0.736767 -0.742674 2.318098
v 0.599887 -0.267075 2.583698
v 0.734926 -0.249874 2.422898
v 0.601887 -0.793314 2.471778
v 0.599887 0.270925 2.583778
v 0.734926 0.253805 2.422898
v -0.815873 -0.267075 2.558978
v -0.813873 -0.793314 2.447057
v -0.815873 0.270926 2.559057
v -0.981314 -0.503633 2.375218
v -0.981314 0.507567 2.375298
v 0.734926 0.253805 2.422898
v 0.601887 0.797245 2.472018
v 0.736767 0.746607 2.318258
v 0.599887 0.270925 2.583778
v 0.605646 1.288767 2.253298
v 0.740366 1.206766 2.113457
v -0.813873 0.797245 2.447298
v -0.815873 0.270926 2.559057
v -0.810114 1.288767 2.228577
v -0.981314 0.507567 2.375298
v -0.974194 1.431486 1.964098
v 0.745486 -1.610353 1.817137
v 0.605646 -1.284754 2.252898
v 0.740366 -1.202833 2.113218
v 0.611166 -1.719954 1.936658
v 0.601887 -0.793314 2.471778
v 0.736767 -0.742674 2.318098
v -0.810114 -1.284754 2.228178
v -0.804594 -1.719954 1.911937
v -0.813873 -0.793314 2.447057
v -0.974194 -1.427395 1.963938
v -0.981314 -0.503633 2.375218
v 0.752047 1.951487 1.443138
v 0.626287 2.353167 1.071698
v 0.759647 2.203325 1.006978
v 0.618127 2.084127 1.537538
v 0.635246 2.519567 0.560098
v 0.768046 2.359087 0.527938
v -0.789473 2.353167 1.046978
v -0.797554 2.084127 1.512818
v -0.780514 2.519567 0.535378
v -0.961074 2.108126 1.212818
v -0.944274 2.420687 0.251298
v 0.768046 2.359087 0.527938
v 0.644527 2.575888 0.025138
v 0.776687 2.411726 0.030257
v 0.635246 2.519567 0.560098
v 0.653887 2.519648 -0.509823
v 0.785486 2.359087 -0.473822
v -0.771153 2.575888 0.000418
v -0.780514 2.519567 0.535378
v -0.761873 2.519648 -0.534542
v -0.944274 2.420687 0.251298
v -0.926754 2.315004 -0.754302
v 0.740366 1.206766 2.113457
v 0.611166 1.724047 1.937217
v 0.745486 1.614367 1.817378
v 0.605646 1.288767 2.253298
v 0.618127 2.084127 1.537538
v 0.752047 1.951487 1.443138
v -0.804594 1.724047 1.912498
v -0.810114 1.288767 2.228577
v -0.797554 2.084127 1.512818
v -0.974194 1.431486 1.964098
v -0.961074 2.108126 1.212818
v 0.776687 -2.407394 0.029858
v 0.635246 -2.514994 0.559298
v 0.768046 -2.354834 0.527538
v 0.644606 -2.571074 0.024338
v 0.626286 -2.348835 1.070898
v 0.759646 -2.199154 1.006578
v -0.780514 -2.514994 0.534578
v -0.771154 -2.571074 -0.000382
v -0.789474 -2.348835 1.046257
v -0.944274 -2.416353 0.250898
v -0.961074 -2.103954 1.212498
v 0.759646 -2.199154 1.006578
v 0.618206 -2.079874 1.536818
v 0.752047 -1.947393 1.442818
v 0.626286 -2.348835 1.070898
v 0.611166 -1.719954 1.936658
v 0.745486 -1.610353 1.817137
v -0.797554 -2.079874 1.512098
v -0.789474 -2.348835 1.046257
v -0.804594 -1.719954 1.911937
v -0.961074 -2.103954 1.212498
v -0.974194 -1.427395 1.963938
v 0.813167 1.207167 -2.059502
v 0.687246 0.798046 -2.422302
v 0.816767 0.747005 -2.264383
v 0.683486 1.289484 -2.203422
v 0.689246 0.271807 -2.534222
v 0.818606 0.254206 -2.369102
v -0.728434 0.798046 -2.447022
v -0.732274 1.289484 -2.228142
v -0.726514 0.271807 -2.558943
v -0.901073 0.991568 -2.224303
v -0.897393 0.002365 -2.434542
v 0.818606 0.254206 -2.369102
v 0.689246 -0.266193 -2.534302
v 0.818606 -0.249474 -2.369182
v 0.689246 0.271807 -2.534222
v 0.687326 -0.792515 -2.422542
v 0.816767 -0.742273 -2.264542
v -0.726514 -0.266193 -2.559022
v -0.726514 0.271807 -2.558943
v -0.728434 -0.792515 -2.447263
v -0.897393 0.002365 -2.434542
v -0.901074 -0.986673 -2.224462
v 0.801486 1.951727 -1.389102
v 0.677966 1.724688 -1.887182
v 0.808046 1.614687 -1.763422
v 0.670926 2.084604 -1.487342
v 0.683486 1.289484 -2.203422
v 0.813167 1.207167 -2.059502
v -0.737794 1.724688 -1.911902
v -0.744754 2.084604 -1.512062
v -0.732274 1.289484 -2.228142
v -0.911473 1.809484 -1.629902
v -0.901073 0.991568 -2.224303
v 0.808046 -1.610035 -1.763663
v 0.671006 -2.079393 -1.488062
v 0.801486 -1.947075 -1.389423
v 0.677966 -1.719315 -1.887742
v 0.662846 -2.348515 -1.022222
v 0.793886 -2.198994 -0.953263
v -0.744754 -2.079393 -1.512782
v -0.737794 -1.719315 -1.912462
v -0.752914 -2.348515 -1.046942
v -0.911473 -1.804914 -1.630223
v -0.926754 -2.310595 -0.754622
v 0.793886 -2.198994 -0.953263
v 0.653887 -2.514833 -0.510623
v 0.785486 -2.354753 -0.474222
v 0.662846 -2.348515 -1.022222
v 0.644606 -2.571074 0.024338
v 0.776687 -2.407394 0.029858
v -0.761873 -2.514833 -0.535342
v -0.752914 -2.348515 -1.046942
v -0.771154 -2.571074 -0.000382
v -0.926754 -2.310595 -0.754622
v -0.944274 -2.416353 0.250898
v 0.816767 -0.742273 -2.264542
v 0.683486 -1.284035 -2.203822
v 0.813167 -1.202435 -2.059663
v 0.687326 -0.792515 -2.422542
v 0.677966 -1.719315 -1.887742
v 0.808046 -1.610035 -1.763663
v -0.732274 -1.284035 -2.228543
v -0.728434 -0.792515 -2.447263
v -0.737794 -1.719315 -1.912462
v -0.901074 -0.986673 -2.224462
v -0.911473 -1.804914 -1.630223
v 0.785486 2.359087 -0.473822
v 0.662847 2.353567 -1.021423
v 0.793886 2.203485 -0.952863
v 0.653887 2.519648 -0.509823
v 0.670926 2.084604 -1.487342
v 0.801486 1.951727 -1.389102
v -0.752913 2.353567 -1.046142
v -0.761873 2.519648 -0.534542
v -0.744754 2.084604 -1.512062
v -0.926754 2.315004 -0.754302
v -0.911473 1.809484 -1.629902
v 0.769647 1.645327 0.029778
v 0.775646 1.609407 -0.314623
v 0.785486 2.359087 -0.473822
v 0.776687 2.411726 0.030257
v 0.781406 1.503244 -0.641262
v 0.793886 2.203485 -0.952863
v 0.786527 1.331488 -0.938702
v 0.801486 1.951727 -1.389102
v 0.791006 1.101564 -1.193982
v 0.808046 1.614687 -1.763422
v 0.794526 0.823646 -1.395902
v 0.813167 1.207167 -2.059502
v 0.797007 0.509806 -1.535582
v 0.816767 0.747005 -2.264383
v 0.798206 0.173805 -1.607023
v 0.818606 0.254206 -2.369102
v 0.798206 -0.169714 -1.607023
v 0.818606 -0.249474 -2.369182
v 0.797007 -0.505714 -1.535582
v 0.816767 -0.742273 -2.264542
v 0.794526 -0.821154 -1.394943
v 0.813167 -1.202435 -2.059663
v 0.791006 -1.097473 -1.193982
v 0.808046 -1.610035 -1.763663
v 0.786527 -1.327394 -0.938702
v 0.801486 -1.947075 -1.389423
v 0.781406 -1.499153 -0.641262
v 0.793886 -2.198994 -0.953263
v 0.775646 -1.605314 -0.314623
v 0.785486 -2.354753 -0.474222
v 0.769647 -1.641233 0.029778
v 0.776687 -2.407394 0.029858
v 0.763726 -1.605314 0.368578
v 0.768046 -2.354834 0.527538
v 0.758046 -1.499153 0.695298
v 0.759646 -2.199154 1.006578
v 0.752847 -1.327394 0.992738
v 0.752047 -1.947393 1.442818
v 0.748366 -1.097473 1.248018
v 0.745486 -1.610353 1.817137
v 0.744846 -0.819553 1.449938
v 0.740366 -1.202833 2.113218
v 0.742446 -0.505714 1.589617
v 0.736767 -0.742674 2.318098
v 0.741166 -0.169714 1.661058
v 0.734926 -0.249874 2.422898
v 0.741166 0.173805 1.661058
v 0.734926 0.253805 2.422898
v 0.742446 0.509806 1.589617
v 0.736767 0.746607 2.318258
v 0.744846 0.822126 1.450818
v 0.740366 1.206766 2.113457
v 0.748366 1.101564 1.248018
v 0.745486 1.614367 1.817378
v 0.752847 1.331488 0.992738
v 0.752047 1.951487 1.443138
v 0.758046 1.503244 0.695298
v 0.759647 2.203325 1.006978
v 0.763726 1.609407 0.368578
v 0.768046 2.359087 0.527938
v 0.223006 0.229727 0.717218
v 0.128686 -0.052275 0.360658
v 0.222366 0.002365 0.753218
v 0.129327 0.160927 0.326898
v 0.175007 -0.043715 0.307458
v 0.175487 0.136045 0.278978
v 0.612046 -0.026915 0.209058
v 0.612367 0.087326 0.190978
v 0.634287 0.076687 0.170418
v 0.667167 0.002365 0.025138
v 0.634047 -0.023233 0.186258
v 0.223006 -0.224995 0.717218
v 0.130446 -0.244595 0.262738
v 0.224847 -0.430115 0.612738
v 0.176446 -0.205874 0.224818
v 0.612926 -0.129953 0.156577
v 0.634847 -0.113394 0.140338
v 0.227647 -0.592834 0.450018
v 0.133806 -0.342514 0.070418
v 0.231246 -0.697393 0.244898
v 0.179246 -0.288513 0.062658
v 0.614766 -0.182514 0.053538
v 0.636367 -0.159313 0.050178
v 0.235247 -0.733395 0.017617
v 0.137486 -0.308754 -0.142702
v 0.239166 -0.697393 -0.209742
v 0.182446 -0.260035 -0.117022
v 0.616766 -0.164434 -0.060702
v 0.638126 -0.143475 -0.049742
v 0.242766 -0.592834 -0.414782
v 0.140126 -0.156195 -0.295262
v 0.245566 -0.430115 -0.577502
v 0.184687 -0.131313 -0.245662
v 0.618206 -0.082594 -0.142543
v 0.639406 -0.071955 -0.121262
v 0.247406 -0.224995 -0.682062
v 0.140766 0.057007 -0.329022
v 0.248047 0.002365 -0.718062
v 0.185166 0.048447 -0.274143
v 0.618526 0.031647 -0.160622
v 0.639647 0.027966 -0.137023
v 0.247406 0.229727 -0.682062
v 0.139007 0.249247 -0.231023
v 0.245566 0.434847 -0.577502
v 0.183726 0.210606 -0.191582
v 0.617566 0.134685 -0.108143
v 0.638846 0.118126 -0.091102
v 0.242766 0.597567 -0.414782
v 0.135647 0.347246 -0.038782
v 0.239166 0.702045 -0.209742
v 0.180846 0.293165 -0.029423
v 0.615807 0.187246 -0.005022
v 0.637326 0.164045 -0.001022
v 0.235247 0.738127 0.017617
v 0.131967 0.313486 0.174338
v 0.231246 0.702045 0.244898
v 0.177727 0.264767 0.150257
v 0.613807 0.169167 0.109218
v 0.635567 0.148207 0.098898
v 0.227647 0.597567 0.450018
v 0.224847 0.434847 0.612738
v 0.219326 0.266287 0.829778
v 0.218606 0.002365 0.871538
v 0.223006 0.229727 0.717218
v 0.219326 -0.261555 0.829778
v 0.224847 -0.430115 0.612738
v 0.221486 -0.499714 0.708418
v 0.227647 -0.592834 0.450018
v 0.224767 -0.688595 0.519538
v 0.231246 -0.697393 0.244898
v 0.228927 -0.809954 0.281458
v 0.235247 -0.733395 0.017617
v 0.233566 -0.851713 0.017537
v 0.239166 -0.697393 -0.209742
v 0.238127 -0.809954 -0.246302
v 0.242766 -0.592834 -0.414782
v 0.242287 -0.688595 -0.484382
v 0.245566 -0.430115 -0.577502
v 0.245566 -0.499714 -0.673342
v 0.247406 -0.224995 -0.682062
v 0.247726 -0.261555 -0.794622
v 0.248047 0.002365 -0.718062
v 0.248446 0.002365 -0.836383
v 0.247406 0.229727 -0.682062
v 0.247726 0.266287 -0.794622
v 0.245566 0.434847 -0.577502
v 0.245566 0.504366 -0.673342
v 0.242766 0.597567 -0.414782
v 0.242287 0.693325 -0.484382
v 0.239166 0.702045 -0.209742
v 0.238127 0.814686 -0.246302
v 0.235247 0.738127 0.017617
v 0.233566 0.856447 0.017537
v 0.231246 0.702045 0.244898
v 0.228927 0.814686 0.281458
v 0.227647 0.597567 0.450018
v 0.224767 0.693325 0.519538
v 0.224847 0.434847 0.612738
v 0.221486 0.504366 0.708418
v 0.179966 0.002365 0.974738
v 0.180766 -0.293634 0.927858
v 0.084927 -0.159313 1.137058
v 0.024206 -0.389874 1.221218
v 0.023646 -0.193394 1.252338
v 0.126846 -0.082193 1.066338
v 0.148526 0.002365 1.036578
v 0.180766 0.298367 0.927858
v 0.126846 0.086845 1.066338
v 0.024206 0.394606 1.221218
v 0.084927 0.164045 1.137058
v 0.023646 0.198126 1.252338
v 0.183167 0.565407 0.791778
v 0.087007 0.531006 1.017858
v 0.025806 0.571806 1.130978
v 0.129486 0.551407 0.915378
v 0.151966 0.602125 0.841698
v 0.186847 0.777407 0.579938
v 0.131247 0.688206 0.816018
v 0.032287 1.029245 0.760258
v 0.090286 0.792606 0.827857
v 0.029806 0.888605 0.900818
v 0.191567 0.913406 0.312898
v 0.095726 1.019407 0.515698
v 0.035326 1.119566 0.583058
v 0.138126 0.975246 0.420978
v 0.160847 0.972767 0.331618
v 0.196687 0.960367 0.016897
v 0.140926 1.027487 0.260178
v 0.045246 1.271646 0.014258
v 0.101167 1.119326 0.208258
v 0.041886 1.240526 0.210658
v 0.201886 0.913406 -0.279102
v 0.107886 1.119326 -0.177583
v 0.048686 1.240526 -0.182142
v 0.149487 1.027487 -0.228142
v 0.171886 0.972767 -0.298862
v 0.206527 0.777407 -0.546062
v 0.152287 0.975246 -0.388942
v 0.058287 1.029245 -0.731663
v 0.113246 1.019407 -0.485102
v 0.055246 1.119566 -0.554462
v 0.210206 0.565407 -0.757982
v 0.118687 0.792606 -0.797182
v 0.060766 0.888605 -0.872302
v 0.159166 0.688206 -0.783983
v 0.180766 0.602125 -0.808943
v 0.212606 0.298367 -0.893983
v 0.160927 0.551407 -0.883343
v 0.066366 0.394606 -1.192703
v 0.121966 0.531006 -0.987262
v 0.064767 0.571806 -1.102382
v 0.213407 0.002365 -0.940862
v 0.124046 0.164045 -1.106462
v 0.066926 0.198126 -1.223822
v 0.163567 0.086845 -1.034222
v 0.184206 0.002365 -1.003823
v 0.212606 -0.293634 -0.893983
v 0.163567 -0.082193 -1.034222
v 0.066366 -0.389874 -1.192703
v 0.124046 -0.159313 -1.106462
v 0.066926 -0.193394 -1.223822
v 0.210206 -0.560755 -0.757982
v 0.121966 -0.526274 -0.987262
v 0.064767 -0.567074 -1.102382
v 0.160927 -0.546675 -0.883343
v 0.180766 -0.597395 -0.808943
v 0.206527 -0.772675 -0.546062
v 0.159166 -0.683474 -0.783983
v 0.058287 -1.024513 -0.731663
v 0.118687 -0.787874 -0.797182
v 0.060766 -0.883875 -0.872302
v 0.201886 -0.908754 -0.279102
v 0.113246 -1.014673 -0.485102
v 0.055246 -1.114834 -0.554462
v 0.152286 -0.970514 -0.388942
v 0.171886 -0.968035 -0.298862
v 0.196687 -0.955633 0.016897
v 0.149486 -1.022755 -0.228142
v 0.045246 -1.266914 0.014258
v 0.107886 -1.114594 -0.177583
v 0.048686 -1.235794 -0.182142
v 0.191566 -0.908754 0.312898
v 0.101167 -1.114594 0.208258
v 0.041886 -1.235794 0.210658
v 0.140926 -1.022755 0.260178
v 0.160847 -0.968035 0.331618
v 0.186847 -0.772675 0.579938
v 0.138126 -0.970514 0.420978
v 0.032287 -1.024513 0.760258
v 0.095726 -1.014673 0.515698
v 0.035326 -1.114834 0.583058
v 0.183166 -0.560755 0.791778
v 0.090286 -0.787874 0.827857
v 0.029806 -0.883875 0.900818
v 0.131247 -0.683474 0.816018
v 0.151966 -0.597395 0.841698
v 0.129486 -0.546675 0.915378
v 0.087007 -0.526274 1.017858
v 0.025806 -0.567074 1.130978
v 0.766446 0.506287 1.578178
v 0.726526 0.157967 1.507057
v 0.765166 0.172846 1.649058
v 0.727726 0.462446 1.442338
v 0.726526 -0.153235 1.507057
v 0.765166 -0.168114 1.649058
v 0.727726 -0.457714 1.442338
v 0.766446 -0.501635 1.578178
v 0.651007 0.446047 1.390658
v 0.024766 0.125727 1.187858
v 0.649966 0.152447 1.453058
v 0.025726 0.367086 1.136578
v 0.024766 -0.120995 1.187858
v 0.649966 -0.147715 1.453058
v 0.025726 -0.362354 1.136578
v 0.651007 -0.441315 1.390658
v 0.691566 0.154285 1.471378
v 0.692606 0.451567 1.408178
v 0.691566 -0.149553 1.471378
v 0.692606 -0.446835 1.408178
v 0.820606 -0.501635 -1.523503
v 0.778286 -0.153235 -1.453822
v 0.821806 -0.168114 -1.594383
v 0.777086 -0.457714 -1.389102
v 0.778286 0.157967 -1.453822
v 0.821806 0.172846 -1.594383
v 0.777086 0.462446 -1.389102
v 0.820606 0.506287 -1.523503
v 0.698687 -0.441315 -1.340142
v 0.065726 -0.120995 -1.159262
v 0.699806 -0.147715 -1.402542
v 0.064846 -0.362354 -1.107982
v 0.065726 0.125727 -1.159262
v 0.699806 0.152447 -1.402542
v 0.064846 0.367086 -1.107982
v 0.698687 0.446047 -1.340142
v 0.741966 -0.149553 -1.419342
v 0.740847 -0.446835 -1.356222
v 0.741966 0.154285 -1.419342
v 0.740847 0.451567 -1.356222
v 0.810206 -1.317074 -0.931103
v 0.771727 -0.993874 -1.079582
v 0.814687 -1.088915 -1.184462
v 0.767647 -1.202114 -0.848382
v 0.774926 -0.742035 -1.262542
v 0.818127 -0.813074 -1.384783
v 0.777086 -0.457714 -1.389102
v 0.820606 -0.501635 -1.523503
v 0.689567 -1.159313 -0.818622
v 0.060606 -0.787313 -0.862622
v 0.693486 -0.958433 -1.041662
v 0.057406 -0.952435 -0.679343
v 0.063086 -0.587713 -1.007663
v 0.696526 -0.715553 -1.218063
v 0.064846 -0.362354 -1.107982
v 0.698687 -0.441315 -1.340142
v 0.735646 -0.970274 -1.054062
v 0.731646 -1.173553 -0.828223
v 0.738687 -0.724434 -1.232622
v 0.740847 -0.446835 -1.356222
v 0.793487 -1.628513 0.027297
v 0.757807 -1.453955 -0.282862
v 0.799406 -1.592834 -0.311662
v 0.752366 -1.486435 0.026657
v 0.763006 -1.357714 -0.578862
v 0.805086 -1.487474 -0.635902
v 0.767647 -1.202114 -0.848382
v 0.810206 -1.317074 -0.931103
v 0.674847 -1.433474 0.025297
v 0.049566 -1.152035 -0.231103
v 0.680046 -1.402115 -0.273263
v 0.045246 -1.177874 0.014258
v 0.053646 -1.075794 -0.465663
v 0.685086 -1.309395 -0.558702
v 0.057406 -0.952435 -0.679343
v 0.689567 -1.159313 -0.818622
v 0.722047 -1.419394 -0.276142
v 0.716766 -1.451155 0.026017
v 0.727086 -1.325554 -0.565102
v 0.731646 -1.173553 -0.828223
v 0.776767 -1.317074 0.985778
v 0.741806 -1.357714 0.632098
v 0.781966 -1.487474 0.690578
v 0.737166 -1.202114 0.901618
v 0.747006 -1.453955 0.336098
v 0.787566 -1.592834 0.366338
v 0.752366 -1.486435 0.026657
v 0.793487 -1.628513 0.027297
v 0.660127 -1.159313 0.869138
v 0.036926 -1.075794 0.494258
v 0.664686 -1.309395 0.609218
v 0.033167 -0.952435 0.707858
v 0.041006 -1.152035 0.259618
v 0.669646 -1.402115 0.323778
v 0.045246 -1.177874 0.014258
v 0.674847 -1.433474 0.025297
v 0.706447 -1.325554 0.617138
v 0.701806 -1.173553 0.880258
v 0.711487 -1.419394 0.328178
v 0.716766 -1.451155 0.026017
v 0.766446 -0.501635 1.578178
v 0.729886 -0.742035 1.315778
v 0.768846 -0.813074 1.439458
v 0.727726 -0.457714 1.442338
v 0.733087 -0.993874 1.132818
v 0.772366 -1.088915 1.239138
v 0.737166 -1.202114 0.901618
v 0.776767 -1.317074 0.985778
v 0.651007 -0.441315 1.390658
v 0.027407 -0.587713 1.036178
v 0.653167 -0.715553 1.268578
v 0.025726 -0.362354 1.136578
v 0.029966 -0.787313 0.891218
v 0.656206 -0.958433 1.092178
v 0.033167 -0.952435 0.707858
v 0.660127 -1.159313 0.869138
v 0.694766 -0.724434 1.284578
v 0.692606 -0.446835 1.408178
v 0.697886 -0.970274 1.106018
v 0.701806 -1.173553 0.880258
v 0.776767 1.321726 0.985778
v 0.733087 0.998606 1.132818
v 0.772367 1.093645 1.239138
v 0.737166 1.206846 0.901618
v 0.729886 0.746765 1.315778
v 0.768847 0.817806 1.439458
v 0.727726 0.462446 1.442338
v 0.766446 0.506287 1.578178
v 0.660127 1.163965 0.869138
v 0.029966 0.792046 0.891218
v 0.656206 0.963167 1.092178
v 0.033167 0.957167 0.707858
v 0.027407 0.592445 1.036178
v 0.653167 0.720285 1.268578
v 0.025726 0.367086 1.136578
v 0.651007 0.446047 1.390658
v 0.697887 0.975006 1.106018
v 0.701806 1.178286 0.880258
v 0.694766 0.729166 1.284578
v 0.692606 0.451567 1.408178
v 0.793487 1.633245 0.027297
v 0.747006 1.458605 0.336098
v 0.787566 1.597567 0.366338
v 0.752366 1.491167 0.026657
v 0.741806 1.362448 0.632098
v 0.781966 1.492205 0.690578
v 0.737166 1.206846 0.901618
v 0.776767 1.321726 0.985778
v 0.674847 1.438208 0.025297
v 0.041006 1.156767 0.259618
v 0.669646 1.406847 0.323778
v 0.045246 1.182528 0.014258
v 0.036926 1.080526 0.494258
v 0.664686 1.314127 0.609218
v 0.033167 0.957167 0.707858
v 0.660127 1.163965 0.869138
v 0.711487 1.424128 0.328178
v 0.716766 1.455885 0.026017
v 0.706447 1.330206 0.617138
v 0.701806 1.178286 0.880258
v 0.810206 1.321726 -0.931103
v 0.763006 1.362448 -0.578862
v 0.805086 1.492205 -0.635902
v 0.767647 1.206846 -0.848382
v 0.757807 1.458605 -0.282862
v 0.799406 1.597567 -0.311662
v 0.752366 1.491167 0.026657
v 0.793487 1.633245 0.027297
v 0.689567 1.163965 -0.818622
v 0.053646 1.080526 -0.465663
v 0.685086 1.314127 -0.558702
v 0.057406 0.957167 -0.679343
v 0.049566 1.156767 -0.231103
v 0.680046 1.406847 -0.273263
v 0.045246 1.182528 0.014258
v 0.674847 1.438208 0.025297
v 0.727086 1.330206 -0.565102
v 0.731647 1.178286 -0.828223
v 0.722047 1.424128 -0.276142
v 0.716766 1.455885 0.026017
v 0.820606 0.506287 -1.523503
v 0.774926 0.746765 -1.262542
v 0.818127 0.817806 -1.384783
v 0.777086 0.462446 -1.389102
v 0.771727 0.998606 -1.079582
v 0.814687 1.093645 -1.184462
v 0.767647 1.206846 -0.848382
v 0.810206 1.321726 -0.931103
v 0.698687 0.446047 -1.340142
v 0.063087 0.592445 -1.007663
v 0.696527 0.720285 -1.218063
v 0.064846 0.367086 -1.107982
v 0.060606 0.792046 -0.862622
v 0.693486 0.963167 -1.041662
v 0.057406 0.957167 -0.679343
v 0.689567 1.163965 -0.818622
v 0.738687 0.729166 -1.232622
v 0.740847 0.451567 -1.356222
v 0.735646 0.975006 -1.054062
v 0.731647 1.178286 -0.828223
v 0.742446 0.509806 1.589617
v 0.741166 0.173805 1.661058
v 0.744846 0.822126 1.450818
v 0.748366 1.101564 1.248018
v 0.752847 1.331488 0.992738
v 0.758046 1.503244 0.695298
v 0.763726 1.609407 0.368578
v 0.769647 1.645327 0.029778
v 0.775646 1.609407 -0.314623
v 0.781406 1.503244 -0.641262
v 0.786527 1.331488 -0.938702
v 0.791006 1.101564 -1.193982
v 0.794526 0.823646 -1.395902
v 0.797007 0.509806 -1.535582
v 0.798206 0.173805 -1.607023
v 0.798206 -0.169714 -1.607023
v 0.797007 -0.505714 -1.535582
v 0.794526 -0.821154 -1.394943
v 0.791006 -1.097473 -1.193982
v 0.786527 -1.327394 -0.938702
v 0.781406 -1.499153 -0.641262
v 0.775646 -1.605314 -0.314623
v 0.769647 -1.641233 0.029778
v 0.763726 -1.605314 0.368578
v 0.758046 -1.499153 0.695298
v 0.752847 -1.327394 0.992738
v 0.748366 -1.097473 1.248018
v 0.744846 -0.819553 1.449938
v 0.742446 -0.505714 1.589617
v 0.741166 -0.169714 1.661058
vn 0.2010 -0.9754 0.0906
vn 0.2040 -0.9754 -0.0835
vn 0.1953 -0.8883 0.4157
vn 0.1927 -0.8012 0.5666
vn 0.1885 -0.5631 0.8046
vn 0.1870 -0.4123 0.8917
vn 0.1855 -0.0871 0.9788
vn 0.1855 0.0871 0.9788
vn 0.1870 0.4123 0.8917
vn 0.1885 0.5631 0.8046
vn 0.1927 0.8012 0.5666
vn 0.1953 0.8883 0.4157
vn 0.2010 0.9754 0.0906
vn 0.2040 0.9754 -0.0835
vn 0.2097 0.8883 -0.4087
vn 0.2123 0.8012 -0.5595
vn 0.2165 0.5631 -0.7975
vn 0.2180 0.4123 -0.8846
vn 0.2195 0.0871 -0.9717
vn 0.2195 -0.0871 -0.9717
vn 0.2180 -0.4123 -0.8846
vn 0.2165 -0.5631 -0.7975
vn 0.2123 -0.8012 -0.5595
vn 0.2097 -0.8883 -0.4087
vn 0.9998 -0.0000 0.0174
vn 0.9998 -0.0000 0.0175
vn -0.0087 0.8660 0.4999
vn -0.0134 0.6428 0.7659
vn -0.0164 0.3420 0.9396
vn -0.0175 -0.0000 0.9998
vn -0.0164 -0.3420 0.9396
vn -0.0134 -0.6429 0.7659
vn -0.0087 -0.8660 0.4999
vn -0.0030 -0.9848 0.1736
vn -0.0030 0.9848 0.1736
vn 0.0030 -0.9848 -0.1736
vn 0.0087 -0.8661 -0.4999
vn 0.0134 0.6427 -0.7660
vn 0.0164 -0.3420 -0.9396
vn 0.0175 -0.0000 -0.9998
vn 0.0164 0.3420 -0.9396
vn 0.0134 -0.6428 -0.7659
vn 0.0087 0.8661 -0.4999
vn 0.0030 0.9848 -0.1736
vn 0.9789 -0.1743 0.1062
vn 0.9812 -0.1893 0.0383
vn 0.6785 0.7337 -0.0362
vn 0.6842 0.6944 -0.2228
vn 0.9050 -0.2355 -0.3543
vn 0.7238 0.5298 -0.4421
vn -0.0051 -0.9568 0.2907
vn 0.0007 -0.9992 -0.0407
vn 0.4690 -0.8825 0.0335
vn 0.4669 -0.8213 0.3278
vn 0.0117 -0.7441 -0.6680
vn 0.3696 -0.8188 -0.4393
vn 0.1035 0.8043 -0.5851
vn 0.2636 -0.1144 -0.9578
vn 0.0173 -0.1472 -0.9890
vn 0.1201 0.9839 -0.1324
vn 0.1252 0.9145 -0.3848
vn 0.9777 -0.1344 0.1615
vn 0.6815 0.6107 -0.4033
vn 0.9301 0.1864 0.3166
vn 0.4066 0.9134 0.0181
vn -0.0104 -0.8015 0.5979
vn 0.4605 -0.6681 0.5845
vn -0.0167 -0.2778 0.9605
vn 0.5412 -0.2623 0.7990
vn 0.1138 0.9914 -0.0653
vn 0.0118 0.6607 0.7506
vn 0.2662 0.4623 0.8458
vn 0.1261 0.7864 -0.6047
vn 0.9770 -0.2127 0.0128
vn 0.9763 -0.2089 0.0571
vn 0.9894 0.1433 -0.0220
vn 0.9889 0.1483 0.0087
vn 0.9755 -0.1960 0.0998
vn 0.9899 0.1320 -0.0509
vn 0.9748 -0.1745 0.1387
vn 0.9904 0.1149 -0.0769
vn 0.9743 -0.1453 0.1723
vn 0.9908 0.0928 -0.0987
vn 0.9738 -0.1099 0.1991
vn 0.9911 0.0667 -0.1155
vn 0.9735 -0.0696 0.2180
vn 0.9913 0.0376 -0.1264
vn 0.9733 -0.0263 0.2281
vn 0.9913 0.0069 -0.1311
vn 0.9733 0.0181 0.2289
vn 0.9913 -0.0241 -0.1293
vn 0.9734 0.0618 0.2206
vn 0.9912 -0.0540 -0.1211
vn 0.9737 0.1028 0.2032
vn 0.9909 -0.0816 -0.1068
vn 0.9742 0.1393 0.1778
vn 0.9906 -0.1056 -0.0872
vn 0.9747 0.1696 0.1454
vn 0.9901 -0.1251 -0.0630
vn 0.9754 0.1926 0.1073
vn 0.9897 -0.1390 -0.0352
vn 0.9761 0.2072 0.0652
vn 0.9891 -0.1469 -0.0051
vn 0.9769 0.2127 0.0210
vn 0.9886 -0.1483 0.0260
vn 0.9777 0.2089 -0.0233
vn 0.9881 -0.1434 0.0565
vn 0.9784 0.1960 -0.0657
vn 0.9875 -0.1321 0.0855
vn 0.9791 0.1746 -0.1047
vn 0.9871 -0.1150 0.1114
vn 0.9797 0.1454 -0.1383
vn 0.9867 -0.0929 0.1333
vn 0.9801 0.1099 -0.1651
vn 0.9864 -0.0667 0.1501
vn 0.9805 0.0697 -0.1840
vn 0.9862 -0.0377 0.1610
vn 0.9806 0.0263 -0.1941
vn 0.9862 -0.0070 0.1657
vn 0.9807 -0.0182 -0.1949
vn 0.9862 0.0241 0.1639
vn 0.9805 -0.0618 -0.1865
vn 0.9863 0.0540 0.1557
vn 0.9802 -0.1027 -0.1692
vn 0.9866 0.0816 0.1415
vn 0.9798 -0.1393 -0.1438
vn 0.9869 0.1057 0.1218
vn 0.9792 -0.1697 -0.1113
vn 0.9873 0.1251 0.0975
vn 0.9785 -0.1927 -0.0732
vn 0.9878 0.1390 0.0697
vn 0.9778 -0.2072 -0.0312
vn 0.9883 0.1469 0.0398
vn -0.9961 -0.0857 -0.0203
vn -0.9967 -0.0794 0.0148
vn -0.9965 -0.0832 0.0033
vn -0.9959 -0.0845 -0.0324
vn -0.9972 -0.0595 0.0443
vn -0.9971 -0.0676 0.0353
vn -0.9976 -0.0293 0.0631
vn -0.9975 -0.0403 0.0582
vn -0.9977 0.0061 0.0681
vn -0.9977 -0.0060 0.0681
vn -0.9975 0.0403 0.0583
vn -0.9976 0.0293 0.0632
vn -0.9971 0.0677 0.0354
vn -0.9972 0.0596 0.0444
vn -0.9965 0.0835 0.0033
vn -0.9967 0.0797 0.0149
vn -0.9959 0.0847 -0.0324
vn -0.9961 0.0860 -0.0203
vn -0.9953 0.0713 -0.0656
vn -0.9955 0.0774 -0.0551
vn -0.9949 0.0456 -0.0904
vn -0.9950 0.0554 -0.0833
vn -0.9947 0.0119 -0.1026
vn -0.9947 0.0238 -0.1001
vn -0.9947 -0.0237 -0.1001
vn -0.9947 -0.0119 -0.1026
vn -0.9950 -0.0553 -0.0832
vn -0.9949 -0.0455 -0.0903
vn -0.9955 -0.0772 -0.0549
vn -0.9953 -0.0712 -0.0655
vn 0.8387 -0.0001 0.5445
vn -0.0733 -0.6015 0.7955
vn 0.6862 -0.7217 0.0911
vn 0.9481 0.0598 -0.3122
vn 0.4308 0.9023 0.0192
vn 0.4640 0.5240 -0.7142
vn -0.1282 0.9719 0.1973
vn 0.4146 -0.6480 -0.6389
vn -0.2075 -0.9246 0.3195
vn -0.5180 -0.3090 0.7976
vn -0.5180 -0.3088 0.7977
vn -0.3200 0.8091 0.4929
vn -0.3201 0.8091 0.4929
vn 0.7661 -0.1309 0.6293
vn 0.7674 -0.0438 0.6397
vn 0.4165 -0.0872 0.9049
vn 0.2669 -0.1995 0.9428
vn 0.7659 -0.0000 0.6429
vn 0.5522 -0.0001 0.8337
vn -0.3894 -0.1052 0.9150
vn -0.3344 -0.1972 0.9216
vn -0.2799 -0.0002 0.9600
vn -0.6846 -0.0835 0.7241
vn -0.7432 -0.0001 0.6691
vn 0.7662 0.1307 0.6292
vn 0.7682 0.2146 0.6032
vn 0.4174 0.2853 0.8628
vn 0.2670 0.1992 0.9429
vn 0.7668 0.2560 0.5886
vn 0.5536 0.3350 0.7624
vn -0.3889 0.2788 0.8781
vn -0.3346 0.1970 0.9216
vn -0.2785 0.3923 0.8767
vn -0.6843 0.2230 0.6943
vn -0.7422 0.2772 0.6101
vn 0.7676 -0.3704 0.5231
vn 0.7685 -0.2948 0.5679
vn 0.4184 -0.4448 0.7919
vn 0.2698 -0.5638 0.7806
vn 0.7668 -0.2561 0.5886
vn 0.5533 -0.3353 0.7626
vn -0.3872 -0.4710 0.7926
vn -0.3315 -0.5574 0.7612
vn -0.2784 -0.3926 0.8766
vn -0.6827 -0.3758 0.6267
vn -0.7419 -0.2775 0.6104
vn 0.7714 0.5451 0.3283
vn 0.7744 0.5818 0.2486
vn 0.4260 0.8266 0.3678
vn 0.2750 0.8304 0.4845
vn 0.7736 0.5985 0.2082
vn 0.5623 0.7835 0.2645
vn -0.3802 0.8440 0.3783
vn -0.3267 0.8209 0.4685
vn -0.2685 0.9175 0.2936
vn -0.6774 0.6739 0.2950
vn -0.7350 0.6485 0.1980
vn 0.7753 0.6265 0.0797
vn 0.7787 0.6273 -0.0080
vn 0.4324 0.9017 0.0006
vn 0.2816 0.9537 0.1053
vn 0.7780 0.6261 -0.0518
vn 0.5683 0.8193 -0.0761
vn -0.3735 0.9276 0.0018
vn -0.3201 0.9428 0.0936
vn -0.2613 0.9595 -0.1054
vn -0.6720 0.7405 -0.0056
vn -0.7299 0.6783 -0.0840
vn 0.7680 0.3699 0.5228
vn 0.7706 0.4359 0.4649
vn 0.4207 0.6086 0.6728
vn 0.2699 0.5635 0.7807
vn 0.7696 0.4676 0.4347
vn 0.5571 0.6121 0.5612
vn -0.3856 0.6145 0.6883
vn -0.3318 0.5570 0.7613
vn -0.2746 0.7168 0.6410
vn -0.6817 0.4909 0.5425
vn -0.7393 0.5067 0.4435
vn 0.7746 -0.6274 0.0794
vn 0.7751 -0.6097 0.1657
vn 0.4282 -0.8808 0.2019
vn 0.2810 -0.9539 0.1050
vn 0.7730 -0.5992 0.2083
vn 0.5616 -0.7840 0.2644
vn -0.3761 -0.9093 0.1782
vn -0.3194 -0.9430 0.0933
vn -0.2680 -0.9176 0.2934
vn -0.6737 -0.7264 0.1363
vn -0.7344 -0.6492 0.1980
vn 0.7709 -0.5457 0.3284
vn 0.7712 -0.4950 0.4003
vn 0.4226 -0.7255 0.5432
vn 0.2747 -0.8307 0.4843
vn 0.7691 -0.4682 0.4350
vn 0.5566 -0.6125 0.5613
vn -0.3825 -0.7554 0.5320
vn -0.3261 -0.8212 0.4683
vn -0.2743 -0.7171 0.6408
vn -0.6788 -0.6032 0.4188
vn -0.7388 -0.5073 0.4437
vn 0.7864 0.2563 -0.5620
vn 0.7884 0.1732 -0.5903
vn 0.4469 0.2720 -0.8522
vn 0.2985 0.3902 -0.8710
vn 0.7871 0.1310 -0.6027
vn 0.5801 0.1716 -0.7963
vn -0.3575 0.2946 -0.8862
vn -0.3026 0.3858 -0.8715
vn -0.2464 0.2008 -0.9481
vn -0.6587 0.2349 -0.7148
vn -0.7190 0.1420 -0.6803
vn 0.7872 0.0001 -0.6167
vn 0.7885 -0.0875 -0.6088
vn 0.4474 -0.1013 -0.8886
vn 0.2997 0.0001 -0.9540
vn 0.7869 -0.1310 -0.6030
vn 0.5800 -0.1713 -0.7964
vn -0.3567 -0.0887 -0.9300
vn -0.3012 0.0001 -0.9536
vn -0.2463 -0.2005 -0.9482
vn -0.6581 -0.0714 -0.7496
vn -0.7188 -0.1419 -0.6806
vn 0.7837 0.4684 -0.4079
vn 0.7864 0.4037 -0.4675
vn 0.4438 0.5982 -0.6673
vn 0.2945 0.7128 -0.6366
vn 0.7855 0.3702 -0.4960
vn 0.5779 0.4846 -0.6567
vn -0.3611 0.6270 -0.6903
vn -0.3070 0.7047 -0.6397
vn -0.2492 0.5672 -0.7850
vn -0.6619 0.5004 -0.5582
vn -0.7211 0.4013 -0.5648
vn 0.7834 -0.4685 -0.4084
vn 0.7837 -0.5212 -0.3379
vn 0.4408 -0.7339 -0.5169
vn 0.2942 -0.7127 -0.6368
vn 0.7817 -0.5459 -0.3017
vn 0.5731 -0.7139 -0.4024
vn -0.3631 -0.7458 -0.5585
vn -0.3064 -0.7046 -0.6400
vn -0.2543 -0.8355 -0.4871
vn -0.6631 -0.5963 -0.4525
vn -0.7245 -0.5913 -0.3542
vn 0.7795 -0.5996 -0.1813
vn 0.7797 -0.6188 -0.0954
vn 0.4348 -0.8837 -0.1731
vn 0.2883 -0.9121 -0.2915
vn 0.7780 -0.6261 -0.0518
vn 0.5677 -0.8197 -0.0762
vn -0.3693 -0.9059 -0.2075
vn -0.3125 -0.9017 -0.2987
vn -0.2611 -0.9595 -0.1055
vn -0.6681 -0.7239 -0.1718
vn -0.7291 -0.6792 -0.0841
vn 0.7861 -0.2564 -0.5624
vn 0.7869 -0.3331 -0.5195
vn 0.4452 -0.4571 -0.7700
vn 0.2983 -0.3900 -0.8712
vn 0.7849 -0.3705 -0.4966
vn 0.5774 -0.4845 -0.6571
vn -0.3586 -0.4567 -0.8141
vn -0.3025 -0.3855 -0.8717
vn -0.2491 -0.5670 -0.7851
vn -0.6596 -0.3654 -0.6568
vn -0.7207 -0.4013 -0.5652
vn 0.7802 0.5989 -0.1808
vn 0.7830 0.5643 -0.2616
vn 0.4387 0.8209 -0.3656
vn 0.2884 0.9121 -0.2912
vn 0.7823 0.5453 -0.3012
vn 0.5736 0.7137 -0.4020
vn -0.3668 0.8509 -0.3762
vn -0.3130 0.9017 -0.2983
vn -0.2546 0.8356 -0.4868
vn -0.6665 0.6792 -0.3073
vn -0.7250 0.5909 -0.3538
vn 0.9444 -0.3277 0.0277
vn 0.9432 -0.3181 0.0957
vn 0.9248 0.3772 -0.0501
vn 0.9234 0.3828 0.0298
vn 0.9421 -0.2946 0.1602
vn 0.9261 0.3551 -0.1272
vn 0.9411 -0.2583 0.2183
vn 0.9274 0.3175 -0.1979
vn 0.9402 -0.2107 0.2676
vn 0.9284 0.2661 -0.2592
vn 0.9395 -0.1539 0.3059
vn 0.9293 0.2030 -0.3085
vn 0.9391 -0.0903 0.3315
vn 0.9299 0.1310 -0.3436
vn 0.9389 -0.0228 0.3434
vn 0.9303 0.0534 -0.3630
vn 0.9389 0.0456 0.3410
vn 0.9303 -0.0266 -0.3658
vn 0.9392 0.1122 0.3244
vn 0.9300 -0.1055 -0.3520
vn 0.9398 0.1739 0.2943
vn 0.9295 -0.1797 -0.3220
vn 0.9405 0.2278 0.2522
vn 0.9287 -0.2462 -0.2773
vn 0.9414 0.2718 0.1998
vn 0.9277 -0.3018 -0.2197
vn 0.9424 0.3040 0.1393
vn 0.9265 -0.3442 -0.1518
vn 0.9436 0.3230 0.0732
vn 0.9252 -0.3717 -0.0765
vn 0.9448 0.3277 0.0047
vn 0.9238 -0.3829 0.0029
vn 0.9459 0.3182 -0.0629
vn 0.9224 -0.3773 0.0827
vn 0.9470 0.2948 -0.1273
vn 0.9210 -0.3553 0.1595
vn 0.9481 0.2584 -0.1854
vn 0.9198 -0.3177 0.2303
vn 0.9489 0.2108 -0.2347
vn 0.9187 -0.2662 0.2917
vn 0.9496 0.1540 -0.2731
vn 0.9179 -0.2031 0.3410
vn 0.9500 0.0904 -0.2988
vn 0.9173 -0.1311 0.3761
vn 0.9502 0.0229 -0.3107
vn 0.9169 -0.0534 0.3955
vn 0.9502 -0.0457 -0.3082
vn 0.9169 0.0266 0.3983
vn 0.9499 -0.1121 -0.2917
vn 0.9171 0.1055 0.3844
vn 0.9494 -0.1737 -0.2617
vn 0.9176 0.1798 0.3544
vn 0.9487 -0.2278 -0.2194
vn 0.9185 0.2462 0.3096
vn 0.9478 -0.2719 -0.1668
vn 0.9195 0.3018 0.2520
vn 0.9467 -0.3040 -0.1063
vn 0.9206 0.3443 0.1841
vn 0.9456 -0.3229 -0.0406
vn 0.9220 0.3716 0.1089
vn 0.9729 -0.0647 -0.2222
vn 0.9972 0.0008 -0.0745
vn 0.9856 -0.0674 0.1554
vn 0.9853 0.0267 0.1686
vn 0.5204 -0.1497 0.8407
vn 0.5216 0.3677 0.7699
vn 0.4976 -0.1190 0.8592
vn 0.4992 0.4036 0.7668
vn 0.8607 0.2647 0.4350
vn 0.8593 -0.0327 0.5104
vn 0.9948 0.0426 -0.0924
vn 0.9718 0.1471 -0.1842
vn 0.9867 -0.1358 0.0894
vn 0.5247 -0.6098 0.5940
vn 0.5016 -0.5961 0.6269
vn 0.8613 -0.3175 0.3966
vn 0.9710 0.2074 -0.1186
vn 0.9696 0.2372 -0.0593
vn 0.9883 -0.1522 -0.0042
vn 0.5329 -0.8371 0.1239
vn 0.5098 -0.8456 0.1586
vn 0.8659 -0.4811 0.1371
vn 0.9685 0.2474 0.0292
vn 0.9670 0.2367 0.0946
vn 0.9898 -0.1106 -0.0896
vn 0.5419 -0.7445 -0.3899
vn 0.5190 -0.7720 -0.3670
vn 0.8712 -0.4610 -0.1689
vn 0.9660 0.1929 0.1723
vn 0.9648 0.1458 0.2189
vn 0.9906 -0.0267 -0.1341
vn 0.5482 -0.3676 -0.7512
vn 0.5256 -0.4036 -0.7489
vn 0.8753 -0.2647 -0.4047
vn 0.9645 0.0648 0.2560
vn 0.9640 -0.0008 0.2660
vn 0.9904 0.0674 -0.1209
vn 0.5494 0.1497 -0.8220
vn 0.5272 0.1190 -0.8413
vn 0.8766 0.0326 -0.4801
vn 0.9646 -0.0882 0.2484
vn 0.9648 -0.1471 0.2180
vn 0.9892 0.1358 -0.0549
vn 0.5451 0.6098 -0.5753
vn 0.5232 0.5961 -0.6090
vn 0.8746 0.3175 -0.3663
vn 0.9663 -0.2074 0.1524
vn 0.9670 -0.2372 0.0931
vn 0.9876 0.1522 0.0387
vn 0.5369 0.8371 -0.1052
vn 0.5150 0.8455 -0.1407
vn 0.8701 0.4811 -0.1068
vn 0.9689 -0.2474 0.0046
vn 0.9697 -0.2367 -0.0609
vn 0.9861 0.1106 0.1240
vn 0.5279 0.7445 0.4086
vn 0.5058 0.7720 0.3848
vn 0.8648 0.4610 0.1992
vn 0.9714 -0.1929 -0.1385
vn 0.9718 -0.1458 -0.1851
vn 0.9812 0.0627 0.1823
vn 0.9810 0.0085 0.1936
vn 0.9995 0.0049 0.0309
vn 0.9811 -0.0464 0.1876
vn 0.9815 -0.0968 0.1649
vn 0.9995 -0.0079 0.0294
vn 0.9822 -0.1377 0.1278
vn 0.9996 -0.0111 0.0263
vn 0.9830 -0.1652 0.0798
vn 0.9997 -0.0133 0.0224
vn 0.9840 -0.1765 0.0257
vn 0.9997 -0.0143 0.0177
vn 0.9849 -0.1705 -0.0292
vn 0.9998 -0.0138 0.0137
vn 0.9858 -0.1478 -0.0796
vn 0.9999 -0.0118 0.0094
vn 0.9865 -0.1106 -0.1205
vn 0.9999 -0.0087 0.0062
vn 0.9870 -0.0627 -0.1480
vn 1.0000 -0.0050 0.0042
vn 0.9872 -0.0085 -0.1593
vn 1.0000 -0.0005 0.0032
vn 0.9871 0.0464 -0.1533
vn 1.0000 0.0037 0.0037
vn 0.9867 0.0968 -0.1306
vn 1.0000 0.0079 0.0056
vn 0.9860 0.1377 -0.0935
vn 0.9999 0.0111 0.0085
vn 0.9852 0.1652 -0.0455
vn 0.9998 0.0133 0.0123
vn 0.9843 0.1765 0.0086
vn 0.9998 0.0142 0.0169
vn 0.9833 0.1705 0.0636
vn 0.9997 0.0138 0.0211
vn 0.9824 0.1478 0.1140
vn 0.9996 0.0117 0.0255
vn 0.9817 0.1106 0.1549
vn 0.9996 0.0089 0.0286
vn 0.9122 -0.0076 0.4098
vn 0.9081 -0.1303 0.3979
vn 0.8893 -0.0692 0.4520
vn 0.8892 -0.0691 0.4523
vn 0.8918 -0.1351 0.4317
vn 0.8914 -0.0000 0.4532
vn 0.8894 -0.0691 0.4519
vn 0.9081 0.1191 0.4015
vn 0.8894 0.0691 0.4519
vn 0.8918 0.1351 0.4317
vn 0.8892 0.0691 0.4523
vn 0.8894 0.0692 0.4520
vn 0.9134 0.2253 0.3390
vn 0.8902 0.2005 0.4092
vn 0.8901 0.2004 0.4093
vn 0.8931 0.2568 0.3693
vn 0.9106 0.3230 0.2579
vn 0.8916 0.3124 0.3279
vn 0.8947 0.3538 0.2727
vn 0.8915 0.3123 0.3282
vn 0.8915 0.3124 0.3281
vn 0.9168 0.3722 0.1449
vn 0.8935 0.3937 0.2161
vn 0.8936 0.3936 0.2160
vn 0.8966 0.4164 0.1508
vn 0.8933 0.3939 0.2163
vn 0.9147 0.4036 0.0219
vn 0.8957 0.4364 0.0849
vn 0.8991 0.4376 0.0156
vn 0.8958 0.4365 0.0845
vn 0.8958 0.4363 0.0847
vn 0.9210 0.3769 -0.0984
vn 0.8981 0.4365 -0.0534
vn 0.8980 0.4366 -0.0535
vn 0.9015 0.4159 -0.1194
vn 0.8982 0.4364 -0.0534
vn 0.9189 0.3299 -0.2164
vn 0.9005 0.3937 -0.1849
vn 0.9036 0.3539 -0.2414
vn 0.9006 0.3934 -0.1850
vn 0.9005 0.3936 -0.1849
vn 0.9245 0.2376 -0.2980
vn 0.9024 0.3124 -0.2967
vn 0.9025 0.3125 -0.2965
vn 0.9052 0.2571 -0.3383
vn 0.9025 0.3123 -0.2967
vn 0.9214 0.1303 -0.3660
vn 0.9039 0.2005 -0.3779
vn 0.9064 0.1352 -0.4001
vn 0.9038 0.2008 -0.3779
vn 0.9038 0.2006 -0.3780
vn 0.9259 0.0076 -0.3777
vn 0.9046 0.0691 -0.4206
vn 0.9048 0.0691 -0.4203
vn 0.9068 -0.0000 -0.4215
vn 0.9046 0.0693 -0.4205
vn 0.9215 -0.1191 -0.3696
vn 0.9046 -0.0693 -0.4205
vn 0.9064 -0.1352 -0.4001
vn 0.9045 -0.0691 -0.4208
vn 0.9046 -0.0691 -0.4206
vn 0.9247 -0.2253 -0.3069
vn 0.9038 -0.2006 -0.3780
vn 0.9038 -0.2008 -0.3779
vn 0.9053 -0.2572 -0.3381
vn 0.9038 -0.2005 -0.3780
vn 0.9190 -0.3231 -0.2260
vn 0.9024 -0.3124 -0.2967
vn 0.9036 -0.3539 -0.2414
vn 0.9025 -0.3124 -0.2965
vn 0.9213 -0.3722 -0.1128
vn 0.9005 -0.3936 -0.1849
vn 0.9006 -0.3934 -0.1850
vn 0.9013 -0.4163 -0.1195
vn 0.9004 -0.3938 -0.1850
vn 0.9149 -0.4036 0.0101
vn 0.8981 -0.4365 -0.0534
vn 0.8991 -0.4376 0.0156
vn 0.8980 -0.4366 -0.0535
vn 0.9170 -0.3768 0.1305
vn 0.8958 -0.4363 0.0847
vn 0.8958 -0.4365 0.0845
vn 0.8967 -0.4161 0.1509
vn 0.9107 -0.3300 0.2484
vn 0.8933 -0.3940 0.2164
vn 0.8947 -0.3538 0.2727
vn 0.8936 -0.3936 0.2160
vn 0.8935 -0.3937 0.2161
vn 0.9136 -0.2376 0.3301
vn 0.8915 -0.3124 0.3281
vn 0.8915 -0.3123 0.3282
vn 0.8930 -0.2569 0.3695
vn 0.8915 -0.3125 0.3280
vn 0.8901 -0.2005 0.4092
vn 0.8901 -0.2004 0.4093
vn 0.8902 -0.2005 0.4092
vn 0.9881 0.0284 0.1511
vn 0.9130 0.0671 0.4023
vn 0.8685 -0.0456 -0.4936
vn 0.8207 -0.1217 -0.5582
vn 0.9134 -0.0147 0.4069
vn 0.8685 0.0612 -0.4920
vn 0.7741 -0.1289 0.6198
vn 0.9070 0.0908 -0.4112
vn 0.3943 -0.1924 -0.8986
vn 0.3986 -0.0966 -0.9120
vn 0.3920 -0.1291 -0.9109
vn 0.3902 -0.1928 -0.9003
vn 0.3986 0.0966 -0.9120
vn 0.3921 0.0646 -0.9177
vn 0.3983 0.1921 -0.8969
vn 0.3902 0.1928 -0.9003
vn 0.5705 -0.0832 -0.8171
vn 0.5143 -0.1801 -0.8385
vn 0.5704 0.0906 -0.8163
vn 0.6196 0.1654 -0.7673
vn 0.9927 -0.0285 -0.1170
vn 0.9259 -0.0673 -0.3718
vn 0.8507 0.0456 0.5236
vn 0.8007 0.1217 0.5865
vn 0.9256 0.0149 -0.3783
vn 0.8507 -0.0612 0.5220
vn 0.7904 0.1301 -0.5986
vn 0.8921 -0.0907 0.4426
vn 0.3627 0.1924 0.9118
vn 0.3663 0.0965 0.9255
vn 0.3599 0.1290 0.9240
vn 0.3586 0.1928 0.9134
vn 0.3662 -0.0966 0.9255
vn 0.3598 -0.0646 0.9308
vn 0.3668 -0.1921 0.9103
vn 0.3586 -0.1928 0.9134
vn 0.5416 0.0832 0.8365
vn 0.4848 0.1801 0.8559
vn 0.5416 -0.0906 0.8357
vn 0.5924 -0.1654 0.7885
vn 0.9922 -0.1008 -0.0735
vn 0.9251 -0.2803 -0.2560
vn 0.8529 0.3359 0.3997
vn 0.8039 0.4349 0.4057
vn 0.9257 -0.2181 -0.3092
vn 0.8518 0.2486 0.4611
vn 0.7913 -0.2539 -0.5562
vn 0.8926 0.1775 0.4144
vn 0.3677 0.6878 0.6258
vn 0.3705 0.6182 0.6932
vn 0.3643 0.6437 0.6730
vn 0.3636 0.6889 0.6270
vn 0.3684 0.4619 0.8068
vn 0.3622 0.4911 0.7922
vn 0.3679 0.3758 0.8505
vn 0.3596 0.3771 0.8535
vn 0.5452 0.5534 0.6297
vn 0.4894 0.6437 0.5883
vn 0.5434 0.4123 0.7312
vn 0.5933 0.3235 0.7371
vn 0.9907 -0.1363 0.0030
vn 0.9216 -0.3861 -0.0390
vn 0.8576 0.4979 0.1288
vn 0.8097 0.5820 0.0753
vn 0.9234 -0.3653 -0.1179
vn 0.8559 0.4634 0.2298
vn 0.7911 -0.5356 -0.2955
vn 0.8958 0.3780 0.2339
vn 0.3768 0.9205 0.1033
vn 0.3788 0.9039 0.1988
vn 0.3731 0.9126 0.1673
vn 0.3726 0.9222 0.1037
vn 0.3760 0.8441 0.3824
vn 0.3699 0.8592 0.3536
vn 0.3745 0.8001 0.4686
vn 0.3663 0.8030 0.4700
vn 0.5529 0.8122 0.1861
vn 0.4980 0.8615 0.0992
vn 0.5500 0.7577 0.3511
vn 0.5991 0.6888 0.4082
vn 0.9896 -0.1166 0.0846
vn 0.9183 -0.3431 0.1974
vn 0.8631 0.4697 -0.1855
vn 0.8159 0.5068 -0.2784
vn 0.9197 -0.3732 0.1221
vn 0.8613 0.5012 -0.0835
vn 0.7883 -0.6103 0.0782
vn 0.9004 0.4341 -0.0299
vn 0.3866 0.8016 -0.4561
vn 0.3892 0.8440 -0.3690
vn 0.3830 0.8328 -0.3997
vn 0.3825 0.8030 -0.4570
vn 0.3857 0.9038 -0.1853
vn 0.3799 0.8991 -0.2177
vn 0.3842 0.9188 -0.0899
vn 0.3761 0.9222 -0.0900
vn 0.5618 0.7608 -0.3249
vn 0.5071 0.7502 -0.4243
vn 0.5590 0.8137 -0.1594
vn 0.6075 0.7910 -0.0726
vn 0.9885 -0.0550 0.1409
vn 0.9148 -0.1716 0.3656
vn 0.8672 0.2621 -0.4233
vn 0.8201 0.2380 -0.5204
vn 0.9158 -0.2401 0.3218
vn 0.8661 0.3475 -0.3592
vn 0.7796 -0.4586 0.4265
vn 0.9047 0.3244 -0.2763
vn 0.3934 0.3765 -0.8388
vn 0.3966 0.4619 -0.7934
vn 0.3902 0.4349 -0.8115
vn 0.3891 0.3773 -0.8404
vn 0.3944 0.6182 -0.6799
vn 0.3883 0.5955 -0.7032
vn 0.3934 0.6866 -0.6114
vn 0.3853 0.6891 -0.6138
vn 0.5685 0.4188 -0.7081
vn 0.5134 0.3523 -0.7825
vn 0.5668 0.5589 -0.6053
vn 0.6153 0.5911 -0.5216
vn 0.9886 0.1028 0.1099
vn 0.9137 0.2835 0.2913
vn 0.8663 -0.3359 -0.3697
vn 0.8176 -0.4349 -0.3774
vn 0.9132 0.2195 0.3433
vn 0.8674 -0.2486 -0.4311
vn 0.7732 0.2527 0.5816
vn 0.9065 -0.1775 -0.3830
vn 0.3894 -0.6878 -0.6126
vn 0.3944 -0.6182 -0.6799
vn 0.3876 -0.6437 -0.6598
vn 0.3852 -0.6891 -0.6138
vn 0.3965 -0.4619 -0.7934
vn 0.3897 -0.4911 -0.7791
vn 0.3974 -0.3758 -0.8372
vn 0.3892 -0.3773 -0.8404
vn 0.5668 -0.5534 -0.6103
vn 0.5097 -0.6437 -0.5708
vn 0.5686 -0.4123 -0.7118
vn 0.6187 -0.3235 -0.7159
vn 0.9902 0.1363 0.0316
vn 0.9172 0.3917 0.0724
vn 0.8616 -0.4979 -0.0988
vn 0.8118 -0.5820 -0.0470
vn 0.9154 0.3724 0.1527
vn 0.8634 -0.4633 -0.1998
vn 0.7733 0.5431 0.3271
vn 0.9034 -0.3780 -0.2025
vn 0.3803 -0.9205 -0.0901
vn 0.3858 -0.9038 -0.1853
vn 0.3788 -0.9125 -0.1542
vn 0.3761 -0.9222 -0.0903
vn 0.3886 -0.8442 -0.3692
vn 0.3820 -0.8592 -0.3404
vn 0.3907 -0.8001 -0.4552
vn 0.3825 -0.8030 -0.4571
vn 0.5591 -0.8122 -0.1667
vn 0.5011 -0.8615 -0.0818
vn 0.5620 -0.7577 -0.3317
vn 0.6129 -0.6888 -0.3871
vn 0.9913 0.1208 -0.0524
vn 0.9206 0.3517 -0.1696
vn 0.8561 -0.4697 0.2155
vn 0.8057 -0.5068 0.3067
vn 0.9192 0.3827 -0.0925
vn 0.8579 -0.5012 0.1135
vn 0.7761 0.6285 -0.0522
vn 0.8988 -0.4341 0.0613
vn 0.3704 -0.8016 0.4693
vn 0.3753 -0.8443 0.3825
vn 0.3689 -0.8328 0.4128
vn 0.3663 -0.8031 0.4701
vn 0.3792 -0.9038 0.1985
vn 0.3720 -0.8991 0.2308
vn 0.3808 -0.9189 0.1032
vn 0.3727 -0.9222 0.1034
vn 0.5502 -0.7608 0.3443
vn 0.4920 -0.7502 0.4418
vn 0.5530 -0.8137 0.1788
vn 0.6046 -0.7910 0.0937
vn 0.9924 0.0564 -0.1094
vn 0.9241 0.1748 -0.3397
vn 0.8519 -0.2621 0.4533
vn 0.8014 -0.2380 0.5487
vn 0.9231 0.2454 -0.2961
vn 0.8531 -0.3475 0.3892
vn 0.7849 0.4672 -0.4070
vn 0.8945 -0.3244 0.3077
vn 0.3638 -0.3765 0.8520
vn 0.3687 -0.4619 0.8067
vn 0.3617 -0.4349 0.8246
vn 0.3596 -0.3771 0.8535
vn 0.3705 -0.6182 0.6932
vn 0.3636 -0.5955 0.7163
vn 0.3717 -0.6866 0.6248
vn 0.3636 -0.6890 0.6270
vn 0.5435 -0.4188 0.7275
vn 0.4858 -0.3523 0.7999
vn 0.5453 -0.5589 0.6248
vn 0.5967 -0.5911 0.5427
vn 0.4468 0.2443 0.8606
vn 0.4482 0.0617 0.8918
vn 0.4460 0.4167 0.7921
vn 0.4440 0.5719 0.6898
vn 0.4465 0.7012 0.5558
vn 0.4477 0.8005 0.3984
vn 0.4495 0.8648 0.2238
vn 0.4519 0.8912 0.0393
vn 0.4519 0.8799 -0.1469
vn 0.4520 0.8912 0.0392
vn 0.4578 0.8271 -0.3261
vn 0.4611 0.7394 -0.4906
vn 0.4643 0.6193 -0.6332
vn 0.4675 0.4722 -0.7473
vn 0.4703 0.3046 -0.8283
vn 0.4728 0.1239 -0.8724
vn 0.4703 0.3045 -0.8283
vn 0.4748 -0.0618 -0.8779
vn 0.4762 -0.2445 -0.8447
vn 0.4769 -0.4160 -0.7743
vn 0.4762 -0.2446 -0.8446
vn 0.4788 -0.5684 -0.6690
vn 0.4765 -0.6967 -0.5363
vn 0.4752 -0.7940 -0.3792
vn 0.4765 -0.6967 -0.5362
vn 0.4733 -0.8566 -0.2052
vn 0.4710 -0.8819 -0.0225
vn 0.4711 -0.8672 0.1614
vn 0.4651 -0.8180 0.3386
vn 0.4620 -0.7315 0.5015
vn 0.4583 -0.6134 0.6432
vn 0.4556 -0.4682 0.7571
vn 0.4527 -0.3025 0.8388
vn 0.4502 -0.1232 0.8844
vn 0.4527 -0.3024 0.8388
vt 0.291395 0.420941
vt 0.300544 0.450431
vt 0.275465 0.464394
vt 0.252670 0.443915
vt 0.261252 0.489240
vt 0.231393 0.483232
vt 0.262229 0.518586
vt 0.232455 0.527374
vt 0.274894 0.544987
vt 0.253383 0.566806
vt 0.299013 0.560472
vt 0.291654 0.590295
vt 0.327729 0.561256
vt 0.336699 0.590791
vt 0.353082 0.547153
vt 0.375861 0.568229
vt 0.368071 0.521979
vt 0.398480 0.528897
vt 0.368600 0.492494
vt 0.398506 0.483398
vt 0.354489 0.466587
vt 0.375903 0.443865
vt 0.329546 0.451200
vt 0.336659 0.420941
vt 0.000493 0.650855
vt 0.000493 0.420948
vt 0.230400 0.420941
vt 0.230407 0.650855
vt 0.412854 0.664883
vt 0.412858 0.704548
vt 0.399492 0.704548
vt 0.399494 0.664883
vt 0.399492 0.460615
vt 0.399498 0.420941
vt 0.412857 0.420941
vt 0.412858 0.460615
vt 0.383158 0.631443
vt 0.383158 0.591777
vt 0.396525 0.591779
vt 0.396525 0.631444
vt 0.399492 0.663897
vt 0.399492 0.624231
vt 0.412858 0.624231
vt 0.412858 0.663897
vt 0.368806 0.631445
vt 0.368806 0.591779
vt 0.382172 0.591777
vt 0.382172 0.631443
vt 0.354460 0.631446
vt 0.354454 0.591777
vt 0.367820 0.591777
vt 0.367819 0.631446
vt 0.353467 0.632434
vt 0.353463 0.672099
vt 0.340104 0.672099
vt 0.340101 0.632434
vt 0.412858 0.542918
vt 0.412858 0.582588
vt 0.399492 0.582587
vt 0.399492 0.542917
vt 0.412858 0.583574
vt 0.412858 0.623244
vt 0.399492 0.623245
vt 0.399492 0.583575
vt 0.396532 0.673084
vt 0.396531 0.712747
vt 0.383165 0.712746
vt 0.383165 0.673083
vt 0.412858 0.461602
vt 0.412858 0.501273
vt 0.399492 0.501272
vt 0.399492 0.461601
vt 0.340101 0.631447
vt 0.340101 0.591777
vt 0.353468 0.591778
vt 0.353468 0.631448
vt 0.368809 0.672097
vt 0.368806 0.632431
vt 0.382172 0.632431
vt 0.382169 0.672097
vt 0.396525 0.632430
vt 0.396525 0.672097
vt 0.383165 0.672097
vt 0.383165 0.632430
vt 0.367820 0.632432
vt 0.367816 0.672098
vt 0.354457 0.672098
vt 0.354454 0.632432
vt 0.382172 0.673083
vt 0.382172 0.712747
vt 0.368806 0.712747
vt 0.368806 0.673083
vt 0.412858 0.502259
vt 0.412858 0.541930
vt 0.399492 0.541931
vt 0.399492 0.502260
vt 0.354454 0.712748
vt 0.354454 0.673085
vt 0.367820 0.673084
vt 0.367820 0.712748
vt 0.299191 0.676744
vt 0.291923 0.708376
vt 0.259296 0.702550
vt 0.260875 0.675431
vt 0.279491 0.730066
vt 0.261284 0.724921
vt 0.339115 0.679699
vt 0.326752 0.727129
vt 0.303629 0.712901
vt 0.312271 0.677625
vt 0.290843 0.759099
vt 0.285816 0.736666
vt 0.237830 0.740105
vt 0.280037 0.737968
vt 0.281348 0.760197
vt 0.231393 0.705984
vt 0.231393 0.673932
vt 0.295775 0.645551
vt 0.263215 0.648009
vt 0.285506 0.624752
vt 0.266596 0.624323
vt 0.331995 0.632867
vt 0.307440 0.642632
vt 0.303681 0.594796
vt 0.292743 0.619946
vt 0.248917 0.608494
vt 0.292631 0.591777
vt 0.287607 0.617664
vt 0.234942 0.641019
vt 0.497967 0.110040
vt 0.416248 0.118489
vt 0.405315 0.066887
vt 0.498022 0.057264
vt 0.338685 0.143616
vt 0.317268 0.095420
vt 0.268051 0.184335
vt 0.237078 0.141654
vt 0.207446 0.238865
vt 0.168282 0.203548
vt 0.159518 0.304818
vt 0.113850 0.278423
vt 0.126360 0.379302
vt 0.076188 0.362986
vt 0.109436 0.459089
vt 0.056960 0.453566
vt 0.109460 0.540642
vt 0.056980 0.546163
vt 0.126480 0.620438
vt 0.076280 0.636737
vt 0.159835 0.695150
vt 0.114065 0.721433
vt 0.207715 0.760929
vt 0.168491 0.796236
vt 0.268404 0.815493
vt 0.237380 0.858182
vt 0.339104 0.856258
vt 0.317629 0.904460
vt 0.416735 0.881445
vt 0.405741 0.933057
vt 0.498499 0.889991
vt 0.498466 0.942750
vt 0.579037 0.881541
vt 0.589928 0.933128
vt 0.656599 0.856412
vt 0.677976 0.904591
vt 0.727216 0.815691
vt 0.758148 0.858356
vt 0.787819 0.761162
vt 0.826957 0.796462
vt 0.835747 0.695208
vt 0.881389 0.721588
vt 0.868906 0.620709
vt 0.919036 0.637008
vt 0.885843 0.540939
vt 0.938276 0.546444
vt 0.885802 0.459372
vt 0.938240 0.453851
vt 0.868799 0.379594
vt 0.918941 0.363278
vt 0.835690 0.305294
vt 0.881286 0.278795
vt 0.787547 0.239103
vt 0.826729 0.203780
vt 0.726876 0.184539
vt 0.757858 0.141835
vt 0.656161 0.143772
vt 0.677611 0.095556
vt 0.578531 0.118583
vt 0.589499 0.066954
vt 0.447373 0.043894
vt 0.626153 0.063806
vt 0.587349 0.189957
vt 0.460191 0.175828
vt 0.781830 0.159131
vt 0.698072 0.257758
vt 0.887512 0.313384
vt 0.773227 0.367476
vt 0.924888 0.499947
vt 0.799813 0.500154
vt 0.887531 0.686480
vt 0.773239 0.632838
vt 0.781871 0.840799
vt 0.698092 0.742576
vt 0.626188 0.936166
vt 0.587372 0.810409
vt 0.447408 0.956106
vt 0.460212 0.824597
vt 0.276438 0.897180
vt 0.338605 0.782681
vt 0.142839 0.769572
vt 0.243590 0.691925
vt 0.069725 0.595344
vt 0.191590 0.568016
vt 0.069725 0.404632
vt 0.191585 0.432368
vt 0.142850 0.230396
vt 0.243574 0.308464
vt 0.276433 0.102814
vt 0.338581 0.217719
vt 0.503343 0.115029
vt 0.495063 0.114724
vt 0.492083 0.094779
vt 0.502330 0.092668
vt 0.510952 0.109928
vt 0.512098 0.071969
vt 0.520000 0.079975
vt 0.498547 0.069215
vt 0.484433 0.075373
vt 0.480818 0.092210
vt 0.489500 0.107161
vt 0.519856 0.095047
vt 0.514704 0.100112
vt 0.745907 0.089464
vt 0.743605 0.133983
vt 0.725473 0.133885
vt 0.727132 0.087092
vt 0.745348 0.177533
vt 0.727246 0.179740
vt 0.084259 0.991821
vt 0.086894 0.969588
vt 0.304674 0.976190
vt 0.303702 0.993465
vt 0.084816 0.956888
vt 0.304322 0.956882
vt 0.506644 0.661444
vt 0.531101 0.678999
vt 0.484904 0.681143
vt 0.438612 0.679269
vt 0.418933 0.656469
vt 0.654399 0.088547
vt 0.652098 0.133063
vt 0.633964 0.132964
vt 0.635617 0.086167
vt 0.653840 0.176614
vt 0.635735 0.178818
vt 0.084955 0.949839
vt 0.085611 0.933614
vt 0.305120 0.941321
vt 0.304145 0.956723
vt 0.084900 0.922375
vt 0.303949 0.925832
vt 0.088215 0.656820
vt 0.112676 0.674376
vt 0.066476 0.676527
vt 0.020182 0.674649
vt 0.000493 0.651841
vt 0.818591 0.091389
vt 0.816297 0.135901
vt 0.798169 0.135814
vt 0.799823 0.089023
vt 0.818039 0.179454
vt 0.799946 0.181668
vt 0.087937 0.077236
vt 0.089527 0.037833
vt 0.296389 0.041945
vt 0.298671 0.080838
vt 0.087687 -0.000776
vt 0.298121 0.002961
vt 0.854154 0.587631
vt 0.878607 0.605179
vt 0.832412 0.607326
vt 0.786121 0.605458
vt 0.766444 0.582661
vt 0.672856 0.090407
vt 0.670559 0.134914
vt 0.652420 0.134796
vt 0.654072 0.088004
vt 0.672302 0.178474
vt 0.654195 0.180656
vt 0.088744 0.877704
vt 0.090358 0.860058
vt 0.301989 0.858440
vt 0.301777 0.880758
vt 0.091164 0.857954
vt 0.089744 0.833917
vt 0.309077 0.838101
vt 0.307912 0.858440
vt 0.201372 0.656814
vt 0.225853 0.674380
vt 0.179656 0.676521
vt 0.133359 0.674652
vt 0.113662 0.651841
vt 0.616746 0.088381
vt 0.614432 0.132622
vt 0.596290 0.132769
vt 0.597960 0.085968
vt 0.616166 0.176438
vt 0.598070 0.178612
vt 0.091531 0.838335
vt 0.091520 0.809275
vt 0.305597 0.807813
vt 0.304572 0.838402
vt 0.093136 0.784516
vt 0.305726 0.789539
vt 0.740999 0.422481
vt 0.765482 0.440043
vt 0.719285 0.442192
vt 0.672993 0.440314
vt 0.653277 0.417509
vt 0.781503 0.089975
vt 0.779203 0.134492
vt 0.761062 0.134379
vt 0.762717 0.087591
vt 0.780945 0.178047
vt 0.762834 0.180235
vt 0.086321 0.916566
vt 0.085793 0.899245
vt 0.304189 0.902749
vt 0.304626 0.925580
vt 0.085804 0.876694
vt 0.304075 0.880339
vt 0.740985 0.587636
vt 0.765458 0.605197
vt 0.719266 0.607344
vt 0.672973 0.605476
vt 0.653277 0.582661
vt 0.691503 0.091240
vt 0.689242 0.135467
vt 0.671131 0.135377
vt 0.672788 0.088586
vt 0.690984 0.179022
vt 0.672901 0.181229
vt 0.086448 0.236587
vt 0.087405 0.197170
vt 0.294259 0.199921
vt 0.297167 0.238784
vt 0.084949 0.158587
vt 0.295369 0.160915
vt 0.088204 0.821960
vt 0.112660 0.839502
vt 0.066466 0.841647
vt 0.020168 0.839772
vt 0.000493 0.816985
vt 0.635256 0.087469
vt 0.632954 0.131978
vt 0.614840 0.131889
vt 0.616492 0.085095
vt 0.634692 0.175531
vt 0.616606 0.177745
vt 0.085825 0.159286
vt 0.087027 0.119871
vt 0.293888 0.123160
vt 0.296551 0.162035
vt 0.084819 0.081275
vt 0.295246 0.084162
vt 0.854180 0.422481
vt 0.878631 0.440029
vt 0.832438 0.442175
vt 0.786143 0.440298
vt 0.766468 0.417509
vt 0.799681 0.090068
vt 0.797387 0.134575
vt 0.779270 0.134444
vt 0.780927 0.087655
vt 0.799131 0.178137
vt 0.781045 0.180301
vt 0.089620 0.626600
vt 0.090772 0.587188
vt 0.297626 0.590353
vt 0.300344 0.629226
vt 0.088501 0.548593
vt 0.298927 0.551355
vt 0.740971 0.752778
vt 0.765458 0.770322
vt 0.719263 0.772469
vt 0.672970 0.770595
vt 0.653252 0.747808
vt 0.728001 0.088871
vt 0.725703 0.133374
vt 0.707594 0.133248
vt 0.709247 0.086457
vt 0.727439 0.176933
vt 0.709368 0.179109
vt 0.088434 0.547443
vt 0.089869 0.508037
vt 0.296733 0.511820
vt 0.299165 0.550708
vt 0.087883 0.469427
vt 0.298315 0.472826
vt 0.319095 0.766147
vt 0.343585 0.783688
vt 0.297390 0.785832
vt 0.251092 0.783964
vt 0.231393 0.761183
vt 0.839159 0.090876
vt 0.836866 0.135386
vt 0.818745 0.135254
vt 0.820395 0.088461
vt 0.838604 0.178943
vt 0.820518 0.181109
vt 0.090966 0.704645
vt 0.092110 0.665231
vt 0.298967 0.668397
vt 0.301684 0.707271
vt 0.089841 0.626637
vt 0.300267 0.629399
vt 0.854152 0.752733
vt 0.878648 0.770290
vt 0.832451 0.772435
vt 0.786158 0.770562
vt 0.766444 0.747773
vt 0.596565 0.089184
vt 0.594272 0.133687
vt 0.576166 0.133581
vt 0.577818 0.086790
vt 0.596013 0.177242
vt 0.577937 0.179440
vt 0.087305 0.390331
vt 0.088915 0.350929
vt 0.295779 0.355089
vt 0.298038 0.393984
vt 0.087104 0.312315
vt 0.297538 0.316100
vt 0.921422 0.170542
vt 0.945894 0.188081
vt 0.899698 0.190227
vt 0.853400 0.188355
vt 0.833708 0.165574
vt 0.576995 0.090674
vt 0.574692 0.135189
vt 0.556585 0.135090
vt 0.558241 0.088295
vt 0.576465 0.179016
vt 0.558361 0.180944
vt 0.086933 0.312702
vt 0.088548 0.273297
vt 0.295410 0.277458
vt 0.297668 0.316355
vt 0.086731 0.234687
vt 0.297165 0.238475
vt 0.921418 0.005452
vt 0.945884 0.022993
vt 0.899687 0.025138
vt 0.853395 0.023269
vt 0.833708 0.000493
vt 0.709968 0.089116
vt 0.707675 0.133623
vt 0.689571 0.133508
vt 0.691225 0.086717
vt 0.709415 0.177180
vt 0.691342 0.179360
vt 0.088131 0.470126
vt 0.089086 0.430709
vt 0.295942 0.433459
vt 0.298848 0.472323
vt 0.086629 0.392126
vt 0.297048 0.394460
vt 0.201381 0.821948
vt 0.225851 0.839489
vt 0.179655 0.841632
vt 0.133365 0.839761
vt 0.113662 0.816982
vt 0.763744 0.089787
vt 0.761449 0.134298
vt 0.743316 0.134162
vt 0.744970 0.087375
vt 0.763182 0.177854
vt 0.745087 0.180021
vt 0.091087 0.784936
vt 0.092812 0.743293
vt 0.299670 0.746875
vt 0.302200 0.785755
vt 0.090737 0.704689
vt 0.301161 0.707879
vt 0.619797 0.661440
vt 0.644293 0.678996
vt 0.598101 0.681146
vt 0.551804 0.679275
vt 0.532087 0.656469
vt 0.497853 0.165429
vt 0.427645 0.172628
vt 0.393538 0.010966
vt 0.498134 0.000100
vt 0.361102 0.194182
vt 0.294124 0.043173
vt 0.300518 0.229122
vt 0.203573 0.095333
vt 0.248526 0.275928
vt 0.125859 0.165214
vt 0.207409 0.332527
vt 0.064378 0.249744
vt 0.178978 0.396455
vt 0.021837 0.345229
vt 0.164462 0.464906
vt 0.000100 0.447506
vt 0.164513 0.534891
vt 0.000100 0.552054
vt 0.179130 0.603345
vt 0.021854 0.654347
vt 0.207858 0.667607
vt 0.064430 0.749866
vt 0.248882 0.723891
vt 0.125941 0.834462
vt 0.300978 0.770717
vt 0.203689 0.904405
vt 0.361662 0.805695
vt 0.294284 0.956667
vt 0.428302 0.827305
vt 0.393753 0.988973
vt 0.498582 0.834616
vt 0.498383 0.999900
vt 0.567649 0.827416
vt 0.601660 0.989044
vt 0.634209 0.805861
vt 0.701075 0.956827
vt 0.694792 0.770921
vt 0.791626 0.904665
vt 0.746784 0.724115
vt 0.869342 0.834786
vt 0.787900 0.667517
vt 0.930817 0.750249
vt 0.816330 0.603589
vt 0.973360 0.654766
vt 0.830845 0.535139
vt 0.995115 0.552489
vt 0.830793 0.465155
vt 0.995098 0.447942
vt 0.816176 0.396701
vt 0.973338 0.345649
vt 0.787824 0.333077
vt 0.930772 0.250135
vt 0.746424 0.276157
vt 0.869255 0.165533
vt 0.694331 0.229329
vt 0.791504 0.095577
vt 0.633645 0.194353
vt 0.700912 0.043329
vt 0.566990 0.172739
vt 0.601439 0.011028
vt 0.664937 0.564792
vt 0.641081 0.616315
vt 0.557660 0.567954
vt 0.595141 0.519990
vt 0.546253 0.555949
vt 0.576677 0.521189
vt 0.508432 0.511458
vt 0.508781 0.505084
vt 0.507331 0.507972
vt 0.505561 0.512940
vt 0.498808 0.507739
vt 0.599656 0.653699
vt 0.547080 0.674294
vt 0.511830 0.589957
vt 0.509252 0.573881
vt 0.504409 0.516394
vt 0.501214 0.515909
vt 0.494130 0.679618
vt 0.441256 0.669425
vt 0.460920 0.581943
vt 0.468346 0.567343
vt 0.498258 0.518031
vt 0.495954 0.515763
vt 0.394755 0.643206
vt 0.357989 0.604944
vt 0.424576 0.545565
vt 0.439147 0.538090
vt 0.492321 0.515744
vt 0.491786 0.512554
vt 0.335366 0.556987
vt 0.327586 0.504554
vt 0.416371 0.494851
vt 0.432592 0.497291
vt 0.488857 0.510405
vt 0.490296 0.507513
vt 0.337023 0.452212
vt 0.361300 0.404804
vt 0.439442 0.448794
vt 0.451190 0.460294
vt 0.489187 0.504052
vt 0.492052 0.502555
vt 0.399679 0.367527
vt 0.447378 0.343009
vt 0.487239 0.417838
vt 0.488083 0.435391
vt 0.493187 0.499099
vt 0.496388 0.499571
vt 0.500682 0.335136
vt 0.554042 0.343313
vt 0.543182 0.424866
vt 0.536437 0.437809
vt 0.499346 0.497442
vt 0.501651 0.499706
vt 0.602060 0.368628
vt 0.641025 0.407837
vt 0.583631 0.462983
vt 0.569454 0.468024
vt 0.505306 0.499724
vt 0.505835 0.502914
vt 0.665308 0.457768
vt 0.673815 0.511807
vt 0.722017 0.386158
vt 0.738432 0.427359
vt 0.710403 0.445463
vt 0.690622 0.402640
vt 0.735415 0.574612
vt 0.719176 0.621355
vt 0.688602 0.602779
vt 0.705060 0.554351
vt 0.685410 0.661654
vt 0.653018 0.646901
vt 0.738418 0.575401
vt 0.719204 0.623460
vt 0.688390 0.604453
vt 0.706349 0.555521
vt 0.685028 0.662938
vt 0.657722 0.645942
vt 0.554016 0.739030
vt 0.502748 0.751101
vt 0.503723 0.715358
vt 0.555826 0.704752
vt 0.449642 0.740444
vt 0.445436 0.706858
vt 0.324521 0.658925
vt 0.279454 0.623979
vt 0.311213 0.607625
vt 0.343058 0.652688
vt 0.254489 0.581808
vt 0.289310 0.560679
vt 0.278110 0.434190
vt 0.289728 0.368963
vt 0.323716 0.383594
vt 0.310138 0.461472
vt 0.308888 0.341737
vt 0.347904 0.363255
vt 0.268658 0.426580
vt 0.318160 0.376724
vt 0.327821 0.405038
vt 0.292646 0.443067
vt 0.325199 0.346912
vt 0.350525 0.360055
vt 0.450181 0.264000
vt 0.505547 0.251786
vt 0.507023 0.285978
vt 0.449421 0.294775
vt 0.554769 0.262882
vt 0.554917 0.290456
vt 0.449706 0.259977
vt 0.504585 0.251569
vt 0.503147 0.287380
vt 0.449004 0.293131
vt 0.554871 0.262133
vt 0.554699 0.295185
vt 0.688746 0.346699
vt 0.721982 0.380159
vt 0.690901 0.398277
vt 0.663639 0.357453
vt 0.738619 0.427047
vt 0.714142 0.441088
vt 0.687176 0.345203
vt 0.655586 0.360421
vt 0.756615 0.587649
vt 0.747686 0.637968
vt 0.815882 0.621380
vt 0.863646 0.632406
vt 0.840049 0.692172
vt 0.776897 0.587050
vt 0.789964 0.606973
vt 0.750740 0.370419
vt 0.765455 0.411668
vt 0.799228 0.391179
vt 0.786891 0.409681
vt 0.840430 0.319705
vt 0.863414 0.375598
vt 0.822683 0.381068
vt 0.715497 0.330827
vt 0.769093 0.300700
vt 0.802884 0.272465
vt 0.723696 0.315234
vt 0.742086 0.318727
vt 0.749513 0.363316
vt 0.767399 0.410633
vt 0.794823 0.395144
vt 0.786470 0.410757
vt 0.836217 0.310864
vt 0.858967 0.365633
vt 0.821381 0.381671
vt 0.707890 0.335914
vt 0.775795 0.298313
vt 0.799075 0.264718
vt 0.717813 0.317964
vt 0.741955 0.315859
vt 0.504886 0.219193
vt 0.553448 0.230055
vt 0.550905 0.195841
vt 0.561896 0.214562
vt 0.505146 0.116693
vt 0.564301 0.125239
vt 0.551980 0.167010
vt 0.450496 0.231329
vt 0.451037 0.164301
vt 0.445890 0.125480
vt 0.442155 0.214823
vt 0.450152 0.194981
vt 0.504373 0.219944
vt 0.552962 0.231480
vt 0.552412 0.195519
vt 0.561512 0.212785
vt 0.499979 0.118414
vt 0.558409 0.124184
vt 0.552703 0.163030
vt 0.451267 0.238846
vt 0.451477 0.168045
vt 0.442290 0.129291
vt 0.441797 0.217414
vt 0.451032 0.199362
vt 0.281249 0.368385
vt 0.306916 0.340105
vt 0.275963 0.325564
vt 0.293143 0.323487
vt 0.159778 0.331074
vt 0.183346 0.286451
vt 0.235517 0.305480
vt 0.243728 0.413478
vt 0.183999 0.381902
vt 0.138273 0.374261
vt 0.217792 0.414174
vt 0.208622 0.392781
vt 0.258676 0.356668
vt 0.282406 0.330053
vt 0.254158 0.315723
vt 0.274528 0.311846
vt 0.159800 0.318603
vt 0.192368 0.269755
vt 0.226324 0.295374
vt 0.251845 0.418088
vt 0.182735 0.379361
vt 0.143421 0.373849
vt 0.231103 0.418303
vt 0.218922 0.397554
vt 0.251232 0.639461
vt 0.223104 0.599900
vt 0.197334 0.615072
vt 0.212579 0.599606
vt 0.162020 0.688677
vt 0.142572 0.634852
vt 0.178118 0.622754
vt 0.295303 0.670733
vt 0.229010 0.708345
vt 0.196033 0.734496
vt 0.283186 0.692127
vt 0.261343 0.690698
vt 0.502625 0.783247
vt 0.450351 0.771113
vt 0.449752 0.809667
vt 0.441944 0.790461
vt 0.502220 0.884554
vt 0.445871 0.876881
vt 0.450515 0.838123
vt 0.554926 0.769729
vt 0.553282 0.837116
vt 0.558574 0.875766
vt 0.560185 0.789055
vt 0.553222 0.806540
vt 0.747116 0.639928
vt 0.715470 0.676804
vt 0.743100 0.690541
vt 0.724172 0.692190
vt 0.834110 0.692027
vt 0.798658 0.737565
vt 0.772167 0.706918
vt 0.759399 0.585971
vt 0.814855 0.621309
vt 0.855516 0.637954
vt 0.779070 0.591478
vt 0.790130 0.606617
vt 0.710980 0.675800
vt 0.742409 0.691920
vt 0.721774 0.690836
vt 0.800326 0.742494
vt 0.773011 0.706081
vt 0.575935 0.993835
vt 0.504175 0.995545
vt 0.505336 0.964162
vt 0.572123 0.962971
vt 0.433023 0.988675
vt 0.438048 0.957307
vt 0.362459 0.972903
vt 0.372572 0.942647
vt 0.589494 0.928393
vt 0.525290 0.934056
vt 0.515713 0.889706
vt 0.568081 0.886455
vt 0.460078 0.932371
vt 0.463237 0.888543
vt 0.396040 0.923395
vt 0.411737 0.881279
vt 0.505773 0.953355
vt 0.571183 0.952394
vt 0.439755 0.946601
vt 0.375659 0.932421
vt 0.506204 0.943485
vt 0.570652 0.942693
vt 0.441306 0.936872
vt 0.378130 0.923079
vt 0.361567 0.028924
vt 0.431891 0.014416
vt 0.436358 0.045492
vt 0.370859 0.058620
vt 0.503105 0.008451
vt 0.503775 0.040198
vt 0.575314 0.011312
vt 0.570809 0.042899
vt 0.917104 0.401338
vt 0.928700 0.466343
vt 0.883871 0.464946
vt 0.877967 0.412805
vt 0.930314 0.531551
vt 0.885365 0.517420
vt 0.921904 0.597120
vt 0.882276 0.569763
vt 0.437863 0.056230
vt 0.373673 0.068847
vt 0.504015 0.051062
vt 0.569605 0.053500
vt 0.439203 0.066002
vt 0.375929 0.078296
vt 0.504230 0.060894
vt 0.568850 0.063130
vt 0.158904 0.148687
vt 0.214848 0.103664
vt 0.233003 0.129289
vt 0.180728 0.170851
vt 0.275510 0.065859
vt 0.290598 0.093788
vt 0.341065 0.035449
vt 0.351458 0.065607
vt 0.175087 0.199828
vt 0.223042 0.156742
vt 0.259590 0.202159
vt 0.219681 0.236217
vt 0.276208 0.118929
vt 0.302257 0.171571
vt 0.332782 0.087623
vt 0.347359 0.144864
vt 0.239239 0.138130
vt 0.187906 0.178676
vt 0.295758 0.103344
vt 0.355221 0.075589
vt 0.244908 0.146228
vt 0.194217 0.186059
vt 0.300451 0.112002
vt 0.358965 0.084493
vt 0.035806 0.338761
vt 0.065837 0.273554
vt 0.093495 0.288400
vt 0.065204 0.348913
vt 0.103330 0.212671
vt 0.129278 0.230975
vt 0.148536 0.156270
vt 0.171252 0.178646
vt 0.072152 0.398662
vt 0.093513 0.337231
vt 0.146817 0.351921
vt 0.126927 0.400474
vt 0.123454 0.279273
vt 0.170742 0.305213
vt 0.159457 0.225562
vt 0.198625 0.260813
vt 0.103027 0.293557
vt 0.075107 0.352709
vt 0.138141 0.237237
vt 0.179069 0.185925
vt 0.111712 0.298274
vt 0.084053 0.356516
vt 0.146193 0.242897
vt 0.186377 0.192238
vt 0.011158 0.568353
vt 0.008902 0.496601
vt 0.040293 0.497530
vt 0.041985 0.564302
vt 0.015248 0.425380
vt 0.046634 0.430164
vt 0.030518 0.354704
vt 0.060830 0.364610
vt 0.071937 0.620310
vt 0.062938 0.556250
vt 0.117377 0.552059
vt 0.126785 0.602783
vt 0.060353 0.491013
vt 0.117327 0.499566
vt 0.068152 0.424326
vt 0.121863 0.447336
vt 0.051103 0.497880
vt 0.052562 0.563280
vt 0.057372 0.431806
vt 0.071065 0.367619
vt 0.060973 0.498235
vt 0.062249 0.562681
vt 0.067110 0.433288
vt 0.080432 0.370013
vt 0.102596 0.793177
vt 0.065674 0.731598
vt 0.093540 0.717128
vt 0.127548 0.774610
vt 0.036527 0.666325
vt 0.066282 0.655200
vt 0.015422 0.597171
vt 0.046715 0.591044
vt 0.257191 0.862198
vt 0.208903 0.819495
vt 0.234432 0.784275
vt 0.272811 0.820042
vt 0.165264 0.770997
vt 0.199172 0.745402
vt 0.127707 0.718352
vt 0.167483 0.703629
vt 0.103165 0.712155
vt 0.136278 0.768564
vt 0.076448 0.651401
vt 0.057141 0.588685
vt 0.111957 0.707670
vt 0.144466 0.763334
vt 0.085676 0.647956
vt 0.066470 0.586205
vt 0.891612 0.802938
vt 0.843253 0.855972
vt 0.821395 0.833441
vt 0.866680 0.784382
vt 0.789159 0.902644
vt 0.769942 0.877357
vt 0.728986 0.942791
vt 0.714109 0.914563
vt 0.789016 0.828735
vt 0.736519 0.866107
vt 0.702705 0.836075
vt 0.746214 0.806738
vt 0.679441 0.897692
vt 0.656864 0.861639
vt 0.619670 0.922405
vt 0.606317 0.878450
vt 0.813876 0.825654
vt 0.858379 0.777750
vt 0.763381 0.868706
vt 0.708856 0.905261
vt 0.807036 0.818529
vt 0.851011 0.771424
vt 0.757417 0.860877
vt 0.703786 0.897031
vt 0.989763 0.433137
vt 0.992767 0.504872
vt 0.961383 0.504281
vt 0.958968 0.437547
vt 0.987223 0.576111
vt 0.955782 0.571684
vt 0.972817 0.646938
vt 0.942380 0.637417
vt 0.916507 0.626075
vt 0.891906 0.685652
vt 0.850763 0.664702
vt 0.872004 0.616719
vt 0.860357 0.742740
vt 0.825535 0.710745
vt 0.822885 0.795452
vt 0.796415 0.754338
vt 0.950563 0.504049
vt 0.948422 0.438679
vt 0.945037 0.570180
vt 0.932090 0.634521
vt 0.940689 0.503804
vt 0.938726 0.439377
vt 0.935293 0.568806
vt 0.922703 0.632243
vt 0.677201 0.041729
vt 0.740977 0.074683
vt 0.724903 0.101633
vt 0.665746 0.070634
vt 0.800091 0.114822
vt 0.780652 0.139929
vt 0.854451 0.162439
vt 0.831085 0.184173
vt 0.647685 0.075605
vt 0.705706 0.103699
vt 0.666473 0.151943
vt 0.616354 0.133294
vt 0.760807 0.138602
vt 0.710924 0.179855
vt 0.811213 0.179133
vt 0.752719 0.211523
vt 0.719329 0.110926
vt 0.661504 0.080367
vt 0.774019 0.148513
vt 0.823477 0.191654
vt 0.714221 0.119364
vt 0.657289 0.089123
vt 0.767981 0.156299
vt 0.816839 0.198684
vt 0.880610 0.187651
vt 0.920827 0.247151
vt 0.893803 0.263108
vt 0.856708 0.207569
vt 0.953490 0.310689
vt 0.924408 0.323430
vt 0.978399 0.378525
vt 0.947490 0.386397
vt 0.813355 0.186707
vt 0.855381 0.235590
vt 0.802238 0.259944
vt 0.765562 0.223575
vt 0.892050 0.289541
vt 0.831912 0.303254
vt 0.922132 0.346770
vt 0.856100 0.350092
vt 0.884461 0.268597
vt 0.848328 0.214072
vt 0.914476 0.327775
vt 0.937221 0.389335
vt 0.875923 0.273561
vt 0.840439 0.219741
vt 0.905450 0.331729
vt 0.928027 0.392313
vt 0.576279 0.999567
vt 0.503887 1.001230
vt 0.792225 0.907425
vt 0.731858 0.947707
vt 0.847155 0.860098
vt 0.895994 0.806630
vt 0.992810 0.576942
vt 0.978308 0.648380
vt 0.998429 0.505010
vt 0.995511 0.433243
vt 0.803537 0.110363
vt 0.858819 0.158783
vt 0.743871 0.069825
vt 0.679570 0.036519
vt 0.958638 0.308391
vt 0.983801 0.376808
vt 0.925678 0.244218
vt 0.885165 0.184177
vt 0.502919 0.002801
vt 0.575751 0.005654
vt 0.431022 0.008796
vt 0.360081 0.023375
vt 0.272431 0.061083
vt 0.338865 0.030202
vt 0.211505 0.099038
vt 0.155033 0.144412
vt 0.098657 0.209429
vt 0.144221 0.152525
vt 0.060784 0.270862
vt 0.030216 0.337178
vt 0.009613 0.424517
vt 0.024828 0.353814
vt 0.003173 0.496415
vt 0.005402 0.568797
vt 0.031180 0.668289
vt 0.009868 0.598553
vt 0.060581 0.734201
vt 0.097782 0.796337
vt 0.432063 0.994268
vt 0.360904 0.978396
s 1
g off
g LlantaDD_Mat_CaraExterna
usemtl Mat_CaraExterna
f 1/1/1 3/2/2 2/3/3
f 2/3/3 4/4/4 1/1/1
f 4/4/4 2/3/3 5/5/5
f 5/5/5 6/6/6 4/4/4
f 6/6/6 5/5/5 7/7/7
f 7/7/7 8/8/8 6/6/6
f 8/8/8 7/7/7 9/9/9
f 9/9/9 10/10/10 8/8/8
f 10/10/10 9/9/9 11/11/11
f 11/11/11 12/12/12 10/10/10
f 12/12/12 11/11/11 13/13/13
f 13/13/13 14/14/14 12/12/12
f 14/14/14 13/13/13 15/15/15
f 15/15/15 16/16/16 14/14/14
f 16/16/16 15/15/15 17/17/17
f 17/17/17 18/18/18 16/16/16
f 18/18/18 17/17/17 19/19/19
f 19/19/19 20/20/20 18/18/18
f 20/20/20 19/19/19 21/21/21
f 21/21/21 22/22/22 20/20/20
f 22/22/22 21/21/21 23/23/23
f 23/23/23 24/24/24 22/22/22
f 24/24/24 23/23/23 3/2/2
f 3/2/2 1/1/1 24/24/24
s 2
f 25/25/25 27/26/25 26/27/25
f 26/27/25 28/28/26 25/25/25
s 3
f 29/29/27 31/30/27 30/31/27
f 30/31/27 32/32/27 29/29/27
s 4
f 33/33/28 35/34/28 34/35/28
f 34/35/28 36/36/28 33/33/28
s 5
f 37/37/29 39/38/29 38/39/29
f 38/39/29 40/40/29 37/37/29
s 6
f 41/41/30 43/42/30 42/43/30
f 42/43/30 44/44/30 41/41/30
s 7
f 45/45/31 47/46/31 46/47/31
f 46/47/31 48/48/31 45/45/31
s 8
f 49/49/32 51/50/32 50/51/32
f 50/51/32 52/52/32 49/49/32
s 9
f 53/53/33 55/54/33 54/55/33
f 54/55/33 56/56/33 53/53/33
s 10
f 57/57/34 59/58/34 58/59/34
f 58/59/34 60/60/34 57/57/34
s 11
f 61/61/35 63/62/35 62/63/35
f 62/63/35 64/64/35 61/61/35
s 12
f 65/65/36 67/66/36 66/67/36
f 66/67/36 68/68/36 65/65/36
s 13
f 69/69/37 71/70/37 70/71/37
f 70/71/37 72/72/37 69/69/37
s 14
f 73/73/38 75/74/38 74/75/38
f 74/75/38 76/76/38 73/73/38
s 15
f 77/77/39 79/78/39 78/79/39
f 78/79/39 80/80/39 77/77/39
s 16
f 81/81/40 83/82/40 82/83/40
f 82/83/40 84/84/40 81/81/40
s 17
f 85/85/41 87/86/41 86/87/41
f 86/87/41 88/88/41 85/85/41
s 18
f 89/89/42 91/90/42 90/91/42
f 90/91/42 92/92/42 89/89/42
s 19
f 93/93/43 95/94/43 94/95/43
f 94/95/43 96/96/43 93/93/43
s 20
f 97/97/44 99/98/44 98/99/44
f 98/99/44 100/100/44 97/97/44
s 21
f 101/101/45 103/102/46 102/103/47
f 102/103/47 104/104/48 101/101/45
f 103/102/46 106/105/49 105/106/50
f 105/106/50 102/103/47 103/102/46
f 107/107/51 109/108/52 108/109/53
f 108/109/53 110/110/54 107/107/51
f 109/108/52 112/111/55 111/112/56
f 111/112/56 108/109/53 109/108/52
f 113/113/57 105/106/50 114/114/58
f 114/114/58 115/115/59 113/113/57
f 113/113/57 116/116/60 102/103/47
f 102/103/47 105/106/50 113/113/57
f 116/116/60 117/117/61 104/104/48
f 104/104/48 102/103/47 116/116/60
f 110/110/54 108/109/53 103/102/46
f 103/102/46 101/101/45 110/110/54
f 108/109/53 111/112/56 106/105/49
f 106/105/49 103/102/46 108/109/53
f 112/111/55 115/115/59 114/114/58
f 114/114/58 111/112/56 112/111/55
f 114/114/58 105/106/50 106/105/49
f 106/105/49 111/112/56 114/114/58
f 118/118/62 101/101/45 104/104/48
f 104/104/48 119/119/63 118/118/62
f 120/120/64 118/118/62 119/119/63
f 119/119/63 121/121/65 120/120/64
f 122/122/66 107/107/51 110/110/54
f 110/110/54 123/123/67 122/122/66
f 124/124/68 122/122/66 123/123/67
f 123/123/67 125/125/69 124/124/68
f 121/121/65 127/126/70 126/127/71
f 126/127/71 128/128/72 121/121/65
f 129/129/73 127/126/70 121/121/65
f 121/121/65 119/119/63 129/129/73
f 117/117/61 129/129/73 119/119/63
f 119/119/63 104/104/48 117/117/61
f 123/123/67 110/110/54 101/101/45
f 101/101/45 118/118/62 123/123/67
f 125/125/69 123/123/67 118/118/62
f 118/118/62 120/120/64 125/125/69
f 128/128/72 126/127/71 124/124/68
f 124/124/68 125/125/69 128/128/72
f 128/128/72 125/125/69 120/120/64
f 120/120/64 121/121/65 128/128/72
s 22
f 130/130/74 132/131/75 131/132/76
f 131/132/76 133/133/77 130/130/74
f 132/131/75 135/134/78 134/135/79
f 134/135/79 131/132/76 132/131/75
f 135/134/78 137/136/80 136/137/81
f 136/137/81 134/135/79 135/134/78
f 137/136/80 139/138/82 138/139/83
f 138/139/83 136/137/81 137/136/80
f 139/138/82 141/140/84 140/141/85
f 140/141/85 138/139/83 139/138/82
f 141/140/84 143/142/86 142/143/87
f 142/143/87 140/141/85 141/140/84
f 143/142/86 145/144/88 144/145/89
f 144/145/89 142/143/87 143/142/86
f 145/144/88 147/146/90 146/147/91
f 146/147/91 144/145/89 145/144/88
f 147/146/90 149/148/92 148/149/93
f 148/149/93 146/147/91 147/146/90
f 149/148/92 151/150/94 150/151/95
f 150/151/95 148/149/93 149/148/92
f 151/150/94 153/152/96 152/153/97
f 152/153/97 150/151/95 151/150/94
f 153/152/96 155/154/98 154/155/99
f 154/155/99 152/153/97 153/152/96
f 155/154/98 157/156/100 156/157/101
f 156/157/101 154/155/99 155/154/98
f 157/156/100 159/158/102 158/159/103
f 158/159/103 156/157/101 157/156/100
f 159/158/102 161/160/104 160/161/105
f 160/161/105 158/159/103 159/158/102
f 161/160/104 163/162/106 162/163/107
f 162/163/107 160/161/105 161/160/104
f 163/162/106 165/164/108 164/165/109
f 164/165/109 162/163/107 163/162/106
f 165/164/108 167/166/110 166/167/111
f 166/167/111 164/165/109 165/164/108
f 167/166/110 169/168/112 168/169/113
f 168/169/113 166/167/111 167/166/110
f 169/168/112 171/170/114 170/171/115
f 170/171/115 168/169/113 169/168/112
f 171/170/114 173/172/116 172/173/117
f 172/173/117 170/171/115 171/170/114
f 173/172/116 175/174/118 174/175/119
f 174/175/119 172/173/117 173/172/116
f 175/174/118 177/176/120 176/177/121
f 176/177/121 174/175/119 175/174/118
f 177/176/120 179/178/122 178/179/123
f 178/179/123 176/177/121 177/176/120
f 179/178/122 181/180/124 180/181/125
f 180/181/125 178/179/123 179/178/122
f 181/180/124 183/182/126 182/183/127
f 182/183/127 180/181/125 181/180/124
f 183/182/126 185/184/128 184/185/129
f 184/185/129 182/183/127 183/182/126
f 185/184/128 187/186/130 186/187/131
f 186/187/131 184/185/129 185/184/128
f 187/186/130 189/188/132 188/189/133
f 188/189/133 186/187/131 187/186/130
f 189/188/132 130/130/74 133/133/77
f 133/133/77 188/189/133 189/188/132
f 398/490/342 399/491/343 132/131/75
f 132/131/75 130/130/74 398/490/342
f 400/492/344 401/493/345 133/133/77
f 133/133/77 131/132/76 400/492/344
f 399/491/343 402/494/346 135/134/78
f 135/134/78 132/131/75 399/491/343
f 403/495/347 400/492/344 131/132/76
f 131/132/76 134/135/79 403/495/347
f 402/494/346 404/496/348 137/136/80
f 137/136/80 135/134/78 402/494/346
f 405/497/349 403/495/347 134/135/79
f 134/135/79 136/137/81 405/497/349
f 404/496/348 406/498/350 139/138/82
f 139/138/82 137/136/80 404/496/348
f 407/499/351 405/497/349 136/137/81
f 136/137/81 138/139/83 407/499/351
f 406/498/350 408/500/352 141/140/84
f 141/140/84 139/138/82 406/498/350
f 409/501/353 407/499/351 138/139/83
f 138/139/83 140/141/85 409/501/353
f 408/500/352 410/502/354 143/142/86
f 143/142/86 141/140/84 408/500/352
f 411/503/355 409/501/353 140/141/85
f 140/141/85 142/143/87 411/503/355
f 410/502/354 412/504/356 145/144/88
f 145/144/88 143/142/86 410/502/354
f 413/505/357 411/503/355 142/143/87
f 142/143/87 144/145/89 413/505/357
f 412/504/356 414/506/358 147/146/90
f 147/146/90 145/144/88 412/504/356
f 415/507/359 413/505/357 144/145/89
f 144/145/89 146/147/91 415/507/359
f 414/506/358 416/508/360 149/148/92
f 149/148/92 147/146/90 414/506/358
f 417/509/361 415/507/359 146/147/91
f 146/147/91 148/149/93 417/509/361
f 416/508/360 418/510/362 151/150/94
f 151/150/94 149/148/92 416/508/360
f 419/511/363 417/509/361 148/149/93
f 148/149/93 150/151/95 419/511/363
f 418/510/362 420/512/364 153/152/96
f 153/152/96 151/150/94 418/510/362
f 421/513/365 419/511/363 150/151/95
f 150/151/95 152/153/97 421/513/365
f 420/512/364 422/514/366 155/154/98
f 155/154/98 153/152/96 420/512/364
f 423/515/367 421/513/365 152/153/97
f 152/153/97 154/155/99 423/515/367
f 422/514/366 424/516/368 157/156/100
f 157/156/100 155/154/98 422/514/366
f 425/517/369 423/515/367 154/155/99
f 154/155/99 156/157/101 425/517/369
f 424/516/368 426/518/370 159/158/102
f 159/158/102 157/156/100 424/516/368
f 427/519/371 425/517/369 156/157/101
f 156/157/101 158/159/103 427/519/371
f 426/518/370 428/520/372 161/160/104
f 161/160/104 159/158/102 426/518/370
f 429/521/373 427/519/371 158/159/103
f 158/159/103 160/161/105 429/521/373
f 428/520/372 430/522/374 163/162/106
f 163/162/106 161/160/104 428/520/372
f 431/523/375 429/521/373 160/161/105
f 160/161/105 162/163/107 431/523/375
f 430/522/374 432/524/376 165/164/108
f 165/164/108 163/162/106 430/522/374
f 433/525/377 431/523/375 162/163/107
f 162/163/107 164/165/109 433/525/377
f 432/524/376 434/526/378 167/166/110
f 167/166/110 165/164/108 432/524/376
f 435/527/379 433/525/377 164/165/109
f 164/165/109 166/167/111 435/527/379
f 434/526/378 436/528/380 169/168/112
f 169/168/112 167/166/110 434/526/378
f 437/529/381 435/527/379 166/167/111
f 166/167/111 168/169/113 437/529/381
f 436/528/380 438/530/382 171/170/114
f 171/170/114 169/168/112 436/528/380
f 439/531/383 437/529/381 168/169/113
f 168/169/113 170/171/115 439/531/383
f 438/530/382 440/532/384 173/172/116
f 173/172/116 171/170/114 438/530/382
f 441/533/385 439/531/383 170/171/115
f 170/171/115 172/173/117 441/533/385
f 440/532/384 442/534/386 175/174/118
f 175/174/118 173/172/116 440/532/384
f 443/535/387 441/533/385 172/173/117
f 172/173/117 174/175/119 443/535/387
f 442/534/386 444/536/388 177/176/120
f 177/176/120 175/174/118 442/534/386
f 445/537/389 443/535/387 174/175/119
f 174/175/119 176/177/121 445/537/389
f 444/536/388 446/538/390 179/178/122
f 179/178/122 177/176/120 444/536/388
f 447/539/391 445/537/389 176/177/121
f 176/177/121 178/179/123 447/539/391
f 446/538/390 448/540/392 181/180/124
f 181/180/124 179/178/122 446/538/390
f 449/541/393 447/539/391 178/179/123
f 178/179/123 180/181/125 449/541/393
f 448/540/392 450/542/394 183/182/126
f 183/182/126 181/180/124 448/540/392
f 451/543/395 449/541/393 180/181/125
f 180/181/125 182/183/127 451/543/395
f 450/542/394 452/544/396 185/184/128
f 185/184/128 183/182/126 450/542/394
f 453/545/397 451/543/395 182/183/127
f 182/183/127 184/185/129 453/545/397
f 452/544/396 454/546/398 187/186/130
f 187/186/130 185/184/128 452/544/396
f 455/547/399 453/545/397 184/185/129
f 184/185/129 186/187/131 455/547/399
f 454/546/398 456/548/400 189/188/132
f 189/188/132 187/186/130 454/546/398
f 457/549/401 455/547/399 186/187/131
f 186/187/131 188/189/133 457/549/401
f 456/548/400 398/490/342 130/130/74
f 130/130/74 189/188/132 456/548/400
f 401/493/345 457/549/401 188/189/133
f 188/189/133 133/133/77 401/493/345
s 23
g LlantaDD_Mat_CaraInterna
usemtl Mat_CaraInterna
f 190/190/134 192/191/135 191/192/136
f 191/192/136 193/193/137 190/190/134
f 192/191/135 195/194/138 194/195/139
f 194/195/139 191/192/136 192/191/135
f 195/194/138 197/196/140 196/197/141
f 196/197/141 194/195/139 195/194/138
f 197/196/140 199/198/142 198/199/143
f 198/199/143 196/197/141 197/196/140
f 199/198/142 201/200/144 200/201/145
f 200/201/145 198/199/143 199/198/142
f 201/200/144 203/202/146 202/203/147
f 202/203/147 200/201/145 201/200/144
f 203/202/146 205/204/148 204/205/149
f 204/205/149 202/203/147 203/202/146
f 205/204/148 207/206/150 206/207/151
f 206/207/151 204/205/149 205/204/148
f 207/206/150 209/208/152 208/209/153
f 208/209/153 206/207/151 207/206/150
f 209/208/152 211/210/154 210/211/155
f 210/211/155 208/209/153 209/208/152
f 211/210/154 213/212/156 212/213/157
f 212/213/157 210/211/155 211/210/154
f 213/212/156 215/214/158 214/215/159
f 214/215/159 212/213/157 213/212/156
f 215/214/158 217/216/160 216/217/161
f 216/217/161 214/215/159 215/214/158
f 217/216/160 219/218/162 218/219/163
f 218/219/163 216/217/161 217/216/160
f 219/218/162 190/190/134 193/193/137
f 193/193/137 218/219/163 219/218/162
s 24
g LlantaDD_Mat_Rin
usemtl Mat_Rin
f 220/220/164 222/221/165 221/222/166
f 220/220/164 221/222/166 223/223/167
f 220/220/164 223/223/167 224/224/168
f 225/225/169 226/226/170 224/224/168
f 224/224/168 223/223/167 225/225/169
f 227/227/171 225/225/169 223/223/167
f 223/223/167 221/222/166 227/227/171
f 228/228/172 227/227/171 221/222/166
f 221/222/166 222/221/165 228/228/172
f 229/229/173 228/228/172 222/221/165
f 222/221/165 230/230/174 229/229/173
f 226/226/170 232/231/175 231/232/176
f 231/232/176 224/224/168 226/226/170
s 40
f 458/550/402 460/551/403 459/552/404
f 459/552/404 461/553/405 458/550/402
f 461/553/405 459/552/404 462/554/406
f 462/554/406 463/555/407 461/553/405
f 463/555/407 462/554/406 464/556/408
f 464/556/408 465/557/409 463/555/407
f 466/558/410 468/559/411 467/560/25
f 460/551/403 469/561/412 459/552/404
f 469/561/412 471/562/413 470/563/414
f 470/563/414 459/552/404 469/561/412
f 459/552/404 470/563/414 472/564/415
f 472/564/415 462/554/406 459/552/404
f 462/554/406 472/564/415 473/565/416
f 473/565/416 464/556/408 462/554/406
f 468/559/411 474/566/417 467/560/25
f 471/562/413 475/567/418 470/563/414
f 475/567/418 477/568/419 476/569/420
f 476/569/420 470/563/414 475/567/418
f 470/563/414 476/569/420 478/570/421
f 478/570/421 472/564/415 470/563/414
f 472/564/415 478/570/421 479/571/422
f 479/571/422 473/565/416 472/564/415
f 474/566/417 480/572/423 467/560/25
f 477/568/419 481/573/424 476/569/420
f 481/573/424 483/574/425 482/575/426
f 482/575/426 476/569/420 481/573/424
f 476/569/420 482/575/426 484/576/427
f 484/576/427 478/570/421 476/569/420
f 478/570/421 484/576/427 485/577/428
f 485/577/428 479/571/422 478/570/421
f 480/572/423 486/578/429 467/560/25
f 483/574/425 487/579/430 482/575/426
f 487/579/430 489/580/431 488/581/432
f 488/581/432 482/575/426 487/579/430
f 482/575/426 488/581/432 490/582/433
f 490/582/433 484/576/427 482/575/426
f 484/576/427 490/582/433 491/583/434
f 491/583/434 485/577/428 484/576/427
f 486/578/429 492/584/435 467/560/25
f 489/580/431 493/585/436 488/581/432
f 493/585/436 495/586/437 494/587/438
f 494/587/438 488/581/432 493/585/436
f 488/581/432 494/587/438 496/588/439
f 496/588/439 490/582/433 488/581/432
f 490/582/433 496/588/439 497/589/440
f 497/589/440 491/583/434 490/582/433
f 492/584/435 498/590/441 467/560/25
f 495/586/437 499/591/442 494/587/438
f 499/591/442 501/592/443 500/593/444
f 500/593/444 494/587/438 499/591/442
f 494/587/438 500/593/444 502/594/445
f 502/594/445 496/588/439 494/587/438
f 496/588/439 502/594/445 503/595/446
f 503/595/446 497/589/440 496/588/439
f 498/590/441 504/596/447 467/560/25
f 501/592/443 505/597/448 500/593/444
f 505/597/448 507/598/449 506/599/450
f 506/599/450 500/593/444 505/597/448
f 500/593/444 506/599/450 508/600/451
f 508/600/451 502/594/445 500/593/444
f 502/594/445 508/600/451 509/601/452
f 509/601/452 503/595/446 502/594/445
f 504/596/447 510/602/453 467/560/25
f 507/598/449 511/603/454 506/599/450
f 511/603/454 513/604/455 512/605/456
f 512/605/456 506/599/450 511/603/454
f 506/599/450 512/605/456 514/606/457
f 514/606/457 508/600/451 506/599/450
f 508/600/451 514/606/457 515/607/458
f 515/607/458 509/601/452 508/600/451
f 510/602/453 516/608/459 467/560/25
f 513/604/455 517/609/460 512/605/456
f 517/609/460 518/610/461 461/553/405
f 461/553/405 512/605/456 517/609/460
f 512/605/456 461/553/405 463/555/407
f 463/555/407 514/606/457 512/605/456
f 514/606/457 463/555/407 465/557/409
f 465/557/409 515/607/458 514/606/457
f 516/608/459 466/558/410 467/560/25
f 518/610/461 458/550/402 461/553/405
f 465/557/409 464/556/408 468/559/411
f 468/559/411 466/558/410 465/557/409
f 464/556/408 473/565/416 474/566/417
f 474/566/417 468/559/411 464/556/408
f 473/565/416 479/571/422 480/572/423
f 480/572/423 474/566/417 473/565/416
f 479/571/422 485/577/428 486/578/429
f 486/578/429 480/572/423 479/571/422
f 485/577/428 491/583/434 492/584/435
f 492/584/435 486/578/429 485/577/428
f 491/583/434 497/589/440 498/590/441
f 498/590/441 492/584/435 491/583/434
f 497/589/440 503/595/446 504/596/447
f 504/596/447 498/590/441 497/589/440
f 503/595/446 509/601/452 510/602/453
f 510/602/453 504/596/447 503/595/446
f 509/601/452 515/607/458 516/608/459
f 516/608/459 510/602/453 509/601/452
f 515/607/458 465/557/409 466/558/410
f 466/558/410 516/608/459 515/607/458
f 519/611/462 520/612/463 460/613/403
f 460/613/403 521/614/464 519/611/462
f 520/615/463 522/616/465 469/617/412
f 469/617/412 460/618/403 520/615/463
f 522/616/465 524/619/466 523/620/467
f 523/620/467 469/617/412 522/616/465
f 524/621/466 526/622/468 525/623/469
f 525/623/469 523/624/467 524/621/466
f 526/622/468 528/625/470 527/626/471
f 527/626/471 525/623/469 526/622/468
f 528/627/470 530/628/472 529/629/473
f 529/629/473 527/630/471 528/627/470
f 530/628/472 532/631/474 531/632/475
f 531/632/475 529/629/473 530/628/472
f 532/633/474 534/634/476 533/635/477
f 533/635/477 531/636/475 532/633/474
f 534/634/476 536/637/478 535/638/479
f 535/638/479 533/635/477 534/634/476
f 536/639/478 538/640/480 537/641/481
f 537/641/481 535/642/479 536/639/478
f 538/640/480 540/643/482 539/644/483
f 539/644/483 537/641/481 538/640/480
f 540/645/482 542/646/484 541/647/485
f 541/647/485 539/648/483 540/645/482
f 542/646/484 544/649/486 543/650/487
f 543/650/487 541/647/485 542/646/484
f 544/651/486 546/652/488 545/653/489
f 545/653/489 543/654/487 544/651/486
f 546/652/488 548/655/490 547/656/491
f 547/656/491 545/653/489 546/652/488
f 548/657/490 550/658/492 549/659/493
f 549/659/493 547/660/491 548/657/490
f 550/658/492 552/661/494 551/662/495
f 551/662/495 549/659/493 550/658/492
f 552/663/494 554/664/496 553/665/497
f 553/665/497 551/666/495 552/663/494
f 554/664/496 556/667/498 555/668/499
f 555/668/499 553/665/497 554/664/496
f 556/669/498 519/611/462 521/614/464
f 521/614/464 555/670/499 556/669/498
f 557/671/500 558/672/501 522/616/465
f 522/616/465 520/615/463 557/671/500
f 559/673/502 561/674/503 560/675/504
f 559/673/502 560/675/504 558/672/501
f 557/671/500 563/676/505 562/677/506
f 558/672/501 557/671/500 562/677/506
f 559/673/502 558/672/501 562/677/506
f 564/678/507 557/679/500 520/612/463
f 520/612/463 519/611/462 564/678/507
f 565/680/508 563/681/505 557/679/500
f 565/680/508 557/679/500 564/678/507
f 566/682/509 568/683/510 567/684/511
f 564/678/507 566/682/509 567/684/511
f 565/680/508 564/678/507 567/684/511
f 569/685/512 564/678/507 519/611/462
f 519/611/462 556/669/498 569/685/512
f 570/686/513 571/687/514 566/682/509
f 570/686/513 566/682/509 564/678/507
f 569/685/512 573/688/515 572/689/513
f 564/678/507 569/685/512 572/689/513
f 570/686/513 564/678/507 572/689/513
f 574/690/516 569/691/512 556/667/498
f 556/667/498 554/664/496 574/690/516
f 575/692/517 573/693/515 569/691/512
f 575/692/517 569/691/512 574/690/516
f 576/694/518 578/695/519 577/696/520
f 574/690/516 576/694/518 577/696/520
f 575/692/517 574/690/516 577/696/520
f 579/697/521 574/690/516 554/664/496
f 554/664/496 552/663/494 579/697/521
f 580/698/522 581/699/523 576/694/518
f 580/698/522 576/694/518 574/690/516
f 579/697/521 583/700/524 582/701/525
f 574/690/516 579/697/521 582/701/525
f 580/698/522 574/690/516 582/701/525
f 584/702/526 579/703/521 552/661/494
f 552/661/494 550/658/492 584/702/526
f 585/704/527 583/705/524 579/703/521
f 585/704/527 579/703/521 584/702/526
f 586/706/528 588/707/529 587/708/530
f 584/702/526 586/706/528 587/708/530
f 585/704/527 584/702/526 587/708/530
f 589/709/531 584/702/526 550/658/492
f 550/658/492 548/657/490 589/709/531
f 590/710/532 591/711/533 586/706/528
f 590/710/532 586/706/528 584/702/526
f 589/709/531 593/712/534 592/713/535
f 584/702/526 589/709/531 592/713/535
f 590/710/532 584/702/526 592/713/535
f 594/714/536 589/715/531 548/655/490
f 548/655/490 546/652/488 594/714/536
f 595/716/537 593/717/534 589/715/531
f 595/716/537 589/715/531 594/714/536
f 596/718/538 598/719/539 597/720/540
f 594/714/536 596/718/538 597/720/540
f 595/716/537 594/714/536 597/720/540
f 599/721/541 594/714/536 546/652/488
f 546/652/488 544/651/486 599/721/541
f 600/722/542 601/723/543 596/718/538
f 600/722/542 596/718/538 594/714/536
f 599/721/541 603/724/544 602/725/545
f 594/714/536 599/721/541 602/725/545
f 600/722/542 594/714/536 602/725/545
f 604/726/546 599/727/541 544/649/486
f 544/649/486 542/646/484 604/726/546
f 605/728/547 603/729/544 599/727/541
f 605/728/547 599/727/541 604/726/546
f 606/730/548 608/731/549 607/732/550
f 604/726/546 606/730/548 607/732/550
f 605/728/547 604/726/546 607/732/550
f 609/733/551 604/726/546 542/646/484
f 542/646/484 540/645/482 609/733/551
f 610/734/552 611/735/553 606/730/548
f 610/734/552 606/730/548 604/726/546
f 609/733/551 613/736/554 612/737/555
f 604/726/546 609/733/551 612/737/555
f 610/734/552 604/726/546 612/737/555
f 614/738/556 609/739/551 540/643/482
f 540/643/482 538/640/480 614/738/556
f 615/740/557 613/741/554 609/739/551
f 615/740/557 609/739/551 614/738/556
f 616/742/558 618/743/559 617/744/560
f 614/738/556 616/742/558 617/744/560
f 615/740/557 614/738/556 617/744/560
f 619/745/561 614/738/556 538/640/480
f 538/640/480 536/639/478 619/745/561
f 620/746/562 621/747/563 616/742/558
f 620/746/562 616/742/558 614/738/556
f 619/745/561 623/748/564 622/749/565
f 614/738/556 619/745/561 622/749/565
f 620/746/562 614/738/556 622/749/565
f 624/750/566 619/751/561 536/637/478
f 536/637/478 534/634/476 624/750/566
f 625/752/567 623/753/564 619/751/561
f 625/752/567 619/751/561 624/750/566
f 626/754/568 628/755/569 627/756/567
f 624/750/566 626/754/568 627/756/567
f 625/752/567 624/750/566 627/756/567
f 629/757/570 624/750/566 534/634/476
f 534/634/476 532/633/474 629/757/570
f 630/758/571 631/759/572 626/754/568
f 630/758/571 626/754/568 624/750/566
f 629/757/570 633/760/573 632/761/574
f 624/750/566 629/757/570 632/761/574
f 630/758/571 624/750/566 632/761/574
f 634/762/575 629/763/570 532/631/474
f 532/631/474 530/628/472 634/762/575
f 635/764/576 633/765/573 629/763/570
f 635/764/576 629/763/570 634/762/575
f 636/766/577 638/767/578 637/768/576
f 634/762/575 636/766/577 637/768/576
f 635/764/576 634/762/575 637/768/576
f 639/769/579 634/762/575 530/628/472
f 530/628/472 528/627/470 639/769/579
f 640/770/580 641/771/581 636/766/577
f 640/770/580 636/766/577 634/762/575
f 639/769/579 643/772/582 642/773/580
f 634/762/575 639/769/579 642/773/580
f 640/770/580 634/762/575 642/773/580
f 644/774/583 639/775/579 528/625/470
f 528/625/470 526/622/468 644/774/583
f 645/776/584 643/777/582 639/775/579
f 645/776/584 639/775/579 644/774/583
f 646/778/585 648/779/586 647/780/587
f 644/774/583 646/778/585 647/780/587
f 645/776/584 644/774/583 647/780/587
f 649/781/588 644/774/583 526/622/468
f 526/622/468 524/621/466 649/781/588
f 650/782/589 651/783/590 646/778/585
f 650/782/589 646/778/585 644/774/583
f 649/781/588 653/784/591 652/785/592
f 644/774/583 649/781/588 652/785/592
f 650/782/589 644/774/583 652/785/592
f 558/672/501 649/786/588 524/619/466
f 524/619/466 522/616/465 558/672/501
f 654/787/593 653/788/591 649/786/588
f 654/787/593 649/786/588 558/672/501
f 560/675/504 656/789/594 655/790/595
f 558/672/501 560/675/504 655/790/595
f 654/787/593 558/672/501 655/790/595
s 41
f 657/791/596 659/792/597 658/793/598
f 658/793/598 660/794/599 657/791/596
f 659/792/597 662/795/600 661/796/601
f 661/796/601 658/793/598 659/792/597
f 662/795/600 664/797/602 663/798/603
f 663/798/603 661/796/601 662/795/600
f 665/799/604 667/800/605 666/801/606
f 666/801/606 668/802/607 665/799/604
f 667/800/605 670/803/608 669/804/609
f 669/804/609 666/801/606 667/800/605
f 670/803/608 672/805/610 671/806/611
f 671/806/611 669/804/609 670/803/608
f 660/794/599 658/793/598 673/807/612
f 673/807/612 674/808/613 660/794/599
f 658/793/598 661/796/601 675/809/614
f 675/809/614 673/807/612 658/793/598
f 661/796/601 663/798/603 676/810/615
f 676/810/615 675/809/614 661/796/601
f 674/808/613 673/807/612 667/811/605
f 667/811/605 665/812/604 674/808/613
f 673/807/612 675/809/614 670/813/608
f 670/813/608 667/811/605 673/807/612
f 675/809/614 676/810/615 672/814/610
f 672/814/610 670/813/608 675/809/614
s 42
f 677/815/616 679/816/617 678/817/618
f 678/817/618 680/818/619 677/815/616
f 679/816/617 682/819/620 681/820/621
f 681/820/621 678/817/618 679/816/617
f 682/819/620 684/821/622 683/822/623
f 683/822/623 681/820/621 682/819/620
f 685/823/624 687/824/625 686/825/626
f 686/825/626 688/826/627 685/823/624
f 687/824/625 690/827/628 689/828/629
f 689/828/629 686/825/626 687/824/625
f 690/827/628 692/829/630 691/830/631
f 691/830/631 689/828/629 690/827/628
f 680/818/619 678/817/618 693/831/632
f 693/831/632 694/832/633 680/818/619
f 678/817/618 681/820/621 695/833/634
f 695/833/634 693/831/632 678/817/618
f 681/820/621 683/822/623 696/834/635
f 696/834/635 695/833/634 681/820/621
f 694/832/633 693/831/632 687/835/625
f 687/835/625 685/836/624 694/832/633
f 693/831/632 695/833/634 690/837/628
f 690/837/628 687/835/625 693/831/632
f 695/833/634 696/834/635 692/838/630
f 692/838/630 690/837/628 695/833/634
s 43
f 697/839/636 699/840/637 698/841/638
f 698/841/638 700/842/639 697/839/636
f 699/840/637 702/843/640 701/844/641
f 701/844/641 698/841/638 699/840/637
f 702/843/640 704/845/642 703/846/643
f 703/846/643 701/844/641 702/843/640
f 705/847/644 707/848/645 706/849/646
f 706/849/646 708/850/647 705/847/644
f 707/848/645 710/851/648 709/852/649
f 709/852/649 706/849/646 707/848/645
f 710/851/648 712/853/650 711/854/651
f 711/854/651 709/852/649 710/851/648
f 700/842/639 698/841/638 713/855/652
f 713/855/652 714/856/653 700/842/639
f 698/841/638 701/844/641 715/857/654
f 715/857/654 713/855/652 698/841/638
f 701/844/641 703/846/643 716/858/655
f 716/858/655 715/857/654 701/844/641
f 714/856/653 713/855/652 707/859/645
f 707/859/645 705/860/644 714/856/653
f 713/855/652 715/857/654 710/861/648
f 710/861/648 707/859/645 713/855/652
f 715/857/654 716/858/655 712/862/650
f 712/862/650 710/861/648 715/857/654
s 44
f 717/863/656 719/864/657 718/865/658
f 718/865/658 720/866/659 717/863/656
f 719/864/657 722/867/660 721/868/661
f 721/868/661 718/865/658 719/864/657
f 722/867/660 724/869/662 723/870/663
f 723/870/663 721/868/661 722/867/660
f 725/871/664 727/872/665 726/873/666
f 726/873/666 728/874/667 725/871/664
f 727/872/665 730/875/668 729/876/669
f 729/876/669 726/873/666 727/872/665
f 730/875/668 732/877/670 731/878/671
f 731/878/671 729/876/669 730/875/668
f 720/866/659 718/865/658 733/879/672
f 733/879/672 734/880/673 720/866/659
f 718/865/658 721/868/661 735/881/674
f 735/881/674 733/879/672 718/865/658
f 721/868/661 723/870/663 736/882/675
f 736/882/675 735/881/674 721/868/661
f 734/880/673 733/879/672 727/883/665
f 727/883/665 725/884/664 734/880/673
f 733/879/672 735/881/674 730/885/668
f 730/885/668 727/883/665 733/879/672
f 735/881/674 736/882/675 732/886/670
f 732/886/670 730/885/668 735/881/674
s 45
f 737/887/676 739/888/677 738/889/678
f 738/889/678 740/890/679 737/887/676
f 739/888/677 742/891/680 741/892/681
f 741/892/681 738/889/678 739/888/677
f 742/891/680 744/893/682 743/894/683
f 743/894/683 741/892/681 742/891/680
f 745/895/684 747/896/685 746/897/686
f 746/897/686 748/898/687 745/895/684
f 747/896/685 750/899/688 749/900/689
f 749/900/689 746/897/686 747/896/685
f 750/899/688 752/901/690 751/902/691
f 751/902/691 749/900/689 750/899/688
f 740/890/679 738/889/678 753/903/692
f 753/903/692 754/904/693 740/890/679
f 738/889/678 741/892/681 755/905/694
f 755/905/694 753/903/692 738/889/678
f 741/892/681 743/894/683 756/906/695
f 756/906/695 755/905/694 741/892/681
f 754/904/693 753/903/692 747/907/685
f 747/907/685 745/908/684 754/904/693
f 753/903/692 755/905/694 750/909/688
f 750/909/688 747/907/685 753/903/692
f 755/905/694 756/906/695 752/910/690
f 752/910/690 750/909/688 755/905/694
s 46
f 757/911/696 759/912/697 758/913/698
f 758/913/698 760/914/699 757/911/696
f 759/912/697 762/915/700 761/916/701
f 761/916/701 758/913/698 759/912/697
f 762/915/700 764/917/702 763/918/703
f 763/918/703 761/916/701 762/915/700
f 765/919/704 767/920/705 766/921/706
f 766/921/706 768/922/707 765/919/704
f 767/920/705 770/923/708 769/924/709
f 769/924/709 766/921/706 767/920/705
f 770/923/708 772/925/710 771/926/711
f 771/926/711 769/924/709 770/923/708
f 760/914/699 758/913/698 773/927/712
f 773/927/712 774/928/713 760/914/699
f 758/913/698 761/916/701 775/929/714
f 775/929/714 773/927/712 758/913/698
f 761/916/701 763/918/703 776/930/715
f 776/930/715 775/929/714 761/916/701
f 774/928/713 773/927/712 767/931/705
f 767/931/705 765/932/704 774/928/713
f 773/927/712 775/929/714 770/933/708
f 770/933/708 767/931/705 773/927/712
f 775/929/714 776/930/715 772/934/710
f 772/934/710 770/933/708 775/929/714
s 47
f 777/935/716 779/936/717 778/937/718
f 778/937/718 780/938/719 777/935/716
f 779/936/717 782/939/720 781/940/721
f 781/940/721 778/937/718 779/936/717
f 782/939/720 784/941/722 783/942/723
f 783/942/723 781/940/721 782/939/720
f 785/943/724 787/944/725 786/945/726
f 786/945/726 788/946/727 785/943/724
f 787/944/725 790/947/728 789/948/729
f 789/948/729 786/945/726 787/944/725
f 790/947/728 792/949/730 791/950/731
f 791/950/731 789/948/729 790/947/728
f 780/938/719 778/937/718 793/951/732
f 793/951/732 794/952/733 780/938/719
f 778/937/718 781/940/721 795/953/734
f 795/953/734 793/951/732 778/937/718
f 781/940/721 783/942/723 796/954/735
f 796/954/735 795/953/734 781/940/721
f 794/952/733 793/951/732 787/955/725
f 787/955/725 785/956/724 794/952/733
f 793/951/732 795/953/734 790/957/728
f 790/957/728 787/955/725 793/951/732
f 795/953/734 796/954/735 792/958/730
f 792/958/730 790/957/728 795/953/734
s 48
f 797/959/736 799/960/737 798/961/738
f 798/961/738 800/962/739 797/959/736
f 799/960/737 802/963/740 801/964/741
f 801/964/741 798/961/738 799/960/737
f 802/963/740 804/965/742 803/966/743
f 803/966/743 801/964/741 802/963/740
f 805/967/744 807/968/745 806/969/746
f 806/969/746 808/970/747 805/967/744
f 807/968/745 810/971/748 809/972/749
f 809/972/749 806/969/746 807/968/745
f 810/971/748 812/973/750 811/974/751
f 811/974/751 809/972/749 810/971/748
f 800/962/739 798/961/738 813/975/752
f 813/975/752 814/976/753 800/962/739
f 798/961/738 801/964/741 815/977/754
f 815/977/754 813/975/752 798/961/738
f 801/964/741 803/966/743 816/978/755
f 816/978/755 815/977/754 801/964/741
f 814/976/753 813/975/752 807/979/745
f 807/979/745 805/980/744 814/976/753
f 813/975/752 815/977/754 810/981/748
f 810/981/748 807/979/745 813/975/752
f 815/977/754 816/978/755 812/982/750
f 812/982/750 810/981/748 815/977/754
s 49
f 817/983/756 819/984/757 818/985/758
f 818/985/758 820/986/759 817/983/756
f 819/984/757 822/987/760 821/988/761
f 821/988/761 818/985/758 819/984/757
f 822/987/760 824/989/762 823/990/763
f 823/990/763 821/988/761 822/987/760
f 825/991/764 827/992/765 826/993/766
f 826/993/766 828/994/767 825/991/764
f 827/992/765 830/995/768 829/996/769
f 829/996/769 826/993/766 827/992/765
f 830/995/768 832/997/770 831/998/771
f 831/998/771 829/996/769 830/995/768
f 820/986/759 818/985/758 833/999/772
f 833/999/772 834/1000/773 820/986/759
f 818/985/758 821/988/761 835/1001/774
f 835/1001/774 833/999/772 818/985/758
f 821/988/761 823/990/763 836/1002/775
f 836/1002/775 835/1001/774 821/988/761
f 834/1000/773 833/999/772 827/1003/765
f 827/1003/765 825/1004/764 834/1000/773
f 833/999/772 835/1001/774 830/1005/768
f 830/1005/768 827/1003/765 833/999/772
f 835/1001/774 836/1002/775 832/1006/770
f 832/1006/770 830/1005/768 835/1001/774
s 50
f 837/1007/776 839/1008/777 838/1009/778
f 838/1009/778 840/1010/779 837/1007/776
f 839/1008/777 842/1011/780 841/1012/781
f 841/1012/781 838/1009/778 839/1008/777
f 842/1011/780 844/1013/782 843/1014/783
f 843/1014/783 841/1012/781 842/1011/780
f 845/1015/784 847/1016/785 846/1017/786
f 846/1017/786 848/1018/787 845/1015/784
f 847/1016/785 850/1019/788 849/1020/789
f 849/1020/789 846/1017/786 847/1016/785
f 850/1019/788 852/1021/790 851/1022/791
f 851/1022/791 849/1020/789 850/1019/788
f 840/1010/779 838/1009/778 853/1023/792
f 853/1023/792 854/1024/793 840/1010/779
f 838/1009/778 841/1012/781 855/1025/794
f 855/1025/794 853/1023/792 838/1009/778
f 841/1012/781 843/1014/783 856/1026/795
f 856/1026/795 855/1025/794 841/1012/781
f 854/1024/793 853/1023/792 847/1027/785
f 847/1027/785 845/1028/784 854/1024/793
f 853/1023/792 855/1025/794 850/1029/788
f 850/1029/788 847/1027/785 853/1023/792
f 855/1025/794 856/1026/795 852/1030/790
f 852/1030/790 850/1029/788 855/1025/794
s 41
f 857/1031/796 858/1032/797 659/792/597
f 659/792/597 657/791/596 857/1031/796
s 47
f 859/1033/798 857/1034/796 784/941/722
f 784/941/722 782/939/720 859/1033/798
f 860/1035/799 859/1033/798 782/939/720
f 782/939/720 779/936/717 860/1035/799
f 861/1036/800 860/1035/799 779/936/717
f 779/936/717 777/935/716 861/1036/800
s 48
f 862/1037/801 861/1038/800 804/965/742
f 804/965/742 802/963/740 862/1037/801
f 863/1039/802 862/1037/801 802/963/740
f 802/963/740 799/960/737 863/1039/802
f 864/1040/803 863/1039/802 799/960/737
f 799/960/737 797/959/736 864/1040/803
s 49
f 865/1041/804 864/1042/805 824/989/762
f 824/989/762 822/987/760 865/1041/804
f 866/1043/806 865/1041/804 822/987/760
f 822/987/760 819/984/757 866/1043/806
f 867/1044/807 866/1043/806 819/984/757
f 819/984/757 817/983/756 867/1044/807
s 50
f 868/1045/808 867/1046/807 844/1013/782
f 844/1013/782 842/1011/780 868/1045/808
f 869/1047/809 868/1045/808 842/1011/780
f 842/1011/780 839/1008/777 869/1047/809
f 870/1048/810 869/1047/809 839/1008/777
f 839/1008/777 837/1007/776 870/1048/810
s 42
f 871/1049/811 870/1050/812 684/821/622
f 684/821/622 682/819/620 871/1049/811
f 872/1051/813 871/1049/811 682/819/620
f 682/819/620 679/816/617 872/1051/813
f 873/1052/814 872/1051/813 679/816/617
f 679/816/617 677/815/616 873/1052/814
s 43
f 874/1053/815 873/1054/816 704/845/642
f 704/845/642 702/843/640 874/1053/815
f 875/1055/817 874/1053/815 702/843/640
f 702/843/640 699/840/637 875/1055/817
f 876/1056/818 875/1055/817 699/840/637
f 699/840/637 697/839/636 876/1056/818
s 44
f 877/1057/819 876/1058/820 724/869/662
f 724/869/662 722/867/660 877/1057/819
f 878/1059/821 877/1057/819 722/867/660
f 722/867/660 719/864/657 878/1059/821
f 879/1060/822 878/1059/821 719/864/657
f 719/864/657 717/863/656 879/1060/822
s 45
f 880/1061/823 879/1062/822 744/893/682
f 744/893/682 742/891/680 880/1061/823
f 881/1063/824 880/1061/823 742/891/680
f 742/891/680 739/888/677 881/1063/824
f 882/1064/825 881/1063/824 739/888/677
f 739/888/677 737/887/676 882/1064/825
s 46
f 883/1065/826 882/1066/825 764/917/702
f 764/917/702 762/915/700 883/1065/826
f 884/1067/827 883/1065/826 762/915/700
f 762/915/700 759/912/697 884/1067/827
f 885/1068/828 884/1067/827 759/912/697
f 759/912/697 757/911/696 885/1068/828
s 41
f 886/1069/829 885/1070/830 664/797/602
f 664/797/602 662/795/600 886/1069/829
f 858/1032/797 886/1069/829 662/795/600
f 662/795/600 659/792/597 858/1032/797
s 25
g LlantaDD_Mat_Rodamiento
usemtl Mat_Rodamiento
f 233/233/177 235/234/178 234/235/179
f 234/235/179 236/236/180 233/233/177
f 235/234/178 238/237/181 237/238/182
f 237/238/182 234/235/179 235/234/178
f 236/239/180 234/240/179 239/241/183
f 239/241/183 240/242/184 236/239/180
f 234/240/179 237/243/182 241/244/185
f 241/244/185 239/241/183 234/240/179
f 242/245/186 240/246/184 239/247/183
f 239/247/183 241/248/185 243/249/187
f 243/249/187 242/245/186 239/247/183
s 26
f 244/250/188 246/251/189 245/252/190
f 245/252/190 247/253/191 244/250/188
f 246/251/189 249/254/192 248/255/193
f 248/255/193 245/252/190 246/251/189
f 247/256/191 245/257/190 250/258/194
f 250/258/194 251/259/195 247/256/191
f 245/257/190 248/260/193 252/261/196
f 252/261/196 250/258/194 245/257/190
f 253/262/197 251/263/195 250/264/194
f 250/264/194 252/265/196 254/266/198
f 254/266/198 253/262/197 250/264/194
s 27
f 255/267/199 257/268/200 256/269/201
f 256/269/201 258/270/202 255/267/199
f 257/268/200 260/271/203 259/272/204
f 259/272/204 256/269/201 257/268/200
f 258/273/202 256/274/201 261/275/205
f 261/275/205 262/276/206 258/273/202
f 256/274/201 259/277/204 263/278/207
f 263/278/207 261/275/205 256/274/201
f 264/279/208 262/280/206 261/281/205
f 261/281/205 263/282/207 265/283/209
f 265/283/209 264/279/208 261/281/205
s 28
f 266/284/210 268/285/211 267/286/212
f 267/286/212 269/287/213 266/284/210
f 268/285/211 271/288/214 270/289/215
f 270/289/215 267/286/212 268/285/211
f 269/290/213 267/291/212 272/292/216
f 272/292/216 273/293/217 269/290/213
f 267/294/212 270/295/215 274/296/218
f 274/296/218 272/297/216 267/294/212
f 275/298/219 273/299/217 272/300/216
f 272/300/216 274/301/218 276/302/220
f 276/302/220 275/298/219 272/300/216
s 29
f 277/303/221 279/304/222 278/305/223
f 278/305/223 280/306/224 277/303/221
f 279/304/222 282/307/225 281/308/226
f 281/308/226 278/305/223 279/304/222
f 280/309/224 278/310/223 283/311/227
f 283/311/227 284/312/228 280/309/224
f 278/310/223 281/313/226 285/314/229
f 285/314/229 283/311/227 278/310/223
f 286/315/230 284/316/228 283/317/227
f 283/317/227 285/318/229 287/319/231
f 287/319/231 286/315/230 283/317/227
s 30
f 288/320/232 290/321/233 289/322/234
f 289/322/234 291/323/235 288/320/232
f 290/321/233 293/324/236 292/325/237
f 292/325/237 289/322/234 290/321/233
f 291/326/235 289/327/234 294/328/238
f 294/328/238 295/329/239 291/326/235
f 289/327/234 292/330/237 296/331/240
f 296/331/240 294/328/238 289/327/234
f 297/332/241 295/333/239 294/334/238
f 294/334/238 296/335/240 298/336/242
f 298/336/242 297/332/241 294/334/238
s 31
f 299/337/243 301/338/244 300/339/245
f 300/339/245 302/340/246 299/337/243
f 301/338/244 304/341/247 303/342/248
f 303/342/248 300/339/245 301/338/244
f 302/343/246 300/344/245 305/345/249
f 305/345/249 306/346/250 302/343/246
f 300/344/245 303/347/248 307/348/251
f 307/348/251 305/345/249 300/344/245
f 308/349/252 306/350/250 305/351/249
f 305/351/249 307/352/251 309/353/253
f 309/353/253 308/349/252 305/351/249
s 32
f 310/354/254 312/355/255 311/356/256
f 311/356/256 313/357/257 310/354/254
f 312/355/255 315/358/258 314/359/259
f 314/359/259 311/356/256 312/355/255
f 313/360/257 311/361/256 316/362/260
f 316/362/260 317/363/261 313/360/257
f 311/361/256 314/364/259 318/365/262
f 318/365/262 316/362/260 311/361/256
f 319/366/263 317/367/261 316/368/260
f 316/368/260 318/369/262 320/370/264
f 320/370/264 319/366/263 316/368/260
s 33
f 321/371/265 323/372/266 322/373/267
f 322/373/267 324/374/268 321/371/265
f 323/372/266 326/375/269 325/376/270
f 325/376/270 322/373/267 323/372/266
f 324/377/268 322/378/267 327/379/271
f 327/379/271 328/380/272 324/377/268
f 322/378/267 325/381/270 329/382/273
f 329/382/273 327/379/271 322/378/267
f 330/383/274 328/384/272 327/385/271
f 327/385/271 329/386/273 331/387/275
f 331/387/275 330/383/274 327/385/271
s 34
f 332/388/276 334/389/277 333/390/278
f 333/390/278 335/391/279 332/388/276
f 334/389/277 337/392/280 336/393/281
f 336/393/281 333/390/278 334/389/277
f 335/394/279 333/395/278 338/396/282
f 338/396/282 339/397/283 335/394/279
f 333/395/278 336/398/281 340/399/284
f 340/399/284 338/396/282 333/395/278
f 341/400/285 339/401/283 338/402/282
f 338/402/282 340/403/284 342/404/286
f 342/404/286 341/400/285 338/402/282
s 35
f 343/405/287 345/406/288 344/407/289
f 344/407/289 346/408/290 343/405/287
f 345/406/288 348/409/291 347/410/292
f 347/410/292 344/407/289 345/406/288
f 346/411/290 344/412/289 349/413/293
f 349/413/293 350/414/294 346/411/290
f 344/412/289 347/415/292 351/416/295
f 351/416/295 349/413/293 344/412/289
f 352/417/296 350/418/294 349/419/293
f 349/419/293 351/420/295 353/421/297
f 353/421/297 352/417/296 349/419/293
s 36
f 354/422/298 356/423/299 355/424/300
f 355/424/300 357/425/301 354/422/298
f 356/423/299 359/426/302 358/427/303
f 358/427/303 355/424/300 356/423/299
f 357/428/301 355/429/300 360/430/304
f 360/430/304 361/431/305 357/428/301
f 355/429/300 358/432/303 362/433/306
f 362/433/306 360/430/304 355/429/300
f 363/434/307 361/435/305 360/436/304
f 360/436/304 362/437/306 364/438/308
f 364/438/308 363/434/307 360/436/304
s 37
f 365/439/309 367/440/310 366/441/311
f 366/441/311 368/442/312 365/439/309
f 367/440/310 370/443/313 369/444/314
f 369/444/314 366/441/311 367/440/310
f 368/445/312 366/446/311 371/447/315
f 371/447/315 372/448/316 368/445/312
f 366/446/311 369/449/314 373/450/317
f 373/450/317 371/447/315 366/446/311
f 374/451/318 372/452/316 371/453/315
f 371/453/315 373/454/317 375/455/319
f 375/455/319 374/451/318 371/453/315
s 38
f 376/456/320 378/457/321 377/458/322
f 377/458/322 379/459/323 376/456/320
f 378/457/321 381/460/324 380/461/325
f 380/461/325 377/458/322 378/457/321
f 379/462/323 377/463/322 382/464/326
f 382/464/326 383/465/327 379/462/323
f 377/463/322 380/466/325 384/467/328
f 384/467/328 382/464/326 377/463/322
f 385/468/329 383/469/327 382/470/326
f 382/470/326 384/471/328 386/472/330
f 386/472/330 385/468/329 382/470/326
s 39
f 387/473/331 389/474/332 388/475/333
f 388/475/333 390/476/334 387/473/331
f 389/474/332 392/477/335 391/478/336
f 391/478/336 388/475/333 389/474/332
f 390/479/334 388/480/333 393/481/337
f 393/481/337 394/482/338 390/479/334
f 388/480/333 391/483/336 395/484/339
f 395/484/339 393/481/337 388/480/333
f 396/485/340 394/486/338 393/487/337
f 393/487/337 395/488/339 397/489/341
f 397/489/341 396/485/340 393/487/337
