# Blender 5.0.1
# www.blender.org
o cabeza.001
v -0.191644 -0.452082 0.332268
v -0.149044 -0.476882 0.371068
v -0.189244 -0.445482 0.388368
v -0.240944 -0.412882 0.346668
v -0.223244 -0.413982 0.409168
v -0.281144 -0.374782 0.364768
v -0.251044 -0.382682 0.432268
v -0.312844 -0.337982 0.385568
v -0.272144 -0.352182 0.456868
v -0.336344 -0.302782 0.408568
v -0.285744 -0.323582 0.482868
v -0.351344 -0.270182 0.433968
v -0.291444 -0.297782 0.510468
v -0.357544 -0.241282 0.461968
v -0.288644 -0.275681 0.539768
v -0.354544 -0.217182 0.492768
v -0.228644 -0.428882 0.286568
v -0.284144 -0.383082 0.298668
v -0.329044 -0.338682 0.314168
v -0.364144 -0.295982 0.332568
v -0.389844 -0.255182 0.353668
v -0.406144 -0.217582 0.377968
v -0.412844 -0.184682 0.406168
v -0.409444 -0.157982 0.438868
v -0.319544 -0.356382 0.245268
v -0.260044 -0.407582 0.235268
v -0.367844 -0.306182 0.258268
v -0.405544 -0.257182 0.273868
v -0.433344 -0.209782 0.292468
v -0.450944 -0.165982 0.315168
v -0.458044 -0.127882 0.343268
v -0.454344 -0.097782 0.378168
v -0.285444 -0.389082 0.179668
v -0.347444 -0.333382 0.187568
v -0.398044 -0.277882 0.197868
v -0.437944 -0.222481 0.210368
v -0.304144 -0.374582 0.120868
v -0.367744 -0.315382 0.126668
v -0.380144 -0.303682 0.063368
v -0.315744 -0.365082 0.059868
v -0.061144 -0.233882 0.735568
v -0.097644 -0.192082 0.723368
v -0.157044 -0.180882 0.696268
v -0.110744 -0.228382 0.714468
v -0.127044 -0.147982 0.710368
v -0.193544 -0.132582 0.677368
v -0.220944 -0.083882 0.658668
v -0.149744 -0.102382 0.697068
v -0.208944 -0.175182 0.665968
v -0.155644 -0.227182 0.690068
v -0.251044 -0.123082 0.640868
v -0.282744 -0.070982 0.615768
v -0.239644 -0.035282 0.641168
v -0.304544 -0.019382 0.591968
v -0.253644 -0.174182 0.632968
v -0.195744 -0.229582 0.662668
v -0.300044 -0.118782 0.601268
v -0.335544 -0.063482 0.568868
v -0.360544 -0.008482 0.537268
v -0.291144 -0.177582 0.597868
v -0.229844 -0.235282 0.632868
v -0.340844 -0.119582 0.559568
v -0.379644 -0.061282 0.518968
v -0.407944 -0.002882 0.477968
v -0.320844 -0.185582 0.561968
v -0.257144 -0.244682 0.601868
v -0.373044 -0.125882 0.517268
v -0.414544 -0.065382 0.468568
v -0.445944 -0.004081 0.417468
v -0.342144 -0.198682 0.526468
v -0.277044 -0.257982 0.570468
v -0.396044 -0.138482 0.476368
v -0.439744 -0.077182 0.420768
v -0.473844 -0.014282 0.360068
v -0.104644 -0.211482 -0.713232
v -0.068144 -0.253082 -0.726132
v -0.117244 -0.246282 -0.705432
v -0.163544 -0.198882 -0.686332
v -0.161644 -0.243682 -0.681432
v -0.214944 -0.191581 -0.656432
v -0.201144 -0.244582 -0.654532
v -0.259044 -0.188982 -0.623732
v -0.234644 -0.248782 -0.625532
v -0.295844 -0.190682 -0.589232
v -0.261544 -0.256582 -0.595232
v -0.324944 -0.197082 -0.554032
v -0.280844 -0.268481 -0.564832
v -0.345744 -0.208582 -0.519532
v -0.291944 -0.284882 -0.535232
v -0.357644 -0.225682 -0.486932
v -0.200144 -0.150782 -0.666432
v -0.134144 -0.167782 -0.699332
v -0.257044 -0.139482 -0.630132
v -0.305344 -0.133382 -0.590832
v -0.345444 -0.132382 -0.549532
v -0.376944 -0.136882 -0.507932
v -0.399444 -0.147782 -0.467932
v -0.412344 -0.165781 -0.431532
v -0.157044 -0.122482 -0.685032
v -0.227644 -0.102282 -0.646632
v -0.288744 -0.087382 -0.603732
v -0.340744 -0.077882 -0.557032
v -0.384144 -0.073682 -0.507432
v -0.418344 -0.075782 -0.457632
v -0.442844 -0.085682 -0.410532
v -0.456944 -0.104782 -0.369132
v -0.172544 -0.076982 -0.671332
v -0.246344 -0.053982 -0.627932
v -0.310544 -0.035982 -0.578732
v -0.365744 -0.022882 -0.524032
v -0.412244 -0.014882 -0.464832
v -0.449544 -0.013882 -0.404632
v -0.476544 -0.021982 -0.347932
v -0.492344 -0.042082 -0.299632
v -0.469544 0.048318 -0.353432
v -0.190844 -0.449882 -0.392932
v -0.150444 -0.480882 -0.376932
v -0.192944 -0.455582 -0.337832
v -0.242344 -0.416682 -0.350632
v -0.229744 -0.431882 -0.291832
v -0.285344 -0.386382 -0.302132
v -0.260944 -0.410082 -0.240332
v -0.320544 -0.359082 -0.248332
v -0.286144 -0.390982 -0.184432
v -0.348144 -0.335482 -0.190232
v -0.304644 -0.375782 -0.125432
v -0.368244 -0.316782 -0.128932
v -0.315944 -0.365682 -0.064332
v -0.380444 -0.304382 -0.065432
v -0.319844 -0.361881 -0.002132
v -0.384444 -0.299682 -0.001032
v -0.224944 -0.418882 -0.412232
v -0.282644 -0.379081 -0.367032
v -0.330344 -0.342382 -0.315732
v -0.368944 -0.309182 -0.259232
v -0.398944 -0.280182 -0.198132
v -0.420444 -0.256982 -0.133832
v -0.314644 -0.342782 -0.386132
v -0.253044 -0.388082 -0.433732
v -0.365644 -0.300182 -0.332232
v -0.406844 -0.260581 -0.272732
v -0.438944 -0.225182 -0.208332
v -0.338344 -0.308282 -0.407432
v -0.274344 -0.358382 -0.456732
v -0.391544 -0.259982 -0.351432
v -0.434844 -0.213782 -0.289032
v -0.468644 -0.170882 -0.221132
v -0.353644 -0.276482 -0.431132
v -0.288244 -0.330582 -0.481232
v -0.408144 -0.223181 -0.373832
v -0.452644 -0.170782 -0.309632
v -0.294344 -0.305782 -0.507432
v -0.360244 -0.248582 -0.457532
v -0.415144 -0.191282 -0.400332
v -0.460144 -0.133682 -0.335832
v -0.495944 -0.075682 -0.263932
v -0.102644 -0.507882 0.358168
v -0.076744 -0.520281 0.385268
v -0.100844 -0.502982 0.402368
v -0.127244 -0.481482 0.422868
v -0.154344 -0.456082 0.446768
v -0.177944 -0.429482 0.471968
v -0.196244 -0.403082 0.497968
v -0.208344 -0.377782 0.524468
v -0.213344 -0.354382 0.551668
v -0.210644 -0.333882 0.579568
v -0.131344 -0.492982 0.322768
v -0.161544 -0.476082 0.278268
v -0.188844 -0.459582 0.228168
v -0.211344 -0.444982 0.173868
v -0.228344 -0.433282 0.116568
v -0.239144 -0.425582 0.057168
v -0.242944 -0.422882 -0.003232
v 0.013256 -0.271582 0.756768
v -0.007344 -0.244182 0.752968
v -0.017644 -0.272782 0.746368
v -0.029144 -0.210282 0.747068
v -0.050744 -0.169682 0.739068
v -0.048644 0.119718 0.727668
v -0.052544 -0.275082 0.731668
v -0.090244 -0.278882 0.712068
v -0.125544 -0.284582 0.689068
v -0.156244 -0.292582 0.663568
v -0.181344 -0.303182 0.636268
v -0.199844 -0.316882 0.607968
v -0.024544 -0.291882 -0.737632
v -0.014644 -0.264482 -0.743332
v 0.006056 -0.291582 -0.747732
v -0.059044 -0.293082 -0.723332
v -0.096344 -0.295582 -0.704232
v -0.131044 -0.299882 -0.681932
v -0.161244 -0.306382 -0.657232
v -0.185844 -0.315582 -0.630732
v -0.203744 -0.327782 -0.603532
v -0.214144 -0.343582 -0.576332
v -0.036644 -0.230982 -0.736832
v -0.058444 -0.190982 -0.728032
v -0.076344 -0.148482 -0.718332
v -0.047944 0.121418 -0.708532
v -0.104044 -0.511582 -0.365232
v -0.102444 -0.507281 -0.408532
v -0.078144 -0.524382 -0.392232
v -0.132544 -0.496282 -0.329832
v -0.162544 -0.478882 -0.285132
v -0.189644 -0.461882 -0.235032
v -0.212044 -0.446681 -0.180632
v -0.228844 -0.434381 -0.123232
v -0.239344 -0.426082 -0.063732
v -0.128944 -0.486282 -0.428032
v -0.156244 -0.461382 -0.450632
v -0.180044 -0.435482 -0.474432
v -0.198644 -0.409782 -0.498832
v -0.211044 -0.385282 -0.523932
v -0.216444 -0.362882 -0.549732
v 1.527656 -0.773481 0.649668
v 1.613156 -0.797582 0.623068
v 1.642756 -0.782381 0.619168
v 1.551556 -0.753981 0.648868
v 1.677156 -0.765381 0.613168
v 1.580356 -0.733381 0.645868
v 1.711656 -0.745582 0.606468
v 1.650356 -0.571381 0.641668
v 1.449456 -0.723181 0.677868
v 1.429356 -0.746181 0.676668
v 1.473956 -0.699381 0.676968
v 1.500056 -0.674081 0.674868
v 1.338156 -0.689582 0.705468
v 1.320456 -0.715382 0.702968
v 1.359356 -0.662981 0.706168
v 1.427156 -0.512381 0.705568
v 1.203656 -0.681081 0.727468
v 1.219456 -0.653181 0.730968
v 1.237956 -0.624081 0.732768
v 1.257856 -0.593881 0.733368
v 1.095456 -0.613981 0.753668
v 1.081156 -0.643681 0.749568
v 1.111656 -0.583081 0.756268
v 1.186356 -0.355182 0.757668
v 0.968056 -0.572682 0.773068
v 0.955056 -0.603681 0.768668
v 0.982156 -0.540081 0.776168
v 0.997256 -0.506182 0.778068
v 0.827556 -0.561482 0.783968
v 0.839156 -0.529381 0.788568
v 0.851356 -0.495481 0.791768
v 0.878056 -0.341782 0.793868
v 0.710756 -0.484582 0.799568
v 0.700656 -0.517481 0.794968
v 0.720956 -0.449682 0.802768
v 0.731456 -0.413282 0.804868
v 0.584856 -0.439182 0.805968
v 0.576256 -0.472682 0.801668
v 0.592656 -0.403582 0.808868
v 0.600456 -0.366182 0.810668
v 0.456456 -0.427782 0.803768
v 0.462956 -0.394082 0.807668
v 0.468056 -0.357782 0.810068
v 0.489456 -0.245182 0.811268
v 0.347056 -0.350082 0.804568
v 0.343156 -0.383882 0.801268
v 0.348756 -0.313382 0.806068
v 0.350056 -0.274682 0.806368
v 0.238656 -0.308282 0.796568
v 0.238256 -0.341982 0.794368
v 0.236256 -0.271282 0.796868
v 0.251056 -0.147182 0.795868
v 0.143956 -0.303482 0.783468
v 0.139256 -0.269982 0.784068
v 0.131556 -0.232482 0.782568
v 0.124056 -0.192382 0.779668
v 0.049856 -0.236682 0.767468
v 0.061756 -0.270382 0.769468
v 0.035556 -0.198182 0.763268
v 0.066656 0.104618 0.752468
v 1.591356 -0.811782 0.623868
v 1.651256 -0.824982 0.604568
v 1.683656 -0.818781 0.597768
v 1.721456 -0.809182 0.589368
v 1.762756 -0.795581 0.579568
v 1.815156 -0.711382 0.566068
v 0.068456 -0.298082 0.768468
v 0.140856 -0.331182 0.779768
v 0.232356 -0.371082 0.789668
v 0.335556 -0.413982 0.795968
v 0.447656 -0.458382 0.797968
v 0.566556 -0.503381 0.795568
v 0.690256 -0.548082 0.788768
v 0.816656 -0.591581 0.777668
v 0.943756 -0.633082 0.762468
v 1.069556 -0.671981 0.743568
v 1.191656 -0.707981 0.721868
v 1.308056 -0.740581 0.697868
v 1.416356 -0.769282 0.672368
v 1.513556 -0.793481 0.646668
v 0.136056 -0.325382 -0.774032
v 0.054156 -0.291582 -0.759932
v 0.041956 -0.258482 -0.757232
v 0.131056 -0.292782 -0.773932
v 0.027456 -0.220682 -0.752232
v 0.122956 -0.256082 -0.771532
v 0.014656 -0.180182 -0.745932
v 0.115256 -0.216782 -0.767932
v 0.067256 0.105819 -0.739332
v 0.110256 -0.176282 -0.763632
v 0.230156 -0.331882 -0.786432
v 0.230156 -0.364482 -0.785032
v 0.227356 -0.295782 -0.785932
v 0.224156 -0.257382 -0.784132
v 0.256856 -0.085182 -0.781632
v 0.338256 -0.374282 -0.794532
v 0.334856 -0.406982 -0.792132
v 0.339556 -0.338682 -0.795232
v 0.340556 -0.300982 -0.794832
v 0.342656 -0.262082 -0.793532
v 0.454056 -0.418782 -0.797732
v 0.447956 -0.451282 -0.794632
v 0.458756 -0.383682 -0.799332
v 0.463156 -0.346682 -0.799732
v 0.518156 -0.095782 -0.799432
v 0.575756 -0.464282 -0.796132
v 0.567656 -0.496482 -0.792532
v 0.583156 -0.429782 -0.798232
v 0.590556 -0.393582 -0.799332
v 0.598556 -0.356182 -0.799532
v 0.701656 -0.509881 -0.789732
v 0.691956 -0.541481 -0.785932
v 0.711456 -0.476182 -0.792132
v 0.721456 -0.440982 -0.793532
v 0.773156 -0.271482 -0.794032
v 0.829956 -0.554681 -0.778732
v 0.818856 -0.585482 -0.774932
v 0.841756 -0.522081 -0.781132
v 0.854156 -0.487882 -0.782532
v 0.866956 -0.452582 -0.783032
v 0.958856 -0.597881 -0.763232
v 0.946356 -0.627681 -0.759632
v 0.972656 -0.566581 -0.765532
v 0.987256 -0.533781 -0.766632
v 1.042656 -0.390082 -0.766932
v 1.086356 -0.639082 -0.743832
v 1.072556 -0.667482 -0.740532
v 1.102156 -0.609281 -0.745632
v 1.119156 -0.578181 -0.746232
v 1.136456 -0.545781 -0.746132
v 1.210556 -0.677781 -0.721032
v 1.195156 -0.704581 -0.718332
v 1.228656 -0.649981 -0.722032
v 1.248156 -0.620782 -0.721932
v 1.305156 -0.401381 -0.721032
v 1.329356 -0.713781 -0.695532
v 1.312056 -0.738382 -0.693732
v 1.350156 -0.688182 -0.695332
v 1.372556 -0.661381 -0.694032
v 1.394856 -0.632781 -0.692132
v 1.440956 -0.746682 -0.667832
v 1.421156 -0.768782 -0.667332
v 1.465056 -0.723881 -0.666132
v 1.490856 -0.699582 -0.663232
v 1.542756 -0.577181 -0.654632
v 1.543356 -0.776781 -0.638732
v 1.519756 -0.795381 -0.640232
v 1.571756 -0.756981 -0.634832
v 1.601556 -0.735381 -0.629932
v 1.629856 -0.711281 -0.624832
v 1.634856 -0.804282 -0.608932
v 1.605456 -0.818781 -0.613532
v 1.668956 -0.787881 -0.602132
v 1.703256 -0.768881 -0.594632
v 1.691756 -0.671682 -0.590132
v 0.061056 -0.318482 -0.759632
v 1.826956 -0.720981 -0.557132
v 1.755156 -0.816882 -0.568532
v 1.714056 -0.830082 -0.579132
v 1.676656 -0.839182 -0.588232
v 1.644056 -0.845081 -0.595432
v 1.583956 -0.832281 -0.614932
v 1.505956 -0.814381 -0.637932
v 1.408656 -0.790681 -0.663732
v 1.300156 -0.762381 -0.689432
v 1.183656 -0.730281 -0.713532
v 1.061356 -0.694481 -0.735432
v 0.935656 -0.655681 -0.754332
v 0.808456 -0.614282 -0.769532
v 0.682056 -0.570681 -0.780632
v 0.558456 -0.525881 -0.787332
v 0.439656 -0.480582 -0.789632
v 0.327656 -0.435782 -0.787532
v 0.224656 -0.392482 -0.781132
v 0.133356 -0.352082 -0.771032
v 0.044756 -0.577982 0.437268
v 0.032856 -0.564282 0.469568
v -0.053144 -0.521381 0.449568
v -0.035044 -0.538282 0.421868
v 0.137456 -0.620982 0.448768
v 0.129856 -0.609281 0.484268
v 0.241256 -0.665681 0.456868
v 0.236656 -0.655382 0.494268
v 0.354156 -0.710781 0.461568
v 0.351856 -0.701382 0.499968
v 0.474056 -0.755282 0.462768
v 0.473656 -0.746682 0.501468
v 0.598956 -0.798482 0.460568
v 0.600156 -0.790582 0.498968
v 0.726956 -0.839682 0.454768
v 0.729656 -0.832182 0.492468
v 0.855856 -0.877982 0.445568
v 0.860156 -0.870982 0.482168
v 0.983756 -0.913082 0.433368
v 0.989656 -0.906681 0.468468
v 1.108356 -0.944581 0.418468
v 1.116256 -0.938681 0.451768
v 1.227556 -0.972082 0.401468
v 1.237856 -0.966881 0.432368
v 1.339256 -0.995481 0.382768
v 1.352656 -0.990981 0.410668
v 1.440556 -1.014382 0.362768
v 1.458656 -1.010981 0.386968
v 1.529356 -1.029281 0.341668
v 1.554356 -1.027081 0.360868
v 0.017756 -0.546981 0.500268
v -0.073744 -0.500682 0.476968
v 0.119356 -0.594482 0.517268
v 0.229756 -0.642382 0.528768
v 0.348056 -0.689782 0.535268
v 0.472356 -0.736282 0.536968
v 0.601156 -0.780981 0.534168
v 0.732756 -0.823481 0.526968
v 0.865456 -0.862981 0.515668
v 0.997356 -0.899281 0.500568
v 1.126656 -0.932082 0.482068
v 1.251556 -0.961081 0.460468
v 1.370256 -0.985982 0.436168
v 1.481456 -1.006882 0.409168
v 1.583556 -1.023682 0.379368
v 0.002856 -0.527582 0.529568
v -0.093044 -0.478082 0.504368
v 0.108356 -0.577582 0.548268
v 0.222556 -0.627381 0.560868
v 0.343856 -0.676481 0.567868
v 0.471056 -0.724281 0.569668
v 0.602356 -0.770081 0.566468
v 0.736456 -0.813481 0.558568
v 0.871556 -0.853782 0.546268
v 1.006056 -0.890881 0.529868
v 1.138356 -0.924381 0.509768
v 1.266756 -0.954182 0.486268
v 1.389556 -0.979782 0.459668
v 1.505456 -1.001281 0.430168
v 1.612256 -1.018282 0.397768
v -0.009444 -0.507281 0.557868
v -0.108344 -0.454982 0.531568
v 0.099256 -0.559581 0.577468
v 0.216356 -0.611282 0.590668
v 0.340556 -0.661981 0.597968
v 0.470256 -0.710981 0.599668
v 0.604056 -0.757882 0.596068
v 0.740456 -0.802181 0.587468
v 0.878056 -0.843481 0.574268
v 1.015156 -0.881281 0.556868
v 1.150156 -0.915481 0.535368
v 1.281656 -0.945782 0.510368
v 1.407956 -0.971981 0.482068
v 1.527556 -0.993781 0.450668
v 1.637456 -1.010382 0.416268
v -0.017644 -0.486982 0.585368
v -0.118544 -0.432382 0.558568
v 0.093256 -0.541282 0.605268
v 0.212456 -0.594581 0.618568
v 0.338756 -0.646582 0.625868
v 0.470556 -0.696782 0.627268
v 0.606456 -0.744681 0.623168
v 0.744956 -0.789781 0.613968
v 0.884656 -0.831782 0.600068
v 1.023856 -0.870282 0.581668
v 1.161256 -0.905081 0.559168
v 1.295256 -0.935881 0.533068
v 1.424156 -0.962381 0.503468
v 1.546256 -0.984182 0.470768
v 1.657656 -0.999982 0.435168
v -0.020744 -0.467382 0.611968
v -0.122844 -0.410982 0.585468
v 0.091256 -0.523081 0.631568
v 0.211756 -0.577681 0.644668
v 0.339356 -0.630681 0.651568
v 0.472556 -0.681781 0.652668
v 0.609956 -0.730381 0.648068
v 0.749856 -0.776182 0.638368
v 0.890956 -0.818781 0.623768
v 1.031756 -0.857881 0.604668
v 1.170756 -0.893082 0.581468
v 1.306256 -0.924182 0.554568
v 1.436856 -0.950781 0.524268
v 1.560356 -0.972282 0.490868
v 1.672056 -0.987281 0.454868
v -0.017944 -0.449282 0.637768
v -0.120044 -0.391782 0.612168
v 0.094356 -0.505782 0.656668
v 0.215256 -0.561082 0.669068
v 0.343256 -0.614781 0.675468
v 0.476956 -0.666282 0.675968
v 0.614756 -0.715382 0.671068
v 0.755156 -0.761582 0.660868
v 0.896856 -0.804481 0.645768
v 1.038156 -0.843782 0.626168
v 1.177656 -0.879281 0.602568
v 1.313756 -0.910482 0.575268
v 1.444956 -0.937081 0.544768
v 1.568756 -0.958281 0.511268
v 1.680056 -0.972481 0.475368
v -0.008344 -0.433082 0.662768
v -0.109844 -0.375282 0.638668
v 0.103256 -0.489882 0.680468
v 0.223556 -0.545282 0.691968
v 0.350856 -0.598981 0.697568
v 0.483856 -0.650482 0.697568
v 0.621056 -0.699582 0.692168
v 0.760856 -0.745681 0.681568
v 0.901856 -0.788681 0.666268
v 1.042556 -0.828081 0.646468
v 1.181456 -0.863481 0.622668
v 1.316956 -0.894682 0.595368
v 1.447556 -0.921182 0.565068
v 1.570856 -0.942181 0.531968
v 1.681756 -0.955981 0.496668
v 0.007156 -0.418581 0.686568
v -0.092844 -0.361282 0.664468
v 0.117256 -0.474882 0.702768
v 0.235956 -0.529781 0.713168
v 0.361756 -0.582981 0.717868
v 0.493156 -0.634081 0.717268
v 0.628856 -0.682782 0.711468
v 0.767056 -0.728681 0.700668
v 0.906456 -0.771381 0.685168
v 1.045456 -0.810582 0.665368
v 1.182656 -0.845882 0.641768
v 1.316556 -0.876881 0.614768
v 1.445556 -0.903282 0.584968
v 1.567556 -0.924281 0.552768
v 1.677456 -0.937981 0.518568
v -0.070144 -0.349382 0.688868
v 0.027456 -0.405382 0.708768
v 0.135156 -0.460482 0.723268
v 0.251456 -0.514281 0.732468
v 0.375056 -0.566481 0.736368
v 0.504256 -0.616782 0.735168
v 0.637656 -0.664882 0.728968
v 0.773756 -0.710281 0.718068
v 0.910856 -0.752581 0.702468
v 1.047556 -0.791481 0.682768
v 1.182356 -0.826481 0.659468
v 1.313656 -0.857282 0.633068
v 1.439956 -0.883582 0.604168
v 1.559556 -0.904581 0.573068
v 1.667856 -0.918581 0.540368
v -0.042744 -0.339082 0.711268
v 0.051456 -0.392982 0.728868
v 0.155956 -0.446082 0.741668
v 0.269256 -0.498082 0.749768
v 0.389956 -0.548982 0.752868
v 0.516556 -0.598282 0.751168
v 0.647456 -0.645481 0.744668
v 0.780956 -0.690282 0.733668
v 0.915556 -0.732082 0.718168
v 1.049556 -0.770682 0.698668
v 1.181356 -0.805482 0.675768
v 1.309356 -0.836182 0.650068
v 1.432056 -0.862281 0.622068
v 1.547956 -0.883381 0.592468
v 1.653756 -0.897781 0.561568
v -0.012144 -0.330082 0.730968
v 0.077856 -0.380782 0.746368
v 0.178456 -0.431082 0.757768
v 0.288156 -0.480882 0.764868
v 0.405756 -0.529981 0.767368
v 0.529556 -0.577982 0.765168
v 0.657856 -0.624381 0.758568
v 0.788856 -0.668581 0.747468
v 0.920756 -0.709982 0.731968
v 1.051956 -0.748282 0.712768
v 1.180556 -0.782982 0.690368
v 1.304856 -0.813582 0.665368
v 1.423156 -0.839781 0.638468
v 1.534256 -0.860881 0.610268
v 1.635856 -0.875981 0.581568
v 0.019256 -0.321282 0.747368
v 0.103956 -0.367682 0.760868
v 0.200256 -0.414482 0.771168
v 0.306656 -0.461682 0.777668
v 0.421356 -0.508982 0.779668
v 0.542656 -0.555781 0.777268
v 0.668656 -0.601282 0.770568
v 0.797356 -0.644982 0.759368
v 0.926956 -0.686181 0.744068
v 1.055556 -0.724382 0.725068
v 1.181156 -0.759081 0.703168
v 1.301856 -0.789981 0.678768
v 1.415756 -0.816382 0.652668
v 1.521256 -0.837881 0.625968
v 1.616756 -0.853582 0.599368
v 0.047056 -0.311082 0.760068
v 0.126456 -0.351882 0.772168
v 0.219156 -0.394881 0.781968
v 0.322956 -0.439682 0.788068
v 0.435756 -0.485282 0.789968
v 0.555156 -0.530981 0.787468
v 0.679456 -0.575981 0.780568
v 0.806556 -0.619382 0.769468
v 0.934556 -0.660482 0.754268
v 1.061156 -0.698882 0.735468
v 1.184456 -0.734081 0.713668
v 1.302256 -0.765482 0.689668
v 1.412456 -0.792781 0.664268
v 1.512656 -0.815181 0.638468
v 1.600656 -0.831881 0.613668
v -0.022544 -0.549882 0.393468
v 0.048756 -0.585781 0.401968
v 0.139456 -0.628182 0.410068
v 0.242056 -0.672582 0.416268
v 0.353956 -0.717481 0.419868
v 0.473156 -0.761782 0.420768
v 0.597356 -0.804782 0.418768
v 0.724756 -0.845781 0.413668
v 0.853156 -0.883881 0.405568
v 0.980356 -0.918682 0.394768
v 1.104256 -0.949881 0.381868
v 1.222556 -0.977081 0.367168
v 1.332956 -0.999881 0.351368
v 1.432356 -1.018082 0.335368
v 1.512056 -1.030981 0.321168
v 1.603956 -1.040182 0.319468
v 1.573856 -1.039482 0.309068
v 1.638256 -1.039482 0.331968
v 1.674956 -1.036581 0.346768
v 1.708656 -1.030781 0.362568
v 1.736756 -1.022081 0.379468
v 1.758356 -1.010682 0.397568
v 1.772956 -0.996881 0.417068
v 1.780856 -0.981281 0.438068
v 1.782156 -0.964281 0.460368
v 1.777056 -0.946082 0.483568
v 1.765856 -0.926582 0.507268
v 1.748756 -0.905981 0.530668
v 1.726556 -0.884381 0.553268
v 1.700656 -0.862481 0.574068
v 1.674656 -0.842281 0.591368
v 1.706356 -1.058881 -0.263332
v 1.657056 -1.052581 -0.296832
v 1.708456 -1.053281 -0.304132
v 1.769356 -1.059482 -0.267832
v 1.754556 -1.050981 -0.314432
v 1.821156 -1.055381 -0.275532
v 1.794456 -1.045482 -0.326632
v 1.860656 -1.046682 -0.285832
v 1.825856 -1.036481 -0.340532
v 1.891356 -1.034981 -0.298832
v 1.848456 -1.024481 -0.356432
v 1.914156 -1.020882 -0.314432
v 1.929456 -1.005082 -0.333132
v 1.863656 -1.010581 -0.374532
v 1.872056 -0.995582 -0.394932
v 1.937256 -0.988281 -0.354932
v 1.818256 -1.062182 -0.228532
v 1.749856 -1.063481 -0.225832
v 1.872556 -1.055682 -0.234332
v 1.913956 -1.044681 -0.243232
v 1.946156 -1.030481 -0.255232
v 1.970556 -1.014082 -0.270632
v 1.987156 -0.996081 -0.290032
v 1.994856 -0.977081 -0.313632
v 1.786056 -1.065982 -0.184832
v 1.857756 -1.062781 -0.186432
v 1.914056 -1.054082 -0.190932
v 1.957056 -1.040582 -0.198532
v 1.991356 -1.023682 -0.209432
v 2.018156 -1.004382 -0.224332
v 2.036756 -0.983281 -0.244332
v 2.045256 -0.961481 -0.270432
v 1.889356 -1.062281 -0.142132
v 1.814056 -1.066682 -0.141332
v 1.946156 -1.051181 -0.145432
v 1.989856 -1.034881 -0.151532
v 2.025456 -1.014782 -0.160932
v 2.054256 -0.991281 -0.174832
v 2.075156 -0.965481 -0.195132
v 2.085356 -0.939282 -0.224132
v 1.913456 -1.061381 -0.096132
v 1.836256 -1.066981 -0.095932
v 1.969256 -1.047981 -0.098032
v 2.012156 -1.028681 -0.102232
v 2.048256 -1.004681 -0.109232
v 2.078756 -0.975782 -0.120732
v 2.102556 -0.942481 -0.139732
v 2.122256 -0.837181 -0.184132
v 1.930356 -1.060881 -0.048832
v 1.851156 -1.067181 -0.049332
v 1.983656 -1.045282 -0.049232
v 2.024956 -1.023481 -0.050732
v 2.060856 -0.995582 -0.054032
v 2.092956 -0.960281 -0.060532
v 2.145456 -0.802482 -0.082232
v 1.726356 -0.861081 -0.565832
v 1.780156 -0.855081 -0.549732
v 1.834756 -0.879182 -0.520332
v 1.769856 -0.883381 -0.542232
v 1.829456 -0.844082 -0.534432
v 1.884056 -0.866782 -0.500832
v 1.870556 -0.827381 -0.520232
v 1.930456 -0.787481 -0.483932
v 1.874456 -0.900381 -0.491332
v 1.807156 -0.905681 -0.517532
v 1.920056 -0.885281 -0.468632
v 1.955556 -0.864681 -0.448832
v 1.900156 -0.918481 -0.462732
v 1.837756 -0.927181 -0.492032
v 1.947056 -0.902781 -0.436432
v 1.985556 -0.882182 -0.412532
v 2.017456 -0.856981 -0.391432
v 2.003456 -0.749581 -0.417532
v 1.918956 -0.936181 -0.434332
v 1.857956 -0.946082 -0.466432
v 1.968456 -0.920682 -0.404032
v 2.010656 -0.900381 -0.375432
v 2.059756 -0.787582 -0.339432
v 1.931456 -0.953581 -0.406332
v 1.869256 -0.963181 -0.441432
v 1.984256 -0.938981 -0.371932
v 2.030456 -0.919681 -0.338132
v 2.068756 -0.894581 -0.305432
v 1.937656 -0.970981 -0.379532
v 1.873756 -0.979581 -0.417432
v 1.993556 -0.957882 -0.341432
v 2.042656 -0.940081 -0.302432
v 2.098956 -0.830881 -0.256432
v 1.785956 -0.835081 0.559968
v 1.732356 -0.841381 0.575168
v 1.773356 -0.864181 0.551368
v 1.837956 -0.859981 0.530568
v 1.807356 -0.886782 0.526368
v 1.878356 -0.883181 0.501168
v 1.834356 -0.908481 0.500568
v 1.907456 -0.904381 0.471768
v 1.853556 -0.928981 0.474368
v 1.926456 -0.923982 0.442668
v 1.865356 -0.948182 0.448568
v 1.937056 -0.942582 0.414268
v 1.870156 -0.966482 0.423568
v 1.940756 -0.960981 0.386868
v 1.868456 -0.983981 0.399868
v 1.938156 -0.979181 0.361268
v 1.893756 -0.849681 0.511468
v 1.835856 -0.823981 0.545468
v 1.935056 -0.872081 0.478268
v 1.963056 -0.891882 0.445668
v 1.981056 -0.910581 0.413368
v 1.991656 -0.929181 0.381368
v 1.995556 -0.948281 0.350568
v 1.992456 -0.967781 0.322068
v 1.948856 -0.777382 0.491168
v 1.879856 -0.807981 0.532168
v 1.976356 -0.853382 0.458868
v 2.003356 -0.871982 0.422868
v 2.049956 -0.795581 0.389468
v 2.034956 -0.909481 0.349768
v 2.040256 -0.929782 0.313968
v 2.037056 -0.951281 0.281268
v 2.071656 -0.884381 0.319068
v 2.055756 -0.864681 0.362068
v 2.101756 -0.793781 0.277068
v 2.075656 -0.929782 0.237068
v 1.707556 -1.055381 0.257768
v 1.770156 -1.055381 0.263868
v 1.709856 -1.048881 0.299668
v 1.658556 -1.048681 0.290968
v 1.750356 -1.060281 0.220468
v 1.820856 -1.059281 0.224968
v 1.787256 -1.063681 0.179768
v 1.864256 -1.061782 0.183268
v 1.817656 -1.065781 0.136568
v 1.899356 -1.062882 0.139368
v 1.840256 -1.066882 0.091368
v 1.923756 -1.062581 0.093668
v 1.853656 -1.067181 0.044968
v 1.936756 -1.061681 0.046768
v 1.857156 -1.067181 -0.002132
v 1.938456 -1.060881 -0.000932
v 1.755356 -1.045781 0.311368
v 1.823156 -1.051181 0.273168
v 1.879656 -1.053582 0.232568
v 1.923256 -1.053182 0.189768
v 1.952856 -1.050281 0.145068
v 1.973156 -1.047181 0.098368
v 1.985456 -1.044881 0.049968
v 1.988956 -1.044082 0.000468
v 1.864956 -1.042682 0.285168
v 1.793956 -1.039081 0.325068
v 1.919456 -1.041582 0.243468
v 1.959256 -1.037281 0.199968
v 1.988456 -1.031582 0.154068
v 2.009656 -1.026081 0.105568
v 2.023156 -1.021982 0.054668
v 2.028456 -1.020781 0.002068
v 1.894556 -1.029781 0.299968
v 1.824256 -1.028982 0.340668
v 1.947056 -1.025482 0.257768
v 1.986856 -1.018082 0.213668
v 2.017656 -1.009181 0.166568
v 2.040956 -1.000382 0.115868
v 2.056556 -0.993281 0.061268
v 2.063556 -0.990781 0.003768
v 1.915456 -1.014281 0.317568
v 1.846056 -1.015782 0.358268
v 1.967956 -1.007182 0.275568
v 2.009056 -0.996682 0.231268
v 2.042256 -0.983882 0.183468
v 2.068556 -0.969982 0.130568
v 2.087456 -0.957182 0.071168
v 2.096756 -0.950682 0.005568
v 1.929656 -0.997081 0.338068
v 1.860356 -1.000481 0.378068
v 1.982956 -0.987682 0.296968
v 2.026056 -0.973981 0.253668
v 2.062156 -0.956681 0.206368
v 2.092556 -0.935782 0.152468
v 2.138156 -0.808082 0.085868
v 2.131856 -0.891682 0.007668
v 2.121856 -0.845381 0.185868
v 1.600856 -1.048881 -0.292932
v 1.572356 -1.043481 -0.316132
v 1.602356 -1.044582 -0.325732
v 1.636556 -1.044281 -0.337132
v 1.673756 -1.042081 -0.350632
v 1.708556 -1.037582 -0.365232
v 1.738956 -1.030681 -0.380732
v 1.763356 -1.021282 -0.397232
v 1.780756 -1.009682 -0.415132
v 1.790356 -0.996081 -0.434632
v 1.633056 -1.054282 -0.263232
v 1.667556 -1.059182 -0.226532
v 1.699356 -1.063081 -0.185932
v 1.726056 -1.065581 -0.142632
v 1.745456 -1.066581 -0.097232
v 1.757856 -1.066882 -0.050532
v 1.762456 -1.066781 -0.003232
v 1.668456 -0.861781 -0.582432
v 1.695556 -0.881182 -0.565932
v 1.724056 -0.902781 -0.545632
v 1.749556 -0.924182 -0.523732
v 1.770056 -0.944481 -0.500932
v 1.784456 -0.963381 -0.478132
v 1.791556 -0.980581 -0.455732
v 1.602156 -1.045181 0.285868
v 1.634156 -1.050981 0.256168
v 1.668456 -1.056382 0.219568
v 1.699856 -1.060582 0.179068
v 1.725956 -1.063481 0.135868
v 1.745656 -1.065282 0.090568
v 1.758056 -1.066281 0.044068
v 1.552456 -1.032081 -0.366732
v 1.527756 -1.033781 -0.348532
v 1.438956 -1.019081 -0.370432
v 1.456756 -1.016182 -0.393532
v 1.337556 -1.000182 -0.391132
v 1.350656 -0.996381 -0.418032
v 1.225856 -0.976881 -0.410532
v 1.235856 -0.972381 -0.440332
v 1.106656 -0.949381 -0.428132
v 1.114256 -0.944281 -0.460332
v 0.982056 -0.917881 -0.443432
v 0.987656 -0.912181 -0.477432
v 0.854156 -0.882781 -0.456032
v 0.858056 -0.876582 -0.491432
v 0.725156 -0.844482 -0.465232
v 0.727556 -0.837782 -0.501832
v 0.597256 -0.803281 -0.470932
v 0.598156 -0.796182 -0.508232
v 0.471556 -0.752282 -0.510432
v 0.472356 -0.760081 -0.472932
v 0.349856 -0.706881 -0.508532
v 0.352456 -0.715582 -0.471232
v 0.234656 -0.660782 -0.502232
v 0.239556 -0.670381 -0.465932
v 0.127856 -0.614681 -0.491632
v 0.135756 -0.625682 -0.457132
v 0.030956 -0.569581 -0.476232
v 0.043056 -0.582581 -0.444832
v -0.036644 -0.542781 -0.428732
v -0.054944 -0.526381 -0.455432
v 1.581656 -1.029381 -0.384032
v 1.479356 -1.012782 -0.414532
v 1.368056 -0.992082 -0.442332
v 1.249256 -0.967281 -0.467332
v 1.124356 -0.938382 -0.489432
v 0.994956 -0.905681 -0.508332
v 0.863056 -0.869481 -0.523732
v 0.730456 -0.829882 -0.535132
v 0.598856 -0.787481 -0.542232
v 0.470056 -0.742681 -0.544732
v 0.345756 -0.696181 -0.542632
v 0.227556 -0.648581 -0.535632
v 0.117156 -0.600582 -0.523432
v 0.015656 -0.552882 -0.505632
v -0.075844 -0.506281 -0.481632
v 1.610656 -1.024981 -0.401132
v 1.503056 -1.007981 -0.434332
v 1.387056 -0.986682 -0.464632
v 1.264156 -0.961182 -0.491832
v 1.135756 -0.931682 -0.515932
v 1.003356 -0.898281 -0.536432
v 0.868856 -0.861181 -0.553032
v 0.733756 -0.820881 -0.565432
v 0.599756 -0.777481 -0.573232
v 0.468356 -0.731582 -0.576132
v 0.341256 -0.683782 -0.573932
v 0.219956 -0.634482 -0.566332
v 0.105956 -0.584482 -0.553132
v 0.000456 -0.534281 -0.533732
v -0.095344 -0.484382 -0.507632
v 1.636756 -1.018381 -0.418332
v 1.524956 -1.001382 -0.453432
v 1.405156 -0.979782 -0.485532
v 1.278756 -0.953781 -0.514532
v 1.147256 -0.923681 -0.540132
v 1.012156 -0.889582 -0.562032
v 0.874956 -0.851781 -0.579732
v 0.737456 -0.810582 -0.592932
v 0.601056 -0.766281 -0.601432
v 0.467256 -0.719282 -0.604832
v 0.337556 -0.670181 -0.602732
v 0.213456 -0.619382 -0.594932
v 0.096456 -0.567382 -0.581032
v -0.012144 -0.514782 -0.560632
v -0.110944 -0.462082 -0.533432
v 1.658256 -1.009581 -0.435932
v 1.543656 -0.992782 -0.472232
v 1.421056 -0.971182 -0.505632
v 1.291956 -0.944882 -0.535832
v 1.157956 -0.914281 -0.562532
v 1.020556 -0.879681 -0.585432
v 0.881256 -0.841181 -0.604032
v 0.741556 -0.799281 -0.618132
v 0.603056 -0.754081 -0.627232
v 0.467156 -0.706082 -0.631032
v 0.335456 -0.655781 -0.629232
v 0.209256 -0.603582 -0.621432
v 0.090056 -0.549981 -0.607432
v -0.020644 -0.495382 -0.586732
v -0.121444 -0.440382 -0.559032
v 1.674156 -0.998681 -0.454232
v 1.557656 -0.982181 -0.491032
v 1.433356 -0.960581 -0.525032
v 1.302556 -0.934281 -0.556032
v 1.166956 -0.903381 -0.583432
v 1.027956 -0.868381 -0.607032
v 0.887156 -0.829382 -0.626432
v 0.746056 -0.786781 -0.641032
v 0.606056 -0.740981 -0.650732
v 0.468856 -0.692181 -0.655032
v 0.335656 -0.640982 -0.653532
v 0.208156 -0.587782 -0.646132
v 0.087756 -0.532881 -0.632432
v -0.024144 -0.476882 -0.611932
v -0.126044 -0.420082 -0.584532
v 1.683156 -0.985582 -0.473432
v 1.565956 -0.969482 -0.510032
v 1.441056 -0.948081 -0.544232
v 1.309656 -0.921682 -0.575432
v 1.173456 -0.890681 -0.603232
v 1.033956 -0.855482 -0.627232
v 0.892556 -0.816281 -0.647032
v 0.750956 -0.773382 -0.662132
v 0.610456 -0.727081 -0.672232
v 0.472656 -0.677981 -0.677032
v 0.339156 -0.626281 -0.676132
v 0.211156 -0.572381 -0.669232
v 0.090456 -0.516781 -0.656132
v -0.021744 -0.459882 -0.636432
v -0.123744 -0.401982 -0.609932
v 1.684356 -0.970482 -0.493632
v 1.567656 -0.954581 -0.529632
v 1.443156 -0.933381 -0.563332
v 1.312356 -0.907081 -0.594232
v 1.176756 -0.876181 -0.622032
v 1.037856 -0.840981 -0.646132
v 0.897156 -0.801681 -0.666132
v 0.756156 -0.758782 -0.681532
v 0.616356 -0.712582 -0.692032
v 0.479256 -0.663381 -0.697232
v 0.346256 -0.611682 -0.696932
v 0.218956 -0.557782 -0.690832
v 0.098856 -0.502082 -0.678632
v -0.012644 -0.444882 -0.660232
v -0.114044 -0.386682 -0.635332
v 1.678556 -0.953482 -0.514432
v 1.563456 -0.937781 -0.549232
v 1.440656 -0.916782 -0.582032
v 1.311556 -0.890681 -0.612432
v 1.177656 -0.859882 -0.639832
v 1.040356 -0.824782 -0.663732
v 0.901256 -0.785782 -0.683732
v 0.761856 -0.743081 -0.699332
v 0.623656 -0.697182 -0.710032
v 0.488056 -0.648382 -0.715632
v 0.356656 -0.597082 -0.715932
v 0.230956 -0.543581 -0.710732
v 0.112356 -0.488382 -0.699832
v 0.002356 -0.431782 -0.682932
v -0.097544 -0.374082 -0.660032
v 1.666956 -0.934781 -0.535232
v 1.554656 -0.919281 -0.568432
v 1.434556 -0.898382 -0.600032
v 1.308156 -0.872481 -0.629532
v 1.176856 -0.841881 -0.656332
v 1.041956 -0.807082 -0.679932
v 0.905156 -0.768282 -0.699732
v 0.768056 -0.725982 -0.715432
v 0.631956 -0.680581 -0.726332
v 0.498656 -0.632382 -0.732332
v 0.369456 -0.581881 -0.733232
v 0.245956 -0.529381 -0.728932
v 0.129756 -0.475282 -0.719232
v 0.022156 -0.419882 -0.704132
v -0.075244 -0.363482 -0.683432
v 1.650556 -0.914682 -0.555532
v 1.542356 -0.899281 -0.586832
v 1.426156 -0.878482 -0.617032
v 1.303356 -0.852682 -0.645432
v 1.175256 -0.822281 -0.671532
v 1.043356 -0.787681 -0.694632
v 0.909356 -0.749181 -0.714232
v 0.774756 -0.707381 -0.729732
v 0.641256 -0.662582 -0.740832
v 0.510456 -0.615182 -0.747132
v 0.383956 -0.565781 -0.748532
v 0.263256 -0.514681 -0.745132
v 0.150056 -0.462282 -0.736632
v 0.045756 -0.408882 -0.723232
v -0.048444 -0.354681 -0.704932
v 1.630756 -0.893481 -0.574632
v 1.527956 -0.878182 -0.603832
v 1.416756 -0.857381 -0.632432
v 1.298356 -0.831482 -0.659732
v 1.173956 -0.801181 -0.685032
v 1.045256 -0.766682 -0.707632
v 0.914056 -0.728481 -0.726932
v 0.782056 -0.687081 -0.742432
v 0.651156 -0.642882 -0.753432
v 0.522956 -0.596382 -0.760032
v 0.399256 -0.548181 -0.761932
v 0.281656 -0.498782 -0.759232
v 0.172056 -0.448682 -0.751732
v 0.071656 -0.398082 -0.739832
v -0.018244 -0.346982 -0.723932
v 1.610356 -0.872081 -0.591632
v 1.514556 -0.856481 -0.618632
v 1.408856 -0.835381 -0.645832
v 1.294856 -0.809182 -0.672132
v 1.174056 -0.778681 -0.696732
v 1.048456 -0.744081 -0.718832
v 0.919756 -0.706082 -0.737932
v 0.790156 -0.664882 -0.753232
v 0.661456 -0.621181 -0.764332
v 0.535556 -0.575482 -0.771032
v 0.414356 -0.528582 -0.773332
v 0.299656 -0.480982 -0.771032
v 0.193456 -0.433382 -0.764332
v 0.097256 -0.386182 -0.753632
v 0.012656 -0.339581 -0.739632
v 1.593656 -0.851381 -0.605332
v 1.505456 -0.834982 -0.630432
v 1.405156 -0.812981 -0.656432
v 1.294856 -0.786081 -0.682132
v 1.176956 -0.754981 -0.706332
v 1.053556 -0.720081 -0.728132
v 0.926856 -0.681781 -0.747032
v 0.798856 -0.640681 -0.762332
v 0.671756 -0.597181 -0.773432
v 0.547556 -0.552181 -0.780132
v 0.428156 -0.506182 -0.782532
v 0.315556 -0.460282 -0.780532
v 0.211856 -0.415082 -0.774132
v 0.119256 -0.371682 -0.764232
v 0.040056 -0.330482 -0.751732
v 1.510556 -1.035082 -0.328932
v 1.430856 -1.022181 -0.343832
v 1.331456 -1.003981 -0.360732
v 1.221056 -0.981182 -0.377232
v 1.102756 -0.953982 -0.392432
v 0.978856 -0.922782 -0.405832
v 0.851656 -0.887982 -0.416932
v 0.723256 -0.849882 -0.425132
v 0.595856 -0.808881 -0.430132
v 0.471656 -0.765881 -0.431832
v 0.352456 -0.721582 -0.430532
v 0.240556 -0.676681 -0.426232
v 0.137956 -0.632281 -0.419332
v 0.047356 -0.589882 -0.410432
v -0.024044 -0.553882 -0.401232
v -0.059644 -0.539482 -0.327632
v -0.038944 -0.548881 -0.367332
v 0.040356 -0.589981 -0.372032
v 0.025456 -0.584681 -0.329332
v 0.121856 -0.631281 -0.332732
v 0.132756 -0.633782 -0.377832
v 0.236456 -0.679082 -0.382932
v 0.228256 -0.678382 -0.336132
v 0.349156 -0.724582 -0.386132
v 0.343256 -0.725181 -0.338432
v 0.468956 -0.769381 -0.387132
v 0.464856 -0.771082 -0.339132
v 0.593856 -0.812781 -0.385632
v 0.591256 -0.815181 -0.337832
v 0.721756 -0.853981 -0.381332
v 0.720656 -0.856881 -0.334232
v 0.850756 -0.892182 -0.374232
v 0.851256 -0.895682 -0.328132
v 0.978656 -0.927181 -0.364632
v 0.980856 -0.930982 -0.319932
v 1.103356 -0.958382 -0.353032
v 1.107656 -0.962481 -0.310032
v 1.229556 -0.989881 -0.299132
v 1.222756 -0.985582 -0.339932
v 1.334556 -1.008282 -0.326132
v 1.344656 -1.012881 -0.287832
v 1.436256 -1.026482 -0.312732
v 1.451356 -1.031282 -0.277032
v 1.525456 -1.039882 -0.301232
v 1.547856 -1.045081 -0.268232
v -0.083444 -0.527281 -0.282432
v 0.007156 -0.576481 -0.282532
v 0.107856 -0.626082 -0.284232
v 0.217856 -0.675481 -0.286332
v 0.335656 -0.723981 -0.287832
v 0.459756 -0.771181 -0.288232
v 0.588456 -0.816382 -0.287132
v 0.719956 -0.858882 -0.284232
v 0.852656 -0.898281 -0.279132
v 0.984756 -0.934182 -0.272232
v 1.114356 -0.966181 -0.264132
v 1.239656 -0.993981 -0.255232
v 1.358956 -1.017281 -0.246132
v 1.470956 -1.035982 -0.237632
v 1.574156 -1.049981 -0.230732
v -0.106144 -0.514382 -0.232432
v -0.011444 -0.567181 -0.231932
v 0.093256 -0.619582 -0.232632
v 0.206656 -0.671281 -0.233832
v 0.327556 -0.721681 -0.234732
v 0.454356 -0.770382 -0.234932
v 0.585556 -0.816682 -0.234132
v 0.719556 -0.860181 -0.231732
v 0.854756 -0.900282 -0.227732
v 0.989456 -0.936782 -0.222232
v 1.122156 -0.969282 -0.215732
v 1.251056 -0.997481 -0.208732
v 1.374556 -1.021181 -0.201532
v 1.491356 -1.040182 -0.194932
v 1.600056 -1.054181 -0.189532
v -0.125544 -0.502581 -0.178632
v -0.027744 -0.558181 -0.178032
v 0.079956 -0.613082 -0.178332
v 0.196356 -0.666782 -0.179032
v 0.319956 -0.718881 -0.179632
v 0.449256 -0.768881 -0.179732
v 0.582956 -0.816382 -0.179132
v 0.719356 -0.860782 -0.177332
v 0.856956 -0.901682 -0.174332
v 0.994356 -0.938781 -0.170232
v 1.129856 -0.971781 -0.165332
v 1.261956 -1.000382 -0.160032
v 1.389056 -1.024281 -0.154632
v 1.509856 -1.043281 -0.149732
v 1.622656 -1.057181 -0.145532
v -0.140444 -0.492782 -0.122032
v -0.040544 -0.550582 -0.121732
v 0.069356 -0.607381 -0.122032
v 0.187856 -0.662681 -0.122432
v 0.313556 -0.716181 -0.122932
v 0.445056 -0.767281 -0.123032
v 0.580756 -0.815682 -0.122632
v 0.719256 -0.860881 -0.121532
v 0.859056 -0.902481 -0.119532
v 0.998656 -0.940081 -0.116732
v 1.136556 -0.973482 -0.113332
v 1.271156 -1.002381 -0.109732
v 1.400956 -1.026482 -0.106032
v 1.524556 -1.045482 -0.102532
v 1.640356 -1.059081 -0.099532
v -0.048944 -0.545282 -0.063832
v -0.149944 -0.486082 -0.063632
v 0.062256 -0.603281 -0.064232
v 0.182156 -0.659681 -0.064732
v 0.309256 -0.714081 -0.065132
v 0.442156 -0.765982 -0.065332
v 0.579256 -0.815081 -0.065232
v 0.719256 -0.860782 -0.064732
v 0.860656 -0.902781 -0.063632
v 1.001756 -0.940781 -0.062132
v 1.141256 -0.974481 -0.060332
v 1.277556 -1.003581 -0.058332
v 1.409056 -1.027681 -0.056232
v 1.534356 -1.046581 -0.054132
v 1.651956 -1.060082 -0.052232
v -0.051844 -0.543081 -0.005032
v -0.153244 -0.483382 -0.004232
v 0.059756 -0.601581 -0.005732
v 0.180156 -0.658382 -0.006332
v 0.307756 -0.713081 -0.006832
v 0.441156 -0.765282 -0.007132
v 0.578856 -0.814582 -0.007332
v 0.719356 -0.860582 -0.007432
v 0.861256 -0.902781 -0.007332
v 1.003056 -0.940881 -0.007132
v 1.143056 -0.974681 -0.006832
v 1.279956 -1.003781 -0.006332
v 1.412156 -1.027981 -0.005732
v 1.538056 -1.046882 -0.005032
v 1.656056 -1.060181 -0.004232
v -0.048744 -0.544681 0.053768
v -0.149744 -0.485482 0.055168
v 0.062456 -0.602781 0.052768
v 0.182356 -0.659181 0.052068
v 0.309456 -0.713581 0.051568
v 0.442256 -0.765581 0.051168
v 0.579456 -0.814582 0.050668
v 0.719456 -0.860381 0.049968
v 0.860756 -0.902382 0.049068
v 1.001956 -0.940381 0.047968
v 1.141456 -0.974081 0.046768
v 1.277656 -1.003081 0.045668
v 1.409256 -1.027182 0.044668
v 1.534556 -1.046081 0.043968
v 1.652056 -1.059482 0.043768
v -0.040244 -0.549581 0.111668
v -0.140044 -0.491682 0.113568
v 0.069656 -0.606382 0.110568
v 0.188156 -0.661781 0.109868
v 0.313856 -0.715281 0.109468
v 0.445356 -0.766482 0.108968
v 0.581056 -0.814881 0.108168
v 0.719556 -0.860082 0.106968
v 0.859356 -0.901581 0.104968
v 0.998956 -0.939181 0.102568
v 1.136856 -0.972582 0.099868
v 1.271456 -1.001481 0.097168
v 1.401356 -1.025482 0.094568
v 1.524956 -1.044481 0.092468
v 1.640656 -1.057981 0.091068
v -0.027244 -0.556682 0.168068
v -0.124944 -0.500882 0.170168
v 0.080456 -0.611581 0.167068
v 0.196856 -0.665382 0.166568
v 0.320456 -0.717581 0.166368
v 0.449756 -0.767582 0.165868
v 0.583356 -0.815081 0.164868
v 0.719756 -0.859481 0.162968
v 0.857456 -0.900381 0.160068
v 0.994856 -0.937381 0.156268
v 1.130356 -0.970381 0.152068
v 1.262456 -0.998982 0.147568
v 1.389656 -1.022881 0.143368
v 1.510356 -1.041782 0.139668
v 1.623256 -1.055581 0.136968
v -0.010744 -0.565081 0.221968
v -0.105444 -0.512282 0.223968
v 0.093956 -0.617681 0.221468
v 0.207356 -0.669381 0.221668
v 0.328156 -0.719881 0.221768
v 0.455056 -0.768582 0.221368
v 0.586156 -0.814881 0.220168
v 0.720156 -0.858381 0.217668
v 0.855356 -0.898481 0.213768
v 0.990156 -0.934981 0.208668
v 1.122756 -0.967481 0.202768
v 1.251656 -0.995582 0.196568
v 1.375256 -1.019282 0.190368
v 1.492156 -1.038082 0.184968
v 1.600856 -1.051982 0.180968
v 0.008056 -0.573981 0.272768
v -0.082444 -0.524582 0.273968
v 0.108756 -0.623681 0.273368
v 0.218656 -0.673082 0.274468
v 0.336456 -0.721681 0.275268
v 0.460556 -0.768881 0.275068
v 0.589256 -0.814082 0.273668
v 0.720756 -0.856681 0.270568
v 0.853456 -0.895981 0.265668
v 0.985556 -0.931882 0.259168
v 1.115156 -0.963781 0.251568
v 1.240456 -0.991582 0.243368
v 1.359856 -1.014881 0.235168
v 1.471856 -1.033481 0.227868
v 1.575156 -1.047382 0.222268
v 0.026556 -0.581681 0.319868
v -0.058544 -0.536381 0.319268
v 0.122956 -0.628281 0.322268
v 0.229356 -0.675481 0.324768
v 0.344256 -0.722282 0.326368
v 0.465856 -0.768181 0.326568
v 0.592256 -0.812381 0.324868
v 0.721756 -0.854082 0.321168
v 0.852256 -0.892781 0.315168
v 0.981856 -0.928081 0.307268
v 1.108656 -0.959581 0.297968
v 1.230656 -0.986982 0.287768
v 1.345756 -1.009881 0.277268
v 1.452456 -1.028282 0.267568
v 1.548956 -1.041881 0.259968
v 0.041656 -0.586481 0.362968
v -0.037644 -0.545282 0.359268
v 0.134056 -0.630282 0.367868
v 0.237656 -0.675582 0.372168
v 0.350456 -0.721182 0.374668
v 0.470256 -0.765982 0.375268
v 0.595056 -0.809381 0.373468
v 0.723056 -0.850481 0.369068
v 0.851956 -0.888781 0.361968
v 0.979856 -0.923681 0.352668
v 1.104656 -0.954882 0.341568
v 1.223956 -0.982082 0.329168
v 1.335856 -1.004781 0.316168
v 1.437556 -1.022881 0.303568
v 1.526756 -1.036281 0.293068
v -0.112044 -0.428782 0.359968
v -0.152744 -0.404882 0.324368
v -0.198744 -0.368682 0.335368
v -0.149744 -0.399882 0.373368
v -0.235844 -0.334082 0.349368
v -0.181444 -0.371181 0.390068
v -0.207244 -0.342982 0.408668
v -0.264844 -0.301082 0.365868
v -0.286144 -0.270182 0.384368
v -0.226644 -0.316082 0.428668
v -0.299644 -0.241982 0.404968
v -0.239244 -0.291182 0.449968
v -0.244544 -0.269181 0.472668
v -0.305244 -0.217582 0.427868
v -0.302644 -0.197682 0.453568
v -0.242244 -0.250882 0.496868
v -0.188044 -0.382682 0.281268
v -0.239644 -0.340281 0.290568
v -0.280744 -0.300081 0.302568
v -0.312344 -0.261981 0.316968
v -0.335344 -0.226282 0.333668
v -0.349844 -0.193982 0.353368
v -0.355644 -0.166282 0.376468
v -0.352744 -0.144181 0.403868
v -0.273144 -0.315082 0.239868
v -0.218144 -0.362282 0.231968
v -0.317044 -0.269682 0.249968
v -0.350844 -0.226182 0.262268
v -0.375444 -0.184682 0.276968
v -0.390944 -0.146982 0.295168
v -0.397144 -0.114681 0.318368
v -0.393944 -0.089782 0.347768
v -0.242344 -0.344782 0.177868
v -0.299444 -0.293482 0.184268
v -0.345244 -0.243382 0.192368
v -0.260044 -0.330981 0.119968
v -0.318544 -0.276582 0.124768
v -0.271144 -0.321982 0.059468
v -0.330144 -0.265682 0.062468
v -0.074544 -0.192782 0.652268
v -0.039344 -0.230582 0.664268
v -0.084144 -0.222582 0.645568
v -0.128344 -0.179782 0.627968
v -0.163144 -0.135581 0.609868
v -0.102444 -0.151381 0.639868
v -0.187444 -0.089482 0.593068
v -0.124544 -0.106982 0.626968
v -0.174744 -0.171782 0.601168
v -0.124544 -0.218582 0.624268
v -0.214344 -0.124482 0.577368
v -0.243944 -0.076682 0.553868
v -0.203644 -0.043282 0.577468
v -0.263644 -0.027081 0.532068
v -0.214244 -0.168082 0.572468
v -0.160244 -0.217982 0.600568
v -0.257444 -0.118082 0.542768
v -0.290244 -0.067882 0.512668
v -0.313044 -0.015182 0.483668
v -0.190544 -0.220582 0.575268
v -0.247244 -0.168581 0.542268
v -0.293044 -0.116382 0.506668
v -0.328744 -0.063682 0.469068
v -0.354844 -0.007682 0.431068
v -0.273244 -0.173482 0.511668
v -0.214744 -0.226782 0.548868
v -0.321044 -0.119782 0.470368
v -0.359244 -0.065182 0.425368
v -0.388644 -0.006082 0.377468
v -0.232144 -0.236782 0.522468
v -0.291844 -0.182981 0.481768
v -0.341044 -0.128782 0.435568
v -0.381144 -0.073482 0.384168
v -0.090544 -0.241282 -0.636432
v -0.046344 -0.250682 -0.654732
v -0.081744 -0.213282 -0.642032
v -0.134844 -0.198682 -0.617932
v -0.180444 -0.188982 -0.591632
v -0.130244 -0.235782 -0.615632
v -0.219244 -0.183582 -0.563432
v -0.165244 -0.233482 -0.592632
v -0.194844 -0.234382 -0.568132
v -0.251444 -0.182182 -0.534032
v -0.276744 -0.185282 -0.504332
v -0.218444 -0.238882 -0.542832
v -0.294844 -0.193182 -0.475532
v -0.235344 -0.247382 -0.517532
v -0.305144 -0.206382 -0.448532
v -0.244944 -0.260082 -0.493132
v -0.169744 -0.154782 -0.598932
v -0.110144 -0.172782 -0.628732
v -0.220144 -0.141782 -0.566732
v -0.262444 -0.133482 -0.532532
v -0.297244 -0.129781 -0.497032
v -0.324544 -0.131182 -0.461532
v -0.343944 -0.138382 -0.427832
v -0.355044 -0.152282 -0.397432
v -0.131244 -0.129182 -0.615332
v -0.195744 -0.109682 -0.580232
v -0.249944 -0.094182 -0.542032
v -0.295344 -0.083182 -0.501032
v -0.332944 -0.076882 -0.457932
v -0.362644 -0.076182 -0.414932
v -0.383844 -0.082482 -0.374632
v -0.396044 -0.097082 -0.339532
v -0.146144 -0.084382 -0.602032
v -0.212444 -0.062982 -0.563032
v -0.269544 -0.044582 -0.519032
v -0.317944 -0.030382 -0.470732
v -0.358844 -0.020382 -0.418432
v -0.390944 -0.017781 -0.366832
v -0.113444 -0.432682 -0.367032
v -0.151244 -0.404082 -0.379032
v -0.200044 -0.372482 -0.340432
v -0.153944 -0.408282 -0.331032
v -0.240744 -0.343582 -0.295232
v -0.189144 -0.385581 -0.287632
v -0.219044 -0.364782 -0.238032
v -0.274044 -0.317782 -0.244032
v -0.300244 -0.295482 -0.187932
v -0.243044 -0.346582 -0.183632
v -0.319044 -0.277982 -0.128032
v -0.260544 -0.332182 -0.125532
v -0.271344 -0.322682 -0.064832
v -0.274944 -0.318982 -0.002632
v -0.182944 -0.375882 -0.394232
v -0.237244 -0.338282 -0.352832
v -0.281944 -0.303682 -0.305332
v -0.318044 -0.272682 -0.252032
v -0.346044 -0.245582 -0.193732
v -0.366144 -0.224082 -0.131532
v -0.208944 -0.348282 -0.411232
v -0.266344 -0.305882 -0.367532
v -0.313744 -0.266182 -0.317732
v -0.351944 -0.229582 -0.262132
v -0.381744 -0.196782 -0.201132
v -0.228444 -0.322182 -0.429532
v -0.287744 -0.275681 -0.384232
v -0.336844 -0.231182 -0.332532
v -0.376644 -0.188781 -0.274532
v -0.241244 -0.298182 -0.449232
v -0.301444 -0.248382 -0.403132
v -0.351444 -0.199682 -0.350232
v -0.392344 -0.151782 -0.290632
v -0.307344 -0.225082 -0.424432
v -0.246944 -0.277182 -0.470432
v -0.357644 -0.173082 -0.371532
v -0.398844 -0.120682 -0.311832
v -0.066244 -0.453882 0.387868
v -0.043744 -0.469682 0.374268
v -0.068344 -0.457782 0.350168
v -0.091044 -0.434282 0.404368
v -0.116644 -0.411082 0.424268
v -0.138844 -0.387182 0.444968
v -0.156044 -0.363782 0.466268
v -0.167444 -0.341582 0.488168
v -0.172344 -0.321482 0.510668
v -0.170244 -0.304282 0.533868
v -0.095944 -0.443282 0.317468
v -0.125044 -0.426982 0.274868
v -0.151244 -0.411182 0.226268
v -0.172844 -0.397082 0.173168
v -0.189144 -0.385882 0.116368
v -0.199344 -0.378582 0.057068
v -0.203044 -0.376082 -0.003732
v 0.029856 -0.266682 0.683868
v 0.002456 -0.265282 0.674968
v 0.009856 -0.242782 0.679968
v -0.011544 -0.211882 0.674068
v -0.032444 -0.173082 0.666368
v -0.032844 0.116218 0.654168
v -0.028844 -0.264582 0.662468
v -0.062844 -0.265382 0.645568
v -0.094544 -0.267982 0.625968
v -0.122044 -0.272682 0.604368
v -0.144444 -0.280182 0.581268
v -0.160744 -0.290582 0.557568
v 0.022556 -0.287582 -0.674632
v 0.002356 -0.264082 -0.670232
v -0.004444 -0.285182 -0.666132
v -0.035144 -0.283182 -0.654032
v -0.068544 -0.282582 -0.637732
v -0.099644 -0.283581 -0.618932
v -0.126544 -0.286782 -0.598332
v -0.148244 -0.292582 -0.576332
v -0.164144 -0.301582 -0.553732
v -0.173144 -0.313982 -0.531332
v -0.019244 -0.233682 -0.663832
v -0.040344 -0.196082 -0.655332
v -0.056744 -0.154182 -0.646132
v -0.030144 0.116618 -0.635732
v -0.067744 -0.458081 -0.395232
v -0.069644 -0.461382 -0.358332
v -0.045144 -0.473582 -0.382432
v -0.097144 -0.446482 -0.325632
v -0.126044 -0.429682 -0.282932
v -0.152044 -0.413382 -0.234232
v -0.173544 -0.398782 -0.180832
v -0.189644 -0.387082 -0.123932
v -0.199644 -0.379081 -0.064532
v -0.092544 -0.438882 -0.410632
v -0.118244 -0.416282 -0.429132
v -0.140644 -0.392982 -0.448432
v -0.157944 -0.370282 -0.468232
v -0.169644 -0.348982 -0.488532
v -0.174944 -0.329982 -0.509532
v 1.597456 -0.783182 0.551368
v 1.514056 -0.759781 0.577368
v 1.536856 -0.742581 0.576168
v 1.626056 -0.769881 0.547268
v 1.658756 -0.755982 0.541068
v 1.563956 -0.724882 0.573068
v 1.690956 -0.738281 0.534868
v 1.633256 -0.564881 0.568768
v 1.417456 -0.733081 0.603768
v 1.436656 -0.712481 0.604668
v 1.459956 -0.691382 0.603568
v 1.484756 -0.667881 0.601468
v 1.327156 -0.679582 0.631768
v 1.310256 -0.702881 0.629568
v 1.347156 -0.655582 0.632268
v 1.414356 -0.506682 0.631568
v 1.195256 -0.669181 0.653768
v 1.210256 -0.643681 0.656868
v 1.227756 -0.617581 0.658368
v 1.246856 -0.589081 0.658968
v 1.074456 -0.632582 0.675568
v 1.087956 -0.605281 0.679268
v 1.103056 -0.577282 0.681568
v 1.177056 -0.351382 0.682868
v 0.950056 -0.593281 0.694268
v 0.962256 -0.564681 0.698368
v 0.975456 -0.534981 0.701068
v 0.989656 -0.502982 0.702968
v 0.824356 -0.551881 0.709268
v 0.835256 -0.522181 0.713568
v 0.846556 -0.491282 0.716568
v 0.872656 -0.339482 0.718568
v 0.699356 -0.508782 0.720168
v 0.708756 -0.478382 0.724368
v 0.718056 -0.445782 0.727368
v 0.727656 -0.410681 0.729468
v 0.584756 -0.433982 0.730668
v 0.576956 -0.464882 0.726668
v 0.592156 -0.400482 0.733368
v 0.599956 -0.364482 0.735168
v 0.459156 -0.421082 0.728668
v 0.464856 -0.390082 0.732268
v 0.469556 -0.356081 0.734468
v 0.490656 -0.244682 0.735668
v 0.348156 -0.378381 0.726268
v 0.351156 -0.347282 0.729168
v 0.352456 -0.312882 0.730568
v 0.353856 -0.275182 0.730868
v 0.245356 -0.306882 0.721368
v 0.245656 -0.337582 0.719468
v 0.242856 -0.271982 0.721568
v 0.257856 -0.148782 0.720568
v 0.153956 -0.300482 0.708868
v 0.148856 -0.269982 0.709268
v 0.141156 -0.234382 0.707668
v 0.134256 -0.195282 0.704968
v 0.074856 -0.268782 0.695368
v 0.062856 -0.237882 0.693268
v 0.048856 -0.201182 0.689168
v 0.080156 0.101118 0.678468
v 1.635456 -0.806682 0.534068
v 1.577156 -0.794181 0.552868
v 1.666256 -0.802381 0.527168
v 1.702556 -0.794582 0.518568
v 1.741256 -0.784582 0.508768
v 1.792356 -0.704182 0.495168
v 0.082456 -0.292082 0.695068
v 0.152256 -0.324082 0.705868
v 0.241156 -0.362882 0.715468
v 0.341756 -0.404782 0.721568
v 0.451556 -0.448182 0.723568
v 0.568356 -0.492282 0.721168
v 0.690056 -0.536081 0.714568
v 0.814556 -0.578781 0.703668
v 0.939856 -0.619481 0.688768
v 1.063856 -0.657682 0.670268
v 1.184256 -0.692982 0.648868
v 1.298956 -0.724882 0.625268
v 1.405556 -0.752881 0.600168
v 1.501056 -0.776482 0.575068
v 0.066956 -0.290982 -0.685632
v 0.145756 -0.323382 -0.699332
v 0.140256 -0.293782 -0.699032
v 0.054656 -0.260782 -0.682932
v 0.132256 -0.259082 -0.696732
v 0.040556 -0.225082 -0.678132
v 0.125056 -0.220582 -0.693232
v 0.028556 -0.184982 -0.672132
v 0.120656 -0.179782 -0.688932
v 0.082556 0.101518 -0.665732
v 0.237256 -0.361082 -0.710032
v 0.236556 -0.331382 -0.711232
v 0.233556 -0.297382 -0.710732
v 0.230756 -0.259881 -0.708932
v 0.263956 -0.087782 -0.706532
v 0.342156 -0.372482 -0.719032
v 0.339456 -0.402282 -0.716932
v 0.343156 -0.338881 -0.719732
v 0.344156 -0.302181 -0.719332
v 0.346456 -0.263482 -0.718032
v 0.450456 -0.445482 -0.719432
v 0.455656 -0.415682 -0.722232
v 0.459956 -0.382482 -0.723732
v 0.464356 -0.346682 -0.724132
v 0.519456 -0.096182 -0.723832
v 0.575356 -0.459982 -0.720632
v 0.568056 -0.489582 -0.717432
v 0.582356 -0.427382 -0.722732
v 0.589456 -0.392582 -0.723732
v 0.597356 -0.355782 -0.723932
v 0.699356 -0.504582 -0.714432
v 0.690356 -0.533682 -0.710932
v 0.708556 -0.472682 -0.716732
v 0.718256 -0.438982 -0.718032
v 0.769756 -0.270182 -0.718532
v 0.815356 -0.576781 -0.700132
v 0.825756 -0.548381 -0.703632
v 0.837056 -0.517582 -0.705932
v 0.848856 -0.484982 -0.707232
v 0.861456 -0.450382 -0.707732
v 0.941056 -0.618182 -0.685032
v 0.952856 -0.590782 -0.688432
v 0.965956 -0.561181 -0.690532
v 0.980056 -0.529981 -0.691532
v 1.035256 -0.387082 -0.691832
v 1.065456 -0.657181 -0.666332
v 1.078556 -0.631182 -0.669232
v 1.093756 -0.603181 -0.670932
v 1.109956 -0.573882 -0.671532
v 1.126556 -0.542482 -0.671332
v 1.186356 -0.693581 -0.644432
v 1.200956 -0.669281 -0.646832
v 1.218356 -0.643181 -0.647732
v 1.236956 -0.616082 -0.647432
v 1.293556 -0.397982 -0.646532
v 1.301556 -0.726781 -0.620232
v 1.318056 -0.704682 -0.621632
v 1.338056 -0.680881 -0.621432
v 1.359556 -0.656181 -0.620032
v 1.380856 -0.629182 -0.618232
v 1.427656 -0.736982 -0.594432
v 1.408856 -0.756581 -0.594232
v 1.451056 -0.715881 -0.592632
v 1.475556 -0.693881 -0.589732
v 1.526856 -0.573281 -0.581232
v 1.528156 -0.766381 -0.565932
v 1.505656 -0.782682 -0.567732
v 1.555656 -0.748181 -0.562032
v 1.583656 -0.729782 -0.557232
v 1.608756 -0.709282 -0.552932
v 1.617656 -0.792881 -0.536932
v 1.589456 -0.805282 -0.541732
v 1.650556 -0.778082 -0.530132
v 1.682156 -0.761782 -0.523132
v 1.667756 -0.670982 -0.519432
v 0.074856 -0.313282 -0.685932
v 1.733956 -0.805581 -0.497732
v 1.804456 -0.711382 -0.486532
v 1.694756 -0.816781 -0.508132
v 1.658856 -0.823882 -0.517332
v 1.569356 -0.815381 -0.543732
v 1.627956 -0.827681 -0.524832
v 1.493056 -0.798181 -0.566132
v 1.397356 -0.775082 -0.591432
v 1.290656 -0.747582 -0.616632
v 1.175856 -0.716082 -0.640332
v 1.055356 -0.681081 -0.661832
v 0.931356 -0.642981 -0.680332
v 0.806056 -0.602382 -0.695332
v 0.681556 -0.559682 -0.706232
v 0.559956 -0.515681 -0.712832
v 0.443256 -0.471282 -0.715032
v 0.333656 -0.427482 -0.713032
v 0.233156 -0.385182 -0.706732
v 0.144456 -0.345782 -0.697032
v -0.020544 -0.472481 0.429068
v 0.062256 -0.513781 0.448468
v 0.073556 -0.525982 0.420968
v -0.003444 -0.487682 0.405768
v 0.156456 -0.557382 0.462968
v 0.163756 -0.567782 0.432468
v 0.260656 -0.602182 0.472968
v 0.265356 -0.611482 0.440468
v 0.376156 -0.655681 0.445168
v 0.373556 -0.647282 0.478668
v 0.493256 -0.691781 0.480168
v 0.494056 -0.699481 0.446268
v 0.617656 -0.734981 0.477468
v 0.616956 -0.742082 0.443868
v 0.745056 -0.776081 0.470868
v 0.742956 -0.782581 0.437968
v 0.870056 -0.820481 0.428468
v 0.873556 -0.814381 0.460368
v 0.996056 -0.855081 0.415968
v 1.001156 -0.849582 0.446268
v 1.125756 -0.881281 0.429168
v 1.118756 -0.886281 0.400768
v 1.236156 -0.913482 0.383368
v 1.245356 -0.909181 0.409468
v 1.345756 -0.936581 0.364368
v 1.357956 -0.933082 0.387568
v 1.461656 -0.952782 0.363568
v 1.445156 -0.955281 0.344168
v 1.531656 -0.969881 0.323068
v 1.554856 -0.968582 0.337868
v -0.040144 -0.453682 0.452068
v 0.047756 -0.498182 0.474268
v 0.146156 -0.544181 0.490968
v 0.253856 -0.590681 0.502368
v 0.369556 -0.637082 0.508868
v 0.491556 -0.682681 0.510568
v 0.618156 -0.726682 0.507668
v 0.747556 -0.768582 0.500268
v 0.878056 -0.807582 0.488768
v 1.007856 -0.843481 0.473368
v 1.134956 -0.875882 0.454468
v 1.257756 -0.904581 0.432568
v 1.374156 -0.929282 0.408068
v 1.482856 -0.949881 0.381168
v 1.582156 -0.966381 0.351868
v 0.033356 -0.480882 0.498868
v -0.058444 -0.433382 0.474868
v 0.135456 -0.529182 0.516868
v 0.246456 -0.577582 0.529268
v 0.365056 -0.625581 0.536268
v 0.489656 -0.672382 0.537968
v 0.618656 -0.717382 0.534668
v 0.750356 -0.760182 0.526668
v 0.883156 -0.799981 0.514168
v 1.015456 -0.836681 0.497568
v 1.145456 -0.869781 0.477268
v 1.271456 -0.899181 0.453468
v 1.391856 -0.924581 0.426868
v 1.504956 -0.945881 0.397468
v 1.608556 -0.962582 0.365368
v 0.021356 -0.462982 0.522368
v -0.073144 -0.412882 0.497368
v 0.126256 -0.513481 0.541268
v 0.240056 -0.563681 0.554068
v 0.361256 -0.613082 0.561268
v 0.488256 -0.661081 0.562768
v 0.619456 -0.707281 0.558968
v 0.753356 -0.750882 0.550268
v 0.888556 -0.791582 0.536968
v 1.023256 -0.828982 0.519368
v 1.155956 -0.862781 0.497868
v 1.284956 -0.892781 0.472768
v 1.408656 -0.918682 0.444468
v 1.525156 -0.940282 0.413268
v 1.631356 -0.956681 0.378968
v -0.083044 -0.393082 0.519868
v 0.013256 -0.445282 0.545168
v 0.119956 -0.497582 0.564168
v 0.235656 -0.549281 0.577068
v 0.358756 -0.600082 0.584068
v 0.487656 -0.649281 0.585268
v 0.620856 -0.696381 0.580968
v 0.756756 -0.740781 0.571668
v 0.893956 -0.782282 0.557668
v 1.030756 -0.820281 0.539268
v 1.165656 -0.854681 0.516868
v 1.297056 -0.885081 0.490768
v 1.423256 -0.911281 0.461368
v 1.541956 -0.932782 0.428968
v 1.649256 -0.948582 0.393468
v -0.087444 -0.374682 0.542168
v 0.009756 -0.428382 0.567268
v 0.117456 -0.482082 0.585968
v 0.234256 -0.535082 0.598468
v 0.358556 -0.586882 0.605068
v 0.488756 -0.636881 0.605768
v 0.623256 -0.684682 0.601068
v 0.760556 -0.729881 0.591268
v 0.899056 -0.771881 0.576668
v 1.037356 -0.810382 0.557668
v 1.173756 -0.845081 0.534568
v 1.306756 -0.875781 0.507868
v 1.434456 -0.902081 0.477868
v 1.554256 -0.923381 0.444968
v 1.661756 -0.938382 0.409168
v 0.011756 -0.413182 0.588668
v -0.085344 -0.358482 0.564468
v 0.119756 -0.467682 0.606668
v 0.236756 -0.521381 0.618568
v 0.361456 -0.573681 0.624468
v 0.491956 -0.624282 0.624768
v 0.626856 -0.672481 0.619668
v 0.764656 -0.717981 0.609368
v 0.903656 -0.760281 0.594368
v 1.042456 -0.799081 0.574968
v 1.179456 -0.834082 0.551468
v 1.312956 -0.864781 0.524468
v 1.441256 -0.891081 0.494368
v 1.561156 -0.911981 0.461468
v 1.668456 -0.926181 0.426268
v -0.076444 -0.345082 0.586568
v 0.020056 -0.399981 0.609468
v 0.127356 -0.454682 0.626268
v 0.243756 -0.508481 0.637168
v 0.367756 -0.560981 0.642468
v 0.497656 -0.611482 0.642168
v 0.631956 -0.659782 0.636668
v 0.769056 -0.705181 0.626068
v 0.907456 -0.747582 0.610768
v 1.045656 -0.786381 0.591168
v 1.181956 -0.821282 0.567668
v 1.314956 -0.851982 0.540768
v 1.442756 -0.878081 0.510968
v 1.562256 -0.898781 0.478668
v 1.669156 -0.912281 0.444368
v -0.061344 -0.334082 0.608168
v 0.033856 -0.388582 0.629268
v 0.139656 -0.442882 0.644568
v 0.254556 -0.496282 0.654368
v 0.377056 -0.548381 0.658768
v 0.505456 -0.598581 0.657868
v 0.638256 -0.646481 0.651968
v 0.773856 -0.691682 0.641268
v 0.910656 -0.733781 0.625868
v 1.047256 -0.772381 0.606268
v 1.182056 -0.807082 0.582968
v 1.313456 -0.837582 0.556468
v 1.439756 -0.863481 0.527268
v 1.558156 -0.883881 0.495968
v 1.664256 -0.897081 0.462968
v -0.041044 -0.325382 0.628568
v 0.051956 -0.378682 0.647568
v 0.155556 -0.431882 0.661368
v 0.268256 -0.484382 0.669968
v 0.388556 -0.535581 0.673468
v 0.514856 -0.585182 0.672068
v 0.645556 -0.632481 0.665768
v 0.778956 -0.677081 0.654868
v 0.913656 -0.718782 0.639568
v 1.048056 -0.757081 0.620168
v 1.180556 -0.791481 0.597268
v 1.309456 -0.821681 0.571368
v 1.433256 -0.847282 0.543068
v 1.549656 -0.867681 0.512968
v 1.654356 -0.880982 0.481468
v 0.073556 -0.369781 0.664168
v -0.016444 -0.318582 0.647268
v 0.174156 -0.421182 0.676368
v 0.283956 -0.472082 0.683868
v 0.401556 -0.522081 0.686668
v 0.525356 -0.570681 0.684668
v 0.653556 -0.617181 0.678168
v 0.784656 -0.661281 0.667268
v 0.916856 -0.702481 0.651968
v 1.048656 -0.740281 0.632868
v 1.178356 -0.774481 0.610468
v 1.304156 -0.804381 0.585268
v 1.424556 -0.829882 0.557968
v 1.537556 -0.850181 0.529268
v 1.640056 -0.863981 0.499568
v 0.011156 -0.312882 0.663868
v 0.097256 -0.361282 0.678568
v 0.194156 -0.410082 0.689368
v 0.300656 -0.458882 0.696068
v 0.415356 -0.507281 0.698268
v 0.536456 -0.554582 0.695968
v 0.662256 -0.600381 0.689268
v 0.790956 -0.643782 0.678368
v 0.920656 -0.684581 0.663168
v 1.049756 -0.722082 0.644368
v 1.176356 -0.756081 0.622368
v 1.298656 -0.785881 0.597968
v 1.414856 -0.811282 0.571668
v 1.523456 -0.831681 0.544368
v 1.622156 -0.846081 0.516568
v 0.120456 -0.351882 0.690568
v 0.039456 -0.307382 0.677768
v 0.213456 -0.397582 0.700368
v 0.316856 -0.443982 0.706468
v 0.428856 -0.490482 0.708268
v 0.547756 -0.536581 0.705868
v 0.671356 -0.581482 0.699068
v 0.797956 -0.624482 0.688168
v 0.925456 -0.664882 0.673068
v 1.052156 -0.702381 0.654468
v 1.175956 -0.736282 0.632968
v 1.294756 -0.766381 0.609168
v 1.406656 -0.791982 0.583668
v 1.510056 -0.812682 0.557668
v 1.603056 -0.827681 0.531968
v 0.064156 -0.300781 0.688268
v 0.140256 -0.340281 0.699768
v 0.229956 -0.382382 0.709068
v 0.331056 -0.426282 0.714968
v 0.441256 -0.471081 0.716768
v 0.558556 -0.515982 0.714268
v 0.680756 -0.560181 0.707568
v 0.805756 -0.602882 0.696668
v 0.931756 -0.643282 0.681668
v 1.056556 -0.680881 0.663168
v 1.178156 -0.715281 0.641868
v 1.294156 -0.745982 0.618368
v 1.402656 -0.772482 0.593368
v 1.500956 -0.793981 0.568268
v 1.586856 -0.809981 0.544368
v 0.008156 -0.497982 0.382368
v 0.077356 -0.532881 0.390668
v 0.165756 -0.574181 0.398568
v 0.266156 -0.617681 0.404568
v 0.376056 -0.661682 0.407968
v 0.493256 -0.705382 0.408668
v 0.615756 -0.747781 0.406368
v 0.741156 -0.788181 0.401168
v 0.867756 -0.825781 0.392768
v 0.993156 -0.860181 0.381768
v 1.115356 -0.890982 0.368568
v 1.231856 -0.917781 0.353768
v 1.340456 -0.940282 0.337768
v 1.437956 -0.958281 0.321668
v 1.515956 -0.970882 0.307368
v 1.604156 -0.980381 0.302168
v 1.575856 -0.979181 0.295268
v 1.636356 -0.980482 0.310568
v 1.670556 -0.978681 0.320568
v 1.701356 -0.974781 0.331168
v 1.726556 -0.968382 0.342768
v 1.745456 -0.959581 0.356368
v 1.758056 -0.948182 0.372168
v 1.764656 -0.934981 0.390168
v 1.765356 -0.920282 0.409468
v 1.760056 -0.904781 0.429568
v 1.748756 -0.888481 0.449768
v 1.731756 -0.871682 0.469868
v 1.709656 -0.854282 0.489268
v 1.684056 -0.836582 0.507368
v 1.658356 -0.820481 0.522468
v 1.762856 -0.998681 -0.254832
v 1.704456 -0.993182 -0.287432
v 1.655956 -0.991981 -0.284032
v 1.704056 -0.997781 -0.253932
v 1.808956 -0.995782 -0.258032
v 1.747056 -0.991881 -0.293132
v 1.842356 -0.989181 -0.263132
v 1.782456 -0.987981 -0.300532
v 1.867656 -0.980281 -0.271032
v 1.809156 -0.981182 -0.309832
v 1.886256 -0.969482 -0.282032
v 1.827656 -0.971981 -0.321232
v 1.898556 -0.957081 -0.296432
v 1.839856 -0.960981 -0.335332
v 1.904056 -0.943781 -0.314332
v 1.846156 -0.948981 -0.351932
v 1.808756 -1.001181 -0.219132
v 1.745956 -1.002082 -0.219432
v 1.855956 -0.996081 -0.220032
v 1.890456 -0.987682 -0.223532
v 1.916956 -0.976682 -0.230832
v 1.936956 -0.963781 -0.241832
v 1.950056 -0.949782 -0.256532
v 1.955356 -0.935281 -0.275532
v 1.780456 -1.004481 -0.180932
v 1.845756 -1.001681 -0.179732
v 1.893756 -0.994681 -0.179732
v 1.928756 -0.984182 -0.183132
v 1.956456 -0.970882 -0.190532
v 1.977856 -0.955782 -0.201732
v 1.991956 -0.939782 -0.217032
v 1.995856 -0.926782 -0.235732
v 1.875156 -1.001281 -0.137332
v 1.807256 -1.005082 -0.139132
v 1.922156 -0.992381 -0.137232
v 1.956556 -0.979681 -0.141232
v 1.984456 -0.963881 -0.149132
v 2.006656 -0.945782 -0.160832
v 2.020356 -0.928882 -0.176632
v 2.026956 -0.912881 -0.197332
v 1.897156 -1.000682 -0.092332
v 1.828556 -1.005381 -0.094432
v 1.941456 -0.990182 -0.092432
v 1.974256 -0.975282 -0.096732
v 2.001956 -0.956681 -0.104232
v 2.023356 -0.936681 -0.116332
v 2.040256 -0.914581 -0.132832
v 2.059156 -0.814982 -0.167532
v 1.912056 -1.000382 -0.046132
v 1.843056 -1.005581 -0.048432
v 1.952256 -0.988681 -0.046132
v 1.983156 -0.972181 -0.049332
v 2.010956 -0.950581 -0.054232
v 2.033356 -0.926982 -0.059032
v 2.082056 -0.777281 -0.076532
v 1.810256 -0.858682 -0.453832
v 1.758756 -0.838682 -0.480332
v 1.707356 -0.842382 -0.496432
v 1.749856 -0.860681 -0.474832
v 1.851256 -0.850181 -0.437032
v 1.804256 -0.830582 -0.465732
v 1.894256 -0.774681 -0.421332
v 1.840156 -0.814982 -0.453932
v 1.845056 -0.875382 -0.429232
v 1.785656 -0.878482 -0.453232
v 1.883356 -0.865281 -0.408832
v 1.914756 -0.849281 -0.390432
v 1.866856 -0.889281 -0.405832
v 1.813856 -0.895281 -0.431832
v 1.907556 -0.876881 -0.382032
v 1.939656 -0.863181 -0.360332
v 1.965756 -0.841082 -0.344932
v 1.959656 -0.740182 -0.360532
v 1.883856 -0.902681 -0.382032
v 1.831756 -0.909881 -0.411032
v 1.927556 -0.890982 -0.353532
v 1.961856 -0.878081 -0.328432
v 2.007756 -0.772581 -0.293132
v 1.896056 -0.916082 -0.358332
v 1.842056 -0.923082 -0.390632
v 1.943156 -0.905481 -0.325332
v 1.980056 -0.893181 -0.296332
v 2.011056 -0.869681 -0.275232
v 1.903056 -0.929881 -0.335232
v 1.846656 -0.936082 -0.370632
v 1.952756 -0.920282 -0.298732
v 1.990456 -0.908981 -0.268032
v 2.041256 -0.807481 -0.224932
v 1.713756 -0.821181 0.506268
v 1.765256 -0.816882 0.490968
v 1.815356 -0.837082 0.464268
v 1.753856 -0.839481 0.484968
v 1.853356 -0.855182 0.438668
v 1.787156 -0.857282 0.463068
v 1.879856 -0.871381 0.414268
v 1.813256 -0.874381 0.440968
v 1.896556 -0.886681 0.390468
v 1.831556 -0.890681 0.418968
v 1.905756 -0.901981 0.366768
v 1.842556 -0.906582 0.396968
v 1.908956 -0.917682 0.343168
v 1.846956 -0.922382 0.375368
v 1.906656 -0.933681 0.320668
v 1.845656 -0.937682 0.354568
v 1.864356 -0.831381 0.446368
v 1.811856 -0.810481 0.476268
v 1.902756 -0.849781 0.416568
v 1.923756 -0.860782 0.394868
v 1.936856 -0.878182 0.368868
v 1.949656 -0.894781 0.336468
v 1.954856 -0.907381 0.312368
v 1.952256 -0.924281 0.287568
v 1.850556 -0.795682 0.465168
v 1.915856 -0.764382 0.426468
v 1.939956 -0.833481 0.398768
v 1.951856 -0.840181 0.388368
v 2.002756 -0.770481 0.342268
v 1.984656 -0.877282 0.313468
v 1.986456 -0.895281 0.287968
v 1.987056 -0.914281 0.251168
v 2.020156 -0.838881 0.304568
v 2.014756 -0.848482 0.307368
v 2.041856 -0.767081 0.255368
v 2.018356 -0.899881 0.212568
v 1.705056 -0.994382 0.246968
v 1.657256 -0.988181 0.276768
v 1.705756 -0.989082 0.281168
v 1.763956 -0.994882 0.249168
v 1.746656 -0.998982 0.212568
v 1.812556 -0.998381 0.213568
v 1.853556 -1.000682 0.174568
v 1.782556 -1.002181 0.174168
v 1.812056 -1.004182 0.132968
v 1.885156 -1.001981 0.132768
v 1.833656 -1.005181 0.089668
v 1.906156 -1.002082 0.089368
v 1.917156 -1.001481 0.045368
v 1.846156 -1.005581 0.044468
v 1.849156 -1.005581 -0.001932
v 1.918856 -1.000682 0.000068
v 1.811956 -0.991981 0.253068
v 1.747756 -0.987182 0.287768
v 1.863656 -0.994382 0.215268
v 1.900956 -0.994681 0.175268
v 1.924756 -0.993182 0.134068
v 1.941056 -0.991181 0.090968
v 1.951356 -0.989381 0.046568
v 1.955156 -0.988382 0.000668
v 1.782356 -0.982681 0.295668
v 1.847256 -0.986181 0.258468
v 1.893856 -0.986081 0.220068
v 1.926056 -0.983581 0.181068
v 1.949956 -0.979581 0.140168
v 1.967656 -0.975481 0.096268
v 1.979256 -0.972282 0.049468
v 1.984556 -0.970981 0.000168
v 1.808356 -0.975282 0.305568
v 1.870656 -0.976781 0.268168
v 1.914656 -0.973881 0.230868
v 1.947356 -0.968481 0.192268
v 1.972856 -0.961781 0.150768
v 1.992456 -0.954882 0.105168
v 2.005756 -0.949481 0.054968
v 2.012156 -0.947381 0.000468
v 1.826656 -0.964981 0.318868
v 1.887356 -0.964281 0.282268
v 1.931356 -0.958881 0.245968
v 1.965556 -0.950581 0.207868
v 1.993356 -0.940381 0.166068
v 2.013156 -0.931781 0.120268
v 2.028256 -0.923982 0.062568
v 2.036856 -0.918081 0.001868
v 1.838656 -0.952082 0.335468
v 1.899256 -0.949582 0.300068
v 1.944056 -0.941882 0.265068
v 1.980056 -0.930581 0.228168
v 2.008756 -0.918481 0.187168
v 2.032056 -0.905481 0.141468
v 2.075656 -0.782282 0.073468
v 2.068656 -0.865682 0.003768
v 2.061356 -0.817382 0.168668
v 1.602656 -0.984481 -0.309832
v 1.574556 -0.982982 -0.303632
v 1.602356 -0.987981 -0.283332
v 1.634756 -0.984882 -0.317232
v 1.669656 -0.983682 -0.326532
v 1.701856 -0.980581 -0.336332
v 1.729256 -0.975582 -0.347032
v 1.750656 -0.968481 -0.359232
v 1.765456 -0.959381 -0.373132
v 1.773156 -0.948582 -0.388632
v 1.633956 -0.993081 -0.256432
v 1.667756 -0.997882 -0.221932
v 1.698656 -1.001582 -0.183332
v 1.724256 -1.003981 -0.141432
v 1.743056 -1.004981 -0.096932
v 1.755056 -1.005282 -0.050632
v 1.759556 -1.005181 -0.003632
v 1.651856 -0.841181 -0.513132
v 1.678756 -0.856781 -0.498432
v 1.707056 -0.874482 -0.480532
v 1.732356 -0.891482 -0.461632
v 1.752656 -0.907282 -0.442732
v 1.766556 -0.922382 -0.423932
v 1.773456 -0.936282 -0.405632
v 1.603556 -0.984481 0.274868
v 1.635056 -0.989881 0.247968
v 1.668556 -0.995082 0.213668
v 1.699056 -0.999181 0.175068
v 1.724456 -1.001981 0.133368
v 1.743556 -1.003682 0.089168
v 1.755556 -1.004681 0.043268
v 1.459856 -0.957682 -0.371532
v 1.443556 -0.959681 -0.353232
v 1.530056 -0.974081 -0.331232
v 1.553156 -0.973282 -0.345032
v 1.356056 -0.938081 -0.396232
v 1.344156 -0.940982 -0.374232
v 1.243456 -0.914381 -0.418832
v 1.234556 -0.917982 -0.393932
v 1.123856 -0.886481 -0.439232
v 1.117156 -0.890782 -0.411832
v 0.999256 -0.854881 -0.456732
v 0.994456 -0.859681 -0.427432
v 0.871656 -0.819682 -0.471032
v 0.868356 -0.825081 -0.440232
v 0.743256 -0.781381 -0.481632
v 0.741356 -0.787181 -0.449832
v 0.615856 -0.740281 -0.488232
v 0.615356 -0.746682 -0.455632
v 0.491356 -0.697081 -0.490532
v 0.492356 -0.704081 -0.457732
v 0.371756 -0.652582 -0.488532
v 0.374456 -0.660282 -0.456132
v 0.258856 -0.607482 -0.482232
v 0.263756 -0.615981 -0.450932
v 0.154656 -0.562482 -0.471532
v 0.162256 -0.572281 -0.442132
v 0.060556 -0.518782 -0.456232
v 0.071956 -0.530382 -0.429732
v -0.022144 -0.477282 -0.436032
v -0.004944 -0.492082 -0.413732
v 1.480756 -0.955382 -0.387832
v 1.580356 -0.971582 -0.358032
v 1.371956 -0.934981 -0.415532
v 1.255556 -0.910482 -0.440732
v 1.132856 -0.881882 -0.463232
v 1.005656 -0.849481 -0.482532
v 0.875856 -0.813681 -0.498232
v 0.745356 -0.774681 -0.509832
v 0.616056 -0.732782 -0.517132
v 0.489456 -0.688781 -0.519732
v 0.367456 -0.643181 -0.517532
v 0.251856 -0.596681 -0.510432
v 0.144256 -0.549981 -0.498332
v 0.045956 -0.503882 -0.480832
v -0.041944 -0.459082 -0.457832
v 1.502656 -0.951981 -0.402832
v 1.607356 -0.968582 -0.370632
v 1.389356 -0.931081 -0.432932
v 1.268956 -0.905882 -0.460232
v 1.142956 -0.876582 -0.484532
v 1.012956 -0.843481 -0.505332
v 0.880656 -0.806882 -0.522232
v 0.747856 -0.767081 -0.534732
v 0.616256 -0.724382 -0.542732
v 0.487256 -0.679282 -0.545732
v 0.362756 -0.632382 -0.543532
v 0.244156 -0.584381 -0.536032
v 0.133256 -0.535782 -0.522832
v 0.031256 -0.487282 -0.504032
v -0.060344 -0.439481 -0.479232
v 1.522756 -0.947281 -0.417232
v 1.631356 -0.963781 -0.383132
v 1.405856 -0.925981 -0.449032
v 1.282156 -0.900381 -0.477932
v 1.153056 -0.870481 -0.503632
v 1.020356 -0.836781 -0.525632
v 0.885656 -0.799482 -0.543532
v 0.750556 -0.758881 -0.556932
v 0.616656 -0.715181 -0.565532
v 0.485456 -0.668981 -0.569032
v 0.358556 -0.620881 -0.567032
v 0.237456 -0.571381 -0.559332
v 0.123856 -0.520981 -0.545732
v 0.019056 -0.470282 -0.526032
v -0.075244 -0.419782 -0.500232
v 1.539756 -0.940781 -0.431532
v 1.651056 -0.957182 -0.396232
v 1.420056 -0.919481 -0.464432
v 1.293756 -0.893582 -0.494432
v 1.162356 -0.863382 -0.521032
v 1.027456 -0.829182 -0.543932
v 0.890656 -0.791181 -0.562632
v 0.753556 -0.749881 -0.576732
v 0.617756 -0.705382 -0.585932
v 0.484656 -0.658182 -0.589932
v 0.355756 -0.608882 -0.588332
v 0.232856 -0.557981 -0.580832
v 0.117256 -0.505982 -0.567232
v 0.010656 -0.453482 -0.547332
v -0.085444 -0.400982 -0.521132
v 1.552156 -0.932582 -0.446032
v 1.665156 -0.948781 -0.410232
v 1.430956 -0.911381 -0.479432
v 1.302956 -0.885481 -0.510032
v 1.170056 -0.854982 -0.537232
v 1.033656 -0.820382 -0.560732
v 0.895356 -0.781982 -0.580032
v 0.756856 -0.740081 -0.594732
v 0.619656 -0.694882 -0.604432
v 0.485256 -0.646982 -0.608932
v 0.355256 -0.596781 -0.607732
v 0.231056 -0.544881 -0.600732
v 0.114356 -0.491682 -0.587532
v 0.006756 -0.437682 -0.567932
v -0.090144 -0.383582 -0.542032
v 1.672656 -0.938481 -0.425232
v 1.559056 -0.922681 -0.460932
v 1.437256 -0.901581 -0.494432
v 1.308756 -0.875682 -0.525132
v 1.175156 -0.845182 -0.552632
v 1.038256 -0.810382 -0.576432
v 0.899556 -0.771681 -0.596132
v 0.760556 -0.729381 -0.611232
v 0.622856 -0.683881 -0.621432
v 0.488056 -0.635581 -0.626332
v 0.357556 -0.584881 -0.625632
v 0.233156 -0.532282 -0.619232
v 0.116256 -0.478382 -0.606732
v 0.008556 -0.423582 -0.588032
v -0.088444 -0.368582 -0.562932
v 1.559656 -0.910881 -0.476532
v 1.672756 -0.926381 -0.441432
v 1.438256 -0.889981 -0.509632
v 1.310256 -0.864181 -0.540032
v 1.177256 -0.833782 -0.567332
v 1.040956 -0.798982 -0.591132
v 0.902856 -0.760281 -0.611032
v 0.764456 -0.717981 -0.626332
v 0.627456 -0.672582 -0.636832
v 0.493256 -0.624181 -0.642132
v 0.363456 -0.573481 -0.642132
v 0.239656 -0.520781 -0.636432
v 0.123456 -0.466682 -0.624932
v 0.016356 -0.411682 -0.607432
v -0.079944 -0.356382 -0.583732
v 1.554556 -0.897381 -0.492432
v 1.666156 -0.912881 -0.458332
v 1.434656 -0.876782 -0.524532
v 1.308256 -0.851181 -0.554332
v 1.176856 -0.820981 -0.581232
v 1.042056 -0.786481 -0.604732
v 0.905456 -0.747981 -0.624532
v 0.768656 -0.705981 -0.639932
v 0.633156 -0.660782 -0.650632
v 0.500456 -0.612781 -0.656432
v 0.372256 -0.562381 -0.657032
v 0.249956 -0.509982 -0.652232
v 0.135156 -0.456282 -0.641932
v 0.029556 -0.401682 -0.625932
v -0.065344 -0.346882 -0.604132
v 1.653956 -0.897881 -0.475632
v 1.544856 -0.882582 -0.508132
v 1.427656 -0.862081 -0.539132
v 1.303756 -0.836781 -0.567932
v 1.174756 -0.806882 -0.594132
v 1.042256 -0.772682 -0.617232
v 0.907956 -0.734582 -0.636732
v 0.773256 -0.692982 -0.652232
v 0.639856 -0.648281 -0.663032
v 0.509256 -0.600782 -0.669132
v 0.383156 -0.551082 -0.670332
v 0.263056 -0.499582 -0.666532
v 0.150556 -0.446782 -0.657432
v 0.047156 -0.393282 -0.643132
v -0.045644 -0.339682 -0.623432
v 1.637056 -0.881781 -0.492732
v 1.531856 -0.866481 -0.523332
v 1.418356 -0.846182 -0.552832
v 1.297956 -0.821082 -0.580632
v 1.172056 -0.791481 -0.606032
v 1.042356 -0.757582 -0.628632
v 0.910556 -0.719881 -0.647832
v 0.778356 -0.678681 -0.663132
v 0.647356 -0.634581 -0.674132
v 0.519156 -0.587881 -0.680432
v 0.395556 -0.539081 -0.682232
v 0.278156 -0.488782 -0.679132
v 0.168556 -0.437582 -0.671332
v 0.068156 -0.385882 -0.658532
v -0.021644 -0.334382 -0.641132
v 1.617056 -0.864581 -0.509032
v 1.516956 -0.849382 -0.537632
v 1.408156 -0.829182 -0.565532
v 1.291856 -0.804181 -0.592132
v 1.169556 -0.774681 -0.616832
v 1.042856 -0.740981 -0.638832
v 0.913756 -0.703581 -0.657832
v 0.784056 -0.662881 -0.673032
v 0.655456 -0.619382 -0.683932
v 0.529756 -0.573481 -0.690532
v 0.408756 -0.525881 -0.692632
v 0.294256 -0.477182 -0.690232
v 0.187856 -0.428082 -0.683232
v 0.091156 -0.378882 -0.672032
v 0.005356 -0.330182 -0.656732
v 1.596456 -0.846981 -0.523832
v 1.502956 -0.831782 -0.550132
v 1.399456 -0.811482 -0.576632
v 1.287456 -0.786182 -0.602232
v 1.168556 -0.756482 -0.626332
v 1.044756 -0.722782 -0.647932
v 0.918056 -0.685481 -0.666632
v 0.790456 -0.645081 -0.681732
v 0.663956 -0.602081 -0.692632
v 0.540356 -0.556981 -0.699232
v 0.421656 -0.510682 -0.701632
v 0.309856 -0.463782 -0.699532
v 0.206656 -0.417082 -0.693232
v 0.113856 -0.370982 -0.683132
v 0.032956 -0.326182 -0.669932
v 1.579556 -0.830181 -0.535732
v 1.493356 -0.814481 -0.560032
v 1.394956 -0.793281 -0.585432
v 1.286356 -0.767281 -0.610532
v 1.170256 -0.736982 -0.634232
v 1.048656 -0.702881 -0.655632
v 0.923756 -0.665382 -0.674232
v 0.797756 -0.624982 -0.689232
v 0.672756 -0.582281 -0.700032
v 0.550656 -0.537981 -0.706732
v 0.433556 -0.492782 -0.709132
v 0.323456 -0.447582 -0.707232
v 0.222556 -0.403282 -0.701132
v 0.132956 -0.360782 -0.691632
v 0.057156 -0.320882 -0.679732
v 1.514556 -0.974781 -0.316432
v 1.436556 -0.962181 -0.331532
v 1.339056 -0.944182 -0.348432
v 1.230456 -0.921682 -0.365132
v 1.113956 -0.894881 -0.380532
v 0.991856 -0.864082 -0.394232
v 0.866356 -0.829682 -0.405532
v 0.739856 -0.792081 -0.413932
v 0.614356 -0.751681 -0.419032
v 0.491856 -0.709282 -0.421032
v 0.374656 -0.665681 -0.419832
v 0.264756 -0.621581 -0.415832
v 0.164356 -0.578181 -0.409132
v 0.075956 -0.536781 -0.400332
v 0.006756 -0.501981 -0.391232
v 0.054756 -0.531381 -0.326232
v 0.069156 -0.536581 -0.366132
v -0.007544 -0.496881 -0.361632
v -0.027544 -0.487682 -0.324432
v 0.148756 -0.576781 -0.329332
v 0.159256 -0.579382 -0.371532
v 0.252956 -0.622882 -0.332332
v 0.260856 -0.623681 -0.376232
v 0.365756 -0.668981 -0.334232
v 0.371556 -0.668382 -0.379132
v 0.485456 -0.714081 -0.334532
v 0.489456 -0.712582 -0.379832
v 0.610156 -0.757582 -0.332932
v 0.612556 -0.755282 -0.378032
v 0.737756 -0.798782 -0.329132
v 0.738656 -0.795881 -0.373632
v 0.866456 -0.836981 -0.322832
v 0.865856 -0.833681 -0.366232
v 0.994356 -0.871781 -0.314532
v 0.991956 -0.868182 -0.356532
v 1.119456 -0.902882 -0.304732
v 1.114956 -0.898981 -0.344832
v 1.239556 -0.929982 -0.293832
v 1.232556 -0.925781 -0.331732
v 1.352856 -0.952582 -0.282532
v 1.342556 -0.948182 -0.317932
v 1.457356 -0.970581 -0.271832
v 1.442356 -0.965981 -0.304532
v 1.551556 -0.984081 -0.262732
v 1.529456 -0.979181 -0.292932
v 0.037056 -0.523481 -0.281232
v -0.050444 -0.475882 -0.281032
v 0.135156 -0.571782 -0.282732
v 0.242756 -0.620082 -0.284532
v 0.358456 -0.667781 -0.285632
v 0.480656 -0.714182 -0.285632
v 0.607456 -0.758782 -0.284232
v 0.737156 -0.800681 -0.281032
v 0.868056 -0.839581 -0.275832
v 0.998356 -0.874982 -0.268932
v 1.126156 -0.906481 -0.260832
v 1.249656 -0.933881 -0.252032
v 1.366956 -0.956881 -0.242932
v 1.476756 -0.975181 -0.234432
v 1.577456 -0.988881 -0.227132
v 0.019056 -0.514382 -0.231932
v -0.072444 -0.463482 -0.232332
v 0.120956 -0.565482 -0.232432
v 0.231956 -0.615981 -0.233332
v 0.350656 -0.665582 -0.233832
v 0.475456 -0.713381 -0.233732
v 0.604656 -0.759081 -0.232632
v 0.736756 -0.801881 -0.230032
v 0.870156 -0.841482 -0.225932
v 1.003056 -0.877482 -0.220332
v 1.133856 -0.909582 -0.213932
v 1.260856 -0.937381 -0.207032
v 1.382356 -0.960682 -0.199932
v 1.496856 -0.979282 -0.193232
v 1.602856 -0.992881 -0.187532
v 0.003256 -0.505681 -0.178832
v -0.091144 -0.452082 -0.179432
v 0.108056 -0.559081 -0.178932
v 0.221856 -0.611682 -0.179332
v 0.343256 -0.662782 -0.179632
v 0.470556 -0.711981 -0.179432
v 0.602156 -0.758782 -0.178632
v 0.736656 -0.802482 -0.176732
v 0.872356 -0.842882 -0.173532
v 1.007956 -0.879481 -0.169432
v 1.141556 -0.911981 -0.164532
v 1.271656 -0.940181 -0.159332
v 1.396656 -0.963682 -0.154032
v 1.514956 -0.982381 -0.149032
v 1.624956 -0.995881 -0.144732
v -0.009144 -0.498382 -0.122832
v -0.105444 -0.442582 -0.123132
v 0.097756 -0.553582 -0.122932
v 0.213656 -0.607681 -0.123132
v 0.337056 -0.660181 -0.123332
v 0.466356 -0.710482 -0.123332
v 0.600056 -0.758181 -0.122732
v 0.736656 -0.802682 -0.121532
v 0.874456 -0.843681 -0.119432
v 1.012156 -0.880782 -0.116532
v 1.148156 -0.913681 -0.113232
v 1.280656 -0.942181 -0.109632
v 1.408356 -0.965881 -0.106032
v 1.529356 -0.984481 -0.102632
v 1.642156 -0.997781 -0.099632
v -0.017144 -0.493182 -0.064732
v -0.114544 -0.436082 -0.064532
v 0.090956 -0.549581 -0.065032
v 0.208156 -0.604782 -0.065432
v 0.332856 -0.658081 -0.065632
v 0.463556 -0.709181 -0.065832
v 0.598656 -0.757481 -0.065632
v 0.736656 -0.802581 -0.065032
v 0.876056 -0.844082 -0.063932
v 1.015256 -0.881482 -0.062432
v 1.152756 -0.914682 -0.060632
v 1.286956 -0.943282 -0.058632
v 1.416256 -0.967081 -0.056532
v 1.538956 -0.985582 -0.054532
v 1.653356 -0.998681 -0.052632
v -0.019944 -0.491082 -0.005432
v -0.117644 -0.433582 -0.004632
v 0.088556 -0.547881 -0.006132
v 0.206256 -0.603481 -0.006732
v 0.331456 -0.657181 -0.007232
v 0.462556 -0.708481 -0.007532
v 0.598256 -0.757081 -0.007732
v 0.736756 -0.802381 -0.007732
v 0.876656 -0.843981 -0.007732
v 1.016456 -0.881581 -0.007532
v 1.154556 -0.914882 -0.007232
v 1.289356 -0.943581 -0.006832
v 1.419156 -0.967281 -0.006232
v 1.542556 -0.985782 -0.005532
v 1.657256 -0.998782 -0.004732
v -0.016944 -0.492682 0.053768
v -0.114344 -0.435582 0.055168
v 0.091156 -0.549081 0.052668
v 0.208356 -0.604282 0.051968
v 0.333056 -0.657682 0.051368
v 0.463756 -0.708782 0.050768
v 0.598856 -0.757081 0.050268
v 0.736856 -0.802181 0.049568
v 0.876156 -0.843582 0.048568
v 1.015456 -0.881081 0.047368
v 1.152956 -0.914281 0.046168
v 1.287156 -0.942881 0.045068
v 1.416356 -0.966581 0.044068
v 1.539156 -0.985082 0.043368
v 1.653356 -0.998082 0.043068
v -0.008744 -0.497382 0.111868
v -0.105044 -0.441581 0.113768
v 0.098156 -0.552581 0.110568
v 0.214056 -0.606781 0.109768
v 0.337456 -0.659281 0.109068
v 0.466756 -0.709581 0.108368
v 0.600356 -0.757281 0.107468
v 0.736956 -0.801881 0.106168
v 0.874756 -0.842781 0.104168
v 1.012456 -0.879882 0.101668
v 1.148456 -0.912881 0.098968
v 1.280956 -0.941281 0.096168
v 1.408656 -0.964882 0.093668
v 1.529756 -0.983482 0.091468
v 1.642356 -0.996581 0.089968
v 0.003856 -0.504182 0.167868
v -0.090544 -0.450482 0.169968
v 0.108656 -0.557681 0.166668
v 0.222456 -0.610282 0.166068
v 0.343756 -0.661481 0.165468
v 0.470956 -0.710682 0.164768
v 0.602656 -0.757481 0.163468
v 0.737056 -0.801282 0.161468
v 0.872856 -0.841581 0.158468
v 1.008356 -0.878182 0.154668
v 1.141956 -0.910681 0.150368
v 1.272056 -0.938781 0.145968
v 1.397056 -0.962282 0.141668
v 1.515456 -0.980781 0.137968
v 1.625356 -0.994281 0.135068
v 0.019756 -0.512381 0.220968
v -0.071644 -0.461382 0.222768
v 0.121656 -0.563582 0.220368
v 0.232656 -0.614181 0.220168
v 0.351256 -0.663681 0.219968
v 0.476056 -0.711582 0.219268
v 0.605356 -0.757281 0.217768
v 0.737456 -0.800182 0.215068
v 0.870756 -0.839781 0.211068
v 1.003656 -0.875682 0.205868
v 1.134456 -0.907781 0.199968
v 1.261456 -0.935481 0.193768
v 1.382956 -0.958782 0.187668
v 1.497556 -0.977281 0.182168
v 1.603556 -0.990781 0.177768
v 0.037956 -0.520981 0.270468
v -0.049444 -0.473282 0.271468
v 0.136056 -0.569281 0.270868
v 0.243656 -0.617681 0.271668
v 0.359356 -0.665481 0.272068
v 0.481456 -0.711981 0.271468
v 0.608256 -0.756482 0.269768
v 0.737956 -0.798482 0.266468
v 0.868856 -0.837282 0.261368
v 0.999056 -0.872681 0.254768
v 1.126956 -0.904182 0.247168
v 1.250356 -0.931581 0.239068
v 1.367756 -0.954382 0.230868
v 1.477556 -0.972681 0.223368
v 1.578356 -0.986282 0.217368
v 0.055856 -0.528381 0.315668
v -0.026344 -0.484582 0.315068
v 0.149856 -0.573882 0.317668
v 0.253956 -0.620082 0.319868
v 0.366856 -0.666082 0.321068
v 0.486556 -0.711281 0.320868
v 0.611156 -0.754781 0.318968
v 0.738756 -0.795982 0.314968
v 0.867456 -0.834181 0.308768
v 0.995356 -0.868981 0.300768
v 1.120356 -0.900082 0.291468
v 1.240556 -0.927081 0.281268
v 1.353756 -0.949681 0.270768
v 1.458356 -0.967682 0.261068
v 1.552556 -0.981081 0.253068
v 0.070456 -0.533081 0.355868
v -0.006244 -0.493382 0.352368
v 0.160556 -0.575882 0.360368
v 0.262056 -0.620282 0.364268
v 0.372756 -0.665081 0.366568
v 0.490656 -0.709181 0.366768
v 0.613656 -0.751981 0.364668
v 0.739756 -0.792581 0.360068
v 0.866956 -0.830382 0.352868
v 0.993156 -0.864781 0.343368
v 1.116156 -0.895682 0.332068
v 1.233756 -0.922382 0.319668
v 1.343756 -0.944781 0.306568
v 1.443556 -0.962582 0.294068
v 1.530656 -0.975681 0.283468
vn -0.5886 -0.7998 0.1181
vn -0.5886 -0.7997 0.1182
vn -0.5887 -0.7997 0.1182
vn -0.6278 -0.7610 0.1636
vn -0.6642 -0.7168 0.2121
vn -0.6974 -0.6658 0.2653
vn -0.7241 -0.6100 0.3220
vn -0.7422 -0.5500 0.3828
vn -0.7422 -0.5501 0.3828
vn -0.7423 -0.5500 0.3828
vn -0.7492 -0.4880 0.4479
vn -0.6150 -0.7842 0.0826
vn -0.6650 -0.7368 0.1223
vn -0.6651 -0.7367 0.1223
vn -0.7126 -0.6810 0.1686
vn -0.7553 -0.6173 0.2201
vn -0.7898 -0.5480 0.2756
vn -0.8133 -0.4746 0.3365
vn -0.8228 -0.4009 0.4027
vn -0.8228 -0.4010 0.4027
vn -0.8229 -0.4009 0.4027
vn -0.6377 -0.7683 0.0553
vn -0.6964 -0.7124 0.0865
vn -0.7536 -0.6451 0.1263
vn -0.7536 -0.6450 0.1263
vn -0.8053 -0.5670 0.1731
vn -0.8462 -0.4828 0.2253
vn -0.8732 -0.3954 0.2850
vn -0.8732 -0.3953 0.2850
vn -0.8834 -0.3098 0.3517
vn -0.6575 -0.7527 0.0338
vn -0.6576 -0.7526 0.0338
vn -0.7228 -0.6887 0.0564
vn -0.7228 -0.6887 0.0570
vn -0.7877 -0.6097 0.0881
vn -0.8300 -0.5426 0.1289
vn -0.8460 -0.5178 0.1271
vn -0.8350 -0.5358 0.1256
vn -0.6737 -0.7388 0.0185
vn -0.7352 -0.6764 0.0446
vn -0.7441 -0.6672 0.0346
vn -0.7334 -0.6783 0.0452
vn -0.6855 -0.7280 0.0086
vn -0.6855 -0.7281 0.0086
vn -0.6875 -0.7261 0.0093
vn -0.6894 -0.7244 0.0047
vn -0.4120 -0.0726 0.9083
vn -0.4119 -0.0726 0.9083
vn -0.4289 0.0061 0.9033
vn -0.4456 0.0667 0.8928
vn -0.4456 0.0667 0.8927
vn -0.4946 -0.1301 0.8593
vn -0.5248 -0.0378 0.8504
vn -0.5248 -0.0377 0.8504
vn -0.5486 0.0418 0.8350
vn -0.5486 0.0418 0.8351
vn -0.5686 0.1062 0.8157
vn -0.5685 -0.1882 0.8009
vn -0.6132 -0.0898 0.7848
vn -0.6468 0.0042 0.7626
vn -0.6472 0.0039 0.7623
vn -0.6723 0.0860 0.7353
vn -0.6328 -0.2477 0.7336
vn -0.6894 -0.1459 0.7095
vn -0.6894 -0.1459 0.7096
vn -0.7333 -0.0434 0.6785
vn -0.7334 -0.0434 0.6785
vn -0.7636 0.0525 0.6435
vn -0.7636 0.0529 0.6435
vn -0.6838 -0.3067 0.6621
vn -0.6838 -0.3067 0.6620
vn -0.7491 -0.2040 0.6302
vn -0.8004 -0.0975 0.5914
vn -0.8352 0.0066 0.5500
vn -0.8351 0.0066 0.5500
vn -0.7206 -0.3662 0.5887
vn -0.7916 -0.2661 0.5500
vn -0.8481 -0.1610 0.5048
vn -0.8874 -0.0558 0.4577
vn -0.8874 -0.0558 0.4576
vn -0.4108 -0.0549 -0.9101
vn -0.4108 -0.0550 -0.9101
vn -0.4967 -0.1156 -0.8602
vn -0.5732 -0.1768 -0.8001
vn -0.6396 -0.2393 -0.7305
vn -0.6918 -0.3010 -0.6564
vn -0.7288 -0.3625 -0.5809
vn -0.7288 -0.3625 -0.5808
vn -0.7503 -0.4245 -0.5068
vn -0.4260 0.0261 -0.9043
vn -0.5251 -0.0202 -0.8508
vn -0.6165 -0.0753 -0.7838
vn -0.6165 -0.0753 -0.7837
vn -0.6950 -0.1346 -0.7063
vn -0.7561 -0.1956 -0.6246
vn -0.7991 -0.2603 -0.5420
vn -0.8233 -0.3282 -0.4631
vn -0.4415 0.0881 -0.8929
vn -0.5471 0.0615 -0.8348
vn -0.6485 0.0209 -0.7609
vn -0.7371 -0.0296 -0.6751
vn -0.8058 -0.0868 -0.5858
vn -0.8541 -0.1532 -0.4970
vn -0.8814 -0.2273 -0.4140
vn -0.8815 -0.2273 -0.4140
vn -0.4569 0.1361 -0.8790
vn -0.5658 0.1271 -0.8147
vn -0.6717 0.1047 -0.7334
vn -0.6716 0.1047 -0.7334
vn -0.6716 0.1047 -0.7335
vn -0.7652 0.0683 -0.6401
vn -0.7652 0.0684 -0.6401
vn -0.7653 0.0684 -0.6401
vn -0.8384 0.0193 -0.5447
vn -0.8916 -0.0464 -0.4504
vn -0.9233 -0.1262 -0.3628
vn -0.5894 -0.8009 -0.1057
vn -0.5893 -0.8010 -0.1057
vn -0.6152 -0.7853 -0.0702
vn -0.6152 -0.7852 -0.0702
vn -0.6152 -0.7853 -0.0701
vn -0.6376 -0.7691 -0.0433
vn -0.6375 -0.7692 -0.0433
vn -0.6571 -0.7535 -0.0223
vn -0.6732 -0.7394 -0.0075
vn -0.6850 -0.7285 0.0020
vn -0.6883 -0.7254 0.0053
vn -0.6886 -0.7251 0.0024
vn -0.6916 -0.7223 0.0054
vn -0.6916 -0.7223 0.0049
vn -0.6296 -0.7621 -0.1512
vn -0.6662 -0.7376 -0.1099
vn -0.6969 -0.7133 -0.0743
vn -0.6968 -0.7134 -0.0743
vn -0.7227 -0.6897 -0.0450
vn -0.7229 -0.6895 -0.0453
vn -0.7439 -0.6679 -0.0234
vn -0.6670 -0.7177 -0.1998
vn -0.7147 -0.6818 -0.1563
vn -0.7551 -0.6456 -0.1141
vn -0.7885 -0.6103 -0.0763
vn -0.7013 -0.6663 -0.2533
vn -0.7585 -0.6175 -0.2080
vn -0.8078 -0.5670 -0.1612
vn -0.8478 -0.5176 -0.1155
vn -0.7292 -0.6098 -0.3104
vn -0.7943 -0.5473 -0.2639
vn -0.8498 -0.4818 -0.2137
vn -0.8869 -0.4347 -0.1563
vn -0.8937 -0.4184 -0.1620
vn -0.8797 -0.4489 -0.1571
vn -0.7484 -0.5493 -0.3718
vn -0.8188 -0.4729 -0.3254
vn -0.8778 -0.3929 -0.2740
vn -0.7424 -0.4268 0.5164
vn -0.7424 -0.4268 0.5163
vn -0.8162 -0.3321 0.4728
vn -0.8755 -0.2327 0.4234
vn -0.9174 -0.1303 0.3761
vn -0.9188 -0.1327 0.3717
vn -0.9161 -0.1290 0.3795
vn -0.7563 -0.4863 -0.4376
vn -0.8293 -0.3981 -0.3922
vn -0.8888 -0.3058 -0.3414
vn -0.9334 -0.2149 -0.2872
vn -0.5282 -0.8412 0.1161
vn -0.5282 -0.8411 0.1161
vn -0.5558 -0.8156 0.1611
vn -0.5823 -0.7866 0.2054
vn -0.6088 -0.7519 0.2532
vn -0.6088 -0.7518 0.2532
vn -0.6087 -0.7519 0.2532
vn -0.6329 -0.7108 0.3070
vn -0.6520 -0.6654 0.3636
vn -0.6641 -0.6165 0.4230
vn -0.6673 -0.5646 0.4856
vn -0.6674 -0.5646 0.4857
vn -0.6673 -0.5646 0.4857
vn -0.6673 -0.5647 0.4856
vn -0.5466 -0.8337 0.0788
vn -0.5465 -0.8337 0.0787
vn -0.5637 -0.8243 0.0530
vn -0.5804 -0.8136 0.0332
vn -0.5951 -0.8034 0.0173
vn -0.5951 -0.8035 0.0173
vn -0.6102 -0.7922 0.0073
vn -0.6129 -0.7902 0.0021
vn -0.6072 -0.7945 0.0070
vn -0.6173 -0.7867 0.0036
vn -0.6188 -0.7855 0.0017
vn -0.6200 -0.7846 0.0030
vn -0.6198 -0.7847 0.0073
vn -0.3205 -0.1020 0.9417
vn -0.3204 -0.1020 0.9418
vn -0.3205 -0.1019 0.9418
vn -0.3237 -0.0230 0.9459
vn -0.3237 -0.0231 0.9459
vn -0.3328 0.0331 0.9424
vn -0.3640 0.0464 0.9302
vn -0.3898 -0.1670 0.9056
vn -0.4526 -0.2256 0.8627
vn -0.5123 -0.2832 0.8108
vn -0.5660 -0.3433 0.7495
vn -0.6089 -0.4010 0.6844
vn -0.6402 -0.4567 0.6178
vn -0.6597 -0.5113 0.5508
vn -0.3179 -0.0843 -0.9444
vn -0.3179 -0.0844 -0.9444
vn -0.3903 -0.1528 -0.9079
vn -0.4558 -0.2144 -0.8639
vn -0.5177 -0.2748 -0.8102
vn -0.5732 -0.3378 -0.7465
vn -0.6172 -0.3978 -0.6789
vn -0.6486 -0.4551 -0.6100
vn -0.6679 -0.5105 -0.5416
vn -0.6679 -0.5106 -0.5416
vn -0.3193 -0.0028 -0.9477
vn -0.3193 -0.0028 -0.9476
vn -0.3275 0.0547 -0.9433
vn -0.3398 0.0990 -0.9353
vn -0.3858 0.0839 -0.9188
vn -0.3858 0.0839 -0.9187
vn -0.5289 -0.8424 -0.1034
vn -0.5288 -0.8424 -0.1034
vn -0.5466 -0.8348 -0.0661
vn -0.5466 -0.8348 -0.0662
vn -0.5633 -0.8252 -0.0407
vn -0.5798 -0.8145 -0.0215
vn -0.5944 -0.8041 -0.0061
vn -0.6065 -0.7951 0.0037
vn -0.6107 -0.7918 0.0076
vn -0.6114 -0.7913 0.0047
vn -0.6173 -0.7866 0.0094
vn -0.6183 -0.7859 0.0068
vn -0.5573 -0.8169 -0.1487
vn -0.5847 -0.7879 -0.1931
vn -0.6122 -0.7531 -0.2410
vn -0.6374 -0.7117 -0.2953
vn -0.6575 -0.6659 -0.3525
vn -0.6575 -0.6659 -0.3524
vn -0.6706 -0.6166 -0.4124
vn -0.6747 -0.5643 -0.4757
vn 0.2328 -0.2300 0.9449
vn 0.2521 -0.1941 0.9480
vn 0.2768 -0.1022 0.9555
vn 0.2707 -0.1060 0.9568
vn 0.2745 -0.1039 0.9560
vn 0.2029 -0.2193 0.9543
vn 0.2029 -0.2194 0.9543
vn 0.2209 -0.1794 0.9587
vn 0.2684 -0.1058 0.9575
vn 0.1740 -0.2099 0.9621
vn 0.1740 -0.2100 0.9621
vn 0.1908 -0.1684 0.9671
vn 0.2087 -0.0967 0.9732
vn 0.1993 -0.0983 0.9750
vn 0.2056 -0.0975 0.9738
vn 0.1457 -0.2001 0.9689
vn 0.1457 -0.2002 0.9689
vn 0.1617 -0.1584 0.9740
vn 0.1966 -0.0956 0.9758
vn 0.1183 -0.1902 0.9746
vn 0.1183 -0.1901 0.9746
vn 0.1334 -0.1485 0.9799
vn 0.1487 -0.0626 0.9869
vn 0.1500 -0.0625 0.9867
vn 0.1470 -0.0628 0.9871
vn 0.0915 -0.1790 0.9796
vn 0.0910 -0.1788 0.9797
vn 0.0911 -0.1789 0.9796
vn 0.0911 -0.1790 0.9796
vn 0.1054 -0.1372 0.9849
vn 0.1054 -0.1371 0.9849
vn 0.1457 -0.0623 0.9874
vn 0.0629 -0.1659 0.9841
vn 0.0631 -0.1661 0.9841
vn 0.0629 -0.1660 0.9841
vn 0.0628 -0.1656 0.9842
vn 0.0768 -0.1236 0.9894
vn 0.0768 -0.1235 0.9894
vn 0.0910 -0.0414 0.9950
vn 0.0851 -0.0406 0.9955
vn 0.0887 -0.0412 0.9952
vn 0.0330 -0.1508 0.9880
vn 0.0330 -0.1507 0.9880
vn 0.0467 -0.1079 0.9931
vn 0.0467 -0.1080 0.9930
vn 0.0467 -0.1080 0.9931
vn 0.0825 -0.0381 0.9959
vn 0.0030 -0.1344 0.9909
vn 0.0164 -0.0907 0.9957
vn 0.0250 -0.0587 0.9980
vn -0.0276 -0.1161 0.9929
vn -0.0148 -0.0710 0.9974
vn -0.0149 -0.0710 0.9974
vn -0.0063 -0.0189 0.9998
vn -0.0607 -0.0956 0.9936
vn -0.0486 -0.0488 0.9976
vn -0.0346 -0.0049 0.9994
vn -0.0347 -0.0048 0.9994
vn -0.0347 -0.0045 0.9994
vn -0.0981 -0.0733 0.9925
vn -0.0870 -0.0253 0.9959
vn -0.0871 -0.0253 0.9959
vn -0.0828 0.0126 0.9965
vn -0.0827 0.0126 0.9965
vn -0.1390 -0.0496 0.9890
vn -0.1390 -0.0496 0.9891
vn -0.1306 -0.0012 0.9914
vn -0.1312 0.0293 0.9909
vn -0.1854 -0.0252 0.9823
vn -0.1826 0.0215 0.9830
vn -0.1826 0.0215 0.9829
vn -0.1856 0.0517 0.9813
vn -0.1856 0.0518 0.9813
vn 0.2389 -0.2951 0.9251
vn 0.2633 -0.2512 0.9314
vn 0.2842 -0.2195 0.9333
vn 0.3639 -0.1250 0.9230
vn -0.2255 0.0492 0.9730
vn -0.2484 0.0365 0.9680
vn -0.2444 -0.0090 0.9696
vn -0.2502 -0.0735 0.9654
vn -0.2004 -0.0945 0.9751
vn -0.1597 -0.1197 0.9799
vn -0.1196 -0.1401 0.9829
vn -0.1196 -0.1402 0.9829
vn -0.0817 -0.1592 0.9839
vn -0.0478 -0.1766 0.9831
vn -0.0166 -0.1924 0.9812
vn -0.0166 -0.1926 0.9811
vn 0.0139 -0.2072 0.9782
vn 0.0442 -0.2210 0.9743
vn 0.0442 -0.2211 0.9742
vn 0.0441 -0.2213 0.9742
vn 0.0440 -0.2214 0.9742
vn 0.0724 -0.2340 0.9695
vn 0.0726 -0.2339 0.9695
vn 0.0993 -0.2455 0.9643
vn 0.0993 -0.2453 0.9643
vn 0.0994 -0.2456 0.9643
vn 0.1259 -0.2559 0.9585
vn 0.1260 -0.2561 0.9584
vn 0.1260 -0.2557 0.9585
vn 0.1537 -0.2667 0.9514
vn 0.1536 -0.2668 0.9514
vn 0.1537 -0.2669 0.9514
vn 0.1813 -0.2764 0.9438
vn 0.1813 -0.2765 0.9438
vn 0.1810 -0.2765 0.9438
vn 0.2094 -0.2829 0.9360
vn -0.1790 -0.0041 -0.9838
vn -0.1758 0.0431 -0.9835
vn -0.1787 0.0762 -0.9809
vn -0.1837 0.0597 -0.9812
vn -0.1838 0.0597 -0.9812
vn -0.1839 0.0597 -0.9811
vn -0.1327 -0.0294 -0.9907
vn -0.1239 0.0196 -0.9921
vn -0.1227 0.0525 -0.9911
vn -0.1426 0.0503 -0.9885
vn -0.0920 -0.0537 -0.9943
vn -0.0805 -0.0053 -0.9967
vn -0.0763 0.0276 -0.9967
vn -0.0772 0.0294 -0.9966
vn -0.0767 0.0289 -0.9966
vn -0.0776 0.0306 -0.9965
vn -0.0546 -0.0765 -0.9956
vn -0.0422 -0.0297 -0.9987
vn -0.0364 0.0029 -0.9993
vn -0.0393 0.0081 -0.9992
vn -0.0393 0.0090 -0.9992
vn -0.0421 0.0137 -0.9990
vn -0.0214 -0.0975 -0.9950
vn -0.0086 -0.0524 -0.9986
vn -0.0013 -0.0203 -0.9998
vn 0.0020 0.0001 -1.0000
vn 0.0018 0.0004 -1.0000
vn 0.0019 -0.0000 -1.0000
vn 0.0092 -0.1162 -0.9932
vn 0.0092 -0.1163 -0.9932
vn 0.0226 -0.0726 -0.9971
vn 0.0311 -0.0408 -0.9987
vn 0.0390 -0.0142 -0.9991
vn 0.0391 -0.0147 -0.9991
vn 0.0387 -0.0146 -0.9991
vn 0.0389 -0.0147 -0.9991
vn 0.0393 -0.1326 -0.9904
vn 0.0393 -0.1327 -0.9904
vn 0.0393 -0.1328 -0.9904
vn 0.0393 -0.1329 -0.9904
vn 0.0529 -0.0902 -0.9945
vn 0.0624 -0.0587 -0.9963
vn 0.0624 -0.0586 -0.9963
vn 0.0694 -0.0268 -0.9972
vn 0.0693 -0.0267 -0.9972
vn 0.0693 -0.0268 -0.9972
vn 0.0692 -0.1479 -0.9866
vn 0.0692 -0.1478 -0.9866
vn 0.0693 -0.1480 -0.9866
vn 0.0693 -0.1482 -0.9865
vn 0.0830 -0.1059 -0.9909
vn 0.0830 -0.1061 -0.9909
vn 0.0930 -0.0744 -0.9929
vn 0.0933 -0.0746 -0.9928
vn 0.0929 -0.0746 -0.9929
vn 0.1053 -0.0449 -0.9934
vn 0.1053 -0.0446 -0.9934
vn 0.0977 -0.1614 -0.9820
vn 0.0977 -0.1611 -0.9821
vn 0.0977 -0.1613 -0.9821
vn 0.0977 -0.1616 -0.9820
vn 0.1120 -0.1193 -0.9865
vn 0.1117 -0.1188 -0.9866
vn 0.1230 -0.0881 -0.9885
vn 0.1229 -0.0883 -0.9885
vn 0.1229 -0.0882 -0.9885
vn 0.1228 -0.0882 -0.9885
vn 0.1322 -0.0552 -0.9897
vn 0.1317 -0.0553 -0.9897
vn 0.1252 -0.1721 -0.9771
vn 0.1252 -0.1720 -0.9771
vn 0.1252 -0.1722 -0.9771
vn 0.1403 -0.1303 -0.9815
vn 0.1520 -0.0998 -0.9833
vn 0.1520 -0.0996 -0.9833
vn 0.1800 -0.0491 -0.9824
vn 0.1799 -0.0490 -0.9825
vn 0.1530 -0.1816 -0.9714
vn 0.1530 -0.1814 -0.9714
vn 0.1689 -0.1396 -0.9757
vn 0.1815 -0.1095 -0.9773
vn 0.1947 -0.0511 -0.9795
vn 0.1818 -0.1908 -0.9646
vn 0.1818 -0.1908 -0.9647
vn 0.1985 -0.1490 -0.9687
vn 0.1985 -0.1489 -0.9687
vn 0.2121 -0.1193 -0.9699
vn 0.2515 -0.0561 -0.9662
vn 0.2546 -0.0566 -0.9654
vn 0.2588 -0.0549 -0.9644
vn 0.2111 -0.1996 -0.9569
vn 0.2292 -0.1590 -0.9603
vn 0.2440 -0.1307 -0.9609
vn 0.2618 -0.0532 -0.9637
vn 0.2416 -0.2096 -0.9475
vn 0.2610 -0.1728 -0.9497
vn 0.2776 -0.1459 -0.9496
vn 0.2776 -0.1459 -0.9495
vn 0.3928 0.0184 -0.9194
vn 0.3927 0.0185 -0.9195
vn 0.3928 0.0185 -0.9194
vn 0.3928 0.0184 -0.9195
vn -0.2456 -0.0538 -0.9679
vn -0.2385 0.0123 -0.9711
vn -0.2418 0.0585 -0.9686
vn -0.2497 0.0940 -0.9638
vn -0.2579 0.0660 -0.9639
vn 0.3293 -0.1511 -0.9321
vn 0.3293 -0.1511 -0.9320
vn 0.2939 -0.1961 -0.9355
vn 0.2724 -0.2292 -0.9345
vn 0.2476 -0.2763 -0.9286
vn 0.2182 -0.2645 -0.9394
vn 0.1894 -0.2585 -0.9473
vn 0.1615 -0.2489 -0.9550
vn 0.1616 -0.2489 -0.9550
vn 0.1333 -0.2386 -0.9619
vn 0.1336 -0.2386 -0.9619
vn 0.1332 -0.2391 -0.9618
vn 0.1335 -0.2385 -0.9619
vn 0.1062 -0.2278 -0.9679
vn 0.1065 -0.2282 -0.9678
vn 0.1063 -0.2281 -0.9678
vn 0.0794 -0.2164 -0.9731
vn 0.0790 -0.2164 -0.9731
vn 0.0791 -0.2163 -0.9731
vn 0.0791 -0.2164 -0.9731
vn 0.0504 -0.2039 -0.9777
vn 0.0504 -0.2038 -0.9777
vn 0.0505 -0.2036 -0.9778
vn 0.0505 -0.2037 -0.9777
vn 0.0201 -0.1896 -0.9817
vn -0.0101 -0.1747 -0.9846
vn -0.0102 -0.1752 -0.9845
vn -0.0105 -0.1747 -0.9846
vn -0.0419 -0.1587 -0.9864
vn -0.0419 -0.1586 -0.9864
vn -0.0419 -0.1586 -0.9865
vn -0.0761 -0.1409 -0.9871
vn -0.0761 -0.1410 -0.9871
vn -0.1143 -0.1215 -0.9860
vn -0.1546 -0.1008 -0.9828
vn -0.1955 -0.0750 -0.9778
vn -0.4713 -0.8588 0.2009
vn -0.4349 -0.8776 0.2016
vn -0.4019 -0.8933 0.2014
vn -0.4019 -0.8933 0.2013
vn -0.4019 -0.8932 0.2014
vn -0.3713 -0.9064 0.2014
vn -0.3713 -0.9064 0.2015
vn -0.3433 -0.9173 0.2016
vn -0.3433 -0.9174 0.2015
vn -0.3431 -0.9175 0.2014
vn -0.3174 -0.9265 0.2022
vn -0.3170 -0.9266 0.2024
vn -0.3171 -0.9266 0.2024
vn -0.3171 -0.9266 0.2023
vn -0.2910 -0.9347 0.2042
vn -0.2910 -0.9347 0.2043
vn -0.2646 -0.9419 0.2069
vn -0.2647 -0.9419 0.2069
vn -0.2393 -0.9480 0.2100
vn -0.2391 -0.9480 0.2100
vn -0.2392 -0.9481 0.2094
vn -0.2142 -0.9531 0.2139
vn -0.1886 -0.9575 0.2183
vn -0.1618 -0.9614 0.2225
vn -0.1338 -0.9649 0.2262
vn -0.1338 -0.9648 0.2262
vn -0.1038 -0.9680 0.2283
vn -0.4834 -0.8384 0.2520
vn -0.4414 -0.8598 0.2568
vn -0.4044 -0.8776 0.2576
vn -0.4044 -0.8775 0.2576
vn -0.3709 -0.8923 0.2573
vn -0.3406 -0.9045 0.2567
vn -0.3406 -0.9045 0.2568
vn -0.3120 -0.9146 0.2573
vn -0.3120 -0.9146 0.2572
vn -0.3120 -0.9146 0.2571
vn -0.2839 -0.9232 0.2591
vn -0.2837 -0.9235 0.2584
vn -0.2837 -0.9234 0.2586
vn -0.2839 -0.9232 0.2592
vn -0.2558 -0.9307 0.2615
vn -0.2558 -0.9307 0.2616
vn -0.2558 -0.9306 0.2619
vn -0.2285 -0.9369 0.2647
vn -0.2016 -0.9418 0.2689
vn -0.1739 -0.9460 0.2736
vn -0.1447 -0.9497 0.2778
vn -0.1139 -0.9531 0.2803
vn -0.0805 -0.9569 0.2792
vn -0.0805 -0.9568 0.2792
vn -0.4954 -0.8135 0.3046
vn -0.4480 -0.8375 0.3128
vn -0.4067 -0.8573 0.3156
vn -0.3699 -0.8737 0.3159
vn -0.3366 -0.8872 0.3156
vn -0.3054 -0.8982 0.3161
vn -0.3054 -0.8983 0.3160
vn -0.3054 -0.8982 0.3162
vn -0.2751 -0.9074 0.3179
vn -0.2751 -0.9074 0.3178
vn -0.2751 -0.9073 0.3179
vn -0.2752 -0.9074 0.3177
vn -0.2449 -0.9151 0.3204
vn -0.2156 -0.9214 0.3232
vn -0.2156 -0.9214 0.3233
vn -0.2156 -0.9215 0.3231
vn -0.1864 -0.9265 0.3270
vn -0.1566 -0.9305 0.3312
vn -0.1252 -0.9340 0.3345
vn -0.0918 -0.9377 0.3350
vn -0.0532 -0.9414 0.3331
vn -0.5056 -0.7836 0.3610
vn -0.4531 -0.8107 0.3708
vn -0.4076 -0.8327 0.3749
vn -0.4076 -0.8326 0.3749
vn -0.3674 -0.8505 0.3763
vn -0.3674 -0.8506 0.3763
vn -0.3310 -0.8650 0.3770
vn -0.3310 -0.8652 0.3768
vn -0.3310 -0.8651 0.3769
vn -0.3310 -0.8651 0.3770
vn -0.2970 -0.8768 0.3782
vn -0.2971 -0.8767 0.3784
vn -0.2970 -0.8768 0.3781
vn -0.2643 -0.8863 0.3803
vn -0.2642 -0.8864 0.3802
vn -0.2643 -0.8862 0.3804
vn -0.2644 -0.8862 0.3804
vn -0.2319 -0.8946 0.3820
vn -0.2319 -0.8945 0.3823
vn -0.2319 -0.8943 0.3827
vn -0.2319 -0.8944 0.3825
vn -0.2006 -0.9010 0.3847
vn -0.2006 -0.9009 0.3848
vn -0.1694 -0.9062 0.3874
vn -0.1374 -0.9104 0.3902
vn -0.1038 -0.9140 0.3921
vn -0.1038 -0.9141 0.3921
vn -0.0675 -0.9175 0.3920
vn -0.0217 -0.9203 0.3907
vn -0.0217 -0.9202 0.3907
vn -0.5125 -0.7503 0.4177
vn -0.4556 -0.7801 0.4289
vn -0.4556 -0.7801 0.4288
vn -0.4062 -0.8037 0.4347
vn -0.4062 -0.8038 0.4347
vn -0.3626 -0.8228 0.4377
vn -0.3230 -0.8380 0.4399
vn -0.3230 -0.8379 0.4399
vn -0.3230 -0.8378 0.4401
vn -0.2863 -0.8501 0.4420
vn -0.2511 -0.8600 0.4443
vn -0.2513 -0.8600 0.4442
vn -0.2512 -0.8600 0.4442
vn -0.2169 -0.8684 0.4460
vn -0.2169 -0.8683 0.4460
vn -0.1838 -0.8752 0.4475
vn -0.1508 -0.8808 0.4488
vn -0.1170 -0.8854 0.4498
vn -0.1170 -0.8854 0.4499
vn -0.0816 -0.8894 0.4498
vn -0.0420 -0.8925 0.4491
vn 0.0111 -0.8941 0.4478
vn -0.5149 -0.7136 0.4750
vn -0.4543 -0.7458 0.4872
vn -0.4543 -0.7459 0.4872
vn -0.4015 -0.7708 0.4946
vn -0.3548 -0.7904 0.4993
vn -0.3548 -0.7905 0.4993
vn -0.3548 -0.7904 0.4994
vn -0.3125 -0.8059 0.5028
vn -0.3125 -0.8060 0.5027
vn -0.3125 -0.8060 0.5028
vn -0.2734 -0.8184 0.5055
vn -0.2734 -0.8183 0.5056
vn -0.2736 -0.8182 0.5056
vn -0.2362 -0.8285 0.5078
vn -0.2362 -0.8285 0.5077
vn -0.2003 -0.8371 0.5090
vn -0.2003 -0.8371 0.5091
vn -0.2003 -0.8372 0.5090
vn -0.1657 -0.8442 0.5098
vn -0.1657 -0.8442 0.5097
vn -0.1312 -0.8503 0.5096
vn -0.1312 -0.8503 0.5097
vn -0.1312 -0.8504 0.5096
vn -0.1312 -0.8504 0.5095
vn -0.0960 -0.8555 0.5089
vn -0.0960 -0.8555 0.5088
vn -0.0592 -0.8599 0.5070
vn -0.0164 -0.8630 0.5050
vn -0.0164 -0.8629 0.5050
vn 0.0426 -0.8634 0.5027
vn 0.0426 -0.8635 0.5026
vn -0.5116 -0.6736 0.5334
vn -0.4481 -0.7081 0.5458
vn -0.4481 -0.7080 0.5458
vn -0.4481 -0.7080 0.5459
vn -0.3927 -0.7338 0.5543
vn -0.3927 -0.7339 0.5542
vn -0.3927 -0.7338 0.5544
vn -0.3928 -0.7338 0.5543
vn -0.3436 -0.7540 0.5598
vn -0.2992 -0.7698 0.5639
vn -0.2992 -0.7698 0.5638
vn -0.2584 -0.7823 0.5668
vn -0.2584 -0.7824 0.5666
vn -0.2584 -0.7824 0.5667
vn -0.2585 -0.7824 0.5667
vn -0.2198 -0.7927 0.5686
vn -0.1826 -0.8015 0.5695
vn -0.1829 -0.8012 0.5698
vn -0.1830 -0.8015 0.5693
vn -0.1467 -0.8089 0.5694
vn -0.1112 -0.8153 0.5683
vn -0.1112 -0.8152 0.5684
vn -0.1111 -0.8152 0.5685
vn -0.0751 -0.8207 0.5664
vn -0.0372 -0.8255 0.5632
vn 0.0079 -0.8289 0.5594
vn 0.0706 -0.8291 0.5546
vn -0.5012 -0.6307 0.5925
vn -0.4363 -0.6668 0.6042
vn -0.3794 -0.6935 0.6125
vn -0.3794 -0.6935 0.6124
vn -0.3288 -0.7138 0.6184
vn -0.2833 -0.7296 0.6224
vn -0.2833 -0.7296 0.6225
vn -0.2413 -0.7424 0.6250
vn -0.2019 -0.7530 0.6262
vn -0.2019 -0.7530 0.6263
vn -0.1640 -0.7618 0.6267
vn -0.1638 -0.7616 0.6270
vn -0.1639 -0.7617 0.6268
vn -0.1640 -0.7619 0.6266
vn -0.1273 -0.7693 0.6261
vn -0.0911 -0.7756 0.6247
vn -0.0911 -0.7756 0.6246
vn -0.0543 -0.7810 0.6222
vn -0.0544 -0.7811 0.6220
vn -0.0542 -0.7808 0.6224
vn -0.0161 -0.7860 0.6180
vn -0.0162 -0.7862 0.6178
vn -0.0161 -0.7861 0.6179
vn 0.0298 -0.7901 0.6122
vn 0.0298 -0.7900 0.6123
vn 0.0297 -0.7901 0.6123
vn 0.0296 -0.7899 0.6125
vn 0.0939 -0.7910 0.6045
vn 0.0939 -0.7911 0.6045
vn 0.0939 -0.7910 0.6046
vn 0.0940 -0.7909 0.6046
vn -0.4833 -0.5844 0.6519
vn -0.4179 -0.6211 0.6630
vn -0.3605 -0.6473 0.6716
vn -0.3605 -0.6474 0.6715
vn -0.3605 -0.6474 0.6716
vn -0.3093 -0.6669 0.6779
vn -0.3093 -0.6669 0.6780
vn -0.2631 -0.6821 0.6823
vn -0.2207 -0.6946 0.6847
vn -0.2208 -0.6947 0.6845
vn -0.2208 -0.6946 0.6846
vn -0.2208 -0.6946 0.6847
vn -0.1804 -0.7049 0.6860
vn -0.1808 -0.7052 0.6856
vn -0.1427 -0.7141 0.6853
vn -0.1427 -0.7142 0.6852
vn -0.1059 -0.7214 0.6844
vn -0.1059 -0.7217 0.6840
vn -0.1059 -0.7218 0.6840
vn -0.1058 -0.7217 0.6841
vn -0.0697 -0.7285 0.6815
vn -0.0330 -0.7345 0.6778
vn -0.0333 -0.7346 0.6777
vn -0.0332 -0.7346 0.6777
vn 0.0049 -0.7399 0.6727
vn 0.0494 -0.7456 0.6646
vn 0.1123 -0.7487 0.6533
vn -0.4575 -0.5341 0.7109
vn -0.3930 -0.5702 0.7214
vn -0.3358 -0.5948 0.7304
vn -0.2847 -0.6124 0.7375
vn -0.2385 -0.6261 0.7424
vn -0.1962 -0.6376 0.7450
vn -0.1962 -0.6376 0.7449
vn -0.1962 -0.6377 0.7449
vn -0.1565 -0.6480 0.7454
vn -0.1566 -0.6482 0.7452
vn -0.1564 -0.6480 0.7454
vn -0.1184 -0.6572 0.7443
vn -0.1184 -0.6573 0.7443
vn -0.1182 -0.6575 0.7441
vn -0.1186 -0.6573 0.7443
vn -0.0821 -0.6654 0.7420
vn -0.0822 -0.6654 0.7420
vn -0.0821 -0.6653 0.7420
vn -0.0467 -0.6730 0.7382
vn -0.0466 -0.6729 0.7382
vn -0.0467 -0.6730 0.7381
vn -0.0112 -0.6803 0.7329
vn 0.0255 -0.6870 0.7262
vn 0.0670 -0.6944 0.7165
vn 0.1266 -0.7001 0.7027
vn -0.4240 -0.4782 0.7691
vn -0.3616 -0.5126 0.7787
vn -0.3616 -0.5126 0.7788
vn -0.3057 -0.5350 0.7876
vn -0.2553 -0.5502 0.7950
vn -0.2097 -0.5619 0.8002
vn -0.1680 -0.5722 0.8027
vn -0.1291 -0.5822 0.8027
vn -0.1291 -0.5821 0.8028
vn -0.0915 -0.5918 0.8009
vn -0.0917 -0.5921 0.8006
vn -0.0917 -0.5922 0.8006
vn -0.0564 -0.6007 0.7975
vn -0.0564 -0.6005 0.7976
vn -0.0564 -0.6006 0.7975
vn -0.0225 -0.6095 0.7925
vn -0.0225 -0.6095 0.7924
vn -0.0225 -0.6096 0.7924
vn 0.0111 -0.6187 0.7855
vn 0.0111 -0.6187 0.7856
vn 0.0459 -0.6273 0.7774
vn 0.0842 -0.6358 0.7673
vn 0.1381 -0.6437 0.7527
vn -0.3834 -0.4155 0.8249
vn -0.3242 -0.4473 0.8336
vn -0.2705 -0.4673 0.8417
vn -0.2216 -0.4806 0.8485
vn -0.1775 -0.4904 0.8532
vn -0.1372 -0.4996 0.8553
vn -0.1372 -0.4997 0.8553
vn -0.0996 -0.5095 0.8547
vn -0.0996 -0.5094 0.8547
vn -0.0634 -0.5194 0.8522
vn -0.0633 -0.5193 0.8523
vn -0.0635 -0.5194 0.8522
vn -0.0634 -0.5193 0.8522
vn -0.0297 -0.5293 0.8479
vn 0.0023 -0.5398 0.8418
vn 0.0337 -0.5508 0.8340
vn 0.0663 -0.5611 0.8251
vn 0.1018 -0.5699 0.8154
vn 0.1480 -0.5793 0.8016
vn -0.3387 -0.3499 0.8734
vn -0.2828 -0.3758 0.8825
vn -0.2318 -0.3922 0.8902
vn -0.1852 -0.4042 0.8957
vn -0.1433 -0.4133 0.8992
vn -0.1433 -0.4133 0.8993
vn -0.1051 -0.4223 0.9003
vn -0.0693 -0.4324 0.8990
vn -0.0693 -0.4325 0.8990
vn -0.0347 -0.4431 0.8958
vn -0.0026 -0.4540 0.8910
vn -0.0026 -0.4539 0.8910
vn -0.0026 -0.4539 0.8911
vn 0.0273 -0.4655 0.8846
vn 0.0566 -0.4779 0.8766
vn 0.0869 -0.4899 0.8674
vn 0.1192 -0.5003 0.8576
vn 0.1575 -0.5111 0.8450
vn 0.1575 -0.5111 0.8449
vn -0.2911 -0.2787 0.9152
vn -0.2389 -0.2967 0.9246
vn -0.1916 -0.3106 0.9310
vn -0.1480 -0.3227 0.9349
vn -0.1088 -0.3330 0.9366
vn -0.1087 -0.3330 0.9367
vn -0.0732 -0.3432 0.9364
vn -0.0394 -0.3543 0.9343
vn -0.0393 -0.3540 0.9344
vn -0.0393 -0.3542 0.9343
vn -0.0394 -0.3544 0.9343
vn -0.0065 -0.3657 0.9307
vn -0.0064 -0.3655 0.9308
vn -0.0064 -0.3656 0.9307
vn 0.0238 -0.3774 0.9258
vn 0.0238 -0.3774 0.9257
vn 0.0238 -0.3773 0.9258
vn 0.0521 -0.3895 0.9195
vn 0.0521 -0.3895 0.9196
vn 0.0798 -0.4023 0.9120
vn 0.1083 -0.4150 0.9034
vn 0.1373 -0.4272 0.8937
vn 0.1687 -0.4401 0.8820
vn 0.1687 -0.4400 0.8820
vn -0.4964 -0.8558 0.1458
vn -0.4613 -0.8748 0.1480
vn -0.4300 -0.8908 0.1470
vn -0.4303 -0.8907 0.1468
vn -0.4303 -0.8907 0.1466
vn -0.4303 -0.8907 0.1467
vn -0.4007 -0.9042 0.1475
vn -0.4006 -0.9043 0.1477
vn -0.4007 -0.9042 0.1476
vn -0.4009 -0.9042 0.1475
vn -0.3722 -0.9162 0.1488
vn -0.3721 -0.9162 0.1488
vn -0.3722 -0.9161 0.1489
vn -0.3722 -0.9161 0.1490
vn -0.3454 -0.9263 0.1505
vn -0.3459 -0.9261 0.1505
vn -0.3453 -0.9263 0.1508
vn -0.3210 -0.9347 0.1525
vn -0.3210 -0.9347 0.1526
vn -0.3210 -0.9347 0.1524
vn -0.2964 -0.9425 0.1545
vn -0.2963 -0.9425 0.1547
vn -0.2964 -0.9425 0.1547
vn -0.2714 -0.9495 0.1573
vn -0.2714 -0.9495 0.1572
vn -0.2474 -0.9556 0.1600
vn -0.2472 -0.9557 0.1599
vn -0.2472 -0.9556 0.1602
vn -0.2237 -0.9609 0.1632
vn -0.2241 -0.9608 0.1631
vn -0.2242 -0.9608 0.1630
vn -0.2004 -0.9655 0.1662
vn -0.1753 -0.9699 0.1691
vn -0.1753 -0.9699 0.1690
vn -0.1753 -0.9699 0.1692
vn -0.1498 -0.9736 0.1722
vn -0.1235 -0.9765 0.1765
vn -0.0953 -0.9797 0.1762
vn -0.0719 -0.9722 0.2227
vn -0.0439 -0.9617 0.2704
vn -0.0439 -0.9618 0.2704
vn -0.0096 -0.9451 0.3267
vn 0.0290 -0.9207 0.3892
vn 0.0674 -0.8907 0.4496
vn 0.1020 -0.8576 0.5041
vn 0.1300 -0.8240 0.5515
vn 0.1510 -0.7889 0.5957
vn 0.1510 -0.7889 0.5956
vn 0.1666 -0.7506 0.6394
vn 0.1666 -0.7507 0.6393
vn 0.1786 -0.7057 0.6856
vn 0.1891 -0.6512 0.7350
vn 0.1978 -0.5868 0.7852
vn 0.2037 -0.5174 0.8311
vn 0.2081 -0.4479 0.8695
vn 0.2151 -0.3755 0.9015
vn 0.1843 -0.3643 0.9129
vn 0.1580 -0.3501 0.9233
vn 0.1309 -0.3385 0.9318
vn 0.1309 -0.3386 0.9318
vn 0.1033 -0.3267 0.9395
vn 0.0764 -0.3147 0.9461
vn 0.0492 -0.3028 0.9518
vn 0.0492 -0.3029 0.9518
vn 0.0492 -0.3027 0.9518
vn 0.0204 -0.2901 0.9568
vn 0.0202 -0.2904 0.9567
vn -0.0111 -0.2778 0.9606
vn -0.0111 -0.2780 0.9605
vn -0.0111 -0.2777 0.9606
vn -0.0429 -0.2651 0.9633
vn -0.0428 -0.2650 0.9633
vn -0.0428 -0.2652 0.9632
vn -0.0429 -0.2650 0.9633
vn -0.0758 -0.2519 0.9648
vn -0.0761 -0.2522 0.9647
vn -0.0759 -0.2520 0.9647
vn -0.0758 -0.2518 0.9648
vn -0.1123 -0.2391 0.9645
vn -0.1123 -0.2390 0.9645
vn -0.1527 -0.2240 0.9625
vn -0.1527 -0.2241 0.9625
vn -0.1527 -0.2240 0.9626
vn -0.1955 -0.2083 0.9583
vn -0.2423 -0.1957 0.9503
vn -0.2928 -0.1734 0.9403
vn -0.3460 -0.2433 0.9061
vn -0.3974 -0.3034 0.8660
vn -0.4474 -0.3633 0.8172
vn -0.4931 -0.4239 0.7597
vn -0.5301 -0.4798 0.6992
vn -0.5578 -0.5314 0.6376
vn -0.5761 -0.5804 0.5756
vn -0.5849 -0.6273 0.5142
vn -0.5849 -0.6271 0.5144
vn -0.5852 -0.6714 0.4547
vn -0.5784 -0.7125 0.3972
vn -0.5660 -0.7506 0.3409
vn -0.5496 -0.7849 0.2861
vn -0.5313 -0.8134 0.2370
vn -0.5129 -0.8367 0.1922
vn -0.0249 -0.9902 -0.1372
vn -0.0248 -0.9902 -0.1376
vn 0.0293 -0.9818 -0.1874
vn 0.1038 -0.9649 -0.2414
vn 0.1864 -0.9372 -0.2947
vn 0.2643 -0.8952 -0.3589
vn 0.2643 -0.8952 -0.3588
vn 0.3234 -0.8497 -0.4164
vn 0.3682 -0.8043 -0.4665
vn 0.3682 -0.8043 -0.4664
vn 0.3682 -0.8042 -0.4665
vn 0.0007 -0.9954 -0.0963
vn 0.0007 -0.9953 -0.0963
vn 0.0807 -0.9871 -0.1380
vn 0.1835 -0.9604 -0.2095
vn 0.2728 -0.9225 -0.2730
vn 0.3484 -0.8769 -0.3313
vn 0.3484 -0.8768 -0.3313
vn 0.4102 -0.8249 -0.3889
vn 0.4609 -0.7672 -0.4460
vn 0.4609 -0.7673 -0.4460
vn 0.0301 -0.9974 -0.0650
vn 0.1263 -0.9861 -0.1080
vn 0.1262 -0.9861 -0.1080
vn 0.2433 -0.9547 -0.1711
vn 0.2434 -0.9547 -0.1711
vn 0.3466 -0.9098 -0.2282
vn 0.4314 -0.8574 -0.2807
vn 0.5044 -0.7941 -0.3390
vn 0.5652 -0.7183 -0.4057
vn 0.0510 -0.9980 -0.0363
vn 0.1669 -0.9826 -0.0815
vn 0.1669 -0.9826 -0.0819
vn 0.3044 -0.9441 -0.1268
vn 0.4255 -0.8905 -0.1611
vn 0.5313 -0.8244 -0.1950
vn 0.6290 -0.7382 -0.2438
vn 0.7059 -0.6346 -0.3148
vn 0.7058 -0.6346 -0.3148
vn 0.7059 -0.6345 -0.3148
vn 0.0653 -0.9975 -0.0271
vn 0.0703 -0.9972 -0.0264
vn 0.0729 -0.9971 -0.0220
vn 0.2096 -0.9758 -0.0628
vn 0.3705 -0.9251 -0.0837
vn 0.5081 -0.8566 -0.0893
vn 0.5081 -0.8567 -0.0893
vn 0.6343 -0.7669 -0.0976
vn 0.7495 -0.6499 -0.1257
vn 0.9251 -0.3225 -0.2005
vn 0.9251 -0.3225 -0.2003
vn 0.9251 -0.3225 -0.2006
vn 0.0759 -0.9969 -0.0215
vn 0.0773 -0.9969 -0.0137
vn 0.2558 -0.9654 -0.0510
vn 0.4358 -0.8988 -0.0468
vn 0.5817 -0.8129 -0.0292
vn 0.5816 -0.8129 -0.0292
vn 0.7142 -0.6997 -0.0170
vn 0.9303 -0.3654 0.0306
vn 0.9304 -0.3654 0.0306
vn 0.9304 -0.3654 0.0305
vn 0.3124 -0.3473 -0.8842
vn 0.3123 -0.3473 -0.8842
vn 0.3123 -0.3474 -0.8842
vn 0.3796 -0.2925 -0.8777
vn 0.5321 -0.2208 -0.8174
vn 0.5322 -0.2208 -0.8173
vn 0.3349 -0.4385 -0.8340
vn 0.4646 -0.3629 -0.8077
vn 0.4646 -0.3629 -0.8078
vn 0.4645 -0.3629 -0.8078
vn 0.5818 -0.1858 -0.7919
vn 0.5818 -0.1858 -0.7918
vn 0.3853 -0.5056 -0.7720
vn 0.3853 -0.5055 -0.7720
vn 0.5302 -0.4451 -0.7217
vn 0.5302 -0.4450 -0.7217
vn 0.6158 -0.3641 -0.6988
vn 0.6158 -0.3640 -0.6988
vn 0.6830 -0.1197 -0.7206
vn 0.4339 -0.5690 -0.6986
vn 0.4339 -0.5689 -0.6986
vn 0.5523 -0.5080 -0.6610
vn 0.6349 -0.4246 -0.6455
vn 0.8354 -0.2998 -0.4606
vn 0.8355 -0.2998 -0.4605
vn 0.4421 -0.6473 -0.6209
vn 0.5507 -0.5761 -0.6040
vn 0.5507 -0.5762 -0.6040
vn 0.5508 -0.5761 -0.6040
vn 0.6385 -0.4894 -0.5940
vn 0.7651 -0.1760 -0.6193
vn 0.7651 -0.1761 -0.6193
vn 0.4274 -0.7086 -0.5615
vn 0.4274 -0.7086 -0.5614
vn 0.5312 -0.6439 -0.5506
vn 0.6291 -0.5626 -0.5363
vn 0.6291 -0.5627 -0.5363
vn 0.8499 -0.4980 -0.1720
vn 0.3003 -0.3860 0.8723
vn 0.3003 -0.3860 0.8722
vn 0.3075 -0.4780 0.8228
vn 0.3075 -0.4780 0.8227
vn 0.3159 -0.5665 0.7611
vn 0.3267 -0.6431 0.6926
vn 0.3375 -0.7015 0.6277
vn 0.3442 -0.7426 0.5745
vn 0.3444 -0.7425 0.5745
vn 0.3423 -0.7746 0.5319
vn 0.3461 -0.3418 0.8737
vn 0.3461 -0.3419 0.8737
vn 0.3856 -0.4307 0.8160
vn 0.4309 -0.5169 0.7397
vn 0.4685 -0.5951 0.6530
vn 0.4681 -0.5954 0.6530
vn 0.4888 -0.6555 0.5756
vn 0.4888 -0.6555 0.5757
vn 0.4926 -0.7019 0.5145
vn 0.4854 -0.7396 0.4663
vn 0.4854 -0.7395 0.4663
vn 0.5003 -0.2444 0.8306
vn 0.5003 -0.2444 0.8307
vn 0.5217 -0.1888 0.8320
vn 0.5216 -0.1888 0.8320
vn 0.5672 -0.4349 0.6994
vn 0.5671 -0.4349 0.6994
vn 0.7890 -0.5328 0.3060
vn 0.7891 -0.5328 0.3058
vn 0.7890 -0.5328 0.3059
vn 0.7178 -0.3491 0.6024
vn 0.6279 -0.6295 0.4578
vn 0.6278 -0.6295 0.4578
vn 0.6121 -0.6838 0.3973
vn 0.5279 -0.4445 0.7237
vn 0.5277 -0.4447 0.7237
vn 0.8222 -0.5546 -0.1283
vn 0.8222 -0.5546 -0.1282
vn 0.8542 -0.3401 0.3932
vn 0.8542 -0.3401 0.3933
vn -0.0222 -0.9879 0.1533
vn -0.0223 -0.9879 0.1534
vn -0.0020 -0.9935 0.1137
vn 0.0149 -0.9963 0.0846
vn 0.0148 -0.9963 0.0846
vn 0.0283 -0.9979 0.0581
vn 0.0426 -0.9986 0.0316
vn 0.0580 -0.9983 0.0103
vn 0.0742 -0.9972 -0.0105
vn 0.0751 -0.9971 -0.0075
vn 0.0715 -0.9974 -0.0045
vn 0.0284 -0.9781 0.2063
vn 0.0626 -0.9846 0.1631
vn 0.0625 -0.9846 0.1631
vn 0.1043 -0.9859 0.1306
vn 0.1043 -0.9860 0.1304
vn 0.1721 -0.9793 0.1065
vn 0.2527 -0.9636 0.0875
vn 0.2526 -0.9636 0.0874
vn 0.3088 -0.9498 0.0498
vn 0.3088 -0.9498 0.0497
vn 0.3215 -0.9469 0.0016
vn 0.3216 -0.9469 0.0016
vn 0.3213 -0.9470 0.0014
vn 0.0929 -0.9570 0.2747
vn 0.1713 -0.9539 0.2464
vn 0.2821 -0.9335 0.2214
vn 0.3917 -0.9043 0.1696
vn 0.4598 -0.8799 0.1202
vn 0.4598 -0.8798 0.1202
vn 0.5004 -0.8626 0.0738
vn 0.5002 -0.8627 0.0740
vn 0.5002 -0.8628 0.0740
vn 0.5112 -0.8590 0.0277
vn 0.1733 -0.9190 0.3542
vn 0.2937 -0.9019 0.3166
vn 0.2937 -0.9020 0.3166
vn 0.4197 -0.8682 0.2647
vn 0.5159 -0.8323 0.2028
vn 0.5822 -0.8001 0.1447
vn 0.6270 -0.7736 0.0915
vn 0.6464 -0.7615 0.0470
vn 0.6464 -0.7616 0.0471
vn 0.6464 -0.7616 0.0470
vn 0.6463 -0.7616 0.0471
vn 0.2459 -0.8758 0.4153
vn 0.3827 -0.8499 0.3623
vn 0.3827 -0.8498 0.3623
vn 0.5045 -0.8109 0.2966
vn 0.5983 -0.7681 0.2281
vn 0.6716 -0.7229 0.1627
vn 0.6716 -0.7228 0.1627
vn 0.6715 -0.7229 0.1627
vn 0.7274 -0.6786 0.1021
vn 0.7600 -0.6476 0.0541
vn 0.7600 -0.6477 0.0541
vn 0.2991 -0.8344 0.4630
vn 0.4393 -0.8046 0.3996
vn 0.5592 -0.7620 0.3266
vn 0.6552 -0.7121 0.2522
vn 0.7351 -0.6543 0.1775
vn 0.9222 -0.3843 0.0433
vn 0.8937 -0.3868 0.2272
vn 0.8937 -0.3868 0.2273
vn 0.4034 -0.7562 -0.5152
vn 0.5017 -0.7052 -0.5010
vn 0.6065 -0.6383 -0.4740
vn 0.6065 -0.6384 -0.4739
vn 0.6066 -0.6384 -0.4739
vn 0.6066 -0.6383 -0.4739
vn 0.8395 -0.2970 -0.4550
vn 0.3274 -0.8049 0.4949
vn 0.4685 -0.7725 0.4287
vn 0.4684 -0.7725 0.4287
vn 0.5900 -0.7255 0.3543
vn 0.5901 -0.7255 0.3542
vn 0.5901 -0.7255 0.3543
vn 0.6892 -0.6690 0.2783
vn 0.6891 -0.6691 0.2783
vn 0.6890 -0.6692 0.2783
vn 0.8776 -0.4330 0.2059
vn 0.8775 -0.4331 0.2059
vn 0.2982 -0.9541 -0.0293
vn 0.2981 -0.9541 -0.0292
vn 0.4875 -0.8731 -0.0091
vn 0.6313 -0.7753 0.0166
vn 0.7568 -0.6527 0.0352
vn 0.9137 -0.3821 -0.1381
vn -0.0761 -0.9881 -0.1338
vn -0.0445 -0.9827 -0.1796
vn -0.0118 -0.9741 -0.2256
vn -0.0118 -0.9742 -0.2256
vn 0.0288 -0.9598 -0.2793
vn 0.0805 -0.9371 -0.3398
vn 0.0805 -0.9370 -0.3398
vn 0.1385 -0.9079 -0.3956
vn 0.1936 -0.8746 -0.4445
vn 0.2388 -0.8359 -0.4943
vn -0.0675 -0.9930 -0.0965
vn -0.0573 -0.9960 -0.0683
vn -0.0426 -0.9982 -0.0421
vn -0.0234 -0.9995 -0.0216
vn -0.0059 -1.0000 -0.0052
vn -0.0090 -0.9999 -0.0108
vn -0.0074 -0.9999 -0.0088
vn -0.0044 -1.0000 -0.0036
vn -0.0054 -1.0000 -0.0002
vn -0.0050 -1.0000 0.0018
vn -0.0057 -1.0000 0.0046
vn 0.2637 -0.3258 -0.9079
vn 0.2978 -0.2748 -0.9142
vn 0.3261 -0.2370 -0.9152
vn 0.3261 -0.2370 -0.9151
vn 0.3681 -0.1619 -0.9156
vn 0.3682 -0.1614 -0.9156
vn 0.2635 -0.3994 -0.8781
vn 0.2622 -0.4694 -0.8431
vn 0.2622 -0.4694 -0.8432
vn 0.2597 -0.5440 -0.7979
vn 0.2579 -0.6322 -0.7306
vn 0.2688 -0.6948 -0.6671
vn 0.2783 -0.7431 -0.6086
vn 0.2692 -0.7904 -0.5503
vn 0.2562 -0.3481 0.9018
vn 0.2562 -0.3482 0.9017
vn 0.2551 -0.4290 0.8665
vn 0.2518 -0.5082 0.8236
vn 0.2473 -0.5842 0.7730
vn 0.2424 -0.6526 0.7179
vn 0.2381 -0.7086 0.6642
vn 0.2334 -0.7515 0.6171
vn 0.2246 -0.7862 0.5758
vn 0.2246 -0.7861 0.5758
vn 0.2881 -0.3033 0.9083
vn 0.3147 -0.2677 0.9107
vn 0.3641 -0.1023 0.9257
vn 0.3641 -0.1021 0.9257
vn 0.3641 -0.1024 0.9257
vn -0.0749 -0.9860 0.1493
vn -0.0749 -0.9860 0.1491
vn -0.0749 -0.9860 0.1492
vn -0.0658 -0.9915 0.1120
vn -0.0546 -0.9951 0.0827
vn -0.0415 -0.9974 0.0587
vn -0.0300 -0.9988 0.0386
vn -0.0208 -0.9995 0.0221
vn -0.0156 -0.9998 0.0128
vn -0.0169 -0.9997 0.0186
vn -0.0109 -0.9999 0.0099
vn -0.0091 -0.9999 0.0057
vn -0.0435 -0.9797 0.1956
vn -0.0079 -0.9688 0.2479
vn 0.0361 -0.9499 0.3105
vn 0.0869 -0.9210 0.3797
vn 0.1370 -0.8858 0.4434
vn 0.1796 -0.8492 0.4966
vn 0.2074 -0.8184 0.5360
vn 0.2074 -0.8183 0.5360
vn -0.1046 -0.9713 -0.2136
vn -0.1349 -0.9681 -0.2112
vn -0.1633 -0.9646 -0.2071
vn -0.1904 -0.9606 -0.2027
vn -0.2160 -0.9561 -0.1981
vn -0.2410 -0.9509 -0.1942
vn -0.2664 -0.9447 -0.1911
vn -0.2659 -0.9449 -0.1911
vn -0.2662 -0.9449 -0.1908
vn -0.2927 -0.9374 -0.1887
vn -0.2927 -0.9374 -0.1886
vn -0.2927 -0.9374 -0.1885
vn -0.3187 -0.9293 -0.1868
vn -0.3187 -0.9292 -0.1872
vn -0.3187 -0.9292 -0.1871
vn -0.3185 -0.9294 -0.1865
vn -0.3450 -0.9198 -0.1867
vn -0.3450 -0.9198 -0.1868
vn -0.3730 -0.9088 -0.1869
vn -0.3731 -0.9088 -0.1868
vn -0.3731 -0.9088 -0.1870
vn -0.3730 -0.9088 -0.1870
vn -0.4036 -0.8955 -0.1876
vn -0.4036 -0.8955 -0.1875
vn -0.4367 -0.8797 -0.1882
vn -0.4732 -0.8606 -0.1881
vn -0.0814 -0.9610 -0.2643
vn -0.1147 -0.9572 -0.2657
vn -0.1459 -0.9538 -0.2627
vn -0.1755 -0.9500 -0.2581
vn -0.2035 -0.9458 -0.2530
vn -0.2306 -0.9407 -0.2487
vn -0.2580 -0.9344 -0.2456
vn -0.2583 -0.9344 -0.2454
vn -0.2581 -0.9344 -0.2454
vn -0.2580 -0.9345 -0.2453
vn -0.2856 -0.9269 -0.2433
vn -0.2856 -0.9270 -0.2431
vn -0.2860 -0.9268 -0.2433
vn -0.2861 -0.9268 -0.2433
vn -0.3142 -0.9181 -0.2417
vn -0.3142 -0.9182 -0.2414
vn -0.3142 -0.9181 -0.2416
vn -0.3142 -0.9180 -0.2418
vn -0.3429 -0.9078 -0.2417
vn -0.3428 -0.9078 -0.2416
vn -0.3429 -0.9077 -0.2419
vn -0.3732 -0.8954 -0.2429
vn -0.3732 -0.8954 -0.2430
vn -0.4069 -0.8803 -0.2438
vn -0.4441 -0.8622 -0.2436
vn -0.4861 -0.8405 -0.2394
vn -0.0556 -0.9468 -0.3169
vn -0.0920 -0.9425 -0.3212
vn -0.1260 -0.9390 -0.3201
vn -0.1260 -0.9389 -0.3202
vn -0.1580 -0.9354 -0.3164
vn -0.1884 -0.9313 -0.3118
vn -0.2178 -0.9262 -0.3078
vn -0.2178 -0.9261 -0.3079
vn -0.2178 -0.9262 -0.3077
vn -0.2473 -0.9197 -0.3048
vn -0.2473 -0.9198 -0.3048
vn -0.2473 -0.9198 -0.3047
vn -0.2778 -0.9117 -0.3025
vn -0.2778 -0.9118 -0.3025
vn -0.2778 -0.9117 -0.3026
vn -0.2779 -0.9117 -0.3026
vn -0.3083 -0.9024 -0.3011
vn -0.3083 -0.9024 -0.3010
vn -0.3083 -0.9023 -0.3012
vn -0.3395 -0.8912 -0.3009
vn -0.3730 -0.8773 -0.3019
vn -0.4100 -0.8605 -0.3023
vn -0.4515 -0.8403 -0.3001
vn -0.4990 -0.8158 -0.2924
vn -0.0277 -0.9273 -0.3732
vn -0.0674 -0.9230 -0.3788
vn -0.1041 -0.9195 -0.3791
vn -0.1385 -0.9159 -0.3767
vn -0.1711 -0.9117 -0.3734
vn -0.1711 -0.9118 -0.3734
vn -0.2028 -0.9065 -0.3704
vn -0.2028 -0.9065 -0.3703
vn -0.2345 -0.8997 -0.3682
vn -0.2342 -0.8996 -0.3686
vn -0.2342 -0.8997 -0.3684
vn -0.2669 -0.8915 -0.3661
vn -0.2671 -0.8915 -0.3659
vn -0.2668 -0.8914 -0.3663
vn -0.2667 -0.8914 -0.3663
vn -0.3002 -0.8817 -0.3640
vn -0.3000 -0.8818 -0.3640
vn -0.3001 -0.8817 -0.3641
vn -0.3002 -0.8816 -0.3642
vn -0.3344 -0.8696 -0.3633
vn -0.3712 -0.8546 -0.3632
vn -0.4117 -0.8361 -0.3624
vn -0.4117 -0.8362 -0.3624
vn -0.4117 -0.8361 -0.3625
vn -0.4576 -0.8135 -0.3589
vn -0.5102 -0.7859 -0.3494
vn 0.0003 -0.9030 -0.4297
vn -0.0423 -0.8988 -0.4362
vn -0.0423 -0.8989 -0.4362
vn -0.0813 -0.8951 -0.4383
vn -0.0813 -0.8952 -0.4383
vn -0.1175 -0.8913 -0.4379
vn -0.1521 -0.8868 -0.4365
vn -0.1521 -0.8868 -0.4364
vn -0.1857 -0.8811 -0.4350
vn -0.2195 -0.8741 -0.4333
vn -0.2195 -0.8741 -0.4334
vn -0.2542 -0.8655 -0.4316
vn -0.2542 -0.8655 -0.4317
vn -0.2542 -0.8656 -0.4315
vn -0.2899 -0.8552 -0.4296
vn -0.2898 -0.8553 -0.4295
vn -0.2900 -0.8553 -0.4294
vn -0.2900 -0.8551 -0.4297
vn -0.3270 -0.8427 -0.4277
vn -0.3669 -0.8270 -0.4260
vn -0.4109 -0.8075 -0.4233
vn -0.4109 -0.8074 -0.4233
vn -0.4608 -0.7829 -0.4179
vn -0.5181 -0.7523 -0.4070
vn 0.0274 -0.8736 -0.4858
vn 0.0274 -0.8737 -0.4857
vn 0.0274 -0.8737 -0.4858
vn -0.0175 -0.8697 -0.4933
vn -0.0582 -0.8657 -0.4971
vn -0.0959 -0.8613 -0.4989
vn -0.0959 -0.8614 -0.4989
vn -0.1319 -0.8562 -0.4995
vn -0.1319 -0.8563 -0.4994
vn -0.1319 -0.8563 -0.4993
vn -0.1672 -0.8500 -0.4995
vn -0.1672 -0.8501 -0.4994
vn -0.2027 -0.8427 -0.4988
vn -0.2027 -0.8426 -0.4989
vn -0.2393 -0.8340 -0.4972
vn -0.2392 -0.8339 -0.4974
vn -0.2392 -0.8340 -0.4973
vn -0.2770 -0.8235 -0.4951
vn -0.2770 -0.8235 -0.4950
vn -0.2770 -0.8234 -0.4952
vn -0.3169 -0.8107 -0.4923
vn -0.3167 -0.8107 -0.4924
vn -0.3595 -0.7948 -0.4890
vn -0.3595 -0.7947 -0.4891
vn -0.3595 -0.7948 -0.4889
vn -0.4068 -0.7744 -0.4846
vn -0.4068 -0.7744 -0.4845
vn -0.4601 -0.7487 -0.4772
vn -0.5212 -0.7155 -0.4651
vn 0.0530 -0.8389 -0.5417
vn 0.0530 -0.8389 -0.5418
vn 0.0063 -0.8353 -0.5497
vn -0.0357 -0.8312 -0.5548
vn -0.0356 -0.8312 -0.5548
vn -0.0356 -0.8312 -0.5549
vn -0.0744 -0.8263 -0.5582
vn -0.0744 -0.8264 -0.5582
vn -0.0744 -0.8265 -0.5581
vn -0.0744 -0.8264 -0.5581
vn -0.1115 -0.8208 -0.5603
vn -0.1115 -0.8208 -0.5602
vn -0.1479 -0.8143 -0.5613
vn -0.1479 -0.8142 -0.5615
vn -0.1847 -0.8068 -0.5612
vn -0.1846 -0.8068 -0.5613
vn -0.2225 -0.7978 -0.5604
vn -0.2225 -0.7978 -0.5603
vn -0.2225 -0.7976 -0.5606
vn -0.2619 -0.7871 -0.5584
vn -0.3036 -0.7742 -0.5554
vn -0.3487 -0.7580 -0.5512
vn -0.3486 -0.7582 -0.5511
vn -0.3985 -0.7375 -0.5452
vn -0.3985 -0.7376 -0.5451
vn -0.3985 -0.7374 -0.5453
vn -0.3986 -0.7372 -0.5456
vn -0.4545 -0.7108 -0.5369
vn -0.4545 -0.7108 -0.5368
vn -0.4545 -0.7105 -0.5371
vn -0.4545 -0.7107 -0.5369
vn -0.5186 -0.6755 -0.5242
vn -0.5186 -0.6754 -0.5242
vn 0.0762 -0.7984 -0.5973
vn 0.0286 -0.7955 -0.6053
vn -0.0140 -0.7914 -0.6112
vn -0.0140 -0.7916 -0.6108
vn -0.0139 -0.7914 -0.6112
vn -0.0530 -0.7862 -0.6157
vn -0.0532 -0.7862 -0.6157
vn -0.0529 -0.7861 -0.6158
vn -0.0529 -0.7862 -0.6157
vn -0.0908 -0.7807 -0.6183
vn -0.0908 -0.7805 -0.6185
vn -0.0906 -0.7808 -0.6181
vn -0.0908 -0.7806 -0.6184
vn -0.1277 -0.7739 -0.6203
vn -0.1277 -0.7740 -0.6202
vn -0.1278 -0.7740 -0.6201
vn -0.1279 -0.7741 -0.6200
vn -0.1654 -0.7663 -0.6208
vn -0.1655 -0.7664 -0.6207
vn -0.1653 -0.7660 -0.6212
vn -0.1653 -0.7662 -0.6209
vn -0.2043 -0.7574 -0.6202
vn -0.2043 -0.7573 -0.6202
vn -0.2443 -0.7462 -0.6192
vn -0.2445 -0.7465 -0.6189
vn -0.2445 -0.7465 -0.6188
vn -0.2446 -0.7465 -0.6188
vn -0.2875 -0.7335 -0.6159
vn -0.3339 -0.7173 -0.6116
vn -0.3339 -0.7173 -0.6115
vn -0.3854 -0.6967 -0.6051
vn -0.4431 -0.6694 -0.5963
vn -0.5087 -0.6325 -0.5841
vn 0.0972 -0.7514 -0.6527
vn 0.0498 -0.7489 -0.6608
vn 0.0077 -0.7442 -0.6679
vn 0.0077 -0.7443 -0.6678
vn -0.0312 -0.7385 -0.6736
vn -0.0312 -0.7384 -0.6736
vn -0.0312 -0.7385 -0.6735
vn -0.0686 -0.7321 -0.6777
vn -0.0686 -0.7321 -0.6778
vn -0.0686 -0.7320 -0.6778
vn -0.1057 -0.7250 -0.6806
vn -0.1057 -0.7249 -0.6807
vn -0.1056 -0.7254 -0.6802
vn -0.1057 -0.7251 -0.6805
vn -0.1436 -0.7173 -0.6818
vn -0.1438 -0.7174 -0.6816
vn -0.1436 -0.7174 -0.6817
vn -0.1434 -0.7173 -0.6819
vn -0.1826 -0.7081 -0.6821
vn -0.1826 -0.7081 -0.6822
vn -0.1825 -0.7080 -0.6822
vn -0.2235 -0.6972 -0.6811
vn -0.2669 -0.6847 -0.6782
vn -0.3141 -0.6693 -0.6733
vn -0.3663 -0.6497 -0.6662
vn -0.3663 -0.6497 -0.6661
vn -0.4248 -0.6231 -0.6568
vn -0.4248 -0.6231 -0.6567
vn -0.4909 -0.5856 -0.6450
vn 0.1160 -0.6977 -0.7069
vn 0.0697 -0.6951 -0.7155
vn 0.0697 -0.6952 -0.7155
vn 0.0292 -0.6893 -0.7239
vn -0.0083 -0.6820 -0.7313
vn -0.0445 -0.6740 -0.7374
vn -0.0445 -0.6741 -0.7373
vn -0.0808 -0.6660 -0.7416
vn -0.1178 -0.6577 -0.7440
vn -0.1180 -0.6576 -0.7440
vn -0.1177 -0.6576 -0.7441
vn -0.1178 -0.6578 -0.7439
vn -0.1571 -0.6483 -0.7450
vn -0.1979 -0.6379 -0.7443
vn -0.2413 -0.6264 -0.7412
vn -0.2887 -0.6129 -0.7355
vn -0.3410 -0.5953 -0.7275
vn -0.3994 -0.5707 -0.7175
vn -0.4649 -0.5341 -0.7061
vn 0.1332 -0.6369 -0.7594
vn 0.0891 -0.6341 -0.7681
vn 0.0505 -0.6268 -0.7776
vn 0.0505 -0.6267 -0.7776
vn 0.0150 -0.6173 -0.7866
vn -0.0192 -0.6072 -0.7943
vn -0.0538 -0.5977 -0.7999
vn -0.0900 -0.5886 -0.8034
vn -0.0900 -0.5885 -0.8035
vn -0.0900 -0.5884 -0.8035
vn -0.1283 -0.5789 -0.8052
vn -0.1283 -0.5788 -0.8053
vn -0.1283 -0.5789 -0.8053
vn -0.1682 -0.5690 -0.8049
vn -0.2111 -0.5590 -0.8018
vn -0.2580 -0.5479 -0.7958
vn -0.3097 -0.5331 -0.7873
vn -0.3097 -0.5331 -0.7874
vn -0.3670 -0.5109 -0.7774
vn -0.4305 -0.4761 -0.7668
vn 0.1491 -0.5693 -0.8085
vn 0.1079 -0.5659 -0.8174
vn 0.0719 -0.5570 -0.8274
vn 0.0388 -0.5456 -0.8371
vn 0.0068 -0.5335 -0.8458
vn -0.0258 -0.5224 -0.8523
vn -0.0604 -0.5122 -0.8568
vn -0.0603 -0.5120 -0.8569
vn -0.0603 -0.5121 -0.8568
vn -0.0602 -0.5121 -0.8568
vn -0.0974 -0.5022 -0.8592
vn -0.0975 -0.5024 -0.8591
vn -0.0974 -0.5023 -0.8592
vn -0.0972 -0.5020 -0.8594
vn -0.1358 -0.4925 -0.8596
vn -0.1358 -0.4925 -0.8597
vn -0.1771 -0.4838 -0.8571
vn -0.1771 -0.4839 -0.8570
vn -0.2226 -0.4747 -0.8516
vn -0.2226 -0.4747 -0.8515
vn -0.2226 -0.4746 -0.8516
vn -0.2729 -0.4621 -0.8438
vn -0.3279 -0.4425 -0.8347
vn -0.3882 -0.4106 -0.8251
vn 0.1629 -0.4999 -0.8506
vn 0.1260 -0.4932 -0.8607
vn 0.0934 -0.4819 -0.8712
vn 0.0626 -0.4687 -0.8811
vn 0.0329 -0.4553 -0.8897
vn 0.0025 -0.4432 -0.8964
vn 0.0025 -0.4431 -0.8965
vn 0.0025 -0.4428 -0.8966
vn -0.0301 -0.4318 -0.9015
vn -0.0301 -0.4319 -0.9014
vn -0.0653 -0.4210 -0.9047
vn -0.0653 -0.4211 -0.9047
vn -0.1020 -0.4113 -0.9058
vn -0.1412 -0.4028 -0.9043
vn -0.1842 -0.3945 -0.9002
vn -0.1842 -0.3945 -0.9003
vn -0.2321 -0.3832 -0.8940
vn -0.2844 -0.3674 -0.8855
vn -0.3415 -0.3417 -0.8756
vn 0.1763 -0.4280 -0.8864
vn 0.1448 -0.4163 -0.8976
vn 0.1154 -0.4030 -0.9079
vn 0.0866 -0.3894 -0.9170
vn 0.0585 -0.3758 -0.9249
vn 0.0585 -0.3758 -0.9248
vn 0.0299 -0.3631 -0.9313
vn -0.0010 -0.3514 -0.9362
vn -0.0008 -0.3505 -0.9366
vn -0.0009 -0.3512 -0.9363
vn -0.0010 -0.3516 -0.9361
vn -0.0343 -0.3396 -0.9400
vn -0.0343 -0.3396 -0.9399
vn -0.0686 -0.3286 -0.9420
vn -0.0686 -0.3284 -0.9420
vn -0.0686 -0.3287 -0.9419
vn -0.0686 -0.3288 -0.9419
vn -0.1051 -0.3190 -0.9419
vn -0.1051 -0.3191 -0.9419
vn -0.1451 -0.3093 -0.9398
vn -0.1451 -0.3094 -0.9398
vn -0.1897 -0.2978 -0.9356
vn -0.2383 -0.2845 -0.9286
vn -0.2916 -0.2671 -0.9185
vn -0.0963 -0.9822 -0.1612
vn -0.1247 -0.9790 -0.1614
vn -0.1512 -0.9760 -0.1569
vn -0.1769 -0.9721 -0.1540
vn -0.1769 -0.9721 -0.1539
vn -0.2020 -0.9677 -0.1509
vn -0.2020 -0.9677 -0.1510
vn -0.2258 -0.9629 -0.1478
vn -0.2256 -0.9629 -0.1480
vn -0.2255 -0.9629 -0.1480
vn -0.2490 -0.9576 -0.1450
vn -0.2490 -0.9576 -0.1449
vn -0.2728 -0.9515 -0.1423
vn -0.2729 -0.9515 -0.1423
vn -0.2728 -0.9515 -0.1420
vn -0.2728 -0.9515 -0.1421
vn -0.2980 -0.9442 -0.1401
vn -0.2980 -0.9443 -0.1398
vn -0.2978 -0.9443 -0.1398
vn -0.2977 -0.9443 -0.1400
vn -0.3223 -0.9366 -0.1377
vn -0.3222 -0.9366 -0.1379
vn -0.3223 -0.9365 -0.1378
vn -0.3224 -0.9365 -0.1379
vn -0.3469 -0.9279 -0.1364
vn -0.3464 -0.9281 -0.1369
vn -0.3468 -0.9280 -0.1363
vn -0.3731 -0.9179 -0.1351
vn -0.3730 -0.9179 -0.1352
vn -0.3731 -0.9179 -0.1352
vn -0.3734 -0.9177 -0.1353
vn -0.4017 -0.9059 -0.1341
vn -0.4016 -0.9059 -0.1343
vn -0.4012 -0.9061 -0.1339
vn -0.4011 -0.9062 -0.1337
vn -0.4312 -0.8923 -0.1333
vn -0.4313 -0.8923 -0.1334
vn -0.4313 -0.8923 -0.1333
vn -0.4624 -0.8763 -0.1352
vn -0.4975 -0.8572 -0.1332
vn -0.5148 -0.8383 -0.1798
vn -0.5340 -0.8151 -0.2247
vn -0.5533 -0.7866 -0.2741
vn -0.5708 -0.7521 -0.3294
vn -0.5708 -0.7522 -0.3294
vn -0.5840 -0.7139 -0.3863
vn -0.5918 -0.6724 -0.4446
vn -0.5923 -0.6279 -0.5049
vn -0.5923 -0.6280 -0.5048
vn -0.5923 -0.6280 -0.5047
vn -0.5922 -0.6279 -0.5050
vn -0.5841 -0.5811 -0.5667
vn -0.5660 -0.5315 -0.6302
vn -0.5660 -0.5315 -0.6301
vn -0.5382 -0.4786 -0.6938
vn -0.5003 -0.4207 -0.7568
vn -0.4530 -0.3574 -0.8168
vn -0.4530 -0.3574 -0.8167
vn -0.4010 -0.2945 -0.8675
vn -0.3473 -0.2315 -0.9087
vn -0.2913 -0.1581 -0.9435
vn -0.2401 -0.1803 -0.9539
vn -0.1925 -0.1924 -0.9623
vn -0.1926 -0.1924 -0.9622
vn -0.1925 -0.1924 -0.9622
vn -0.1488 -0.2078 -0.9668
vn -0.1080 -0.2230 -0.9688
vn -0.1079 -0.2226 -0.9689
vn -0.1080 -0.2227 -0.9689
vn -0.0712 -0.2359 -0.9692
vn -0.0710 -0.2358 -0.9692
vn -0.0712 -0.2360 -0.9692
vn -0.0712 -0.2358 -0.9692
vn -0.0376 -0.2485 -0.9679
vn -0.0374 -0.2483 -0.9680
vn -0.0375 -0.2483 -0.9679
vn -0.0376 -0.2484 -0.9679
vn -0.0049 -0.2606 -0.9654
vn -0.0052 -0.2610 -0.9653
vn -0.0053 -0.2612 -0.9653
vn -0.0053 -0.2609 -0.9654
vn 0.0264 -0.2739 -0.9614
vn 0.0264 -0.2738 -0.9614
vn 0.0264 -0.2737 -0.9614
vn 0.0557 -0.2862 -0.9566
vn 0.0557 -0.2862 -0.9565
vn 0.0561 -0.2864 -0.9565
vn 0.0832 -0.2985 -0.9508
vn 0.0833 -0.2983 -0.9508
vn 0.0833 -0.2985 -0.9508
vn 0.1105 -0.3108 -0.9440
vn 0.1384 -0.3231 -0.9362
vn 0.1384 -0.3232 -0.9362
vn 0.1661 -0.3354 -0.9273
vn 0.1925 -0.3499 -0.9168
vn 0.2234 -0.3584 -0.9064
vn 0.2234 -0.3584 -0.9065
vn 0.2144 -0.4289 -0.8775
vn 0.2076 -0.4947 -0.8439
vn 0.1987 -0.5627 -0.8024
vn 0.1863 -0.6314 -0.7527
vn 0.1712 -0.6942 -0.6991
vn 0.1531 -0.7509 -0.6424
vn 0.1322 -0.8006 -0.5844
vn 0.1086 -0.8416 -0.5291
vn 0.0802 -0.8772 -0.4735
vn 0.0802 -0.8771 -0.4735
vn 0.0485 -0.9079 -0.4163
vn 0.0157 -0.9333 -0.3588
vn -0.0165 -0.9528 -0.3030
vn -0.0463 -0.9664 -0.2529
vn -0.0727 -0.9755 -0.2077
vn -0.4656 -0.8839 -0.0435
vn -0.4332 -0.9001 -0.0469
vn -0.4038 -0.9134 -0.0508
vn -0.4038 -0.9134 -0.0509
vn -0.3763 -0.9249 -0.0550
vn -0.3512 -0.9344 -0.0591
vn -0.3512 -0.9344 -0.0590
vn -0.3274 -0.9428 -0.0625
vn -0.3275 -0.9428 -0.0626
vn -0.3042 -0.9504 -0.0652
vn -0.3042 -0.9504 -0.0653
vn -0.3043 -0.9503 -0.0653
vn -0.3044 -0.9503 -0.0656
vn -0.2806 -0.9575 -0.0675
vn -0.2806 -0.9574 -0.0676
vn -0.2581 -0.9636 -0.0690
vn -0.2581 -0.9636 -0.0691
vn -0.2581 -0.9636 -0.0695
vn -0.2581 -0.9636 -0.0692
vn -0.2360 -0.9692 -0.0699
vn -0.2360 -0.9693 -0.0697
vn -0.2134 -0.9745 -0.0699
vn -0.2134 -0.9745 -0.0698
vn -0.1896 -0.9794 -0.0697
vn -0.1646 -0.9839 -0.0691
vn -0.1375 -0.9881 -0.0690
vn -0.4737 -0.8804 -0.0208
vn -0.4386 -0.8984 -0.0224
vn -0.4077 -0.9127 -0.0261
vn -0.3795 -0.9247 -0.0303
vn -0.3539 -0.9346 -0.0348
vn -0.3539 -0.9346 -0.0347
vn -0.3539 -0.9346 -0.0349
vn -0.3298 -0.9433 -0.0384
vn -0.3062 -0.9511 -0.0412
vn -0.3062 -0.9511 -0.0414
vn -0.2828 -0.9582 -0.0426
vn -0.2825 -0.9583 -0.0432
vn -0.2826 -0.9583 -0.0427
vn -0.2826 -0.9583 -0.0426
vn -0.2598 -0.9646 -0.0444
vn -0.2598 -0.9646 -0.0445
vn -0.2373 -0.9704 -0.0447
vn -0.2373 -0.9704 -0.0448
vn -0.2143 -0.9758 -0.0441
vn -0.1899 -0.9808 -0.0433
vn -0.1899 -0.9809 -0.0433
vn -0.1637 -0.9856 -0.0429
vn -0.1343 -0.9900 -0.0443
vn -0.4823 -0.8760 -0.0052
vn -0.4448 -0.8956 -0.0061
vn -0.4480 -0.8940 0.0014
vn -0.4471 -0.8945 -0.0038
vn -0.4140 -0.9102 -0.0074
vn -0.4123 -0.9110 -0.0092
vn -0.4153 -0.9097 -0.0001
vn -0.3845 -0.9230 -0.0114
vn -0.3831 -0.9236 -0.0132
vn -0.3853 -0.9228 -0.0037
vn -0.3576 -0.9337 -0.0160
vn -0.3567 -0.9341 -0.0174
vn -0.3581 -0.9336 -0.0071
vn -0.3327 -0.9428 -0.0197
vn -0.3319 -0.9431 -0.0209
vn -0.3329 -0.9429 -0.0095
vn -0.3083 -0.9510 -0.0229
vn -0.3077 -0.9512 -0.0234
vn -0.3083 -0.9512 -0.0114
vn -0.2841 -0.9587 -0.0125
vn -0.2886 -0.9573 -0.0147
vn -0.2838 -0.9586 -0.0250
vn -0.2838 -0.9586 -0.0251
vn -0.2588 -0.9656 -0.0269
vn -0.2609 -0.9650 -0.0269
vn -0.2606 -0.9651 -0.0260
vn -0.2609 -0.9653 -0.0125
vn -0.2316 -0.9725 -0.0234
vn -0.2374 -0.9711 -0.0262
vn -0.2419 -0.9702 -0.0146
vn -0.2137 -0.9766 -0.0254
vn -0.2130 -0.9768 -0.0227
vn -0.2128 -0.9770 -0.0144
vn -0.2137 -0.9766 -0.0255
vn -0.1857 -0.9825 -0.0161
vn -0.1884 -0.9818 -0.0246
vn -0.1885 -0.9819 -0.0199
vn -0.1581 -0.9873 -0.0162
vn -0.1608 -0.9867 -0.0243
vn -0.1608 -0.9867 -0.0244
vn -0.1595 -0.9870 -0.0189
vn -0.1295 -0.9912 -0.0260
vn -0.4930 -0.8700 0.0067
vn -0.4906 -0.8714 0.0060
vn -0.4952 -0.8687 0.0110
vn -0.4542 -0.8909 0.0092
vn -0.4537 -0.8911 0.0064
vn -0.4189 -0.9080 0.0028
vn -0.4191 -0.9079 0.0057
vn -0.3881 -0.9216 -0.0007
vn -0.3883 -0.9215 0.0025
vn -0.3608 -0.9326 0.0010
vn -0.3603 -0.9328 -0.0047
vn -0.3344 -0.9424 -0.0071
vn -0.3340 -0.9426 -0.0018
vn -0.3092 -0.9509 -0.0097
vn -0.3092 -0.9510 -0.0025
vn -0.2846 -0.9586 -0.0118
vn -0.2844 -0.9587 -0.0034
vn -0.2604 -0.9655 -0.0046
vn -0.2606 -0.9654 -0.0119
vn -0.2362 -0.9717 -0.0050
vn -0.2362 -0.9716 -0.0112
vn -0.2116 -0.9773 -0.0108
vn -0.2116 -0.9773 -0.0056
vn -0.1844 -0.9828 -0.0047
vn -0.1848 -0.9827 -0.0090
vn -0.1549 -0.9879 -0.0041
vn -0.1555 -0.9878 -0.0080
vn -0.1243 -0.9922 -0.0116
vn -0.1219 -0.9925 -0.0073
vn -0.1214 -0.9926 -0.0061
vn -0.5001 -0.8659 0.0104
vn -0.5004 -0.8657 0.0126
vn -0.4580 -0.8889 0.0098
vn -0.4593 -0.8882 0.0112
vn -0.4225 -0.9063 0.0086
vn -0.4233 -0.9060 0.0080
vn -0.3908 -0.9205 0.0058
vn -0.3913 -0.9203 0.0056
vn -0.3626 -0.9319 0.0041
vn -0.3629 -0.9318 0.0022
vn -0.3354 -0.9421 0.0031
vn -0.3353 -0.9421 0.0005
vn -0.3108 -0.9505 0.0022
vn -0.3095 -0.9509 -0.0015
vn -0.2848 -0.9586 -0.0029
vn -0.2852 -0.9585 0.0023
vn -0.2602 -0.9656 -0.0031
vn -0.2627 -0.9649 -0.0020
vn -0.2354 -0.9719 -0.0030
vn -0.2360 -0.9717 0.0007
vn -0.2084 -0.9780 -0.0005
vn -0.2100 -0.9777 -0.0016
vn -0.1827 -0.9832 -0.0016
vn -0.1822 -0.9833 0.0017
vn -0.1526 -0.9883 -0.0009
vn -0.1518 -0.9884 0.0023
vn -0.1175 -0.9931 -0.0002
vn -0.1170 -0.9931 0.0022
vn -0.5052 -0.8629 0.0118
vn -0.5045 -0.8633 0.0095
vn -0.4623 -0.8867 0.0095
vn -0.4619 -0.8869 0.0088
vn -0.4256 -0.9049 0.0084
vn -0.4253 -0.9050 0.0074
vn -0.3931 -0.9195 0.0068
vn -0.3930 -0.9195 0.0063
vn -0.3640 -0.9314 0.0052
vn -0.3639 -0.9314 0.0050
vn -0.3365 -0.9417 0.0043
vn -0.3365 -0.9417 0.0040
vn -0.3104 -0.9506 0.0033
vn -0.3103 -0.9506 0.0031
vn -0.2853 -0.9584 0.0038
vn -0.2855 -0.9584 0.0033
vn -0.2608 -0.9654 0.0026
vn -0.2597 -0.9657 0.0016
vn -0.2348 -0.9720 0.0034
vn -0.2347 -0.9721 0.0015
vn -0.2087 -0.9780 0.0031
vn -0.2086 -0.9780 0.0033
vn -0.1807 -0.9835 0.0032
vn -0.1810 -0.9835 0.0038
vn -0.1497 -0.9887 0.0037
vn -0.1499 -0.9887 0.0045
vn -0.1142 -0.9935 0.0041
vn -0.1142 -0.9934 0.0052
vn -0.5045 -0.8634 0.0033
vn -0.5077 -0.8616 0.0020
vn -0.4642 -0.8857 0.0021
vn -0.4613 -0.8872 0.0042
vn -0.4265 -0.9045 0.0018
vn -0.4264 -0.9045 0.0067
vn -0.3939 -0.9191 0.0025
vn -0.3941 -0.9191 0.0062
vn -0.3645 -0.9312 0.0036
vn -0.3650 -0.9310 0.0044
vn -0.3369 -0.9415 0.0035
vn -0.3366 -0.9416 0.0042
vn -0.3107 -0.9505 0.0040
vn -0.3107 -0.9505 0.0039
vn -0.2849 -0.9586 0.0037
vn -0.2850 -0.9585 0.0038
vn -0.2595 -0.9657 0.0040
vn -0.2598 -0.9656 0.0037
vn -0.2347 -0.9721 0.0041
vn -0.2348 -0.9720 0.0040
vn -0.2084 -0.9780 0.0042
vn -0.2079 -0.9781 0.0049
vn -0.1801 -0.9836 0.0049
vn -0.1802 -0.9836 0.0050
vn -0.1487 -0.9889 0.0055
vn -0.1488 -0.9889 0.0054
vn -0.1127 -0.9936 0.0056
vn -0.1128 -0.9936 0.0060
vn -0.5056 -0.8628 -0.0025
vn -0.5049 -0.8632 -0.0000
vn -0.4627 -0.8865 -0.0015
vn -0.4622 -0.8868 0.0003
vn -0.4255 -0.9049 0.0003
vn -0.4258 -0.9048 0.0014
vn -0.3931 -0.9195 0.0016
vn -0.3933 -0.9194 0.0022
vn -0.3639 -0.9314 0.0029
vn -0.3639 -0.9314 0.0028
vn -0.3367 -0.9416 0.0038
vn -0.3368 -0.9416 0.0037
vn -0.3105 -0.9506 0.0049
vn -0.3107 -0.9505 0.0042
vn -0.2851 -0.9585 0.0058
vn -0.2850 -0.9585 0.0047
vn -0.2609 -0.9653 0.0061
vn -0.2602 -0.9655 0.0045
vn -0.2337 -0.9723 0.0062
vn -0.2349 -0.9720 0.0047
vn -0.2084 -0.9780 0.0068
vn -0.2087 -0.9780 0.0054
vn -0.1808 -0.9835 0.0067
vn -0.1802 -0.9836 0.0054
vn -0.1496 -0.9887 0.0066
vn -0.1493 -0.9888 0.0058
vn -0.1133 -0.9935 0.0061
vn -0.1135 -0.9935 0.0072
vn -0.5003 -0.8658 -0.0032
vn -0.5015 -0.8652 -0.0016
vn -0.4587 -0.8886 -0.0018
vn -0.4597 -0.8881 -0.0010
vn -0.4233 -0.9060 -0.0001
vn -0.4231 -0.9061 0.0010
vn -0.3915 -0.9202 0.0018
vn -0.3913 -0.9202 0.0033
vn -0.3627 -0.9319 0.0037
vn -0.3626 -0.9319 0.0056
vn -0.3358 -0.9419 0.0048
vn -0.3362 -0.9418 0.0083
vn -0.3096 -0.9509 0.0057
vn -0.3098 -0.9507 0.0097
vn -0.2856 -0.9583 0.0112
vn -0.2870 -0.9579 0.0095
vn -0.2603 -0.9654 0.0125
vn -0.2604 -0.9655 0.0069
vn -0.2350 -0.9719 0.0127
vn -0.2351 -0.9719 0.0078
vn -0.2095 -0.9777 0.0122
vn -0.2094 -0.9778 0.0081
vn -0.1821 -0.9832 0.0115
vn -0.1822 -0.9832 0.0089
vn -0.1516 -0.9884 0.0115
vn -0.1515 -0.9884 0.0089
vn -0.1165 -0.9931 0.0122
vn -0.1165 -0.9931 0.0098
vn -0.4947 -0.8691 0.0001
vn -0.4939 -0.8695 0.0035
vn -0.4540 -0.8910 0.0044
vn -0.4544 -0.8908 0.0010
vn -0.4194 -0.9078 0.0042
vn -0.4196 -0.9077 0.0053
vn -0.3885 -0.9214 0.0068
vn -0.3880 -0.9216 0.0084
vn -0.3618 -0.9322 0.0097
vn -0.3599 -0.9329 0.0119
vn -0.3347 -0.9423 0.0099
vn -0.3340 -0.9424 0.0160
vn -0.3092 -0.9509 0.0111
vn -0.3090 -0.9509 0.0188
vn -0.2888 -0.9572 0.0167
vn -0.2857 -0.9581 0.0209
vn -0.2616 -0.9650 0.0210
vn -0.2607 -0.9653 0.0131
vn -0.2355 -0.9716 0.0208
vn -0.2342 -0.9721 0.0141
vn -0.2106 -0.9775 0.0143
vn -0.2105 -0.9774 0.0206
vn -0.1842 -0.9827 0.0207
vn -0.1838 -0.9829 0.0145
vn -0.1550 -0.9877 0.0208
vn -0.1542 -0.9879 0.0146
vn -0.1214 -0.9924 0.0220
vn -0.1200 -0.9926 0.0157
vn -0.4913 -0.8710 0.0043
vn -0.4493 -0.8933 0.0072
vn -0.4484 -0.8937 0.0134
vn -0.4152 -0.9097 0.0110
vn -0.4148 -0.9098 0.0169
vn -0.3850 -0.9228 0.0144
vn -0.3846 -0.9229 0.0210
vn -0.3580 -0.9334 0.0255
vn -0.3582 -0.9335 0.0174
vn -0.3379 -0.9408 0.0257
vn -0.3280 -0.9445 0.0200
vn -0.3080 -0.9508 0.0339
vn -0.3077 -0.9513 0.0192
vn -0.2845 -0.9580 0.0354
vn -0.2843 -0.9585 0.0212
vn -0.2601 -0.9653 0.0225
vn -0.2601 -0.9653 0.0226
vn -0.2366 -0.9710 0.0351
vn -0.2358 -0.9715 0.0242
vn -0.2123 -0.9766 0.0345
vn -0.2129 -0.9767 0.0258
vn -0.1852 -0.9824 0.0223
vn -0.1562 -0.9875 0.0224
vn -0.1231 -0.9921 0.0240
vn -0.4831 -0.8754 0.0162
vn -0.4454 -0.8952 0.0168
vn -0.4128 -0.9106 0.0195
vn -0.3834 -0.9233 0.0233
vn -0.3568 -0.9338 0.0273
vn -0.3568 -0.9338 0.0271
vn -0.3318 -0.9429 0.0307
vn -0.3075 -0.9510 0.0332
vn -0.3075 -0.9510 0.0333
vn -0.2833 -0.9584 0.0351
vn -0.2833 -0.9584 0.0353
vn -0.2599 -0.9649 0.0367
vn -0.2599 -0.9649 0.0365
vn -0.2600 -0.9649 0.0366
vn -0.2599 -0.9649 0.0370
vn -0.2368 -0.9709 0.0367
vn -0.2367 -0.9709 0.0368
vn -0.2128 -0.9764 0.0366
vn -0.1873 -0.9816 0.0363
vn -0.1874 -0.9816 0.0364
vn -0.1595 -0.9865 0.0367
vn -0.1281 -0.9910 0.0391
vn -0.4743 -0.8798 0.0325
vn -0.4391 -0.8978 0.0338
vn -0.4080 -0.9122 0.0372
vn -0.3796 -0.9242 0.0414
vn -0.3796 -0.9242 0.0413
vn -0.3796 -0.9242 0.0412
vn -0.3539 -0.9342 0.0456
vn -0.3539 -0.9342 0.0455
vn -0.3296 -0.9428 0.0493
vn -0.3296 -0.9428 0.0494
vn -0.3058 -0.9507 0.0522
vn -0.2818 -0.9579 0.0544
vn -0.2817 -0.9579 0.0551
vn -0.2819 -0.9579 0.0545
vn -0.2816 -0.9580 0.0548
vn -0.2590 -0.9643 0.0558
vn -0.2590 -0.9643 0.0557
vn -0.2589 -0.9643 0.0557
vn -0.2364 -0.9700 0.0564
vn -0.2364 -0.9700 0.0565
vn -0.2133 -0.9754 0.0562
vn -0.1887 -0.9804 0.0560
vn -0.1622 -0.9852 0.0561
vn -0.1327 -0.9894 0.0582
vn -0.4659 -0.8831 0.0558
vn -0.4333 -0.8993 0.0591
vn -0.4039 -0.9126 0.0630
vn -0.3762 -0.9241 0.0670
vn -0.3762 -0.9241 0.0669
vn -0.3510 -0.9337 0.0711
vn -0.3510 -0.9337 0.0710
vn -0.3271 -0.9420 0.0747
vn -0.3271 -0.9420 0.0746
vn -0.3036 -0.9496 0.0775
vn -0.3036 -0.9496 0.0776
vn -0.2799 -0.9567 0.0799
vn -0.2799 -0.9567 0.0800
vn -0.2800 -0.9567 0.0796
vn -0.2800 -0.9567 0.0795
vn -0.2572 -0.9629 0.0817
vn -0.2571 -0.9629 0.0816
vn -0.2572 -0.9629 0.0820
vn -0.2573 -0.9629 0.0820
vn -0.2346 -0.9685 0.0830
vn -0.2348 -0.9685 0.0830
vn -0.2348 -0.9685 0.0831
vn -0.2345 -0.9686 0.0829
vn -0.2121 -0.9737 0.0832
vn -0.2121 -0.9737 0.0831
vn -0.1882 -0.9786 0.0833
vn -0.1882 -0.9786 0.0834
vn -0.1881 -0.9786 0.0835
vn -0.1631 -0.9831 0.0833
vn -0.1358 -0.9872 0.0838
vn -0.4932 -0.8665 -0.0774
vn -0.4932 -0.8664 -0.0774
vn -0.4596 -0.8846 -0.0786
vn -0.4301 -0.8989 -0.0835
vn -0.4301 -0.8989 -0.0836
vn -0.4301 -0.8989 -0.0837
vn -0.4015 -0.9118 -0.0865
vn -0.4015 -0.9118 -0.0866
vn -0.4015 -0.9117 -0.0867
vn -0.4015 -0.9117 -0.0866
vn -0.3740 -0.9231 -0.0896
vn -0.3744 -0.9230 -0.0896
vn -0.3741 -0.9230 -0.0897
vn -0.3489 -0.9326 -0.0925
vn -0.3251 -0.9409 -0.0951
vn -0.3251 -0.9409 -0.0953
vn -0.3251 -0.9408 -0.0954
vn -0.3015 -0.9485 -0.0975
vn -0.3015 -0.9484 -0.0979
vn -0.3015 -0.9484 -0.0978
vn -0.2776 -0.9555 -0.1000
vn -0.2775 -0.9555 -0.0998
vn -0.2776 -0.9555 -0.1001
vn -0.2548 -0.9616 -0.1021
vn -0.2324 -0.9670 -0.1041
vn -0.2323 -0.9670 -0.1044
vn -0.2324 -0.9670 -0.1040
vn -0.2325 -0.9670 -0.1038
vn -0.2100 -0.9720 -0.1051
vn -0.2099 -0.9720 -0.1054
vn -0.2099 -0.9720 -0.1053
vn -0.1858 -0.9768 -0.1065
vn -0.1858 -0.9768 -0.1062
vn -0.1860 -0.9768 -0.1060
vn -0.1858 -0.9768 -0.1064
vn -0.1614 -0.9810 -0.1076
vn -0.1613 -0.9811 -0.1072
vn -0.1614 -0.9810 -0.1075
vn -0.1368 -0.9850 -0.1055
vn -0.1089 -0.9883 -0.1070
vn -0.1058 -0.9916 -0.0744
vn -0.0996 -0.9937 -0.0510
vn -0.0923 -0.9952 -0.0319
vn -0.0845 -0.9963 -0.0151
vn -0.0723 -0.9974 0.0016
vn -0.0757 -0.9971 -0.0016
vn -0.0708 -0.9975 0.0005
vn -0.0653 -0.9979 0.0054
vn -0.0657 -0.9978 0.0041
vn -0.0634 -0.9980 0.0060
vn -0.0636 -0.9980 0.0066
vn -0.0649 -0.9979 0.0083
vn -0.0656 -0.9978 0.0080
vn -0.0700 -0.9975 0.0134
vn -0.0705 -0.9974 0.0122
vn -0.0733 -0.9972 0.0164
vn -0.0815 -0.9963 0.0282
vn -0.0901 -0.9949 0.0452
vn -0.0901 -0.9949 0.0451
vn -0.0979 -0.9930 0.0656
vn -0.1041 -0.9905 0.0897
vn -0.1040 -0.9905 0.0897
vn -0.1073 -0.9866 0.1225
vn -0.1073 -0.9867 0.1225
vn -0.1352 -0.9834 0.1208
vn -0.1596 -0.9796 0.1222
vn -0.1597 -0.9796 0.1222
vn -0.1596 -0.9796 0.1221
vn -0.1598 -0.9796 0.1217
vn -0.1843 -0.9754 0.1210
vn -0.1844 -0.9754 0.1209
vn -0.1843 -0.9754 0.1213
vn -0.1842 -0.9754 0.1213
vn -0.2080 -0.9707 0.1200
vn -0.2083 -0.9707 0.1201
vn -0.2082 -0.9707 0.1198
vn -0.2082 -0.9707 0.1196
vn -0.2311 -0.9658 0.1178
vn -0.2310 -0.9658 0.1174
vn -0.2310 -0.9658 0.1175
vn -0.2310 -0.9658 0.1176
vn -0.2535 -0.9604 0.1153
vn -0.2535 -0.9604 0.1158
vn -0.2534 -0.9604 0.1161
vn -0.2535 -0.9604 0.1160
vn -0.2765 -0.9543 0.1137
vn -0.2766 -0.9542 0.1139
vn -0.2769 -0.9541 0.1141
vn -0.3004 -0.9473 0.1114
vn -0.3003 -0.9473 0.1114
vn -0.3004 -0.9473 0.1113
vn -0.3245 -0.9396 0.1085
vn -0.3243 -0.9397 0.1086
vn -0.3483 -0.9314 0.1058
vn -0.3483 -0.9314 0.1057
vn -0.3483 -0.9314 0.1055
vn -0.3735 -0.9219 0.1026
vn -0.4011 -0.9106 0.0996
vn -0.4298 -0.8977 0.0965
vn -0.4298 -0.8977 0.0967
vn -0.4595 -0.8834 0.0915
vn -0.4931 -0.8653 0.0903
vn -0.5036 -0.8620 0.0585
vn -0.5155 -0.8561 0.0369
vn -0.5276 -0.8492 0.0204
vn -0.5387 -0.8425 0.0074
vn -0.5418 -0.8405 0.0067
vn -0.5447 -0.8386 0.0009
vn -0.5509 -0.8346 0.0016
vn -0.5511 -0.8344 -0.0018
vn -0.5568 -0.8307 0.0010
vn -0.5561 -0.8311 -0.0017
vn -0.5576 -0.8301 0.0077
vn -0.5570 -0.8305 0.0012
vn -0.5551 -0.8317 0.0092
vn -0.5563 -0.8309 0.0103
vn -0.5511 -0.8343 0.0131
vn -0.5504 -0.8349 0.0099
vn -0.5426 -0.8400 0.0057
vn -0.5419 -0.8404 0.0079
vn -0.5378 -0.8431 0.0033
vn -0.5268 -0.8499 -0.0090
vn -0.5149 -0.8569 -0.0250
vn -0.5032 -0.8629 -0.0460
vn 0.5884 0.8000 -0.1176
vn 0.6277 0.7611 -0.1633
vn 0.6277 0.7612 -0.1633
vn 0.6640 0.7171 -0.2117
vn 0.6972 0.6661 -0.2650
vn 0.7238 0.6104 -0.3216
vn 0.7420 0.5507 -0.3824
vn 0.7489 0.4886 -0.4477
vn 0.6143 0.7848 -0.0816
vn 0.6147 0.7845 -0.0820
vn 0.6146 0.7846 -0.0819
vn 0.6648 0.7370 -0.1218
vn 0.7123 0.6814 -0.1682
vn 0.7551 0.6177 -0.2197
vn 0.7551 0.6178 -0.2197
vn 0.7896 0.5485 -0.2752
vn 0.8132 0.4751 -0.3362
vn 0.8131 0.4751 -0.3362
vn 0.8228 0.4013 -0.4025
vn 0.6374 0.7686 -0.0549
vn 0.6374 0.7686 -0.0550
vn 0.6374 0.7686 -0.0551
vn 0.6960 0.7128 -0.0861
vn 0.7533 0.6455 -0.1258
vn 0.7534 0.6455 -0.1258
vn 0.8051 0.5674 -0.1728
vn 0.8461 0.4832 -0.2250
vn 0.8742 0.4113 -0.2580
vn 0.8731 0.3956 -0.2848
vn 0.8728 0.4035 -0.2746
vn 0.8847 0.3147 -0.3439
vn 0.8833 0.3100 -0.3517
vn 0.8834 0.3123 -0.3492
vn 0.6572 0.7529 -0.0337
vn 0.7224 0.6891 -0.0564
vn 0.7225 0.6891 -0.0568
vn 0.6734 0.7390 -0.0185
vn 0.6851 0.7284 -0.0087
vn 0.6895 0.7242 -0.0106
vn 0.6884 0.7253 -0.0090
vn 0.4110 0.0710 -0.9089
vn 0.4274 -0.0083 -0.9040
vn 0.4440 -0.0662 -0.8936
vn 0.4943 0.1297 -0.8595
vn 0.5240 0.0364 -0.8509
vn 0.5240 0.0365 -0.8509
vn 0.5470 -0.0443 -0.8360
vn 0.5682 0.1879 -0.8011
vn 0.6128 0.0891 -0.7852
vn 0.6466 -0.0048 -0.7628
vn 0.6466 -0.0047 -0.7628
vn 0.6327 0.2477 -0.7337
vn 0.6892 0.1457 -0.7098
vn 0.7331 0.0428 -0.6787
vn 0.6837 0.3068 -0.6622
vn 0.7490 0.2040 -0.6304
vn 0.8004 0.0971 -0.5915
vn 0.7204 0.3665 -0.5888
vn 0.7916 0.2663 -0.5499
vn 0.8481 0.1611 -0.5047
vn 0.4097 0.0530 0.9107
vn 0.4099 0.0530 0.9106
vn 0.4963 0.1150 0.8605
vn 0.5730 0.1766 0.8003
vn 0.6395 0.2394 0.7305
vn 0.6916 0.3012 0.6565
vn 0.7287 0.3629 0.5808
vn 0.7286 0.3629 0.5808
vn 0.7500 0.4252 0.5066
vn 0.4247 -0.0279 0.9049
vn 0.5241 0.0188 0.8515
vn 0.5241 0.0188 0.8514
vn 0.6160 0.0745 0.7842
vn 0.6948 0.1343 0.7065
vn 0.7560 0.1956 0.6246
vn 0.7990 0.2607 0.5418
vn 0.7991 0.2607 0.5418
vn 0.8232 0.3288 0.4628
vn 0.4401 -0.0898 0.8934
vn 0.5461 -0.0626 0.8354
vn 0.6478 -0.0220 0.7615
vn 0.7369 0.0289 0.6754
vn 0.8058 0.0864 0.5859
vn 0.8542 0.1534 0.4968
vn 0.8815 0.2279 0.4135
vn 0.4561 -0.1357 0.8795
vn 0.5642 -0.1280 0.8157
vn 0.6701 -0.1065 0.7346
vn 0.6700 -0.1065 0.7347
vn 0.6700 -0.1065 0.7346
vn 0.7499 -0.0621 0.6586
vn 0.7641 -0.0708 0.6412
vn 0.7475 -0.0608 0.6614
vn 0.5892 0.8012 0.1050
vn 0.5892 0.8011 0.1053
vn 0.6148 0.7856 0.0695
vn 0.6149 0.7855 0.0696
vn 0.6149 0.7856 0.0696
vn 0.6372 0.7695 0.0430
vn 0.6371 0.7696 0.0430
vn 0.6568 0.7538 0.0222
vn 0.6729 0.7397 0.0075
vn 0.6729 0.7397 0.0076
vn 0.6821 0.7312 0.0024
vn 0.6847 0.7288 -0.0019
vn 0.6793 0.7338 0.0073
vn 0.6294 0.7623 0.1508
vn 0.6659 0.7380 0.1093
vn 0.6965 0.7138 0.0739
vn 0.7228 0.6897 0.0446
vn 0.7225 0.6899 0.0451
vn 0.7221 0.6903 0.0450
vn 0.7437 0.6681 0.0232
vn 0.7436 0.6683 0.0233
vn 0.7435 0.6683 0.0232
vn 0.6668 0.7180 0.1994
vn 0.7144 0.6822 0.1558
vn 0.7547 0.6461 0.1137
vn 0.7882 0.6107 0.0760
vn 0.7882 0.6107 0.0759
vn 0.7011 0.6667 0.2529
vn 0.7583 0.6179 0.2076
vn 0.8077 0.5673 0.1608
vn 0.8076 0.5673 0.1608
vn 0.7290 0.6103 0.3100
vn 0.7289 0.6104 0.3100
vn 0.7940 0.5479 0.2634
vn 0.8498 0.4821 0.2133
vn 0.8497 0.4821 0.2133
vn 0.7482 0.5499 0.3714
vn 0.7481 0.5499 0.3714
vn 0.8187 0.4734 0.3250
vn 0.8777 0.3932 0.2738
vn 0.7423 0.4273 -0.5162
vn 0.8161 0.3326 -0.4726
vn 0.8756 0.2331 -0.4231
vn 0.8756 0.2332 -0.4231
vn 0.7561 0.4869 0.4374
vn 0.8292 0.3985 0.3921
vn 0.8292 0.3985 0.3920
vn 0.8887 0.3061 0.3414
vn 0.5281 0.8413 -0.1155
vn 0.5280 0.8413 -0.1156
vn 0.5557 0.8156 -0.1613
vn 0.5822 0.7867 -0.2054
vn 0.5822 0.7866 -0.2054
vn 0.6087 0.7520 -0.2529
vn 0.6328 0.7110 -0.3068
vn 0.6517 0.6657 -0.3635
vn 0.6518 0.6657 -0.3634
vn 0.6638 0.6170 -0.4228
vn 0.6670 0.5651 -0.4855
vn 0.5467 0.8337 -0.0773
vn 0.5463 0.8340 -0.0778
vn 0.5634 0.8245 -0.0526
vn 0.5802 0.8138 -0.0331
vn 0.5949 0.8036 -0.0172
vn 0.6099 0.7924 -0.0074
vn 0.6069 0.7947 -0.0070
vn 0.6126 0.7904 -0.0021
vn 0.6178 0.7863 -0.0016
vn 0.6176 0.7865 -0.0045
vn 0.6192 0.7852 -0.0049
vn 0.6197 0.7848 -0.0068
vn 0.6192 0.7852 -0.0050
vn 0.3196 0.1002 -0.9422
vn 0.3219 0.0203 -0.9466
vn 0.3316 -0.0342 -0.9428
vn 0.3655 -0.0454 -0.9297
vn 0.3902 0.1681 -0.9053
vn 0.4527 0.2263 -0.8625
vn 0.5121 0.2834 -0.8108
vn 0.5121 0.2834 -0.8109
vn 0.5658 0.3437 -0.7495
vn 0.6087 0.4015 -0.6843
vn 0.6399 0.4571 -0.6177
vn 0.6594 0.5118 -0.5507
vn 0.3171 0.0822 0.9448
vn 0.3169 0.0822 0.9449
vn 0.3909 0.1541 0.9074
vn 0.4560 0.2153 0.8636
vn 0.4560 0.2153 0.8635
vn 0.5176 0.2751 0.8102
vn 0.5731 0.3384 0.7464
vn 0.6170 0.3984 0.6787
vn 0.6484 0.4557 0.6098
vn 0.6676 0.5112 0.5413
vn 0.6675 0.5112 0.5413
vn 0.3172 -0.0006 0.9484
vn 0.3263 -0.0560 0.9436
vn 0.3388 -0.0993 0.9356
vn 0.3873 -0.0832 0.9182
vn 0.5287 0.8426 0.1028
vn 0.5286 0.8426 0.1028
vn 0.5462 0.8351 0.0652
vn 0.5630 0.8255 0.0403
vn 0.5796 0.8146 0.0214
vn 0.5942 0.8043 0.0061
vn 0.6091 0.7931 -0.0030
vn 0.6120 0.7908 -0.0081
vn 0.6063 0.7952 -0.0037
vn 0.6063 0.7953 -0.0037
vn 0.6168 0.7871 -0.0066
vn 0.6181 0.7860 -0.0087
vn 0.5572 0.8169 0.1489
vn 0.5846 0.7880 0.1931
vn 0.6121 0.7533 0.2407
vn 0.6372 0.7120 0.2950
vn 0.6372 0.7119 0.2950
vn 0.6573 0.6663 0.3522
vn 0.6703 0.6171 0.4121
vn 0.6744 0.5649 0.4755
vn -0.2330 0.2294 -0.9450
vn -0.2516 0.1955 -0.9479
vn -0.2765 0.1018 -0.9556
vn -0.2749 0.1009 -0.9562
vn -0.2721 0.1043 -0.9566
vn -0.2030 0.2189 -0.9544
vn -0.2205 0.1805 -0.9585
vn -0.2685 0.1052 -0.9575
vn -0.1741 0.2095 -0.9622
vn -0.1906 0.1690 -0.9670
vn -0.2087 0.0964 -0.9732
vn -0.2023 0.1013 -0.9741
vn -0.2018 0.0977 -0.9745
vn -0.1459 0.1998 -0.9689
vn -0.1458 0.1999 -0.9689
vn -0.1458 0.2000 -0.9689
vn -0.1615 0.1593 -0.9739
vn -0.1615 0.1592 -0.9739
vn -0.1967 0.0953 -0.9758
vn -0.1184 0.1901 -0.9746
vn -0.1184 0.1900 -0.9746
vn -0.1185 0.1904 -0.9745
vn -0.1332 0.1494 -0.9798
vn -0.1501 0.0622 -0.9867
vn -0.1478 0.0624 -0.9870
vn -0.1471 0.0637 -0.9871
vn -0.0911 0.1787 -0.9797
vn -0.0910 0.1790 -0.9796
vn -0.0911 0.1788 -0.9797
vn -0.1051 0.1378 -0.9849
vn -0.1051 0.1381 -0.9848
vn -0.1051 0.1380 -0.9848
vn -0.1457 0.0620 -0.9874
vn -0.0629 0.1656 -0.9842
vn -0.0627 0.1658 -0.9842
vn -0.0769 0.1241 -0.9893
vn -0.0769 0.1242 -0.9893
vn -0.0877 0.0409 -0.9953
vn -0.0911 0.0410 -0.9950
vn -0.0848 0.0390 -0.9956
vn -0.0331 0.1505 -0.9881
vn -0.0465 0.1084 -0.9930
vn -0.0826 0.0376 -0.9959
vn -0.0031 0.1341 -0.9910
vn -0.0163 0.0908 -0.9957
vn -0.0247 0.0591 -0.9979
vn 0.0275 0.1157 -0.9929
vn 0.0147 0.0710 -0.9974
vn 0.0148 0.0710 -0.9974
vn 0.0062 0.0186 -0.9998
vn 0.0606 0.0951 -0.9936
vn 0.0486 0.0488 -0.9976
vn 0.0344 0.0047 -0.9994
vn 0.0346 0.0047 -0.9994
vn 0.0341 0.0043 -0.9994
vn 0.0979 0.0729 -0.9925
vn 0.0870 0.0252 -0.9959
vn 0.0827 -0.0127 -0.9965
vn 0.1388 0.0491 -0.9891
vn 0.1306 0.0009 -0.9914
vn 0.1305 0.0009 -0.9914
vn 0.1311 -0.0293 -0.9909
vn 0.1311 -0.0289 -0.9910
vn 0.1851 0.0245 -0.9824
vn 0.1824 -0.0219 -0.9830
vn 0.1854 -0.0518 -0.9813
vn 0.1850 -0.0518 -0.9814
vn -0.2396 0.2933 -0.9255
vn -0.2636 0.2498 -0.9317
vn -0.2831 0.2217 -0.9331
vn -0.3646 0.1229 -0.9230
vn 0.2245 -0.0494 -0.9732
vn 0.2479 -0.0369 -0.9681
vn 0.2434 0.0076 -0.9699
vn 0.2492 0.0708 -0.9659
vn 0.1994 0.0924 -0.9755
vn 0.1994 0.0924 -0.9756
vn 0.1592 0.1187 -0.9801
vn 0.1193 0.1393 -0.9830
vn 0.0814 0.1585 -0.9840
vn 0.0475 0.1760 -0.9832
vn 0.0166 0.1919 -0.9813
vn 0.0164 0.1920 -0.9813
vn 0.0167 0.1922 -0.9812
vn 0.0167 0.1917 -0.9813
vn -0.0141 0.2067 -0.9783
vn -0.0142 0.2066 -0.9783
vn -0.0443 0.2209 -0.9743
vn -0.0442 0.2210 -0.9743
vn -0.0442 0.2209 -0.9743
vn -0.0443 0.2208 -0.9743
vn -0.0725 0.2334 -0.9697
vn -0.0725 0.2335 -0.9696
vn -0.0725 0.2335 -0.9697
vn -0.0997 0.2448 -0.9644
vn -0.0997 0.2446 -0.9645
vn -0.0996 0.2455 -0.9643
vn -0.0995 0.2450 -0.9644
vn -0.1264 0.2557 -0.9585
vn -0.1261 0.2556 -0.9585
vn -0.1263 0.2553 -0.9586
vn -0.1263 0.2557 -0.9585
vn -0.1539 0.2661 -0.9516
vn -0.1815 0.2758 -0.9439
vn -0.1815 0.2759 -0.9439
vn -0.2098 0.2815 -0.9363
vn 0.1787 0.0033 0.9839
vn 0.1756 -0.0433 0.9835
vn 0.1785 -0.0762 0.9810
vn 0.1832 -0.0595 0.9813
vn 0.1325 0.0288 0.9908
vn 0.1238 -0.0198 0.9921
vn 0.1226 -0.0527 0.9911
vn 0.1428 -0.0503 0.9885
vn 0.0918 0.0531 0.9944
vn 0.0804 0.0051 0.9967
vn 0.0762 -0.0277 0.9967
vn 0.0768 -0.0293 0.9966
vn 0.0767 -0.0289 0.9966
vn 0.0774 -0.0305 0.9965
vn 0.0778 -0.0304 0.9965
vn 0.0545 0.0760 0.9956
vn 0.0421 0.0295 0.9987
vn 0.0384 -0.0062 0.9992
vn 0.0363 -0.0030 0.9993
vn 0.0391 -0.0105 0.9992
vn 0.0420 -0.0139 0.9990
vn 0.0422 -0.0137 0.9990
vn 0.0213 0.0972 0.9950
vn 0.0085 0.0523 0.9986
vn 0.0013 0.0202 0.9998
vn -0.0016 -0.0001 1.0000
vn -0.0019 -0.0000 1.0000
vn -0.0093 0.1161 0.9932
vn -0.0093 0.1160 0.9932
vn -0.0227 0.0725 0.9971
vn -0.0311 0.0408 0.9987
vn -0.0387 0.0146 0.9991
vn -0.0389 0.0147 0.9991
vn -0.0390 0.0149 0.9991
vn -0.0389 0.0148 0.9991
vn -0.0394 0.1328 0.9904
vn -0.0394 0.1327 0.9904
vn -0.0530 0.0901 0.9945
vn -0.0624 0.0587 0.9963
vn -0.0693 0.0268 0.9972
vn -0.0693 0.0267 0.9972
vn -0.0697 0.1478 0.9866
vn -0.0692 0.1478 0.9866
vn -0.0693 0.1477 0.9866
vn -0.0831 0.1055 0.9909
vn -0.0831 0.1057 0.9909
vn -0.0831 0.1058 0.9909
vn -0.0831 0.1056 0.9909
vn -0.0931 0.0746 0.9929
vn -0.1053 0.0448 0.9934
vn -0.0978 0.1608 0.9821
vn -0.1121 0.1194 0.9865
vn -0.1122 0.1196 0.9865
vn -0.1120 0.1195 0.9865
vn -0.1120 0.1193 0.9865
vn -0.1228 0.0886 0.9885
vn -0.1228 0.0884 0.9885
vn -0.1227 0.0881 0.9885
vn -0.1316 0.0552 0.9898
vn -0.1316 0.0551 0.9898
vn -0.1316 0.0553 0.9898
vn -0.1253 0.1720 0.9771
vn -0.1253 0.1718 0.9771
vn -0.1252 0.1721 0.9771
vn -0.1403 0.1301 0.9815
vn -0.1403 0.1302 0.9815
vn -0.1519 0.1000 0.9833
vn -0.1801 0.0489 0.9824
vn -0.1801 0.0490 0.9824
vn -0.1531 0.1813 0.9714
vn -0.1689 0.1395 0.9757
vn -0.1689 0.1394 0.9757
vn -0.1813 0.1100 0.9773
vn -0.1947 0.0510 0.9795
vn -0.1819 0.1904 0.9647
vn -0.1819 0.1905 0.9647
vn -0.1986 0.1486 0.9688
vn -0.1986 0.1486 0.9687
vn -0.1986 0.1487 0.9687
vn -0.2118 0.1201 0.9699
vn -0.2545 0.0572 0.9654
vn -0.2556 0.0553 0.9652
vn -0.2517 0.0557 0.9662
vn -0.2112 0.1991 0.9570
vn -0.2292 0.1588 0.9603
vn -0.2431 0.1324 0.9609
vn -0.2602 0.0535 0.9641
vn -0.2418 0.2090 0.9476
vn -0.2418 0.2090 0.9475
vn -0.2610 0.1725 0.9498
vn -0.2763 0.1493 0.9494
vn -0.3935 -0.0272 0.9189
vn -0.3935 -0.0271 0.9189
vn 0.2444 0.0506 0.9684
vn 0.2373 -0.0140 0.9713
vn 0.2412 -0.0590 0.9687
vn 0.2493 -0.0936 0.9639
vn 0.2573 -0.0662 0.9641
vn -0.3294 0.1509 0.9321
vn -0.2938 0.1957 0.9356
vn -0.2726 0.2278 0.9348
vn -0.2484 0.2742 0.9290
vn -0.2187 0.2629 0.9397
vn -0.1897 0.2577 0.9474
vn -0.1617 0.2482 0.9551
vn -0.1336 0.2375 0.9621
vn -0.1337 0.2379 0.9620
vn -0.1337 0.2376 0.9621
vn -0.1336 0.2377 0.9621
vn -0.1066 0.2272 0.9680
vn -0.1065 0.2273 0.9680
vn -0.1067 0.2272 0.9680
vn -0.1067 0.2273 0.9680
vn -0.0792 0.2161 0.9732
vn -0.0792 0.2160 0.9732
vn -0.0791 0.2161 0.9732
vn -0.0507 0.2033 0.9778
vn -0.0507 0.2031 0.9778
vn -0.0507 0.2032 0.9778
vn -0.0203 0.1890 0.9818
vn 0.0103 0.1741 0.9847
vn 0.0104 0.1740 0.9847
vn 0.0416 0.1580 0.9866
vn 0.0416 0.1581 0.9865
vn 0.0758 0.1401 0.9872
vn 0.1138 0.1206 0.9862
vn 0.1540 0.0996 0.9830
vn 0.1943 0.0726 0.9783
vn 0.1943 0.0726 0.9782
vn 0.4713 0.8588 -0.2009
vn 0.4349 0.8777 -0.2014
vn 0.4019 0.8933 -0.2013
vn 0.4019 0.8933 -0.2012
vn 0.3713 0.9064 -0.2012
vn 0.3713 0.9064 -0.2013
vn 0.3432 0.9175 -0.2012
vn 0.3433 0.9174 -0.2013
vn 0.3172 0.9265 -0.2025
vn 0.3172 0.9265 -0.2024
vn 0.3171 0.9265 -0.2024
vn 0.3171 0.9266 -0.2023
vn 0.2910 0.9347 -0.2040
vn 0.2910 0.9347 -0.2043
vn 0.2910 0.9347 -0.2039
vn 0.2910 0.9348 -0.2036
vn 0.2646 0.9420 -0.2066
vn 0.2392 0.9480 -0.2099
vn 0.2392 0.9480 -0.2098
vn 0.2392 0.9480 -0.2100
vn 0.2142 0.9531 -0.2137
vn 0.1887 0.9575 -0.2181
vn 0.1619 0.9614 -0.2224
vn 0.1338 0.9648 -0.2262
vn 0.1338 0.9649 -0.2262
vn 0.1038 0.9680 -0.2285
vn 0.4833 0.8385 -0.2518
vn 0.4414 0.8599 -0.2565
vn 0.4044 0.8776 -0.2574
vn 0.3709 0.8924 -0.2571
vn 0.3406 0.9045 -0.2565
vn 0.3406 0.9046 -0.2565
vn 0.3121 0.9148 -0.2565
vn 0.3120 0.9147 -0.2570
vn 0.3121 0.9148 -0.2564
vn 0.2840 0.9233 -0.2586
vn 0.2841 0.9233 -0.2585
vn 0.2840 0.9233 -0.2585
vn 0.2559 0.9307 -0.2612
vn 0.2286 0.9369 -0.2644
vn 0.2016 0.9419 -0.2686
vn 0.1739 0.9460 -0.2735
vn 0.1447 0.9497 -0.2778
vn 0.1139 0.9532 -0.2802
vn 0.0805 0.9568 -0.2792
vn 0.0805 0.9569 -0.2792
vn 0.4953 0.8136 -0.3045
vn 0.4480 0.8376 -0.3127
vn 0.4067 0.8574 -0.3155
vn 0.3699 0.8738 -0.3156
vn 0.3366 0.8873 -0.3153
vn 0.3366 0.8872 -0.3155
vn 0.3365 0.8873 -0.3155
vn 0.3053 0.8985 -0.3153
vn 0.3049 0.8982 -0.3165
vn 0.3052 0.8983 -0.3161
vn 0.3054 0.8986 -0.3152
vn 0.2756 0.9073 -0.3176
vn 0.2752 0.9074 -0.3176
vn 0.2755 0.9072 -0.3178
vn 0.2450 0.9152 -0.3201
vn 0.2450 0.9151 -0.3202
vn 0.2156 0.9215 -0.3230
vn 0.1865 0.9265 -0.3268
vn 0.1567 0.9305 -0.3311
vn 0.1252 0.9341 -0.3343
vn 0.0919 0.9378 -0.3348
vn 0.0534 0.9414 -0.3329
vn 0.5054 0.7838 -0.3610
vn 0.4531 0.8107 -0.3707
vn 0.4076 0.8327 -0.3748
vn 0.3674 0.8506 -0.3761
vn 0.3308 0.8652 -0.3769
vn 0.3310 0.8652 -0.3767
vn 0.2971 0.8769 -0.3780
vn 0.2971 0.8768 -0.3780
vn 0.2971 0.8769 -0.3779
vn 0.2642 0.8864 -0.3800
vn 0.2320 0.8945 -0.3822
vn 0.2318 0.8944 -0.3826
vn 0.2320 0.8945 -0.3823
vn 0.2006 0.9011 -0.3845
vn 0.2006 0.9010 -0.3846
vn 0.1694 0.9063 -0.3872
vn 0.1694 0.9063 -0.3873
vn 0.1375 0.9104 -0.3901
vn 0.1375 0.9104 -0.3902
vn 0.1038 0.9141 -0.3921
vn 0.1038 0.9140 -0.3921
vn 0.0676 0.9176 -0.3917
vn 0.0219 0.9204 -0.3904
vn 0.5123 0.7504 -0.4177
vn 0.4555 0.7801 -0.4289
vn 0.4062 0.8038 -0.4346
vn 0.3626 0.8228 -0.4376
vn 0.3230 0.8380 -0.4397
vn 0.2864 0.8501 -0.4419
vn 0.2512 0.8600 -0.4442
vn 0.2512 0.8601 -0.4441
vn 0.2169 0.8684 -0.4459
vn 0.2169 0.8684 -0.4460
vn 0.2169 0.8684 -0.4458
vn 0.1838 0.8752 -0.4474
vn 0.1838 0.8753 -0.4474
vn 0.1508 0.8809 -0.4486
vn 0.1170 0.8855 -0.4497
vn 0.1170 0.8855 -0.4496
vn 0.0817 0.8895 -0.4496
vn 0.0422 0.8927 -0.4487
vn -0.0109 0.8942 -0.4475
vn 0.5147 0.7138 -0.4749
vn 0.4542 0.7460 -0.4870
vn 0.4542 0.7460 -0.4871
vn 0.4542 0.7459 -0.4871
vn 0.4014 0.7709 -0.4945
vn 0.3548 0.7905 -0.4993
vn 0.3125 0.8059 -0.5029
vn 0.3125 0.8059 -0.5028
vn 0.2734 0.8183 -0.5056
vn 0.2734 0.8182 -0.5057
vn 0.2362 0.8285 -0.5077
vn 0.2362 0.8284 -0.5080
vn 0.2362 0.8284 -0.5079
vn 0.2362 0.8285 -0.5078
vn 0.2003 0.8370 -0.5092
vn 0.1656 0.8442 -0.5098
vn 0.1312 0.8503 -0.5097
vn 0.0960 0.8555 -0.5089
vn 0.0961 0.8555 -0.5088
vn 0.0959 0.8556 -0.5087
vn 0.0593 0.8600 -0.5069
vn 0.0166 0.8631 -0.5047
vn -0.0425 0.8636 -0.5023
vn -0.0425 0.8637 -0.5023
vn 0.5114 0.6739 -0.5332
vn 0.5114 0.6739 -0.5333
vn 0.4480 0.7082 -0.5456
vn 0.4480 0.7084 -0.5454
vn 0.4480 0.7083 -0.5456
vn 0.4480 0.7082 -0.5457
vn 0.3926 0.7341 -0.5540
vn 0.3924 0.7340 -0.5542
vn 0.3926 0.7343 -0.5538
vn 0.3927 0.7341 -0.5540
vn 0.3436 0.7540 -0.5598
vn 0.2992 0.7697 -0.5639
vn 0.2992 0.7697 -0.5640
vn 0.2583 0.7823 -0.5668
vn 0.2583 0.7823 -0.5669
vn 0.2197 0.7927 -0.5687
vn 0.2197 0.7927 -0.5686
vn 0.1826 0.8014 -0.5696
vn 0.1827 0.8015 -0.5694
vn 0.1467 0.8088 -0.5695
vn 0.1468 0.8089 -0.5694
vn 0.1467 0.8088 -0.5694
vn 0.1112 0.8153 -0.5683
vn 0.1112 0.8154 -0.5682
vn 0.1112 0.8152 -0.5685
vn 0.1112 0.8151 -0.5685
vn 0.0751 0.8206 -0.5665
vn 0.0751 0.8207 -0.5665
vn 0.0373 0.8255 -0.5632
vn 0.0373 0.8256 -0.5630
vn 0.0373 0.8256 -0.5631
vn -0.0077 0.8291 -0.5591
vn -0.0706 0.8292 -0.5544
vn 0.5010 0.6310 -0.5923
vn 0.4362 0.6670 -0.6041
vn 0.4362 0.6670 -0.6040
vn 0.3793 0.6936 -0.6124
vn 0.3286 0.7137 -0.6186
vn 0.2833 0.7297 -0.6223
vn 0.2413 0.7426 -0.6248
vn 0.2413 0.7425 -0.6248
vn 0.2020 0.7531 -0.6261
vn 0.1640 0.7617 -0.6269
vn 0.1641 0.7616 -0.6270
vn 0.1641 0.7619 -0.6266
vn 0.1641 0.7618 -0.6267
vn 0.1274 0.7693 -0.6260
vn 0.1273 0.7693 -0.6260
vn 0.1276 0.7695 -0.6257
vn 0.1274 0.7694 -0.6260
vn 0.0912 0.7758 -0.6244
vn 0.0912 0.7757 -0.6244
vn 0.0912 0.7757 -0.6245
vn 0.0544 0.7813 -0.6218
vn 0.0544 0.7814 -0.6217
vn 0.0163 0.7861 -0.6179
vn 0.0164 0.7865 -0.6174
vn 0.0162 0.7860 -0.6180
vn -0.0296 0.7903 -0.6120
vn -0.0940 0.7912 -0.6044
vn -0.0940 0.7911 -0.6044
vn -0.0939 0.7914 -0.6041
vn 0.4831 0.5847 -0.6518
vn 0.4831 0.5847 -0.6517
vn 0.4178 0.6213 -0.6629
vn 0.3604 0.6475 -0.6715
vn 0.3093 0.6669 -0.6779
vn 0.3093 0.6670 -0.6779
vn 0.3093 0.6670 -0.6778
vn 0.2631 0.6822 -0.6822
vn 0.2208 0.6948 -0.6845
vn 0.1810 0.7054 -0.6853
vn 0.1427 0.7144 -0.6850
vn 0.1058 0.7219 -0.6838
vn 0.1058 0.7220 -0.6838
vn 0.0697 0.7286 -0.6814
vn 0.0696 0.7284 -0.6816
vn 0.0697 0.7285 -0.6815
vn 0.0332 0.7346 -0.6777
vn -0.0049 0.7399 -0.6727
vn -0.0492 0.7457 -0.6645
vn -0.1125 0.7485 -0.6535
vn -0.1125 0.7486 -0.6535
vn 0.4574 0.5345 -0.7107
vn 0.3930 0.5703 -0.7213
vn 0.3358 0.5948 -0.7304
vn 0.2847 0.6124 -0.7375
vn 0.2384 0.6261 -0.7424
vn 0.1962 0.6376 -0.7449
vn 0.1962 0.6377 -0.7449
vn 0.1962 0.6376 -0.7450
vn 0.1565 0.6481 -0.7453
vn 0.1565 0.6480 -0.7454
vn 0.1184 0.6574 -0.7442
vn 0.1184 0.6575 -0.7441
vn 0.1184 0.6573 -0.7443
vn 0.0820 0.6654 -0.7420
vn 0.0820 0.6653 -0.7420
vn 0.0820 0.6653 -0.7421
vn 0.0466 0.6728 -0.7384
vn 0.0466 0.6728 -0.7383
vn 0.0112 0.6803 -0.7329
vn -0.0256 0.6869 -0.7263
vn -0.0669 0.6943 -0.7165
vn -0.0669 0.6943 -0.7166
vn -0.1268 0.6999 -0.7029
vn 0.4240 0.4786 -0.7689
vn 0.4240 0.4787 -0.7688
vn 0.3616 0.5128 -0.7786
vn 0.3056 0.5350 -0.7876
vn 0.2552 0.5501 -0.7951
vn 0.2096 0.5617 -0.8004
vn 0.1679 0.5720 -0.8029
vn 0.1290 0.5821 -0.8029
vn 0.1290 0.5822 -0.8027
vn 0.1290 0.5821 -0.8028
vn 0.1290 0.5820 -0.8029
vn 0.0915 0.5916 -0.8010
vn 0.0916 0.5916 -0.8010
vn 0.0562 0.6005 -0.7976
vn 0.0563 0.6004 -0.7977
vn 0.0565 0.6007 -0.7975
vn 0.0561 0.6008 -0.7974
vn 0.0224 0.6093 -0.7926
vn -0.0112 0.6185 -0.7857
vn -0.0460 0.6272 -0.7775
vn -0.0842 0.6356 -0.7674
vn -0.1382 0.6435 -0.7529
vn 0.3833 0.4157 -0.8248
vn 0.3242 0.4473 -0.8336
vn 0.2704 0.4672 -0.8418
vn 0.2215 0.4805 -0.8486
vn 0.1774 0.4902 -0.8534
vn 0.1371 0.4993 -0.8555
vn 0.0994 0.5092 -0.8549
vn 0.0634 0.5192 -0.8523
vn 0.0632 0.5188 -0.8525
vn 0.0633 0.5190 -0.8525
vn 0.0634 0.5191 -0.8524
vn 0.0296 0.5290 -0.8481
vn -0.0024 0.5395 -0.8420
vn -0.0338 0.5506 -0.8341
vn -0.0664 0.5610 -0.8251
vn -0.1019 0.5695 -0.8156
vn -0.1481 0.5789 -0.8018
vn 0.3387 0.3500 -0.8734
vn 0.2828 0.3757 -0.8825
vn 0.2317 0.3921 -0.8903
vn 0.1851 0.4039 -0.8959
vn 0.1431 0.4129 -0.8995
vn 0.1049 0.4219 -0.9006
vn 0.0691 0.4319 -0.8993
vn 0.0694 0.4324 -0.8990
vn 0.0691 0.4320 -0.8992
vn 0.0692 0.4318 -0.8993
vn 0.0345 0.4426 -0.8961
vn 0.0342 0.4426 -0.8961
vn 0.0342 0.4425 -0.8961
vn 0.0340 0.4422 -0.8963
vn 0.0025 0.4535 -0.8912
vn 0.0025 0.4535 -0.8913
vn 0.0025 0.4534 -0.8913
vn -0.0274 0.4652 -0.8848
vn -0.0567 0.4777 -0.8767
vn -0.0870 0.4898 -0.8675
vn -0.1193 0.5000 -0.8578
vn -0.1576 0.5109 -0.8451
vn -0.1576 0.5108 -0.8451
vn 0.2913 0.2790 -0.9150
vn 0.2388 0.2965 -0.9247
vn 0.1915 0.3103 -0.9312
vn 0.1478 0.3225 -0.9350
vn 0.1086 0.3326 -0.9368
vn 0.0730 0.3428 -0.9366
vn 0.0730 0.3427 -0.9366
vn 0.0730 0.3430 -0.9365
vn 0.0730 0.3429 -0.9365
vn 0.0391 0.3536 -0.9346
vn 0.0393 0.3538 -0.9345
vn 0.0393 0.3537 -0.9345
vn 0.0393 0.3536 -0.9346
vn 0.0063 0.3655 -0.9308
vn 0.0063 0.3654 -0.9308
vn 0.0062 0.3653 -0.9309
vn -0.0240 0.3770 -0.9259
vn -0.0240 0.3771 -0.9259
vn -0.0523 0.3891 -0.9197
vn -0.0799 0.4020 -0.9121
vn -0.0799 0.4020 -0.9122
vn -0.1084 0.4147 -0.9035
vn -0.1374 0.4270 -0.8938
vn -0.1374 0.4270 -0.8937
vn -0.1687 0.4401 -0.8820
vn 0.4966 0.8556 -0.1461
vn 0.4613 0.8748 -0.1480
vn 0.4302 0.8908 -0.1463
vn 0.4006 0.9044 -0.1471
vn 0.4006 0.9043 -0.1472
vn 0.3716 0.9164 -0.1490
vn 0.3715 0.9164 -0.1488
vn 0.3718 0.9163 -0.1488
vn 0.3719 0.9163 -0.1487
vn 0.3458 0.9262 -0.1503
vn 0.3457 0.9262 -0.1503
vn 0.3455 0.9263 -0.1504
vn 0.3210 0.9348 -0.1522
vn 0.3210 0.9348 -0.1523
vn 0.3207 0.9348 -0.1525
vn 0.3207 0.9348 -0.1523
vn 0.2964 0.9425 -0.1544
vn 0.2964 0.9425 -0.1543
vn 0.2714 0.9496 -0.1571
vn 0.2715 0.9494 -0.1578
vn 0.2714 0.9495 -0.1572
vn 0.2714 0.9496 -0.1570
vn 0.2475 0.9556 -0.1597
vn 0.2475 0.9556 -0.1598
vn 0.2243 0.9608 -0.1628
vn 0.2243 0.9608 -0.1627
vn 0.2243 0.9609 -0.1626
vn 0.2242 0.9609 -0.1623
vn 0.2004 0.9656 -0.1659
vn 0.1753 0.9699 -0.1689
vn 0.1754 0.9699 -0.1690
vn 0.1499 0.9736 -0.1719
vn 0.1499 0.9736 -0.1720
vn 0.1234 0.9765 -0.1767
vn 0.0949 0.9796 -0.1769
vn 0.0717 0.9721 -0.2235
vn 0.0440 0.9617 -0.2706
vn 0.0098 0.9450 -0.3269
vn -0.0289 0.9206 -0.3895
vn -0.0672 0.8906 -0.4497
vn -0.1019 0.8575 -0.5043
vn -0.1299 0.8238 -0.5518
vn -0.1510 0.7886 -0.5960
vn -0.1510 0.7887 -0.5960
vn -0.1507 0.7887 -0.5960
vn -0.1665 0.7505 -0.6396
vn -0.1785 0.7058 -0.6856
vn -0.1889 0.6515 -0.7347
vn -0.1976 0.5872 -0.7850
vn -0.2035 0.5180 -0.8308
vn -0.2076 0.4494 -0.8689
vn -0.2076 0.4493 -0.8689
vn -0.2150 0.3768 -0.9010
vn -0.1842 0.3645 -0.9128
vn -0.1581 0.3497 -0.9234
vn -0.1310 0.3382 -0.9319
vn -0.1310 0.3381 -0.9319
vn -0.1310 0.3381 -0.9320
vn -0.1034 0.3263 -0.9396
vn -0.0765 0.3142 -0.9463
vn -0.0764 0.3141 -0.9463
vn -0.0765 0.3143 -0.9462
vn -0.0765 0.3144 -0.9462
vn -0.0494 0.3023 -0.9519
vn -0.0495 0.3023 -0.9519
vn -0.0203 0.2899 -0.9568
vn -0.0203 0.2900 -0.9568
vn 0.0109 0.2771 -0.9608
vn 0.0109 0.2770 -0.9608
vn 0.0427 0.2645 -0.9634
vn 0.0427 0.2644 -0.9635
vn 0.0757 0.2520 -0.9648
vn 0.0759 0.2519 -0.9648
vn 0.0759 0.2517 -0.9648
vn 0.1121 0.2386 -0.9646
vn 0.1121 0.2387 -0.9646
vn 0.1524 0.2236 -0.9627
vn 0.1952 0.2077 -0.9585
vn 0.2423 0.1959 -0.9502
vn 0.2938 0.1746 -0.9398
vn 0.3467 0.2452 -0.9054
vn 0.3467 0.2452 -0.9053
vn 0.3975 0.3041 -0.8658
vn 0.3975 0.3041 -0.8657
vn 0.4473 0.3638 -0.8171
vn 0.4930 0.4247 -0.7593
vn 0.5299 0.4805 -0.6988
vn 0.5574 0.5319 -0.6375
vn 0.5574 0.5319 -0.6374
vn 0.5757 0.5810 -0.5754
vn 0.5845 0.6275 -0.5143
vn 0.5849 0.6717 -0.4547
vn 0.5781 0.7127 -0.3972
vn 0.5782 0.7127 -0.3971
vn 0.5781 0.7128 -0.3972
vn 0.5658 0.7508 -0.3410
vn 0.5494 0.7851 -0.2860
vn 0.5312 0.8134 -0.2370
vn 0.5129 0.8365 -0.1927
vn 0.5129 0.8366 -0.1927
vn 0.0254 0.9903 0.1368
vn -0.0283 0.9820 0.1870
vn -0.0283 0.9819 0.1870
vn -0.1026 0.9651 0.2408
vn -0.1026 0.9651 0.2409
vn -0.1859 0.9378 0.2932
vn -0.2656 0.8946 0.3593
vn -0.3247 0.8489 0.4170
vn -0.3687 0.8042 0.4662
vn -0.3687 0.8042 0.4661
vn 0.0003 0.9955 0.0952
vn -0.0789 0.9875 0.1362
vn -0.1846 0.9599 0.2109
vn -0.2737 0.9219 0.2743
vn -0.3486 0.8764 0.3322
vn -0.4096 0.8249 0.3896
vn -0.4597 0.7678 0.4464
vn -0.4597 0.7677 0.4464
vn -0.0292 0.9975 0.0644
vn -0.1245 0.9864 0.1069
vn -0.1246 0.9864 0.1070
vn -0.2430 0.9548 0.1712
vn -0.3460 0.9100 0.2286
vn -0.4293 0.8583 0.2811
vn -0.5010 0.7959 0.3398
vn -0.5508 0.7317 0.4015
vn -0.0493 0.9981 0.0356
vn -0.1648 0.9830 0.0812
vn -0.3033 0.9444 0.1267
vn -0.4232 0.8917 0.1604
vn -0.5275 0.8271 0.1939
vn -0.5275 0.8272 0.1939
vn -0.6165 0.7494 0.2416
vn -0.6814 0.6650 0.3058
vn -0.0660 0.9974 0.0272
vn -0.0629 0.9977 0.0271
vn -0.0629 0.9976 0.0271
vn -0.0690 0.9974 0.0229
vn -0.2071 0.9762 0.0639
vn -0.2074 0.9762 0.0638
vn -0.3697 0.9253 0.0841
vn -0.5061 0.8579 0.0889
vn -0.6242 0.7751 0.0979
vn -0.7281 0.6742 0.1239
vn -0.9321 0.3021 0.2000
vn -0.9320 0.3021 0.2001
vn -0.9321 0.3021 0.1999
vn -0.0693 0.9974 0.0199
vn -0.0721 0.9973 0.0145
vn -0.2546 0.9656 0.0529
vn -0.4368 0.8983 0.0474
vn -0.5815 0.8130 0.0291
vn -0.7023 0.7116 0.0188
vn -0.9357 0.3516 -0.0295
vn -0.3120 0.3454 0.8851
vn -0.3751 0.2925 0.8796
vn -0.3751 0.2926 0.8796
vn -0.5380 0.2193 0.8139
vn -0.3324 0.4387 0.8349
vn -0.3324 0.4386 0.8350
vn -0.4641 0.3645 0.8073
vn -0.4641 0.3646 0.8073
vn -0.5837 0.1794 0.7919
vn -0.3846 0.5035 0.7737
vn -0.3846 0.5034 0.7737
vn -0.5305 0.4537 0.7161
vn -0.6124 0.3735 0.6968
vn -0.6124 0.3735 0.6967
vn -0.6125 0.3734 0.6967
vn -0.6124 0.3734 0.6968
vn -0.6713 0.1095 0.7330
vn -0.6713 0.1097 0.7330
vn -0.4366 0.5671 0.6984
vn -0.5538 0.5078 0.6599
vn -0.6279 0.4330 0.6467
vn -0.8403 0.2922 0.4567
vn -0.8402 0.2922 0.4568
vn -0.8402 0.2923 0.4567
vn -0.4432 0.6495 0.6178
vn -0.5511 0.5763 0.6035
vn -0.6288 0.4998 0.5956
vn -0.6288 0.4999 0.5956
vn -0.7381 0.1522 0.6572
vn -0.7381 0.1522 0.6573
vn -0.7381 0.1523 0.6572
vn -0.4273 0.7109 0.5586
vn -0.4272 0.7109 0.5586
vn -0.5306 0.6449 0.5501
vn -0.5306 0.6447 0.5503
vn -0.5305 0.6450 0.5500
vn -0.6154 0.5704 0.5440
vn -0.6153 0.5705 0.5441
vn -0.8617 0.4808 0.1621
vn -0.3004 0.3846 -0.8728
vn -0.3005 0.3849 -0.8727
vn -0.3068 0.4782 -0.8229
vn -0.3144 0.5672 -0.7612
vn -0.3245 0.6441 -0.6927
vn -0.3352 0.7025 -0.6278
vn -0.3424 0.7432 -0.5748
vn -0.3409 0.7749 -0.5323
vn -0.3414 0.3489 -0.8728
vn -0.3804 0.4390 -0.8140
vn -0.4192 0.5238 -0.7415
vn -0.4192 0.5239 -0.7415
vn -0.4570 0.5941 -0.6620
vn -0.4570 0.5940 -0.6620
vn -0.4751 0.6719 -0.5682
vn -0.4839 0.7131 -0.5073
vn -0.4850 0.7401 -0.4658
vn -0.5042 0.2409 -0.8293
vn -0.5043 0.2407 -0.8293
vn -0.5042 0.2410 -0.8293
vn -0.5210 0.1765 -0.8351
vn -0.5137 0.4108 -0.7532
vn -0.7967 0.4932 -0.3493
vn -0.7967 0.4932 -0.3494
vn -0.7159 0.3346 -0.6128
vn -0.7159 0.3347 -0.6128
vn -0.6160 0.6298 -0.4732
vn -0.6160 0.6297 -0.4733
vn -0.6160 0.6298 -0.4733
vn -0.5923 0.7034 -0.3929
vn -0.5119 0.2840 -0.8107
vn -0.5120 0.2840 -0.8107
vn -0.8673 0.4915 0.0792
vn -0.8617 0.3310 -0.3845
vn -0.8618 0.3310 -0.3845
vn 0.0228 0.9881 -0.1522
vn 0.0029 0.9937 -0.1124
vn 0.0027 0.9937 -0.1123
vn 0.0026 0.9937 -0.1123
vn -0.0137 0.9964 -0.0842
vn -0.0137 0.9964 -0.0840
vn -0.0255 0.9980 -0.0583
vn -0.0255 0.9980 -0.0582
vn -0.0368 0.9988 -0.0320
vn -0.0499 0.9987 -0.0101
vn -0.0673 0.9977 0.0119
vn -0.0637 0.9980 0.0054
vn -0.0686 0.9976 0.0082
vn -0.0276 0.9783 -0.2053
vn -0.0593 0.9852 -0.1609
vn -0.0969 0.9870 -0.1284
vn -0.0968 0.9870 -0.1284
vn -0.1641 0.9808 -0.1056
vn -0.1641 0.9808 -0.1055
vn -0.2525 0.9635 -0.0885
vn -0.3145 0.9479 -0.0506
vn -0.3265 0.9452 -0.0008
vn -0.3263 0.9453 -0.0004
vn -0.0906 0.9577 -0.2732
vn -0.1676 0.9548 -0.2456
vn -0.2846 0.9320 -0.2244
vn -0.4009 0.8999 -0.1715
vn -0.4671 0.8759 -0.1210
vn -0.5059 0.8593 -0.0749
vn -0.5160 0.8561 -0.0285
vn -0.1714 0.9195 -0.3537
vn -0.2937 0.9018 -0.3169
vn -0.4232 0.8663 -0.2654
vn -0.5188 0.8305 -0.2029
vn -0.5837 0.7989 -0.1450
vn -0.6282 0.7726 -0.0922
vn -0.6282 0.7725 -0.0922
vn -0.6477 0.7604 -0.0478
vn -0.6479 0.7602 -0.0479
vn -0.6480 0.7602 -0.0479
vn -0.2446 0.8760 -0.4156
vn -0.3836 0.8493 -0.3626
vn -0.5061 0.8099 -0.2964
vn -0.5991 0.7675 -0.2278
vn -0.5991 0.7676 -0.2278
vn -0.6660 0.7277 -0.1639
vn -0.7179 0.6883 -0.1045
vn -0.7178 0.6884 -0.1045
vn -0.7178 0.6883 -0.1045
vn -0.7510 0.6582 -0.0520
vn -0.2983 0.8341 -0.4640
vn -0.4401 0.8040 -0.3999
vn -0.5600 0.7615 -0.3264
vn -0.6515 0.7158 -0.2515
vn -0.7193 0.6708 -0.1807
vn -0.7193 0.6708 -0.1806
vn -0.7193 0.6707 -0.1807
vn -0.9266 0.3736 -0.0436
vn -0.8941 0.3801 -0.2369
vn -0.8941 0.3801 -0.2370
vn -0.4036 0.7569 0.5140
vn -0.5007 0.7059 0.5011
vn -0.5007 0.7058 0.5011
vn -0.5902 0.6556 0.4710
vn -0.5902 0.6556 0.4711
vn -0.8460 0.2810 0.4531
vn -0.3262 0.8051 -0.4954
vn -0.4686 0.7726 -0.4285
vn -0.4686 0.7725 -0.4285
vn -0.4685 0.7726 -0.4285
vn -0.5817 0.7340 -0.3506
vn -0.5817 0.7339 -0.3507
vn -0.6682 0.6929 -0.2710
vn -0.8833 0.4223 -0.2037
vn -0.2997 0.9535 0.0311
vn -0.4909 0.8712 0.0088
vn -0.6329 0.7740 -0.0173
vn -0.7470 0.6637 -0.0390
vn -0.9149 0.3756 0.1479
vn 0.0762 0.9882 0.1332
vn 0.0444 0.9826 0.1802
vn 0.0121 0.9741 0.2257
vn -0.0276 0.9600 0.2787
vn -0.0789 0.9374 0.3393
vn -0.0789 0.9374 0.3392
vn -0.1369 0.9084 0.3951
vn -0.1923 0.8754 0.4435
vn -0.2378 0.8369 0.4930
vn 0.0680 0.9931 0.0951
vn 0.0578 0.9960 0.0677
vn 0.0431 0.9982 0.0418
vn 0.0237 0.9995 0.0214
vn 0.0071 1.0000 0.0060
vn 0.0075 0.9999 0.0076
vn 0.0092 0.9999 0.0108
vn 0.0056 1.0000 0.0034
vn 0.0062 1.0000 -0.0002
vn 0.0054 1.0000 -0.0019
vn 0.0061 1.0000 -0.0048
vn -0.2641 0.3245 0.9083
vn -0.2641 0.3244 0.9083
vn -0.2983 0.2721 0.9149
vn -0.3251 0.2370 0.9155
vn -0.3642 0.1609 0.9173
vn -0.3642 0.1610 0.9173
vn -0.2631 0.4004 0.8777
vn -0.2631 0.4005 0.8777
vn -0.2617 0.4693 0.8434
vn -0.2617 0.4694 0.8433
vn -0.2590 0.5417 0.7997
vn -0.2550 0.6335 0.7305
vn -0.2655 0.6969 0.6662
vn -0.2768 0.7442 0.6079
vn -0.2685 0.7913 0.5494
vn -0.2564 0.3468 -0.9022
vn -0.2566 0.3469 -0.9021
vn -0.2546 0.4306 -0.8659
vn -0.2546 0.4305 -0.8659
vn -0.2512 0.5097 -0.8229
vn -0.2466 0.5850 -0.7726
vn -0.2417 0.6529 -0.7178
vn -0.2374 0.7085 -0.6646
vn -0.2327 0.7513 -0.6176
vn -0.2238 0.7859 -0.5765
vn -0.2238 0.7858 -0.5765
vn -0.2885 0.3008 -0.9090
vn -0.3131 0.2712 -0.9102
vn -0.3605 0.0989 -0.9275
vn 0.0751 0.9861 -0.1484
vn 0.0751 0.9861 -0.1485
vn 0.0663 0.9917 -0.1106
vn 0.0663 0.9916 -0.1106
vn 0.0663 0.9916 -0.1108
vn 0.0550 0.9951 -0.0820
vn 0.0417 0.9974 -0.0583
vn 0.0302 0.9988 -0.0385
vn 0.0302 0.9988 -0.0384
vn 0.0161 0.9998 -0.0126
vn 0.0211 0.9995 -0.0220
vn 0.0174 0.9997 -0.0189
vn 0.0112 0.9999 -0.0101
vn 0.0094 0.9999 -0.0059
vn 0.0434 0.9796 -0.1962
vn 0.0080 0.9686 -0.2485
vn -0.0358 0.9497 -0.3111
vn -0.0862 0.9209 -0.3802
vn -0.1361 0.8858 -0.4437
vn -0.1789 0.8489 -0.4973
vn -0.2065 0.8183 -0.5364
vn 0.1045 0.9713 0.2139
vn 0.1349 0.9681 0.2111
vn 0.1633 0.9646 0.2069
vn 0.1905 0.9606 0.2025
vn 0.2161 0.9561 0.1979
vn 0.2411 0.9509 0.1939
vn 0.2411 0.9509 0.1940
vn 0.2664 0.9448 0.1908
vn 0.2927 0.9375 0.1885
vn 0.2926 0.9375 0.1885
vn 0.2926 0.9374 0.1886
vn 0.3187 0.9292 0.1871
vn 0.3187 0.9292 0.1869
vn 0.3188 0.9292 0.1870
vn 0.3187 0.9292 0.1870
vn 0.3450 0.9199 0.1864
vn 0.3452 0.9198 0.1865
vn 0.3454 0.9199 0.1858
vn 0.3730 0.9089 0.1866
vn 0.3730 0.9088 0.1867
vn 0.3730 0.9088 0.1869
vn 0.4036 0.8956 0.1872
vn 0.4367 0.8798 0.1880
vn 0.4732 0.8606 0.1881
vn 0.0813 0.9610 0.2643
vn 0.1147 0.9572 0.2657
vn 0.1460 0.9538 0.2626
vn 0.1756 0.9501 0.2579
vn 0.2036 0.9459 0.2527
vn 0.2307 0.9408 0.2483
vn 0.2580 0.9345 0.2452
vn 0.2580 0.9345 0.2451
vn 0.2581 0.9345 0.2451
vn 0.2580 0.9345 0.2453
vn 0.2862 0.9269 0.2428
vn 0.2865 0.9269 0.2425
vn 0.2861 0.9269 0.2428
vn 0.3143 0.9182 0.2410
vn 0.3143 0.9183 0.2409
vn 0.3143 0.9181 0.2414
vn 0.3429 0.9078 0.2414
vn 0.3732 0.8955 0.2426
vn 0.4069 0.8804 0.2436
vn 0.4440 0.8623 0.2434
vn 0.4861 0.8406 0.2392
vn 0.4861 0.8405 0.2392
vn 0.0556 0.9468 0.3169
vn 0.0921 0.9426 0.3211
vn 0.1261 0.9390 0.3201
vn 0.1581 0.9354 0.3162
vn 0.1581 0.9354 0.3163
vn 0.1885 0.9314 0.3115
vn 0.2178 0.9263 0.3076
vn 0.2178 0.9263 0.3075
vn 0.2178 0.9262 0.3076
vn 0.2474 0.9199 0.3044
vn 0.2778 0.9119 0.3021
vn 0.2777 0.9119 0.3021
vn 0.2778 0.9119 0.3022
vn 0.3083 0.9026 0.3005
vn 0.3083 0.9026 0.3006
vn 0.3395 0.8913 0.3006
vn 0.3730 0.8774 0.3016
vn 0.4100 0.8606 0.3020
vn 0.4515 0.8404 0.2999
vn 0.4989 0.8159 0.2922
vn 0.0276 0.9272 0.3735
vn 0.0674 0.9230 0.3789
vn 0.1041 0.9195 0.3790
vn 0.1384 0.9160 0.3765
vn 0.1385 0.9160 0.3765
vn 0.1711 0.9119 0.3731
vn 0.2028 0.9066 0.3701
vn 0.2343 0.8999 0.3677
vn 0.2345 0.8998 0.3678
vn 0.2340 0.9000 0.3676
vn 0.2672 0.8916 0.3656
vn 0.3003 0.8818 0.3637
vn 0.3003 0.8817 0.3638
vn 0.3003 0.8818 0.3638
vn 0.3345 0.8697 0.3630
vn 0.3712 0.8547 0.3630
vn 0.3712 0.8547 0.3629
vn 0.4116 0.8363 0.3622
vn 0.4575 0.8136 0.3588
vn 0.5101 0.7860 0.3494
vn -0.0002 0.9029 0.4299
vn 0.0423 0.8988 0.4363
vn 0.0813 0.8952 0.4382
vn 0.1175 0.8914 0.4377
vn 0.1176 0.8914 0.4377
vn 0.1521 0.8868 0.4364
vn 0.1520 0.8868 0.4364
vn 0.1857 0.8811 0.4349
vn 0.2196 0.8741 0.4332
vn 0.2196 0.8741 0.4333
vn 0.2542 0.8656 0.4314
vn 0.2542 0.8656 0.4315
vn 0.2543 0.8656 0.4313
vn 0.2899 0.8554 0.4293
vn 0.2899 0.8554 0.4292
vn 0.2899 0.8553 0.4294
vn 0.3271 0.8428 0.4274
vn 0.3271 0.8428 0.4275
vn 0.3669 0.8272 0.4256
vn 0.3669 0.8272 0.4257
vn 0.4109 0.8075 0.4231
vn 0.4608 0.7830 0.4178
vn 0.5179 0.7524 0.4070
vn 0.5179 0.7525 0.4070
vn -0.0273 0.8737 0.4858
vn -0.0273 0.8736 0.4858
vn 0.0175 0.8697 0.4933
vn 0.0175 0.8697 0.4932
vn 0.0582 0.8657 0.4971
vn 0.0959 0.8613 0.4989
vn 0.1319 0.8562 0.4995
vn 0.1672 0.8501 0.4994
vn 0.1672 0.8500 0.4995
vn 0.2027 0.8427 0.4987
vn 0.2027 0.8427 0.4988
vn 0.2394 0.8336 0.4978
vn 0.2393 0.8338 0.4975
vn 0.2394 0.8336 0.4977
vn 0.2770 0.8235 0.4951
vn 0.2768 0.8232 0.4957
vn 0.2769 0.8233 0.4954
vn 0.3167 0.8107 0.4924
vn 0.3595 0.7947 0.4891
vn 0.3595 0.7948 0.4890
vn 0.3595 0.7947 0.4890
vn 0.4068 0.7745 0.4844
vn 0.4067 0.7745 0.4845
vn 0.4600 0.7488 0.4771
vn 0.5210 0.7157 0.4651
vn 0.5210 0.7157 0.4650
vn 0.5210 0.7158 0.4650
vn -0.0529 0.8389 0.5418
vn -0.0529 0.8389 0.5417
vn -0.0062 0.8353 0.5498
vn -0.0062 0.8353 0.5497
vn 0.0356 0.8311 0.5550
vn 0.0356 0.8311 0.5549
vn 0.0744 0.8264 0.5582
vn 0.1114 0.8208 0.5602
vn 0.1114 0.8208 0.5603
vn 0.1474 0.8142 0.5616
vn 0.1474 0.8141 0.5617
vn 0.1478 0.8143 0.5613
vn 0.1478 0.8144 0.5612
vn 0.1845 0.8067 0.5615
vn 0.1845 0.8067 0.5614
vn 0.2225 0.7977 0.5604
vn 0.2225 0.7978 0.5604
vn 0.2225 0.7977 0.5605
vn 0.2617 0.7871 0.5585
vn 0.2617 0.7871 0.5586
vn 0.2618 0.7871 0.5585
vn 0.2619 0.7871 0.5585
vn 0.3035 0.7742 0.5554
vn 0.3037 0.7739 0.5557
vn 0.3036 0.7738 0.5559
vn 0.3487 0.7580 0.5512
vn 0.3984 0.7376 0.5452
vn 0.3984 0.7376 0.5453
vn 0.4544 0.7109 0.5368
vn 0.4544 0.7108 0.5369
vn 0.4544 0.7108 0.5368
vn 0.5184 0.6757 0.5241
vn -0.0761 0.7984 0.5973
vn -0.0759 0.7986 0.5970
vn -0.0761 0.7984 0.5972
vn -0.0286 0.7955 0.6053
vn -0.0287 0.7955 0.6052
vn -0.0286 0.7956 0.6052
vn -0.0285 0.7956 0.6052
vn 0.0140 0.7915 0.6111
vn 0.0140 0.7914 0.6111
vn 0.0142 0.7915 0.6109
vn 0.0140 0.7915 0.6110
vn 0.0533 0.7864 0.6154
vn 0.0909 0.7808 0.6181
vn 0.0909 0.7807 0.6182
vn 0.0909 0.7807 0.6183
vn 0.1280 0.7742 0.6198
vn 0.1280 0.7743 0.6198
vn 0.1279 0.7741 0.6200
vn 0.1278 0.7738 0.6204
vn 0.1656 0.7665 0.6205
vn 0.1656 0.7666 0.6204
vn 0.2044 0.7575 0.6200
vn 0.2044 0.7576 0.6199
vn 0.2447 0.7467 0.6185
vn 0.2875 0.7336 0.6158
vn 0.2875 0.7336 0.6157
vn 0.3339 0.7175 0.6113
vn 0.3853 0.6968 0.6050
vn 0.4429 0.6696 0.5962
vn 0.4430 0.6696 0.5962
vn 0.5086 0.6329 0.5838
vn 0.5085 0.6328 0.5839
vn -0.0971 0.7515 0.6525
vn -0.0971 0.7515 0.6526
vn -0.0971 0.7516 0.6525
vn -0.0497 0.7490 0.6607
vn -0.0076 0.7443 0.6678
vn 0.0313 0.7386 0.6734
vn 0.0686 0.7322 0.6776
vn 0.0686 0.7320 0.6778
vn 0.0686 0.7322 0.6777
vn 0.1052 0.7252 0.6805
vn 0.1056 0.7253 0.6803
vn 0.1057 0.7253 0.6803
vn 0.1057 0.7252 0.6803
vn 0.1435 0.7174 0.6818
vn 0.1435 0.7174 0.6817
vn 0.1437 0.7178 0.6813
vn 0.1436 0.7176 0.6815
vn 0.1825 0.7086 0.6816
vn 0.1826 0.7087 0.6815
vn 0.1826 0.7087 0.6814
vn 0.2236 0.6974 0.6809
vn 0.2669 0.6848 0.6781
vn 0.3142 0.6694 0.6732
vn 0.3663 0.6499 0.6659
vn 0.3663 0.6499 0.6660
vn 0.4247 0.6233 0.6566
vn 0.4908 0.5860 0.6448
vn -0.1158 0.6980 0.7067
vn -0.0697 0.6952 0.7154
vn -0.0292 0.6893 0.7239
vn 0.0083 0.6819 0.7314
vn 0.0445 0.6740 0.7374
vn 0.0445 0.6739 0.7375
vn 0.0807 0.6659 0.7416
vn 0.0807 0.6659 0.7417
vn 0.1180 0.6577 0.7440
vn 0.1571 0.6484 0.7449
vn 0.1571 0.6484 0.7450
vn 0.1571 0.6483 0.7450
vn 0.1979 0.6379 0.7443
vn 0.1979 0.6378 0.7443
vn 0.2412 0.6264 0.7413
vn 0.2887 0.6129 0.7355
vn 0.3410 0.5954 0.7274
vn 0.3994 0.5710 0.7173
vn 0.4648 0.5346 0.7058
vn -0.1330 0.6373 0.7591
vn -0.0890 0.6342 0.7680
vn -0.0505 0.6267 0.7776
vn -0.0505 0.6268 0.7776
vn -0.0505 0.6268 0.7775
vn -0.0151 0.6172 0.7867
vn 0.0191 0.6070 0.7945
vn 0.0191 0.6071 0.7944
vn 0.0537 0.5975 0.8001
vn 0.0899 0.5883 0.8036
vn 0.1282 0.5787 0.8054
vn 0.1681 0.5687 0.8052
vn 0.1681 0.5688 0.8051
vn 0.2110 0.5588 0.8020
vn 0.2579 0.5478 0.7959
vn 0.3097 0.5332 0.7873
vn 0.3670 0.5112 0.7772
vn 0.4305 0.4767 0.7664
vn -0.1491 0.5694 0.8084
vn -0.1080 0.5658 0.8174
vn -0.0719 0.5569 0.8275
vn -0.0719 0.5570 0.8274
vn -0.0389 0.5453 0.8373
vn -0.0070 0.5331 0.8460
vn 0.0256 0.5219 0.8526
vn 0.0256 0.5218 0.8527
vn 0.0256 0.5220 0.8526
vn 0.0600 0.5117 0.8571
vn 0.0600 0.5118 0.8570
vn 0.0970 0.5016 0.8596
vn 0.0970 0.5016 0.8597
vn 0.0970 0.5018 0.8595
vn 0.0970 0.5023 0.8592
vn 0.1356 0.4920 0.8600
vn 0.1770 0.4834 0.8573
vn 0.2225 0.4745 0.8517
vn 0.2728 0.4620 0.8439
vn 0.3278 0.4425 0.8347
vn 0.3881 0.4108 0.8250
vn -0.1629 0.5001 0.8505
vn -0.1261 0.4932 0.8607
vn -0.0935 0.4816 0.8714
vn -0.0627 0.4684 0.8813
vn -0.0331 0.4548 0.8900
vn -0.0027 0.4424 0.8968
vn 0.0299 0.4311 0.9018
vn 0.0297 0.4313 0.9017
vn 0.0298 0.4311 0.9018
vn 0.0651 0.4207 0.9049
vn 0.0651 0.4206 0.9049
vn 0.1018 0.4110 0.9060
vn 0.1018 0.4108 0.9060
vn 0.1018 0.4109 0.9060
vn 0.1410 0.4024 0.9045
vn 0.1410 0.4024 0.9046
vn 0.1841 0.3942 0.9004
vn 0.2320 0.3831 0.8941
vn 0.2843 0.3673 0.8856
vn 0.3415 0.3418 0.8755
vn -0.1763 0.4283 0.8863
vn -0.1449 0.4162 0.8977
vn -0.1155 0.4027 0.9080
vn -0.0867 0.3890 0.9172
vn -0.0867 0.3890 0.9171
vn -0.0586 0.3755 0.9250
vn -0.0586 0.3754 0.9250
vn -0.0301 0.3627 0.9314
vn -0.0301 0.3626 0.9315
vn 0.0007 0.3505 0.9366
vn 0.0007 0.3507 0.9365
vn 0.0341 0.3387 0.9403
vn 0.0340 0.3389 0.9402
vn 0.0339 0.3388 0.9402
vn 0.0339 0.3389 0.9402
vn 0.0684 0.3282 0.9421
vn 0.1048 0.3185 0.9421
vn 0.1449 0.3089 0.9400
vn 0.1448 0.3089 0.9400
vn 0.1895 0.2975 0.9357
vn 0.2381 0.2843 0.9287
vn 0.2919 0.2676 0.9183
vn 0.0958 0.9821 0.1621
vn 0.1247 0.9789 0.1616
vn 0.1513 0.9760 0.1566
vn 0.1770 0.9721 0.1537
vn 0.2021 0.9677 0.1506
vn 0.2259 0.9629 0.1475
vn 0.2259 0.9629 0.1476
vn 0.2259 0.9629 0.1477
vn 0.2491 0.9576 0.1445
vn 0.2491 0.9576 0.1446
vn 0.2732 0.9514 0.1418
vn 0.2732 0.9514 0.1419
vn 0.2732 0.9515 0.1418
vn 0.2732 0.9515 0.1417
vn 0.2978 0.9443 0.1397
vn 0.2978 0.9444 0.1397
vn 0.2978 0.9443 0.1398
vn 0.3222 0.9366 0.1375
vn 0.3221 0.9367 0.1374
vn 0.3222 0.9366 0.1377
vn 0.3222 0.9366 0.1376
vn 0.3469 0.9280 0.1358
vn 0.3469 0.9280 0.1360
vn 0.3466 0.9281 0.1361
vn 0.3467 0.9281 0.1361
vn 0.3731 0.9179 0.1350
vn 0.3731 0.9179 0.1353
vn 0.3731 0.9179 0.1349
vn 0.3733 0.9179 0.1348
vn 0.4015 0.9060 0.1338
vn 0.4015 0.9060 0.1340
vn 0.4015 0.9061 0.1338
vn 0.4015 0.9060 0.1336
vn 0.4312 0.8924 0.1331
vn 0.4313 0.8924 0.1330
vn 0.4624 0.8763 0.1351
vn 0.4977 0.8570 0.1336
vn 0.5148 0.8382 0.1803
vn 0.5339 0.8151 0.2248
vn 0.5339 0.8152 0.2248
vn 0.5531 0.7868 0.2740
vn 0.5706 0.7522 0.3295
vn 0.5706 0.7523 0.3295
vn 0.5838 0.7140 0.3864
vn 0.5915 0.6728 0.4445
vn 0.5919 0.6284 0.5047
vn 0.5837 0.5817 0.5665
vn 0.5657 0.5323 0.6298
vn 0.5380 0.4795 0.6933
vn 0.5002 0.4217 0.7563
vn 0.4529 0.3579 0.8166
vn 0.4011 0.2954 0.8671
vn 0.3482 0.2338 0.9078
vn 0.2926 0.1598 0.9428
vn 0.2401 0.1807 0.9538
vn 0.1920 0.1917 0.9625
vn 0.1484 0.2072 0.9670
vn 0.1075 0.2220 0.9691
vn 0.0707 0.2353 0.9693
vn 0.0708 0.2353 0.9693
vn 0.0710 0.2353 0.9693
vn 0.0372 0.2478 0.9681
vn 0.0372 0.2479 0.9681
vn 0.0050 0.2604 0.9655
vn 0.0050 0.2605 0.9655
vn -0.0266 0.2732 0.9616
vn -0.0266 0.2733 0.9616
vn -0.0559 0.2856 0.9567
vn -0.0559 0.2857 0.9567
vn -0.0835 0.2978 0.9510
vn -0.0835 0.2979 0.9509
vn -0.1107 0.3103 0.9442
vn -0.1385 0.3227 0.9363
vn -0.1385 0.3228 0.9363
vn -0.1662 0.3349 0.9275
vn -0.1924 0.3504 0.9166
vn -0.2234 0.3598 0.9059
vn -0.2139 0.4306 0.8768
vn -0.2074 0.4953 0.8436
vn -0.1985 0.5628 0.8024
vn -0.1861 0.6308 0.7533
vn -0.1711 0.6928 0.7005
vn -0.1524 0.7501 0.6435
vn -0.1306 0.8008 0.5845
vn -0.1067 0.8423 0.5284
vn -0.1067 0.8423 0.5283
vn -0.0787 0.8778 0.4725
vn -0.0474 0.9084 0.4153
vn -0.0152 0.9335 0.3583
vn 0.0167 0.9528 0.3030
vn 0.0462 0.9663 0.2532
vn 0.0724 0.9753 0.2087
vn 0.4655 0.8840 0.0432
vn 0.4331 0.9001 0.0467
vn 0.4332 0.9001 0.0467
vn 0.4038 0.9134 0.0508
vn 0.3763 0.9249 0.0548
vn 0.3513 0.9344 0.0588
vn 0.3512 0.9344 0.0589
vn 0.3518 0.9342 0.0588
vn 0.3515 0.9344 0.0586
vn 0.3275 0.9428 0.0625
vn 0.3042 0.9504 0.0653
vn 0.3042 0.9504 0.0655
vn 0.3046 0.9502 0.0654
vn 0.3043 0.9504 0.0651
vn 0.2806 0.9575 0.0674
vn 0.2806 0.9574 0.0676
vn 0.2806 0.9575 0.0675
vn 0.2582 0.9636 0.0690
vn 0.2582 0.9636 0.0689
vn 0.2582 0.9636 0.0688
vn 0.2581 0.9637 0.0689
vn 0.2360 0.9693 0.0697
vn 0.2360 0.9692 0.0697
vn 0.2361 0.9692 0.0697
vn 0.2136 0.9744 0.0703
vn 0.2135 0.9744 0.0700
vn 0.2135 0.9744 0.0698
vn 0.1896 0.9794 0.0694
vn 0.1647 0.9839 0.0688
vn 0.1376 0.9881 0.0687
vn 0.4736 0.8805 0.0208
vn 0.4386 0.8984 0.0224
vn 0.4077 0.9127 0.0260
vn 0.3795 0.9247 0.0303
vn 0.3539 0.9346 0.0346
vn 0.3298 0.9433 0.0384
vn 0.3060 0.9512 0.0412
vn 0.3062 0.9511 0.0411
vn 0.3062 0.9511 0.0413
vn 0.3062 0.9511 0.0412
vn 0.2825 0.9583 0.0429
vn 0.2823 0.9583 0.0434
vn 0.2824 0.9583 0.0432
vn 0.2825 0.9583 0.0430
vn 0.2599 0.9646 0.0443
vn 0.2597 0.9647 0.0445
vn 0.2599 0.9646 0.0442
vn 0.2598 0.9647 0.0443
vn 0.2375 0.9704 0.0442
vn 0.2373 0.9704 0.0446
vn 0.2144 0.9758 0.0440
vn 0.2144 0.9758 0.0441
vn 0.1899 0.9809 0.0433
vn 0.1899 0.9809 0.0432
vn 0.1637 0.9856 0.0428
vn 0.1344 0.9899 0.0441
vn 0.4822 0.8761 0.0052
vn 0.4448 0.8956 0.0061
vn 0.4477 0.8942 0.0015
vn 0.4483 0.8939 -0.0006
vn 0.4123 0.9110 0.0092
vn 0.4145 0.9100 0.0049
vn 0.4155 0.9096 0.0028
vn 0.3859 0.9225 0.0054
vn 0.3831 0.9236 0.0132
vn 0.3839 0.9233 0.0089
vn 0.3567 0.9341 0.0174
vn 0.3575 0.9338 0.0137
vn 0.3611 0.9325 0.0109
vn 0.3319 0.9431 0.0209
vn 0.3284 0.9444 0.0132
vn 0.3306 0.9435 0.0219
vn 0.3097 0.9505 0.0234
vn 0.3077 0.9512 0.0233
vn 0.3076 0.9512 0.0231
vn 0.3098 0.9507 0.0099
vn 0.2838 0.9586 0.0247
vn 0.2841 0.9587 0.0121
vn 0.2838 0.9585 0.0252
vn 0.2837 0.9586 0.0251
vn 0.2605 0.9651 0.0260
vn 0.2609 0.9653 0.0135
vn 0.2603 0.9652 0.0253
vn 0.2368 0.9712 0.0247
vn 0.2374 0.9711 0.0261
vn 0.2373 0.9711 0.0263
vn 0.2372 0.9714 0.0139
vn 0.2130 0.9768 0.0237
vn 0.2137 0.9766 0.0254
vn 0.2130 0.9770 0.0141
vn 0.1884 0.9818 0.0245
vn 0.1871 0.9822 0.0135
vn 0.1874 0.9820 0.0221
vn 0.1594 0.9870 0.0218
vn 0.1608 0.9867 0.0243
vn 0.1586 0.9873 0.0131
vn 0.1296 0.9912 0.0259
vn 0.4936 0.8696 -0.0094
vn 0.4905 0.8714 -0.0060
vn 0.4945 0.8691 -0.0080
vn 0.4539 0.8910 -0.0068
vn 0.4533 0.8913 -0.0080
vn 0.4192 0.9079 -0.0042
vn 0.4189 0.9080 -0.0050
vn 0.3884 0.9215 -0.0019
vn 0.3881 0.9216 -0.0004
vn 0.3602 0.9329 0.0030
vn 0.3614 0.9324 0.0012
vn 0.3317 0.9434 0.0034
vn 0.3308 0.9437 0.0052
vn 0.3114 0.9503 0.0021
vn 0.3111 0.9503 0.0102
vn 0.2838 0.9589 0.0033
vn 0.2839 0.9588 0.0121
vn 0.2607 0.9654 0.0046
vn 0.2604 0.9654 0.0126
vn 0.2363 0.9716 0.0119
vn 0.2365 0.9716 0.0050
vn 0.2115 0.9773 0.0110
vn 0.2112 0.9774 0.0045
vn 0.1846 0.9828 0.0041
vn 0.1851 0.9827 0.0101
vn 0.1559 0.9877 0.0090
vn 0.1550 0.9879 0.0035
vn 0.1227 0.9924 0.0098
vn 0.1244 0.9922 0.0116
vn 0.1213 0.9926 0.0039
vn 0.4998 0.8661 -0.0128
vn 0.5010 0.8654 -0.0113
vn 0.4591 0.8883 -0.0101
vn 0.4581 0.8888 -0.0111
vn 0.4231 0.9060 -0.0080
vn 0.4224 0.9064 -0.0086
vn 0.3909 0.9204 -0.0059
vn 0.3913 0.9202 -0.0056
vn 0.3625 0.9320 -0.0036
vn 0.3624 0.9320 -0.0030
vn 0.3343 0.9424 -0.0026
vn 0.3350 0.9422 -0.0026
vn 0.3117 0.9502 0.0001
vn 0.3115 0.9502 -0.0028
vn 0.2847 0.9586 -0.0016
vn 0.2840 0.9588 0.0029
vn 0.2605 0.9655 -0.0012
vn 0.2603 0.9655 0.0034
vn 0.2357 0.9718 0.0034
vn 0.2356 0.9718 -0.0012
vn 0.2100 0.9777 0.0025
vn 0.2097 0.9778 -0.0012
vn 0.1823 0.9832 -0.0018
vn 0.1828 0.9831 0.0018
vn 0.1526 0.9883 0.0009
vn 0.1518 0.9884 -0.0022
vn 0.1181 0.9930 0.0010
vn 0.1170 0.9931 -0.0026
vn 0.5042 0.8635 -0.0122
vn 0.5049 0.8631 -0.0089
vn 0.4623 0.8867 -0.0082
vn 0.4618 0.8869 -0.0109
vn 0.4255 0.9049 -0.0071
vn 0.4251 0.9051 -0.0089
vn 0.3928 0.9196 -0.0068
vn 0.3932 0.9194 -0.0060
vn 0.3640 0.9314 -0.0052
vn 0.3636 0.9315 -0.0050
vn 0.3364 0.9417 -0.0039
vn 0.3367 0.9416 -0.0045
vn 0.3107 0.9505 -0.0036
vn 0.3107 0.9505 -0.0042
vn 0.2849 0.9586 -0.0023
vn 0.2849 0.9586 -0.0038
vn 0.2602 0.9656 -0.0020
vn 0.2602 0.9656 -0.0035
vn 0.2352 0.9720 -0.0020
vn 0.2349 0.9720 -0.0037
vn 0.2089 0.9779 -0.0023
vn 0.2087 0.9780 -0.0037
vn 0.1810 0.9835 -0.0031
vn 0.1806 0.9835 -0.0043
vn 0.1501 0.9887 -0.0037
vn 0.1497 0.9887 -0.0048
vn 0.1146 0.9934 -0.0039
vn 0.1139 0.9935 -0.0055
vn 0.5052 0.8630 -0.0081
vn 0.5058 0.8626 -0.0012
vn 0.4630 0.8863 -0.0079
vn 0.4633 0.8862 -0.0015
vn 0.4247 0.9053 -0.0056
vn 0.4260 0.9047 -0.0023
vn 0.3938 0.9192 -0.0059
vn 0.3937 0.9192 -0.0027
vn 0.3650 0.9310 -0.0027
vn 0.3644 0.9312 -0.0052
vn 0.3368 0.9416 -0.0035
vn 0.3368 0.9416 -0.0042
vn 0.3108 0.9505 -0.0039
vn 0.2852 0.9585 -0.0044
vn 0.2850 0.9585 -0.0039
vn 0.2598 0.9657 -0.0045
vn 0.2596 0.9657 -0.0041
vn 0.2346 0.9721 -0.0040
vn 0.2345 0.9721 -0.0039
vn 0.2083 0.9781 -0.0045
vn 0.2083 0.9780 -0.0041
vn 0.1801 0.9836 -0.0048
vn 0.1802 0.9836 -0.0046
vn 0.1486 0.9889 -0.0051
vn 0.1488 0.9888 -0.0052
vn 0.1131 0.9936 -0.0059
vn 0.1128 0.9936 -0.0052
vn 0.5050 0.8631 0.0012
vn 0.5045 0.8634 0.0003
vn 0.4621 0.8868 -0.0000
vn 0.4624 0.8867 0.0005
vn 0.4253 0.9051 -0.0011
vn 0.4257 0.9049 -0.0007
vn 0.3933 0.9194 -0.0019
vn 0.3929 0.9196 -0.0018
vn 0.3636 0.9316 -0.0024
vn 0.3641 0.9314 -0.0028
vn 0.3365 0.9417 -0.0040
vn 0.3367 0.9416 -0.0035
vn 0.3105 0.9506 -0.0038
vn 0.3104 0.9506 -0.0046
vn 0.2850 0.9585 -0.0042
vn 0.2851 0.9585 -0.0059
vn 0.2598 0.9656 -0.0071
vn 0.2602 0.9655 -0.0044
vn 0.2350 0.9720 -0.0060
vn 0.2340 0.9722 -0.0061
vn 0.2087 0.9780 -0.0063
vn 0.2083 0.9780 -0.0073
vn 0.1806 0.9835 -0.0060
vn 0.1806 0.9835 -0.0061
vn 0.1494 0.9888 -0.0062
vn 0.1497 0.9887 -0.0064
vn 0.1138 0.9935 -0.0065
vn 0.1135 0.9935 -0.0071
vn 0.5016 0.8651 0.0031
vn 0.5001 0.8660 0.0013
vn 0.4597 0.8881 0.0021
vn 0.4585 0.8887 0.0006
vn 0.4227 0.9063 -0.0013
vn 0.4236 0.9059 0.0001
vn 0.3917 0.9201 -0.0018
vn 0.3910 0.9204 -0.0037
vn 0.3625 0.9320 -0.0063
vn 0.3629 0.9318 -0.0036
vn 0.3355 0.9420 -0.0085
vn 0.3358 0.9419 -0.0050
vn 0.3098 0.9508 -0.0054
vn 0.3097 0.9508 -0.0102
vn 0.2850 0.9585 -0.0113
vn 0.2852 0.9584 -0.0060
vn 0.2599 0.9656 -0.0127
vn 0.2599 0.9656 -0.0089
vn 0.2340 0.9722 -0.0114
vn 0.2336 0.9722 -0.0125
vn 0.2084 0.9780 -0.0091
vn 0.2102 0.9776 -0.0111
vn 0.1817 0.9833 -0.0093
vn 0.1824 0.9832 -0.0106
vn 0.1517 0.9884 -0.0107
vn 0.1516 0.9884 -0.0096
vn 0.1166 0.9931 -0.0103
vn 0.1165 0.9931 -0.0110
vn 0.4959 0.8684 0.0010
vn 0.4938 0.8696 -0.0036
vn 0.4551 0.8904 -0.0001
vn 0.4535 0.8913 -0.0044
vn 0.4189 0.9080 -0.0068
vn 0.4201 0.9075 -0.0025
vn 0.3890 0.9212 -0.0054
vn 0.3882 0.9215 -0.0103
vn 0.3605 0.9327 -0.0137
vn 0.3609 0.9326 -0.0078
vn 0.3343 0.9423 -0.0166
vn 0.3345 0.9424 -0.0098
vn 0.3090 0.9510 -0.0111
vn 0.3090 0.9509 -0.0193
vn 0.2851 0.9584 -0.0114
vn 0.2843 0.9585 -0.0214
vn 0.2600 0.9654 -0.0225
vn 0.2602 0.9655 -0.0121
vn 0.2364 0.9714 -0.0206
vn 0.2326 0.9723 -0.0216
vn 0.2106 0.9774 -0.0156
vn 0.2140 0.9767 -0.0178
vn 0.1832 0.9829 -0.0166
vn 0.1846 0.9826 -0.0186
vn 0.1551 0.9877 -0.0185
vn 0.1539 0.9879 -0.0163
vn 0.1203 0.9926 -0.0180
vn 0.1210 0.9925 -0.0196
vn 0.4913 0.8710 -0.0044
vn 0.4494 0.8933 -0.0072
vn 0.4475 0.8941 -0.0148
vn 0.4145 0.9099 -0.0176
vn 0.4158 0.9094 -0.0097
vn 0.3856 0.9226 -0.0129
vn 0.3848 0.9228 -0.0216
vn 0.3584 0.9334 -0.0160
vn 0.3579 0.9334 -0.0258
vn 0.3326 0.9426 -0.0294
vn 0.3328 0.9428 -0.0186
vn 0.3080 0.9512 -0.0204
vn 0.3079 0.9509 -0.0327
vn 0.2838 0.9586 -0.0218
vn 0.2836 0.9583 -0.0353
vn 0.2597 0.9650 -0.0372
vn 0.2612 0.9650 -0.0219
vn 0.2367 0.9713 -0.0219
vn 0.2308 0.9724 -0.0334
vn 0.2101 0.9773 -0.0268
vn 0.2150 0.9761 -0.0313
vn 0.1852 0.9824 -0.0222
vn 0.1852 0.9825 -0.0222
vn 0.1562 0.9875 -0.0224
vn 0.1232 0.9921 -0.0240
vn 0.4830 0.8755 -0.0161
vn 0.4454 0.8952 -0.0168
vn 0.4127 0.9106 -0.0195
vn 0.3834 0.9233 -0.0233
vn 0.3568 0.9338 -0.0273
vn 0.3317 0.9429 -0.0306
vn 0.3318 0.9429 -0.0307
vn 0.3076 0.9509 -0.0335
vn 0.3075 0.9510 -0.0334
vn 0.2832 0.9584 -0.0350
vn 0.2833 0.9584 -0.0353
vn 0.2599 0.9649 -0.0365
vn 0.2599 0.9650 -0.0364
vn 0.2367 0.9709 -0.0366
vn 0.2367 0.9709 -0.0370
vn 0.2128 0.9764 -0.0364
vn 0.2128 0.9764 -0.0365
vn 0.1873 0.9816 -0.0361
vn 0.1873 0.9816 -0.0363
vn 0.1873 0.9816 -0.0364
vn 0.1873 0.9816 -0.0362
vn 0.1596 0.9865 -0.0367
vn 0.1282 0.9910 -0.0391
vn 0.4743 0.8798 -0.0324
vn 0.4390 0.8978 -0.0337
vn 0.4390 0.8979 -0.0337
vn 0.4080 0.9122 -0.0372
vn 0.3796 0.9242 -0.0413
vn 0.3539 0.9342 -0.0456
vn 0.3296 0.9428 -0.0493
vn 0.3058 0.9507 -0.0521
vn 0.3058 0.9507 -0.0520
vn 0.3058 0.9507 -0.0519
vn 0.2817 0.9580 -0.0541
vn 0.2817 0.9580 -0.0540
vn 0.2818 0.9579 -0.0543
vn 0.2589 0.9643 -0.0556
vn 0.2590 0.9643 -0.0558
vn 0.2590 0.9643 -0.0557
vn 0.2589 0.9643 -0.0554
vn 0.2364 0.9700 -0.0563
vn 0.2364 0.9700 -0.0562
vn 0.2133 0.9754 -0.0561
vn 0.1887 0.9804 -0.0558
vn 0.1887 0.9805 -0.0558
vn 0.1622 0.9852 -0.0560
vn 0.1327 0.9895 -0.0581
vn 0.1327 0.9894 -0.0582
vn 0.4659 0.8831 -0.0556
vn 0.4333 0.8993 -0.0589
vn 0.4039 0.9126 -0.0628
vn 0.3762 0.9241 -0.0670
vn 0.3762 0.9241 -0.0668
vn 0.3762 0.9241 -0.0669
vn 0.3510 0.9337 -0.0710
vn 0.3268 0.9421 -0.0749
vn 0.3271 0.9420 -0.0744
vn 0.3271 0.9420 -0.0745
vn 0.3270 0.9421 -0.0746
vn 0.3032 0.9498 -0.0776
vn 0.3036 0.9497 -0.0774
vn 0.3036 0.9497 -0.0773
vn 0.3035 0.9497 -0.0775
vn 0.2800 0.9567 -0.0794
vn 0.2798 0.9567 -0.0796
vn 0.2800 0.9567 -0.0795
vn 0.2801 0.9567 -0.0792
vn 0.2570 0.9630 -0.0815
vn 0.2571 0.9629 -0.0814
vn 0.2571 0.9630 -0.0814
vn 0.2572 0.9629 -0.0816
vn 0.2348 0.9685 -0.0826
vn 0.2350 0.9685 -0.0828
vn 0.2122 0.9737 -0.0832
vn 0.2122 0.9736 -0.0836
vn 0.2122 0.9737 -0.0829
vn 0.2122 0.9737 -0.0830
vn 0.1882 0.9786 -0.0832
vn 0.1631 0.9831 -0.0831
vn 0.1359 0.9872 -0.0835
vn 0.4932 0.8665 0.0766
vn 0.4596 0.8847 0.0779
vn 0.4300 0.8990 0.0832
vn 0.4014 0.9118 0.0864
vn 0.4014 0.9118 0.0865
vn 0.4015 0.9118 0.0863
vn 0.4015 0.9118 0.0862
vn 0.3740 0.9232 0.0890
vn 0.3740 0.9231 0.0893
vn 0.3489 0.9326 0.0923
vn 0.3489 0.9326 0.0924
vn 0.3251 0.9409 0.0951
vn 0.3251 0.9409 0.0950
vn 0.3014 0.9484 0.0980
vn 0.3015 0.9484 0.0979
vn 0.3016 0.9485 0.0974
vn 0.3015 0.9485 0.0975
vn 0.2776 0.9555 0.1000
vn 0.2776 0.9555 0.0999
vn 0.2776 0.9555 0.0997
vn 0.2548 0.9616 0.1019
vn 0.2547 0.9616 0.1019
vn 0.2324 0.9671 0.1037
vn 0.2325 0.9671 0.1037
vn 0.2324 0.9671 0.1038
vn 0.2098 0.9721 0.1051
vn 0.2098 0.9721 0.1049
vn 0.2098 0.9721 0.1052
vn 0.1858 0.9769 0.1060
vn 0.1859 0.9768 0.1064
vn 0.1858 0.9769 0.1059
vn 0.1614 0.9811 0.1066
vn 0.1370 0.9850 0.1046
vn 0.1090 0.9884 0.1060
vn 0.1090 0.9884 0.1059
vn 0.1061 0.9916 0.0736
vn 0.0998 0.9937 0.0507
vn 0.0924 0.9952 0.0318
vn 0.0847 0.9963 0.0152
vn 0.0760 0.9971 0.0016
vn 0.0720 0.9974 -0.0020
vn 0.0722 0.9974 0.0010
vn 0.0653 0.9978 -0.0055
vn 0.0658 0.9978 -0.0041
vn 0.0637 0.9980 -0.0063
vn 0.0633 0.9980 -0.0061
vn 0.0650 0.9979 -0.0074
vn 0.0654 0.9978 -0.0088
vn 0.0703 0.9975 -0.0122
vn 0.0699 0.9975 -0.0136
vn 0.0735 0.9972 -0.0164
vn 0.0816 0.9963 -0.0281
vn 0.0902 0.9949 -0.0450
vn 0.0980 0.9930 -0.0653
vn 0.1044 0.9905 -0.0890
vn 0.1074 0.9867 -0.1217
vn 0.1353 0.9835 -0.1201
vn 0.1598 0.9797 -0.1209
vn 0.1598 0.9796 -0.1215
vn 0.1843 0.9754 -0.1207
vn 0.1843 0.9754 -0.1210
vn 0.2081 0.9708 -0.1196
vn 0.2083 0.9708 -0.1193
vn 0.2082 0.9708 -0.1194
vn 0.2081 0.9708 -0.1194
vn 0.2311 0.9658 -0.1178
vn 0.2311 0.9658 -0.1179
vn 0.2311 0.9658 -0.1177
vn 0.2534 0.9604 -0.1159
vn 0.2535 0.9604 -0.1159
vn 0.2533 0.9605 -0.1157
vn 0.2533 0.9604 -0.1158
vn 0.2765 0.9543 -0.1135
vn 0.2765 0.9543 -0.1134
vn 0.3006 0.9473 -0.1110
vn 0.3008 0.9472 -0.1113
vn 0.3006 0.9473 -0.1111
vn 0.3006 0.9473 -0.1109
vn 0.3243 0.9397 -0.1085
vn 0.3243 0.9397 -0.1084
vn 0.3243 0.9397 -0.1083
vn 0.3483 0.9314 -0.1054
vn 0.3484 0.9314 -0.1051
vn 0.3484 0.9315 -0.1051
vn 0.3482 0.9314 -0.1058
vn 0.3735 0.9220 -0.1023
vn 0.4010 0.9107 -0.0993
vn 0.4011 0.9106 -0.0993
vn 0.4009 0.9107 -0.0994
vn 0.4297 0.8978 -0.0961
vn 0.4594 0.8836 -0.0909
vn 0.4594 0.8835 -0.0909
vn 0.4931 0.8654 -0.0895
vn 0.4931 0.8653 -0.0895
vn 0.5034 0.8621 -0.0581
vn 0.5154 0.8562 -0.0368
vn 0.5274 0.8494 -0.0203
vn 0.5441 0.8390 -0.0004
vn 0.5428 0.8399 -0.0056
vn 0.5385 0.8426 -0.0074
vn 0.5497 0.8354 -0.0008
vn 0.5519 0.8339 0.0022
vn 0.5554 0.8316 -0.0009
vn 0.5564 0.8309 0.0007
vn 0.5601 0.8284 -0.0058
vn 0.5558 0.8313 -0.0062
vn 0.5562 0.8310 -0.0105
vn 0.5556 0.8314 -0.0092
vn 0.5514 0.8342 -0.0132
vn 0.5503 0.8349 -0.0098
vn 0.5422 0.8403 -0.0057
vn 0.5417 0.8405 -0.0083
vn 0.5376 0.8432 -0.0034
vn 0.5266 0.8501 0.0090
vn 0.5266 0.8500 0.0090
vn 0.5147 0.8570 0.0248
vn 0.5030 0.8631 0.0455
vn 0.2428 0.9695 0.0323
vn 0.2432 0.9694 0.0320
vn 0.2431 0.9695 0.0320
vn 0.8113 0.4349 0.3907
vn 0.2335 0.9721 0.0220
vn 0.1891 0.9817 0.0237
vn 0.1892 0.9817 0.0237
vn 0.1277 0.9917 0.0147
vn 0.1277 0.9917 0.0148
vn 0.1276 0.9917 0.0148
vn 0.0430 0.9988 -0.0243
vn 0.0429 0.9988 -0.0243
vn 0.2942 0.9556 -0.0147
vn 0.2943 0.9556 -0.0147
vn 0.2943 0.9556 -0.0145
vn 0.2697 0.9626 -0.0251
vn 0.2696 0.9626 -0.0251
vn 0.2226 0.9743 -0.0353
vn 0.2224 0.9743 -0.0352
vn 0.1597 0.9866 -0.0330
vn 0.0741 0.9972 0.0134
vn 0.0742 0.9972 0.0134
vn 0.4416 0.6504 -0.6180
vn 0.4360 0.6457 -0.6269
vn 0.4433 0.6505 -0.6168
vn -0.8699 0.4118 -0.2715
vn -0.7951 0.5310 0.2930
vn 0.9128 0.3530 -0.2055
vn -0.5283 0.8278 0.1889
vn 0.8957 0.4232 -0.1365
vn -0.4167 0.8997 0.1303
vn 0.9496 0.2930 -0.1117
vn -0.6160 0.7807 0.1055
vn 0.8083 0.5868 -0.0482
vn -0.4354 0.8985 0.0559
vn -0.4354 0.8985 0.0560
vn 0.3402 0.9402 0.0174
vn 0.3402 0.9402 0.0176
vn 0.3403 0.9401 0.0175
vn 0.3402 0.9402 0.0175
vn 0.7377 0.6750 0.0138
vn 0.7376 0.6751 0.0137
vn -0.2121 0.9772 -0.0074
vn 0.7906 0.6106 0.0469
vn -0.3353 0.9398 -0.0664
vn 0.9696 0.1955 0.1469
vn -0.2499 0.9525 0.1738
vn -0.2499 0.9526 0.1738
vn 0.1352 0.9906 -0.0200
vn 0.1351 0.9906 -0.0202
vn 0.1351 0.9906 -0.0207
vn 0.9750 0.1540 -0.1603
vn -0.5233 0.8467 0.0957
vn 0.8997 0.4332 -0.0534
vn -0.6905 0.7226 0.0321
vn 0.9567 0.2912 -0.0009
vn -0.4399 0.8978 -0.0232
vn 0.8879 0.4583 0.0412
vn -0.3329 0.9410 -0.0610
vn 0.8524 0.5172 0.0765
vn -0.6363 0.7612 -0.1255
vn 0.9187 0.3690 0.1410
vn -0.3267 0.9382 -0.1143
vn 0.8146 0.5496 0.1855
vn -0.4671 0.8688 -0.1643
vn -0.4668 0.8689 -0.1646
vn -0.4670 0.8688 -0.1645
vn -0.4669 0.8688 -0.1646
vn 0.9482 0.1178 0.2950
vn 0.1415 0.9895 0.0298
vn 0.1411 0.9895 0.0298
vn 0.1411 0.9895 0.0299
vn -0.3096 0.9288 -0.2035
vn -0.1743 0.3776 -0.9094
vn 0.2895 0.2962 0.9102
vn 0.0600 0.3633 -0.9297
vn 0.0601 0.3633 -0.9297
vn 0.0599 0.3635 -0.9297
vn 0.0598 0.3635 -0.9297
vn -0.3795 0.8512 -0.3626
vn -0.3795 0.8511 -0.3628
vn 0.8059 0.4223 0.4150
vn 0.8058 0.4223 0.4151
vn 0.8058 0.4223 0.4150
vn -0.6761 0.4410 -0.5903
vn -0.6760 0.4410 -0.5904
vn -0.6762 0.4409 -0.5902
vn 0.7439 0.1993 0.6379
vn -0.3568 0.6913 -0.6284
vn -0.3568 0.6911 -0.6285
vn -0.3567 0.6911 -0.6286
vn -0.3568 0.6911 -0.6286
vn 0.6121 0.2292 0.7568
vn -0.1280 0.6514 -0.7479
vn -0.1280 0.6513 -0.7479
vn -0.2496 0.9222 0.2954
vn -0.2496 0.9222 0.2953
vn -0.2496 0.9222 0.2952
vn 0.8300 0.4378 -0.3457
vn 0.8301 0.4376 -0.3456
vn 0.5258 0.8503 -0.0240
vn -0.2798 0.5963 0.7525
vn -0.2798 0.5962 0.7525
vn -0.2798 0.5963 0.7524
vn 0.8096 0.3572 -0.4658
vn 0.8096 0.3571 -0.4658
vn 0.6772 0.6671 -0.3106
vn 0.6771 0.6672 -0.3106
vn 0.6770 0.6673 -0.3106
vn 0.0048 0.4782 0.8782
vn 0.4384 0.1898 -0.8785
vn -0.0496 0.5147 0.8560
vn 0.0408 0.4608 0.8866
vn 0.3430 0.6070 -0.7169
vn 0.5001 0.1724 0.8486
vn 0.3165 0.2103 -0.9250
vn 0.2712 0.6443 0.7151
vn 0.8684 0.4172 0.2682
vn 0.7831 0.5841 -0.2135
vn 0.7831 0.5842 -0.2135
vn 0.7831 0.5842 -0.2134
vt 0.380500 0.052000
vt 0.378800 0.039600
vt 0.382700 0.037900
vt 0.385900 0.050500
vt 0.386400 0.036200
vt 0.391200 0.048900
vt 0.390100 0.034400
vt 0.396400 0.047100
vt 0.393600 0.032500
vt 0.401400 0.045100
vt 0.397100 0.030400
vt 0.406100 0.042900
vt 0.400300 0.028200
vt 0.410500 0.040200
vt 0.403300 0.025700
vt 0.414400 0.037100
vt 0.382000 0.064400
vt 0.388900 0.063100
vt 0.395800 0.061600
vt 0.402500 0.059900
vt 0.409000 0.058000
vt 0.415200 0.055500
vt 0.420900 0.052500
vt 0.425800 0.048700
vt 0.391700 0.075700
vt 0.383300 0.076900
vt 0.400000 0.074400
vt 0.408300 0.072900
vt 0.416500 0.071000
vt 0.424300 0.068500
vt 0.431400 0.065100
vt 0.437500 0.060600
vt 0.384500 0.089300
vt 0.394100 0.088400
vt 0.403800 0.087300
vt 0.413600 0.086000
vt 0.385400 0.101700
vt 0.395900 0.101000
vt 0.397100 0.113700
vt 0.386000 0.114200
vt 0.419500 0.003500
vt 0.431500 0.005200
vt 0.429700 0.010300
vt 0.417500 0.007000
vt 0.443500 0.006700
vt 0.441900 0.013400
vt 0.454100 0.016200
vt 0.455500 0.008100
vt 0.427800 0.015300
vt 0.415500 0.010400
vt 0.440100 0.020000
vt 0.452500 0.024300
vt 0.466300 0.018600
vt 0.465000 0.028100
vt 0.425700 0.020200
vt 0.413300 0.013800
vt 0.438200 0.026500
vt 0.450700 0.032400
vt 0.463500 0.037800
vt 0.423400 0.024900
vt 0.411100 0.017000
vt 0.435900 0.032700
vt 0.448600 0.040300
vt 0.461600 0.047600
vt 0.420800 0.029400
vt 0.408700 0.020100
vt 0.433200 0.038600
vt 0.445800 0.047900
vt 0.459000 0.057200
vt 0.417800 0.033400
vt 0.406100 0.023000
vt 0.429800 0.044000
vt 0.442200 0.054800
vt 0.455200 0.065900
vt 0.426800 0.249400
vt 0.415100 0.248700
vt 0.413500 0.244600
vt 0.425500 0.242200
vt 0.411800 0.240700
vt 0.424100 0.236200
vt 0.410000 0.237300
vt 0.422400 0.230900
vt 0.408100 0.234100
vt 0.420500 0.226100
vt 0.406000 0.231100
vt 0.418300 0.221700
vt 0.403800 0.228400
vt 0.415600 0.217700
vt 0.401300 0.225900
vt 0.412500 0.214300
vt 0.437600 0.239700
vt 0.438600 0.248600
vt 0.436300 0.231800
vt 0.434900 0.224700
vt 0.433000 0.218200
vt 0.430700 0.212200
vt 0.427800 0.206900
vt 0.424000 0.202500
vt 0.450400 0.247300
vt 0.449600 0.237000
vt 0.448700 0.227600
vt 0.447400 0.218800
vt 0.445800 0.210400
vt 0.443500 0.202600
vt 0.440300 0.195800
vt 0.436000 0.190200
vt 0.462300 0.245800
vt 0.461800 0.234500
vt 0.461100 0.223700
vt 0.460100 0.213200
vt 0.458800 0.202900
vt 0.456800 0.193200
vt 0.453500 0.184500
vt 0.448500 0.177400
vt 0.382200 0.215200
vt 0.378600 0.213900
vt 0.380300 0.201400
vt 0.385500 0.202600
vt 0.381800 0.188900
vt 0.388600 0.189900
vt 0.383200 0.176500
vt 0.391400 0.177200
vt 0.384400 0.164000
vt 0.393900 0.164500
vt 0.385300 0.151500
vt 0.395800 0.151800
vt 0.385900 0.139100
vt 0.397100 0.139100
vt 0.386200 0.126600
vt 0.397600 0.126400
vt 0.385700 0.216700
vt 0.390600 0.203900
vt 0.395200 0.191000
vt 0.399600 0.178100
vt 0.403400 0.165200
vt 0.406500 0.152200
vt 0.395500 0.205300
vt 0.389100 0.218200
vt 0.401800 0.192400
vt 0.407700 0.179300
vt 0.413200 0.166100
vt 0.400300 0.207000
vt 0.392400 0.219900
vt 0.408100 0.194000
vt 0.415700 0.180800
vt 0.423000 0.167300
vt 0.404800 0.209000
vt 0.395600 0.221700
vt 0.414000 0.196200
vt 0.423400 0.182900
vt 0.398500 0.223700
vt 0.408900 0.211400
vt 0.419400 0.198900
vt 0.430200 0.186000
vt 0.441300 0.172500
vt 0.375000 0.041200
vt 0.375000 0.029000
vt 0.377200 0.027200
vt 0.379300 0.025300
vt 0.381500 0.023500
vt 0.383700 0.021700
vt 0.385800 0.019900
vt 0.388000 0.018100
vt 0.390200 0.016300
vt 0.392300 0.014500
vt 0.375000 0.053400
vt 0.375000 0.065700
vt 0.375000 0.077900
vt 0.375000 0.090100
vt 0.375000 0.102400
vt 0.375000 0.114600
vt 0.375000 0.126800
vt 0.409700 0.000000
vt 0.421500 0.000000
vt 0.407500 0.001800
vt 0.433200 0.000000
vt 0.445000 0.000000
vt 0.456800 0.000000
vt 0.405400 0.003600
vt 0.403200 0.005400
vt 0.401000 0.007200
vt 0.398900 0.009100
vt 0.396700 0.010900
vt 0.394500 0.012700
vt 0.403400 0.248400
vt 0.416500 0.255000
vt 0.405300 0.250000
vt 0.401500 0.246800
vt 0.399600 0.245300
vt 0.397700 0.243700
vt 0.395800 0.242100
vt 0.393900 0.240500
vt 0.392000 0.238900
vt 0.390100 0.237400
vt 0.427800 0.258400
vt 0.439400 0.258900
vt 0.451000 0.258500
vt 0.462600 0.257800
vt 0.375000 0.212500
vt 0.376900 0.226300
vt 0.375000 0.224700
vt 0.375000 0.200300
vt 0.375000 0.188000
vt 0.375000 0.175800
vt 0.375000 0.163600
vt 0.375000 0.151300
vt 0.375000 0.139100
vt 0.378800 0.227900
vt 0.380700 0.229500
vt 0.382600 0.231100
vt 0.384500 0.232600
vt 0.386400 0.234200
vt 0.388200 0.235800
vt 0.432600 0.782400
vt 0.433200 0.767400
vt 0.442500 0.769600
vt 0.442500 0.783300
vt 0.452300 0.770400
vt 0.452500 0.783900
vt 0.462400 0.770500
vt 0.462500 0.784100
vt 0.442100 0.797900
vt 0.432000 0.797400
vt 0.452300 0.798300
vt 0.462500 0.798500
vt 0.441600 0.813000
vt 0.431300 0.812800
vt 0.451900 0.813200
vt 0.462200 0.813300
vt 0.430500 0.828200
vt 0.441000 0.828400
vt 0.451500 0.828400
vt 0.461900 0.828500
vt 0.440400 0.843800
vt 0.429700 0.843800
vt 0.451000 0.843900
vt 0.461500 0.843900
vt 0.439700 0.859400
vt 0.428900 0.859400
vt 0.450400 0.859400
vt 0.461100 0.859400
vt 0.428100 0.875000
vt 0.439000 0.875000
vt 0.449800 0.875000
vt 0.460600 0.875000
vt 0.438300 0.890600
vt 0.427300 0.890600
vt 0.449200 0.890600
vt 0.460100 0.890600
vt 0.437600 0.906300
vt 0.426500 0.906300
vt 0.448600 0.906300
vt 0.459600 0.906300
vt 0.425600 0.921900
vt 0.436900 0.921900
vt 0.448000 0.921900
vt 0.459200 0.921900
vt 0.436100 0.937500
vt 0.424800 0.937500
vt 0.447400 0.937500
vt 0.458700 0.937500
vt 0.435400 0.953100
vt 0.424000 0.953100
vt 0.446800 0.953100
vt 0.458200 0.953100
vt 0.423100 0.968800
vt 0.434700 0.968800
vt 0.446200 0.968800
vt 0.457700 0.968800
vt 0.434000 0.984400
vt 0.422300 0.984400
vt 0.445600 0.984400
vt 0.457300 0.984400
vt 0.423800 0.765600
vt 0.424700 0.750000
vt 0.433200 0.754500
vt 0.442000 0.757600
vt 0.451800 0.758100
vt 0.461900 0.757800
vt 0.456800 1.000000
vt 0.445000 1.000000
vt 0.433200 1.000000
vt 0.421500 1.000000
vt 0.409700 1.000000
vt 0.410600 0.984400
vt 0.411600 0.968800
vt 0.412500 0.953100
vt 0.413500 0.937500
vt 0.414400 0.921900
vt 0.415300 0.906200
vt 0.416300 0.890600
vt 0.417200 0.875000
vt 0.418200 0.859400
vt 0.419100 0.843800
vt 0.420000 0.828100
vt 0.421000 0.812500
vt 0.421900 0.796900
vt 0.422900 0.781200
vt 0.418200 0.282500
vt 0.417400 0.267600
vt 0.428700 0.270000
vt 0.429400 0.283500
vt 0.440100 0.270800
vt 0.440700 0.284100
vt 0.451500 0.270900
vt 0.452000 0.284400
vt 0.463000 0.270700
vt 0.463200 0.284300
vt 0.430100 0.298000
vt 0.418900 0.297500
vt 0.441200 0.298400
vt 0.452400 0.298600
vt 0.463500 0.298600
vt 0.430700 0.313000
vt 0.419600 0.312800
vt 0.441700 0.313200
vt 0.452700 0.313400
vt 0.463700 0.313400
vt 0.431300 0.328300
vt 0.420300 0.328200
vt 0.442200 0.328400
vt 0.453100 0.328500
vt 0.463900 0.328500
vt 0.431900 0.343800
vt 0.421000 0.343800
vt 0.442700 0.343800
vt 0.453400 0.343900
vt 0.464100 0.343900
vt 0.432500 0.359400
vt 0.421800 0.359400
vt 0.443200 0.359400
vt 0.453800 0.359400
vt 0.464400 0.359400
vt 0.433100 0.375000
vt 0.422500 0.375000
vt 0.443700 0.375000
vt 0.454200 0.375000
vt 0.464600 0.375000
vt 0.433700 0.390600
vt 0.423200 0.390600
vt 0.444200 0.390600
vt 0.454600 0.390600
vt 0.464900 0.390600
vt 0.434300 0.406200
vt 0.423900 0.406200
vt 0.444700 0.406200
vt 0.455000 0.406200
vt 0.465200 0.406200
vt 0.434900 0.421700
vt 0.424600 0.421800
vt 0.445200 0.421600
vt 0.455400 0.421600
vt 0.465500 0.421600
vt 0.435400 0.437000
vt 0.425300 0.437200
vt 0.445600 0.436800
vt 0.455700 0.436700
vt 0.465800 0.436700
vt 0.436000 0.452100
vt 0.425900 0.452600
vt 0.446000 0.451800
vt 0.456000 0.451600
vt 0.466100 0.451600
vt 0.436300 0.466700
vt 0.426500 0.467600
vt 0.446200 0.466200
vt 0.456200 0.465900
vt 0.466200 0.466000
vt 0.436400 0.480400
vt 0.427000 0.482600
vt 0.446200 0.479600
vt 0.456200 0.479600
vt 0.466300 0.479800
vt 0.406100 0.265600
vt 0.456000 0.492200
vt 0.445900 0.491900
vt 0.436100 0.492300
vt 0.427000 0.495500
vt 0.418400 0.500000
vt 0.417600 0.484400
vt 0.416700 0.468800
vt 0.415900 0.453100
vt 0.415100 0.437500
vt 0.414300 0.421900
vt 0.413500 0.406200
vt 0.412600 0.390600
vt 0.411800 0.375000
vt 0.411000 0.359400
vt 0.410200 0.343800
vt 0.409400 0.328100
vt 0.408500 0.312500
vt 0.407700 0.296900
vt 0.406900 0.281200
vt 0.156400 0.712500
vt 0.156400 0.716900
vt 0.140800 0.720700
vt 0.140700 0.717800
vt 0.172000 0.708600
vt 0.172000 0.713600
vt 0.187600 0.705400
vt 0.187700 0.710800
vt 0.203200 0.702800
vt 0.203300 0.708400
vt 0.218900 0.700800
vt 0.218900 0.706400
vt 0.234500 0.699200
vt 0.234500 0.704900
vt 0.250100 0.698000
vt 0.250100 0.703700
vt 0.265700 0.697100
vt 0.265700 0.702900
vt 0.281300 0.696700
vt 0.281300 0.702400
vt 0.296900 0.696600
vt 0.297000 0.702200
vt 0.312500 0.696900
vt 0.312500 0.702400
vt 0.328000 0.697700
vt 0.328100 0.702900
vt 0.343600 0.699000
vt 0.343700 0.703800
vt 0.358700 0.701000
vt 0.359400 0.705000
vt 0.156500 0.720500
vt 0.140800 0.723400
vt 0.172100 0.717800
vt 0.187700 0.715300
vt 0.203300 0.713200
vt 0.218900 0.711500
vt 0.234500 0.710000
vt 0.250100 0.708900
vt 0.265800 0.708000
vt 0.281400 0.707500
vt 0.297000 0.707200
vt 0.312600 0.707200
vt 0.328200 0.707500
vt 0.343800 0.708000
vt 0.359400 0.708700
vt 0.156500 0.723600
vt 0.140900 0.725900
vt 0.172100 0.721300
vt 0.187700 0.719300
vt 0.203300 0.717500
vt 0.219000 0.715900
vt 0.234600 0.714600
vt 0.250200 0.713500
vt 0.265800 0.712700
vt 0.281400 0.712100
vt 0.297000 0.711800
vt 0.312600 0.711600
vt 0.328200 0.711700
vt 0.343800 0.711900
vt 0.359400 0.712200
vt 0.156600 0.726300
vt 0.141000 0.728200
vt 0.172200 0.724500
vt 0.187800 0.722800
vt 0.203400 0.721300
vt 0.219000 0.719900
vt 0.234600 0.718700
vt 0.250200 0.717700
vt 0.265800 0.717000
vt 0.281400 0.716400
vt 0.297000 0.716000
vt 0.312600 0.715700
vt 0.328200 0.715600
vt 0.343800 0.715500
vt 0.359400 0.715600
vt 0.156600 0.728800
vt 0.141000 0.730400
vt 0.172200 0.727400
vt 0.187800 0.726000
vt 0.203400 0.724700
vt 0.219000 0.723500
vt 0.234600 0.722500
vt 0.250200 0.721600
vt 0.265800 0.720800
vt 0.281400 0.720300
vt 0.297000 0.719800
vt 0.312600 0.719500
vt 0.328200 0.719200
vt 0.343800 0.719000
vt 0.359400 0.718900
vt 0.156700 0.731200
vt 0.141100 0.732500
vt 0.172300 0.730000
vt 0.187900 0.728900
vt 0.203500 0.727800
vt 0.219100 0.726800
vt 0.234700 0.725900
vt 0.250300 0.725100
vt 0.265900 0.724400
vt 0.281500 0.723900
vt 0.297000 0.723400
vt 0.312600 0.723000
vt 0.328200 0.722700
vt 0.343800 0.722400
vt 0.359400 0.722100
vt 0.156800 0.733500
vt 0.141200 0.734500
vt 0.172300 0.732500
vt 0.187900 0.731600
vt 0.203500 0.730700
vt 0.219100 0.729800
vt 0.234700 0.729100
vt 0.250300 0.728400
vt 0.265900 0.727800
vt 0.281500 0.727200
vt 0.297100 0.726800
vt 0.312600 0.726300
vt 0.328200 0.726000
vt 0.343800 0.725600
vt 0.359400 0.725300
vt 0.156800 0.735700
vt 0.141200 0.736500
vt 0.172400 0.734900
vt 0.188000 0.734200
vt 0.203600 0.733400
vt 0.219200 0.732700
vt 0.234700 0.732100
vt 0.250300 0.731500
vt 0.265900 0.730900
vt 0.281500 0.730400
vt 0.297100 0.730000
vt 0.312700 0.729600
vt 0.328200 0.729200
vt 0.343800 0.728800
vt 0.359400 0.728500
vt 0.156900 0.737900
vt 0.141300 0.738500
vt 0.172500 0.737200
vt 0.188000 0.736600
vt 0.203600 0.736000
vt 0.219200 0.735500
vt 0.234800 0.734900
vt 0.250400 0.734400
vt 0.265900 0.733900
vt 0.281500 0.733500
vt 0.297100 0.733100
vt 0.312700 0.732700
vt 0.328300 0.732300
vt 0.343800 0.732000
vt 0.359400 0.731600
vt 0.141400 0.740500
vt 0.156900 0.740000
vt 0.172500 0.739500
vt 0.188100 0.739000
vt 0.203700 0.738500
vt 0.219200 0.738100
vt 0.234800 0.737600
vt 0.250400 0.737200
vt 0.266000 0.736800
vt 0.281500 0.736400
vt 0.297100 0.736100
vt 0.312700 0.735700
vt 0.328300 0.735400
vt 0.343800 0.735000
vt 0.359400 0.734700
vt 0.141400 0.742400
vt 0.157000 0.742000
vt 0.172600 0.741600
vt 0.188100 0.741300
vt 0.203700 0.740900
vt 0.219300 0.740600
vt 0.234900 0.740200
vt 0.250400 0.739900
vt 0.266000 0.739600
vt 0.281600 0.739300
vt 0.297100 0.739000
vt 0.312700 0.738700
vt 0.328300 0.738400
vt 0.343900 0.738100
vt 0.359400 0.737800
vt 0.141500 0.744300
vt 0.157100 0.744000
vt 0.172600 0.743800
vt 0.188200 0.743500
vt 0.203800 0.743300
vt 0.219300 0.743000
vt 0.234900 0.742700
vt 0.250500 0.742500
vt 0.266000 0.742300
vt 0.281600 0.742000
vt 0.297200 0.741800
vt 0.312700 0.741500
vt 0.328300 0.741300
vt 0.343900 0.741100
vt 0.359400 0.740900
vt 0.141600 0.746200
vt 0.157100 0.746000
vt 0.172700 0.745900
vt 0.188300 0.745700
vt 0.203800 0.745500
vt 0.219400 0.745400
vt 0.234900 0.745200
vt 0.250500 0.745000
vt 0.266100 0.744900
vt 0.281600 0.744700
vt 0.297200 0.744600
vt 0.312800 0.744400
vt 0.328300 0.744200
vt 0.343900 0.744100
vt 0.359400 0.743900
vt 0.141600 0.748100
vt 0.157200 0.748000
vt 0.172800 0.747900
vt 0.188300 0.747900
vt 0.203900 0.747800
vt 0.219400 0.747700
vt 0.235000 0.747600
vt 0.250500 0.747500
vt 0.266100 0.747400
vt 0.281700 0.747400
vt 0.297200 0.747300
vt 0.312800 0.747200
vt 0.328300 0.747100
vt 0.343900 0.747000
vt 0.359400 0.747000
vt 0.125000 0.721000
vt 0.140700 0.713200
vt 0.125100 0.722800
vt 0.156300 0.706600
vt 0.172000 0.702400
vt 0.187600 0.699100
vt 0.203200 0.696500
vt 0.218800 0.694400
vt 0.234500 0.692800
vt 0.250100 0.691600
vt 0.265700 0.690800
vt 0.281300 0.690400
vt 0.296900 0.690400
vt 0.312400 0.690800
vt 0.327800 0.691700
vt 0.343200 0.693300
vt 0.359000 0.696300
vt 0.375000 0.703200
vt 0.375000 0.700000
vt 0.375000 0.706300
vt 0.375000 0.709400
vt 0.375000 0.712500
vt 0.375000 0.715700
vt 0.375000 0.718800
vt 0.375000 0.721900
vt 0.375000 0.725000
vt 0.375000 0.728100
vt 0.375000 0.731300
vt 0.375000 0.734400
vt 0.375000 0.737500
vt 0.375000 0.740600
vt 0.375000 0.743800
vt 0.375000 0.746900
vt 0.375000 0.750000
vt 0.359400 0.750000
vt 0.343900 0.750000
vt 0.328300 0.750000
vt 0.312800 0.750000
vt 0.297200 0.750000
vt 0.281700 0.750000
vt 0.266100 0.750000
vt 0.250600 0.750000
vt 0.235000 0.750000
vt 0.219500 0.750000
vt 0.203900 0.750000
vt 0.188400 0.750000
vt 0.172800 0.750000
vt 0.157300 0.750000
vt 0.141700 0.750000
vt 0.126200 0.750000
vt 0.126100 0.748200
vt 0.126000 0.746400
vt 0.125900 0.744600
vt 0.125900 0.742800
vt 0.125800 0.740900
vt 0.125700 0.739100
vt 0.125600 0.737300
vt 0.125600 0.735500
vt 0.125500 0.733700
vt 0.125400 0.731900
vt 0.125400 0.730100
vt 0.125300 0.728300
vt 0.125200 0.726500
vt 0.125100 0.724700
vt 0.376800 0.561200
vt 0.377300 0.551400
vt 0.382500 0.548700
vt 0.384600 0.559200
vt 0.387300 0.546300
vt 0.391400 0.557200
vt 0.391700 0.543800
vt 0.397500 0.554900
vt 0.395900 0.541100
vt 0.403200 0.552400
vt 0.399800 0.538300
vt 0.408400 0.549600
vt 0.413200 0.546300
vt 0.403500 0.535400
vt 0.407000 0.532100
vt 0.417400 0.542600
vt 0.387000 0.569900
vt 0.377600 0.571400
vt 0.395500 0.568100
vt 0.403200 0.566200
vt 0.410400 0.563800
vt 0.417100 0.561000
vt 0.423000 0.557600
vt 0.428200 0.553400
vt 0.378800 0.581600
vt 0.389400 0.580500
vt 0.399300 0.579100
vt 0.408700 0.577500
vt 0.417600 0.575500
vt 0.425800 0.572800
vt 0.433100 0.569300
vt 0.439300 0.564500
vt 0.391800 0.591200
vt 0.380200 0.592000
vt 0.403000 0.590200
vt 0.413800 0.589000
vt 0.424500 0.587400
vt 0.434600 0.585100
vt 0.443600 0.581500
vt 0.451000 0.576200
vt 0.393800 0.601900
vt 0.381400 0.602400
vt 0.406000 0.601300
vt 0.418200 0.600600
vt 0.430500 0.599600
vt 0.442700 0.597800
vt 0.454300 0.594700
vt 0.463700 0.589000
vt 0.395200 0.612600
vt 0.382400 0.612800
vt 0.408100 0.612500
vt 0.421200 0.612200
vt 0.434900 0.611900
vt 0.449400 0.611100
vt 0.465100 0.609400
vt 0.425400 0.502500
vt 0.435100 0.501900
vt 0.433600 0.509700
vt 0.423300 0.507500
vt 0.445200 0.502600
vt 0.444100 0.512100
vt 0.455500 0.503900
vt 0.454700 0.514500
vt 0.431800 0.516500
vt 0.421000 0.512400
vt 0.442600 0.520600
vt 0.453600 0.524500
vt 0.429600 0.522600
vt 0.418600 0.516800
vt 0.440800 0.528300
vt 0.452100 0.533800
vt 0.463500 0.539000
vt 0.464600 0.528100
vt 0.427200 0.528300
vt 0.416000 0.521000
vt 0.438500 0.535600
vt 0.450100 0.542700
vt 0.462000 0.549700
vt 0.424400 0.533600
vt 0.413200 0.524900
vt 0.435800 0.542200
vt 0.447500 0.551000
vt 0.459700 0.559800
vt 0.421200 0.538300
vt 0.410200 0.528700
vt 0.432400 0.548200
vt 0.444000 0.558300
vt 0.456200 0.568800
vt 0.440800 0.747900
vt 0.431200 0.747200
vt 0.428700 0.741800
vt 0.438900 0.739800
vt 0.426000 0.736700
vt 0.436600 0.732800
vt 0.423100 0.731900
vt 0.434000 0.726400
vt 0.420100 0.727400
vt 0.431100 0.720400
vt 0.416900 0.723100
vt 0.427900 0.714800
vt 0.413500 0.719000
vt 0.424200 0.709700
vt 0.409900 0.715100
vt 0.420100 0.705100
vt 0.449300 0.737600
vt 0.450800 0.747200
vt 0.447400 0.728900
vt 0.445000 0.721000
vt 0.442300 0.713500
vt 0.439100 0.706600
vt 0.435200 0.700300
vt 0.430500 0.694800
vt 0.459800 0.735300
vt 0.461100 0.746100
vt 0.458200 0.725300
vt 0.456200 0.715800
vt 0.453700 0.706700
vt 0.450600 0.698200
vt 0.446600 0.690600
vt 0.441300 0.684200
vt 0.462600 0.689900
vt 0.465500 0.700200
vt 0.458500 0.680700
vt 0.452700 0.673000
vt 0.377300 0.683800
vt 0.385300 0.686100
vt 0.383200 0.696200
vt 0.377700 0.693200
vt 0.378000 0.674000
vt 0.387600 0.675900
vt 0.379100 0.664100
vt 0.389900 0.665500
vt 0.380400 0.654000
vt 0.392200 0.655100
vt 0.381600 0.643800
vt 0.394100 0.644600
vt 0.382500 0.633500
vt 0.395400 0.634000
vt 0.382800 0.623100
vt 0.395800 0.623400
vt 0.388400 0.699000
vt 0.392400 0.688500
vt 0.396300 0.678000
vt 0.400000 0.667300
vt 0.403500 0.656500
vt 0.406300 0.645600
vt 0.408300 0.634700
vt 0.408900 0.623600
vt 0.398800 0.691200
vt 0.393100 0.701900
vt 0.404300 0.680400
vt 0.409500 0.669400
vt 0.414500 0.658200
vt 0.418600 0.646900
vt 0.421400 0.635400
vt 0.422400 0.623900
vt 0.404800 0.694100
vt 0.397700 0.704900
vt 0.411800 0.683100
vt 0.418700 0.671900
vt 0.425300 0.660300
vt 0.431100 0.648500
vt 0.435100 0.636500
vt 0.436600 0.624200
vt 0.410300 0.697300
vt 0.402000 0.708100
vt 0.418700 0.686300
vt 0.427200 0.675000
vt 0.435600 0.663200
vt 0.443500 0.650900
vt 0.449800 0.637900
vt 0.452300 0.624600
vt 0.415500 0.701000
vt 0.406100 0.711500
vt 0.425000 0.690200
vt 0.434800 0.679000
vt 0.445000 0.667300
vt 0.455300 0.654600
vt 0.465700 0.640400
vt 0.475300 0.625100
vt 0.465100 0.660800
vt 0.370400 0.553300
vt 0.375000 0.543600
vt 0.377700 0.540900
vt 0.380400 0.538100
vt 0.383100 0.535400
vt 0.385800 0.532700
vt 0.388600 0.530000
vt 0.391300 0.527200
vt 0.394000 0.524500
vt 0.396700 0.521800
vt 0.367200 0.563000
vt 0.366800 0.572800
vt 0.367200 0.582700
vt 0.367800 0.592700
vt 0.368600 0.602700
vt 0.369200 0.612900
vt 0.369400 0.623000
vt 0.415700 0.502700
vt 0.413000 0.505400
vt 0.410200 0.508200
vt 0.407500 0.510900
vt 0.404800 0.513600
vt 0.402100 0.516300
vt 0.399400 0.519100
vt 0.421600 0.746900
vt 0.418500 0.743800
vt 0.415400 0.740600
vt 0.412300 0.737500
vt 0.409200 0.734400
vt 0.406100 0.731300
vt 0.403000 0.728100
vt 0.399900 0.725000
vt 0.370600 0.691000
vt 0.378100 0.703200
vt 0.367500 0.681800
vt 0.367100 0.672400
vt 0.367400 0.662800
vt 0.368000 0.653000
vt 0.368700 0.643100
vt 0.369200 0.633100
vt 0.381200 0.706300
vt 0.384300 0.709400
vt 0.387400 0.712500
vt 0.390500 0.715700
vt 0.393600 0.718800
vt 0.396800 0.721900
vt 0.359400 0.539700
vt 0.358700 0.543400
vt 0.343600 0.545700
vt 0.343700 0.541200
vt 0.328000 0.547300
vt 0.328100 0.542300
vt 0.312500 0.548300
vt 0.312500 0.543000
vt 0.296900 0.548800
vt 0.296900 0.543400
vt 0.281300 0.548900
vt 0.281300 0.543400
vt 0.265700 0.548600
vt 0.265700 0.543000
vt 0.250100 0.547900
vt 0.250100 0.542300
vt 0.234500 0.546800
vt 0.234500 0.541300
vt 0.218900 0.539900
vt 0.218800 0.545300
vt 0.203300 0.538000
vt 0.203200 0.543400
vt 0.187600 0.535700
vt 0.187600 0.540900
vt 0.172000 0.532900
vt 0.172000 0.537800
vt 0.156400 0.529700
vt 0.156300 0.534000
vt 0.140700 0.528700
vt 0.140800 0.526000
vt 0.359400 0.536400
vt 0.343800 0.537200
vt 0.328200 0.537900
vt 0.312600 0.538400
vt 0.297000 0.538600
vt 0.281400 0.538500
vt 0.265700 0.538100
vt 0.250100 0.537400
vt 0.234500 0.536400
vt 0.218900 0.535000
vt 0.203300 0.533400
vt 0.187700 0.531300
vt 0.172100 0.529000
vt 0.156400 0.526300
vt 0.140800 0.523500
vt 0.359400 0.533200
vt 0.343800 0.533700
vt 0.328200 0.534100
vt 0.312600 0.534300
vt 0.297000 0.534300
vt 0.281400 0.534100
vt 0.265800 0.533600
vt 0.250200 0.533000
vt 0.234500 0.532000
vt 0.218900 0.530800
vt 0.203300 0.529300
vt 0.187700 0.527600
vt 0.172100 0.525700
vt 0.156500 0.523500
vt 0.140900 0.521300
vt 0.359400 0.530200
vt 0.343800 0.530400
vt 0.328200 0.530500
vt 0.312600 0.530500
vt 0.297000 0.530400
vt 0.281400 0.530100
vt 0.265800 0.529700
vt 0.250200 0.529000
vt 0.234600 0.528100
vt 0.219000 0.527000
vt 0.203400 0.525800
vt 0.187700 0.524300
vt 0.172100 0.522700
vt 0.156500 0.521000
vt 0.140900 0.519200
vt 0.359400 0.527300
vt 0.343800 0.527300
vt 0.328200 0.527200
vt 0.312600 0.527100
vt 0.297000 0.526900
vt 0.281400 0.526500
vt 0.265800 0.526000
vt 0.250200 0.525400
vt 0.234600 0.524600
vt 0.219000 0.523700
vt 0.203400 0.522600
vt 0.187800 0.521400
vt 0.172200 0.520100
vt 0.156600 0.518700
vt 0.141000 0.517200
vt 0.359400 0.524400
vt 0.343800 0.524300
vt 0.328200 0.524100
vt 0.312600 0.523900
vt 0.297000 0.523600
vt 0.281400 0.523200
vt 0.265800 0.522800
vt 0.250200 0.522200
vt 0.234600 0.521500
vt 0.219000 0.520600
vt 0.203400 0.519700
vt 0.187800 0.518700
vt 0.172200 0.517700
vt 0.156600 0.516500
vt 0.141000 0.515400
vt 0.359400 0.521600
vt 0.343800 0.521400
vt 0.328200 0.521100
vt 0.312600 0.520900
vt 0.297000 0.520500
vt 0.281400 0.520200
vt 0.265900 0.519700
vt 0.250300 0.519200
vt 0.234700 0.518600
vt 0.219100 0.517900
vt 0.203500 0.517100
vt 0.187900 0.516300
vt 0.172300 0.515400
vt 0.156700 0.514500
vt 0.141100 0.513600
vt 0.359400 0.518800
vt 0.343800 0.518500
vt 0.328200 0.518300
vt 0.312600 0.518000
vt 0.297100 0.517600
vt 0.281500 0.517300
vt 0.265900 0.516800
vt 0.250300 0.516400
vt 0.234700 0.515800
vt 0.219100 0.515300
vt 0.203500 0.514600
vt 0.187900 0.514000
vt 0.172300 0.513300
vt 0.156700 0.512500
vt 0.141200 0.511800
vt 0.359400 0.516100
vt 0.343800 0.515800
vt 0.328200 0.515500
vt 0.312700 0.515200
vt 0.297100 0.514900
vt 0.281500 0.514500
vt 0.265900 0.514100
vt 0.250300 0.513700
vt 0.234700 0.513300
vt 0.219100 0.512800
vt 0.203600 0.512300
vt 0.188000 0.511800
vt 0.172400 0.511200
vt 0.156800 0.510600
vt 0.141200 0.510100
vt 0.359400 0.513300
vt 0.343800 0.513100
vt 0.328300 0.512800
vt 0.312700 0.512500
vt 0.297100 0.512200
vt 0.281500 0.511900
vt 0.265900 0.511600
vt 0.250300 0.511200
vt 0.234800 0.510900
vt 0.219200 0.510500
vt 0.203600 0.510100
vt 0.188000 0.509700
vt 0.172400 0.509200
vt 0.156900 0.508800
vt 0.141300 0.508300
vt 0.359400 0.510700
vt 0.343800 0.510400
vt 0.328300 0.510200
vt 0.312700 0.509900
vt 0.297100 0.509700
vt 0.281500 0.509400
vt 0.266000 0.509100
vt 0.250400 0.508900
vt 0.234800 0.508600
vt 0.219200 0.508300
vt 0.203600 0.507900
vt 0.188100 0.507600
vt 0.172500 0.507300
vt 0.156900 0.507000
vt 0.141300 0.506600
vt 0.359400 0.508000
vt 0.343900 0.507800
vt 0.328300 0.507600
vt 0.312700 0.507400
vt 0.297100 0.507200
vt 0.281600 0.507000
vt 0.266000 0.506800
vt 0.250400 0.506600
vt 0.234800 0.506300
vt 0.219300 0.506100
vt 0.203700 0.505900
vt 0.188100 0.505700
vt 0.172500 0.505400
vt 0.157000 0.505200
vt 0.141400 0.505000
vt 0.359400 0.505300
vt 0.343900 0.505200
vt 0.328300 0.505000
vt 0.312700 0.504900
vt 0.297100 0.504800
vt 0.281600 0.504600
vt 0.266000 0.504500
vt 0.250400 0.504300
vt 0.234900 0.504200
vt 0.219300 0.504000
vt 0.203700 0.503900
vt 0.188200 0.503800
vt 0.172600 0.503600
vt 0.157000 0.503500
vt 0.141500 0.503300
vt 0.359400 0.502700
vt 0.343900 0.502600
vt 0.328300 0.502500
vt 0.312700 0.502400
vt 0.297200 0.502400
vt 0.281600 0.502300
vt 0.266000 0.502200
vt 0.250500 0.502200
vt 0.234900 0.502100
vt 0.219300 0.502000
vt 0.203800 0.501900
vt 0.188200 0.501900
vt 0.172600 0.501800
vt 0.157100 0.501700
vt 0.141500 0.501700
vt 0.359000 0.547900
vt 0.375000 0.540900
vt 0.343200 0.551400
vt 0.327800 0.553200
vt 0.312400 0.554300
vt 0.296900 0.554900
vt 0.281300 0.555100
vt 0.265700 0.554800
vt 0.250100 0.554100
vt 0.234500 0.553100
vt 0.218800 0.551600
vt 0.203200 0.549600
vt 0.187600 0.547100
vt 0.171900 0.543900
vt 0.156300 0.539800
vt 0.140700 0.533100
vt 0.125100 0.523700
vt 0.125000 0.525300
vt 0.125100 0.522100
vt 0.125200 0.520500
vt 0.125300 0.518900
vt 0.125300 0.517400
vt 0.125400 0.515800
vt 0.125400 0.514200
vt 0.125500 0.512600
vt 0.125600 0.511100
vt 0.125600 0.509500
vt 0.125700 0.507900
vt 0.125800 0.506300
vt 0.125800 0.504700
vt 0.125900 0.503200
vt 0.125900 0.501600
vt 0.126000 0.500000
vt 0.141600 0.500000
vt 0.157100 0.500000
vt 0.172700 0.500000
vt 0.188300 0.500000
vt 0.203800 0.500000
vt 0.219400 0.500000
vt 0.234900 0.500000
vt 0.250500 0.500000
vt 0.266100 0.500000
vt 0.281600 0.500000
vt 0.297200 0.500000
vt 0.312800 0.500000
vt 0.328300 0.500000
vt 0.343900 0.500000
vt 0.359400 0.500000
vt 0.375000 0.502700
vt 0.375000 0.500000
vt 0.375000 0.505400
vt 0.375000 0.508200
vt 0.375000 0.510900
vt 0.375000 0.513600
vt 0.375000 0.516300
vt 0.375000 0.519100
vt 0.375000 0.521800
vt 0.375000 0.524500
vt 0.375000 0.527200
vt 0.375000 0.530000
vt 0.375000 0.532700
vt 0.375000 0.535400
vt 0.375000 0.538100
vt 0.140600 0.553500
vt 0.140600 0.542400
vt 0.156300 0.547600
vt 0.156300 0.557000
vt 0.171900 0.560100
vt 0.171900 0.551400
vt 0.187600 0.554400
vt 0.187500 0.562700
vt 0.203200 0.556800
vt 0.203200 0.564800
vt 0.218800 0.558700
vt 0.218800 0.566500
vt 0.234400 0.560100
vt 0.234400 0.567800
vt 0.250100 0.561100
vt 0.250000 0.568700
vt 0.265700 0.561700
vt 0.265700 0.569200
vt 0.281300 0.561900
vt 0.281200 0.569500
vt 0.296800 0.561800
vt 0.296700 0.569300
vt 0.312000 0.568800
vt 0.312200 0.561200
vt 0.327500 0.560100
vt 0.327100 0.567800
vt 0.342500 0.558400
vt 0.341700 0.566500
vt 0.356800 0.556200
vt 0.355300 0.564900
vt 0.140600 0.564700
vt 0.156300 0.567300
vt 0.171900 0.569600
vt 0.187500 0.571700
vt 0.203200 0.573500
vt 0.218800 0.574900
vt 0.234400 0.576000
vt 0.250000 0.576800
vt 0.265700 0.577300
vt 0.281200 0.577500
vt 0.296600 0.577400
vt 0.311800 0.577000
vt 0.326800 0.576300
vt 0.341100 0.575300
vt 0.354600 0.574100
vt 0.140600 0.576200
vt 0.156300 0.578000
vt 0.171900 0.579800
vt 0.187500 0.581400
vt 0.203200 0.582800
vt 0.218800 0.583900
vt 0.234400 0.584800
vt 0.250000 0.585400
vt 0.265600 0.585800
vt 0.281200 0.586000
vt 0.296600 0.585900
vt 0.311700 0.585600
vt 0.326600 0.585100
vt 0.340900 0.584400
vt 0.354500 0.583600
vt 0.140600 0.587800
vt 0.156300 0.589100
vt 0.171900 0.590300
vt 0.187500 0.591400
vt 0.203100 0.592400
vt 0.218800 0.593300
vt 0.234400 0.593900
vt 0.250000 0.594400
vt 0.265600 0.594700
vt 0.281200 0.594900
vt 0.296600 0.594800
vt 0.311700 0.594600
vt 0.326600 0.594300
vt 0.340900 0.593800
vt 0.354800 0.593300
vt 0.140600 0.599500
vt 0.156300 0.600300
vt 0.171900 0.601100
vt 0.187500 0.601800
vt 0.203100 0.602400
vt 0.218800 0.602900
vt 0.234400 0.603400
vt 0.250000 0.603700
vt 0.265600 0.603900
vt 0.281200 0.604000
vt 0.296600 0.604000
vt 0.311800 0.603800
vt 0.326600 0.603700
vt 0.341100 0.603400
vt 0.355100 0.603100
vt 0.156300 0.611600
vt 0.140600 0.611300
vt 0.171900 0.612000
vt 0.187500 0.612300
vt 0.203100 0.612600
vt 0.218800 0.612800
vt 0.234400 0.613000
vt 0.250000 0.613100
vt 0.265600 0.613200
vt 0.281200 0.613300
vt 0.296600 0.613300
vt 0.311800 0.613200
vt 0.326700 0.613100
vt 0.341300 0.613100
vt 0.355500 0.613000
vt 0.156300 0.623000
vt 0.140600 0.623100
vt 0.171900 0.622900
vt 0.187500 0.622900
vt 0.203100 0.622800
vt 0.218800 0.622800
vt 0.234400 0.622700
vt 0.250000 0.622700
vt 0.265600 0.622600
vt 0.281200 0.622600
vt 0.296600 0.622600
vt 0.311800 0.622600
vt 0.326800 0.622700
vt 0.341400 0.622800
vt 0.355700 0.622800
vt 0.156300 0.634400
vt 0.140600 0.634900
vt 0.171900 0.633900
vt 0.187500 0.633500
vt 0.203100 0.633100
vt 0.218800 0.632700
vt 0.234400 0.632400
vt 0.250000 0.632200
vt 0.265600 0.632100
vt 0.281200 0.632000
vt 0.296600 0.632000
vt 0.311800 0.632100
vt 0.326800 0.632200
vt 0.341400 0.632400
vt 0.355500 0.632700
vt 0.156300 0.645700
vt 0.140600 0.646700
vt 0.171900 0.644800
vt 0.187500 0.644000
vt 0.203100 0.643300
vt 0.218800 0.642600
vt 0.234400 0.642100
vt 0.250000 0.641700
vt 0.265600 0.641400
vt 0.281200 0.641300
vt 0.296600 0.641300
vt 0.311800 0.641400
vt 0.326700 0.641600
vt 0.341200 0.642000
vt 0.355200 0.642500
vt 0.156300 0.657000
vt 0.140600 0.658400
vt 0.171900 0.655600
vt 0.187500 0.654400
vt 0.203100 0.653300
vt 0.218800 0.652300
vt 0.234400 0.651500
vt 0.250000 0.651000
vt 0.265600 0.650600
vt 0.281200 0.650400
vt 0.296600 0.650400
vt 0.311700 0.650600
vt 0.326600 0.650900
vt 0.341000 0.651500
vt 0.354900 0.652200
vt 0.156300 0.668000
vt 0.140600 0.670000
vt 0.171900 0.666100
vt 0.187500 0.664400
vt 0.203200 0.663000
vt 0.218800 0.661700
vt 0.234400 0.660700
vt 0.250000 0.660000
vt 0.265700 0.659500
vt 0.281200 0.659200
vt 0.296600 0.659200
vt 0.311800 0.659500
vt 0.326600 0.660000
vt 0.341000 0.660700
vt 0.354600 0.661700
vt 0.156300 0.678800
vt 0.140600 0.681500
vt 0.171900 0.676400
vt 0.187500 0.674100
vt 0.203200 0.672300
vt 0.218800 0.670700
vt 0.234400 0.669500
vt 0.250000 0.668600
vt 0.265700 0.668000
vt 0.281200 0.667700
vt 0.296600 0.667800
vt 0.311900 0.668100
vt 0.326800 0.668800
vt 0.341200 0.669700
vt 0.354800 0.670900
vt 0.156300 0.689200
vt 0.140600 0.692700
vt 0.171900 0.686000
vt 0.187500 0.683300
vt 0.203200 0.681000
vt 0.218800 0.679300
vt 0.234400 0.677900
vt 0.250100 0.676800
vt 0.265700 0.676200
vt 0.281200 0.675800
vt 0.296700 0.675900
vt 0.312000 0.676300
vt 0.327100 0.677100
vt 0.341700 0.678300
vt 0.355400 0.679900
vt 0.156300 0.698600
vt 0.140600 0.703800
vt 0.171900 0.694800
vt 0.187600 0.691700
vt 0.203200 0.689200
vt 0.218800 0.687200
vt 0.234400 0.685600
vt 0.250100 0.684500
vt 0.265700 0.683800
vt 0.281300 0.683400
vt 0.296800 0.683400
vt 0.312200 0.683900
vt 0.327500 0.684800
vt 0.342500 0.686300
vt 0.356800 0.688200
vt 0.125000 0.537500
vt 0.125000 0.708800
vt 0.125000 0.696600
vt 0.125000 0.684300
vt 0.125000 0.672100
vt 0.125000 0.659900
vt 0.125000 0.647600
vt 0.125000 0.635400
vt 0.125000 0.623100
vt 0.125000 0.610900
vt 0.125000 0.598700
vt 0.125000 0.586400
vt 0.125000 0.574200
vt 0.125000 0.562000
vt 0.125000 0.549700
vt 0.470500 0.184300
s 1
g off
f 1/1/1 2/2/2 3/3/3
f 3/3/3 4/4/2 1/1/1
f 5/5/4 6/6/4 4/4/4
f 4/4/4 3/3/4 5/5/4
f 6/6/5 5/5/5 7/7/5
f 7/7/5 8/8/5 6/6/5
f 8/8/6 7/7/6 9/9/6
f 9/9/6 10/10/6 8/8/6
f 9/9/7 11/11/7 12/12/7
f 12/12/7 10/10/7 9/9/7
f 12/12/8 11/11/9 13/13/8
f 13/13/8 14/14/10 12/12/8
f 14/14/11 13/13/11 15/15/11
f 15/15/11 16/16/11 14/14/11
f 17/17/12 1/1/12 4/4/12
f 4/4/12 18/18/12 17/17/12
f 18/18/13 4/4/14 6/6/14
f 6/6/14 19/19/14 18/18/13
f 6/6/15 8/8/15 20/20/15
f 20/20/15 19/19/15 6/6/15
f 20/20/16 8/8/16 10/10/16
f 10/10/16 21/21/16 20/20/16
f 21/21/17 10/10/17 12/12/17
f 12/12/17 22/22/17 21/21/17
f 12/12/18 14/14/18 23/23/18
f 23/23/18 22/22/18 12/12/18
f 23/23/19 14/14/20 16/16/20
f 16/16/20 24/24/21 23/23/19
f 17/17/22 18/18/22 25/25/22
f 25/25/22 26/26/22 17/17/22
f 25/25/23 18/18/23 19/19/23
f 19/19/23 27/27/23 25/25/23
f 27/27/24 19/19/24 20/20/24
f 20/20/24 28/28/25 27/27/24
f 21/21/26 29/29/26 28/28/26
f 28/28/26 20/20/26 21/21/26
f 29/29/27 21/21/27 22/22/27
f 22/22/27 30/30/27 29/29/27
f 30/30/28 22/22/28 23/23/29
f 23/23/29 31/31/29 30/30/28
f 23/23/30 24/24/30 32/32/30
f 32/32/30 31/31/30 23/23/30
f 33/33/31 26/26/31 25/25/31
f 25/25/31 34/34/32 33/33/31
f 27/27/33 35/35/34 34/34/34
f 34/34/34 25/25/34 27/27/33
f 35/35/35 27/27/35 28/28/35
f 28/28/35 36/36/35 35/35/35
f 36/36/36 28/28/37 29/29/38
f 37/37/39 33/33/39 34/34/39
f 34/34/39 38/38/39 37/37/39
f 38/38/40 34/34/41 35/35/42
f 37/37/43 38/38/44 39/39/45
f 39/39/45 40/40/46 37/37/43
f 41/41/47 42/42/48 43/43/48
f 43/43/48 44/44/48 41/41/47
f 45/45/49 46/46/49 43/43/49
f 43/43/49 42/42/49 45/45/49
f 47/47/50 46/46/50 45/45/51
f 45/45/51 48/48/51 47/47/50
f 44/44/52 43/43/52 49/49/52
f 49/49/52 50/50/52 44/44/52
f 43/43/53 46/46/53 51/51/54
f 51/51/54 49/49/53 43/43/53
f 47/47/55 52/52/55 51/51/55
f 51/51/55 46/46/56 47/47/55
f 47/47/57 53/53/57 54/54/57
f 54/54/57 52/52/57 47/47/57
f 49/49/58 55/55/58 56/56/58
f 56/56/58 50/50/58 49/49/58
f 49/49/59 51/51/59 57/57/59
f 57/57/59 55/55/59 49/49/59
f 51/51/60 52/52/61 58/58/61
f 58/58/61 57/57/61 51/51/60
f 52/52/62 54/54/62 59/59/62
f 59/59/62 58/58/62 52/52/62
f 56/56/63 55/55/63 60/60/63
f 60/60/63 61/61/63 56/56/63
f 57/57/64 62/62/65 60/60/65
f 60/60/65 55/55/64 57/57/64
f 57/57/66 58/58/66 63/63/67
f 63/63/67 62/62/67 57/57/66
f 58/58/68 59/59/68 64/64/69
f 64/64/69 63/63/68 58/58/68
f 61/61/70 60/60/71 65/65/71
f 65/65/71 66/66/71 61/61/70
f 60/60/72 62/62/72 67/67/72
f 67/67/72 65/65/72 60/60/72
f 62/62/73 63/63/73 68/68/73
f 68/68/73 67/67/73 62/62/73
f 63/63/74 64/64/74 69/69/74
f 69/69/74 68/68/75 63/63/74
f 66/66/76 65/65/76 70/70/76
f 70/70/76 71/71/76 66/66/76
f 65/65/77 67/67/77 72/72/77
f 72/72/77 70/70/77 65/65/77
f 67/67/78 68/68/78 73/73/78
f 73/73/78 72/72/78 67/67/78
f 69/69/79 74/74/80 73/73/79
f 73/73/79 68/68/79 69/69/79
f 75/75/81 76/76/82 77/77/82
f 77/77/82 78/78/82 75/75/81
f 78/78/83 77/77/83 79/79/83
f 79/79/83 80/80/83 78/78/83
f 81/81/84 82/82/84 80/80/84
f 80/80/84 79/79/84 81/81/84
f 82/82/85 81/81/85 83/83/85
f 83/83/85 84/84/85 82/82/85
f 84/84/86 83/83/86 85/85/86
f 85/85/86 86/86/86 84/84/86
f 85/85/87 87/87/88 88/88/88
f 88/88/88 86/86/88 85/85/87
f 88/88/89 87/87/89 89/89/89
f 89/89/89 90/90/89 88/88/89
f 78/78/90 91/91/90 92/92/90
f 92/92/90 75/75/90 78/78/90
f 91/91/91 78/78/91 80/80/91
f 80/80/91 93/93/91 91/91/91
f 93/93/92 80/80/92 82/82/92
f 82/82/92 94/94/93 93/93/92
f 84/84/94 95/95/94 94/94/94
f 94/94/94 82/82/94 84/84/94
f 95/95/95 84/84/95 86/86/95
f 86/86/95 96/96/95 95/95/95
f 96/96/96 86/86/96 88/88/96
f 88/88/96 97/97/96 96/96/96
f 88/88/97 90/90/97 98/98/97
f 98/98/97 97/97/97 88/88/97
f 99/99/98 92/92/98 91/91/98
f 91/91/98 100/100/98 99/99/98
f 91/91/99 93/93/99 101/101/99
f 101/101/99 100/100/99 91/91/99
f 101/101/100 93/93/100 94/94/100
f 94/94/100 102/102/100 101/101/100
f 102/102/101 94/94/101 95/95/101
f 95/95/101 103/103/101 102/102/101
f 96/96/102 104/104/102 103/103/102
f 103/103/102 95/95/102 96/96/102
f 104/104/103 96/96/103 97/97/103
f 97/97/103 105/105/103 104/104/103
f 105/105/104 97/97/105 98/98/104
f 98/98/104 106/106/105 105/105/104
f 107/107/106 99/99/106 100/100/106
f 100/100/106 108/108/106 107/107/106
f 108/108/107 100/100/107 101/101/107
f 101/101/107 109/109/107 108/108/107
f 102/102/108 110/110/109 109/109/110
f 109/109/110 101/101/109 102/102/108
f 110/110/111 102/102/112 103/103/113
f 103/103/113 111/111/113 110/110/111
f 111/111/114 103/103/114 104/104/114
f 104/104/114 112/112/114 111/111/114
f 105/105/115 113/113/115 112/112/115
f 112/112/115 104/104/115 105/105/115
f 113/113/116 105/105/116 106/106/116
f 106/106/116 114/114/116 113/113/116
f 116/115/117 117/116/117 118/117/118
f 118/117/118 119/118/117 116/115/117
f 120/119/119 121/120/120 119/118/121
f 119/118/121 118/117/119 120/119/119
f 121/120/122 120/119/123 122/121/123
f 122/121/123 123/122/123 121/120/122
f 123/122/124 122/121/124 124/123/124
f 124/123/124 125/124/124 123/122/124
f 124/123/125 126/125/125 127/126/125
f 127/126/125 125/124/125 124/123/125
f 127/126/126 126/125/126 128/127/127
f 128/127/127 129/128/128 127/126/126
f 129/128/128 128/127/127 130/129/129
f 130/129/129 131/130/130 129/128/128
f 132/131/131 116/115/131 119/118/131
f 119/118/131 133/132/131 132/131/131
f 133/132/132 119/118/132 121/120/132
f 121/120/132 134/133/132 133/132/132
f 123/122/133 135/134/133 134/133/134
f 134/133/134 121/120/134 123/122/133
f 135/134/135 123/122/136 125/124/136
f 125/124/136 136/135/136 135/134/135
f 136/135/137 125/124/137 127/126/137
f 127/126/137 137/136/137 136/135/137
f 138/137/138 139/138/138 132/131/138
f 132/131/138 133/132/138 138/137/138
f 134/133/139 140/139/139 138/137/139
f 138/137/139 133/132/139 134/133/139
f 141/140/140 140/139/140 134/133/140
f 134/133/140 135/134/140 141/140/140
f 135/134/141 136/135/141 142/141/141
f 142/141/141 141/140/141 135/134/141
f 139/138/142 138/137/142 143/142/142
f 143/142/142 144/143/142 139/138/142
f 145/144/143 143/142/143 138/137/143
f 138/137/143 140/139/143 145/144/143
f 146/145/144 145/144/144 140/139/144
f 140/139/144 141/140/144 146/145/144
f 142/141/145 147/146/145 146/145/145
f 146/145/145 141/140/145 142/141/145
f 143/142/146 148/147/146 149/148/146
f 149/148/146 144/143/146 143/142/146
f 145/144/147 150/149/147 148/147/147
f 148/147/147 143/142/147 145/144/147
f 150/149/148 145/144/148 146/145/148
f 146/145/148 151/150/148 150/149/148
f 151/150/149 146/145/150 147/146/151
f 152/151/152 149/148/152 148/147/152
f 148/147/152 153/152/152 152/151/152
f 150/149/153 154/153/153 153/152/153
f 153/152/153 148/147/153 150/149/153
f 151/150/154 155/154/154 154/153/154
f 154/153/154 150/149/154 151/150/154
f 15/15/155 71/71/156 70/70/155
f 70/70/155 16/16/155 15/15/155
f 16/16/157 70/70/157 72/72/157
f 72/72/157 24/24/157 16/16/157
f 72/72/158 73/73/158 32/32/158
f 32/32/158 24/24/158 72/72/158
f 32/32/159 73/73/160 74/74/161
f 89/89/162 152/151/162 153/152/162
f 153/152/162 90/90/162 89/89/162
f 90/90/163 153/152/163 154/153/163
f 154/153/163 98/98/163 90/90/163
f 154/153/164 155/154/164 106/106/164
f 106/106/164 98/98/164 154/153/164
f 106/106/165 155/154/165 156/155/165
f 156/155/165 114/114/165 106/106/165
f 40/40/46 39/39/45 131/130/130
f 131/130/130 130/129/129 40/40/46
f 157/156/166 158/157/166 159/158/167
f 159/158/167 2/2/166 157/156/166
f 3/3/168 2/2/168 159/158/168
f 159/158/168 160/159/168 3/3/168
f 5/5/169 3/3/169 160/159/169
f 160/159/169 161/160/169 5/5/169
f 162/161/170 7/7/171 5/5/170
f 5/5/170 161/160/172 162/161/170
f 163/162/173 9/9/173 7/7/173
f 7/7/173 162/161/173 163/162/173
f 164/163/174 11/11/174 9/9/174
f 9/9/174 163/162/174 164/163/174
f 11/11/175 164/163/175 165/164/175
f 165/164/175 13/13/175 11/11/175
f 166/165/176 15/15/177 13/13/178
f 13/13/178 165/164/179 166/165/176
f 167/166/180 157/156/180 2/2/181
f 2/2/181 1/1/180 167/166/180
f 17/17/182 168/167/182 167/166/182
f 167/166/182 1/1/182 17/17/182
f 26/26/183 169/168/183 168/167/183
f 168/167/183 17/17/183 26/26/183
f 33/33/184 170/169/184 169/168/185
f 169/168/185 26/26/184 33/33/184
f 37/37/186 171/170/187 170/169/188
f 170/169/188 33/33/188 37/37/186
f 40/40/189 172/171/190 171/170/187
f 171/170/187 37/37/186 40/40/189
f 130/129/191 173/172/192 172/171/190
f 172/171/190 40/40/189 130/129/191
f 174/173/193 175/174/194 41/41/195
f 41/41/195 176/175/194 174/173/193
f 41/41/196 175/174/197 177/176/197
f 177/176/197 42/42/197 41/41/196
f 177/176/198 178/177/198 45/45/198
f 45/45/198 42/42/198 177/176/198
f 178/177/199 179/178/199 48/48/199
f 48/48/199 45/45/199 178/177/199
f 44/44/200 180/179/200 176/175/200
f 176/175/200 41/41/200 44/44/200
f 44/44/201 50/50/201 181/180/201
f 181/180/201 180/179/201 44/44/201
f 182/181/202 181/180/202 50/50/202
f 50/50/202 56/56/202 182/181/202
f 56/56/203 61/61/203 183/182/203
f 183/182/203 182/181/203 56/56/203
f 183/182/204 61/61/204 66/66/204
f 66/66/204 184/183/204 183/182/204
f 71/71/205 185/184/205 184/183/205
f 184/183/205 66/66/205 71/71/205
f 15/15/206 166/165/206 185/184/206
f 185/184/206 71/71/206 15/15/206
f 186/185/207 76/76/207 187/186/207
f 187/186/207 188/187/208 186/185/207
f 77/77/209 76/76/209 186/185/209
f 186/185/209 189/188/209 77/77/209
f 190/189/210 79/79/210 77/77/210
f 77/77/210 189/188/210 190/189/210
f 191/190/211 81/81/211 79/79/211
f 79/79/211 190/189/211 191/190/211
f 192/191/212 83/83/212 81/81/212
f 81/81/212 191/190/212 192/191/212
f 85/85/213 83/83/213 192/191/213
f 192/191/213 193/192/213 85/85/213
f 87/87/214 85/85/214 193/192/214
f 193/192/214 194/193/214 87/87/214
f 87/87/215 194/193/215 195/194/215
f 195/194/215 89/89/216 87/87/215
f 75/75/217 196/195/218 187/186/218
f 187/186/218 76/76/218 75/75/217
f 196/195/219 75/75/219 92/92/219
f 92/92/219 197/196/219 196/195/219
f 99/99/220 198/197/220 197/196/220
f 197/196/220 92/92/220 99/99/220
f 199/198/221 198/197/222 99/99/222
f 99/99/222 107/107/221 199/198/221
f 200/199/223 117/116/224 201/200/224
f 201/200/224 202/201/224 200/199/223
f 117/116/225 200/199/226 203/202/226
f 203/202/226 118/117/226 117/116/225
f 118/117/227 203/202/227 204/203/227
f 204/203/227 120/119/227 118/117/227
f 120/119/228 204/203/228 205/204/228
f 205/204/228 122/121/228 120/119/228
f 122/121/229 205/204/229 206/205/229
f 206/205/229 124/123/229 122/121/229
f 124/123/230 206/205/230 207/206/231
f 207/206/231 126/125/232 124/123/230
f 126/125/232 207/206/231 208/207/233
f 208/207/233 128/127/234 126/125/232
f 128/127/234 208/207/233 173/172/192
f 173/172/192 130/129/191 128/127/234
f 116/115/235 209/208/235 201/200/235
f 201/200/235 117/116/235 116/115/235
f 132/131/236 210/209/236 209/208/236
f 209/208/236 116/115/236 132/131/236
f 139/138/237 211/210/237 210/209/237
f 210/209/237 132/131/237 139/138/237
f 144/143/238 212/211/238 211/210/238
f 211/210/238 139/138/238 144/143/238
f 149/148/239 213/212/240 212/211/240
f 212/211/240 144/143/240 149/148/239
f 152/151/241 214/213/241 213/212/241
f 213/212/241 149/148/241 152/151/241
f 195/194/242 214/213/242 152/151/242
f 152/151/242 89/89/242 195/194/242
f 215/214/243 216/215/243 217/216/243
f 217/216/243 218/217/243 215/214/243
f 219/218/244 220/219/244 218/217/244
f 218/217/244 217/216/244 219/218/244
f 221/220/245 222/221/246 220/219/247
f 220/219/247 219/218/245 221/220/245
f 218/217/248 223/222/249 224/223/249
f 224/223/249 215/214/248 218/217/248
f 220/219/250 225/224/250 223/222/250
f 223/222/250 218/217/250 220/219/250
f 225/224/251 220/219/247 222/221/246
f 222/221/246 226/225/251 225/224/251
f 223/222/252 227/226/252 228/227/253
f 228/227/253 224/223/252 223/222/252
f 227/226/254 223/222/254 225/224/254
f 225/224/254 229/228/254 227/226/254
f 226/225/255 230/229/256 229/228/257
f 229/228/257 225/224/255 226/225/255
f 231/230/258 228/227/259 227/226/259
f 227/226/259 232/231/259 231/230/258
f 229/228/260 233/232/260 232/231/260
f 232/231/260 227/226/260 229/228/260
f 230/229/256 234/233/261 233/232/261
f 233/232/261 229/228/257 230/229/256
f 232/231/262 235/234/262 236/235/263
f 236/235/263 231/230/263 232/231/262
f 233/232/264 237/236/264 235/234/264
f 235/234/264 232/231/264 233/232/264
f 237/236/265 233/232/266 234/233/266
f 234/233/266 238/237/267 237/236/265
f 235/234/268 239/238/269 240/239/270
f 240/239/270 236/235/271 235/234/268
f 239/238/272 235/234/272 237/236/273
f 237/236/273 241/240/273 239/238/272
f 238/237/267 242/241/274 241/240/274
f 241/240/274 237/236/265 238/237/267
f 243/242/275 240/239/276 239/238/277
f 239/238/277 244/243/278 243/242/275
f 241/240/279 245/244/280 244/243/279
f 244/243/279 239/238/279 241/240/279
f 242/241/281 246/245/282 245/244/283
f 245/244/283 241/240/281 242/241/281
f 244/243/284 247/246/284 248/247/285
f 248/247/285 243/242/284 244/243/284
f 245/244/286 249/248/287 247/246/287
f 247/246/287 244/243/288 245/244/286
f 249/248/289 245/244/283 246/245/282
f 246/245/282 250/249/289 249/248/289
f 247/246/290 251/250/290 252/251/290
f 252/251/290 248/247/290 247/246/290
f 251/250/291 247/246/291 249/248/291
f 249/248/291 253/252/291 251/250/291
f 250/249/292 254/253/292 253/252/292
f 253/252/292 249/248/292 250/249/292
f 255/254/293 252/251/293 251/250/293
f 251/250/293 256/255/293 255/254/293
f 253/252/294 257/256/295 256/255/294
f 256/255/294 251/250/294 253/252/294
f 254/253/296 258/257/296 257/256/296
f 257/256/296 253/252/296 254/253/296
f 256/255/297 259/258/297 260/259/297
f 260/259/297 255/254/297 256/255/297
f 257/256/298 261/260/298 259/258/298
f 259/258/298 256/255/298 257/256/298
f 261/260/299 257/256/300 258/257/301
f 258/257/301 262/261/300 261/260/299
f 259/258/302 263/262/302 264/263/302
f 264/263/302 260/259/302 259/258/302
f 263/262/303 259/258/304 261/260/303
f 261/260/303 265/264/303 263/262/303
f 262/261/305 266/265/305 265/264/305
f 265/264/305 261/260/306 262/261/305
f 267/266/307 264/263/308 263/262/308
f 263/262/308 268/267/308 267/266/307
f 265/264/309 269/268/309 268/267/309
f 268/267/309 263/262/309 265/264/309
f 266/265/310 270/269/310 269/268/310
f 269/268/310 265/264/310 266/265/310
f 268/267/311 271/270/311 272/271/311
f 272/271/311 267/266/311 268/267/311
f 269/268/312 273/272/313 271/270/312
f 271/270/312 268/267/312 269/268/312
f 273/272/314 269/268/315 270/269/314
f 270/269/314 274/273/314 273/272/314
f 275/274/316 276/275/316 277/276/316
f 277/276/316 216/215/316 275/274/316
f 217/216/317 216/215/317 277/276/317
f 277/276/317 278/277/317 217/216/317
f 279/278/318 219/218/318 217/216/318
f 217/216/318 278/277/318 279/278/318
f 280/279/319 221/220/319 219/218/319
f 219/218/319 279/278/319 280/279/319
f 274/273/320 179/280/320 178/281/320
f 178/281/320 273/272/320 274/273/320
f 177/282/321 271/270/321 273/272/321
f 273/272/321 178/281/321 177/282/321
f 177/282/322 175/283/322 272/271/322
f 272/271/322 271/270/322 177/282/322
f 272/271/323 175/283/323 174/284/323
f 174/284/323 281/285/323 272/271/323
f 267/266/324 272/271/324 281/285/324
f 281/285/324 282/286/324 267/266/324
f 282/286/325 283/287/325 264/263/325
f 264/263/325 267/266/325 282/286/325
f 283/287/326 284/288/326 260/259/327
f 260/259/327 264/263/326 283/287/326
f 260/259/328 284/288/328 285/289/328
f 285/289/328 255/254/328 260/259/328
f 255/254/329 285/289/329 286/290/329
f 286/290/329 252/251/329 255/254/329
f 287/291/330 248/247/331 252/251/330
f 252/251/330 286/290/330 287/291/330
f 248/247/332 287/291/332 288/292/332
f 288/292/332 243/242/332 248/247/332
f 243/242/333 288/292/334 289/293/335
f 289/293/335 240/239/336 243/242/333
f 290/294/337 236/235/337 240/239/338
f 240/239/338 289/293/337 290/294/337
f 291/295/339 231/230/340 236/235/341
f 236/235/341 290/294/341 291/295/339
f 292/296/342 228/227/342 231/230/343
f 231/230/343 291/295/344 292/296/342
f 293/297/345 224/223/345 228/227/346
f 228/227/346 292/296/347 293/297/345
f 294/298/348 215/214/349 224/223/350
f 224/223/350 293/297/348 294/298/348
f 215/214/351 294/298/351 275/274/351
f 275/274/351 216/215/351 215/214/351
f 295/299/352 296/300/352 297/301/352
f 297/301/352 298/302/352 295/299/352
f 297/301/353 299/303/353 300/304/353
f 300/304/353 298/302/353 297/301/353
f 299/303/354 301/305/354 302/306/354
f 302/306/354 300/304/354 299/303/354
f 302/306/355 301/305/355 303/307/356
f 303/307/356 304/308/357 302/306/355
f 295/299/358 298/302/358 305/309/358
f 305/309/358 306/310/358 295/299/358
f 298/302/359 300/304/359 307/311/359
f 307/311/359 305/309/359 298/302/359
f 300/304/360 302/306/360 308/312/360
f 308/312/360 307/311/360 300/304/360
f 302/306/361 304/308/361 309/313/361
f 309/313/361 308/312/361 302/306/361
f 306/310/362 305/309/362 310/314/362
f 310/314/362 311/315/362 306/310/362
f 305/309/363 307/311/363 312/316/363
f 312/316/363 310/314/363 305/309/363
f 307/311/364 308/312/365 313/317/366
f 313/317/366 312/316/364 307/311/364
f 308/312/365 309/313/367 314/318/367
f 314/318/367 313/317/366 308/312/365
f 311/315/368 310/314/368 315/319/368
f 315/319/368 316/320/368 311/315/368
f 310/314/369 312/316/369 317/321/369
f 317/321/369 315/319/369 310/314/369
f 312/316/370 313/317/371 318/322/372
f 318/322/372 317/321/370 312/316/370
f 313/317/371 314/318/373 319/323/373
f 319/323/373 318/322/372 313/317/371
f 316/320/374 315/319/374 320/324/374
f 320/324/374 321/325/374 316/320/374
f 315/319/375 317/321/375 322/326/375
f 322/326/375 320/324/375 315/319/375
f 317/321/376 318/322/376 323/327/376
f 323/327/376 322/326/376 317/321/376
f 318/322/377 319/323/378 324/328/379
f 324/328/379 323/327/379 318/322/377
f 321/325/380 320/324/381 325/329/381
f 325/329/381 326/330/381 321/325/380
f 320/324/382 322/326/382 327/331/382
f 327/331/382 325/329/382 320/324/382
f 322/326/383 323/327/383 328/332/383
f 328/332/383 327/331/383 322/326/383
f 324/328/384 329/333/385 328/332/386
f 328/332/386 323/327/387 324/328/384
f 326/330/388 325/329/389 330/334/390
f 330/334/390 331/335/391 326/330/388
f 325/329/392 327/331/392 332/336/392
f 332/336/392 330/334/392 325/329/392
f 327/331/393 328/332/394 333/337/393
f 333/337/393 332/336/393 327/331/393
f 328/332/395 329/333/396 334/338/397
f 334/338/397 333/337/397 328/332/395
f 331/335/398 330/334/399 335/339/400
f 335/339/400 336/340/401 331/335/398
f 330/334/402 332/336/402 337/341/403
f 337/341/403 335/339/402 330/334/402
f 333/337/404 338/342/405 337/341/406
f 337/341/406 332/336/404 333/337/404
f 333/337/407 334/338/407 339/343/408
f 339/343/408 338/342/407 333/337/407
f 336/340/409 335/339/410 340/344/411
f 340/344/411 341/345/412 336/340/409
f 335/339/413 337/341/413 342/346/413
f 342/346/413 340/344/414 335/339/413
f 337/341/415 338/342/416 343/347/417
f 343/347/417 342/346/418 337/341/415
f 339/343/419 344/348/420 343/347/420
f 343/347/420 338/342/420 339/343/419
f 341/345/421 340/344/421 345/349/422
f 345/349/422 346/350/423 341/345/421
f 342/346/424 347/351/424 345/349/424
f 345/349/424 340/344/424 342/346/424
f 342/346/425 343/347/425 348/352/425
f 348/352/425 347/351/426 342/346/425
f 343/347/427 344/348/427 349/353/428
f 349/353/428 348/352/427 343/347/427
f 346/350/429 345/349/429 350/354/430
f 350/354/430 351/355/429 346/350/429
f 345/349/431 347/351/431 352/356/431
f 352/356/431 350/354/431 345/349/431
f 348/352/432 353/357/432 352/356/432
f 352/356/432 347/351/432 348/352/432
f 348/352/433 349/353/433 354/358/433
f 354/358/433 353/357/433 348/352/433
f 351/355/434 350/354/434 355/359/434
f 355/359/434 356/360/435 351/355/434
f 350/354/436 352/356/437 357/361/437
f 357/361/437 355/359/437 350/354/436
f 352/356/438 353/357/438 358/362/438
f 358/362/438 357/361/438 352/356/438
f 353/357/439 354/358/439 359/363/440
f 359/363/440 358/362/441 353/357/439
f 356/360/442 355/359/442 360/364/442
f 360/364/442 361/365/442 356/360/442
f 357/361/443 362/366/443 360/364/443
f 360/364/443 355/359/443 357/361/443
f 357/361/444 358/362/444 363/367/444
f 363/367/444 362/366/444 357/361/444
f 358/362/441 359/363/440 364/368/445
f 364/368/445 363/367/445 358/362/441
f 361/365/446 360/364/446 365/369/446
f 365/369/446 366/370/446 361/365/446
f 360/364/447 362/366/447 367/371/447
f 367/371/447 365/369/447 360/364/447
f 362/366/448 363/367/449 368/372/448
f 368/372/448 367/371/448 362/366/448
f 363/367/450 364/368/451 369/373/452
f 369/373/452 368/372/453 363/367/450
f 188/187/454 187/186/454 296/300/454
f 296/300/454 370/374/454 188/187/454
f 196/195/455 297/301/455 296/300/455
f 296/300/455 187/186/455 196/195/455
f 197/196/456 299/303/456 297/301/456
f 297/301/456 196/195/456 197/196/456
f 198/197/457 301/305/457 299/303/457
f 299/303/457 197/196/457 198/197/457
f 199/198/458 303/307/458 301/305/458
f 301/305/458 198/197/458 199/198/458
f 367/371/459 368/372/460 371/375/459
f 371/375/459 372/376/459 367/371/459
f 367/371/461 372/376/461 373/377/461
f 373/377/461 365/369/461 367/371/461
f 374/378/462 366/370/462 365/369/462
f 365/369/462 373/377/462 374/378/462
f 374/378/463 375/379/463 376/380/463
f 376/380/463 366/370/463 374/378/463
f 366/370/464 376/380/464 377/381/464
f 377/381/464 361/365/464 366/370/464
f 378/382/465 356/360/465 361/365/465
f 361/365/465 377/381/465 378/382/465
f 356/360/466 378/382/466 379/383/467
f 379/383/467 351/355/466 356/360/466
f 351/355/468 379/383/469 380/384/470
f 380/384/470 346/350/471 351/355/468
f 381/385/472 341/345/472 346/350/473
f 346/350/473 380/384/474 381/385/472
f 341/345/475 381/385/476 382/386/477
f 382/386/477 336/340/478 341/345/475
f 336/340/479 382/386/480 383/387/481
f 383/387/481 331/335/482 336/340/479
f 384/388/483 326/330/483 331/335/483
f 331/335/483 383/387/483 384/388/483
f 326/330/484 384/388/485 385/389/486
f 385/389/486 321/325/486 326/330/484
f 321/325/487 385/389/488 386/390/489
f 386/390/489 316/320/489 321/325/487
f 387/391/490 311/315/491 316/320/490
f 316/320/490 386/390/490 387/391/490
f 311/315/492 387/391/492 388/392/492
f 388/392/492 306/310/492 311/315/492
f 306/310/493 388/392/493 389/393/493
f 389/393/493 295/299/493 306/310/493
f 295/299/494 389/393/494 370/374/494
f 370/374/494 296/300/494 295/299/494
f 390/394/495 391/395/495 392/396/495
f 392/396/495 393/397/495 390/394/495
f 390/394/496 394/398/496 395/399/496
f 395/399/496 391/395/496 390/394/496
f 394/398/497 396/400/497 397/401/498
f 397/401/498 395/399/499 394/398/497
f 398/402/500 399/403/500 397/401/501
f 397/401/501 396/400/500 398/402/500
f 398/402/502 400/404/503 401/405/504
f 401/405/504 399/403/502 398/402/502
f 400/404/505 402/406/506 403/407/507
f 403/407/507 401/405/508 400/404/505
f 402/406/509 404/408/510 405/409/510
f 405/409/510 403/407/510 402/406/509
f 404/408/511 406/410/511 407/411/511
f 407/411/511 405/409/512 404/408/511
f 406/410/513 408/412/514 409/413/514
f 409/413/514 407/411/515 406/410/513
f 410/414/516 411/415/516 409/413/516
f 409/413/516 408/412/516 410/414/516
f 410/414/517 412/416/517 413/417/517
f 413/417/517 411/415/517 410/414/517
f 414/418/518 415/419/518 413/417/518
f 413/417/518 412/416/518 414/418/518
f 414/418/519 416/420/520 417/421/520
f 417/421/520 415/419/519 414/418/519
f 416/420/521 418/422/521 419/423/521
f 419/423/521 417/421/521 416/420/521
f 392/396/522 391/395/522 420/424/522
f 420/424/522 421/425/522 392/396/522
f 391/395/523 395/399/523 422/426/523
f 422/426/523 420/424/523 391/395/523
f 395/399/524 397/401/525 423/427/525
f 423/427/525 422/426/525 395/399/524
f 397/401/526 399/403/526 424/428/526
f 424/428/526 423/427/526 397/401/526
f 399/403/527 401/405/528 425/429/528
f 425/429/528 424/428/527 399/403/527
f 401/405/529 403/407/530 426/430/530
f 426/430/530 425/429/531 401/405/529
f 403/407/532 405/409/533 427/431/534
f 427/431/534 426/430/535 403/407/532
f 405/409/536 407/411/537 428/432/538
f 428/432/538 427/431/536 405/409/536
f 407/411/539 409/413/539 429/433/539
f 429/433/539 428/432/539 407/411/539
f 409/413/540 411/415/540 430/434/540
f 430/434/540 429/433/540 409/413/540
f 411/415/541 413/417/541 431/435/541
f 431/435/541 430/434/541 411/415/541
f 415/419/542 432/436/542 431/435/542
f 431/435/542 413/417/542 415/419/542
f 417/421/543 433/437/543 432/436/543
f 432/436/543 415/419/543 417/421/543
f 417/421/544 419/423/545 434/438/544
f 434/438/544 433/437/544 417/421/544
f 420/424/546 435/439/546 436/440/546
f 436/440/546 421/425/546 420/424/546
f 420/424/547 422/426/547 437/441/547
f 437/441/547 435/439/547 420/424/547
f 423/427/548 438/442/548 437/441/548
f 437/441/548 422/426/548 423/427/548
f 424/428/549 439/443/549 438/442/549
f 438/442/549 423/427/549 424/428/549
f 424/428/550 425/429/550 440/444/550
f 440/444/550 439/443/550 424/428/550
f 425/429/551 426/430/552 441/445/552
f 441/445/552 440/444/553 425/429/551
f 427/431/554 442/446/555 441/445/556
f 441/445/556 426/430/557 427/431/554
f 427/431/558 428/432/558 443/447/558
f 443/447/558 442/446/558 427/431/558
f 429/433/559 444/448/560 443/447/559
f 443/447/559 428/432/561 429/433/559
f 430/434/562 445/449/562 444/448/562
f 444/448/562 429/433/562 430/434/562
f 430/434/563 431/435/563 446/450/563
f 446/450/563 445/449/563 430/434/563
f 432/436/564 447/451/564 446/450/564
f 446/450/564 431/435/564 432/436/564
f 433/437/565 448/452/565 447/451/565
f 447/451/565 432/436/565 433/437/565
f 433/437/566 434/438/566 449/453/566
f 449/453/566 448/452/566 433/437/566
f 435/439/567 450/454/567 451/455/567
f 451/455/567 436/440/567 435/439/567
f 435/439/568 437/441/568 452/456/568
f 452/456/568 450/454/568 435/439/568
f 437/441/569 438/442/569 453/457/570
f 453/457/570 452/456/570 437/441/569
f 439/443/571 454/458/572 453/457/571
f 453/457/571 438/442/571 439/443/571
f 439/443/573 440/444/574 455/459/575
f 455/459/575 454/458/576 439/443/573
f 441/445/577 456/460/578 455/459/579
f 455/459/579 440/444/577 441/445/577
f 442/446/580 457/461/581 456/460/582
f 456/460/582 441/445/583 442/446/580
f 442/446/584 443/447/585 458/462/586
f 458/462/586 457/461/587 442/446/584
f 443/447/588 444/448/588 459/463/589
f 459/463/589 458/462/588 443/447/588
f 445/449/590 460/464/590 459/463/590
f 459/463/590 444/448/590 445/449/590
f 445/449/591 446/450/591 461/465/591
f 461/465/591 460/464/591 445/449/591
f 447/451/592 462/466/593 461/465/593
f 461/465/593 446/450/592 447/451/592
f 448/452/594 463/467/594 462/466/594
f 462/466/594 447/451/594 448/452/594
f 448/452/595 449/453/595 464/468/596
f 464/468/596 463/467/595 448/452/595
f 450/454/597 465/469/597 466/470/597
f 466/470/597 451/455/597 450/454/597
f 450/454/598 452/456/598 467/471/598
f 467/471/598 465/469/599 450/454/598
f 452/456/600 453/457/601 468/472/601
f 468/472/601 467/471/600 452/456/600
f 454/458/602 469/473/602 468/472/602
f 468/472/602 453/457/602 454/458/602
f 454/458/603 455/459/604 470/474/604
f 470/474/604 469/473/605 454/458/603
f 455/459/606 456/460/606 471/475/606
f 471/475/606 470/474/606 455/459/606
f 457/461/607 472/476/608 471/475/609
f 471/475/609 456/460/609 457/461/607
f 457/461/610 458/462/611 473/477/610
f 473/477/610 472/476/611 457/461/610
f 459/463/612 474/478/612 473/477/612
f 473/477/612 458/462/612 459/463/612
f 460/464/613 475/479/613 474/478/613
f 474/478/613 459/463/613 460/464/613
f 460/464/614 461/465/615 476/480/615
f 476/480/615 475/479/614 460/464/614
f 462/466/616 477/481/616 476/480/616
f 476/480/616 461/465/616 462/466/616
f 463/467/617 478/482/617 477/481/617
f 477/481/617 462/466/617 463/467/617
f 463/467/618 464/468/618 479/483/618
f 479/483/618 478/482/618 463/467/618
f 465/469/619 480/484/619 481/485/619
f 481/485/619 466/470/619 465/469/619
f 465/469/620 467/471/621 482/486/620
f 482/486/620 480/484/620 465/469/620
f 467/471/622 468/472/622 483/487/622
f 483/487/622 482/486/622 467/471/622
f 469/473/623 484/488/624 483/487/625
f 483/487/625 468/472/625 469/473/623
f 469/473/626 470/474/626 485/489/627
f 485/489/627 484/488/628 469/473/626
f 471/475/629 486/490/630 485/489/631
f 485/489/631 470/474/630 471/475/629
f 472/476/632 487/491/633 486/490/632
f 486/490/632 471/475/632 472/476/632
f 472/476/634 473/477/635 488/492/635
f 488/492/635 487/491/636 472/476/634
f 474/478/637 489/493/637 488/492/638
f 488/492/638 473/477/637 474/478/637
f 475/479/639 490/494/640 489/493/641
f 489/493/641 474/478/642 475/479/639
f 475/479/643 476/480/643 491/495/644
f 491/495/644 490/494/643 475/479/643
f 476/480/645 477/481/645 492/496/645
f 492/496/645 491/495/645 476/480/645
f 478/482/646 493/497/647 492/496/646
f 492/496/646 477/481/646 478/482/646
f 478/482/648 479/483/648 494/498/648
f 494/498/648 493/497/649 478/482/648
f 480/484/650 495/499/650 496/500/650
f 496/500/650 481/485/650 480/484/650
f 480/484/651 482/486/652 497/501/652
f 497/501/652 495/499/653 480/484/651
f 483/487/654 498/502/655 497/501/656
f 497/501/656 482/486/657 483/487/654
f 484/488/658 499/503/658 498/502/658
f 498/502/658 483/487/658 484/488/658
f 484/488/659 485/489/659 500/504/660
f 500/504/660 499/503/660 484/488/659
f 486/490/661 501/505/662 500/504/663
f 500/504/663 485/489/664 486/490/661
f 487/491/665 502/506/665 501/505/665
f 501/505/665 486/490/665 487/491/665
f 487/491/666 488/492/667 503/507/668
f 503/507/668 502/506/666 487/491/666
f 488/492/669 489/493/669 504/508/669
f 504/508/669 503/507/669 488/492/669
f 490/494/670 505/509/671 504/508/672
f 504/508/672 489/493/671 490/494/670
f 490/494/673 491/495/673 506/510/673
f 506/510/673 505/509/673 490/494/673
f 491/495/674 492/496/674 507/511/674
f 507/511/674 506/510/674 491/495/674
f 493/497/675 508/512/675 507/511/675
f 507/511/675 492/496/675 493/497/675
f 493/497/676 494/498/676 509/513/676
f 509/513/676 508/512/676 493/497/676
f 495/499/677 510/514/677 511/515/677
f 511/515/677 496/500/677 495/499/677
f 495/499/678 497/501/678 512/516/678
f 512/516/678 510/514/678 495/499/678
f 497/501/679 498/502/679 513/517/680
f 513/517/680 512/516/679 497/501/679
f 514/518/681 513/517/681 498/502/681
f 498/502/681 499/503/681 514/518/681
f 515/519/682 514/518/683 499/503/682
f 499/503/682 500/504/683 515/519/682
f 515/519/684 500/504/684 501/505/684
f 501/505/684 516/520/684 515/519/684
f 501/505/685 502/506/686 517/521/686
f 517/521/686 516/520/686 501/505/685
f 502/506/687 503/507/688 518/522/689
f 518/522/689 517/521/690 502/506/687
f 503/507/691 504/508/691 519/523/691
f 519/523/691 518/522/691 503/507/691
f 520/524/692 519/523/693 504/508/693
f 504/508/693 505/509/693 520/524/692
f 521/525/694 520/524/695 505/509/695
f 505/509/695 506/510/696 521/525/694
f 507/511/697 522/526/698 521/525/699
f 521/525/699 506/510/697 507/511/697
f 523/527/700 522/526/701 507/511/702
f 507/511/702 508/512/703 523/527/700
f 524/528/704 523/527/705 508/512/706
f 508/512/706 509/513/707 524/528/704
f 525/529/708 526/530/708 511/515/708
f 511/515/708 510/514/708 525/529/708
f 527/531/709 525/529/709 510/514/709
f 510/514/709 512/516/709 527/531/709
f 513/517/710 528/532/711 527/531/710
f 527/531/710 512/516/712 513/517/710
f 528/532/713 513/517/713 514/518/714
f 514/518/714 529/533/714 528/532/713
f 529/533/715 514/518/715 515/519/715
f 515/519/715 530/534/715 529/533/715
f 530/534/716 515/519/717 516/520/718
f 516/520/718 531/535/719 530/534/716
f 532/536/720 531/535/721 516/520/721
f 516/520/721 517/521/720 532/536/720
f 533/537/722 532/536/723 517/521/723
f 517/521/723 518/522/723 533/537/722
f 519/523/724 534/538/725 533/537/726
f 533/537/726 518/522/727 519/523/724
f 534/538/728 519/523/728 520/524/728
f 520/524/728 535/539/728 534/538/728
f 535/539/729 520/524/730 521/525/730
f 521/525/730 536/540/731 535/539/729
f 522/526/732 537/541/732 536/540/732
f 536/540/732 521/525/732 522/526/732
f 537/541/733 522/526/733 523/527/733
f 523/527/733 538/542/733 537/541/733
f 538/542/734 523/527/734 524/528/734
f 524/528/734 539/543/734 538/542/734
f 540/544/735 526/530/735 525/529/735
f 525/529/735 541/545/735 540/544/735
f 541/545/736 525/529/736 527/531/736
f 527/531/736 542/546/736 541/545/736
f 528/532/737 543/547/737 542/546/737
f 542/546/737 527/531/737 528/532/737
f 543/547/738 528/532/738 529/533/738
f 529/533/738 544/548/738 543/547/738
f 544/548/739 529/533/739 530/534/739
f 530/534/739 545/549/739 544/548/739
f 531/535/740 546/550/741 545/549/742
f 545/549/742 530/534/740 531/535/740
f 546/550/743 531/535/743 532/536/744
f 532/536/744 547/551/745 546/550/743
f 547/551/746 532/536/747 533/537/748
f 533/537/748 548/552/749 547/551/746
f 534/538/750 549/553/751 548/552/752
f 548/552/752 533/537/752 534/538/750
f 549/553/753 534/538/754 535/539/753
f 535/539/753 550/554/755 549/553/753
f 550/554/756 535/539/756 536/540/756
f 536/540/756 551/555/756 550/554/756
f 537/541/757 552/556/757 551/555/757
f 551/555/757 536/540/757 537/541/757
f 552/556/758 537/541/758 538/542/758
f 538/542/758 553/557/758 552/556/758
f 553/557/759 538/542/759 539/543/759
f 539/543/759 554/558/759 553/557/759
f 555/559/760 540/544/760 541/545/760
f 541/545/760 556/560/760 555/559/760
f 556/560/761 541/545/761 542/546/762
f 542/546/762 557/561/761 556/560/761
f 543/547/763 558/562/763 557/561/763
f 557/561/763 542/546/763 543/547/763
f 558/562/764 543/547/764 544/548/764
f 544/548/764 559/563/764 558/562/764
f 559/563/765 544/548/765 545/549/765
f 545/549/765 560/564/765 559/563/765
f 546/550/766 561/565/766 560/564/766
f 560/564/766 545/549/766 546/550/766
f 561/565/767 546/550/767 547/551/767
f 547/551/767 562/566/768 561/565/767
f 562/566/769 547/551/769 548/552/770
f 548/552/770 563/567/771 562/566/769
f 549/553/772 564/568/772 563/567/773
f 563/567/773 548/552/774 549/553/772
f 564/568/775 549/553/775 550/554/776
f 550/554/776 565/569/777 564/568/775
f 565/569/778 550/554/779 551/555/778
f 551/555/778 566/570/778 565/569/778
f 552/556/780 567/571/780 566/570/780
f 566/570/780 551/555/780 552/556/780
f 567/571/781 552/556/781 553/557/781
f 553/557/781 568/572/781 567/571/781
f 568/572/782 553/557/782 554/558/782
f 554/558/782 569/573/782 568/572/782
f 570/574/783 555/559/783 556/560/783
f 556/560/783 571/575/783 570/574/783
f 571/575/784 556/560/784 557/561/784
f 557/561/784 572/576/784 571/575/784
f 558/562/785 573/577/785 572/576/785
f 572/576/785 557/561/785 558/562/785
f 573/577/786 558/562/786 559/563/786
f 559/563/786 574/578/786 573/577/786
f 574/578/787 559/563/787 560/564/787
f 560/564/787 575/579/787 574/578/787
f 561/565/788 576/580/788 575/579/788
f 575/579/788 560/564/789 561/565/788
f 576/580/790 561/565/790 562/566/791
f 562/566/791 577/581/790 576/580/790
f 577/581/792 562/566/793 563/567/794
f 563/567/794 578/582/795 577/581/792
f 564/568/796 579/583/796 578/582/796
f 578/582/796 563/567/796 564/568/796
f 579/583/797 564/568/797 565/569/797
f 565/569/797 580/584/797 579/583/797
f 580/584/798 565/569/798 566/570/798
f 566/570/798 581/585/798 580/584/798
f 567/571/799 582/586/799 581/585/799
f 581/585/799 566/570/799 567/571/799
f 582/586/800 567/571/800 568/572/800
f 568/572/800 583/587/800 582/586/800
f 583/587/801 568/572/801 569/573/801
f 569/573/801 584/588/801 583/587/801
f 585/589/802 570/574/802 571/575/802
f 571/575/802 586/590/802 585/589/802
f 586/590/803 571/575/803 572/576/803
f 572/576/803 587/591/803 586/590/803
f 573/577/804 588/592/804 587/591/804
f 587/591/804 572/576/804 573/577/804
f 588/592/805 573/577/805 574/578/805
f 574/578/805 589/593/805 588/592/805
f 589/593/806 574/578/806 575/579/806
f 575/579/806 590/594/807 589/593/806
f 576/580/808 591/595/808 590/594/808
f 590/594/808 575/579/808 576/580/808
f 591/595/809 576/580/810 577/581/809
f 577/581/809 592/596/809 591/595/809
f 592/596/811 577/581/811 578/582/811
f 578/582/811 593/597/811 592/596/811
f 579/583/812 594/598/813 593/597/813
f 593/597/813 578/582/814 579/583/812
f 594/598/815 579/583/815 580/584/815
f 580/584/815 595/599/815 594/598/815
f 595/599/816 580/584/816 581/585/816
f 581/585/816 596/600/816 595/599/816
f 582/586/817 597/601/817 596/600/817
f 596/600/817 581/585/817 582/586/817
f 597/601/818 582/586/818 583/587/818
f 583/587/818 598/602/818 597/601/818
f 598/602/819 583/587/820 584/588/819
f 584/588/819 599/603/819 598/602/819
f 600/604/821 585/589/821 586/590/821
f 586/590/821 601/605/821 600/604/821
f 601/605/822 586/590/822 587/591/822
f 587/591/822 602/606/822 601/605/822
f 588/592/823 603/607/823 602/606/823
f 602/606/823 587/591/823 588/592/823
f 603/607/824 588/592/824 589/593/824
f 589/593/824 604/608/824 603/607/824
f 604/608/825 589/593/825 590/594/826
f 590/594/826 605/609/825 604/608/825
f 591/595/827 606/610/827 605/609/827
f 605/609/827 590/594/827 591/595/827
f 606/610/828 591/595/829 592/596/830
f 592/596/830 607/611/831 606/610/828
f 607/611/832 592/596/833 593/597/834
f 593/597/834 608/612/832 607/611/832
f 594/598/835 609/613/836 608/612/836
f 608/612/836 593/597/837 594/598/835
f 610/614/838 609/613/838 594/598/839
f 594/598/839 595/599/838 610/614/838
f 611/615/840 610/614/840 595/599/840
f 595/599/840 596/600/840 611/615/840
f 596/600/841 597/601/841 612/616/841
f 612/616/841 611/615/841 596/600/841
f 612/616/842 597/601/842 598/602/842
f 598/602/842 613/617/842 612/616/842
f 613/617/843 598/602/844 599/603/843
f 599/603/843 614/618/843 613/617/843
f 158/619/845 615/620/845 393/397/845
f 393/397/845 159/621/845 158/619/845
f 393/397/846 615/620/846 616/622/846
f 616/622/846 390/394/846 393/397/846
f 390/394/847 616/622/848 617/623/849
f 617/623/849 394/398/850 390/394/847
f 617/623/851 618/624/852 396/400/853
f 396/400/853 394/398/854 617/623/851
f 396/400/855 618/624/856 619/625/857
f 619/625/857 398/402/858 396/400/855
f 398/402/859 619/625/860 620/626/860
f 620/626/860 400/404/861 398/402/859
f 621/627/862 402/406/863 400/404/862
f 400/404/862 620/626/864 621/627/862
f 402/406/865 621/627/866 622/628/867
f 622/628/867 404/408/867 402/406/865
f 622/628/868 623/629/869 406/410/869
f 406/410/869 404/408/869 622/628/868
f 406/410/870 623/629/870 624/630/871
f 624/630/871 408/412/872 406/410/870
f 625/631/873 410/414/874 408/412/875
f 408/412/875 624/630/875 625/631/873
f 626/632/876 412/416/876 410/414/876
f 410/414/876 625/631/876 626/632/876
f 412/416/877 626/632/878 627/633/879
f 627/633/879 414/418/879 412/416/877
f 628/634/880 416/420/880 414/418/880
f 414/418/880 627/633/880 628/634/880
f 629/635/881 418/422/881 416/420/881
f 416/420/881 628/634/881 629/635/881
f 630/636/882 418/422/882 629/635/882
f 629/635/882 631/637/882 630/636/882
f 419/423/883 418/422/883 630/636/883
f 630/636/883 632/638/883 419/423/883
f 633/639/884 434/438/885 419/423/884
f 419/423/884 632/638/884 633/639/884
f 634/640/886 449/453/886 434/438/886
f 434/438/886 633/639/886 634/640/886
f 449/453/887 634/640/887 635/641/887
f 635/641/887 464/468/887 449/453/887
f 464/468/888 635/641/888 636/642/888
f 636/642/888 479/483/888 464/468/888
f 479/483/889 636/642/889 637/643/889
f 637/643/889 494/498/889 479/483/889
f 494/498/890 637/643/890 638/644/890
f 638/644/890 509/513/890 494/498/890
f 509/513/891 638/644/892 639/645/892
f 639/645/892 524/528/892 509/513/891
f 539/543/893 524/528/893 639/645/893
f 639/645/893 640/646/894 539/543/893
f 641/647/895 554/558/895 539/543/895
f 539/543/895 640/646/895 641/647/895
f 554/558/896 641/647/896 642/648/896
f 642/648/896 569/573/896 554/558/896
f 569/573/897 642/648/897 643/649/897
f 643/649/897 584/588/897 569/573/897
f 584/588/898 643/649/898 644/650/898
f 644/650/898 599/603/898 584/588/898
f 645/651/899 614/618/899 599/603/899
f 599/603/899 644/650/899 645/651/899
f 645/651/900 276/652/900 275/653/900
f 275/653/900 614/618/900 645/651/900
f 294/654/901 613/617/901 614/618/901
f 614/618/901 275/653/901 294/654/901
f 293/655/902 612/616/902 613/617/902
f 613/617/902 294/654/902 293/655/902
f 612/616/903 293/655/903 292/656/904
f 292/656/904 611/615/903 612/616/903
f 291/657/905 610/614/905 611/615/905
f 611/615/905 292/656/905 291/657/905
f 290/658/906 609/613/906 610/614/906
f 610/614/906 291/657/906 290/658/906
f 609/613/907 290/658/908 289/659/907
f 289/659/907 608/612/909 609/613/907
f 288/660/910 607/611/911 608/612/911
f 608/612/911 289/659/911 288/660/910
f 287/661/912 606/610/913 607/611/914
f 607/611/914 288/660/912 287/661/912
f 287/661/915 286/662/916 605/609/917
f 605/609/917 606/610/918 287/661/915
f 285/663/919 604/608/920 605/609/921
f 605/609/921 286/662/922 285/663/919
f 284/664/923 603/607/923 604/608/924
f 604/608/924 285/663/924 284/664/923
f 284/664/925 283/665/926 602/606/927
f 602/606/927 603/607/925 284/664/925
f 282/666/928 601/605/928 602/606/928
f 602/606/928 283/665/928 282/666/928
f 281/667/929 600/604/929 601/605/929
f 601/605/929 282/666/929 281/667/929
f 600/604/930 281/667/930 174/668/930
f 174/668/930 176/669/930 600/604/930
f 600/604/931 176/669/931 180/670/931
f 180/670/931 585/589/931 600/604/931
f 585/589/932 180/670/932 181/671/932
f 181/671/932 570/574/932 585/589/932
f 181/671/933 182/672/933 555/559/933
f 555/559/933 570/574/933 181/671/933
f 182/672/934 183/673/934 540/544/934
f 540/544/934 555/559/934 182/672/934
f 540/544/935 183/673/935 184/674/935
f 184/674/935 526/530/935 540/544/935
f 526/530/936 184/674/936 185/675/936
f 185/675/936 511/515/936 526/530/936
f 511/515/937 185/675/937 166/676/937
f 166/676/937 496/500/937 511/515/937
f 496/500/938 166/676/939 165/677/939
f 165/677/939 481/485/939 496/500/938
f 165/677/940 164/678/940 466/470/940
f 466/470/940 481/485/940 165/677/940
f 164/678/941 163/679/941 451/455/941
f 451/455/941 466/470/941 164/678/941
f 451/455/942 163/679/942 162/680/942
f 162/680/942 436/440/942 451/455/942
f 436/440/943 162/680/943 161/681/943
f 161/681/943 421/425/943 436/440/943
f 421/425/944 161/681/944 160/682/944
f 160/682/944 392/396/944 421/425/944
f 160/682/945 159/621/945 393/397/945
f 393/397/945 392/396/945 160/682/945
f 646/683/946 647/684/947 648/685/947
f 648/685/947 649/686/947 646/683/946
f 650/687/948 651/688/948 649/686/948
f 649/686/948 648/685/948 650/687/948
f 651/688/949 650/687/949 652/689/949
f 652/689/949 653/690/949 651/688/949
f 654/691/950 655/692/950 653/690/950
f 653/690/950 652/689/950 654/691/950
f 655/692/951 654/691/951 656/693/951
f 656/693/951 657/694/952 655/692/951
f 658/695/953 657/694/953 656/693/953
f 656/693/953 659/696/953 658/695/953
f 659/696/954 660/697/954 661/698/955
f 661/698/955 658/695/956 659/696/954
f 662/699/957 663/700/957 646/683/958
f 646/683/958 649/686/957 662/699/957
f 662/699/959 649/686/959 651/688/959
f 651/688/959 664/701/959 662/699/959
f 664/701/960 651/688/960 653/690/960
f 653/690/960 665/702/960 664/701/960
f 653/690/961 655/692/961 666/703/961
f 666/703/961 665/702/961 653/690/961
f 655/692/962 657/694/962 667/704/963
f 667/704/963 666/703/963 655/692/962
f 667/704/964 657/694/964 658/695/964
f 658/695/964 668/705/964 667/704/964
f 668/705/965 658/695/966 661/698/966
f 661/698/966 669/706/966 668/705/965
f 670/707/967 663/700/967 662/699/967
f 662/699/967 671/708/967 670/707/967
f 671/708/968 662/699/968 664/701/969
f 664/701/969 672/709/968 671/708/968
f 665/702/970 673/710/970 672/709/971
f 672/709/971 664/701/970 665/702/970
f 666/703/972 674/711/972 673/710/972
f 673/710/972 665/702/972 666/703/972
f 675/712/973 674/711/973 666/703/973
f 666/703/973 667/704/973 675/712/973
f 668/705/974 676/713/974 675/712/974
f 675/712/974 667/704/974 668/705/974
f 677/714/975 676/713/975 668/705/975
f 668/705/975 669/706/975 677/714/975
f 678/715/976 679/716/976 670/707/976
f 670/707/976 671/708/976 678/715/976
f 680/717/977 678/715/977 671/708/978
f 671/708/978 672/709/977 680/717/977
f 672/709/979 673/710/979 681/718/979
f 681/718/979 680/717/979 672/709/979
f 673/710/980 674/711/980 682/719/980
f 682/719/980 681/718/980 673/710/980
f 683/720/981 682/719/981 674/711/981
f 674/711/981 675/712/981 683/720/981
f 675/712/982 676/713/982 684/721/982
f 684/721/982 683/720/982 675/712/982
f 677/714/983 685/722/984 684/721/985
f 684/721/985 676/713/984 677/714/983
f 678/715/986 686/723/987 687/724/988
f 687/724/988 679/716/986 678/715/986
f 688/725/989 686/723/989 678/715/989
f 678/715/989 680/717/989 688/725/989
f 689/726/990 688/725/990 680/717/990
f 680/717/990 681/718/990 689/726/990
f 681/718/991 682/719/992 690/727/991
f 690/727/991 689/726/991 681/718/991
f 682/719/993 683/720/993 691/728/993
f 691/728/993 690/727/993 682/719/993
f 692/729/994 691/728/994 683/720/994
f 683/720/994 684/721/994 692/729/994
f 684/721/995 685/722/996 693/730/997
f 693/730/997 692/729/995 684/721/995
f 694/731/998 695/732/999 687/724/988
f 687/724/988 686/723/987 694/731/998
f 688/725/1000 696/733/1000 694/731/1000
f 694/731/1000 686/723/1000 688/725/1000
f 697/734/1001 696/733/1001 688/725/1001
f 688/725/1001 689/726/1001 697/734/1001
f 698/735/1002 697/734/1003 689/726/1003
f 689/726/1003 690/727/1003 698/735/1002
f 690/727/1004 691/728/1004 699/736/1004
f 699/736/1004 698/735/1004 690/727/1004
f 691/728/1005 692/729/1006 700/737/1006
f 700/737/1006 699/736/1007 691/728/1005
f 701/738/1008 702/739/1009 703/740/1010
f 703/740/1010 704/741/1009 701/738/1008
f 702/739/1011 705/742/1011 706/743/1011
f 706/743/1011 703/740/1011 702/739/1011
f 706/743/1012 705/742/1013 707/744/1012
f 707/744/1012 708/745/1012 706/743/1012
f 703/740/1014 709/746/1014 710/747/1014
f 710/747/1014 704/741/1014 703/740/1014
f 709/746/1015 703/740/1016 706/743/1017
f 706/743/1017 711/748/1015 709/746/1015
f 706/743/1018 708/745/1018 712/749/1019
f 712/749/1019 711/748/1019 706/743/1018
f 709/746/1020 713/750/1020 714/751/1020
f 714/751/1020 710/747/1021 709/746/1020
f 715/752/1022 713/750/1023 709/746/1022
f 709/746/1022 711/748/1022 715/752/1022
f 712/749/1024 716/753/1024 715/752/1025
f 715/752/1025 711/748/1024 712/749/1024
f 717/754/1026 716/753/1026 712/749/1026
f 712/749/1026 718/755/1026 717/754/1026
f 714/751/1027 713/750/1027 719/756/1027
f 719/756/1027 720/757/1028 714/751/1027
f 715/752/1029 721/758/1029 719/756/1029
f 719/756/1029 713/750/1029 715/752/1029
f 722/759/1030 721/758/1030 715/752/1030
f 715/752/1030 716/753/1030 722/759/1030
f 717/754/1031 723/760/1032 722/759/1031
f 722/759/1031 716/753/1031 717/754/1031
f 724/761/1033 725/762/1033 720/757/1033
f 720/757/1033 719/756/1033 724/761/1033
f 719/756/1034 721/758/1035 726/763/1034
f 726/763/1034 724/761/1036 719/756/1034
f 722/759/1037 727/764/1037 726/763/1037
f 726/763/1037 721/758/1037 722/759/1037
f 728/765/1038 727/764/1039 722/759/1038
f 722/759/1038 723/760/1038 728/765/1038
f 729/766/1040 730/767/1040 725/762/1041
f 725/762/1041 724/761/1040 729/766/1040
f 731/768/1042 729/766/1042 724/761/1042
f 724/761/1042 726/763/1042 731/768/1042
f 726/763/1043 727/764/1044 732/769/1043
f 732/769/1043 731/768/1043 726/763/1043
f 728/765/1045 733/770/1045 732/769/1045
f 732/769/1045 727/764/1045 728/765/1045
f 734/771/1046 735/772/1047 736/773/1047
f 736/773/1047 737/774/1047 734/771/1046
f 738/775/1048 739/776/1049 737/774/1048
f 737/774/1048 736/773/1048 738/775/1048
f 738/775/1050 740/777/1050 741/778/1050
f 741/778/1050 739/776/1050 738/775/1050
f 741/778/1051 740/777/1051 742/779/1051
f 742/779/1051 743/780/1051 741/778/1051
f 744/781/1052 745/782/1052 743/780/1052
f 743/780/1052 742/779/1052 744/781/1052
f 746/783/1053 747/784/1054 745/782/1053
f 745/782/1053 744/781/1053 746/783/1053
f 747/784/1055 746/783/1055 748/785/1055
f 748/785/1055 749/786/1055 747/784/1055
f 734/771/1056 737/774/1056 750/787/1056
f 750/787/1056 751/788/1057 734/771/1056
f 750/787/1058 737/774/1058 739/776/1058
f 739/776/1058 752/789/1058 750/787/1058
f 741/778/1059 753/790/1059 752/789/1059
f 752/789/1059 739/776/1059 741/778/1059
f 743/780/1060 754/791/1060 753/790/1060
f 753/790/1060 741/778/1061 743/780/1060
f 754/791/1062 743/780/1062 745/782/1063
f 745/782/1063 755/792/1063 754/791/1062
f 747/784/1064 756/793/1064 755/792/1064
f 755/792/1064 745/782/1064 747/784/1064
f 747/784/1065 749/786/1066 757/794/1066
f 757/794/1066 756/793/1066 747/784/1065
f 750/787/1067 758/795/1067 759/796/1067
f 759/796/1067 751/788/1068 750/787/1067
f 752/789/1069 760/797/1069 758/795/1070
f 758/795/1070 750/787/1069 752/789/1069
f 760/797/1071 752/789/1071 753/790/1072
f 753/790/1072 761/798/1071 760/797/1071
f 754/791/1073 762/799/1074 761/798/1075
f 761/798/1075 753/790/1075 754/791/1073
f 754/791/1076 755/792/1076 763/800/1076
f 763/800/1076 762/799/1076 754/791/1076
f 763/800/1077 755/792/1078 756/793/1078
f 756/793/1078 764/801/1078 763/800/1077
f 757/794/1079 765/802/1079 764/801/1079
f 764/801/1079 756/793/1079 757/794/1079
f 762/799/1080 763/800/1080 766/803/1080
f 766/803/1080 767/804/1081 762/799/1080
f 766/803/1082 763/800/1082 764/801/1083
f 764/801/1083 768/805/1082 766/803/1082
f 764/801/1084 765/802/1085 769/806/1085
f 769/806/1085 768/805/1085 764/801/1084
f 770/807/1086 771/808/1086 772/809/1087
f 772/809/1087 773/810/1086 770/807/1086
f 770/807/1088 774/811/1088 775/812/1088
f 775/812/1088 771/808/1088 770/807/1088
f 775/812/1089 774/811/1090 776/813/1090
f 776/813/1090 777/814/1090 775/812/1089
f 778/815/1091 779/816/1091 777/814/1091
f 777/814/1091 776/813/1091 778/815/1091
f 780/817/1092 781/818/1092 779/816/1092
f 779/816/1092 778/815/1092 780/817/1092
f 781/818/1093 780/817/1093 782/819/1093
f 782/819/1093 783/820/1093 781/818/1093
f 784/821/1094 785/822/1095 783/820/1096
f 783/820/1096 782/819/1096 784/821/1094
f 786/823/1097 772/809/1097 771/808/1097
f 771/808/1097 787/824/1097 786/823/1097
f 775/812/1098 788/825/1099 787/824/1099
f 787/824/1099 771/808/1099 775/812/1098
f 777/814/1100 789/826/1101 788/825/1101
f 788/825/1101 775/812/1101 777/814/1100
f 789/826/1102 777/814/1102 779/816/1102
f 779/816/1102 790/827/1102 789/826/1102
f 781/818/1103 791/828/1104 790/827/1104
f 790/827/1104 779/816/1104 781/818/1103
f 781/818/1105 783/820/1106 792/829/1106
f 792/829/1106 791/828/1106 781/818/1105
f 792/829/1107 783/820/1108 785/822/1109
f 785/822/1109 793/830/1108 792/829/1107
f 787/824/1110 794/831/1110 795/832/1110
f 795/832/1110 786/823/1110 787/824/1110
f 794/831/1111 787/824/1111 788/825/1111
f 788/825/1111 796/833/1111 794/831/1111
f 789/826/1112 797/834/1112 796/833/1112
f 796/833/1112 788/825/1112 789/826/1112
f 789/826/1113 790/827/1113 798/835/1113
f 798/835/1113 797/834/1113 789/826/1113
f 798/835/1114 790/827/1114 791/828/1115
f 791/828/1115 799/836/1114 798/835/1114
f 792/829/1116 800/837/1117 799/836/1118
f 799/836/1118 791/828/1117 792/829/1116
f 792/829/1119 793/830/1119 801/838/1119
f 801/838/1119 800/837/1119 792/829/1119
f 794/831/1120 802/839/1120 803/840/1120
f 803/840/1120 795/832/1120 794/831/1120
f 804/841/1121 802/839/1122 794/831/1121
f 794/831/1121 796/833/1121 804/841/1121
f 805/842/1123 804/841/1123 796/833/1123
f 796/833/1123 797/834/1123 805/842/1123
f 797/834/1124 798/835/1124 806/843/1124
f 806/843/1124 805/842/1124 797/834/1124
f 799/836/1125 807/844/1125 806/843/1125
f 806/843/1125 798/835/1125 799/836/1125
f 808/845/1126 807/844/1126 799/836/1126
f 799/836/1126 800/837/1126 808/845/1126
f 801/838/1127 809/846/1128 808/845/1129
f 808/845/1129 800/837/1130 801/838/1127
f 810/847/1131 811/848/1131 803/840/1131
f 803/840/1131 802/839/1131 810/847/1131
f 804/841/1132 812/849/1132 810/847/1132
f 810/847/1132 802/839/1133 804/841/1132
f 813/850/1134 812/849/1134 804/841/1134
f 804/841/1134 805/842/1134 813/850/1134
f 814/851/1135 813/850/1135 805/842/1135
f 805/842/1135 806/843/1135 814/851/1135
f 806/843/1136 807/844/1137 815/852/1136
f 815/852/1136 814/851/1138 806/843/1136
f 808/845/1139 816/853/1139 815/852/1139
f 815/852/1139 807/844/1139 808/845/1139
f 817/854/1140 816/853/1141 808/845/1141
f 808/845/1141 809/846/1141 817/854/1140
f 810/847/1142 818/855/1142 819/856/1142
f 819/856/1142 811/848/1142 810/847/1142
f 820/857/1143 818/855/1143 810/847/1143
f 810/847/1143 812/849/1143 820/857/1143
f 813/850/1144 821/858/1144 820/857/1144
f 820/857/1144 812/849/1144 813/850/1144
f 822/859/1145 821/858/1145 813/850/1145
f 813/850/1145 814/851/1145 822/859/1145
f 823/860/1146 822/859/1146 814/851/1146
f 814/851/1146 815/852/1146 823/860/1146
f 815/852/1147 816/853/1147 824/861/1147
f 824/861/1147 823/860/1147 815/852/1147
f 817/854/1148 825/862/1149 824/861/1148
f 824/861/1148 816/853/1148 817/854/1148
f 729/766/1150 661/698/1150 660/697/1150
f 660/697/1150 730/767/1150 729/766/1150
f 669/706/1151 661/698/1151 729/766/1151
f 729/766/1151 731/768/1151 669/706/1151
f 677/714/1152 669/706/1153 731/768/1154
f 731/768/1154 732/769/1155 677/714/1152
f 732/769/1156 733/770/1156 685/722/1156
f 685/722/1156 677/714/1156 732/769/1156
f 748/785/1157 819/856/1157 818/855/1157
f 818/855/1157 749/786/1157 748/785/1157
f 820/857/1158 757/794/1158 749/786/1159
f 749/786/1159 818/855/1158 820/857/1158
f 765/802/1160 757/794/1161 820/857/1162
f 820/857/1162 821/858/1160 765/802/1160
f 821/858/1163 822/859/1164 769/806/1165
f 769/806/1165 765/802/1165 821/858/1163
f 823/860/1166 826/863/1166 769/806/1166
f 769/806/1166 822/859/1167 823/860/1166
f 695/732/999 694/731/998 785/822/1095
f 785/822/1095 784/821/1094 695/732/999
f 694/731/1168 696/733/1168 793/830/1169
f 793/830/1169 785/822/1168 694/731/1168
f 696/733/1170 697/734/1170 801/838/1170
f 801/838/1170 793/830/1170 696/733/1170
f 697/734/1171 698/735/1171 809/846/1171
f 809/846/1171 801/838/1171 697/734/1171
f 817/854/1172 809/846/1172 698/735/1172
f 698/735/1172 699/736/1172 817/854/1172
f 699/736/1173 700/737/1173 825/862/1173
f 825/862/1173 817/854/1173 699/736/1173
f 827/864/1174 828/865/1174 829/866/1174
f 829/866/1174 647/684/1174 827/864/1174
f 648/685/1175 647/684/1175 829/866/1175
f 829/866/1175 830/867/1175 648/685/1175
f 650/687/1176 648/685/1176 830/867/1177
f 830/867/1177 831/868/1177 650/687/1176
f 650/687/1178 831/868/1178 832/869/1178
f 832/869/1178 652/689/1178 650/687/1178
f 652/689/1179 832/869/1180 833/870/1180
f 833/870/1180 654/691/1180 652/689/1179
f 654/691/1181 833/870/1181 834/871/1181
f 834/871/1181 656/693/1181 654/691/1181
f 659/696/1182 656/693/1182 834/871/1182
f 834/871/1182 835/872/1182 659/696/1182
f 659/696/1183 835/872/1183 836/873/1183
f 836/873/1183 660/697/1183 659/696/1183
f 647/684/1184 646/683/1184 837/874/1184
f 837/874/1184 827/864/1184 647/684/1184
f 838/875/1185 837/874/1185 646/683/1185
f 646/683/1185 663/700/1185 838/875/1185
f 839/876/1186 838/875/1186 663/700/1186
f 663/700/1186 670/707/1186 839/876/1186
f 679/716/1187 840/877/1187 839/876/1187
f 839/876/1187 670/707/1187 679/716/1187
f 841/878/1188 840/877/1189 679/716/1189
f 679/716/1189 687/724/1190 841/878/1188
f 841/878/1188 687/724/1190 695/732/1191
f 695/732/1191 842/879/1192 841/878/1188
f 843/880/1193 842/879/1192 695/732/1191
f 695/732/1191 784/821/1194 843/880/1193
f 374/378/1195 701/738/1195 844/881/1195
f 844/881/1195 375/379/1195 374/378/1195
f 702/739/1196 701/738/1196 374/378/1196
f 374/378/1196 373/377/1196 702/739/1196
f 373/377/1197 372/376/1198 705/742/1197
f 705/742/1197 702/739/1197 373/377/1197
f 705/742/1199 372/376/1199 371/375/1200
f 371/375/1200 707/744/1199 705/742/1199
f 701/738/1201 704/741/1201 845/882/1201
f 845/882/1201 844/881/1201 701/738/1201
f 846/883/1202 845/882/1203 704/741/1203
f 704/741/1203 710/747/1202 846/883/1202
f 710/747/1204 714/751/1204 847/884/1204
f 847/884/1204 846/883/1204 710/747/1204
f 848/885/1205 847/884/1205 714/751/1205
f 714/751/1205 720/757/1205 848/885/1205
f 849/886/1206 848/885/1206 720/757/1206
f 720/757/1206 725/762/1206 849/886/1206
f 850/887/1207 849/886/1207 725/762/1207
f 725/762/1207 730/767/1207 850/887/1207
f 660/697/1208 836/873/1208 850/887/1208
f 850/887/1208 730/767/1208 660/697/1208
f 276/275/1209 645/888/1209 735/772/1209
f 735/772/1209 277/276/1210 276/275/1209
f 736/773/1211 735/772/1211 645/888/1211
f 645/888/1211 644/889/1211 736/773/1211
f 644/889/1212 643/890/1212 738/775/1212
f 738/775/1212 736/773/1212 644/889/1212
f 740/777/1213 738/775/1213 643/890/1213
f 643/890/1213 642/891/1213 740/777/1213
f 742/779/1214 740/777/1214 642/891/1214
f 642/891/1214 641/892/1214 742/779/1214
f 742/779/1215 641/892/1215 640/893/1215
f 640/893/1215 744/781/1215 742/779/1215
f 746/783/1216 744/781/1216 640/893/1216
f 640/893/1216 639/894/1216 746/783/1216
f 748/785/1217 746/783/1217 639/894/1218
f 639/894/1218 638/895/1217 748/785/1217
f 734/771/1219 278/277/1219 277/276/1219
f 277/276/1219 735/772/1219 734/771/1219
f 278/277/1220 734/771/1220 751/788/1220
f 751/788/1220 279/278/1220 278/277/1220
f 759/796/1221 280/279/1221 279/278/1222
f 279/278/1222 751/788/1223 759/796/1221
f 631/637/1224 851/896/1225 773/810/1226
f 773/810/1226 630/897/1224 631/637/1224
f 770/807/1227 773/810/1227 851/896/1227
f 851/896/1227 852/898/1227 770/807/1227
f 770/807/1228 852/898/1228 853/899/1228
f 853/899/1228 774/811/1228 770/807/1228
f 776/813/1229 774/811/1229 853/899/1229
f 853/899/1229 854/900/1229 776/813/1229
f 854/900/1230 855/901/1230 778/815/1230
f 778/815/1230 776/813/1230 854/900/1230
f 778/815/1231 855/901/1231 856/902/1232
f 856/902/1232 780/817/1233 778/815/1231
f 782/819/1234 780/817/1233 856/902/1232
f 856/902/1232 857/903/1235 782/819/1234
f 784/821/1194 782/819/1234 857/903/1235
f 857/903/1235 843/880/1193 784/821/1194
f 632/904/1236 630/897/1236 773/810/1236
f 773/810/1236 772/809/1236 632/904/1236
f 786/823/1237 633/905/1237 632/904/1237
f 632/904/1237 772/809/1237 786/823/1237
f 634/906/1238 633/905/1238 786/823/1238
f 786/823/1238 795/832/1238 634/906/1238
f 634/906/1239 795/832/1239 803/840/1239
f 803/840/1239 635/907/1239 634/906/1239
f 811/848/1240 636/908/1240 635/907/1240
f 635/907/1240 803/840/1240 811/848/1240
f 637/909/1241 636/908/1241 811/848/1241
f 811/848/1241 819/856/1241 637/909/1241
f 638/895/1242 637/909/1243 819/856/1243
f 819/856/1243 748/785/1243 638/895/1242
f 858/910/1244 859/911/1244 860/912/1244
f 860/912/1244 861/913/1244 858/910/1244
f 860/912/1245 862/914/1245 863/915/1245
f 863/915/1245 861/913/1245 860/912/1245
f 863/915/1246 862/914/1246 864/916/1246
f 864/916/1246 865/917/1246 863/915/1246
f 865/917/1247 864/916/1247 866/918/1247
f 866/918/1247 867/919/1247 865/917/1247
f 867/919/1248 866/918/1248 868/920/1248
f 868/920/1248 869/921/1248 867/919/1248
f 869/921/1249 868/920/1249 870/922/1249
f 870/922/1249 871/923/1249 869/921/1249
f 871/923/1250 870/922/1250 872/924/1251
f 872/924/1251 873/925/1252 871/923/1250
f 873/925/1253 872/924/1254 874/926/1254
f 874/926/1254 875/927/1255 873/925/1253
f 876/928/1256 875/927/1257 874/926/1258
f 874/926/1258 877/929/1259 876/928/1256
f 878/930/1260 876/928/1260 877/929/1260
f 877/929/1260 879/931/1261 878/930/1260
f 880/932/1262 878/930/1263 879/931/1264
f 879/931/1264 881/933/1265 880/932/1262
f 882/934/1266 880/932/1267 881/933/1266
f 881/933/1266 883/935/1266 882/934/1266
f 884/936/1268 882/934/1268 883/935/1268
f 883/935/1268 885/937/1268 884/936/1268
f 884/936/1269 885/937/1269 886/938/1269
f 886/938/1269 887/939/1269 884/936/1269
f 888/940/1270 858/910/1270 861/913/1270
f 861/913/1270 889/941/1270 888/940/1270
f 889/941/1271 861/913/1271 863/915/1271
f 863/915/1271 890/942/1271 889/941/1271
f 890/942/1272 863/915/1272 865/917/1272
f 865/917/1272 891/943/1272 890/942/1272
f 891/943/1273 865/917/1273 867/919/1273
f 867/919/1273 892/944/1273 891/943/1273
f 893/945/1274 892/944/1274 867/919/1274
f 867/919/1274 869/921/1274 893/945/1274
f 893/945/1275 869/921/1275 871/923/1275
f 871/923/1275 894/946/1275 893/945/1275
f 894/946/1276 871/923/1277 873/925/1278
f 873/925/1278 895/947/1279 894/946/1276
f 875/927/1280 896/948/1281 895/947/1282
f 895/947/1282 873/925/1283 875/927/1280
f 896/948/1284 875/927/1285 876/928/1286
f 876/928/1286 897/949/1287 896/948/1284
f 897/949/1288 876/928/1289 878/930/1288
f 878/930/1288 898/950/1290 897/949/1288
f 898/950/1291 878/930/1291 880/932/1291
f 880/932/1291 899/951/1292 898/950/1291
f 899/951/1293 880/932/1293 882/934/1293
f 882/934/1293 900/952/1293 899/951/1293
f 900/952/1294 882/934/1294 884/936/1294
f 884/936/1294 901/953/1294 900/952/1294
f 902/954/1295 901/953/1295 884/936/1295
f 884/936/1295 887/939/1295 902/954/1295
f 903/955/1296 888/940/1296 889/941/1296
f 889/941/1296 904/956/1296 903/955/1296
f 890/942/1297 905/957/1297 904/956/1297
f 904/956/1297 889/941/1297 890/942/1297
f 905/957/1298 890/942/1299 891/943/1298
f 891/943/1298 906/958/1298 905/957/1298
f 906/958/1300 891/943/1300 892/944/1300
f 892/944/1300 907/959/1300 906/958/1300
f 907/959/1301 892/944/1301 893/945/1301
f 893/945/1301 908/960/1301 907/959/1301
f 908/960/1302 893/945/1303 894/946/1304
f 894/946/1304 909/961/1302 908/960/1302
f 909/961/1305 894/946/1306 895/947/1306
f 895/947/1306 910/962/1307 909/961/1305
f 911/963/1308 910/962/1309 895/947/1310
f 895/947/1310 896/948/1311 911/963/1308
f 911/963/1312 896/948/1313 897/949/1314
f 897/949/1314 912/964/1313 911/963/1312
f 912/964/1315 897/949/1315 898/950/1315
f 898/950/1315 913/965/1315 912/964/1315
f 899/951/1316 914/966/1316 913/965/1316
f 913/965/1316 898/950/1316 899/951/1316
f 914/966/1317 899/951/1317 900/952/1317
f 900/952/1317 915/967/1317 914/966/1317
f 915/967/1318 900/952/1318 901/953/1318
f 901/953/1318 916/968/1318 915/967/1318
f 916/968/1319 901/953/1319 902/954/1319
f 902/954/1319 917/969/1319 916/968/1319
f 918/970/1320 903/955/1320 904/956/1320
f 904/956/1320 919/971/1320 918/970/1320
f 920/972/1321 919/971/1321 904/956/1321
f 904/956/1321 905/957/1321 920/972/1321
f 920/972/1322 905/957/1322 906/958/1322
f 906/958/1322 921/973/1322 920/972/1322
f 921/973/1323 906/958/1323 907/959/1323
f 907/959/1323 922/974/1323 921/973/1323
f 908/960/1324 923/975/1325 922/974/1324
f 922/974/1324 907/959/1324 908/960/1324
f 923/975/1326 908/960/1326 909/961/1327
f 909/961/1327 924/976/1326 923/975/1326
f 924/976/1328 909/961/1328 910/962/1329
f 910/962/1329 925/977/1330 924/976/1328
f 925/977/1331 910/962/1332 911/963/1333
f 911/963/1333 926/978/1334 925/977/1331
f 926/978/1335 911/963/1336 912/964/1337
f 912/964/1337 927/979/1338 926/978/1335
f 927/979/1339 912/964/1339 913/965/1339
f 913/965/1339 928/980/1339 927/979/1339
f 929/981/1340 928/980/1340 913/965/1340
f 913/965/1340 914/966/1340 929/981/1340
f 929/981/1341 914/966/1342 915/967/1343
f 915/967/1343 930/982/1343 929/981/1341
f 930/982/1344 915/967/1344 916/968/1344
f 916/968/1344 931/983/1344 930/982/1344
f 917/969/1345 932/984/1345 931/983/1345
f 931/983/1345 916/968/1345 917/969/1345
f 933/985/1346 918/970/1346 919/971/1346
f 919/971/1346 934/986/1346 933/985/1346
f 934/986/1347 919/971/1348 920/972/1348
f 920/972/1348 935/987/1348 934/986/1347
f 935/987/1349 920/972/1349 921/973/1349
f 921/973/1349 936/988/1350 935/987/1349
f 936/988/1351 921/973/1351 922/974/1351
f 922/974/1351 937/989/1351 936/988/1351
f 938/990/1352 937/989/1353 922/974/1352
f 922/974/1352 923/975/1352 938/990/1352
f 938/990/1354 923/975/1354 924/976/1354
f 924/976/1354 939/991/1354 938/990/1354
f 939/991/1355 924/976/1356 925/977/1355
f 925/977/1355 940/992/1355 939/991/1355
f 926/978/1357 941/993/1357 940/992/1358
f 940/992/1358 925/977/1359 926/978/1357
f 941/993/1360 926/978/1361 927/979/1362
f 927/979/1362 942/994/1363 941/993/1360
f 942/994/1364 927/979/1364 928/980/1364
f 928/980/1364 943/995/1364 942/994/1364
f 943/995/1365 928/980/1365 929/981/1365
f 929/981/1365 944/996/1365 943/995/1365
f 944/996/1366 929/981/1366 930/982/1367
f 930/982/1367 945/997/1367 944/996/1366
f 945/997/1368 930/982/1368 931/983/1368
f 931/983/1368 946/998/1368 945/997/1368
f 947/999/1369 946/998/1369 931/983/1369
f 931/983/1369 932/984/1369 947/999/1369
f 948/1000/1370 933/985/1371 934/986/1372
f 934/986/1372 949/1001/1372 948/1000/1370
f 935/987/1373 950/1002/1373 949/1001/1373
f 949/1001/1373 934/986/1373 935/987/1373
f 950/1002/1374 935/987/1374 936/988/1374
f 936/988/1374 951/1003/1374 950/1002/1374
f 951/1003/1375 936/988/1376 937/989/1375
f 937/989/1375 952/1004/1376 951/1003/1375
f 952/1004/1377 937/989/1377 938/990/1378
f 938/990/1378 953/1005/1379 952/1004/1377
f 953/1005/1380 938/990/1380 939/991/1381
f 939/991/1381 954/1006/1381 953/1005/1380
f 954/1006/1382 939/991/1382 940/992/1383
f 940/992/1383 955/1007/1383 954/1006/1382
f 956/1008/1384 955/1007/1385 940/992/1385
f 940/992/1385 941/993/1386 956/1008/1384
f 956/1008/1387 941/993/1388 942/994/1387
f 942/994/1387 957/1009/1389 956/1008/1387
f 957/1009/1390 942/994/1391 943/995/1391
f 943/995/1391 958/1010/1391 957/1009/1390
f 944/996/1392 959/1011/1393 958/1010/1393
f 958/1010/1393 943/995/1394 944/996/1392
f 959/1011/1395 944/996/1396 945/997/1396
f 945/997/1396 960/1012/1396 959/1011/1395
f 960/1012/1397 945/997/1397 946/998/1397
f 946/998/1397 961/1013/1397 960/1012/1397
f 961/1013/1398 946/998/1398 947/999/1398
f 947/999/1398 962/1014/1398 961/1013/1398
f 963/1015/1399 948/1000/1399 949/1001/1400
f 949/1001/1400 964/1016/1399 963/1015/1399
f 965/1017/1401 964/1016/1401 949/1001/1401
f 949/1001/1401 950/1002/1401 965/1017/1401
f 965/1017/1402 950/1002/1402 951/1003/1403
f 951/1003/1403 966/1018/1404 965/1017/1402
f 966/1018/1405 951/1003/1406 952/1004/1407
f 952/1004/1407 967/1019/1408 966/1018/1405
f 953/1005/1409 968/1020/1410 967/1019/1409
f 967/1019/1409 952/1004/1410 953/1005/1409
f 968/1020/1411 953/1005/1412 954/1006/1411
f 954/1006/1411 969/1021/1411 968/1020/1411
f 969/1021/1413 954/1006/1414 955/1007/1414
f 955/1007/1414 970/1022/1414 969/1021/1413
f 970/1022/1415 955/1007/1416 956/1008/1415
f 956/1008/1415 971/1023/1417 970/1022/1415
f 971/1023/1418 956/1008/1418 957/1009/1418
f 957/1009/1418 972/1024/1418 971/1023/1418
f 972/1024/1419 957/1009/1419 958/1010/1419
f 958/1010/1419 973/1025/1419 972/1024/1419
f 974/1026/1420 973/1025/1420 958/1010/1420
f 958/1010/1420 959/1011/1421 974/1026/1420
f 974/1026/1422 959/1011/1423 960/1012/1424
f 960/1012/1424 975/1027/1425 974/1026/1422
f 975/1027/1426 960/1012/1427 961/1013/1428
f 961/1013/1428 976/1028/1429 975/1027/1426
f 962/1014/1430 977/1029/1431 976/1028/1430
f 976/1028/1430 961/1013/1431 962/1014/1430
f 978/1030/1432 963/1015/1432 964/1016/1432
f 964/1016/1432 979/1031/1432 978/1030/1432
f 979/1031/1433 964/1016/1433 965/1017/1433
f 965/1017/1433 980/1032/1433 979/1031/1433
f 980/1032/1434 965/1017/1435 966/1018/1436
f 966/1018/1436 981/1033/1436 980/1032/1434
f 981/1033/1437 966/1018/1438 967/1019/1439
f 967/1019/1439 982/1034/1440 981/1033/1437
f 983/1035/1441 982/1034/1442 967/1019/1443
f 967/1019/1443 968/1020/1444 983/1035/1441
f 983/1035/1445 968/1020/1446 969/1021/1447
f 969/1021/1447 984/1036/1448 983/1035/1445
f 984/1036/1449 969/1021/1450 970/1022/1451
f 970/1022/1451 985/1037/1452 984/1036/1449
f 971/1023/1453 986/1038/1453 985/1037/1453
f 985/1037/1453 970/1022/1454 971/1023/1453
f 986/1038/1455 971/1023/1456 972/1024/1457
f 972/1024/1457 987/1039/1458 986/1038/1455
f 987/1039/1459 972/1024/1459 973/1025/1459
f 973/1025/1459 988/1040/1459 987/1039/1459
f 988/1040/1460 973/1025/1460 974/1026/1461
f 974/1026/1461 989/1041/1461 988/1040/1460
f 989/1041/1462 974/1026/1462 975/1027/1462
f 975/1027/1462 990/1042/1462 989/1041/1462
f 990/1042/1463 975/1027/1463 976/1028/1463
f 976/1028/1463 991/1043/1463 990/1042/1463
f 992/1044/1464 991/1043/1464 976/1028/1464
f 976/1028/1464 977/1029/1464 992/1044/1464
f 993/1045/1465 978/1030/1465 979/1031/1465
f 979/1031/1465 994/1046/1465 993/1045/1465
f 980/1032/1466 995/1047/1466 994/1046/1466
f 994/1046/1466 979/1031/1466 980/1032/1466
f 995/1047/1467 980/1032/1467 981/1033/1467
f 981/1033/1467 996/1048/1468 995/1047/1467
f 996/1048/1469 981/1033/1469 982/1034/1470
f 982/1034/1470 997/1049/1471 996/1048/1469
f 997/1049/1472 982/1034/1472 983/1035/1473
f 983/1035/1473 998/1050/1474 997/1049/1472
f 998/1050/1475 983/1035/1476 984/1036/1477
f 984/1036/1477 999/1051/1478 998/1050/1475
f 999/1051/1479 984/1036/1480 985/1037/1481
f 985/1037/1481 1000/1052/1482 999/1051/1479
f 1001/1053/1483 1000/1052/1484 985/1037/1485
f 985/1037/1485 986/1038/1483 1001/1053/1483
f 1001/1053/1486 986/1038/1486 987/1039/1486
f 987/1039/1486 1002/1054/1486 1001/1053/1486
f 1002/1054/1487 987/1039/1487 988/1040/1487
f 988/1040/1487 1003/1055/1487 1002/1054/1487
f 989/1041/1488 1004/1056/1488 1003/1055/1488
f 1003/1055/1488 988/1040/1488 989/1041/1488
f 1004/1056/1489 989/1041/1489 990/1042/1490
f 990/1042/1490 1005/1057/1490 1004/1056/1489
f 1005/1057/1491 990/1042/1491 991/1043/1492
f 991/1043/1492 1006/1058/1492 1005/1057/1491
f 1006/1058/1493 991/1043/1493 992/1044/1493
f 992/1044/1493 1007/1059/1493 1006/1058/1493
f 1008/1060/1494 993/1045/1494 994/1046/1494
f 994/1046/1494 1009/1061/1494 1008/1060/1494
f 1010/1062/1495 1009/1061/1496 994/1046/1496
f 994/1046/1496 995/1047/1496 1010/1062/1495
f 1010/1062/1497 995/1047/1497 996/1048/1497
f 996/1048/1497 1011/1063/1497 1010/1062/1497
f 1011/1063/1498 996/1048/1498 997/1049/1498
f 997/1049/1498 1012/1064/1498 1011/1063/1498
f 998/1050/1499 1013/1065/1499 1012/1064/1499
f 1012/1064/1499 997/1049/1500 998/1050/1499
f 1013/1065/1501 998/1050/1501 999/1051/1501
f 999/1051/1501 1014/1066/1501 1013/1065/1501
f 1014/1066/1502 999/1051/1503 1000/1052/1504
f 1000/1052/1504 1015/1067/1505 1014/1066/1502
f 1015/1067/1506 1000/1052/1506 1001/1053/1506
f 1001/1053/1506 1016/1068/1506 1015/1067/1506
f 1016/1068/1507 1001/1053/1507 1002/1054/1507
f 1002/1054/1507 1017/1069/1507 1016/1068/1507
f 1017/1069/1508 1002/1054/1508 1003/1055/1508
f 1003/1055/1508 1018/1070/1508 1017/1069/1508
f 1019/1071/1509 1018/1070/1509 1003/1055/1509
f 1003/1055/1509 1004/1056/1509 1019/1071/1509
f 1019/1071/1510 1004/1056/1510 1005/1057/1510
f 1005/1057/1510 1020/1072/1510 1019/1071/1510
f 1020/1072/1511 1005/1057/1511 1006/1058/1511
f 1006/1058/1511 1021/1073/1511 1020/1072/1511
f 1007/1059/1512 1022/1074/1512 1021/1073/1512
f 1021/1073/1512 1006/1058/1512 1007/1059/1512
f 1023/1075/1513 1008/1060/1513 1009/1061/1513
f 1009/1061/1513 1024/1076/1513 1023/1075/1513
f 1024/1076/1514 1009/1061/1514 1010/1062/1514
f 1010/1062/1514 1025/1077/1514 1024/1076/1514
f 1025/1077/1515 1010/1062/1515 1011/1063/1515
f 1011/1063/1515 1026/1078/1516 1025/1077/1515
f 1026/1078/1517 1011/1063/1517 1012/1064/1517
f 1012/1064/1517 1027/1079/1517 1026/1078/1517
f 1028/1080/1518 1027/1079/1518 1012/1064/1518
f 1012/1064/1518 1013/1065/1518 1028/1080/1518
f 1028/1080/1519 1013/1065/1519 1014/1066/1519
f 1014/1066/1519 1029/1081/1519 1028/1080/1519
f 1029/1081/1520 1014/1066/1520 1015/1067/1521
f 1015/1067/1521 1030/1082/1522 1029/1081/1520
f 1016/1068/1523 1031/1083/1524 1030/1082/1524
f 1030/1082/1524 1015/1067/1525 1016/1068/1523
f 1031/1083/1526 1016/1068/1526 1017/1069/1526
f 1017/1069/1526 1032/1084/1526 1031/1083/1526
f 1032/1084/1527 1017/1069/1527 1018/1070/1527
f 1018/1070/1527 1033/1085/1527 1032/1084/1527
f 1033/1085/1528 1018/1070/1528 1019/1071/1528
f 1019/1071/1528 1034/1086/1528 1033/1085/1528
f 1034/1086/1529 1019/1071/1530 1020/1072/1529
f 1020/1072/1529 1035/1087/1529 1034/1086/1529
f 1035/1087/1531 1020/1072/1531 1021/1073/1531
f 1021/1073/1531 1036/1088/1531 1035/1087/1531
f 1037/1089/1532 1036/1088/1532 1021/1073/1532
f 1021/1073/1532 1022/1074/1532 1037/1089/1532
f 1038/1090/1533 1023/1075/1533 1024/1076/1533
f 1024/1076/1533 1039/1091/1533 1038/1090/1533
f 1025/1077/1534 1040/1092/1534 1039/1091/1534
f 1039/1091/1534 1024/1076/1534 1025/1077/1534
f 1040/1092/1535 1025/1077/1535 1026/1078/1535
f 1026/1078/1535 1041/1093/1535 1040/1092/1535
f 1041/1093/1536 1026/1078/1536 1027/1079/1536
f 1027/1079/1536 1042/1094/1536 1041/1093/1536
f 1042/1094/1537 1027/1079/1537 1028/1080/1537
f 1028/1080/1537 1043/1095/1537 1042/1094/1537
f 1043/1095/1538 1028/1080/1538 1029/1081/1538
f 1029/1081/1538 1044/1096/1538 1043/1095/1538
f 1044/1096/1539 1029/1081/1540 1030/1082/1541
f 1030/1082/1541 1045/1097/1542 1044/1096/1539
f 1046/1098/1543 1045/1097/1544 1030/1082/1545
f 1030/1082/1545 1031/1083/1546 1046/1098/1543
f 1046/1098/1547 1031/1083/1548 1032/1084/1547
f 1032/1084/1547 1047/1099/1548 1046/1098/1547
f 1047/1099/1549 1032/1084/1549 1033/1085/1549
f 1033/1085/1549 1048/1100/1550 1047/1099/1549
f 1034/1086/1551 1049/1101/1552 1048/1100/1553
f 1048/1100/1553 1033/1085/1553 1034/1086/1551
f 1049/1101/1554 1034/1086/1554 1035/1087/1554
f 1035/1087/1554 1050/1102/1554 1049/1101/1554
f 1050/1102/1555 1035/1087/1555 1036/1088/1555
f 1036/1088/1555 1051/1103/1555 1050/1102/1555
f 1051/1103/1556 1036/1088/1556 1037/1089/1556
f 1037/1089/1556 1052/1104/1556 1051/1103/1556
f 1053/1105/1557 1038/1090/1557 1039/1091/1557
f 1039/1091/1557 1054/1106/1557 1053/1105/1557
f 1055/1107/1558 1054/1106/1558 1039/1091/1558
f 1039/1091/1558 1040/1092/1558 1055/1107/1558
f 1055/1107/1559 1040/1092/1559 1041/1093/1559
f 1041/1093/1559 1056/1108/1559 1055/1107/1559
f 1056/1108/1560 1041/1093/1560 1042/1094/1560
f 1042/1094/1560 1057/1109/1560 1056/1108/1560
f 1043/1095/1561 1058/1110/1561 1057/1109/1561
f 1057/1109/1561 1042/1094/1561 1043/1095/1561
f 1058/1110/1562 1043/1095/1562 1044/1096/1563
f 1044/1096/1563 1059/1111/1564 1058/1110/1562
f 1059/1111/1565 1044/1096/1566 1045/1097/1565
f 1045/1097/1565 1060/1112/1565 1059/1111/1565
f 1060/1112/1567 1045/1097/1567 1046/1098/1568
f 1046/1098/1568 1061/1113/1568 1060/1112/1567
f 1061/1113/1569 1046/1098/1569 1047/1099/1569
f 1047/1099/1569 1062/1114/1569 1061/1113/1569
f 1062/1114/1570 1047/1099/1570 1048/1100/1570
f 1048/1100/1570 1063/1115/1570 1062/1114/1570
f 1064/1116/1571 1063/1115/1572 1048/1100/1571
f 1048/1100/1571 1049/1101/1571 1064/1116/1571
f 1064/1116/1573 1049/1101/1573 1050/1102/1573
f 1050/1102/1573 1065/1117/1573 1064/1116/1573
f 1065/1117/1574 1050/1102/1574 1051/1103/1574
f 1051/1103/1574 1066/1118/1574 1065/1117/1574
f 1052/1104/1575 1067/1119/1575 1066/1118/1575
f 1066/1118/1575 1051/1103/1575 1052/1104/1575
f 1068/1120/1576 1053/1105/1576 1054/1106/1576
f 1054/1106/1576 1069/1121/1576 1068/1120/1576
f 1069/1121/1577 1054/1106/1577 1055/1107/1577
f 1055/1107/1577 1070/1122/1577 1069/1121/1577
f 1070/1122/1578 1055/1107/1578 1056/1108/1578
f 1056/1108/1578 1071/1123/1578 1070/1122/1578
f 1071/1123/1579 1056/1108/1579 1057/1109/1579
f 1057/1109/1579 1072/1124/1579 1071/1123/1579
f 1073/1125/1580 1072/1124/1581 1057/1109/1580
f 1057/1109/1580 1058/1110/1580 1073/1125/1580
f 1073/1125/1582 1058/1110/1582 1059/1111/1582
f 1059/1111/1582 1074/1126/1582 1073/1125/1582
f 1074/1126/1583 1059/1111/1584 1060/1112/1585
f 1060/1112/1585 1075/1127/1586 1074/1126/1583
f 1061/1113/1587 1076/1128/1588 1075/1127/1588
f 1075/1127/1588 1060/1112/1588 1061/1113/1587
f 1076/1128/1589 1061/1113/1590 1062/1114/1591
f 1062/1114/1591 1077/1129/1592 1076/1128/1589
f 1077/1129/1593 1062/1114/1593 1063/1115/1594
f 1063/1115/1594 1078/1130/1593 1077/1129/1593
f 1078/1130/1595 1063/1115/1595 1064/1116/1595
f 1064/1116/1595 1079/1131/1596 1078/1130/1595
f 1079/1131/1597 1064/1116/1597 1065/1117/1597
f 1065/1117/1597 1080/1132/1597 1079/1131/1597
f 1080/1132/1598 1065/1117/1598 1066/1118/1598
f 1066/1118/1598 1081/1133/1598 1080/1132/1598
f 1082/1134/1599 1081/1133/1599 1066/1118/1599
f 1066/1118/1599 1067/1119/1599 1082/1134/1599
f 828/865/1600 1083/1135/1600 859/911/1600
f 859/911/1600 829/1136/1600 828/865/1600
f 859/911/1601 1083/1135/1601 1084/1137/1601
f 1084/1137/1601 860/912/1601 859/911/1601
f 1084/1137/1602 1085/1138/1602 862/914/1602
f 862/914/1602 860/912/1602 1084/1137/1602
f 862/914/1603 1085/1138/1604 1086/1139/1604
f 1086/1139/1604 864/916/1604 862/914/1603
f 864/916/1605 1086/1139/1605 1087/1140/1606
f 1087/1140/1606 866/918/1605 864/916/1605
f 868/920/1607 866/918/1608 1087/1140/1609
f 1087/1140/1609 1088/1141/1607 868/920/1607
f 868/920/1610 1088/1141/1611 1089/1142/1611
f 1089/1142/1611 870/922/1611 868/920/1610
f 870/922/1612 1089/1142/1613 1090/1143/1614
f 1090/1143/1614 872/924/1615 870/922/1612
f 1091/1144/1616 874/926/1617 872/924/1618
f 872/924/1618 1090/1143/1619 1091/1144/1616
f 874/926/1620 1091/1144/1621 1092/1145/1622
f 1092/1145/1622 877/929/1623 874/926/1620
f 877/929/1624 1092/1145/1625 1093/1146/1624
f 1093/1146/1624 879/931/1626 877/929/1624
f 1094/1147/1627 881/933/1628 879/931/1629
f 879/931/1629 1093/1146/1630 1094/1147/1627
f 1095/1148/1631 883/935/1632 881/933/1633
f 881/933/1633 1094/1147/1634 1095/1148/1631
f 1096/1149/1635 885/937/1636 883/935/1636
f 883/935/1636 1095/1148/1637 1096/1149/1635
f 885/937/1638 1096/1149/1638 1097/1150/1638
f 1097/1150/1638 886/938/1638 885/937/1638
f 201/1151/1639 886/938/1639 1097/1150/1639
f 1097/1150/1639 202/1152/1639 201/1151/1639
f 887/939/1640 886/938/1640 201/1151/1640
f 201/1151/1640 209/1153/1640 887/939/1640
f 902/954/1641 887/939/1641 209/1153/1641
f 209/1153/1641 210/1154/1641 902/954/1641
f 211/1155/1642 917/969/1642 902/954/1642
f 902/954/1642 210/1154/1642 211/1155/1642
f 212/1156/1643 932/984/1644 917/969/1643
f 917/969/1643 211/1155/1643 212/1156/1643
f 213/1157/1645 947/999/1645 932/984/1645
f 932/984/1645 212/1156/1645 213/1157/1645
f 214/1158/1646 962/1014/1646 947/999/1646
f 947/999/1646 213/1157/1646 214/1158/1646
f 195/1159/1647 977/1029/1648 962/1014/1649
f 962/1014/1649 214/1158/1650 195/1159/1647
f 194/1160/1651 992/1044/1651 977/1029/1651
f 977/1029/1651 195/1159/1651 194/1160/1651
f 193/1161/1652 1007/1059/1652 992/1044/1652
f 992/1044/1652 194/1160/1653 193/1161/1652
f 192/1162/1654 1022/1074/1654 1007/1059/1654
f 1007/1059/1654 193/1161/1654 192/1162/1654
f 1022/1074/1655 192/1162/1655 191/1163/1655
f 191/1163/1655 1037/1089/1655 1022/1074/1655
f 1037/1089/1656 191/1163/1656 190/1164/1657
f 190/1164/1657 1052/1104/1656 1037/1089/1656
f 189/1165/1658 1067/1119/1658 1052/1104/1658
f 1052/1104/1658 190/1164/1658 189/1165/1658
f 1067/1119/1659 189/1165/1659 186/1166/1659
f 186/1166/1659 1082/1134/1659 1067/1119/1659
f 188/1167/1660 370/1168/1660 1082/1134/1660
f 1082/1134/1660 186/1166/1660 188/1167/1660
f 389/1169/1661 1081/1133/1661 1082/1134/1661
f 1082/1134/1661 370/1168/1661 389/1169/1661
f 1080/1132/1662 1081/1133/1663 389/1169/1664
f 389/1169/1664 388/1170/1662 1080/1132/1662
f 1079/1131/1665 1080/1132/1665 388/1170/1665
f 388/1170/1665 387/1171/1665 1079/1131/1665
f 387/1171/1666 386/1172/1667 1078/1130/1667
f 1078/1130/1667 1079/1131/1668 387/1171/1666
f 1077/1129/1669 1078/1130/1670 386/1172/1671
f 386/1172/1671 385/1173/1672 1077/1129/1669
f 1076/1128/1673 1077/1129/1674 385/1173/1675
f 385/1173/1675 384/1174/1676 1076/1128/1673
f 384/1174/1677 383/1175/1678 1075/1127/1679
f 1075/1127/1679 1076/1128/1680 384/1174/1677
f 383/1175/1681 382/1176/1682 1074/1126/1682
f 1074/1126/1682 1075/1127/1683 383/1175/1681
f 382/1176/1684 381/1177/1685 1073/1125/1685
f 1073/1125/1685 1074/1126/1686 382/1176/1684
f 1072/1124/1687 1073/1125/1688 381/1177/1688
f 381/1177/1688 380/1178/1689 1072/1124/1687
f 380/1178/1690 379/1179/1690 1071/1123/1690
f 1071/1123/1690 1072/1124/1690 380/1178/1690
f 379/1179/1691 378/1180/1692 1070/1122/1692
f 1070/1122/1692 1071/1123/1692 379/1179/1691
f 377/1181/1693 1069/1121/1693 1070/1122/1693
f 1070/1122/1693 378/1180/1693 377/1181/1693
f 377/1181/1694 376/1182/1694 1068/1120/1694
f 1068/1120/1694 1069/1121/1694 377/1181/1694
f 844/1183/1695 1068/1120/1695 376/1182/1696
f 376/1182/1696 375/1184/1696 844/1183/1695
f 844/1183/1697 845/1185/1697 1053/1105/1697
f 1053/1105/1697 1068/1120/1697 844/1183/1697
f 845/1185/1698 846/1186/1698 1038/1090/1698
f 1038/1090/1698 1053/1105/1698 845/1185/1698
f 846/1186/1699 847/1187/1699 1023/1075/1699
f 1023/1075/1699 1038/1090/1699 846/1186/1699
f 1023/1075/1700 847/1187/1700 848/1188/1700
f 848/1188/1700 1008/1060/1700 1023/1075/1700
f 848/1188/1701 849/1189/1701 993/1045/1701
f 993/1045/1701 1008/1060/1701 848/1188/1701
f 850/1190/1702 978/1030/1702 993/1045/1702
f 993/1045/1702 849/1189/1702 850/1190/1702
f 836/1191/1703 963/1015/1703 978/1030/1703
f 978/1030/1703 850/1190/1703 836/1191/1703
f 948/1000/1704 963/1015/1704 836/1191/1704
f 836/1191/1704 835/1192/1704 948/1000/1704
f 948/1000/1705 835/1192/1706 834/1193/1705
f 834/1193/1705 933/985/1706 948/1000/1705
f 834/1193/1707 833/1194/1707 918/970/1707
f 918/970/1707 933/985/1707 834/1193/1707
f 918/970/1708 833/1194/1708 832/1195/1708
f 832/1195/1708 903/955/1708 918/970/1708
f 903/955/1709 832/1195/1709 831/1196/1709
f 831/1196/1709 888/940/1709 903/955/1709
f 831/1196/1710 830/1197/1710 858/910/1710
f 858/910/1710 888/940/1710 831/1196/1710
f 830/1197/1711 829/1136/1711 859/911/1711
f 859/911/1711 858/910/1711 830/1197/1711
f 1098/1198/1712 1099/1199/1712 1100/1200/1712
f 1100/1200/1712 1101/1201/1712 1098/1198/1712
f 1102/1202/1713 1101/1201/1713 1100/1200/1713
f 1100/1200/1713 1103/1203/1713 1102/1202/1713
f 1102/1202/1714 1103/1203/1715 1104/1204/1715
f 1104/1204/1715 1105/1205/1715 1102/1202/1714
f 1105/1205/1716 1104/1204/1716 1106/1206/1716
f 1106/1206/1716 1107/1207/1716 1105/1205/1716
f 1108/1208/1717 1109/1209/1717 1107/1207/1718
f 1107/1207/1718 1106/1206/1717 1108/1208/1717
f 1109/1209/1719 1108/1208/1720 1110/1210/1720
f 1110/1210/1720 1111/1211/1720 1109/1209/1719
f 1111/1211/1721 1110/1210/1722 1112/1212/1723
f 1112/1212/1723 1113/1213/1724 1111/1211/1721
f 1113/1213/1725 1112/1212/1726 1114/1214/1726
f 1114/1214/1726 1115/1215/1725 1113/1213/1725
f 1115/1215/1727 1114/1214/1728 1116/1216/1729
f 1116/1216/1729 1117/1217/1730 1115/1215/1727
f 1117/1217/1731 1116/1216/1731 1118/1218/1732
f 1118/1218/1732 1119/1219/1731 1117/1217/1731
f 1120/1220/1733 1119/1219/1733 1118/1218/1734
f 1118/1218/1734 1121/1221/1734 1120/1220/1733
f 1120/1220/1735 1121/1221/1735 1122/1222/1735
f 1122/1222/1735 1123/1223/1735 1120/1220/1735
f 1123/1223/1736 1122/1222/1736 1124/1224/1736
f 1124/1224/1736 1125/1225/1736 1123/1223/1736
f 1126/1226/1737 1127/1227/1737 1125/1225/1737
f 1125/1225/1737 1124/1224/1737 1126/1226/1737
f 1128/1228/1738 1098/1198/1738 1101/1201/1738
f 1101/1201/1738 1129/1229/1738 1128/1228/1738
f 1129/1229/1739 1101/1201/1739 1102/1202/1739
f 1102/1202/1739 1130/1230/1739 1129/1229/1739
f 1130/1230/1740 1102/1202/1740 1105/1205/1740
f 1105/1205/1740 1131/1231/1740 1130/1230/1740
f 1131/1231/1741 1105/1205/1741 1107/1207/1741
f 1107/1207/1741 1132/1232/1741 1131/1231/1741
f 1133/1233/1742 1132/1232/1743 1107/1207/1743
f 1107/1207/1743 1109/1209/1744 1133/1233/1742
f 1133/1233/1745 1109/1209/1745 1111/1211/1745
f 1111/1211/1745 1134/1234/1745 1133/1233/1745
f 1134/1234/1746 1111/1211/1746 1113/1213/1747
f 1113/1213/1747 1135/1235/1747 1134/1234/1746
f 1115/1215/1748 1136/1236/1749 1135/1235/1750
f 1135/1235/1750 1113/1213/1751 1115/1215/1748
f 1136/1236/1752 1115/1215/1752 1117/1217/1752
f 1117/1217/1752 1137/1237/1753 1136/1236/1752
f 1137/1237/1754 1117/1217/1754 1119/1219/1755
f 1119/1219/1755 1138/1238/1754 1137/1237/1754
f 1138/1238/1756 1119/1219/1756 1120/1220/1756
f 1120/1220/1756 1139/1239/1756 1138/1238/1756
f 1139/1239/1757 1120/1220/1758 1123/1223/1758
f 1123/1223/1758 1140/1240/1757 1139/1239/1757
f 1140/1240/1759 1123/1223/1759 1125/1225/1759
f 1125/1225/1759 1141/1241/1759 1140/1240/1759
f 1142/1242/1760 1141/1241/1760 1125/1225/1760
f 1125/1225/1760 1127/1227/1760 1142/1242/1760
f 1143/1243/1761 1128/1228/1761 1129/1229/1761
f 1129/1229/1761 1144/1244/1761 1143/1243/1761
f 1130/1230/1762 1145/1245/1763 1144/1244/1764
f 1144/1244/1764 1129/1229/1762 1130/1230/1762
f 1145/1245/1765 1130/1230/1766 1131/1231/1766
f 1131/1231/1766 1146/1246/1767 1145/1245/1765
f 1146/1246/1768 1131/1231/1769 1132/1232/1769
f 1132/1232/1769 1147/1247/1770 1146/1246/1768
f 1147/1247/1771 1132/1232/1772 1133/1233/1772
f 1133/1233/1772 1148/1248/1773 1147/1247/1771
f 1148/1248/1774 1133/1233/1775 1134/1234/1775
f 1134/1234/1775 1149/1249/1776 1148/1248/1774
f 1149/1249/1777 1134/1234/1778 1135/1235/1778
f 1135/1235/1778 1150/1250/1779 1149/1249/1777
f 1151/1251/1780 1150/1250/1781 1135/1235/1782
f 1135/1235/1782 1136/1236/1783 1151/1251/1780
f 1151/1251/1784 1136/1236/1785 1137/1237/1786
f 1137/1237/1786 1152/1252/1787 1151/1251/1784
f 1152/1252/1788 1137/1237/1789 1138/1238/1789
f 1138/1238/1789 1153/1253/1790 1152/1252/1788
f 1139/1239/1791 1154/1254/1792 1153/1253/1793
f 1153/1253/1793 1138/1238/1794 1139/1239/1791
f 1154/1254/1795 1139/1239/1796 1140/1240/1796
f 1140/1240/1796 1155/1255/1797 1154/1254/1795
f 1155/1255/1798 1140/1240/1799 1141/1241/1800
f 1141/1241/1800 1156/1256/1801 1155/1255/1798
f 1156/1256/1802 1141/1241/1802 1142/1242/1802
f 1142/1242/1802 1157/1257/1802 1156/1256/1802
f 1158/1258/1803 1143/1243/1804 1144/1244/1804
f 1144/1244/1804 1159/1259/1805 1158/1258/1803
f 1160/1260/1806 1159/1259/1807 1144/1244/1764
f 1144/1244/1764 1145/1245/1763 1160/1260/1806
f 1160/1260/1808 1145/1245/1765 1146/1246/1767
f 1146/1246/1767 1161/1261/1809 1160/1260/1808
f 1161/1261/1810 1146/1246/1768 1147/1247/1770
f 1147/1247/1770 1162/1262/1811 1161/1261/1810
f 1148/1248/1773 1163/1263/1812 1162/1262/1813
f 1162/1262/1813 1147/1247/1771 1148/1248/1773
f 1163/1263/1814 1148/1248/1774 1149/1249/1776
f 1149/1249/1776 1164/1264/1815 1163/1263/1814
f 1164/1264/1816 1149/1249/1777 1150/1250/1779
f 1150/1250/1779 1165/1265/1817 1164/1264/1816
f 1165/1265/1818 1150/1250/1781 1151/1251/1780
f 1151/1251/1780 1166/1266/1819 1165/1265/1818
f 1166/1266/1820 1151/1251/1784 1152/1252/1787
f 1152/1252/1787 1167/1267/1821 1166/1266/1820
f 1167/1267/1822 1152/1252/1788 1153/1253/1790
f 1153/1253/1790 1168/1268/1823 1167/1267/1822
f 1169/1269/1824 1168/1268/1825 1153/1253/1793
f 1153/1253/1793 1154/1254/1792 1169/1269/1824
f 1169/1269/1826 1154/1254/1795 1155/1255/1797
f 1155/1255/1797 1170/1270/1827 1169/1269/1826
f 1170/1270/1828 1155/1255/1798 1156/1256/1801
f 1156/1256/1801 1171/1271/1829 1170/1270/1828
f 1157/1257/1830 1172/1272/1831 1171/1271/1832
f 1171/1271/1832 1156/1256/1830 1157/1257/1830
f 1173/1273/1833 1158/1258/1803 1159/1259/1805
f 1159/1259/1805 1174/1274/1834 1173/1273/1833
f 1174/1274/1835 1159/1259/1807 1160/1260/1806
f 1160/1260/1806 1175/1275/1836 1174/1274/1835
f 1176/1276/1837 1175/1275/1838 1160/1260/1808
f 1160/1260/1808 1161/1261/1809 1176/1276/1837
f 1177/1277/1839 1176/1276/1840 1161/1261/1810
f 1161/1261/1810 1162/1262/1811 1177/1277/1839
f 1163/1263/1812 1178/1278/1841 1177/1277/1842
f 1177/1277/1842 1162/1262/1813 1163/1263/1812
f 1179/1279/1843 1178/1278/1844 1163/1263/1814
f 1163/1263/1814 1164/1264/1815 1179/1279/1843
f 1180/1280/1845 1179/1279/1846 1164/1264/1816
f 1164/1264/1816 1165/1265/1817 1180/1280/1845
f 1180/1280/1847 1165/1265/1818 1166/1266/1819
f 1166/1266/1819 1181/1281/1848 1180/1280/1847
f 1182/1282/1849 1181/1281/1850 1166/1266/1820
f 1166/1266/1820 1167/1267/1821 1182/1282/1849
f 1183/1283/1851 1182/1282/1852 1167/1267/1822
f 1167/1267/1822 1168/1268/1823 1183/1283/1851
f 1183/1283/1853 1168/1268/1825 1169/1269/1824
f 1169/1269/1824 1184/1284/1854 1183/1283/1853
f 1185/1285/1855 1184/1284/1856 1169/1269/1826
f 1169/1269/1826 1170/1270/1827 1185/1285/1855
f 1186/1286/1857 1185/1285/1858 1170/1270/1828
f 1170/1270/1828 1171/1271/1829 1186/1286/1857
f 1172/1272/1831 1187/1287/1859 1186/1286/1860
f 1186/1286/1860 1171/1271/1832 1172/1272/1831
f 1188/1288/1861 1189/1289/1862 1173/1273/1833
f 1173/1273/1833 1174/1274/1834 1188/1288/1861
f 1175/1275/1836 1190/1290/1863 1188/1288/1864
f 1188/1288/1864 1174/1274/1835 1175/1275/1836
f 1191/1291/1865 1190/1290/1866 1175/1275/1838
f 1175/1275/1838 1176/1276/1837 1191/1291/1865
f 1192/1292/1867 1191/1291/1868 1176/1276/1840
f 1176/1276/1840 1177/1277/1839 1192/1292/1867
f 1177/1277/1842 1178/1278/1841 1193/1293/1869
f 1193/1293/1869 1192/1292/1870 1177/1277/1842
f 1179/1279/1843 1194/1294/1871 1193/1293/1872
f 1193/1293/1872 1178/1278/1844 1179/1279/1843
f 1180/1280/1845 1195/1295/1873 1194/1294/1874
f 1194/1294/1874 1179/1279/1846 1180/1280/1845
f 1195/1295/1875 1180/1280/1847 1181/1281/1848
f 1181/1281/1848 1196/1296/1876 1195/1295/1875
f 1182/1282/1849 1197/1297/1877 1196/1296/1878
f 1196/1296/1878 1181/1281/1850 1182/1282/1849
f 1183/1283/1851 1198/1298/1879 1197/1297/1880
f 1197/1297/1880 1182/1282/1852 1183/1283/1851
f 1184/1284/1854 1199/1299/1881 1198/1298/1882
f 1198/1298/1882 1183/1283/1853 1184/1284/1854
f 1200/1300/1883 1199/1299/1884 1184/1284/1856
f 1184/1284/1856 1185/1285/1855 1200/1300/1883
f 1201/1301/1885 1200/1300/1886 1185/1285/1858
f 1185/1285/1858 1186/1286/1857 1201/1301/1885
f 1186/1286/1860 1187/1287/1859 1202/1302/1887
f 1202/1302/1887 1201/1301/1888 1186/1286/1860
f 1188/1288/1861 1203/1303/1889 1204/1304/1890
f 1204/1304/1890 1189/1289/1862 1188/1288/1861
f 1203/1303/1891 1188/1288/1864 1190/1290/1863
f 1190/1290/1863 1205/1305/1892 1203/1303/1891
f 1191/1291/1865 1206/1306/1893 1205/1305/1894
f 1205/1305/1894 1190/1290/1866 1191/1291/1865
f 1192/1292/1867 1207/1307/1895 1206/1306/1896
f 1206/1306/1896 1191/1291/1868 1192/1292/1867
f 1193/1293/1869 1208/1308/1897 1207/1307/1898
f 1207/1307/1898 1192/1292/1870 1193/1293/1869
f 1209/1309/1899 1208/1308/1900 1193/1293/1872
f 1193/1293/1872 1194/1294/1871 1209/1309/1899
f 1210/1310/1901 1209/1309/1902 1194/1294/1874
f 1194/1294/1874 1195/1295/1873 1210/1310/1901
f 1195/1295/1875 1196/1296/1876 1211/1311/1903
f 1211/1311/1903 1210/1310/1904 1195/1295/1875
f 1197/1297/1877 1212/1312/1905 1211/1311/1906
f 1211/1311/1906 1196/1296/1878 1197/1297/1877
f 1198/1298/1879 1213/1313/1907 1212/1312/1908
f 1212/1312/1908 1197/1297/1880 1198/1298/1879
f 1213/1313/1909 1198/1298/1882 1199/1299/1881
f 1199/1299/1881 1214/1314/1910 1213/1313/1909
f 1200/1300/1883 1215/1315/1911 1214/1314/1912
f 1214/1314/1912 1199/1299/1884 1200/1300/1883
f 1201/1301/1885 1216/1316/1913 1215/1315/1914
f 1215/1315/1914 1200/1300/1886 1201/1301/1885
f 1202/1302/1887 1217/1317/1915 1216/1316/1916
f 1216/1316/1916 1201/1301/1888 1202/1302/1887
f 1218/1318/1917 1219/1319/1918 1204/1304/1890
f 1204/1304/1890 1203/1303/1889 1218/1318/1917
f 1203/1303/1891 1205/1305/1892 1220/1320/1919
f 1220/1320/1919 1218/1318/1920 1203/1303/1891
f 1206/1306/1893 1221/1321/1921 1220/1320/1922
f 1220/1320/1922 1205/1305/1894 1206/1306/1893
f 1207/1307/1895 1222/1322/1923 1221/1321/1924
f 1221/1321/1924 1206/1306/1896 1207/1307/1895
f 1222/1322/1925 1207/1307/1898 1208/1308/1897
f 1208/1308/1897 1223/1323/1926 1222/1322/1925
f 1209/1309/1899 1224/1324/1927 1223/1323/1928
f 1223/1323/1928 1208/1308/1900 1209/1309/1899
f 1210/1310/1901 1225/1325/1929 1224/1324/1930
f 1224/1324/1930 1209/1309/1902 1210/1310/1901
f 1211/1311/1903 1226/1326/1931 1225/1325/1932
f 1225/1325/1932 1210/1310/1904 1211/1311/1903
f 1227/1327/1933 1226/1326/1934 1211/1311/1906
f 1211/1311/1906 1212/1312/1905 1227/1327/1933
f 1228/1328/1935 1227/1327/1936 1212/1312/1908
f 1212/1312/1908 1213/1313/1907 1228/1328/1935
f 1213/1313/1909 1214/1314/1910 1229/1329/1937
f 1229/1329/1937 1228/1328/1938 1213/1313/1909
f 1215/1315/1911 1230/1330/1939 1229/1329/1940
f 1229/1329/1940 1214/1314/1912 1215/1315/1911
f 1216/1316/1913 1231/1331/1941 1230/1330/1942
f 1230/1330/1942 1215/1315/1914 1216/1316/1913
f 1231/1331/1943 1216/1316/1916 1217/1317/1915
f 1217/1317/1915 1232/1332/1944 1231/1331/1943
f 1218/1318/1917 1233/1333/1945 1234/1334/1946
f 1234/1334/1946 1219/1319/1918 1218/1318/1917
f 1220/1320/1919 1235/1335/1947 1233/1333/1948
f 1233/1333/1948 1218/1318/1920 1220/1320/1919
f 1236/1336/1949 1235/1335/1950 1220/1320/1922
f 1220/1320/1922 1221/1321/1921 1236/1336/1949
f 1237/1337/1951 1236/1336/1952 1221/1321/1924
f 1221/1321/1924 1222/1322/1923 1237/1337/1951
f 1222/1322/1925 1223/1323/1926 1238/1338/1953
f 1238/1338/1953 1237/1337/1954 1222/1322/1925
f 1224/1324/1927 1239/1339/1955 1238/1338/1956
f 1238/1338/1956 1223/1323/1928 1224/1324/1927
f 1225/1325/1929 1240/1340/1957 1239/1339/1958
f 1239/1339/1958 1224/1324/1930 1225/1325/1929
f 1240/1340/1959 1225/1325/1932 1226/1326/1931
f 1226/1326/1931 1241/1341/1960 1240/1340/1959
f 1227/1327/1933 1242/1342/1961 1241/1341/1962
f 1241/1341/1962 1226/1326/1934 1227/1327/1933
f 1228/1328/1935 1243/1343/1963 1242/1342/1964
f 1242/1342/1964 1227/1327/1936 1228/1328/1935
f 1229/1329/1937 1244/1344/1965 1243/1343/1966
f 1243/1343/1966 1228/1328/1938 1229/1329/1937
f 1245/1345/1967 1244/1344/1968 1229/1329/1940
f 1229/1329/1940 1230/1330/1939 1245/1345/1967
f 1246/1346/1969 1245/1345/1970 1230/1330/1942
f 1230/1330/1942 1231/1331/1941 1246/1346/1969
f 1231/1331/1943 1232/1332/1944 1247/1347/1971
f 1247/1347/1971 1246/1346/1972 1231/1331/1943
f 1233/1333/1945 1248/1348/1973 1249/1349/1974
f 1249/1349/1974 1234/1334/1946 1233/1333/1945
f 1248/1348/1975 1233/1333/1948 1235/1335/1947
f 1235/1335/1947 1250/1350/1976 1248/1348/1975
f 1236/1336/1949 1251/1351/1977 1250/1350/1978
f 1250/1350/1978 1235/1335/1950 1236/1336/1949
f 1237/1337/1951 1252/1352/1979 1251/1351/1980
f 1251/1351/1980 1236/1336/1952 1237/1337/1951
f 1238/1338/1953 1253/1353/1981 1252/1352/1982
f 1252/1352/1982 1237/1337/1954 1238/1338/1953
f 1254/1354/1983 1253/1353/1984 1238/1338/1956
f 1238/1338/1956 1239/1339/1955 1254/1354/1983
f 1255/1355/1985 1254/1354/1986 1239/1339/1958
f 1239/1339/1958 1240/1340/1957 1255/1355/1985
f 1240/1340/1959 1241/1341/1960 1256/1356/1987
f 1256/1356/1987 1255/1355/1988 1240/1340/1959
f 1242/1342/1961 1257/1357/1989 1256/1356/1990
f 1256/1356/1990 1241/1341/1962 1242/1342/1961
f 1243/1343/1963 1258/1358/1991 1257/1357/1992
f 1257/1357/1992 1242/1342/1964 1243/1343/1963
f 1258/1358/1993 1243/1343/1966 1244/1344/1965
f 1244/1344/1965 1259/1359/1994 1258/1358/1993
f 1245/1345/1967 1260/1360/1995 1259/1359/1996
f 1259/1359/1996 1244/1344/1968 1245/1345/1967
f 1246/1346/1969 1261/1361/1997 1260/1360/1998
f 1260/1360/1998 1245/1345/1970 1246/1346/1969
f 1247/1347/1971 1262/1362/1999 1261/1361/2000
f 1261/1361/2000 1246/1346/1972 1247/1347/1971
f 1263/1363/2001 1264/1364/2001 1249/1349/1974
f 1249/1349/1974 1248/1348/1973 1263/1363/2001
f 1248/1348/1975 1250/1350/1976 1265/1365/2002
f 1265/1365/2002 1263/1363/2003 1248/1348/1975
f 1251/1351/1977 1266/1366/2004 1265/1365/2005
f 1265/1365/2005 1250/1350/1978 1251/1351/1977
f 1252/1352/1979 1267/1367/2006 1266/1366/2007
f 1266/1366/2007 1251/1351/1980 1252/1352/1979
f 1267/1367/2008 1252/1352/1982 1253/1353/1981
f 1253/1353/1981 1268/1368/2009 1267/1367/2008
f 1254/1354/1983 1269/1369/2010 1268/1368/2011
f 1268/1368/2011 1253/1353/1984 1254/1354/1983
f 1255/1355/1985 1270/1370/2012 1269/1369/2013
f 1269/1369/2013 1254/1354/1986 1255/1355/1985
f 1256/1356/1987 1271/1371/2014 1270/1370/2015
f 1270/1370/2015 1255/1355/1988 1256/1356/1987
f 1272/1372/2016 1271/1371/2017 1256/1356/1990
f 1256/1356/1990 1257/1357/1989 1272/1372/2016
f 1273/1373/2018 1272/1372/2019 1257/1357/1992
f 1257/1357/1992 1258/1358/1991 1273/1373/2018
f 1258/1358/1993 1259/1359/1994 1274/1374/2020
f 1274/1374/2020 1273/1373/2021 1258/1358/1993
f 1260/1360/1995 1275/1375/2022 1274/1374/2022
f 1274/1374/2022 1259/1359/1996 1260/1360/1995
f 1261/1361/1997 1276/1376/2023 1275/1375/2023
f 1275/1375/2023 1260/1360/1998 1261/1361/1997
f 1276/1376/2024 1261/1361/2000 1262/1362/1999
f 1262/1362/1999 1277/1377/2024 1276/1376/2024
f 1263/1363/2025 1278/1378/2025 1279/1379/2025
f 1279/1379/2025 1264/1364/2025 1263/1363/2025
f 1265/1365/2002 1280/1380/2026 1278/1378/2026
f 1278/1378/2026 1263/1363/2003 1265/1365/2002
f 1281/1381/2027 1280/1380/2027 1265/1365/2005
f 1265/1365/2005 1266/1366/2004 1281/1381/2027
f 1282/1382/2028 1281/1381/2028 1266/1366/2007
f 1266/1366/2007 1267/1367/2006 1282/1382/2028
f 1267/1367/2008 1268/1368/2009 1283/1383/2029
f 1283/1383/2029 1282/1382/2030 1267/1367/2008
f 1269/1369/2010 1284/1384/2031 1283/1383/2031
f 1283/1383/2031 1268/1368/2011 1269/1369/2010
f 1270/1370/2012 1285/1385/2032 1284/1384/2033
f 1284/1384/2033 1269/1369/2013 1270/1370/2012
f 1285/1385/2034 1270/1370/2015 1271/1371/2014
f 1271/1371/2014 1286/1386/2035 1285/1385/2034
f 1272/1372/2036 1287/1387/2037 1286/1386/2038
f 1286/1386/2038 1271/1371/2039 1272/1372/2036
f 1273/1373/2018 1288/1388/2040 1287/1387/2041
f 1287/1387/2041 1272/1372/2019 1273/1373/2018
f 1274/1374/2020 1289/1389/2042 1288/1388/2042
f 1288/1388/2042 1273/1373/2021 1274/1374/2020
f 1290/1390/2043 1289/1389/2043 1274/1374/2044
f 1274/1374/2044 1275/1375/2043 1290/1390/2043
f 1291/1391/2045 1290/1390/2045 1275/1375/2045
f 1275/1375/2045 1276/1376/2045 1291/1391/2045
f 1276/1376/2046 1277/1377/2046 1292/1392/2046
f 1292/1392/2046 1291/1391/2046 1276/1376/2046
f 1278/1378/2047 1293/1393/2047 1294/1394/2047
f 1294/1394/2047 1279/1379/2047 1278/1378/2047
f 1293/1393/2048 1278/1378/2048 1280/1380/2048
f 1280/1380/2048 1295/1395/2048 1293/1393/2048
f 1281/1381/2049 1296/1396/2049 1295/1395/2049
f 1295/1395/2049 1280/1380/2049 1281/1381/2049
f 1282/1382/2050 1297/1397/2051 1296/1396/2052
f 1296/1396/2052 1281/1381/2051 1282/1382/2050
f 1283/1383/2053 1298/1398/2053 1297/1397/2054
f 1297/1397/2054 1282/1382/2053 1283/1383/2053
f 1299/1399/2055 1298/1398/2055 1283/1383/2056
f 1283/1383/2056 1284/1384/2055 1299/1399/2055
f 1300/1400/2057 1299/1399/2057 1284/1384/2057
f 1284/1384/2057 1285/1385/2057 1300/1400/2057
f 1285/1385/2058 1286/1386/2059 1301/1401/2060
f 1301/1401/2060 1300/1400/2061 1285/1385/2058
f 1287/1387/2062 1302/1402/2063 1301/1401/2064
f 1301/1401/2064 1286/1386/2064 1287/1387/2062
f 1288/1388/2065 1303/1403/2065 1302/1402/2066
f 1302/1402/2066 1287/1387/2065 1288/1388/2065
f 1303/1403/2067 1288/1388/2067 1289/1389/2067
f 1289/1389/2067 1304/1404/2067 1303/1403/2067
f 1290/1390/2068 1305/1405/2068 1304/1404/2068
f 1304/1404/2068 1289/1389/2068 1290/1390/2068
f 1291/1391/2069 1306/1406/2069 1305/1405/2069
f 1305/1405/2069 1290/1390/2069 1291/1391/2069
f 1292/1392/2070 1307/1407/2070 1306/1406/2070
f 1306/1406/2070 1291/1391/2070 1292/1392/2070
f 1308/1408/2071 1309/1409/2071 1294/1394/2071
f 1294/1394/2071 1293/1393/2071 1308/1408/2071
f 1293/1393/2072 1295/1395/2072 1310/1410/2072
f 1310/1410/2072 1308/1408/2072 1293/1393/2072
f 1296/1396/2073 1311/1411/2073 1310/1410/2073
f 1310/1410/2073 1295/1395/2073 1296/1396/2073
f 1297/1397/2074 1312/1412/2074 1311/1411/2075
f 1311/1411/2075 1296/1396/2074 1297/1397/2074
f 1312/1412/2076 1297/1397/2076 1298/1398/2077
f 1298/1398/2077 1313/1413/2076 1312/1412/2076
f 1299/1399/2078 1314/1414/2078 1313/1413/2079
f 1313/1413/2079 1298/1398/2079 1299/1399/2078
f 1300/1400/2080 1315/1415/2080 1314/1414/2081
f 1314/1414/2081 1299/1399/2081 1300/1400/2080
f 1301/1401/2082 1316/1416/2083 1315/1415/2084
f 1315/1415/2084 1300/1400/2085 1301/1401/2082
f 1317/1417/2086 1316/1416/2087 1301/1401/2088
f 1301/1401/2088 1302/1402/2089 1317/1417/2086
f 1318/1418/2090 1317/1417/2091 1302/1402/2092
f 1302/1402/2092 1303/1403/2093 1318/1418/2090
f 1303/1403/2094 1304/1404/2094 1319/1419/2095
f 1319/1419/2095 1318/1418/2094 1303/1403/2094
f 1305/1405/2096 1320/1420/2097 1319/1419/2098
f 1319/1419/2098 1304/1404/2097 1305/1405/2096
f 1306/1406/2099 1321/1421/2099 1320/1420/2099
f 1320/1420/2099 1305/1405/2099 1306/1406/2099
f 1321/1421/2100 1306/1406/2100 1307/1407/2100
f 1307/1407/2100 1322/1422/2100 1321/1421/2100
f 200/1423/2101 202/1152/2102 1097/1150/2101
f 1097/1150/2101 1099/1199/2101 200/1423/2101
f 1096/1149/2103 1100/1200/2103 1099/1199/2103
f 1099/1199/2103 1097/1150/2103 1096/1149/2103
f 1095/1148/2104 1103/1203/2105 1100/1200/2106
f 1100/1200/2106 1096/1149/2105 1095/1148/2104
f 1103/1203/2107 1095/1148/2108 1094/1147/2109
f 1094/1147/2109 1104/1204/2110 1103/1203/2107
f 1104/1204/2111 1094/1147/2111 1093/1146/2112
f 1093/1146/2112 1106/1206/2113 1104/1204/2111
f 1108/1208/2114 1106/1206/2114 1093/1146/2114
f 1093/1146/2114 1092/1145/2114 1108/1208/2114
f 1108/1208/2115 1092/1145/2116 1091/1144/2117
f 1091/1144/2117 1110/1210/2116 1108/1208/2115
f 1110/1210/2118 1091/1144/2119 1090/1143/2120
f 1090/1143/2120 1112/1212/2120 1110/1210/2118
f 1112/1212/2121 1090/1143/2122 1089/1142/2121
f 1089/1142/2121 1114/1214/2123 1112/1212/2121
f 1088/1141/2124 1116/1216/2124 1114/1214/2124
f 1114/1214/2124 1089/1142/2124 1088/1141/2124
f 1118/1218/2125 1116/1216/2126 1088/1141/2127
f 1088/1141/2127 1087/1140/2128 1118/1218/2125
f 1121/1221/2129 1118/1218/2130 1087/1140/2131
f 1087/1140/2131 1086/1139/2129 1121/1221/2129
f 1085/1138/2132 1122/1222/2133 1121/1221/2134
f 1121/1221/2134 1086/1139/2135 1085/1138/2132
f 1084/1137/2136 1124/1224/2136 1122/1222/2137
f 1122/1222/2137 1085/1138/2138 1084/1137/2136
f 1124/1224/2139 1084/1137/2139 1083/1135/2139
f 1083/1135/2139 1126/1226/2139 1124/1224/2139
f 827/864/2140 1126/1226/2140 1083/1135/2140
f 1083/1135/2140 828/865/2140 827/864/2140
f 1127/1227/2141 1126/1226/2141 827/864/2141
f 827/864/2141 837/874/2141 1127/1227/2141
f 1142/1242/2142 1127/1227/2142 837/874/2142
f 837/874/2142 838/875/2142 1142/1242/2142
f 1142/1242/2143 838/875/2143 839/876/2143
f 839/876/2143 1157/1257/2143 1142/1242/2143
f 1172/1272/2144 1157/1257/2144 839/876/2144
f 839/876/2144 840/877/2144 1172/1272/2144
f 1187/1287/2145 1172/1272/2146 840/877/2146
f 840/877/2146 841/878/2147 1187/1287/2145
f 1202/1302/2148 1187/1287/2145 841/878/2147
f 841/878/2147 842/879/2149 1202/1302/2148
f 1202/1302/2148 842/879/2149 843/880/2150
f 843/880/2150 1217/1317/2151 1202/1302/2148
f 1217/1317/2151 843/880/2150 857/903/2152
f 857/903/2152 1232/1332/2153 1217/1317/2151
f 856/902/2154 1247/1347/2155 1232/1332/2153
f 1232/1332/2153 857/903/2152 856/902/2154
f 1247/1347/2155 856/902/2154 855/901/2156
f 855/901/2156 1262/1362/2156 1247/1347/2155
f 855/901/2157 854/900/2157 1277/1377/2157
f 1277/1377/2157 1262/1362/2157 855/901/2157
f 1277/1377/2158 854/900/2158 853/899/2158
f 853/899/2158 1292/1392/2159 1277/1377/2158
f 852/898/2160 1307/1407/2160 1292/1392/2160
f 1292/1392/2160 853/899/2160 852/898/2160
f 851/896/2161 1322/1422/2162 1307/1407/2161
f 1307/1407/2161 852/898/2161 851/896/2161
f 1322/1422/2163 851/896/2164 631/637/2164
f 631/637/2164 629/635/2164 1322/1422/2163
f 1321/1421/2165 1322/1422/2165 629/635/2165
f 629/635/2165 628/634/2165 1321/1421/2165
f 627/633/2166 1320/1420/2167 1321/1421/2168
f 1321/1421/2168 628/634/2169 627/633/2166
f 626/632/2170 1319/1419/2171 1320/1420/2172
f 1320/1420/2172 627/633/2173 626/632/2170
f 1319/1419/2174 626/632/2175 625/631/2176
f 625/631/2176 1318/1418/2177 1319/1419/2174
f 624/630/2178 1317/1417/2179 1318/1418/2180
f 1318/1418/2180 625/631/2181 624/630/2178
f 623/629/2182 1316/1416/2183 1317/1417/2184
f 1317/1417/2184 624/630/2185 623/629/2182
f 1315/1415/2186 1316/1416/2187 623/629/2188
f 623/629/2188 622/628/2186 1315/1415/2186
f 621/627/2189 1314/1414/2190 1315/1415/2191
f 1315/1415/2191 622/628/2191 621/627/2189
f 620/626/2192 1313/1413/2193 1314/1414/2193
f 1314/1414/2193 621/627/2193 620/626/2192
f 1313/1413/2194 620/626/2195 619/625/2196
f 619/625/2196 1312/1412/2195 1313/1413/2194
f 1311/1411/2197 1312/1412/2197 619/625/2197
f 619/625/2197 618/624/2197 1311/1411/2197
f 1310/1410/2198 1311/1411/2198 618/624/2198
f 618/624/2198 617/623/2198 1310/1410/2198
f 616/622/2199 1308/1408/2199 1310/1410/2200
f 1310/1410/2200 617/623/2199 616/622/2199
f 1309/1409/2201 1308/1408/2201 616/622/2201
f 616/622/2201 615/620/2201 1309/1409/2201
f 157/1424/2202 1309/1409/2202 615/620/2202
f 615/620/2202 158/619/2202 157/1424/2202
f 1309/1409/2203 157/1424/2203 167/1425/2203
f 167/1425/2203 1294/1394/2203 1309/1409/2203
f 1294/1394/2204 167/1425/2204 168/1426/2204
f 168/1426/2204 1279/1379/2204 1294/1394/2204
f 168/1426/2205 169/1427/2205 1264/1364/2205
f 1264/1364/2205 1279/1379/2205 168/1426/2205
f 1264/1364/2206 169/1427/2206 170/1428/2207
f 170/1428/2207 1249/1349/2208 1264/1364/2206
f 1249/1349/2208 170/1428/2207 171/1429/2209
f 171/1429/2209 1234/1334/2210 1249/1349/2208
f 171/1429/2209 172/1430/2211 1219/1319/2212
f 1219/1319/2212 1234/1334/2210 171/1429/2209
f 172/1430/2211 173/1431/2213 1204/1304/2214
f 1204/1304/2214 1219/1319/2212 172/1430/2211
f 173/1431/2213 208/1432/2215 1189/1289/2216
f 1189/1289/2216 1204/1304/2214 173/1431/2213
f 1173/1273/2217 1189/1289/2216 208/1432/2215
f 208/1432/2215 207/1433/2218 1173/1273/2217
f 1173/1273/2217 207/1433/2218 206/1434/2219
f 206/1434/2219 1158/1258/2220 1173/1273/2217
f 1158/1258/2220 206/1434/2219 205/1435/2221
f 205/1435/2221 1143/1243/2221 1158/1258/2220
f 1143/1243/2222 205/1435/2222 204/1436/2222
f 204/1436/2222 1128/1228/2222 1143/1243/2222
f 1128/1228/2223 204/1436/2223 203/1437/2223
f 203/1437/2223 1098/1198/2223 1128/1228/2223
f 1098/1198/2224 203/1437/2224 200/1423/2224
f 200/1423/2224 1099/1199/2224 1098/1198/2224
f 1323/2/2225 1324/1/2225 1325/4/2225
f 1325/4/2225 1326/3/2225 1323/2/2225
f 1325/4/2226 1327/6/2227 1328/5/2226
f 1328/5/2226 1326/3/2227 1325/4/2226
f 1329/7/2228 1328/5/2228 1327/6/2228
f 1327/6/2228 1330/8/2228 1329/7/2228
f 1329/7/2229 1330/8/2229 1331/10/2229
f 1331/10/2229 1332/9/2229 1329/7/2229
f 1333/12/2230 1334/11/2230 1332/9/2230
f 1332/9/2230 1331/10/2230 1333/12/2230
f 1335/13/2231 1334/11/2231 1333/12/2231
f 1333/12/2231 1336/14/2231 1335/13/2231
f 1335/13/2232 1336/14/2232 1337/16/2232
f 1337/16/2232 1338/15/2232 1335/13/2232
f 1325/4/2233 1324/1/2234 1339/17/2235
f 1339/17/2235 1340/18/2234 1325/4/2233
f 1325/4/2236 1340/18/2236 1341/19/2236
f 1341/19/2236 1327/6/2236 1325/4/2236
f 1341/19/2237 1342/20/2237 1330/8/2237
f 1330/8/2237 1327/6/2237 1341/19/2237
f 1343/21/2238 1331/10/2239 1330/8/2238
f 1330/8/2238 1342/20/2238 1343/21/2238
f 1344/22/2240 1333/12/2240 1331/10/2240
f 1331/10/2240 1343/21/2240 1344/22/2240
f 1345/23/2241 1336/14/2241 1333/12/2241
f 1333/12/2241 1344/22/2242 1345/23/2241
f 1336/14/2243 1345/23/2243 1346/24/2243
f 1346/24/2243 1337/16/2243 1336/14/2243
f 1347/25/2244 1340/18/2245 1339/17/2246
f 1339/17/2246 1348/26/2245 1347/25/2244
f 1349/27/2247 1341/19/2247 1340/18/2247
f 1340/18/2247 1347/25/2247 1349/27/2247
f 1349/27/2248 1350/28/2248 1342/20/2248
f 1342/20/2248 1341/19/2249 1349/27/2248
f 1350/28/2250 1351/29/2250 1343/21/2250
f 1343/21/2250 1342/20/2250 1350/28/2250
f 1344/22/2251 1343/21/2251 1351/29/2251
f 1351/29/2251 1352/30/2251 1344/22/2251
f 1353/31/2252 1345/23/2253 1344/22/2254
f 1354/32/2255 1346/24/2256 1345/23/2257
f 1348/26/2258 1355/33/2258 1356/34/2258
f 1356/34/2258 1347/25/2258 1348/26/2258
f 1357/35/2259 1349/27/2260 1347/25/2260
f 1347/25/2260 1356/34/2260 1357/35/2259
f 1356/34/2261 1355/33/2261 1358/37/2261
f 1358/37/2261 1359/38/2261 1356/34/2261
f 1358/37/2262 1360/40/2263 1361/39/2264
f 1361/39/2264 1359/38/2262 1358/37/2262
f 1362/42/2265 1363/41/2265 1364/44/2265
f 1364/44/2265 1365/43/2265 1362/42/2265
f 1366/46/2266 1367/45/2266 1362/42/2266
f 1362/42/2266 1365/43/2266 1366/46/2266
f 1367/45/2267 1366/46/2267 1368/47/2267
f 1368/47/2267 1369/48/2267 1367/45/2267
f 1370/49/2268 1365/43/2268 1364/44/2268
f 1364/44/2268 1371/50/2268 1370/49/2268
f 1365/43/2269 1370/49/2270 1372/51/2270
f 1372/51/2270 1366/46/2270 1365/43/2269
f 1372/51/2271 1373/52/2271 1368/47/2271
f 1368/47/2271 1366/46/2271 1372/51/2271
f 1376/55/2272 1370/49/2272 1371/50/2272
f 1371/50/2272 1377/56/2272 1376/55/2272
f 1372/51/2273 1370/49/2273 1376/55/2273
f 1376/55/2273 1378/57/2273 1372/51/2273
f 1372/51/2274 1378/57/2274 1379/58/2275
f 1379/58/2275 1373/52/2274 1372/51/2274
f 1377/56/2276 1381/61/2276 1382/60/2276
f 1382/60/2276 1376/55/2276 1377/56/2276
f 1382/60/2277 1383/62/2277 1378/57/2277
f 1378/57/2277 1376/55/2277 1382/60/2277
f 1378/57/2278 1383/62/2278 1384/63/2278
f 1384/63/2278 1379/58/2278 1378/57/2278
f 1386/65/2279 1382/60/2279 1381/61/2279
f 1381/61/2279 1387/66/2279 1386/65/2279
f 1386/65/2280 1388/67/2280 1383/62/2280
f 1383/62/2280 1382/60/2280 1386/65/2280
f 1389/68/2281 1384/63/2281 1383/62/2281
f 1383/62/2281 1388/67/2281 1389/68/2281
f 1391/71/2282 1392/70/2282 1386/65/2282
f 1386/65/2282 1387/66/2282 1391/71/2282
f 1388/67/2283 1386/65/2283 1392/70/2283
f 1392/70/2283 1393/72/2283 1388/67/2283
f 1388/67/2284 1393/72/2284 1394/73/2284
f 1394/73/2284 1389/68/2284 1388/67/2284
f 1395/77/2285 1396/76/2285 1397/75/2286
f 1397/75/2286 1398/78/2285 1395/77/2285
f 1395/77/2287 1398/78/2287 1399/80/2287
f 1399/80/2287 1400/79/2287 1395/77/2287
f 1401/82/2288 1402/81/2288 1400/79/2288
f 1400/79/2288 1399/80/2288 1401/82/2288
f 1403/83/2289 1402/81/2289 1401/82/2289
f 1401/82/2289 1404/84/2289 1403/83/2289
f 1403/83/2290 1404/84/2290 1405/86/2290
f 1405/86/2290 1406/85/2290 1403/83/2290
f 1405/86/2291 1407/88/2291 1408/87/2291
f 1408/87/2291 1406/85/2292 1405/86/2291
f 1408/87/2293 1407/88/2293 1409/90/2293
f 1409/90/2293 1410/89/2293 1408/87/2293
f 1411/91/2294 1398/78/2294 1397/75/2294
f 1397/75/2294 1412/92/2294 1411/91/2294
f 1413/93/2295 1399/80/2295 1398/78/2295
f 1398/78/2295 1411/91/2296 1413/93/2295
f 1414/94/2297 1401/82/2297 1399/80/2297
f 1399/80/2297 1413/93/2297 1414/94/2297
f 1415/95/2298 1404/84/2298 1401/82/2298
f 1401/82/2298 1414/94/2298 1415/95/2298
f 1416/96/2299 1405/86/2299 1404/84/2299
f 1404/84/2299 1415/95/2299 1416/96/2299
f 1416/96/2300 1417/97/2301 1407/88/2300
f 1407/88/2300 1405/86/2300 1416/96/2300
f 1417/97/2302 1418/98/2302 1409/90/2302
f 1409/90/2302 1407/88/2302 1417/97/2302
f 1412/92/2303 1419/99/2303 1420/100/2303
f 1420/100/2303 1411/91/2303 1412/92/2303
f 1421/101/2304 1413/93/2304 1411/91/2304
f 1411/91/2304 1420/100/2304 1421/101/2304
f 1414/94/2305 1413/93/2305 1421/101/2305
f 1421/101/2305 1422/102/2305 1414/94/2305
f 1414/94/2306 1422/102/2306 1423/103/2306
f 1423/103/2306 1415/95/2306 1414/94/2306
f 1424/104/2307 1416/96/2307 1415/95/2307
f 1415/95/2307 1423/103/2307 1424/104/2307
f 1417/97/2308 1416/96/2308 1424/104/2308
f 1424/104/2308 1425/105/2308 1417/97/2308
f 1417/97/2309 1425/105/2309 1426/106/2309
f 1426/106/2309 1418/98/2309 1417/97/2309
f 1420/100/2310 1419/99/2310 1427/107/2310
f 1427/107/2310 1428/108/2310 1420/100/2310
f 1420/100/2311 1428/108/2311 1429/109/2311
f 1429/109/2311 1421/101/2311 1420/100/2311
f 1430/110/2312 1422/102/2313 1421/101/2314
f 1421/101/2314 1429/109/2312 1430/110/2312
f 1423/103/2315 1422/102/2316 1430/110/2317
f 1433/116/2318 1434/115/2318 1435/118/2319
f 1435/118/2319 1436/117/2318 1433/116/2318
f 1437/120/2320 1438/119/2321 1436/117/2322
f 1436/117/2322 1435/118/2322 1437/120/2320
f 1439/121/2323 1438/119/2324 1437/120/2323
f 1437/120/2323 1440/122/2323 1439/121/2323
f 1439/121/2325 1440/122/2325 1441/124/2325
f 1441/124/2325 1442/123/2325 1439/121/2325
f 1443/126/2326 1444/125/2326 1442/123/2327
f 1442/123/2327 1441/124/2326 1443/126/2326
f 1445/127/2328 1444/125/2329 1443/126/2330
f 1435/118/2331 1434/115/2331 1447/131/2331
f 1447/131/2331 1448/132/2331 1435/118/2331
f 1435/118/2332 1448/132/2332 1449/133/2332
f 1449/133/2332 1437/120/2332 1435/118/2332
f 1450/134/2333 1440/122/2333 1437/120/2333
f 1437/120/2333 1449/133/2333 1450/134/2333
f 1441/124/2334 1440/122/2335 1450/134/2336
f 1450/134/2336 1451/135/2335 1441/124/2334
f 1452/136/2337 1443/126/2338 1441/124/2339
f 1441/124/2339 1451/135/2338 1452/136/2337
f 1453/138/2340 1454/137/2340 1448/132/2340
f 1448/132/2340 1447/131/2340 1453/138/2340
f 1449/133/2341 1448/132/2341 1454/137/2341
f 1454/137/2341 1455/139/2341 1449/133/2341
f 1449/133/2342 1455/139/2342 1456/140/2342
f 1456/140/2342 1450/134/2342 1449/133/2342
f 1457/141/2343 1451/135/2344 1450/134/2344
f 1450/134/2344 1456/140/2344 1457/141/2343
f 1453/138/2345 1458/143/2345 1459/142/2345
f 1459/142/2345 1454/137/2345 1453/138/2345
f 1459/142/2346 1460/144/2346 1455/139/2346
f 1455/139/2346 1454/137/2346 1459/142/2346
f 1456/140/2347 1455/139/2348 1460/144/2348
f 1460/144/2348 1461/145/2348 1456/140/2347
f 1459/142/2349 1458/143/2349 1462/148/2350
f 1462/148/2350 1463/147/2350 1459/142/2349
f 1459/142/2351 1463/147/2351 1464/149/2351
f 1464/149/2351 1460/144/2351 1459/142/2351
f 1464/149/2352 1465/150/2352 1461/145/2352
f 1461/145/2352 1460/144/2353 1464/149/2353
f 1466/152/2354 1463/147/2355 1462/148/2355
f 1462/148/2355 1467/151/2355 1466/152/2354
f 1464/149/2356 1463/147/2356 1466/152/2356
f 1466/152/2356 1468/153/2356 1464/149/2356
f 1464/149/2357 1468/153/2357 1469/154/2357
f 1469/154/2357 1465/150/2357 1464/149/2357
f 1391/71/2358 1338/15/2358 1337/16/2358
f 1337/16/2358 1392/70/2358 1391/71/2358
f 1346/24/2359 1393/72/2359 1392/70/2359
f 1392/70/2359 1337/16/2359 1346/24/2359
f 1354/32/2360 1394/73/2361 1393/72/2360
f 1393/72/2360 1346/24/2360 1354/32/2360
f 1409/90/2362 1466/152/2362 1467/151/2362
f 1467/151/2362 1410/89/2362 1409/90/2362
f 1418/98/2363 1468/153/2363 1466/152/2364
f 1466/152/2364 1409/90/2364 1418/98/2363
f 1418/98/2365 1426/106/2365 1469/154/2365
f 1469/154/2365 1468/153/2365 1418/98/2365
f 1323/2/2366 1470/158/2366 1471/157/2367
f 1471/157/2367 1472/156/2366 1323/2/2366
f 1326/3/2368 1473/159/2368 1470/158/2368
f 1470/158/2368 1323/2/2368 1326/3/2368
f 1474/160/2369 1473/159/2370 1326/3/2370
f 1326/3/2370 1328/5/2370 1474/160/2369
f 1474/160/2371 1328/5/2371 1329/7/2371
f 1329/7/2371 1475/161/2371 1474/160/2371
f 1332/9/2372 1476/162/2372 1475/161/2372
f 1475/161/2372 1329/7/2372 1332/9/2372
f 1477/163/2373 1476/162/2374 1332/9/2374
f 1332/9/2374 1334/11/2374 1477/163/2373
f 1477/163/2375 1334/11/2375 1335/13/2375
f 1335/13/2375 1478/164/2375 1477/163/2375
f 1338/15/2376 1479/165/2376 1478/164/2376
f 1478/164/2376 1335/13/2376 1338/15/2376
f 1323/2/2377 1472/156/2378 1480/166/2378
f 1480/166/2378 1324/1/2378 1323/2/2377
f 1339/17/2379 1324/1/2379 1480/166/2379
f 1480/166/2379 1481/167/2379 1339/17/2379
f 1481/167/2380 1482/168/2380 1348/26/2380
f 1348/26/2380 1339/17/2380 1481/167/2380
f 1482/168/2381 1483/169/2381 1355/33/2381
f 1355/33/2381 1348/26/2381 1482/168/2381
f 1358/37/2382 1355/33/2383 1483/169/2383
f 1483/169/2383 1484/170/2384 1358/37/2382
f 1484/170/2384 1485/171/2385 1360/40/2386
f 1360/40/2386 1358/37/2382 1484/170/2384
f 1486/172/2387 1446/129/2388 1360/40/2386
f 1360/40/2386 1485/171/2385 1486/172/2389
f 1487/173/2390 1488/175/2390 1363/41/2390
f 1363/41/2390 1489/174/2390 1487/173/2390
f 1490/176/2391 1489/174/2391 1363/41/2391
f 1363/41/2391 1362/42/2391 1490/176/2391
f 1491/177/2392 1490/176/2392 1362/42/2392
f 1362/42/2392 1367/45/2392 1491/177/2392
f 1369/48/2393 1492/178/2393 1491/177/2393
f 1491/177/2393 1367/45/2393 1369/48/2393
f 1364/44/2394 1363/41/2394 1488/175/2394
f 1488/175/2394 1493/179/2394 1364/44/2394
f 1364/44/2395 1493/179/2395 1494/180/2395
f 1494/180/2395 1371/50/2395 1364/44/2395
f 1371/50/2396 1494/180/2397 1495/181/2397
f 1495/181/2397 1377/56/2397 1371/50/2396
f 1495/181/2398 1496/182/2398 1381/61/2398
f 1381/61/2398 1377/56/2398 1495/181/2398
f 1381/61/2399 1496/182/2399 1497/183/2399
f 1497/183/2399 1387/66/2399 1381/61/2399
f 1498/184/2400 1391/71/2400 1387/66/2400
f 1387/66/2400 1497/183/2400 1498/184/2400
f 1338/15/2401 1391/71/2401 1498/184/2401
f 1498/184/2401 1479/165/2401 1338/15/2401
f 1499/187/2402 1500/186/2402 1396/76/2403
f 1396/76/2403 1501/185/2402 1499/187/2402
f 1502/188/2404 1501/185/2404 1396/76/2404
f 1396/76/2404 1395/77/2404 1502/188/2404
f 1503/189/2405 1502/188/2405 1395/77/2406
f 1395/77/2406 1400/79/2405 1503/189/2405
f 1504/190/2407 1503/189/2407 1400/79/2407
f 1400/79/2407 1402/81/2407 1504/190/2407
f 1505/191/2408 1504/190/2408 1402/81/2408
f 1402/81/2408 1403/83/2408 1505/191/2408
f 1403/83/2409 1406/85/2409 1506/192/2409
f 1506/192/2409 1505/191/2409 1403/83/2409
f 1507/193/2410 1506/192/2410 1406/85/2410
f 1406/85/2410 1408/87/2410 1507/193/2410
f 1508/194/2411 1507/193/2412 1408/87/2412
f 1408/87/2412 1410/89/2412 1508/194/2411
f 1500/186/2413 1509/195/2413 1397/75/2413
f 1397/75/2413 1396/76/2413 1500/186/2413
f 1397/75/2414 1509/195/2414 1510/196/2414
f 1510/196/2414 1412/92/2414 1397/75/2414
f 1510/196/2415 1511/197/2415 1419/99/2415
f 1419/99/2415 1412/92/2415 1510/196/2415
f 1427/107/2416 1419/99/2416 1511/197/2416
f 1511/197/2416 1512/198/2416 1427/107/2416
f 1513/200/2417 1433/116/2417 1514/199/2418
f 1514/199/2418 1515/201/2417 1513/200/2417
f 1436/117/2419 1516/202/2419 1514/199/2419
f 1514/199/2419 1433/116/2419 1436/117/2419
f 1516/202/2420 1436/117/2420 1438/119/2420
f 1438/119/2420 1517/203/2420 1516/202/2420
f 1439/121/2421 1518/204/2421 1517/203/2421
f 1517/203/2421 1438/119/2421 1439/121/2421
f 1442/123/2422 1519/205/2422 1518/204/2422
f 1518/204/2422 1439/121/2422 1442/123/2422
f 1444/125/2423 1520/206/2424 1519/205/2425
f 1519/205/2425 1442/123/2426 1444/125/2423
f 1445/127/2427 1521/207/2428 1520/206/2424
f 1520/206/2424 1444/125/2423 1445/127/2427
f 1446/129/2388 1486/172/2387 1521/207/2428
f 1521/207/2428 1445/127/2427 1446/129/2388
f 1513/200/2429 1522/208/2429 1434/115/2429
f 1434/115/2429 1433/116/2429 1513/200/2429
f 1522/208/2430 1523/209/2430 1447/131/2430
f 1447/131/2430 1434/115/2430 1522/208/2430
f 1447/131/2431 1523/209/2431 1524/210/2431
f 1524/210/2431 1453/138/2431 1447/131/2431
f 1524/210/2432 1525/211/2432 1458/143/2432
f 1458/143/2432 1453/138/2433 1524/210/2432
f 1525/211/2434 1526/212/2434 1462/148/2434
f 1462/148/2434 1458/143/2434 1525/211/2434
f 1462/148/2435 1526/212/2435 1527/213/2435
f 1527/213/2435 1467/151/2435 1462/148/2435
f 1508/194/2436 1410/89/2436 1467/151/2436
f 1467/151/2436 1527/213/2436 1508/194/2436
f 1528/215/2437 1529/214/2437 1530/217/2437
f 1530/217/2437 1531/216/2437 1528/215/2437
f 1532/218/2438 1531/216/2438 1530/217/2438
f 1530/217/2438 1533/219/2438 1532/218/2438
f 1534/220/2439 1532/218/2439 1533/219/2440
f 1533/219/2440 1535/221/2441 1534/220/2439
f 1530/217/2442 1529/214/2442 1536/223/2442
f 1536/223/2442 1537/222/2442 1530/217/2442
f 1538/224/2443 1533/219/2443 1530/217/2443
f 1530/217/2443 1537/222/2443 1538/224/2443
f 1533/219/2440 1538/224/2444 1539/225/2444
f 1539/225/2444 1535/221/2441 1533/219/2440
f 1540/226/2445 1537/222/2445 1536/223/2445
f 1536/223/2445 1541/227/2445 1540/226/2445
f 1537/222/2446 1540/226/2446 1542/228/2446
f 1542/228/2446 1538/224/2446 1537/222/2446
f 1539/225/2447 1538/224/2447 1542/228/2448
f 1542/228/2448 1543/229/2449 1539/225/2447
f 1541/227/2450 1544/230/2451 1545/231/2452
f 1545/231/2452 1540/226/2451 1541/227/2450
f 1542/228/2453 1540/226/2454 1545/231/2454
f 1545/231/2454 1546/232/2454 1542/228/2453
f 1547/233/2455 1543/229/2449 1542/228/2448
f 1542/228/2448 1546/232/2455 1547/233/2455
f 1545/231/2456 1544/230/2457 1548/235/2456
f 1548/235/2456 1549/234/2458 1545/231/2456
f 1550/236/2459 1546/232/2459 1545/231/2459
f 1545/231/2459 1549/234/2459 1550/236/2459
f 1546/232/2460 1550/236/2461 1551/237/2462
f 1551/237/2462 1547/233/2460 1546/232/2460
f 1549/234/2463 1548/235/2463 1552/239/2464
f 1552/239/2464 1553/238/2465 1549/234/2463
f 1549/234/2466 1553/238/2467 1554/240/2467
f 1554/240/2467 1550/236/2468 1549/234/2466
f 1551/237/2462 1550/236/2461 1554/240/2469
f 1554/240/2469 1555/241/2469 1551/237/2462
f 1552/239/2470 1556/242/2470 1557/243/2471
f 1557/243/2471 1553/238/2470 1552/239/2470
f 1554/240/2472 1553/238/2472 1557/243/2473
f 1557/243/2473 1558/244/2473 1554/240/2472
f 1559/245/2474 1555/241/2475 1554/240/2475
f 1554/240/2475 1558/244/2476 1559/245/2474
f 1557/243/2477 1556/242/2477 1560/247/2477
f 1560/247/2477 1561/246/2477 1557/243/2477
f 1561/246/2478 1562/248/2478 1558/244/2478
f 1558/244/2478 1557/243/2478 1561/246/2478
f 1558/244/2476 1562/248/2479 1563/249/2479
f 1563/249/2479 1559/245/2474 1558/244/2476
f 1564/250/2480 1561/246/2480 1560/247/2480
f 1560/247/2480 1565/251/2480 1564/250/2480
f 1561/246/2481 1564/250/2481 1566/252/2481
f 1566/252/2481 1562/248/2481 1561/246/2481
f 1563/249/2482 1562/248/2482 1566/252/2482
f 1566/252/2482 1567/253/2482 1563/249/2482
f 1565/251/2483 1568/254/2483 1569/255/2483
f 1569/255/2483 1564/250/2483 1565/251/2483
f 1566/252/2484 1564/250/2484 1569/255/2485
f 1569/255/2485 1570/256/2484 1566/252/2484
f 1567/253/2486 1566/252/2486 1570/256/2486
f 1570/256/2486 1571/257/2486 1567/253/2486
f 1569/255/2487 1568/254/2487 1572/259/2487
f 1572/259/2487 1573/258/2487 1569/255/2487
f 1574/260/2488 1570/256/2488 1569/255/2488
f 1569/255/2488 1573/258/2488 1574/260/2488
f 1570/256/2489 1574/260/2490 1575/261/2490
f 1575/261/2490 1571/257/2491 1570/256/2489
f 1576/262/2492 1573/258/2492 1572/259/2492
f 1572/259/2492 1577/263/2492 1576/262/2492
f 1573/258/2493 1576/262/2493 1578/264/2493
f 1578/264/2493 1574/260/2493 1573/258/2493
f 1575/261/2494 1574/260/2494 1578/264/2494
f 1578/264/2494 1579/265/2494 1575/261/2494
f 1577/263/2495 1580/266/2495 1581/267/2495
f 1581/267/2495 1576/262/2495 1577/263/2495
f 1578/264/2496 1576/262/2497 1581/267/2497
f 1581/267/2497 1582/268/2497 1578/264/2496
f 1583/269/2498 1579/265/2498 1578/264/2499
f 1578/264/2499 1582/268/2498 1583/269/2498
f 1581/267/2500 1580/266/2500 1584/271/2500
f 1584/271/2500 1585/270/2500 1581/267/2500
f 1586/272/2501 1582/268/2501 1581/267/2501
f 1581/267/2501 1585/270/2501 1586/272/2501
f 1582/268/2502 1586/272/2502 1587/273/2503
f 1587/273/2503 1583/269/2502 1582/268/2502
f 1588/275/2504 1589/274/2504 1528/215/2504
f 1528/215/2504 1590/276/2504 1588/275/2504
f 1531/216/2505 1591/277/2505 1590/276/2505
f 1590/276/2505 1528/215/2505 1531/216/2505
f 1591/277/2506 1531/216/2506 1532/218/2506
f 1532/218/2506 1592/278/2506 1591/277/2506
f 1593/279/2507 1592/278/2507 1532/218/2507
f 1532/218/2507 1534/220/2507 1593/279/2507
f 1492/280/2508 1587/273/2508 1586/272/2508
f 1586/272/2508 1491/281/2508 1492/280/2508
f 1585/270/2509 1490/282/2509 1491/281/2509
f 1491/281/2509 1586/272/2509 1585/270/2509
f 1585/270/2510 1584/271/2510 1489/283/2510
f 1489/283/2510 1490/282/2510 1585/270/2510
f 1594/285/2511 1487/284/2511 1489/283/2511
f 1489/283/2511 1584/271/2511 1594/285/2511
f 1580/266/2512 1595/286/2513 1594/285/2513
f 1594/285/2513 1584/271/2513 1580/266/2512
f 1596/287/2514 1595/286/2514 1580/266/2514
f 1580/266/2514 1577/263/2514 1596/287/2514
f 1577/263/2515 1572/259/2515 1597/288/2515
f 1597/288/2515 1596/287/2515 1577/263/2515
f 1572/259/2516 1568/254/2516 1598/289/2516
f 1598/289/2516 1597/288/2516 1572/259/2516
f 1599/290/2517 1598/289/2517 1568/254/2517
f 1568/254/2517 1565/251/2517 1599/290/2517
f 1560/247/2518 1600/291/2519 1599/290/2520
f 1599/290/2520 1565/251/2521 1560/247/2518
f 1556/242/2522 1601/292/2522 1600/291/2523
f 1600/291/2523 1560/247/2522 1556/242/2522
f 1556/242/2524 1552/239/2525 1602/293/2526
f 1602/293/2526 1601/292/2527 1556/242/2524
f 1602/293/2528 1552/239/2529 1548/235/2530
f 1548/235/2530 1603/294/2530 1602/293/2528
f 1544/230/2531 1604/295/2532 1603/294/2533
f 1603/294/2533 1548/235/2534 1544/230/2531
f 1605/296/2535 1604/295/2536 1544/230/2537
f 1544/230/2537 1541/227/2538 1605/296/2535
f 1541/227/2539 1536/223/2539 1606/297/2539
f 1606/297/2539 1605/296/2539 1541/227/2539
f 1536/223/2540 1529/214/2540 1607/298/2540
f 1607/298/2540 1606/297/2541 1536/223/2540
f 1589/274/2542 1607/298/2542 1529/214/2542
f 1529/214/2542 1528/215/2542 1589/274/2542
f 1608/300/2543 1609/299/2543 1610/302/2543
f 1610/302/2543 1611/301/2543 1608/300/2543
f 1612/304/2544 1613/303/2544 1611/301/2544
f 1611/301/2544 1610/302/2544 1612/304/2544
f 1614/306/2545 1615/305/2545 1613/303/2545
f 1613/303/2545 1612/304/2545 1614/306/2545
f 1615/305/2546 1614/306/2546 1616/308/2546
f 1616/308/2546 1617/307/2546 1615/305/2546
f 1610/302/2547 1609/299/2547 1618/310/2547
f 1618/310/2547 1619/309/2547 1610/302/2547
f 1620/311/2548 1612/304/2548 1610/302/2548
f 1610/302/2548 1619/309/2548 1620/311/2548
f 1621/312/2549 1614/306/2549 1612/304/2549
f 1612/304/2549 1620/311/2549 1621/312/2549
f 1616/308/2550 1614/306/2550 1621/312/2550
f 1621/312/2550 1622/313/2550 1616/308/2550
f 1623/314/2551 1619/309/2551 1618/310/2551
f 1618/310/2551 1624/315/2551 1623/314/2551
f 1625/316/2552 1620/311/2552 1619/309/2552
f 1619/309/2552 1623/314/2552 1625/316/2552
f 1620/311/2553 1625/316/2553 1626/317/2554
f 1626/317/2554 1621/312/2555 1620/311/2553
f 1626/317/2554 1627/318/2556 1622/313/2557
f 1622/313/2557 1621/312/2555 1626/317/2554
f 1624/315/2558 1628/320/2558 1629/319/2558
f 1629/319/2558 1623/314/2558 1624/315/2558
f 1630/321/2559 1625/316/2559 1623/314/2559
f 1623/314/2559 1629/319/2559 1630/321/2559
f 1626/317/2560 1625/316/2561 1630/321/2561
f 1630/321/2561 1631/322/2562 1626/317/2560
f 1626/317/2560 1631/322/2562 1632/323/2563
f 1632/323/2563 1627/318/2564 1626/317/2560
f 1633/324/2565 1629/319/2565 1628/320/2565
f 1628/320/2565 1634/325/2565 1633/324/2565
f 1629/319/2566 1633/324/2566 1635/326/2566
f 1635/326/2566 1630/321/2566 1629/319/2566
f 1635/326/2567 1636/327/2567 1631/322/2567
f 1631/322/2567 1630/321/2567 1635/326/2567
f 1632/323/2568 1631/322/2569 1636/327/2569
f 1636/327/2569 1637/328/2569 1632/323/2568
f 1638/329/2570 1633/324/2571 1634/325/2571
f 1634/325/2571 1639/330/2570 1638/329/2570
f 1635/326/2572 1633/324/2572 1638/329/2572
f 1638/329/2572 1640/331/2572 1635/326/2572
f 1635/326/2573 1640/331/2573 1641/332/2573
f 1641/332/2573 1636/327/2573 1635/326/2573
f 1642/333/2574 1637/328/2575 1636/327/2576
f 1636/327/2576 1641/332/2577 1642/333/2574
f 1639/330/2578 1643/335/2579 1644/334/2578
f 1644/334/2578 1638/329/2578 1639/330/2578
f 1644/334/2580 1645/336/2580 1640/331/2580
f 1640/331/2580 1638/329/2580 1644/334/2580
f 1641/332/2581 1640/331/2581 1645/336/2581
f 1645/336/2581 1646/337/2581 1641/332/2581
f 1641/332/2582 1646/337/2582 1647/338/2582
f 1647/338/2582 1642/333/2583 1641/332/2582
f 1644/334/2584 1643/335/2585 1648/340/2586
f 1648/340/2586 1649/339/2586 1644/334/2584
f 1644/334/2587 1649/339/2588 1650/341/2589
f 1650/341/2589 1645/336/2590 1644/334/2587
f 1651/342/2591 1646/337/2591 1645/336/2591
f 1645/336/2591 1650/341/2591 1651/342/2591
f 1652/343/2592 1647/338/2592 1646/337/2592
f 1646/337/2592 1651/342/2592 1652/343/2592
f 1653/345/2593 1654/344/2593 1649/339/2593
f 1649/339/2593 1648/340/2593 1653/345/2593
f 1650/341/2594 1649/339/2595 1654/344/2596
f 1654/344/2596 1655/346/2597 1650/341/2594
f 1656/347/2598 1651/342/2599 1650/341/2599
f 1650/341/2599 1655/346/2600 1656/347/2598
f 1657/348/2601 1652/343/2602 1651/342/2602
f 1651/342/2602 1656/347/2603 1657/348/2601
f 1653/345/2604 1658/350/2605 1659/349/2605
f 1659/349/2605 1654/344/2606 1653/345/2604
f 1660/351/2607 1655/346/2608 1654/344/2608
f 1654/344/2608 1659/349/2607 1660/351/2607
f 1661/352/2609 1656/347/2609 1655/346/2609
f 1655/346/2609 1660/351/2609 1661/352/2609
f 1656/347/2610 1661/352/2610 1662/353/2611
f 1662/353/2611 1657/348/2610 1656/347/2610
f 1659/349/2612 1658/350/2612 1663/355/2612
f 1663/355/2612 1664/354/2612 1659/349/2612
f 1659/349/2613 1664/354/2613 1665/356/2614
f 1665/356/2614 1660/351/2613 1659/349/2613
f 1666/357/2615 1661/352/2615 1660/351/2615
f 1660/351/2615 1665/356/2615 1666/357/2615
f 1662/353/2616 1661/352/2616 1666/357/2616
f 1666/357/2616 1667/358/2616 1662/353/2616
f 1668/359/2617 1664/354/2617 1663/355/2618
f 1663/355/2618 1669/360/2617 1668/359/2617
f 1670/361/2619 1665/356/2620 1664/354/2621
f 1664/354/2621 1668/359/2620 1670/361/2619
f 1665/356/2622 1670/361/2622 1671/362/2622
f 1671/362/2622 1666/357/2622 1665/356/2622
f 1671/362/2623 1672/363/2624 1667/358/2625
f 1667/358/2625 1666/357/2625 1671/362/2623
f 1673/364/2626 1668/359/2626 1669/360/2626
f 1669/360/2626 1674/365/2626 1673/364/2626
f 1675/366/2627 1670/361/2627 1668/359/2627
f 1668/359/2627 1673/364/2627 1675/366/2627
f 1671/362/2628 1670/361/2628 1675/366/2628
f 1675/366/2628 1676/367/2628 1671/362/2628
f 1671/362/2623 1676/367/2629 1677/368/2629
f 1677/368/2629 1672/363/2624 1671/362/2623
f 1678/369/2630 1673/364/2630 1674/365/2631
f 1674/365/2631 1679/370/2630 1678/369/2630
f 1673/364/2632 1678/369/2632 1680/371/2632
f 1680/371/2632 1675/366/2632 1673/364/2632
f 1680/371/2633 1681/372/2633 1676/367/2633
f 1676/367/2633 1675/366/2633 1680/371/2633
f 1677/368/2634 1676/367/2635 1681/372/2634
f 1681/372/2634 1682/373/2634 1677/368/2634
f 1608/300/2636 1500/186/2636 1499/187/2636
f 1499/187/2636 1683/374/2636 1608/300/2636
f 1500/186/2637 1608/300/2637 1611/301/2637
f 1611/301/2637 1509/195/2637 1500/186/2637
f 1510/196/2638 1509/195/2638 1611/301/2638
f 1611/301/2638 1613/303/2638 1510/196/2638
f 1511/197/2639 1510/196/2639 1613/303/2639
f 1613/303/2639 1615/305/2639 1511/197/2639
f 1512/198/2640 1511/197/2640 1615/305/2640
f 1615/305/2640 1617/307/2640 1512/198/2640
f 1681/372/2641 1680/371/2641 1684/376/2641
f 1684/376/2641 1685/375/2641 1681/372/2641
f 1684/376/2642 1680/371/2642 1678/369/2642
f 1678/369/2642 1686/377/2642 1684/376/2642
f 1678/369/2643 1679/370/2643 1687/378/2643
f 1687/378/2643 1686/377/2643 1678/369/2643
f 1688/380/2644 1689/379/2644 1687/378/2644
f 1687/378/2644 1679/370/2644 1688/380/2644
f 1674/365/2645 1690/381/2645 1688/380/2645
f 1688/380/2645 1679/370/2645 1674/365/2645
f 1691/382/2646 1690/381/2646 1674/365/2646
f 1674/365/2646 1669/360/2646 1691/382/2646
f 1663/355/2647 1692/383/2647 1691/382/2647
f 1691/382/2647 1669/360/2647 1663/355/2647
f 1693/384/2648 1692/383/2649 1663/355/2650
f 1663/355/2650 1658/350/2651 1693/384/2648
f 1693/384/2652 1658/350/2653 1653/345/2654
f 1653/345/2654 1694/385/2655 1693/384/2652
f 1695/386/2656 1694/385/2657 1653/345/2658
f 1653/345/2658 1648/340/2657 1695/386/2656
f 1648/340/2659 1643/335/2660 1696/387/2661
f 1696/387/2661 1695/386/2661 1648/340/2659
f 1643/335/2662 1639/330/2662 1697/388/2662
f 1697/388/2662 1696/387/2662 1643/335/2662
f 1698/389/2663 1697/388/2664 1639/330/2663
f 1639/330/2663 1634/325/2663 1698/389/2663
f 1628/320/2665 1699/390/2666 1698/389/2665
f 1698/389/2665 1634/325/2665 1628/320/2665
f 1700/391/2667 1699/390/2667 1628/320/2667
f 1628/320/2667 1624/315/2667 1700/391/2667
f 1618/310/2668 1701/392/2668 1700/391/2668
f 1700/391/2668 1624/315/2668 1618/310/2668
f 1702/393/2669 1701/392/2669 1618/310/2669
f 1618/310/2669 1609/299/2669 1702/393/2669
f 1683/374/2670 1702/393/2671 1609/299/2670
f 1609/299/2670 1608/300/2670 1683/374/2670
f 1703/396/2672 1704/395/2672 1705/394/2672
f 1705/394/2672 1706/397/2672 1703/396/2672
f 1707/399/2673 1708/398/2673 1705/394/2673
f 1705/394/2673 1704/395/2673 1707/399/2673
f 1709/401/2674 1710/400/2675 1708/398/2675
f 1708/398/2675 1707/399/2675 1709/401/2674
f 1711/402/2676 1710/400/2676 1709/401/2676
f 1709/401/2676 1712/403/2677 1711/402/2676
f 1713/405/2678 1714/404/2679 1711/402/2679
f 1711/402/2679 1712/403/2679 1713/405/2678
f 1715/407/2680 1716/406/2681 1714/404/2682
f 1714/404/2682 1713/405/2683 1715/407/2680
f 1716/406/2684 1715/407/2685 1717/409/2686
f 1717/409/2686 1718/408/2687 1716/406/2684
f 1719/410/2688 1718/408/2688 1717/409/2688
f 1717/409/2688 1720/411/2688 1719/410/2688
f 1721/412/2689 1719/410/2690 1720/411/2690
f 1720/411/2690 1722/413/2691 1721/412/2689
f 1723/415/2692 1724/414/2692 1721/412/2692
f 1721/412/2692 1722/413/2692 1723/415/2692
f 1725/416/2693 1724/414/2693 1723/415/2693
f 1723/415/2693 1726/417/2693 1725/416/2693
f 1727/418/2694 1725/416/2694 1726/417/2694
f 1726/417/2694 1728/419/2694 1727/418/2694
f 1729/421/2695 1730/420/2696 1727/418/2696
f 1727/418/2696 1728/419/2695 1729/421/2695
f 1731/422/2697 1730/420/2697 1729/421/2697
f 1729/421/2697 1732/423/2697 1731/422/2697
f 1703/396/2698 1733/425/2698 1734/424/2698
f 1734/424/2698 1704/395/2698 1703/396/2698
f 1707/399/2699 1704/395/2699 1734/424/2699
f 1734/424/2699 1735/426/2699 1707/399/2699
f 1709/401/2700 1707/399/2700 1735/426/2700
f 1735/426/2700 1736/427/2700 1709/401/2700
f 1736/427/2701 1737/428/2701 1712/403/2701
f 1712/403/2701 1709/401/2701 1736/427/2701
f 1738/429/2702 1713/405/2702 1712/403/2702
f 1712/403/2702 1737/428/2703 1738/429/2702
f 1739/430/2704 1715/407/2705 1713/405/2706
f 1713/405/2706 1738/429/2706 1739/430/2704
f 1717/409/2707 1715/407/2707 1739/430/2708
f 1739/430/2708 1740/431/2709 1717/409/2707
f 1741/432/2710 1720/411/2710 1717/409/2710
f 1717/409/2710 1740/431/2710 1741/432/2710
f 1742/433/2711 1722/413/2711 1720/411/2711
f 1720/411/2711 1741/432/2711 1742/433/2711
f 1722/413/2712 1742/433/2712 1743/434/2712
f 1743/434/2712 1723/415/2712 1722/413/2712
f 1726/417/2713 1723/415/2713 1743/434/2713
f 1743/434/2713 1744/435/2713 1726/417/2713
f 1728/419/2714 1726/417/2714 1744/435/2714
f 1744/435/2714 1745/436/2714 1728/419/2714
f 1746/437/2715 1729/421/2715 1728/419/2715
f 1728/419/2715 1745/436/2715 1746/437/2715
f 1732/423/2716 1729/421/2717 1746/437/2717
f 1746/437/2717 1747/438/2717 1732/423/2716
f 1748/439/2718 1734/424/2718 1733/425/2718
f 1733/425/2718 1749/440/2718 1748/439/2718
f 1735/426/2719 1734/424/2719 1748/439/2719
f 1748/439/2719 1750/441/2719 1735/426/2719
f 1736/427/2720 1735/426/2720 1750/441/2720
f 1750/441/2720 1751/442/2720 1736/427/2720
f 1736/427/2721 1751/442/2721 1752/443/2721
f 1752/443/2721 1737/428/2721 1736/427/2721
f 1738/429/2722 1737/428/2723 1752/443/2724
f 1752/443/2724 1753/444/2722 1738/429/2722
f 1739/430/2725 1738/429/2726 1753/444/2727
f 1753/444/2727 1754/445/2728 1739/430/2725
f 1754/445/2729 1755/446/2730 1740/431/2731
f 1740/431/2731 1739/430/2729 1754/445/2729
f 1756/447/2732 1741/432/2733 1740/431/2732
f 1740/431/2732 1755/446/2732 1756/447/2732
f 1757/448/2734 1742/433/2734 1741/432/2734
f 1741/432/2734 1756/447/2734 1757/448/2734
f 1743/434/2735 1742/433/2735 1757/448/2735
f 1757/448/2735 1758/449/2735 1743/434/2735
f 1759/450/2736 1744/435/2736 1743/434/2736
f 1743/434/2736 1758/449/2736 1759/450/2736
f 1760/451/2737 1745/436/2737 1744/435/2737
f 1744/435/2737 1759/450/2737 1760/451/2737
f 1745/436/2738 1760/451/2738 1761/452/2738
f 1761/452/2738 1746/437/2738 1745/436/2738
f 1747/438/2739 1746/437/2739 1761/452/2739
f 1761/452/2739 1762/453/2739 1747/438/2739
f 1763/454/2740 1748/439/2740 1749/440/2740
f 1749/440/2740 1764/455/2740 1763/454/2740
f 1750/441/2741 1748/439/2741 1763/454/2741
f 1763/454/2741 1765/456/2741 1750/441/2741
f 1751/442/2742 1750/441/2742 1765/456/2742
f 1765/456/2742 1766/457/2742 1751/442/2742
f 1767/458/2743 1752/443/2743 1751/442/2743
f 1751/442/2743 1766/457/2743 1767/458/2743
f 1753/444/2744 1752/443/2745 1767/458/2745
f 1767/458/2745 1768/459/2745 1753/444/2744
f 1754/445/2746 1753/444/2747 1768/459/2747
f 1768/459/2747 1769/460/2748 1754/445/2746
f 1754/445/2749 1769/460/2749 1770/461/2749
f 1770/461/2749 1755/446/2749 1754/445/2749
f 1756/447/2750 1755/446/2751 1770/461/2752
f 1770/461/2752 1771/462/2750 1756/447/2750
f 1757/448/2753 1756/447/2753 1771/462/2753
f 1771/462/2753 1772/463/2754 1757/448/2753
f 1772/463/2755 1773/464/2755 1758/449/2755
f 1758/449/2755 1757/448/2756 1772/463/2755
f 1774/465/2757 1759/450/2758 1758/449/2757
f 1758/449/2757 1773/464/2757 1774/465/2757
f 1775/466/2759 1760/451/2760 1759/450/2759
f 1759/450/2759 1774/465/2760 1775/466/2759
f 1761/452/2761 1760/451/2761 1775/466/2761
f 1775/466/2761 1776/467/2761 1761/452/2761
f 1777/468/2762 1762/453/2762 1761/452/2762
f 1761/452/2762 1776/467/2762 1777/468/2762
f 1764/455/2763 1778/470/2763 1779/469/2763
f 1779/469/2763 1763/454/2763 1764/455/2763
f 1765/456/2764 1763/454/2764 1779/469/2764
f 1779/469/2764 1780/471/2764 1765/456/2764
f 1766/457/2765 1765/456/2765 1780/471/2765
f 1780/471/2765 1781/472/2765 1766/457/2765
f 1782/473/2766 1767/458/2766 1766/457/2766
f 1766/457/2766 1781/472/2766 1782/473/2766
f 1768/459/2767 1767/458/2767 1782/473/2767
f 1782/473/2767 1783/474/2767 1768/459/2767
f 1769/460/2768 1768/459/2768 1783/474/2768
f 1783/474/2768 1784/475/2768 1769/460/2768
f 1785/476/2769 1770/461/2769 1769/460/2770
f 1769/460/2770 1784/475/2770 1785/476/2769
f 1771/462/2771 1770/461/2772 1785/476/2771
f 1785/476/2771 1786/477/2773 1771/462/2771
f 1772/463/2774 1771/462/2775 1786/477/2774
f 1786/477/2774 1787/478/2774 1772/463/2774
f 1772/463/2776 1787/478/2776 1788/479/2776
f 1788/479/2776 1773/464/2776 1772/463/2776
f 1774/465/2777 1773/464/2777 1788/479/2778
f 1788/479/2778 1789/480/2777 1774/465/2777
f 1775/466/2779 1774/465/2779 1789/480/2779
f 1789/480/2779 1790/481/2779 1775/466/2779
f 1790/481/2780 1791/482/2780 1776/467/2780
f 1776/467/2780 1775/466/2780 1790/481/2780
f 1792/483/2781 1777/468/2781 1776/467/2781
f 1776/467/2781 1791/482/2781 1792/483/2781
f 1779/469/2782 1778/470/2782 1793/485/2782
f 1793/485/2782 1794/484/2782 1779/469/2782
f 1795/486/2783 1780/471/2784 1779/469/2784
f 1779/469/2784 1794/484/2785 1795/486/2783
f 1796/487/2786 1781/472/2786 1780/471/2786
f 1780/471/2786 1795/486/2786 1796/487/2786
f 1781/472/2787 1796/487/2787 1797/488/2787
f 1797/488/2787 1782/473/2787 1781/472/2787
f 1783/474/2788 1782/473/2788 1797/488/2788
f 1797/488/2788 1798/489/2789 1783/474/2788
f 1784/475/2790 1783/474/2790 1798/489/2790
f 1798/489/2790 1799/490/2791 1784/475/2790
f 1785/476/2792 1784/475/2793 1799/490/2794
f 1799/490/2794 1800/491/2795 1785/476/2792
f 1786/477/2796 1785/476/2796 1800/491/2796
f 1800/491/2796 1801/492/2796 1786/477/2796
f 1787/478/2797 1786/477/2797 1801/492/2797
f 1801/492/2797 1802/493/2797 1787/478/2797
f 1788/479/2798 1787/478/2798 1802/493/2798
f 1802/493/2798 1803/494/2798 1788/479/2798
f 1789/480/2799 1788/479/2800 1803/494/2801
f 1803/494/2801 1804/495/2799 1789/480/2799
f 1790/481/2802 1789/480/2802 1804/495/2802
f 1804/495/2802 1805/496/2802 1790/481/2802
f 1790/481/2803 1805/496/2803 1806/497/2803
f 1806/497/2803 1791/482/2803 1790/481/2803
f 1807/498/2804 1792/483/2804 1791/482/2805
f 1791/482/2805 1806/497/2804 1807/498/2804
f 1808/499/2806 1794/484/2806 1793/485/2807
f 1793/485/2807 1809/500/2807 1808/499/2806
f 1795/486/2808 1794/484/2809 1808/499/2810
f 1808/499/2810 1810/501/2811 1795/486/2808
f 1796/487/2812 1795/486/2813 1810/501/2814
f 1810/501/2814 1811/502/2815 1796/487/2812
f 1797/488/2816 1796/487/2816 1811/502/2816
f 1811/502/2816 1812/503/2816 1797/488/2816
f 1798/489/2817 1797/488/2817 1812/503/2818
f 1812/503/2818 1813/504/2817 1798/489/2817
f 1799/490/2819 1798/489/2819 1813/504/2820
f 1813/504/2820 1814/505/2819 1799/490/2819
f 1815/506/2821 1800/491/2822 1799/490/2822
f 1799/490/2822 1814/505/2821 1815/506/2821
f 1801/492/2823 1800/491/2824 1815/506/2824
f 1815/506/2824 1816/507/2823 1801/492/2823
f 1802/493/2825 1801/492/2825 1816/507/2826
f 1816/507/2826 1817/508/2827 1802/493/2825
f 1818/509/2828 1803/494/2829 1802/493/2830
f 1802/493/2830 1817/508/2831 1818/509/2828
f 1819/510/2832 1804/495/2832 1803/494/2833
f 1803/494/2833 1818/509/2832 1819/510/2832
f 1820/511/2834 1805/496/2834 1804/495/2835
f 1804/495/2835 1819/510/2836 1820/511/2834
f 1821/512/2837 1806/497/2837 1805/496/2837
f 1805/496/2837 1820/511/2837 1821/512/2837
f 1806/497/2838 1821/512/2838 1822/513/2838
f 1822/513/2838 1807/498/2838 1806/497/2838
f 1809/500/2839 1823/515/2839 1824/514/2839
f 1824/514/2839 1808/499/2839 1809/500/2839
f 1810/501/2840 1808/499/2841 1824/514/2840
f 1824/514/2840 1825/516/2840 1810/501/2840
f 1811/502/2842 1810/501/2842 1825/516/2842
f 1825/516/2842 1826/517/2842 1811/502/2842
f 1812/503/2843 1811/502/2843 1826/517/2843
f 1826/517/2843 1827/518/2843 1812/503/2843
f 1813/504/2844 1812/503/2844 1827/518/2844
f 1827/518/2844 1828/519/2844 1813/504/2844
f 1814/505/2845 1813/504/2846 1828/519/2845
f 1828/519/2845 1829/520/2846 1814/505/2845
f 1815/506/2847 1814/505/2847 1829/520/2847
f 1829/520/2847 1830/521/2847 1815/506/2847
f 1816/507/2848 1815/506/2849 1830/521/2850
f 1830/521/2850 1831/522/2851 1816/507/2848
f 1817/508/2852 1816/507/2853 1831/522/2854
f 1831/522/2854 1832/523/2855 1817/508/2852
f 1817/508/2856 1832/523/2857 1833/524/2858
f 1833/524/2858 1818/509/2856 1817/508/2856
f 1834/525/2859 1819/510/2860 1818/509/2859
f 1818/509/2859 1833/524/2859 1834/525/2859
f 1835/526/2861 1820/511/2862 1819/510/2863
f 1819/510/2863 1834/525/2863 1835/526/2861
f 1836/527/2864 1821/512/2864 1820/511/2864
f 1820/511/2864 1835/526/2864 1836/527/2864
f 1822/513/2865 1821/512/2865 1836/527/2866
f 1836/527/2866 1837/528/2867 1822/513/2865
f 1824/514/2868 1823/515/2868 1838/530/2869
f 1838/530/2869 1839/529/2868 1824/514/2868
f 1825/516/2870 1824/514/2870 1839/529/2870
f 1839/529/2870 1840/531/2870 1825/516/2870
f 1826/517/2871 1825/516/2871 1840/531/2871
f 1840/531/2871 1841/532/2871 1826/517/2871
f 1842/533/2872 1827/518/2873 1826/517/2873
f 1826/517/2873 1841/532/2874 1842/533/2872
f 1828/519/2875 1827/518/2875 1842/533/2875
f 1842/533/2875 1843/534/2875 1828/519/2875
f 1829/520/2876 1828/519/2876 1843/534/2876
f 1843/534/2876 1844/535/2876 1829/520/2876
f 1845/536/2877 1830/521/2877 1829/520/2877
f 1829/520/2877 1844/535/2877 1845/536/2877
f 1846/537/2878 1831/522/2878 1830/521/2878
f 1830/521/2878 1845/536/2878 1846/537/2878
f 1847/538/2879 1832/523/2880 1831/522/2880
f 1831/522/2880 1846/537/2879 1847/538/2879
f 1848/539/2881 1833/524/2881 1832/523/2882
f 1832/523/2882 1847/538/2883 1848/539/2881
f 1833/524/2884 1848/539/2884 1849/540/2884
f 1849/540/2884 1834/525/2884 1833/524/2884
f 1834/525/2885 1849/540/2885 1850/541/2885
f 1850/541/2885 1835/526/2885 1834/525/2885
f 1835/526/2886 1850/541/2886 1851/542/2886
f 1851/542/2886 1836/527/2886 1835/526/2886
f 1837/528/2887 1836/527/2887 1851/542/2888
f 1851/542/2888 1852/543/2888 1837/528/2887
f 1839/529/2889 1838/530/2889 1853/544/2889
f 1853/544/2889 1854/545/2889 1839/529/2889
f 1840/531/2890 1839/529/2890 1854/545/2890
f 1854/545/2890 1855/546/2890 1840/531/2890
f 1841/532/2891 1840/531/2891 1855/546/2891
f 1855/546/2891 1856/547/2891 1841/532/2891
f 1842/533/2892 1841/532/2892 1856/547/2892
f 1856/547/2892 1857/548/2892 1842/533/2892
f 1843/534/2893 1842/533/2893 1857/548/2893
f 1857/548/2893 1858/549/2893 1843/534/2893
f 1844/535/2894 1843/534/2894 1858/549/2895
f 1858/549/2895 1859/550/2896 1844/535/2894
f 1844/535/2897 1859/550/2898 1860/551/2898
f 1860/551/2898 1845/536/2897 1844/535/2897
f 1861/552/2899 1846/537/2900 1845/536/2899
f 1845/536/2899 1860/551/2901 1861/552/2899
f 1862/553/2902 1847/538/2903 1846/537/2903
f 1846/537/2903 1861/552/2904 1862/553/2902
f 1863/554/2905 1848/539/2906 1847/538/2905
f 1847/538/2905 1862/553/2905 1863/554/2905
f 1849/540/2907 1848/539/2907 1863/554/2907
f 1863/554/2907 1864/555/2907 1849/540/2907
f 1850/541/2908 1849/540/2908 1864/555/2908
f 1864/555/2908 1865/556/2908 1850/541/2908
f 1851/542/2909 1850/541/2910 1865/556/2909
f 1865/556/2909 1866/557/2909 1851/542/2909
f 1852/543/2911 1851/542/2911 1866/557/2911
f 1866/557/2911 1867/558/2911 1852/543/2911
f 1868/560/2912 1854/545/2912 1853/544/2913
f 1853/544/2913 1869/559/2913 1868/560/2912
f 1855/546/2914 1854/545/2914 1868/560/2914
f 1868/560/2914 1870/561/2914 1855/546/2914
f 1856/547/2915 1855/546/2915 1870/561/2915
f 1870/561/2915 1871/562/2915 1856/547/2915
f 1872/563/2916 1857/548/2916 1856/547/2916
f 1856/547/2916 1871/562/2916 1872/563/2916
f 1873/564/2917 1858/549/2917 1857/548/2917
f 1857/548/2917 1872/563/2917 1873/564/2917
f 1874/565/2918 1859/550/2918 1858/549/2918
f 1858/549/2918 1873/564/2918 1874/565/2918
f 1875/566/2919 1860/551/2920 1859/550/2921
f 1859/550/2921 1874/565/2922 1875/566/2919
f 1860/551/2923 1875/566/2924 1876/567/2924
f 1876/567/2924 1861/552/2924 1860/551/2923
f 1861/552/2925 1876/567/2926 1877/568/2927
f 1877/568/2927 1862/553/2928 1861/552/2925
f 1862/553/2929 1877/568/2929 1878/569/2929
f 1878/569/2929 1863/554/2929 1862/553/2929
f 1864/555/2930 1863/554/2930 1878/569/2930
f 1878/569/2930 1879/570/2930 1864/555/2930
f 1865/556/2931 1864/555/2931 1879/570/2931
f 1879/570/2931 1880/571/2931 1865/556/2931
f 1866/557/2932 1865/556/2932 1880/571/2932
f 1880/571/2932 1881/572/2932 1866/557/2932
f 1867/558/2933 1866/557/2933 1881/572/2933
f 1881/572/2933 1882/573/2933 1867/558/2933
f 1868/560/2934 1869/559/2934 1883/574/2934
f 1883/574/2934 1884/575/2934 1868/560/2934
f 1870/561/2935 1868/560/2935 1884/575/2935
f 1884/575/2935 1885/576/2935 1870/561/2935
f 1871/562/2936 1870/561/2936 1885/576/2936
f 1885/576/2936 1886/577/2936 1871/562/2936
f 1871/562/2937 1886/577/2937 1887/578/2937
f 1887/578/2937 1872/563/2937 1871/562/2937
f 1888/579/2938 1873/564/2938 1872/563/2938
f 1872/563/2938 1887/578/2938 1888/579/2938
f 1889/580/2939 1874/565/2939 1873/564/2939
f 1873/564/2939 1888/579/2939 1889/580/2939
f 1890/581/2940 1875/566/2940 1874/565/2940
f 1874/565/2940 1889/580/2940 1890/581/2940
f 1876/567/2941 1875/566/2942 1890/581/2943
f 1890/581/2943 1891/582/2944 1876/567/2941
f 1877/568/2945 1876/567/2945 1891/582/2945
f 1891/582/2945 1892/583/2945 1877/568/2945
f 1878/569/2946 1877/568/2946 1892/583/2946
f 1892/583/2946 1893/584/2946 1878/569/2946
f 1879/570/2947 1878/569/2947 1893/584/2947
f 1893/584/2947 1894/585/2947 1879/570/2947
f 1880/571/2948 1879/570/2948 1894/585/2948
f 1894/585/2948 1895/586/2948 1880/571/2948
f 1896/587/2949 1881/572/2949 1880/571/2949
f 1880/571/2949 1895/586/2949 1896/587/2949
f 1882/573/2950 1881/572/2950 1896/587/2950
f 1896/587/2950 1897/588/2950 1882/573/2950
f 1898/590/2951 1884/575/2951 1883/574/2951
f 1883/574/2951 1899/589/2951 1898/590/2951
f 1900/591/2952 1885/576/2952 1884/575/2952
f 1884/575/2952 1898/590/2952 1900/591/2952
f 1901/592/2953 1886/577/2953 1885/576/2953
f 1885/576/2953 1900/591/2953 1901/592/2953
f 1902/593/2954 1887/578/2954 1886/577/2954
f 1886/577/2954 1901/592/2954 1902/593/2954
f 1887/578/2955 1902/593/2955 1903/594/2955
f 1903/594/2955 1888/579/2955 1887/578/2955
f 1888/579/2956 1903/594/2956 1904/595/2956
f 1904/595/2956 1889/580/2956 1888/579/2956
f 1889/580/2957 1904/595/2958 1905/596/2959
f 1905/596/2959 1890/581/2960 1889/580/2957
f 1891/582/2961 1890/581/2962 1905/596/2963
f 1905/596/2963 1906/597/2964 1891/582/2961
f 1892/583/2965 1891/582/2966 1906/597/2967
f 1906/597/2967 1907/598/2966 1892/583/2965
f 1893/584/2968 1892/583/2968 1907/598/2968
f 1907/598/2968 1908/599/2968 1893/584/2968
f 1894/585/2969 1893/584/2969 1908/599/2969
f 1908/599/2969 1909/600/2969 1894/585/2969
f 1895/586/2970 1894/585/2970 1909/600/2970
f 1909/600/2970 1910/601/2970 1895/586/2970
f 1896/587/2971 1895/586/2971 1910/601/2971
f 1910/601/2971 1911/602/2971 1896/587/2971
f 1897/588/2972 1896/587/2973 1911/602/2972
f 1911/602/2972 1912/603/2972 1897/588/2972
f 1899/589/2974 1913/604/2974 1914/605/2974
f 1914/605/2974 1898/590/2974 1899/589/2974
f 1915/606/2975 1900/591/2975 1898/590/2975
f 1898/590/2975 1914/605/2975 1915/606/2975
f 1916/607/2976 1901/592/2976 1900/591/2976
f 1900/591/2976 1915/606/2976 1916/607/2976
f 1916/607/2977 1917/608/2977 1902/593/2977
f 1902/593/2977 1901/592/2977 1916/607/2977
f 1918/609/2978 1903/594/2978 1902/593/2978
f 1902/593/2978 1917/608/2978 1918/609/2978
f 1919/610/2979 1904/595/2980 1903/594/2981
f 1903/594/2981 1918/609/2982 1919/610/2979
f 1905/596/2983 1904/595/2984 1919/610/2985
f 1919/610/2985 1920/611/2986 1905/596/2983
f 1921/612/2987 1906/597/2988 1905/596/2989
f 1905/596/2989 1920/611/2988 1921/612/2987
f 1922/613/2990 1907/598/2990 1906/597/2990
f 1906/597/2990 1921/612/2991 1922/613/2990
f 1923/614/2992 1908/599/2992 1907/598/2992
f 1907/598/2992 1922/613/2992 1923/614/2992
f 1924/615/2993 1909/600/2994 1908/599/2993
f 1908/599/2993 1923/614/2994 1924/615/2993
f 1925/616/2995 1910/601/2995 1909/600/2995
f 1909/600/2995 1924/615/2995 1925/616/2995
f 1926/617/2996 1911/602/2996 1910/601/2996
f 1910/601/2996 1925/616/2997 1926/617/2996
f 1927/618/2998 1912/603/2998 1911/602/2998
f 1911/602/2998 1926/617/2998 1927/618/2998
f 1928/620/2999 1471/619/2999 1470/621/2999
f 1470/621/2999 1706/397/2999 1928/620/2999
f 1705/394/3000 1929/622/3000 1928/620/3000
f 1928/620/3000 1706/397/3000 1705/394/3000
f 1708/398/3001 1930/623/3001 1929/622/3001
f 1929/622/3001 1705/394/3001 1708/398/3001
f 1930/623/3002 1708/398/3002 1710/400/3003
f 1710/400/3003 1931/624/3003 1930/623/3002
f 1711/402/3004 1932/625/3005 1931/624/3006
f 1931/624/3006 1710/400/3007 1711/402/3004
f 1714/404/3008 1933/626/3009 1932/625/3008
f 1932/625/3008 1711/402/3010 1714/404/3008
f 1933/626/3011 1714/404/3012 1716/406/3013
f 1716/406/3013 1934/627/3014 1933/626/3011
f 1935/628/3015 1934/627/3016 1716/406/3015
f 1716/406/3015 1718/408/3015 1935/628/3015
f 1936/629/3017 1935/628/3018 1718/408/3019
f 1718/408/3019 1719/410/3020 1936/629/3017
f 1936/629/3021 1719/410/3022 1721/412/3021
f 1721/412/3021 1937/630/3021 1936/629/3021
f 1724/414/3023 1938/631/3024 1937/630/3025
f 1937/630/3025 1721/412/3026 1724/414/3023
f 1939/632/3027 1938/631/3027 1724/414/3027
f 1724/414/3027 1725/416/3027 1939/632/3027
f 1727/418/3028 1940/633/3029 1939/632/3029
f 1939/632/3029 1725/416/3029 1727/418/3028
f 1730/420/3030 1941/634/3031 1940/633/3030
f 1940/633/3030 1727/418/3030 1730/420/3030
f 1942/635/3032 1941/634/3032 1730/420/3032
f 1730/420/3032 1731/422/3032 1942/635/3032
f 1943/636/3033 1944/637/3033 1942/635/3033
f 1942/635/3033 1731/422/3033 1943/636/3033
f 1943/636/3034 1731/422/3034 1732/423/3034
f 1732/423/3034 1945/638/3034 1943/636/3034
f 1945/638/3035 1732/423/3035 1747/438/3035
f 1747/438/3035 1946/639/3035 1945/638/3035
f 1946/639/3036 1747/438/3036 1762/453/3036
f 1762/453/3036 1947/640/3036 1946/639/3036
f 1948/641/3037 1947/640/3037 1762/453/3037
f 1762/453/3037 1777/468/3037 1948/641/3037
f 1949/642/3038 1948/641/3038 1777/468/3038
f 1777/468/3038 1792/483/3038 1949/642/3038
f 1807/498/3039 1950/643/3039 1949/642/3039
f 1949/642/3039 1792/483/3039 1807/498/3039
f 1822/513/3040 1951/644/3040 1950/643/3040
f 1950/643/3040 1807/498/3040 1822/513/3040
f 1837/528/3041 1952/645/3042 1951/644/3043
f 1951/644/3043 1822/513/3041 1837/528/3041
f 1837/528/3044 1852/543/3044 1953/646/3044
f 1953/646/3044 1952/645/3044 1837/528/3044
f 1867/558/3045 1954/647/3045 1953/646/3045
f 1953/646/3045 1852/543/3045 1867/558/3045
f 1882/573/3046 1955/648/3046 1954/647/3046
f 1954/647/3046 1867/558/3046 1882/573/3046
f 1882/573/3047 1897/588/3047 1956/649/3047
f 1956/649/3047 1955/648/3047 1882/573/3047
f 1912/603/3048 1957/650/3048 1956/649/3048
f 1956/649/3048 1897/588/3048 1912/603/3048
f 1927/618/3049 1958/651/3049 1957/650/3049
f 1957/650/3049 1912/603/3050 1927/618/3049
f 1589/653/3051 1588/652/3051 1958/651/3051
f 1958/651/3051 1927/618/3051 1589/653/3051
f 1926/617/3052 1607/654/3052 1589/653/3052
f 1589/653/3052 1927/618/3052 1926/617/3052
f 1925/616/3053 1606/655/3053 1607/654/3053
f 1607/654/3053 1926/617/3053 1925/616/3053
f 1925/616/3054 1924/615/3055 1605/656/3056
f 1605/656/3056 1606/655/3055 1925/616/3054
f 1923/614/3057 1604/657/3057 1605/656/3057
f 1605/656/3057 1924/615/3057 1923/614/3057
f 1922/613/3058 1603/658/3059 1604/657/3060
f 1604/657/3060 1923/614/3061 1922/613/3058
f 1922/613/3062 1921/612/3062 1602/659/3063
f 1602/659/3063 1603/658/3062 1922/613/3062
f 1920/611/3064 1601/660/3064 1602/659/3065
f 1602/659/3065 1921/612/3065 1920/611/3064
f 1919/610/3066 1600/661/3066 1601/660/3067
f 1601/660/3067 1920/611/3066 1919/610/3066
f 1919/610/3068 1918/609/3069 1599/662/3068
f 1599/662/3068 1600/661/3069 1919/610/3068
f 1917/608/3070 1598/663/3071 1599/662/3071
f 1599/662/3071 1918/609/3072 1917/608/3070
f 1598/663/3073 1917/608/3073 1916/607/3074
f 1916/607/3074 1597/664/3073 1598/663/3073
f 1597/664/3075 1916/607/3075 1915/606/3075
f 1915/606/3075 1596/665/3075 1597/664/3075
f 1915/606/3076 1914/605/3076 1595/666/3076
f 1595/666/3076 1596/665/3076 1915/606/3076
f 1913/604/3077 1594/667/3077 1595/666/3077
f 1595/666/3077 1914/605/3077 1913/604/3077
f 1488/669/3078 1487/668/3078 1594/667/3078
f 1594/667/3078 1913/604/3078 1488/669/3078
f 1493/670/3079 1488/669/3080 1913/604/3079
f 1913/604/3079 1899/589/3079 1493/670/3079
f 1899/589/3081 1883/574/3081 1494/671/3082
f 1494/671/3082 1493/670/3081 1899/589/3081
f 1869/559/3083 1495/672/3083 1494/671/3083
f 1494/671/3083 1883/574/3083 1869/559/3083
f 1869/559/3084 1853/544/3084 1496/673/3084
f 1496/673/3084 1495/672/3084 1869/559/3084
f 1497/674/3085 1496/673/3085 1853/544/3085
f 1853/544/3085 1838/530/3085 1497/674/3085
f 1498/675/3086 1497/674/3086 1838/530/3087
f 1838/530/3087 1823/515/3086 1498/675/3086
f 1823/515/3088 1809/500/3088 1479/676/3088
f 1479/676/3088 1498/675/3088 1823/515/3088
f 1478/677/3089 1479/676/3089 1809/500/3089
f 1809/500/3089 1793/485/3089 1478/677/3089
f 1778/470/3090 1477/678/3090 1478/677/3090
f 1478/677/3090 1793/485/3090 1778/470/3090
f 1476/679/3091 1477/678/3091 1778/470/3092
f 1778/470/3092 1764/455/3093 1476/679/3091
f 1749/440/3094 1475/680/3094 1476/679/3094
f 1476/679/3094 1764/455/3094 1749/440/3094
f 1474/681/3095 1475/680/3095 1749/440/3095
f 1749/440/3095 1733/425/3095 1474/681/3095
f 1473/682/3096 1474/681/3096 1733/425/3096
f 1733/425/3096 1703/396/3096 1473/682/3096
f 1470/621/3097 1473/682/3098 1703/396/3098
f 1703/396/3098 1706/397/3098 1470/621/3097
f 1959/686/3099 1960/685/3099 1961/684/3099
f 1961/684/3099 1962/683/3099 1959/686/3099
f 1960/685/3100 1959/686/3101 1963/688/3100
f 1963/688/3100 1964/687/3100 1960/685/3100
f 1965/690/3102 1966/689/3102 1964/687/3102
f 1964/687/3102 1963/688/3103 1965/690/3102
f 1967/692/3104 1968/691/3104 1966/689/3104
f 1966/689/3104 1965/690/3104 1967/692/3104
f 1968/691/3105 1967/692/3105 1969/694/3105
f 1969/694/3105 1970/693/3105 1968/691/3105
f 1970/693/3106 1969/694/3106 1971/695/3106
f 1971/695/3106 1972/696/3106 1970/693/3106
f 1973/698/3107 1974/697/3108 1972/696/3107
f 1972/696/3107 1971/695/3107 1973/698/3107
f 1975/699/3109 1959/686/3109 1962/683/3109
f 1962/683/3109 1976/700/3109 1975/699/3109
f 1959/686/3110 1975/699/3110 1977/701/3110
f 1977/701/3110 1963/688/3110 1959/686/3110
f 1978/702/3111 1965/690/3111 1963/688/3111
f 1963/688/3111 1977/701/3111 1978/702/3111
f 1965/690/3112 1978/702/3112 1979/703/3112
f 1979/703/3112 1967/692/3112 1965/690/3112
f 1980/704/3113 1969/694/3113 1967/692/3113
f 1967/692/3113 1979/703/3113 1980/704/3113
f 1971/695/3114 1969/694/3114 1980/704/3114
f 1980/704/3114 1981/705/3114 1971/695/3114
f 1982/706/3115 1973/698/3116 1971/695/3116
f 1971/695/3116 1981/705/3116 1982/706/3115
f 1976/700/3117 1983/707/3117 1984/708/3117
f 1984/708/3117 1975/699/3117 1976/700/3117
f 1975/699/3118 1984/708/3118 1985/709/3119
f 1985/709/3119 1977/701/3118 1975/699/3118
f 1977/701/3120 1985/709/3120 1986/710/3120
f 1986/710/3120 1978/702/3120 1977/701/3120
f 1978/702/3121 1986/710/3121 1987/711/3121
f 1987/711/3121 1979/703/3121 1978/702/3121
f 1979/703/3122 1987/711/3122 1988/712/3122
f 1988/712/3122 1980/704/3122 1979/703/3122
f 1981/705/3123 1980/704/3123 1988/712/3123
f 1988/712/3123 1989/713/3123 1981/705/3123
f 1981/705/3124 1989/713/3124 1990/714/3124
f 1990/714/3124 1982/706/3124 1981/705/3124
f 1991/715/3125 1984/708/3125 1983/707/3125
f 1983/707/3125 1992/716/3125 1991/715/3125
f 1984/708/3126 1991/715/3126 1993/717/3126
f 1993/717/3126 1985/709/3126 1984/708/3126
f 1985/709/3127 1993/717/3127 1994/718/3127
f 1994/718/3127 1986/710/3127 1985/709/3127
f 1995/719/3128 1987/711/3128 1986/710/3128
f 1986/710/3128 1994/718/3128 1995/719/3128
f 1987/711/3129 1995/719/3129 1996/720/3129
f 1996/720/3129 1988/712/3130 1987/711/3129
f 1997/721/3131 1989/713/3131 1988/712/3131
f 1988/712/3131 1996/720/3131 1997/721/3131
f 1989/713/3132 1997/721/3132 1998/722/3132
f 1998/722/3132 1990/714/3132 1989/713/3132
f 1999/723/3133 1991/715/3134 1992/716/3135
f 1992/716/3135 2000/724/3136 1999/723/3133
f 1991/715/3137 1999/723/3138 2001/725/3138
f 2001/725/3138 1993/717/3138 1991/715/3137
f 2002/726/3139 1994/718/3139 1993/717/3139
f 1993/717/3139 2001/725/3139 2002/726/3139
f 2003/727/3140 1995/719/3140 1994/718/3140
f 1994/718/3140 2002/726/3140 2003/727/3140
f 1995/719/3141 2003/727/3141 2004/728/3141
f 2004/728/3141 1996/720/3141 1995/719/3141
f 1996/720/3142 2004/728/3142 2005/729/3142
f 2005/729/3142 1997/721/3142 1996/720/3142
f 1997/721/3143 2005/729/3143 2006/730/3144
f 2006/730/3144 1998/722/3145 1997/721/3143
f 2007/731/3146 1999/723/3133 2000/724/3136
f 2000/724/3136 2008/732/3147 2007/731/3146
f 1999/723/3148 2007/731/3148 2009/733/3148
f 2009/733/3148 2001/725/3148 1999/723/3148
f 2001/725/3149 2009/733/3149 2010/734/3149
f 2010/734/3149 2002/726/3149 2001/725/3149
f 2011/735/3150 2003/727/3150 2002/726/3150
f 2002/726/3150 2010/734/3150 2011/735/3150
f 2012/736/3151 2004/728/3151 2003/727/3151
f 2003/727/3151 2011/735/3151 2012/736/3151
f 2005/729/3152 2004/728/3152 2012/736/3152
f 2012/736/3152 2013/737/3152 2005/729/3152
f 2014/740/3153 2015/739/3153 2016/738/3153
f 2016/738/3153 2017/741/3153 2014/740/3153
f 2015/739/3154 2014/740/3154 2018/743/3154
f 2018/743/3154 2019/742/3155 2015/739/3154
f 2019/742/3156 2018/743/3156 2020/745/3156
f 2020/745/3156 2021/744/3156 2019/742/3156
f 2022/746/3157 2014/740/3157 2017/741/3157
f 2017/741/3157 2023/747/3158 2022/746/3157
f 2024/748/3159 2018/743/3160 2014/740/3160
f 2014/740/3160 2022/746/3159 2024/748/3159
f 2018/743/3161 2024/748/3161 2025/749/3161
f 2025/749/3161 2020/745/3161 2018/743/3161
f 2026/750/3162 2022/746/3162 2023/747/3162
f 2023/747/3162 2027/751/3163 2026/750/3162
f 2022/746/3164 2026/750/3164 2028/752/3164
f 2028/752/3164 2024/748/3164 2022/746/3164
f 2024/748/3165 2028/752/3166 2029/753/3167
f 2029/753/3167 2025/749/3168 2024/748/3165
f 2025/749/3169 2029/753/3170 2030/754/3169
f 2030/754/3169 2031/755/3169 2025/749/3169
f 2032/756/3171 2026/750/3171 2027/751/3171
f 2027/751/3171 2033/757/3171 2032/756/3171
f 2026/750/3172 2032/756/3172 2034/758/3172
f 2034/758/3172 2028/752/3172 2026/750/3172
f 2028/752/3173 2034/758/3173 2035/759/3173
f 2035/759/3173 2029/753/3173 2028/752/3173
f 2029/753/3174 2035/759/3175 2036/760/3176
f 2036/760/3176 2030/754/3176 2029/753/3174
f 2037/761/3177 2032/756/3177 2033/757/3177
f 2033/757/3177 2038/762/3177 2037/761/3177
f 2032/756/3178 2037/761/3178 2039/763/3178
f 2039/763/3178 2034/758/3178 2032/756/3178
f 2040/764/3179 2035/759/3180 2034/758/3179
f 2034/758/3179 2039/763/3180 2040/764/3179
f 2041/765/3181 2036/760/3182 2035/759/3182
f 2035/759/3182 2040/764/3183 2041/765/3181
f 2042/766/3184 2037/761/3184 2038/762/3185
f 2038/762/3185 2043/767/3184 2042/766/3184
f 2044/768/3186 2039/763/3187 2037/761/3186
f 2037/761/3186 2042/766/3188 2044/768/3186
f 2040/764/3189 2039/763/3189 2044/768/3189
f 2044/768/3189 2045/769/3190 2040/764/3189
f 2046/770/3191 2041/765/3191 2040/764/3191
f 2040/764/3191 2045/769/3191 2046/770/3191
f 2047/772/3192 2048/771/3192 2049/774/3193
f 2049/774/3193 2050/773/3192 2047/772/3192
f 2051/776/3194 2052/775/3194 2050/773/3194
f 2050/773/3194 2049/774/3194 2051/776/3194
f 2052/775/3195 2051/776/3195 2053/778/3195
f 2053/778/3195 2054/777/3195 2052/775/3195
f 2055/780/3196 2056/779/3196 2054/777/3196
f 2054/777/3196 2053/778/3196 2055/780/3196
f 2056/779/3197 2055/780/3197 2057/782/3197
f 2057/782/3197 2058/781/3197 2056/779/3197
f 2059/784/3198 2060/783/3198 2058/781/3198
f 2058/781/3198 2057/782/3198 2059/784/3198
f 2060/783/3199 2059/784/3199 2061/786/3199
f 2061/786/3199 2062/785/3199 2060/783/3199
f 2063/787/3200 2049/774/3200 2048/771/3200
f 2048/771/3200 2064/788/3200 2063/787/3200
f 2049/774/3201 2063/787/3201 2065/789/3201
f 2065/789/3201 2051/776/3201 2049/774/3201
f 2066/790/3202 2053/778/3202 2051/776/3202
f 2051/776/3202 2065/789/3203 2066/790/3202
f 2067/791/3204 2055/780/3205 2053/778/3205
f 2053/778/3205 2066/790/3204 2067/791/3204
f 2055/780/3206 2067/791/3206 2068/792/3206
f 2068/792/3206 2057/782/3206 2055/780/3206
f 2069/793/3207 2059/784/3207 2057/782/3207
f 2057/782/3207 2068/792/3207 2069/793/3207
f 2059/784/3208 2069/793/3208 2070/794/3208
f 2070/794/3208 2061/786/3208 2059/784/3208
f 2064/788/3209 2071/796/3210 2072/795/3211
f 2072/795/3211 2063/787/3209 2064/788/3209
f 2073/797/3212 2065/789/3212 2063/787/3212
f 2063/787/3212 2072/795/3212 2073/797/3212
f 2065/789/3213 2073/797/3213 2074/798/3213
f 2074/798/3213 2066/790/3213 2065/789/3213
f 2075/799/3214 2067/791/3215 2066/790/3214
f 2066/790/3214 2074/798/3214 2075/799/3214
f 2076/800/3216 2068/792/3217 2067/791/3216
f 2067/791/3216 2075/799/3216 2076/800/3216
f 2069/793/3218 2068/792/3218 2076/800/3219
f 2076/800/3219 2077/801/3220 2069/793/3218
f 2070/794/3221 2069/793/3221 2077/801/3221
f 2077/801/3221 2078/802/3221 2070/794/3221
f 2075/799/3222 2079/804/3223 2080/803/3222
f 2080/803/3222 2076/800/3222 2075/799/3222
f 2077/801/3224 2076/800/3224 2080/803/3224
f 2080/803/3224 2081/805/3224 2077/801/3224
f 2078/802/3225 2077/801/3226 2081/805/3226
f 2081/805/3226 2082/806/3225 2078/802/3225
f 2083/807/3227 2084/810/3227 2085/809/3227
f 2085/809/3227 2086/808/3227 2083/807/3227
f 2087/811/3228 2083/807/3229 2086/808/3230
f 2086/808/3230 2088/812/3229 2087/811/3228
f 2089/814/3231 2090/813/3232 2087/811/3232
f 2087/811/3232 2088/812/3232 2089/814/3231
f 2091/815/3233 2090/813/3234 2089/814/3234
f 2089/814/3234 2092/816/3234 2091/815/3233
f 2093/817/3235 2091/815/3235 2092/816/3235
f 2092/816/3235 2094/818/3235 2093/817/3235
f 2093/817/3236 2094/818/3236 2095/820/3236
f 2095/820/3236 2096/819/3236 2093/817/3236
f 2097/821/3237 2096/819/3238 2095/820/3238
f 2095/820/3238 2098/822/3239 2097/821/3237
f 2099/824/3240 2086/808/3240 2085/809/3240
f 2085/809/3240 2100/823/3240 2099/824/3240
f 2088/812/3241 2086/808/3241 2099/824/3241
f 2099/824/3241 2101/825/3241 2088/812/3241
f 2089/814/3242 2088/812/3242 2101/825/3243
f 2101/825/3243 2102/826/3242 2089/814/3242
f 2103/827/3244 2092/816/3244 2089/814/3244
f 2089/814/3244 2102/826/3245 2103/827/3244
f 2094/818/3246 2092/816/3246 2103/827/3246
f 2103/827/3246 2104/828/3246 2094/818/3246
f 2095/820/3247 2094/818/3247 2104/828/3247
f 2104/828/3247 2105/829/3247 2095/820/3247
f 2095/820/3248 2105/829/3248 2106/830/3249
f 2106/830/3249 2098/822/3248 2095/820/3248
f 2099/824/3250 2100/823/3250 2107/832/3250
f 2107/832/3250 2108/831/3250 2099/824/3250
f 2109/833/3251 2101/825/3251 2099/824/3251
f 2099/824/3251 2108/831/3251 2109/833/3251
f 2102/826/3252 2101/825/3252 2109/833/3252
f 2109/833/3252 2110/834/3252 2102/826/3252
f 2103/827/3253 2102/826/3253 2110/834/3253
f 2110/834/3253 2111/835/3253 2103/827/3253
f 2112/836/3254 2104/828/3254 2103/827/3254
f 2103/827/3254 2111/835/3254 2112/836/3254
f 2105/829/3255 2104/828/3255 2112/836/3255
f 2112/836/3255 2113/837/3255 2105/829/3255
f 2106/830/3256 2105/829/3256 2113/837/3256
f 2113/837/3256 2114/838/3256 2106/830/3256
f 2108/831/3257 2107/832/3257 2115/840/3257
f 2115/840/3257 2116/839/3257 2108/831/3257
f 2109/833/3258 2108/831/3258 2116/839/3258
f 2116/839/3258 2117/841/3258 2109/833/3258
f 2109/833/3259 2117/841/3259 2118/842/3259
f 2118/842/3259 2110/834/3259 2109/833/3259
f 2111/835/3260 2110/834/3260 2118/842/3260
f 2118/842/3260 2119/843/3260 2111/835/3260
f 2112/836/3261 2111/835/3261 2119/843/3261
f 2119/843/3261 2120/844/3261 2112/836/3261
f 2112/836/3262 2120/844/3263 2121/845/3262
f 2121/845/3262 2113/837/3263 2112/836/3262
f 2114/838/3264 2113/837/3265 2121/845/3266
f 2121/845/3266 2122/846/3265 2114/838/3264
f 2115/840/3267 2123/848/3267 2124/847/3267
f 2124/847/3267 2116/839/3267 2115/840/3267
f 2117/841/3268 2116/839/3268 2124/847/3268
f 2124/847/3268 2125/849/3268 2117/841/3268
f 2118/842/3269 2117/841/3269 2125/849/3269
f 2125/849/3269 2126/850/3269 2118/842/3269
f 2118/842/3270 2126/850/3270 2127/851/3270
f 2127/851/3270 2119/843/3271 2118/842/3270
f 2120/844/3272 2119/843/3272 2127/851/3272
f 2127/851/3272 2128/852/3272 2120/844/3272
f 2121/845/3273 2120/844/3274 2128/852/3275
f 2128/852/3275 2129/853/3273 2121/845/3273
f 2130/854/3276 2122/846/3276 2121/845/3276
f 2121/845/3276 2129/853/3276 2130/854/3276
f 2124/847/3277 2123/848/3277 2131/856/3277
f 2131/856/3277 2132/855/3277 2124/847/3277
f 2133/857/3278 2125/849/3278 2124/847/3278
f 2124/847/3278 2132/855/3278 2133/857/3278
f 2126/850/3279 2125/849/3279 2133/857/3279
f 2133/857/3279 2134/858/3279 2126/850/3279
f 2127/851/3280 2126/850/3280 2134/858/3280
f 2134/858/3280 2135/859/3280 2127/851/3280
f 2136/860/3281 2128/852/3281 2127/851/3282
f 2127/851/3282 2135/859/3283 2136/860/3281
f 2129/853/3284 2128/852/3284 2136/860/3284
f 2136/860/3284 2137/861/3284 2129/853/3284
f 2130/854/3285 2129/853/3285 2137/861/3285
f 2137/861/3285 2138/862/3286 2130/854/3285
f 1973/698/3287 2042/766/3287 2043/767/3287
f 2043/767/3287 1974/697/3287 1973/698/3287
f 1982/706/3288 2044/768/3289 2042/766/3288
f 2042/766/3288 1973/698/3288 1982/706/3288
f 2045/769/3290 2044/768/3291 1982/706/3291
f 1982/706/3291 1990/714/3291 2045/769/3290
f 1998/722/3292 2046/770/3292 2045/769/3292
f 2045/769/3292 1990/714/3292 1998/722/3292
f 2131/856/3293 2062/785/3293 2061/786/3293
f 2061/786/3293 2132/855/3293 2131/856/3293
f 2070/794/3294 2133/857/3295 2132/855/3295
f 2132/855/3295 2061/786/3296 2070/794/3294
f 2134/858/3297 2133/857/3298 2070/794/3298
f 2070/794/3298 2078/802/3298 2134/858/3297
f 2082/806/3299 2135/859/3299 2134/858/3299
f 2134/858/3299 2078/802/3299 2082/806/3299
f 2135/859/3300 2082/806/3300 2139/863/3300
f 2139/863/3300 2136/860/3300 2135/859/3300
f 2098/822/3239 2007/731/3146 2008/732/3147
f 2008/732/3147 2097/821/3237 2098/822/3239
f 2106/830/3301 2009/733/3301 2007/731/3301
f 2007/731/3301 2098/822/3301 2106/830/3301
f 2114/838/3302 2010/734/3302 2009/733/3302
f 2009/733/3302 2106/830/3302 2114/838/3302
f 2122/846/3303 2011/735/3303 2010/734/3303
f 2010/734/3303 2114/838/3303 2122/846/3303
f 2130/854/3304 2012/736/3304 2011/735/3304
f 2011/735/3304 2122/846/3304 2130/854/3304
f 2138/862/3305 2013/737/3305 2012/736/3305
f 2012/736/3305 2130/854/3305 2138/862/3305
f 2140/866/3306 2141/865/3306 2142/864/3306
f 2142/864/3306 1961/684/3306 2140/866/3306
f 1960/685/3307 2143/867/3307 2140/866/3307
f 2140/866/3307 1961/684/3307 1960/685/3307
f 1964/687/3308 2144/868/3308 2143/867/3308
f 2143/867/3308 1960/685/3308 1964/687/3308
f 1964/687/3309 1966/689/3309 2145/869/3309
f 2145/869/3309 2144/868/3309 1964/687/3309
f 1968/691/3310 2146/870/3311 2145/869/3310
f 2145/869/3310 1966/689/3310 1968/691/3310
f 1970/693/3312 2147/871/3312 2146/870/3312
f 2146/870/3312 1968/691/3312 1970/693/3312
f 1970/693/3313 1972/696/3313 2148/872/3313
f 2148/872/3313 2147/871/3313 1970/693/3313
f 1974/697/3314 2149/873/3314 2148/872/3314
f 2148/872/3314 1972/696/3314 1974/697/3314
f 2142/864/3315 2150/874/3315 1962/683/3315
f 1962/683/3315 1961/684/3315 2142/864/3315
f 1962/683/3316 2150/874/3316 2151/875/3316
f 2151/875/3316 1976/700/3316 1962/683/3316
f 2151/875/3317 2152/876/3317 1983/707/3317
f 1983/707/3317 1976/700/3317 2151/875/3317
f 1992/716/3318 1983/707/3318 2152/876/3318
f 2152/876/3318 2153/877/3318 1992/716/3318
f 2154/878/3319 2000/724/3320 1992/716/3321
f 1992/716/3321 2153/877/3321 2154/878/3319
f 2155/879/3322 2008/732/3323 2000/724/3320
f 2000/724/3320 2154/878/3319 2155/879/3322
f 2156/880/3324 2097/821/3325 2008/732/3323
f 2008/732/3323 2155/879/3322 2156/880/3324
f 1687/378/3326 1689/379/3327 2157/881/3326
f 2157/881/3326 2016/738/3327 1687/378/3326
f 2015/739/3328 1686/377/3328 1687/378/3328
f 1687/378/3328 2016/738/3328 2015/739/3328
f 2019/742/3329 1684/376/3329 1686/377/3329
f 1686/377/3329 2015/739/3329 2019/742/3329
f 2021/744/3330 1685/375/3330 1684/376/3331
f 1684/376/3331 2019/742/3330 2021/744/3330
f 2016/738/3332 2157/881/3332 2158/882/3332
f 2158/882/3332 2017/741/3333 2016/738/3332
f 2158/882/3334 2159/883/3334 2023/747/3335
f 2023/747/3335 2017/741/3334 2158/882/3334
f 2159/883/3336 2160/884/3336 2027/751/3336
f 2027/751/3336 2023/747/3336 2159/883/3336
f 2161/885/3337 2033/757/3337 2027/751/3337
f 2027/751/3337 2160/884/3337 2161/885/3337
f 2033/757/3338 2161/885/3338 2162/886/3338
f 2162/886/3338 2038/762/3338 2033/757/3338
f 2162/886/3339 2163/887/3339 2043/767/3339
f 2043/767/3339 2038/762/3339 2162/886/3339
f 2149/873/3340 1974/697/3340 2043/767/3340
f 2043/767/3340 2163/887/3340 2149/873/3340
f 2047/772/3341 1958/888/3342 1588/275/3342
f 1588/275/3342 1590/276/3342 2047/772/3341
f 2050/773/3343 1957/889/3344 1958/888/3343
f 1958/888/3343 2047/772/3343 2050/773/3343
f 2052/775/3345 1956/890/3345 1957/889/3345
f 1957/889/3345 2050/773/3345 2052/775/3345
f 2054/777/3346 1955/891/3346 1956/890/3346
f 1956/890/3346 2052/775/3346 2054/777/3346
f 2056/779/3347 1954/892/3347 1955/891/3347
f 1955/891/3347 2054/777/3347 2056/779/3347
f 2058/781/3348 1953/893/3348 1954/892/3348
f 1954/892/3348 2056/779/3348 2058/781/3348
f 2060/783/3349 1952/894/3349 1953/893/3349
f 1953/893/3349 2058/781/3349 2060/783/3349
f 2062/785/3350 1951/895/3351 1952/894/3351
f 1952/894/3351 2060/783/3350 2062/785/3350
f 2048/771/3352 2047/772/3352 1590/276/3352
f 1590/276/3352 1591/277/3352 2048/771/3352
f 2064/788/3353 2048/771/3353 1591/277/3353
f 1591/277/3353 1592/278/3353 2064/788/3353
f 2064/788/3354 1592/278/3354 1593/279/3354
f 1593/279/3354 2071/796/3354 2064/788/3354
f 1944/637/3355 1943/897/3356 2084/810/3356
f 2084/810/3356 2164/896/3356 1944/637/3355
f 2083/807/3357 2165/898/3358 2164/896/3359
f 2164/896/3359 2084/810/3357 2083/807/3357
f 2166/899/3360 2165/898/3360 2083/807/3360
f 2083/807/3360 2087/811/3360 2166/899/3360
f 2090/813/3361 2167/900/3361 2166/899/3361
f 2166/899/3361 2087/811/3361 2090/813/3361
f 2167/900/3362 2090/813/3363 2091/815/3363
f 2091/815/3363 2168/901/3363 2167/900/3362
f 2169/902/3364 2168/901/3365 2091/815/3365
f 2091/815/3365 2093/817/3366 2169/902/3364
f 2096/819/3367 2170/903/3368 2169/902/3364
f 2169/902/3364 2093/817/3366 2096/819/3367
f 2170/903/3368 2096/819/3367 2097/821/3325
f 2097/821/3325 2156/880/3324 2170/903/3368
f 2085/809/3369 2084/810/3369 1943/897/3369
f 1943/897/3369 1945/904/3369 2085/809/3369
f 2100/823/3370 2085/809/3370 1945/904/3370
f 1945/904/3370 1946/905/3370 2100/823/3370
f 1947/906/3371 2107/832/3371 2100/823/3371
f 2100/823/3371 1946/905/3371 1947/906/3371
f 1947/906/3372 1948/907/3372 2115/840/3372
f 2115/840/3372 2107/832/3372 1947/906/3372
f 1948/907/3373 1949/908/3373 2123/848/3373
f 2123/848/3373 2115/840/3373 1948/907/3373
f 2123/848/3374 1949/908/3374 1950/909/3374
f 1950/909/3374 2131/856/3374 2123/848/3374
f 2131/856/3375 1950/909/3375 1951/895/3375
f 1951/895/3375 2062/785/3375 2131/856/3375
f 2171/913/3376 2172/912/3376 2173/911/3376
f 2173/911/3376 2174/910/3376 2171/913/3376
f 2172/912/3377 2171/913/3377 2175/915/3377
f 2175/915/3377 2176/914/3377 2172/912/3377
f 2176/914/3378 2175/915/3378 2177/917/3378
f 2177/917/3378 2178/916/3378 2176/914/3378
f 2179/919/3379 2180/918/3379 2178/916/3379
f 2178/916/3379 2177/917/3379 2179/919/3379
f 2180/918/3380 2179/919/3380 2181/921/3380
f 2181/921/3380 2182/920/3380 2180/918/3380
f 2182/920/3381 2181/921/3381 2183/923/3381
f 2183/923/3381 2184/922/3382 2182/920/3381
f 2185/925/3383 2186/924/3383 2184/922/3383
f 2184/922/3383 2183/923/3383 2185/925/3383
f 2186/924/3384 2185/925/3384 2187/927/3385
f 2187/927/3385 2188/926/3386 2186/924/3384
f 2188/926/3387 2187/927/3388 2189/928/3389
f 2189/928/3389 2190/929/3390 2188/926/3387
f 2191/930/3391 2192/931/3391 2190/929/3392
f 2190/929/3392 2189/928/3393 2191/930/3391
f 2192/931/3394 2191/930/3395 2193/932/3396
f 2193/932/3396 2194/933/3395 2192/931/3394
f 2194/933/3397 2193/932/3397 2195/934/3397
f 2195/934/3397 2196/935/3397 2194/933/3397
f 2197/936/3398 2198/937/3398 2196/935/3398
f 2196/935/3398 2195/934/3398 2197/936/3398
f 2198/937/3399 2197/936/3399 2199/939/3399
f 2199/939/3399 2200/938/3399 2198/937/3399
f 2201/941/3400 2171/913/3400 2174/910/3400
f 2174/910/3400 2202/940/3400 2201/941/3400
f 2171/913/3401 2201/941/3401 2203/942/3401
f 2203/942/3401 2175/915/3401 2171/913/3401
f 2204/943/3402 2177/917/3402 2175/915/3402
f 2175/915/3402 2203/942/3402 2204/943/3402
f 2205/944/3403 2179/919/3403 2177/917/3403
f 2177/917/3403 2204/943/3403 2205/944/3403
f 2206/945/3404 2181/921/3404 2179/919/3404
f 2179/919/3404 2205/944/3404 2206/945/3404
f 2207/946/3405 2183/923/3405 2181/921/3405
f 2181/921/3405 2206/945/3405 2207/946/3405
f 2208/947/3406 2185/925/3407 2183/923/3408
f 2183/923/3408 2207/946/3409 2208/947/3406
f 2209/948/3410 2187/927/3411 2185/925/3412
f 2185/925/3412 2208/947/3410 2209/948/3410
f 2210/949/3413 2189/928/3414 2187/927/3415
f 2187/927/3415 2209/948/3415 2210/949/3413
f 2211/950/3416 2191/930/3416 2189/928/3416
f 2189/928/3416 2210/949/3416 2211/950/3416
f 2212/951/3417 2193/932/3417 2191/930/3417
f 2191/930/3417 2211/950/3417 2212/951/3417
f 2213/952/3418 2195/934/3418 2193/932/3418
f 2193/932/3418 2212/951/3418 2213/952/3418
f 2214/953/3419 2197/936/3419 2195/934/3419
f 2195/934/3419 2213/952/3419 2214/953/3419
f 2215/954/3420 2199/939/3420 2197/936/3421
f 2197/936/3421 2214/953/3420 2215/954/3420
f 2216/956/3422 2201/941/3422 2202/940/3422
f 2202/940/3422 2217/955/3422 2216/956/3422
f 2201/941/3423 2216/956/3423 2218/957/3423
f 2218/957/3423 2203/942/3423 2201/941/3423
f 2203/942/3424 2218/957/3424 2219/958/3424
f 2219/958/3424 2204/943/3424 2203/942/3424
f 2220/959/3425 2205/944/3425 2204/943/3425
f 2204/943/3425 2219/958/3426 2220/959/3425
f 2205/944/3427 2220/959/3427 2221/960/3427
f 2221/960/3427 2206/945/3427 2205/944/3427
f 2206/945/3428 2221/960/3429 2222/961/3429
f 2222/961/3429 2207/946/3430 2206/945/3428
f 2223/962/3431 2208/947/3431 2207/946/3431
f 2207/946/3431 2222/961/3431 2223/962/3431
f 2208/947/3432 2223/962/3432 2224/963/3433
f 2224/963/3433 2209/948/3434 2208/947/3432
f 2209/948/3435 2224/963/3436 2225/964/3436
f 2225/964/3436 2210/949/3436 2209/948/3435
f 2226/965/3437 2211/950/3437 2210/949/3437
f 2210/949/3437 2225/964/3437 2226/965/3437
f 2211/950/3438 2226/965/3438 2227/966/3438
f 2227/966/3438 2212/951/3438 2211/950/3438
f 2212/951/3439 2227/966/3439 2228/967/3439
f 2228/967/3439 2213/952/3439 2212/951/3439
f 2213/952/3440 2228/967/3440 2229/968/3440
f 2229/968/3440 2214/953/3440 2213/952/3440
f 2214/953/3441 2229/968/3441 2230/969/3441
f 2230/969/3441 2215/954/3441 2214/953/3441
f 2231/971/3442 2216/956/3442 2217/955/3442
f 2217/955/3442 2232/970/3442 2231/971/3442
f 2233/972/3443 2218/957/3443 2216/956/3443
f 2216/956/3443 2231/971/3443 2233/972/3443
f 2218/957/3444 2233/972/3444 2234/973/3444
f 2234/973/3444 2219/958/3444 2218/957/3444
f 2235/974/3445 2220/959/3446 2219/958/3446
f 2219/958/3446 2234/973/3446 2235/974/3445
f 2220/959/3447 2235/974/3447 2236/975/3447
f 2236/975/3447 2221/960/3447 2220/959/3447
f 2221/960/3448 2236/975/3448 2237/976/3448
f 2237/976/3448 2222/961/3448 2221/960/3448
f 2238/977/3449 2223/962/3450 2222/961/3449
f 2222/961/3449 2237/976/3451 2238/977/3449
f 2239/978/3452 2224/963/3452 2223/962/3452
f 2223/962/3452 2238/977/3452 2239/978/3452
f 2224/963/3453 2239/978/3454 2240/979/3455
f 2240/979/3455 2225/964/3453 2224/963/3453
f 2241/980/3456 2226/965/3456 2225/964/3456
f 2225/964/3456 2240/979/3456 2241/980/3456
f 2242/981/3457 2227/966/3458 2226/965/3458
f 2226/965/3458 2241/980/3458 2242/981/3457
f 2227/966/3459 2242/981/3459 2243/982/3459
f 2243/982/3459 2228/967/3459 2227/966/3459
f 2244/983/3460 2229/968/3460 2228/967/3460
f 2228/967/3460 2243/982/3460 2244/983/3460
f 2245/984/3461 2230/969/3461 2229/968/3461
f 2229/968/3461 2244/983/3461 2245/984/3461
f 2246/986/3462 2231/971/3462 2232/970/3462
f 2232/970/3462 2247/985/3462 2246/986/3462
f 2231/971/3463 2246/986/3463 2248/987/3463
f 2248/987/3463 2233/972/3463 2231/971/3463
f 2233/972/3464 2248/987/3464 2249/988/3464
f 2249/988/3464 2234/973/3464 2233/972/3464
f 2250/989/3465 2235/974/3466 2234/973/3466
f 2234/973/3466 2249/988/3466 2250/989/3465
f 2235/974/3467 2250/989/3467 2251/990/3468
f 2251/990/3468 2236/975/3467 2235/974/3467
f 2236/975/3469 2251/990/3469 2252/991/3469
f 2252/991/3469 2237/976/3469 2236/975/3469
f 2253/992/3470 2238/977/3471 2237/976/3471
f 2237/976/3471 2252/991/3471 2253/992/3470
f 2238/977/3472 2253/992/3473 2254/993/3472
f 2254/993/3472 2239/978/3474 2238/977/3472
f 2239/978/3475 2254/993/3476 2255/994/3475
f 2255/994/3475 2240/979/3477 2239/978/3475
f 2256/995/3478 2241/980/3478 2240/979/3478
f 2240/979/3478 2255/994/3479 2256/995/3478
f 2241/980/3480 2256/995/3481 2257/996/3481
f 2257/996/3481 2242/981/3481 2241/980/3480
f 2242/981/3482 2257/996/3482 2258/997/3482
f 2258/997/3482 2243/982/3482 2242/981/3482
f 2259/998/3483 2244/983/3483 2243/982/3483
f 2243/982/3483 2258/997/3483 2259/998/3483
f 2260/999/3484 2245/984/3485 2244/983/3484
f 2244/983/3484 2259/998/3484 2260/999/3484
f 2261/1001/3486 2246/986/3486 2247/985/3487
f 2247/985/3487 2262/1000/3486 2261/1001/3486
f 2246/986/3488 2261/1001/3488 2263/1002/3488
f 2263/1002/3488 2248/987/3489 2246/986/3488
f 2248/987/3490 2263/1002/3490 2264/1003/3490
f 2264/1003/3490 2249/988/3490 2248/987/3490
f 2265/1004/3491 2250/989/3491 2249/988/3491
f 2249/988/3491 2264/1003/3491 2265/1004/3491
f 2250/989/3492 2265/1004/3492 2266/1005/3492
f 2266/1005/3492 2251/990/3492 2250/989/3492
f 2251/990/3493 2266/1005/3493 2267/1006/3493
f 2267/1006/3493 2252/991/3494 2251/990/3493
f 2268/1007/3495 2253/992/3496 2252/991/3496
f 2252/991/3496 2267/1006/3496 2268/1007/3495
f 2253/992/3497 2268/1007/3498 2269/1008/3499
f 2269/1008/3499 2254/993/3499 2253/992/3497
f 2254/993/3500 2269/1008/3501 2270/1009/3502
f 2270/1009/3502 2255/994/3500 2254/993/3500
f 2271/1010/3503 2256/995/3503 2255/994/3503
f 2255/994/3503 2270/1009/3503 2271/1010/3503
f 2256/995/3504 2271/1010/3505 2272/1011/3506
f 2272/1011/3506 2257/996/3504 2256/995/3504
f 2257/996/3507 2272/1011/3507 2273/1012/3508
f 2273/1012/3508 2258/997/3507 2257/996/3507
f 2274/1013/3509 2259/998/3509 2258/997/3509
f 2258/997/3509 2273/1012/3509 2274/1013/3509
f 2275/1014/3510 2260/999/3511 2259/998/3511
f 2259/998/3511 2274/1013/3512 2275/1014/3510
f 2262/1000/3513 2276/1015/3514 2277/1016/3513
f 2277/1016/3513 2261/1001/3513 2262/1000/3513
f 2261/1001/3515 2277/1016/3515 2278/1017/3516
f 2278/1017/3516 2263/1002/3516 2261/1001/3515
f 2263/1002/3517 2278/1017/3517 2279/1018/3518
f 2279/1018/3518 2264/1003/3518 2263/1002/3517
f 2280/1019/3519 2265/1004/3519 2264/1003/3519
f 2264/1003/3519 2279/1018/3519 2280/1019/3519
f 2265/1004/3520 2280/1019/3521 2281/1020/3521
f 2281/1020/3521 2266/1005/3521 2265/1004/3520
f 2266/1005/3522 2281/1020/3523 2282/1021/3524
f 2282/1021/3524 2267/1006/3525 2266/1005/3522
f 2283/1022/3526 2268/1007/3527 2267/1006/3527
f 2267/1006/3527 2282/1021/3527 2283/1022/3526
f 2284/1023/3528 2269/1008/3529 2268/1007/3530
f 2268/1007/3530 2283/1022/3530 2284/1023/3528
f 2269/1008/3531 2284/1023/3532 2285/1024/3533
f 2285/1024/3533 2270/1009/3534 2269/1008/3531
f 2286/1025/3535 2271/1010/3535 2270/1009/3536
f 2270/1009/3536 2285/1024/3537 2286/1025/3535
f 2271/1010/3538 2286/1025/3538 2287/1026/3538
f 2287/1026/3538 2272/1011/3538 2271/1010/3538
f 2272/1011/3539 2287/1026/3539 2288/1027/3539
f 2288/1027/3539 2273/1012/3540 2272/1011/3539
f 2289/1028/3541 2274/1013/3541 2273/1012/3542
f 2273/1012/3542 2288/1027/3543 2289/1028/3541
f 2274/1013/3544 2289/1028/3544 2290/1029/3544
f 2290/1029/3544 2275/1014/3544 2274/1013/3544
f 2291/1031/3545 2277/1016/3545 2276/1015/3546
f 2276/1015/3546 2292/1030/3547 2291/1031/3545
f 2293/1032/3548 2278/1017/3549 2277/1016/3550
f 2277/1016/3550 2291/1031/3551 2293/1032/3548
f 2278/1017/3552 2293/1032/3553 2294/1033/3554
f 2294/1033/3554 2279/1018/3555 2278/1017/3552
f 2295/1034/3556 2280/1019/3556 2279/1018/3556
f 2279/1018/3556 2294/1033/3556 2295/1034/3556
f 2280/1019/3557 2295/1034/3558 2296/1035/3559
f 2296/1035/3559 2281/1020/3558 2280/1019/3557
f 2281/1020/3560 2296/1035/3561 2297/1036/3562
f 2297/1036/3562 2282/1021/3563 2281/1020/3560
f 2298/1037/3564 2283/1022/3565 2282/1021/3565
f 2282/1021/3565 2297/1036/3565 2298/1037/3564
f 2299/1038/3566 2284/1023/3567 2283/1022/3566
f 2283/1022/3566 2298/1037/3566 2299/1038/3566
f 2300/1039/3568 2285/1024/3568 2284/1023/3568
f 2284/1023/3568 2299/1038/3568 2300/1039/3568
f 2301/1040/3569 2286/1025/3570 2285/1024/3570
f 2285/1024/3570 2300/1039/3570 2301/1040/3569
f 2287/1026/3571 2286/1025/3571 2301/1040/3571
f 2301/1040/3571 2302/1041/3571 2287/1026/3571
f 2303/1042/3572 2288/1027/3572 2287/1026/3572
f 2287/1026/3572 2302/1041/3572 2303/1042/3572
f 2304/1043/3573 2289/1028/3574 2288/1027/3574
f 2288/1027/3574 2303/1042/3574 2304/1043/3573
f 2305/1044/3575 2290/1029/3576 2289/1028/3576
f 2289/1028/3576 2304/1043/3576 2305/1044/3575
f 2306/1046/3577 2291/1031/3578 2292/1030/3577
f 2292/1030/3577 2307/1045/3579 2306/1046/3577
f 2291/1031/3580 2306/1046/3580 2308/1047/3580
f 2308/1047/3580 2293/1032/3580 2291/1031/3580
f 2309/1048/3581 2294/1033/3581 2293/1032/3581
f 2293/1032/3581 2308/1047/3581 2309/1048/3581
f 2310/1049/3582 2295/1034/3582 2294/1033/3582
f 2294/1033/3582 2309/1048/3582 2310/1049/3582
f 2295/1034/3583 2310/1049/3583 2311/1050/3584
f 2311/1050/3584 2296/1035/3585 2295/1034/3583
f 2312/1051/3586 2297/1036/3587 2296/1035/3588
f 2296/1035/3588 2311/1050/3589 2312/1051/3586
f 2313/1052/3590 2298/1037/3591 2297/1036/3592
f 2297/1036/3592 2312/1051/3593 2313/1052/3590
f 2298/1037/3594 2313/1052/3594 2314/1053/3595
f 2314/1053/3595 2299/1038/3596 2298/1037/3594
f 2300/1039/3597 2299/1038/3597 2314/1053/3597
f 2314/1053/3597 2315/1054/3597 2300/1039/3597
f 2301/1040/3598 2300/1039/3598 2315/1054/3598
f 2315/1054/3598 2316/1055/3598 2301/1040/3598
f 2302/1041/3599 2301/1040/3599 2316/1055/3599
f 2316/1055/3599 2317/1056/3599 2302/1041/3599
f 2318/1057/3600 2303/1042/3601 2302/1041/3601
f 2302/1041/3601 2317/1056/3601 2318/1057/3600
f 2319/1058/3602 2304/1043/3602 2303/1042/3602
f 2303/1042/3602 2318/1057/3602 2319/1058/3602
f 2304/1043/3603 2319/1058/3603 2320/1059/3603
f 2320/1059/3603 2305/1044/3603 2304/1043/3603
f 2306/1046/3604 2307/1045/3604 2321/1060/3604
f 2321/1060/3604 2322/1061/3604 2306/1046/3604
f 2306/1046/3605 2322/1061/3605 2323/1062/3605
f 2323/1062/3605 2308/1047/3605 2306/1046/3605
f 2309/1048/3606 2308/1047/3606 2323/1062/3606
f 2323/1062/3606 2324/1063/3606 2309/1048/3606
f 2310/1049/3607 2309/1048/3607 2324/1063/3607
f 2324/1063/3607 2325/1064/3607 2310/1049/3607
f 2310/1049/3608 2325/1064/3609 2326/1065/3608
f 2326/1065/3608 2311/1050/3608 2310/1049/3608
f 2312/1051/3610 2311/1050/3610 2326/1065/3610
f 2326/1065/3610 2327/1066/3611 2312/1051/3610
f 2313/1052/3612 2312/1051/3612 2327/1066/3612
f 2327/1066/3612 2328/1067/3612 2313/1052/3612
f 2313/1052/3613 2328/1067/3614 2329/1068/3613
f 2329/1068/3613 2314/1053/3615 2313/1052/3613
f 2315/1054/3616 2314/1053/3617 2329/1068/3617
f 2329/1068/3617 2330/1069/3617 2315/1054/3616
f 2316/1055/3618 2315/1054/3618 2330/1069/3618
f 2330/1069/3618 2331/1070/3618 2316/1055/3618
f 2316/1055/3619 2331/1070/3619 2332/1071/3619
f 2332/1071/3619 2317/1056/3619 2316/1055/3619
f 2318/1057/3620 2317/1056/3620 2332/1071/3620
f 2332/1071/3620 2333/1072/3620 2318/1057/3620
f 2319/1058/3621 2318/1057/3621 2333/1072/3621
f 2333/1072/3621 2334/1073/3621 2319/1058/3621
f 2319/1058/3622 2334/1073/3622 2335/1074/3622
f 2335/1074/3622 2320/1059/3622 2319/1058/3622
f 2322/1061/3623 2321/1060/3623 2336/1075/3623
f 2336/1075/3623 2337/1076/3623 2322/1061/3623
f 2322/1061/3624 2337/1076/3624 2338/1077/3624
f 2338/1077/3624 2323/1062/3624 2322/1061/3624
f 2324/1063/3625 2323/1062/3626 2338/1077/3627
f 2338/1077/3627 2339/1078/3625 2324/1063/3625
f 2325/1064/3628 2324/1063/3628 2339/1078/3628
f 2339/1078/3628 2340/1079/3628 2325/1064/3628
f 2325/1064/3629 2340/1079/3629 2341/1080/3629
f 2341/1080/3629 2326/1065/3630 2325/1064/3629
f 2327/1066/3631 2326/1065/3631 2341/1080/3631
f 2341/1080/3631 2342/1081/3631 2327/1066/3631
f 2328/1067/3632 2327/1066/3632 2342/1081/3632
f 2342/1081/3632 2343/1082/3632 2328/1067/3632
f 2328/1067/3633 2343/1082/3633 2344/1083/3633
f 2344/1083/3633 2329/1068/3633 2328/1067/3633
f 2330/1069/3634 2329/1068/3634 2344/1083/3635
f 2344/1083/3635 2345/1084/3635 2330/1069/3634
f 2331/1070/3636 2330/1069/3636 2345/1084/3636
f 2345/1084/3636 2346/1085/3636 2331/1070/3636
f 2331/1070/3637 2346/1085/3637 2347/1086/3637
f 2347/1086/3637 2332/1071/3637 2331/1070/3637
f 2333/1072/3638 2332/1071/3638 2347/1086/3638
f 2347/1086/3638 2348/1087/3638 2333/1072/3638
f 2334/1073/3639 2333/1072/3639 2348/1087/3639
f 2348/1087/3639 2349/1088/3639 2334/1073/3639
f 2334/1073/3640 2349/1088/3640 2350/1089/3640
f 2350/1089/3640 2335/1074/3640 2334/1073/3640
f 2337/1076/3641 2336/1075/3641 2351/1090/3641
f 2351/1090/3641 2352/1091/3641 2337/1076/3641
f 2337/1076/3642 2352/1091/3642 2353/1092/3642
f 2353/1092/3642 2338/1077/3642 2337/1076/3642
f 2339/1078/3643 2338/1077/3644 2353/1092/3644
f 2353/1092/3644 2354/1093/3643 2339/1078/3643
f 2340/1079/3645 2339/1078/3645 2354/1093/3645
f 2354/1093/3645 2355/1094/3645 2340/1079/3645
f 2340/1079/3646 2355/1094/3646 2356/1095/3646
f 2356/1095/3646 2341/1080/3646 2340/1079/3646
f 2342/1081/3647 2341/1080/3648 2356/1095/3649
f 2356/1095/3649 2357/1096/3647 2342/1081/3647
f 2343/1082/3650 2342/1081/3651 2357/1096/3650
f 2357/1096/3650 2358/1097/3650 2343/1082/3650
f 2343/1082/3652 2358/1097/3653 2359/1098/3654
f 2359/1098/3654 2344/1083/3655 2343/1082/3652
f 2345/1084/3656 2344/1083/3656 2359/1098/3656
f 2359/1098/3656 2360/1099/3656 2345/1084/3656
f 2346/1085/3657 2345/1084/3657 2360/1099/3657
f 2360/1099/3657 2361/1100/3657 2346/1085/3657
f 2346/1085/3658 2361/1100/3658 2362/1101/3658
f 2362/1101/3658 2347/1086/3658 2346/1085/3658
f 2348/1087/3659 2347/1086/3659 2362/1101/3659
f 2362/1101/3659 2363/1102/3659 2348/1087/3659
f 2349/1088/3660 2348/1087/3660 2363/1102/3660
f 2363/1102/3660 2364/1103/3660 2349/1088/3660
f 2349/1088/3661 2364/1103/3661 2365/1104/3661
f 2365/1104/3661 2350/1089/3661 2349/1088/3661
f 2352/1091/3662 2351/1090/3662 2366/1105/3662
f 2366/1105/3662 2367/1106/3662 2352/1091/3662
f 2352/1091/3663 2367/1106/3663 2368/1107/3663
f 2368/1107/3663 2353/1092/3663 2352/1091/3663
f 2354/1093/3664 2353/1092/3664 2368/1107/3664
f 2368/1107/3664 2369/1108/3664 2354/1093/3664
f 2355/1094/3665 2354/1093/3665 2369/1108/3665
f 2369/1108/3665 2370/1109/3665 2355/1094/3665
f 2355/1094/3666 2370/1109/3666 2371/1110/3666
f 2371/1110/3666 2356/1095/3666 2355/1094/3666
f 2357/1096/3667 2356/1095/3667 2371/1110/3667
f 2371/1110/3667 2372/1111/3667 2357/1096/3667
f 2358/1097/3668 2357/1096/3669 2372/1111/3669
f 2372/1111/3669 2373/1112/3670 2358/1097/3668
f 2358/1097/3671 2373/1112/3672 2374/1113/3672
f 2374/1113/3672 2359/1098/3672 2358/1097/3671
f 2360/1099/3673 2359/1098/3674 2374/1113/3675
f 2374/1113/3675 2375/1114/3673 2360/1099/3673
f 2361/1100/3676 2360/1099/3676 2375/1114/3677
f 2375/1114/3677 2376/1115/3676 2361/1100/3676
f 2361/1100/3678 2376/1115/3678 2377/1116/3678
f 2377/1116/3678 2362/1101/3678 2361/1100/3678
f 2363/1102/3679 2362/1101/3679 2377/1116/3679
f 2377/1116/3679 2378/1117/3679 2363/1102/3679
f 2364/1103/3680 2363/1102/3680 2378/1117/3680
f 2378/1117/3680 2379/1118/3680 2364/1103/3680
f 2364/1103/3681 2379/1118/3681 2380/1119/3681
f 2380/1119/3681 2365/1104/3681 2364/1103/3681
f 2367/1106/3682 2366/1105/3682 2381/1120/3682
f 2381/1120/3682 2382/1121/3682 2367/1106/3682
f 2367/1106/3683 2382/1121/3683 2383/1122/3683
f 2383/1122/3683 2368/1107/3683 2367/1106/3683
f 2369/1108/3684 2368/1107/3684 2383/1122/3684
f 2383/1122/3684 2384/1123/3684 2369/1108/3684
f 2370/1109/3685 2369/1108/3685 2384/1123/3686
f 2384/1123/3686 2385/1124/3685 2370/1109/3685
f 2370/1109/3687 2385/1124/3688 2386/1125/3688
f 2386/1125/3688 2371/1110/3688 2370/1109/3687
f 2372/1111/3689 2371/1110/3689 2386/1125/3690
f 2386/1125/3690 2387/1126/3690 2372/1111/3689
f 2373/1112/3691 2372/1111/3692 2387/1126/3692
f 2387/1126/3692 2388/1127/3691 2373/1112/3691
f 2373/1112/3693 2388/1127/3694 2389/1128/3695
f 2389/1128/3695 2374/1113/3696 2373/1112/3693
f 2375/1114/3697 2374/1113/3697 2389/1128/3697
f 2389/1128/3697 2390/1129/3697 2375/1114/3697
f 2376/1115/3698 2375/1114/3698 2390/1129/3698
f 2390/1129/3698 2391/1130/3698 2376/1115/3698
f 2376/1115/3699 2391/1130/3700 2392/1131/3700
f 2392/1131/3700 2377/1116/3700 2376/1115/3699
f 2378/1117/3701 2377/1116/3701 2392/1131/3701
f 2392/1131/3701 2393/1132/3701 2378/1117/3701
f 2379/1118/3702 2378/1117/3702 2393/1132/3702
f 2393/1132/3702 2394/1133/3702 2379/1118/3702
f 2395/1134/3703 2380/1119/3703 2379/1118/3703
f 2379/1118/3703 2394/1133/3703 2395/1134/3703
f 2140/1136/3704 2173/911/3704 2396/1135/3704
f 2396/1135/3704 2141/865/3704 2140/1136/3704
f 2397/1137/3705 2396/1135/3705 2173/911/3705
f 2173/911/3705 2172/912/3705 2397/1137/3705
f 2398/1138/3706 2397/1137/3706 2172/912/3706
f 2172/912/3706 2176/914/3706 2398/1138/3706
f 2398/1138/3707 2176/914/3707 2178/916/3707
f 2178/916/3707 2399/1139/3707 2398/1138/3707
f 2400/1140/3708 2399/1139/3708 2178/916/3708
f 2178/916/3708 2180/918/3708 2400/1140/3708
f 2401/1141/3709 2400/1140/3710 2180/918/3711
f 2180/918/3711 2182/920/3709 2401/1141/3709
f 2184/922/3712 2402/1142/3712 2401/1141/3713
f 2401/1141/3713 2182/920/3713 2184/922/3712
f 2402/1142/3714 2184/922/3715 2186/924/3716
f 2186/924/3716 2403/1143/3717 2402/1142/3714
f 2404/1144/3718 2403/1143/3719 2186/924/3720
f 2186/924/3720 2188/926/3719 2404/1144/3718
f 2190/929/3721 2405/1145/3722 2404/1144/3723
f 2404/1144/3723 2188/926/3724 2190/929/3721
f 2405/1145/3725 2190/929/3726 2192/931/3727
f 2192/931/3727 2406/1146/3728 2405/1145/3725
f 2194/933/3729 2407/1147/3730 2406/1146/3731
f 2406/1146/3731 2192/931/3732 2194/933/3729
f 2196/935/3733 2408/1148/3734 2407/1147/3735
f 2407/1147/3735 2194/933/3736 2196/935/3733
f 2408/1148/3737 2196/935/3738 2198/937/3737
f 2198/937/3737 2409/1149/3737 2408/1148/3737
f 2200/938/3739 2410/1150/3739 2409/1149/3739
f 2409/1149/3739 2198/937/3739 2200/938/3739
f 2410/1150/3740 2200/938/3740 1513/1151/3740
f 1513/1151/3740 1515/1152/3740 2410/1150/3740
f 1522/1153/3741 1513/1151/3741 2200/938/3741
f 2200/938/3741 2199/939/3741 1522/1153/3741
f 2215/954/3742 1523/1154/3742 1522/1153/3742
f 1522/1153/3742 2199/939/3743 2215/954/3742
f 2230/969/3744 1524/1155/3744 1523/1154/3744
f 1523/1154/3744 2215/954/3744 2230/969/3744
f 2245/984/3745 1525/1156/3746 1524/1155/3746
f 1524/1155/3746 2230/969/3746 2245/984/3745
f 1526/1157/3747 1525/1156/3747 2245/984/3747
f 2245/984/3747 2260/999/3747 1526/1157/3747
f 1527/1158/3748 1526/1157/3748 2260/999/3748
f 2260/999/3748 2275/1014/3748 1527/1158/3748
f 1508/1159/3749 1527/1158/3749 2275/1014/3749
f 2275/1014/3749 2290/1029/3749 1508/1159/3749
f 2305/1044/3750 1507/1160/3750 1508/1159/3750
f 1508/1159/3750 2290/1029/3750 2305/1044/3750
f 2320/1059/3751 1506/1161/3751 1507/1160/3751
f 1507/1160/3751 2305/1044/3751 2320/1059/3751
f 1506/1161/3752 2320/1059/3752 2335/1074/3752
f 2335/1074/3752 1505/1162/3752 1506/1161/3752
f 1505/1162/3753 2335/1074/3753 2350/1089/3753
f 2350/1089/3753 1504/1163/3753 1505/1162/3753
f 1503/1164/3754 1504/1163/3754 2350/1089/3754
f 2350/1089/3754 2365/1104/3754 1503/1164/3754
f 1502/1165/3755 1503/1164/3755 2365/1104/3755
f 2365/1104/3755 2380/1119/3755 1502/1165/3755
f 2395/1134/3756 1501/1166/3756 1502/1165/3756
f 1502/1165/3756 2380/1119/3756 2395/1134/3756
f 1683/1168/3757 1499/1167/3757 1501/1166/3757
f 1501/1166/3757 2395/1134/3757 1683/1168/3757
f 2394/1133/3758 1702/1169/3758 1683/1168/3758
f 1683/1168/3758 2395/1134/3758 2394/1133/3758
f 2394/1133/3759 2393/1132/3759 1701/1170/3759
f 1701/1170/3759 1702/1169/3759 2394/1133/3759
f 2393/1132/3760 2392/1131/3760 1700/1171/3760
f 1700/1171/3760 1701/1170/3760 2393/1132/3760
f 2391/1130/3761 1699/1172/3761 1700/1171/3761
f 1700/1171/3761 2392/1131/3761 2391/1130/3761
f 2391/1130/3762 2390/1129/3763 1698/1173/3764
f 1698/1173/3764 1699/1172/3763 2391/1130/3762
f 2390/1129/3765 2389/1128/3765 1697/1174/3765
f 1697/1174/3765 1698/1173/3766 2390/1129/3765
f 2388/1127/3767 1696/1175/3767 1697/1174/3768
f 1697/1174/3768 2389/1128/3768 2388/1127/3767
f 2388/1127/3769 2387/1126/3770 1695/1176/3770
f 1695/1176/3770 1696/1175/3770 2388/1127/3769
f 2387/1126/3771 2386/1125/3771 1694/1177/3772
f 1694/1177/3772 1695/1176/3771 2387/1126/3771
f 1694/1177/3773 2386/1125/3774 2385/1124/3774
f 2385/1124/3774 1693/1178/3774 1694/1177/3773
f 2384/1123/3775 1692/1179/3775 1693/1178/3775
f 1693/1178/3775 2385/1124/3775 2384/1123/3775
f 2383/1122/3776 1691/1180/3777 1692/1179/3776
f 1692/1179/3776 2384/1123/3776 2383/1122/3776
f 1691/1180/3778 2383/1122/3778 2382/1121/3778
f 2382/1121/3778 1690/1181/3778 1691/1180/3778
f 2381/1120/3779 1688/1182/3779 1690/1181/3779
f 1690/1181/3779 2382/1121/3779 2381/1120/3779
f 2157/1183/3780 1689/1184/3780 1688/1182/3780
f 1688/1182/3780 2381/1120/3780 2157/1183/3780
f 2157/1183/3781 2381/1120/3781 2366/1105/3781
f 2366/1105/3781 2158/1185/3781 2157/1183/3781
f 2159/1186/3782 2158/1185/3782 2366/1105/3782
f 2366/1105/3782 2351/1090/3782 2159/1186/3782
f 2159/1186/3783 2351/1090/3783 2336/1075/3783
f 2336/1075/3783 2160/1187/3783 2159/1186/3783
f 2336/1075/3784 2321/1060/3784 2161/1188/3784
f 2161/1188/3784 2160/1187/3784 2336/1075/3784
f 2161/1188/3785 2321/1060/3785 2307/1045/3785
f 2307/1045/3785 2162/1189/3785 2161/1188/3785
f 2292/1030/3786 2163/1190/3786 2162/1189/3786
f 2162/1189/3786 2307/1045/3786 2292/1030/3786
f 2149/1191/3787 2163/1190/3787 2292/1030/3787
f 2292/1030/3787 2276/1015/3787 2149/1191/3787
f 2148/1192/3788 2149/1191/3788 2276/1015/3789
f 2276/1015/3789 2262/1000/3788 2148/1192/3788
f 2148/1192/3790 2262/1000/3790 2247/985/3790
f 2247/985/3790 2147/1193/3790 2148/1192/3790
f 2247/985/3791 2232/970/3791 2146/1194/3791
f 2146/1194/3791 2147/1193/3791 2247/985/3791
f 2232/970/3792 2217/955/3792 2145/1195/3792
f 2145/1195/3792 2146/1194/3792 2232/970/3792
f 2202/940/3793 2144/1196/3793 2145/1195/3793
f 2145/1195/3793 2217/955/3793 2202/940/3793
f 2143/1197/3794 2144/1196/3794 2202/940/3794
f 2202/940/3794 2174/910/3794 2143/1197/3794
f 2173/911/3795 2140/1136/3795 2143/1197/3795
f 2143/1197/3795 2174/910/3795 2173/911/3795
f 2411/1201/3796 2412/1200/3796 2413/1199/3796
f 2413/1199/3796 2414/1198/3796 2411/1201/3796
f 2412/1200/3797 2411/1201/3798 2415/1202/3798
f 2415/1202/3798 2416/1203/3798 2412/1200/3797
f 2416/1203/3799 2415/1202/3799 2417/1205/3799
f 2417/1205/3799 2418/1204/3799 2416/1203/3799
f 2419/1207/3800 2420/1206/3800 2418/1204/3800
f 2418/1204/3800 2417/1205/3800 2419/1207/3800
f 2421/1209/3801 2422/1208/3802 2420/1206/3803
f 2420/1206/3803 2419/1207/3804 2421/1209/3801
f 2422/1208/3805 2421/1209/3805 2423/1211/3805
f 2423/1211/3805 2424/1210/3805 2422/1208/3805
f 2425/1213/3806 2426/1212/3807 2424/1210/3808
f 2424/1210/3808 2423/1211/3809 2425/1213/3806
f 2426/1212/3810 2425/1213/3810 2427/1215/3811
f 2427/1215/3811 2428/1214/3812 2426/1212/3810
f 2428/1214/3813 2427/1215/3814 2429/1217/3815
f 2429/1217/3815 2430/1216/3816 2428/1214/3813
f 2431/1219/3817 2432/1218/3818 2430/1216/3818
f 2430/1216/3818 2429/1217/3819 2431/1219/3817
f 2432/1218/3820 2431/1219/3821 2433/1220/3822
f 2433/1220/3822 2434/1221/3822 2432/1218/3820
f 2434/1221/3823 2433/1220/3823 2435/1223/3823
f 2435/1223/3823 2436/1222/3823 2434/1221/3823
f 2437/1225/3824 2438/1224/3824 2436/1222/3824
f 2436/1222/3824 2435/1223/3824 2437/1225/3824
f 2439/1227/3825 2440/1226/3825 2438/1224/3825
f 2438/1224/3825 2437/1225/3825 2439/1227/3825
f 2441/1229/3826 2411/1201/3826 2414/1198/3826
f 2414/1198/3826 2442/1228/3826 2441/1229/3826
f 2411/1201/3827 2441/1229/3827 2443/1230/3827
f 2443/1230/3827 2415/1202/3827 2411/1201/3827
f 2415/1202/3828 2443/1230/3828 2444/1231/3828
f 2444/1231/3828 2417/1205/3828 2415/1202/3828
f 2445/1232/3829 2419/1207/3829 2417/1205/3829
f 2417/1205/3829 2444/1231/3829 2445/1232/3829
f 2446/1233/3830 2421/1209/3830 2419/1207/3830
f 2419/1207/3830 2445/1232/3830 2446/1233/3830
f 2421/1209/3831 2446/1233/3831 2447/1234/3831
f 2447/1234/3831 2423/1211/3831 2421/1209/3831
f 2448/1235/3832 2425/1213/3833 2423/1211/3834
f 2423/1211/3834 2447/1234/3835 2448/1235/3832
f 2449/1236/3836 2427/1215/3837 2425/1213/3838
f 2425/1213/3838 2448/1235/3839 2449/1236/3836
f 2427/1215/3840 2449/1236/3841 2450/1237/3842
f 2450/1237/3842 2429/1217/3843 2427/1215/3840
f 2451/1238/3844 2431/1219/3845 2429/1217/3845
f 2429/1217/3845 2450/1237/3845 2451/1238/3844
f 2452/1239/3846 2433/1220/3846 2431/1219/3847
f 2431/1219/3847 2451/1238/3846 2452/1239/3846
f 2433/1220/3848 2452/1239/3849 2453/1240/3849
f 2453/1240/3849 2435/1223/3849 2433/1220/3848
f 2454/1241/3850 2437/1225/3850 2435/1223/3850
f 2435/1223/3850 2453/1240/3850 2454/1241/3850
f 2455/1242/3851 2439/1227/3851 2437/1225/3851
f 2437/1225/3851 2454/1241/3851 2455/1242/3851
f 2456/1244/3852 2441/1229/3852 2442/1228/3852
f 2442/1228/3852 2457/1243/3852 2456/1244/3852
f 2441/1229/3853 2456/1244/3854 2458/1245/3855
f 2458/1245/3855 2443/1230/3853 2441/1229/3853
f 2443/1230/3856 2458/1245/3857 2459/1246/3858
f 2459/1246/3858 2444/1231/3856 2443/1230/3856
f 2460/1247/3859 2445/1232/3860 2444/1231/3860
f 2444/1231/3860 2459/1246/3861 2460/1247/3859
f 2445/1232/3862 2460/1247/3863 2461/1248/3864
f 2461/1248/3864 2446/1233/3862 2445/1232/3862
f 2446/1233/3865 2461/1248/3866 2462/1249/3867
f 2462/1249/3867 2447/1234/3865 2446/1233/3865
f 2463/1250/3868 2448/1235/3869 2447/1234/3870
f 2447/1234/3870 2462/1249/3871 2463/1250/3868
f 2448/1235/3872 2463/1250/3873 2464/1251/3874
f 2464/1251/3874 2449/1236/3875 2448/1235/3872
f 2449/1236/3876 2464/1251/3877 2465/1252/3878
f 2465/1252/3878 2450/1237/3876 2449/1236/3876
f 2466/1253/3879 2451/1238/3880 2450/1237/3881
f 2450/1237/3881 2465/1252/3882 2466/1253/3879
f 2467/1254/3883 2452/1239/3884 2451/1238/3884
f 2451/1238/3884 2466/1253/3885 2467/1254/3883
f 2452/1239/3886 2467/1254/3887 2468/1255/3888
f 2468/1255/3888 2453/1240/3886 2452/1239/3886
f 2469/1256/3889 2454/1241/3890 2453/1240/3890
f 2453/1240/3890 2468/1255/3891 2469/1256/3889
f 2470/1257/3892 2455/1242/3892 2454/1241/3892
f 2454/1241/3892 2469/1256/3892 2470/1257/3892
f 2471/1259/3893 2456/1244/3894 2457/1243/3894
f 2457/1243/3894 2472/1258/3895 2471/1259/3893
f 2456/1244/3854 2471/1259/3896 2473/1260/3897
f 2473/1260/3897 2458/1245/3855 2456/1244/3854
f 2458/1245/3857 2473/1260/3898 2474/1261/3899
f 2474/1261/3899 2459/1246/3858 2458/1245/3857
f 2475/1262/3900 2460/1247/3859 2459/1246/3861
f 2459/1246/3861 2474/1261/3901 2475/1262/3900
f 2460/1247/3863 2475/1262/3902 2476/1263/3903
f 2476/1263/3903 2461/1248/3864 2460/1247/3863
f 2461/1248/3866 2476/1263/3904 2477/1264/3905
f 2477/1264/3905 2462/1249/3867 2461/1248/3866
f 2462/1249/3871 2477/1264/3906 2478/1265/3907
f 2478/1265/3907 2463/1250/3868 2462/1249/3871
f 2463/1250/3873 2478/1265/3908 2479/1266/3909
f 2479/1266/3909 2464/1251/3874 2463/1250/3873
f 2464/1251/3877 2479/1266/3910 2480/1267/3911
f 2480/1267/3911 2465/1252/3878 2464/1251/3877
f 2481/1268/3912 2466/1253/3879 2465/1252/3882
f 2465/1252/3882 2480/1267/3913 2481/1268/3912
f 2482/1269/3914 2467/1254/3883 2466/1253/3885
f 2466/1253/3885 2481/1268/3915 2482/1269/3914
f 2467/1254/3887 2482/1269/3916 2483/1270/3917
f 2483/1270/3917 2468/1255/3888 2467/1254/3887
f 2484/1271/3918 2469/1256/3889 2468/1255/3891
f 2468/1255/3891 2483/1270/3919 2484/1271/3918
f 2485/1272/3920 2470/1257/3921 2469/1256/3921
f 2469/1256/3921 2484/1271/3922 2485/1272/3920
f 2486/1274/3923 2471/1259/3893 2472/1258/3895
f 2472/1258/3895 2487/1273/3924 2486/1274/3923
f 2471/1259/3896 2486/1274/3925 2488/1275/3926
f 2488/1275/3926 2473/1260/3897 2471/1259/3896
f 2473/1260/3898 2488/1275/3927 2489/1276/3928
f 2489/1276/3928 2474/1261/3899 2473/1260/3898
f 2490/1277/3929 2475/1262/3900 2474/1261/3901
f 2474/1261/3901 2489/1276/3930 2490/1277/3929
f 2491/1278/3931 2476/1263/3903 2475/1262/3902
f 2475/1262/3902 2490/1277/3932 2491/1278/3931
f 2476/1263/3904 2491/1278/3933 2492/1279/3934
f 2492/1279/3934 2477/1264/3905 2476/1263/3904
f 2493/1280/3935 2478/1265/3907 2477/1264/3906
f 2477/1264/3906 2492/1279/3936 2493/1280/3935
f 2478/1265/3908 2493/1280/3937 2494/1281/3938
f 2494/1281/3938 2479/1266/3909 2478/1265/3908
f 2479/1266/3910 2494/1281/3939 2495/1282/3940
f 2495/1282/3940 2480/1267/3911 2479/1266/3910
f 2496/1283/3941 2481/1268/3912 2480/1267/3913
f 2480/1267/3913 2495/1282/3942 2496/1283/3941
f 2497/1284/3943 2482/1269/3914 2481/1268/3915
f 2481/1268/3915 2496/1283/3944 2497/1284/3943
f 2482/1269/3916 2497/1284/3945 2498/1285/3946
f 2498/1285/3946 2483/1270/3917 2482/1269/3916
f 2499/1286/3947 2484/1271/3918 2483/1270/3919
f 2483/1270/3919 2498/1285/3948 2499/1286/3947
f 2500/1287/3949 2485/1272/3920 2484/1271/3922
f 2484/1271/3922 2499/1286/3950 2500/1287/3949
f 2501/1288/3951 2486/1274/3923 2487/1273/3924
f 2487/1273/3924 2502/1289/3952 2501/1288/3951
f 2486/1274/3925 2501/1288/3953 2503/1290/3954
f 2503/1290/3954 2488/1275/3926 2486/1274/3925
f 2488/1275/3927 2503/1290/3955 2504/1291/3956
f 2504/1291/3956 2489/1276/3928 2488/1275/3927
f 2505/1292/3957 2490/1277/3929 2489/1276/3930
f 2489/1276/3930 2504/1291/3958 2505/1292/3957
f 2490/1277/3932 2505/1292/3959 2506/1293/3960
f 2506/1293/3960 2491/1278/3931 2490/1277/3932
f 2507/1294/3961 2492/1279/3934 2491/1278/3933
f 2491/1278/3933 2506/1293/3962 2507/1294/3961
f 2508/1295/3963 2493/1280/3935 2492/1279/3936
f 2492/1279/3936 2507/1294/3964 2508/1295/3963
f 2509/1296/3965 2494/1281/3938 2493/1280/3937
f 2493/1280/3937 2508/1295/3966 2509/1296/3965
f 2510/1297/3967 2495/1282/3940 2494/1281/3939
f 2494/1281/3939 2509/1296/3968 2510/1297/3967
f 2511/1298/3969 2496/1283/3941 2495/1282/3942
f 2495/1282/3942 2510/1297/3970 2511/1298/3969
f 2512/1299/3971 2497/1284/3943 2496/1283/3944
f 2496/1283/3944 2511/1298/3972 2512/1299/3971
f 2513/1300/3973 2498/1285/3946 2497/1284/3945
f 2497/1284/3945 2512/1299/3974 2513/1300/3973
f 2514/1301/3975 2499/1286/3947 2498/1285/3948
f 2498/1285/3948 2513/1300/3976 2514/1301/3975
f 2515/1302/3977 2500/1287/3949 2499/1286/3950
f 2499/1286/3950 2514/1301/3978 2515/1302/3977
f 2516/1303/3979 2501/1288/3951 2502/1289/3952
f 2502/1289/3952 2517/1304/3980 2516/1303/3979
f 2518/1305/3981 2503/1290/3954 2501/1288/3953
f 2501/1288/3953 2516/1303/3982 2518/1305/3981
f 2519/1306/3983 2504/1291/3956 2503/1290/3955
f 2503/1290/3955 2518/1305/3984 2519/1306/3983
f 2520/1307/3985 2505/1292/3957 2504/1291/3958
f 2504/1291/3958 2519/1306/3986 2520/1307/3985
f 2505/1292/3959 2520/1307/3987 2521/1308/3988
f 2521/1308/3988 2506/1293/3960 2505/1292/3959
f 2506/1293/3962 2521/1308/3989 2522/1309/3990
f 2522/1309/3990 2507/1294/3961 2506/1293/3962
f 2523/1310/3991 2508/1295/3963 2507/1294/3964
f 2507/1294/3964 2522/1309/3991 2523/1310/3991
f 2524/1311/3992 2509/1296/3965 2508/1295/3966
f 2508/1295/3966 2523/1310/3993 2524/1311/3992
f 2509/1296/3968 2524/1311/3994 2525/1312/3995
f 2525/1312/3995 2510/1297/3967 2509/1296/3968
f 2526/1313/3996 2511/1298/3969 2510/1297/3970
f 2510/1297/3970 2525/1312/3997 2526/1313/3996
f 2511/1298/3972 2526/1313/3998 2527/1314/3999
f 2527/1314/3999 2512/1299/3971 2511/1298/3972
f 2512/1299/3974 2527/1314/4000 2528/1315/4001
f 2528/1315/4001 2513/1300/3973 2512/1299/3974
f 2529/1316/4002 2514/1301/3975 2513/1300/3976
f 2513/1300/3976 2528/1315/4003 2529/1316/4002
f 2530/1317/4004 2515/1302/3977 2514/1301/3978
f 2514/1301/3978 2529/1316/4005 2530/1317/4004
f 2531/1318/4006 2516/1303/3979 2517/1304/3980
f 2517/1304/3980 2532/1319/4007 2531/1318/4006
f 2516/1303/3982 2531/1318/4008 2533/1320/4009
f 2533/1320/4009 2518/1305/3981 2516/1303/3982
f 2518/1305/3984 2533/1320/4010 2534/1321/4011
f 2534/1321/4011 2519/1306/3983 2518/1305/3984
f 2535/1322/4012 2520/1307/3985 2519/1306/3986
f 2519/1306/3986 2534/1321/4013 2535/1322/4012
f 2520/1307/3987 2535/1322/4014 2536/1323/4015
f 2536/1323/4015 2521/1308/3988 2520/1307/3987
f 2521/1308/3989 2536/1323/4016 2537/1324/4017
f 2537/1324/4017 2522/1309/3990 2521/1308/3989
f 2538/1325/4018 2523/1310/3991 2522/1309/3991
f 2522/1309/3991 2537/1324/4019 2538/1325/4018
f 2539/1326/4020 2524/1311/3992 2523/1310/3993
f 2523/1310/3993 2538/1325/4021 2539/1326/4020
f 2524/1311/3994 2539/1326/4022 2540/1327/4023
f 2540/1327/4023 2525/1312/3995 2524/1311/3994
f 2541/1328/4024 2526/1313/3996 2525/1312/3997
f 2525/1312/3997 2540/1327/4025 2541/1328/4024
f 2542/1329/4026 2527/1314/3999 2526/1313/3998
f 2526/1313/3998 2541/1328/4027 2542/1329/4026
f 2527/1314/4000 2542/1329/4028 2543/1330/4029
f 2543/1330/4029 2528/1315/4001 2527/1314/4000
f 2544/1331/4030 2529/1316/4002 2528/1315/4003
f 2528/1315/4003 2543/1330/4031 2544/1331/4030
f 2529/1316/4005 2544/1331/4032 2545/1332/4033
f 2545/1332/4033 2530/1317/4004 2529/1316/4005
f 2546/1333/4034 2531/1318/4006 2532/1319/4007
f 2532/1319/4007 2547/1334/4035 2546/1333/4034
f 2548/1335/4036 2533/1320/4009 2531/1318/4008
f 2531/1318/4008 2546/1333/4037 2548/1335/4036
f 2533/1320/4010 2548/1335/4038 2549/1336/4039
f 2549/1336/4039 2534/1321/4011 2533/1320/4010
f 2550/1337/4040 2535/1322/4012 2534/1321/4013
f 2534/1321/4013 2549/1336/4041 2550/1337/4040
f 2535/1322/4014 2550/1337/4042 2551/1338/4043
f 2551/1338/4043 2536/1323/4015 2535/1322/4014
f 2536/1323/4016 2551/1338/4044 2552/1339/4045
f 2552/1339/4045 2537/1324/4017 2536/1323/4016
f 2553/1340/4046 2538/1325/4018 2537/1324/4019
f 2537/1324/4019 2552/1339/4047 2553/1340/4046
f 2538/1325/4021 2553/1340/4048 2554/1341/4049
f 2554/1341/4049 2539/1326/4020 2538/1325/4021
f 2539/1326/4022 2554/1341/4050 2555/1342/4051
f 2555/1342/4051 2540/1327/4023 2539/1326/4022
f 2556/1343/4052 2541/1328/4024 2540/1327/4025
f 2540/1327/4025 2555/1342/4053 2556/1343/4052
f 2541/1328/4027 2556/1343/4054 2557/1344/4055
f 2557/1344/4055 2542/1329/4026 2541/1328/4027
f 2542/1329/4028 2557/1344/4056 2558/1345/4057
f 2558/1345/4057 2543/1330/4029 2542/1329/4028
f 2559/1346/4058 2544/1331/4030 2543/1330/4031
f 2543/1330/4031 2558/1345/4059 2559/1346/4058
f 2544/1331/4032 2559/1346/4060 2560/1347/4061
f 2560/1347/4061 2545/1332/4033 2544/1331/4032
f 2561/1348/4062 2546/1333/4034 2547/1334/4035
f 2547/1334/4035 2562/1349/4063 2561/1348/4062
f 2563/1350/4064 2548/1335/4036 2546/1333/4037
f 2546/1333/4037 2561/1348/4065 2563/1350/4064
f 2548/1335/4038 2563/1350/4066 2564/1351/4067
f 2564/1351/4067 2549/1336/4039 2548/1335/4038
f 2565/1352/4068 2550/1337/4040 2549/1336/4041
f 2549/1336/4041 2564/1351/4069 2565/1352/4068
f 2550/1337/4042 2565/1352/4070 2566/1353/4071
f 2566/1353/4071 2551/1338/4043 2550/1337/4042
f 2551/1338/4044 2566/1353/4072 2567/1354/4073
f 2567/1354/4073 2552/1339/4045 2551/1338/4044
f 2568/1355/4074 2553/1340/4046 2552/1339/4047
f 2552/1339/4047 2567/1354/4075 2568/1355/4074
f 2569/1356/4076 2554/1341/4049 2553/1340/4048
f 2553/1340/4048 2568/1355/4077 2569/1356/4076
f 2554/1341/4050 2569/1356/4078 2570/1357/4079
f 2570/1357/4079 2555/1342/4051 2554/1341/4050
f 2571/1358/4080 2556/1343/4052 2555/1342/4053
f 2555/1342/4053 2570/1357/4081 2571/1358/4080
f 2556/1343/4054 2571/1358/4082 2572/1359/4083
f 2572/1359/4083 2557/1344/4055 2556/1343/4054
f 2557/1344/4056 2572/1359/4084 2573/1360/4085
f 2573/1360/4085 2558/1345/4057 2557/1344/4056
f 2574/1361/4086 2559/1346/4058 2558/1345/4059
f 2558/1345/4059 2573/1360/4087 2574/1361/4086
f 2559/1346/4060 2574/1361/4088 2575/1362/4089
f 2575/1362/4089 2560/1347/4061 2559/1346/4060
f 2576/1363/4090 2561/1348/4062 2562/1349/4063
f 2562/1349/4063 2577/1364/4090 2576/1363/4090
f 2578/1365/4091 2563/1350/4064 2561/1348/4065
f 2561/1348/4065 2576/1363/4092 2578/1365/4091
f 2563/1350/4066 2578/1365/4093 2579/1366/4094
f 2579/1366/4094 2564/1351/4067 2563/1350/4066
f 2580/1367/4095 2565/1352/4068 2564/1351/4069
f 2564/1351/4069 2579/1366/4096 2580/1367/4095
f 2581/1368/4097 2566/1353/4071 2565/1352/4070
f 2565/1352/4070 2580/1367/4098 2581/1368/4097
f 2566/1353/4072 2581/1368/4099 2582/1369/4100
f 2582/1369/4100 2567/1354/4073 2566/1353/4072
f 2583/1370/4101 2568/1355/4074 2567/1354/4075
f 2567/1354/4075 2582/1369/4102 2583/1370/4101
f 2584/1371/4103 2569/1356/4076 2568/1355/4077
f 2568/1355/4077 2583/1370/4104 2584/1371/4103
f 2569/1356/4078 2584/1371/4105 2585/1372/4106
f 2585/1372/4106 2570/1357/4079 2569/1356/4078
f 2586/1373/4107 2571/1358/4080 2570/1357/4081
f 2570/1357/4081 2585/1372/4108 2586/1373/4107
f 2571/1358/4082 2586/1373/4109 2587/1374/4110
f 2587/1374/4110 2572/1359/4083 2571/1358/4082
f 2572/1359/4084 2587/1374/4111 2588/1375/4112
f 2588/1375/4112 2573/1360/4085 2572/1359/4084
f 2589/1376/4113 2574/1361/4086 2573/1360/4087
f 2573/1360/4087 2588/1375/4113 2589/1376/4113
f 2574/1361/4088 2589/1376/4114 2590/1377/4114
f 2590/1377/4114 2575/1362/4089 2574/1361/4088
f 2591/1378/4115 2576/1363/4115 2577/1364/4115
f 2577/1364/4115 2592/1379/4115 2591/1378/4115
f 2593/1380/4116 2578/1365/4091 2576/1363/4092
f 2576/1363/4092 2591/1378/4116 2593/1380/4116
f 2578/1365/4093 2593/1380/4117 2594/1381/4117
f 2594/1381/4117 2579/1366/4094 2578/1365/4093
f 2595/1382/4118 2580/1367/4095 2579/1366/4096
f 2579/1366/4096 2594/1381/4118 2595/1382/4118
f 2596/1383/4119 2581/1368/4097 2580/1367/4098
f 2580/1367/4098 2595/1382/4119 2596/1383/4119
f 2597/1384/4120 2582/1369/4100 2581/1368/4099
f 2581/1368/4099 2596/1383/4121 2597/1384/4120
f 2598/1385/4122 2583/1370/4101 2582/1369/4102
f 2582/1369/4102 2597/1384/4123 2598/1385/4122
f 2583/1370/4104 2598/1385/4124 2599/1386/4125
f 2599/1386/4125 2584/1371/4103 2583/1370/4104
f 2584/1371/4105 2599/1386/4126 2600/1387/4127
f 2600/1387/4127 2585/1372/4106 2584/1371/4105
f 2601/1388/4128 2586/1373/4107 2585/1372/4108
f 2585/1372/4108 2600/1387/4129 2601/1388/4128
f 2602/1389/4130 2587/1374/4110 2586/1373/4109
f 2586/1373/4109 2601/1388/4131 2602/1389/4130
f 2603/1390/4132 2588/1375/4133 2587/1374/4134
f 2587/1374/4134 2602/1389/4135 2603/1390/4132
f 2604/1391/4136 2589/1376/4136 2588/1375/4136
f 2588/1375/4136 2603/1390/4136 2604/1391/4136
f 2590/1377/4137 2589/1376/4137 2604/1391/4137
f 2604/1391/4137 2605/1392/4137 2590/1377/4137
f 2606/1393/4138 2591/1378/4138 2592/1379/4138
f 2592/1379/4138 2607/1394/4138 2606/1393/4138
f 2608/1395/4139 2593/1380/4139 2591/1378/4140
f 2591/1378/4140 2606/1393/4139 2608/1395/4139
f 2609/1396/4141 2594/1381/4141 2593/1380/4141
f 2593/1380/4141 2608/1395/4141 2609/1396/4141
f 2610/1397/4142 2595/1382/4142 2594/1381/4142
f 2594/1381/4142 2609/1396/4142 2610/1397/4142
f 2595/1382/4143 2610/1397/4143 2611/1398/4143
f 2611/1398/4143 2596/1383/4143 2595/1382/4143
f 2612/1399/4144 2597/1384/4144 2596/1383/4144
f 2596/1383/4144 2611/1398/4144 2612/1399/4144
f 2613/1400/4145 2598/1385/4145 2597/1384/4146
f 2597/1384/4146 2612/1399/4147 2613/1400/4145
f 2598/1385/4148 2613/1400/4149 2614/1401/4150
f 2614/1401/4150 2599/1386/4150 2598/1385/4148
f 2615/1402/4151 2600/1387/4152 2599/1386/4153
f 2599/1386/4153 2614/1401/4154 2615/1402/4151
f 2616/1403/4155 2601/1388/4156 2600/1387/4155
f 2600/1387/4155 2615/1402/4155 2616/1403/4155
f 2601/1388/4157 2616/1403/4157 2617/1404/4157
f 2617/1404/4157 2602/1389/4157 2601/1388/4157
f 2603/1390/4158 2602/1389/4158 2617/1404/4159
f 2617/1404/4159 2618/1405/4159 2603/1390/4158
f 2604/1391/4160 2603/1390/4160 2618/1405/4160
f 2618/1405/4160 2619/1406/4160 2604/1391/4160
f 2605/1392/4161 2604/1391/4161 2619/1406/4162
f 2619/1406/4162 2620/1407/4161 2605/1392/4161
f 2621/1408/4163 2606/1393/4163 2607/1394/4163
f 2607/1394/4163 2622/1409/4163 2621/1408/4163
f 2606/1393/4164 2621/1408/4164 2623/1410/4164
f 2623/1410/4164 2608/1395/4164 2606/1393/4164
f 2609/1396/4165 2608/1395/4165 2623/1410/4165
f 2623/1410/4165 2624/1411/4165 2609/1396/4165
f 2610/1397/4166 2609/1396/4167 2624/1411/4168
f 2624/1411/4168 2625/1412/4168 2610/1397/4166
f 2610/1397/4169 2625/1412/4169 2626/1413/4169
f 2626/1413/4169 2611/1398/4169 2610/1397/4169
f 2612/1399/4170 2611/1398/4171 2626/1413/4172
f 2626/1413/4172 2627/1414/4173 2612/1399/4170
f 2613/1400/4174 2612/1399/4175 2627/1414/4176
f 2627/1414/4176 2628/1415/4177 2613/1400/4174
f 2613/1400/4178 2628/1415/4179 2629/1416/4180
f 2629/1416/4180 2614/1401/4181 2613/1400/4178
f 2615/1402/4182 2614/1401/4183 2629/1416/4184
f 2629/1416/4184 2630/1417/4185 2615/1402/4182
f 2616/1403/4186 2615/1402/4186 2630/1417/4187
f 2630/1417/4187 2631/1418/4186 2616/1403/4186
f 2616/1403/4188 2631/1418/4189 2632/1419/4190
f 2632/1419/4190 2617/1404/4191 2616/1403/4188
f 2618/1405/4192 2617/1404/4192 2632/1419/4192
f 2632/1419/4192 2633/1420/4192 2618/1405/4192
f 2619/1406/4193 2618/1405/4193 2633/1420/4193
f 2633/1420/4193 2634/1421/4193 2619/1406/4193
f 2619/1406/4194 2634/1421/4194 2635/1422/4194
f 2635/1422/4194 2620/1407/4194 2619/1406/4194
f 2410/1150/4195 1515/1152/4195 1514/1423/4195
f 1514/1423/4195 2413/1199/4195 2410/1150/4195
f 2412/1200/4196 2409/1149/4196 2410/1150/4196
f 2410/1150/4196 2413/1199/4196 2412/1200/4196
f 2416/1203/4197 2408/1148/4197 2409/1149/4197
f 2409/1149/4197 2412/1200/4197 2416/1203/4197
f 2418/1204/4198 2407/1147/4199 2408/1148/4200
f 2408/1148/4200 2416/1203/4201 2418/1204/4198
f 2420/1206/4202 2406/1146/4203 2407/1147/4203
f 2407/1147/4203 2418/1204/4203 2420/1206/4202
f 2422/1208/4204 2405/1145/4205 2406/1146/4204
f 2406/1146/4204 2420/1206/4204 2422/1208/4204
f 2424/1210/4206 2404/1144/4207 2405/1145/4207
f 2405/1145/4207 2422/1208/4206 2424/1210/4206
f 2426/1212/4208 2403/1143/4209 2404/1144/4210
f 2404/1144/4210 2424/1210/4211 2426/1212/4208
f 2428/1214/4212 2402/1142/4213 2403/1143/4214
f 2403/1143/4214 2426/1212/4214 2428/1214/4212
f 2430/1216/4215 2401/1141/4215 2402/1142/4216
f 2402/1142/4216 2428/1214/4215 2430/1216/4215
f 2432/1218/4217 2400/1140/4218 2401/1141/4217
f 2401/1141/4217 2430/1216/4219 2432/1218/4217
f 2434/1221/4220 2399/1139/4221 2400/1140/4222
f 2400/1140/4222 2432/1218/4222 2434/1221/4220
f 2436/1222/4223 2398/1138/4224 2399/1139/4225
f 2399/1139/4225 2434/1221/4225 2436/1222/4223
f 2438/1224/4226 2397/1137/4226 2398/1138/4226
f 2398/1138/4226 2436/1222/4226 2438/1224/4226
f 2440/1226/4227 2396/1135/4227 2397/1137/4227
f 2397/1137/4227 2438/1224/4227 2440/1226/4227
f 2142/864/4228 2141/865/4229 2396/1135/4228
f 2396/1135/4228 2440/1226/4228 2142/864/4228
f 2142/864/4230 2440/1226/4230 2439/1227/4230
f 2439/1227/4230 2150/874/4230 2142/864/4230
f 2150/874/4231 2439/1227/4231 2455/1242/4231
f 2455/1242/4231 2151/875/4231 2150/874/4231
f 2455/1242/4232 2470/1257/4232 2152/876/4232
f 2152/876/4232 2151/875/4232 2455/1242/4232
f 2485/1272/4233 2153/877/4233 2152/876/4233
f 2152/876/4233 2470/1257/4233 2485/1272/4233
f 2485/1272/4234 2500/1287/4235 2154/878/4236
f 2154/878/4236 2153/877/4234 2485/1272/4234
f 2515/1302/4237 2155/879/4238 2154/878/4236
f 2154/878/4236 2500/1287/4235 2515/1302/4237
f 2515/1302/4237 2530/1317/4239 2156/880/4240
f 2156/880/4240 2155/879/4238 2515/1302/4237
f 2545/1332/4241 2170/903/4242 2156/880/4240
f 2156/880/4240 2530/1317/4239 2545/1332/4241
f 2545/1332/4241 2560/1347/4243 2169/902/4244
f 2169/902/4244 2170/903/4242 2545/1332/4241
f 2168/901/4245 2169/902/4244 2560/1347/4243
f 2560/1347/4243 2575/1362/4245 2168/901/4245
f 2167/900/4246 2168/901/4246 2575/1362/4246
f 2575/1362/4246 2590/1377/4246 2167/900/4246
f 2166/899/4247 2167/900/4247 2590/1377/4247
f 2590/1377/4247 2605/1392/4247 2166/899/4247
f 2620/1407/4248 2165/898/4248 2166/899/4248
f 2166/899/4248 2605/1392/4248 2620/1407/4248
f 2635/1422/4249 2164/896/4249 2165/898/4249
f 2165/898/4249 2620/1407/4249 2635/1422/4249
f 2635/1422/4250 1942/635/4250 1944/637/4250
f 1944/637/4250 2164/896/4250 2635/1422/4250
f 2635/1422/4251 2634/1421/4251 1941/634/4251
f 1941/634/4251 1942/635/4251 2635/1422/4251
f 1941/634/4252 2634/1421/4253 2633/1420/4253
f 2633/1420/4253 1940/633/4253 1941/634/4252
f 1940/633/4254 2633/1420/4254 2632/1419/4254
f 2632/1419/4254 1939/632/4255 1940/633/4254
f 2632/1419/4256 2631/1418/4257 1938/631/4258
f 1938/631/4258 1939/632/4259 2632/1419/4256
f 1938/631/4260 2631/1418/4261 2630/1417/4260
f 2630/1417/4260 1937/630/4262 1938/631/4260
f 1937/630/4263 2630/1417/4264 2629/1416/4265
f 2629/1416/4265 1936/629/4266 1937/630/4263
f 2629/1416/4267 2628/1415/4267 1935/628/4268
f 1935/628/4268 1936/629/4267 2629/1416/4267
f 1935/628/4269 2628/1415/4270 2627/1414/4271
f 2627/1414/4271 1934/627/4272 1935/628/4269
f 2627/1414/4273 2626/1413/4274 1933/626/4275
f 1933/626/4275 1934/627/4274 2627/1414/4273
f 2626/1413/4276 2625/1412/4277 1932/625/4278
f 1932/625/4278 1933/626/4279 2626/1413/4276
f 1932/625/4280 2625/1412/4280 2624/1411/4280
f 2624/1411/4280 1931/624/4280 1932/625/4280
f 2624/1411/4281 2623/1410/4282 1930/623/4281
f 1930/623/4281 1931/624/4283 2624/1411/4281
f 2623/1410/4284 2621/1408/4284 1929/622/4284
f 1929/622/4284 1930/623/4284 2623/1410/4284
f 1929/622/4285 2621/1408/4286 2622/1409/4285
f 2622/1409/4285 1928/620/4286 1929/622/4285
f 1472/1424/4287 1471/619/4288 1928/620/4288
f 1928/620/4288 2622/1409/4288 1472/1424/4287
f 1480/1425/4289 1472/1424/4289 2622/1409/4289
f 2622/1409/4289 2607/1394/4289 1480/1425/4289
f 1481/1426/4290 1480/1425/4290 2607/1394/4290
f 2607/1394/4290 2592/1379/4290 1481/1426/4290
f 1482/1427/4291 1481/1426/4291 2592/1379/4291
f 2592/1379/4291 2577/1364/4291 1482/1427/4291
f 2562/1349/4292 1483/1428/4293 1482/1427/4294
f 1482/1427/4294 2577/1364/4294 2562/1349/4292
f 1484/1429/4295 1483/1428/4293 2562/1349/4292
f 2562/1349/4292 2547/1334/4296 1484/1429/4295
f 1485/1430/4297 1484/1429/4295 2547/1334/4296
f 2547/1334/4296 2532/1319/4298 1485/1430/4297
f 1486/1431/4299 1485/1430/4297 2532/1319/4298
f 2532/1319/4298 2517/1304/4300 1486/1431/4299
f 2502/1289/4301 1521/1432/4302 1486/1431/4299
f 1486/1431/4299 2517/1304/4300 2502/1289/4301
f 2487/1273/4303 1520/1433/4304 1521/1432/4302
f 1521/1432/4302 2502/1289/4301 2487/1273/4303
f 1519/1434/4305 1520/1433/4304 2487/1273/4303
f 2487/1273/4303 2472/1258/4306 1519/1434/4305
f 1518/1435/4307 1519/1434/4305 2472/1258/4306
f 2472/1258/4306 2457/1243/4307 1518/1435/4307
f 1517/1436/4308 1518/1435/4309 2457/1243/4308
f 2457/1243/4308 2442/1228/4308 1517/1436/4308
f 1516/1437/4310 1517/1436/4310 2442/1228/4310
f 2442/1228/4310 2414/1198/4310 1516/1437/4310
f 2414/1198/4311 2413/1199/4311 1514/1423/4311
f 1514/1423/4311 1516/1437/4311 2414/1198/4311
f 1368/47/4312 47/47/4313 48/48/4314
f 48/48/4314 1369/48/4313 1368/47/4312
f 1368/47/4315 1374/53/4315 53/53/4315
f 53/53/4315 47/47/4315 1368/47/4315
f 54/54/4316 53/53/4316 1374/53/4316
f 1374/53/4316 1375/54/4316 54/54/4316
f 1380/59/4317 59/59/4318 54/54/4318
f 54/54/4318 1375/54/4318 1380/59/4317
f 64/64/4319 59/59/4320 1380/59/4321
f 1380/59/4321 1385/64/4320 64/64/4319
f 1390/69/4322 69/69/4323 64/64/4323
f 64/64/4323 1385/64/4323 1390/69/4322
f 1427/107/4324 107/107/4325 108/108/4326
f 108/108/4326 1428/108/4325 1427/107/4324
f 109/109/4327 1429/109/4327 1428/108/4328
f 1428/108/4328 108/108/4327 109/109/4327
f 109/109/4329 110/110/4330 1430/110/4330
f 1430/110/4330 1429/109/4330 109/109/4329
f 1430/110/4331 110/110/4331 111/111/4331
f 111/111/4331 1431/111/4331 1430/110/4331
f 112/112/4332 1432/112/4333 1431/111/4333
f 1431/111/4333 111/111/4333 112/112/4332
f 1432/112/4334 112/112/4335 115/1438/4336
f 1492/178/4337 1369/48/4337 48/48/4337
f 48/48/4337 179/178/4337 1492/178/4337
f 1427/107/4338 1512/198/4338 199/198/4338
f 199/198/4338 107/107/4338 1427/107/4338
f 1534/220/4339 1535/221/4339 222/221/4339
f 222/221/4339 221/220/4339 1534/220/4339
f 1535/221/4340 1539/225/4340 226/225/4340
f 226/225/4340 222/221/4340 1535/221/4340
f 226/225/4341 1539/225/4341 1543/229/4341
f 1543/229/4341 230/229/4341 226/225/4341
f 1543/229/4342 1547/233/4342 234/233/4342
f 234/233/4342 230/229/4342 1543/229/4342
f 234/233/4343 1547/233/4343 1551/237/4343
f 1551/237/4343 238/237/4343 234/233/4343
f 242/241/4344 238/237/4344 1551/237/4344
f 1551/237/4344 1555/241/4344 242/241/4344
f 1559/245/4345 246/245/4345 242/241/4345
f 242/241/4345 1555/241/4345 1559/245/4345
f 1559/245/4346 1563/249/4347 250/249/4347
f 250/249/4347 246/245/4347 1559/245/4346
f 250/249/4348 1563/249/4349 1567/253/4350
f 1567/253/4350 254/253/4351 250/249/4348
f 258/257/4352 254/253/4353 1567/253/4353
f 1567/253/4353 1571/257/4353 258/257/4352
f 1575/261/4354 262/261/4354 258/257/4354
f 258/257/4354 1571/257/4354 1575/261/4354
f 1579/265/4355 266/265/4355 262/261/4355
f 262/261/4355 1575/261/4355 1579/265/4355
f 1579/265/4356 1583/269/4356 270/269/4356
f 270/269/4356 266/265/4356 1579/265/4356
f 270/269/4357 1583/269/4357 1587/273/4357
f 1587/273/4357 274/273/4357 270/269/4357
f 1593/279/4358 1534/220/4358 221/220/4358
f 221/220/4358 280/279/4359 1593/279/4358
f 179/280/4360 274/273/4361 1587/273/4362
f 1587/273/4362 1492/280/4361 179/280/4360
f 1617/307/4363 1616/308/4363 304/308/4363
f 304/308/4363 303/307/4363 1617/307/4363
f 1622/313/4364 309/313/4364 304/308/4364
f 304/308/4364 1616/308/4364 1622/313/4364
f 314/318/4365 309/313/4365 1622/313/4365
f 1622/313/4365 1627/318/4365 314/318/4365
f 1627/318/4366 1632/323/4366 319/323/4366
f 319/323/4366 314/318/4366 1627/318/4366
f 1637/328/4367 324/328/4367 319/323/4367
f 319/323/4367 1632/323/4367 1637/328/4367
f 1637/328/4368 1642/333/4368 329/333/4368
f 329/333/4368 324/328/4368 1637/328/4368
f 334/338/4369 329/333/4369 1642/333/4369
f 1642/333/4369 1647/338/4369 334/338/4369
f 1647/338/4370 1652/343/4370 339/343/4370
f 339/343/4370 334/338/4370 1647/338/4370
f 344/348/4371 339/343/4371 1652/343/4371
f 1652/343/4371 1657/348/4371 344/348/4371
f 1662/353/4372 349/353/4372 344/348/4372
f 344/348/4372 1657/348/4372 1662/353/4372
f 349/353/4373 1662/353/4373 1667/358/4373
f 1667/358/4373 354/358/4373 349/353/4373
f 359/363/4374 354/358/4374 1667/358/4374
f 1667/358/4374 1672/363/4374 359/363/4374
f 359/363/4375 1672/363/4375 1677/368/4375
f 1677/368/4375 364/368/4375 359/363/4375
f 1682/373/4376 369/373/4377 364/368/4378
f 364/368/4378 1677/368/4379 1682/373/4376
f 1681/372/4380 368/372/4380 369/373/4380
f 369/373/4380 1682/373/4380 1681/372/4380
f 1512/198/4381 1617/307/4382 303/307/4383
f 303/307/4383 199/198/4383 1512/198/4381
f 371/375/4384 368/372/4384 1681/372/4384
f 1681/372/4384 1685/375/4384 371/375/4384
f 1998/722/4385 2006/730/4385 693/730/4385
f 693/730/4385 685/722/4385 1998/722/4385
f 2005/729/4386 692/729/4386 693/730/4386
f 693/730/4386 2006/730/4386 2005/729/4386
f 2005/729/4387 2013/737/4388 700/737/4389
f 700/737/4389 692/729/4390 2005/729/4387
f 2021/744/4391 2020/745/4392 708/745/4392
f 708/745/4392 707/744/4392 2021/744/4391
f 712/749/4393 708/745/4393 2020/745/4394
f 2020/745/4394 2025/749/4395 712/749/4393
f 2031/755/4396 718/755/4397 712/749/4398
f 712/749/4398 2025/749/4397 2031/755/4396
f 2031/755/4399 2030/754/4399 717/754/4399
f 717/754/4399 718/755/4399 2031/755/4399
f 723/760/4400 717/754/4401 2030/754/4402
f 2030/754/4402 2036/760/4403 723/760/4400
f 728/765/4404 723/760/4404 2036/760/4404
f 2036/760/4404 2041/765/4404 728/765/4404
f 733/770/4405 728/765/4406 2041/765/4406
f 2041/765/4406 2046/770/4406 733/770/4405
f 2071/796/4407 759/796/4408 758/795/4409
f 758/795/4409 2072/795/4408 2071/796/4407
f 2073/797/4410 2072/795/4410 758/795/4411
f 758/795/4411 760/797/4410 2073/797/4410
f 2073/797/4412 760/797/4412 761/798/4412
f 761/798/4412 2074/798/4412 2073/797/4412
f 2074/798/4413 761/798/4414 762/799/4413
f 762/799/4413 2075/799/4415 2074/798/4413
f 762/799/4416 767/804/4417 2079/804/4417
f 2079/804/4417 2075/799/4416 762/799/4416
f 2079/804/4418 767/804/4419 766/803/4419
f 766/803/4419 2080/803/4420 2079/804/4418
f 2080/803/4421 766/803/4421 768/805/4421
f 768/805/4421 2081/805/4421 2080/803/4421
f 769/806/4422 2082/806/4422 2081/805/4422
f 2081/805/4422 768/805/4422 769/806/4422
f 2082/806/4423 769/806/4423 826/863/4423
f 826/863/4423 2139/863/4423 2082/806/4423
f 2137/861/4424 2136/860/4424 823/860/4424
f 823/860/4424 824/861/4424 2137/861/4424
f 825/862/4425 2138/862/4425 2137/861/4425
f 2137/861/4425 824/861/4425 825/862/4425
f 733/770/4426 2046/770/4426 1998/722/4426
f 1998/722/4426 685/722/4426 733/770/4426
f 2136/860/4427 2139/863/4427 826/863/4427
f 826/863/4427 823/860/4427 2136/860/4427
f 2138/862/4428 825/862/4428 700/737/4428
f 700/737/4428 2013/737/4428 2138/862/4428
f 1685/375/4429 2021/744/4429 707/744/4429
f 707/744/4429 371/375/4429 1685/375/4429
f 759/796/4430 2071/796/4431 1593/279/4431
f 1593/279/4431 280/279/4432 759/796/4430
