# Blender 5.0.1
# www.blender.org
o Patadelanteraizquierda
v 0.293386 -0.764919 -0.390233
v 0.366986 -0.764919 -0.382933
v 0.437786 -0.764919 -0.361533
v 0.502986 -0.764919 -0.326633
v 0.560186 -0.764919 -0.279733
v 0.607086 -0.764919 -0.222533
v 0.641986 -0.764919 -0.157233
v 0.663486 -0.764919 -0.086433
v 0.670686 -0.764919 -0.012833
v 0.663486 -0.764919 0.060767
v 0.641986 -0.764919 0.131567
v 0.607086 -0.764919 0.196767
v 0.560186 -0.764919 0.253967
v 0.502986 -0.764919 0.300967
v 0.437786 -0.764919 0.335767
v 0.366986 -0.764919 0.357267
v 0.293386 -0.764919 0.364467
v 0.219686 -0.764919 0.357267
v 0.148886 -0.764919 0.335767
v 0.083686 -0.764919 0.300967
v 0.026486 -0.764919 0.253967
v -0.020414 -0.764919 0.196767
v -0.055314 -0.764919 0.131567
v -0.076814 -0.764919 0.060767
v -0.084014 -0.764919 -0.012833
v -0.076814 -0.764919 -0.086433
v -0.055314 -0.764919 -0.157233
v -0.020414 -0.764919 -0.222533
v 0.026486 -0.764919 -0.279733
v 0.219686 -0.764919 -0.382933
v 0.083686 -0.764919 -0.326633
v 0.148886 -0.764919 -0.361533
v 0.200286 -0.944119 -0.480533
v 0.110886 -0.944119 -0.453433
v 0.028386 -0.944119 -0.409333
v -0.043814 -0.944119 -0.350033
v -0.103114 -0.944119 -0.277833
v -0.147214 -0.944119 -0.195333
v -0.174314 -0.944119 -0.105933
v -0.183514 -0.944119 -0.012833
v -0.174314 -0.944119 0.080167
v -0.147214 -0.944119 0.169667
v -0.103114 -0.944119 0.252067
v -0.043814 -0.944119 0.324367
v 0.028386 -0.944119 0.383667
v 0.110886 -0.944119 0.427667
v 0.200286 -0.944119 0.454867
v 0.293386 -0.944119 0.463967
v 0.386386 -0.944119 0.454867
v 0.475786 -0.944119 0.427667
v 0.558286 -0.944119 0.383667
v 0.630486 -0.944119 0.324367
v 0.689886 -0.944119 0.252067
v 0.733886 -0.944119 0.169667
v 0.761086 -0.944119 0.080167
v 0.770186 -0.944119 -0.012833
v 0.761086 -0.944119 -0.105933
v 0.733886 -0.944119 -0.195333
v 0.689886 -0.944119 -0.277833
v 0.630486 -0.944119 -0.350033
v 0.558286 -0.944119 -0.409333
v 0.475786 -0.944119 -0.453433
v 0.386386 -0.944119 -0.480533
v 0.293386 -0.944119 -0.489733
v -0.256514 1.027981 -0.424033
v -0.253914 1.026581 -0.411733
v -0.235214 1.034581 -0.414233
v -0.237214 1.036281 -0.426633
v -0.216414 1.042581 -0.415733
v -0.217814 1.044481 -0.428133
v -0.237414 1.033581 -0.438933
v -0.257314 1.025081 -0.436333
v -0.217514 1.042081 -0.440533
v -0.272514 1.018581 -0.408233
v -0.267914 1.012881 -0.398133
v -0.249814 1.020681 -0.401533
v -0.231514 1.028481 -0.403933
v -0.213114 1.036281 -0.405433
v -0.194714 1.044081 -0.405933
v -0.197514 1.050581 -0.416233
v -0.198414 1.052781 -0.428633
v -0.197514 1.050581 -0.441133
v -0.215214 1.035381 -0.450833
v -0.194714 1.044081 -0.451433
v -0.235614 1.026681 -0.449233
v -0.255914 1.017981 -0.446533
v -0.276114 1.009381 -0.442733
v -0.277014 1.016681 -0.432633
v -0.275714 1.019881 -0.420433
v -0.229414 0.964481 -0.424033
v -0.210114 0.972681 -0.426633
v -0.209914 0.975281 -0.414233
v -0.228714 0.967281 -0.411733
v -0.232014 0.965881 -0.436333
v -0.212214 0.974381 -0.438933
v -0.190714 0.980981 -0.428133
v -0.191114 0.983381 -0.415733
v -0.192214 0.982881 -0.440533
v -0.247314 0.959381 -0.408233
v -0.230114 0.974381 -0.401533
v -0.248214 0.966681 -0.398133
v -0.248614 0.956281 -0.420433
v -0.251714 0.957481 -0.432633
v -0.256414 0.963181 -0.442733
v -0.236214 0.971781 -0.446533
v -0.215914 0.980481 -0.449233
v -0.195514 0.989181 -0.450833
v -0.172214 0.991381 -0.441133
v -0.175014 0.997881 -0.451433
v -0.171314 0.989181 -0.428633
v -0.172214 0.991381 -0.416233
v -0.193414 0.990081 -0.405433
v -0.175014 0.997881 -0.405933
v -0.211814 0.982181 -0.403933
v -0.304814 0.932281 -0.403533
v -0.286314 0.940181 -0.410133
v -0.283914 0.943781 -0.398233
v -0.301814 0.936081 -0.391833
v -0.309614 0.932881 -0.415233
v -0.290614 0.940981 -0.422033
v -0.267614 0.948181 -0.415733
v -0.265714 0.951481 -0.403733
v -0.271314 0.949181 -0.427833
v -0.301414 0.943981 -0.382133
v -0.318614 0.936681 -0.374933
v -0.319514 0.928581 -0.384433
v -0.322914 0.924581 -0.395933
v -0.328214 0.924881 -0.407333
v -0.334614 0.929881 -0.416933
v -0.315514 0.937981 -0.424933
v -0.296114 0.946281 -0.431933
v -0.276314 0.954681 -0.437833
v -0.266214 0.958981 -0.393733
v -0.283914 0.951481 -0.388333
v -0.375014 0.902381 -0.367433
v -0.358114 0.909581 -0.377833
v -0.353614 0.914081 -0.366833
v -0.370014 0.907081 -0.356733
v -0.381814 0.902081 -0.378033
v -0.364414 0.909481 -0.388833
v -0.340714 0.916981 -0.387333
v -0.336714 0.921281 -0.376133
v -0.346514 0.917081 -0.398533
v -0.367914 0.915581 -0.347933
v -0.383514 0.908981 -0.337233
v -0.386014 0.900281 -0.345733
v -0.391414 0.895381 -0.356133
v -0.398714 0.894781 -0.366433
v -0.406714 0.899081 -0.375033
v -0.389414 0.906481 -0.386933
v -0.371614 0.914081 -0.397833
v -0.353314 0.921881 -0.407833
v -0.335414 0.929481 -0.366733
v -0.351914 0.922481 -0.357733
v -0.437414 0.875781 -0.317133
v -0.422614 0.882081 -0.330933
v -0.416314 0.887281 -0.321333
v -0.430614 0.881181 -0.307933
v -0.446014 0.874681 -0.326333
v -0.430814 0.881081 -0.340533
v -0.407314 0.888581 -0.343933
v -0.401414 0.893681 -0.333933
v -0.415014 0.887881 -0.353933
v -0.427014 0.890481 -0.300233
v -0.440414 0.884781 -0.286433
v -0.444314 0.875381 -0.293733
v -0.451514 0.869781 -0.302533
v -0.460514 0.868481 -0.311333
v -0.455114 0.878481 -0.333933
v -0.469914 0.872181 -0.318633
v -0.439614 0.885081 -0.348533
v -0.423514 0.891981 -0.362133
v -0.398514 0.902581 -0.325633
v -0.413114 0.896381 -0.313333
v -0.489514 0.853581 -0.254533
v -0.477614 0.858681 -0.271233
v -0.469614 0.864581 -0.263333
v -0.481314 0.859581 -0.247133
v -0.499614 0.851781 -0.261933
v -0.487314 0.857081 -0.279133
v -0.464914 0.864081 -0.287233
v -0.457314 0.869881 -0.278833
v -0.474314 0.862581 -0.295533
v -0.476414 0.869381 -0.241033
v -0.487014 0.864881 -0.224633
v -0.492114 0.854981 -0.230333
v -0.500714 0.848781 -0.237233
v -0.511214 0.846881 -0.244133
v -0.521814 0.849981 -0.249933
v -0.510014 0.855081 -0.268133
v -0.497414 0.860381 -0.285633
v -0.484114 0.866081 -0.302533
v -0.453114 0.879281 -0.271933
v -0.465114 0.874181 -0.256833
v -0.529514 0.836481 -0.182133
v -0.520714 0.840281 -0.201033
v -0.511514 0.846681 -0.195133
v -0.520014 0.843081 -0.176833
v -0.540714 0.834281 -0.187433
v -0.531714 0.838081 -0.206833
v -0.511114 0.844281 -0.219433
v -0.502214 0.850681 -0.213033
v -0.521914 0.842281 -0.225833
v -0.514214 0.853281 -0.172433
v -0.521714 0.850081 -0.154133
v -0.527714 0.839781 -0.158033
v -0.537314 0.833181 -0.162833
v -0.548814 0.830781 -0.167533
v -0.560414 0.833581 -0.171533
v -0.552114 0.837081 -0.191833
v -0.542914 0.841081 -0.211733
v -0.532814 0.845381 -0.231133
v -0.496914 0.860681 -0.207733
v -0.506014 0.856781 -0.190333
v -0.555614 0.825381 -0.102633
v -0.550414 0.827581 -0.123033
v -0.540414 0.834381 -0.119433
v -0.545514 0.832281 -0.099633
v -0.567614 0.822781 -0.105633
v -0.562314 0.825081 -0.126633
v -0.544314 0.830181 -0.143033
v -0.534514 0.836881 -0.138933
v -0.556014 0.827781 -0.147233
v -0.539014 0.842681 -0.097133
v -0.543114 0.840981 -0.077533
v -0.549614 0.830481 -0.079533
v -0.559914 0.823581 -0.082033
v -0.572014 0.820881 -0.084433
v -0.584114 0.823481 -0.086433
v -0.579614 0.825381 -0.108133
v -0.574114 0.827681 -0.129633
v -0.567714 0.830481 -0.150733
v -0.528314 0.847281 -0.135433
v -0.534114 0.844781 -0.116433
v -0.567014 0.820481 -0.019133
v -0.565614 0.821081 -0.040233
v -0.555114 0.828081 -0.038933
v -0.556514 0.827581 -0.018533
v -0.579414 0.817781 -0.019733
v -0.577914 0.818381 -0.041433
v -0.563214 0.822081 -0.061133
v -0.552814 0.829081 -0.059333
v -0.575414 0.819481 -0.063033
v -0.549814 0.838081 -0.018033
v -0.550314 0.837881 0.002067
v -0.557014 0.827381 0.002067
v -0.567514 0.820281 0.002067
v -0.579914 0.817581 0.002067
v -0.591614 0.820281 -0.020233
v -0.592114 0.820081 0.002067
v -0.590114 0.820881 -0.042433
v -0.587614 0.821981 -0.064533
v -0.546214 0.839581 -0.057833
v -0.548514 0.838681 -0.037933
v -0.563214 0.822081 0.065267
v -0.565614 0.821081 0.044267
v -0.555114 0.828081 0.043067
v -0.552814 0.829081 0.063367
v -0.575414 0.819481 0.067067
v -0.577914 0.818381 0.045467
v -0.567014 0.820481 0.023167
v -0.556514 0.827581 0.022567
v -0.579414 0.817781 0.023767
v -0.546214 0.839581 0.061867
v -0.543114 0.840981 0.081667
v -0.549614 0.830481 0.083667
v -0.559914 0.823581 0.086067
v -0.572014 0.820881 0.088467
v -0.587614 0.821981 0.068567
v -0.584114 0.823481 0.090467
v -0.590114 0.820881 0.046467
v -0.591614 0.820281 0.024267
v -0.549814 0.838081 0.022067
v -0.548514 0.838681 0.041967
v -0.544314 0.830181 0.147167
v -0.550414 0.827581 0.127067
v -0.540414 0.834381 0.123467
v -0.534514 0.836881 0.142967
v -0.556014 0.827781 0.151367
v -0.562314 0.825081 0.130667
v -0.555614 0.825381 0.106667
v -0.545514 0.832281 0.103667
v -0.567614 0.822781 0.109667
v -0.528314 0.847281 0.139467
v -0.521714 0.850081 0.158167
v -0.527714 0.839781 0.162067
v -0.537314 0.833181 0.166867
v -0.548814 0.830781 0.171567
v -0.567714 0.830481 0.154767
v -0.560414 0.833581 0.175567
v -0.574114 0.827681 0.133667
v -0.579614 0.825381 0.112167
v -0.539014 0.842681 0.101167
v -0.534114 0.844781 0.120467
v -0.511114 0.844281 0.223467
v -0.520714 0.840281 0.205067
v -0.511514 0.846681 0.199167
v -0.502214 0.850681 0.217067
v -0.521914 0.842281 0.229867
v -0.531714 0.838081 0.210967
v -0.529514 0.836481 0.186167
v -0.520014 0.843081 0.180867
v -0.540714 0.834281 0.191467
v -0.496914 0.860681 0.211767
v -0.487014 0.864881 0.228667
v -0.492114 0.854981 0.234367
v -0.500714 0.848781 0.241367
v -0.511214 0.846881 0.248267
v -0.532814 0.845381 0.235167
v -0.521814 0.849981 0.253967
v -0.542914 0.841081 0.215767
v -0.552114 0.837081 0.195867
v -0.514214 0.853281 0.176467
v -0.506014 0.856781 0.194367
v -0.464914 0.864081 0.291267
v -0.477614 0.858681 0.275267
v -0.469614 0.864581 0.267367
v -0.457314 0.869881 0.282967
v -0.474314 0.862581 0.299667
v -0.487314 0.857081 0.283167
v -0.489514 0.853581 0.258567
v -0.481314 0.859581 0.251167
v -0.499614 0.851781 0.265967
v -0.453114 0.879281 0.275967
v -0.440414 0.884781 0.290467
v -0.444314 0.875381 0.297767
v -0.451514 0.869781 0.306567
v -0.460514 0.868481 0.315367
v -0.484114 0.866081 0.306567
v -0.469914 0.872181 0.322667
v -0.497414 0.860381 0.289667
v -0.510014 0.855081 0.272167
v -0.476414 0.869381 0.245067
v -0.465114 0.874181 0.260867
v -0.407314 0.888581 0.347967
v -0.422614 0.882081 0.334967
v -0.416314 0.887281 0.325367
v -0.401414 0.893681 0.337967
v -0.415014 0.887881 0.357967
v -0.430814 0.881081 0.344567
v -0.437414 0.875781 0.321167
v -0.430614 0.881181 0.311967
v -0.446014 0.874681 0.330367
v -0.398514 0.902581 0.329667
v -0.383514 0.908981 0.341267
v -0.386014 0.900281 0.349767
v -0.391414 0.895381 0.360167
v -0.398714 0.894781 0.370467
v -0.423514 0.891981 0.366267
v -0.406714 0.899081 0.379067
v -0.439614 0.885081 0.352567
v -0.455114 0.878481 0.337967
v -0.427014 0.890481 0.304267
v -0.413114 0.896381 0.317367
v -0.340714 0.916981 0.391367
v -0.358114 0.909581 0.381867
v -0.353614 0.914081 0.370867
v -0.336714 0.921281 0.380167
v -0.346514 0.917081 0.402667
v -0.364414 0.909481 0.392867
v -0.375014 0.902381 0.371467
v -0.370014 0.907081 0.360767
v -0.381814 0.902081 0.382167
v -0.335414 0.929481 0.370867
v -0.318614 0.936681 0.378967
v -0.319514 0.928581 0.388467
v -0.322914 0.924581 0.399967
v -0.328214 0.924881 0.411467
v -0.353314 0.921881 0.411967
v -0.334614 0.929881 0.420967
v -0.371614 0.914081 0.401967
v -0.389414 0.906481 0.390967
v -0.367914 0.915581 0.351967
v -0.351914 0.922481 0.361867
v -0.267614 0.948181 0.419867
v -0.286314 0.940181 0.414167
v -0.283914 0.943781 0.402267
v -0.265714 0.951481 0.407767
v -0.271314 0.949181 0.431867
v -0.290614 0.940981 0.426067
v -0.304814 0.932281 0.407567
v -0.301814 0.936081 0.395867
v -0.309614 0.932881 0.419267
v -0.266214 0.958981 0.397767
v -0.248214 0.966681 0.402167
v -0.247314 0.959381 0.412267
v -0.248614 0.956281 0.424467
v -0.251714 0.957481 0.436667
v -0.276314 0.954681 0.441867
v -0.256414 0.963181 0.446767
v -0.296114 0.946281 0.435967
v -0.315514 0.937981 0.428967
v -0.301414 0.943981 0.386167
v -0.283914 0.951481 0.392467
v -0.190714 0.980981 0.432167
v -0.210114 0.972681 0.430667
v -0.209914 0.975281 0.418267
v -0.191114 0.983381 0.419767
v -0.192214 0.982881 0.444667
v -0.212214 0.974381 0.443067
v -0.229414 0.964481 0.428067
v -0.228714 0.967281 0.415767
v -0.232014 0.965881 0.440367
v -0.193414 0.990081 0.409467
v -0.175014 0.997881 0.409967
v -0.172214 0.991381 0.420267
v -0.171314 0.989181 0.432767
v -0.172214 0.991381 0.445167
v -0.195514 0.989181 0.454967
v -0.175014 0.997881 0.455467
v -0.215914 0.980481 0.453267
v -0.236214 0.971781 0.450567
v -0.230114 0.974381 0.405567
v -0.211814 0.982181 0.408067
v -0.113214 1.013981 0.428067
v -0.132514 1.005781 0.430667
v -0.134514 1.007481 0.418267
v -0.115814 1.015481 0.415767
v -0.112414 1.016881 0.440367
v -0.132314 1.008381 0.443067
v -0.151914 0.997481 0.432167
v -0.153314 0.999481 0.419767
v -0.152214 0.999881 0.444667
v -0.119914 1.021381 0.405567
v -0.101814 1.029081 0.402167
v -0.097214 1.023381 0.412267
v -0.094014 1.022181 0.424467
v -0.092714 1.025281 0.436667
v -0.113814 1.023981 0.450567
v -0.093614 1.032581 0.446767
v -0.134114 1.015281 0.453267
v -0.154514 1.006581 0.454967
v -0.156614 1.005781 0.409467
v -0.138214 1.013581 0.408067
v -0.037814 1.046181 0.407567
v -0.056314 1.038281 0.414167
v -0.060514 1.038981 0.402267
v -0.042614 1.046681 0.395867
v -0.034914 1.049981 0.419267
v -0.053914 1.041881 0.426067
v -0.075014 1.030281 0.419867
v -0.078714 1.031281 0.407767
v -0.073214 1.033581 0.431867
v -0.048614 1.051781 0.386167
v -0.031414 1.059081 0.378967
v -0.025014 1.054181 0.388467
v -0.019714 1.053881 0.399967
v -0.016214 1.057881 0.411467
v -0.034514 1.057781 0.428967
v -0.015414 1.065981 0.420967
v -0.053914 1.049481 0.435967
v -0.073614 1.041081 0.441867
v -0.083814 1.036781 0.397767
v -0.066114 1.044381 0.392467
v 0.032386 1.076081 0.371467
v 0.015486 1.068881 0.381867
v 0.009186 1.068681 0.370867
v 0.025586 1.075681 0.360767
v 0.037286 1.080781 0.382167
v 0.019886 1.073281 0.392867
v -0.001914 1.061481 0.391367
v -0.007714 1.061481 0.380167
v 0.002086 1.065681 0.402667
v 0.017886 1.080181 0.351967
v 0.033486 1.086781 0.341267
v 0.041486 1.082481 0.349767
v 0.048786 1.083081 0.360167
v 0.054186 1.087981 0.370467
v 0.039386 1.089281 0.390967
v 0.056686 1.096681 0.379067
v 0.021586 1.081681 0.401967
v 0.003286 1.073881 0.411967
v -0.014514 1.066281 0.370867
v 0.001886 1.073281 0.361867
v 0.094786 1.102681 0.321167
v 0.079986 1.096381 0.334967
v 0.071886 1.095481 0.325367
v 0.086186 1.101581 0.311967
v 0.101486 1.108081 0.330367
v 0.086386 1.101681 0.344567
v 0.064686 1.089881 0.347967
v 0.056986 1.089081 0.337967
v 0.070586 1.094881 0.357967
v 0.076986 1.105381 0.304267
v 0.090386 1.111081 0.290467
v 0.099786 1.107381 0.297767
v 0.108886 1.108681 0.306567
v 0.115986 1.114281 0.315367
v 0.105086 1.117281 0.337967
v 0.119886 1.123681 0.322667
v 0.089586 1.110681 0.352567
v 0.073486 1.103881 0.366267
v 0.048586 1.093181 0.329667
v 0.063086 1.099381 0.317367
v 0.146886 1.124881 0.258567
v 0.134986 1.119781 0.275267
v 0.125186 1.118181 0.267367
v 0.136786 1.123181 0.251167
v 0.155186 1.130981 0.265967
v 0.142886 1.125781 0.283167
v 0.122286 1.114381 0.291267
v 0.112886 1.112981 0.282967
v 0.129786 1.120181 0.299667
v 0.126386 1.126381 0.245067
v 0.136986 1.130981 0.228667
v 0.147686 1.127781 0.234367
v 0.158086 1.129681 0.241367
v 0.166686 1.135881 0.248267
v 0.159986 1.140781 0.272167
v 0.171786 1.145781 0.253967
v 0.147386 1.135381 0.289667
v 0.134086 1.129681 0.306567
v 0.103086 1.116481 0.275967
v 0.115086 1.121581 0.260867
v 0.186886 1.141881 0.186167
v 0.178086 1.138181 0.205067
v 0.167086 1.136081 0.199167
v 0.175586 1.139681 0.180867
v 0.196286 1.148481 0.191467
v 0.187286 1.144681 0.210967
v 0.168486 1.134081 0.223467
v 0.157786 1.132081 0.217067
v 0.177386 1.140481 0.229867
v 0.164286 1.142581 0.176467
v 0.171686 1.145681 0.158167
v 0.183286 1.142981 0.162067
v 0.194686 1.145281 0.166867
v 0.204386 1.151981 0.171567
v 0.202086 1.158681 0.195867
v 0.210386 1.162181 0.175567
v 0.192886 1.154781 0.215767
v 0.182786 1.150481 0.235167
v 0.146886 1.135181 0.211767
v 0.155986 1.138981 0.194367
v 0.212986 1.153081 0.106667
v 0.207786 1.150881 0.127067
v 0.195986 1.148381 0.123467
v 0.200986 1.150481 0.103667
v 0.223186 1.159981 0.109667
v 0.217886 1.157681 0.130667
v 0.201686 1.148281 0.147167
v 0.189986 1.145881 0.142967
v 0.211586 1.155081 0.151367
v 0.188986 1.153081 0.101167
v 0.193086 1.154781 0.081667
v 0.205086 1.152281 0.083667
v 0.217286 1.154881 0.086067
v 0.227586 1.161881 0.088467
v 0.229586 1.170381 0.112167
v 0.234086 1.172281 0.090467
v 0.224186 1.168081 0.133667
v 0.217686 1.165381 0.154767
v 0.178386 1.148581 0.139467
v 0.184086 1.150981 0.120467
v 0.224386 1.157981 0.023167
v 0.222986 1.157381 0.044267
v 0.210686 1.154681 0.043067
v 0.212086 1.155281 0.022567
v 0.234886 1.164981 0.023767
v 0.233386 1.164381 0.045467
v 0.220586 1.156281 0.065267
v 0.208386 1.153681 0.063367
v 0.230986 1.163281 0.067067
v 0.199786 1.157681 0.022067
v 0.200286 1.157881 0.002067
v 0.212486 1.155481 0.002067
v 0.224886 1.158181 0.002067
v 0.235386 1.165181 0.002067
v 0.241586 1.175481 0.024267
v 0.242086 1.175781 0.002067
v 0.240086 1.174881 0.046467
v 0.237586 1.173781 0.068567
v 0.196186 1.156181 0.061867
v 0.198486 1.157081 0.041967
v 0.220586 1.156281 -0.061133
v 0.222986 1.157381 -0.040233
v 0.210686 1.154681 -0.038933
v 0.208386 1.153681 -0.059333
v 0.230986 1.163281 -0.063033
v 0.233386 1.164381 -0.041433
v 0.224386 1.157981 -0.019133
v 0.212086 1.155281 -0.018533
v 0.234886 1.164981 -0.019733
v 0.196186 1.156181 -0.057833
v 0.193086 1.154781 -0.077533
v 0.205086 1.152281 -0.079533
v 0.217286 1.154881 -0.082033
v 0.227586 1.161881 -0.084433
v 0.237586 1.173781 -0.064533
v 0.234086 1.172281 -0.086433
v 0.240086 1.174881 -0.042433
v 0.241586 1.175481 -0.020233
v 0.199786 1.157681 -0.018033
v 0.198486 1.157081 -0.037933
v 0.201686 1.148281 -0.143033
v 0.207786 1.150881 -0.123033
v 0.195986 1.148381 -0.119433
v 0.189986 1.145881 -0.138933
v 0.211586 1.155081 -0.147233
v 0.217886 1.157681 -0.126633
v 0.212986 1.153081 -0.102633
v 0.200986 1.150481 -0.099633
v 0.223186 1.159981 -0.105633
v 0.178386 1.148581 -0.135433
v 0.171686 1.145681 -0.154133
v 0.183286 1.142981 -0.158033
v 0.194686 1.145281 -0.162833
v 0.204386 1.151981 -0.167533
v 0.217686 1.165381 -0.150733
v 0.210386 1.162181 -0.171533
v 0.224186 1.168081 -0.129633
v 0.229586 1.170381 -0.108133
v 0.188986 1.153081 -0.097133
v 0.184086 1.150981 -0.116433
v 0.168486 1.134081 -0.219433
v 0.178086 1.138181 -0.201033
v 0.167086 1.136081 -0.195133
v 0.157786 1.132081 -0.213033
v 0.177386 1.140481 -0.225833
v 0.187286 1.144681 -0.206833
v 0.186886 1.141881 -0.182133
v 0.175586 1.139681 -0.176833
v 0.196286 1.148481 -0.187433
v 0.146886 1.135181 -0.207733
v 0.136986 1.130981 -0.224633
v 0.147686 1.127781 -0.230333
v 0.158086 1.129681 -0.237233
v 0.166686 1.135881 -0.244133
v 0.182786 1.150481 -0.231133
v 0.171786 1.145781 -0.249933
v 0.192886 1.154781 -0.211733
v 0.202086 1.158681 -0.191833
v 0.164286 1.142581 -0.172433
v 0.155986 1.138981 -0.190333
v 0.122286 1.114381 -0.287233
v 0.134986 1.119781 -0.271233
v 0.125186 1.118181 -0.263333
v 0.112886 1.112981 -0.278833
v 0.129786 1.120181 -0.295533
v 0.142886 1.125781 -0.279133
v 0.146886 1.124881 -0.254533
v 0.136786 1.123181 -0.247133
v 0.155186 1.130981 -0.261933
v 0.103086 1.116481 -0.271933
v 0.090386 1.111081 -0.286433
v 0.099786 1.107381 -0.293733
v 0.108886 1.108681 -0.302533
v 0.115986 1.114281 -0.311333
v 0.134086 1.129681 -0.302533
v 0.119886 1.123681 -0.318633
v 0.147386 1.135381 -0.285633
v 0.159986 1.140781 -0.268133
v 0.126386 1.126381 -0.241033
v 0.115086 1.121581 -0.256833
v 0.064686 1.089881 -0.343933
v 0.079986 1.096381 -0.330933
v 0.071886 1.095481 -0.321333
v 0.056986 1.089081 -0.333933
v 0.070586 1.094881 -0.353933
v 0.086386 1.101681 -0.340533
v 0.094786 1.102681 -0.317133
v 0.086186 1.101581 -0.307933
v 0.101486 1.108081 -0.326333
v 0.048586 1.093181 -0.325633
v 0.033486 1.086781 -0.337233
v 0.041486 1.082481 -0.345733
v 0.048786 1.083081 -0.356133
v 0.054186 1.087981 -0.366433
v 0.073486 1.103881 -0.362133
v 0.056686 1.096681 -0.375033
v 0.089586 1.110681 -0.348533
v 0.105086 1.117281 -0.333933
v 0.076986 1.105381 -0.300233
v 0.063086 1.099381 -0.313333
v -0.001914 1.061481 -0.387333
v 0.015486 1.068881 -0.377833
v 0.009186 1.068681 -0.366833
v -0.007714 1.061481 -0.376133
v 0.002086 1.065681 -0.398533
v 0.019886 1.073281 -0.388833
v 0.032386 1.076081 -0.367433
v 0.025586 1.075681 -0.356733
v 0.037286 1.080781 -0.378033
v -0.014514 1.066281 -0.366733
v -0.031414 1.059081 -0.374933
v -0.025014 1.054181 -0.384433
v -0.019714 1.053881 -0.395933
v -0.016214 1.057881 -0.407333
v 0.003286 1.073881 -0.407833
v -0.015414 1.065981 -0.416933
v 0.021586 1.081681 -0.397833
v 0.039386 1.089281 -0.386933
v 0.017886 1.080181 -0.347933
v 0.001886 1.073281 -0.357733
v -0.075014 1.030281 -0.415733
v -0.056314 1.038281 -0.410133
v -0.060514 1.038981 -0.398233
v -0.078714 1.031281 -0.403733
v -0.073214 1.033581 -0.427833
v -0.053914 1.041881 -0.422033
v -0.037814 1.046181 -0.403533
v -0.042614 1.046681 -0.391833
v -0.034914 1.049981 -0.415233
v -0.083814 1.036781 -0.393733
v -0.101814 1.029081 -0.398133
v -0.097214 1.023381 -0.408233
v -0.094014 1.022181 -0.420433
v -0.092714 1.025281 -0.432633
v -0.073614 1.041081 -0.437833
v -0.093614 1.032581 -0.442733
v -0.053914 1.049481 -0.431933
v -0.034514 1.057781 -0.424933
v -0.048614 1.051781 -0.382133
v -0.066114 1.044381 -0.388333
v -0.151914 0.997481 -0.428133
v -0.132514 1.005781 -0.426633
v -0.134514 1.007481 -0.414233
v -0.153314 0.999481 -0.415733
v -0.152214 0.999881 -0.440533
v -0.132314 1.008381 -0.438933
v -0.113214 1.013981 -0.424033
v -0.115814 1.015481 -0.411733
v -0.112414 1.016881 -0.436333
v -0.156614 1.005781 -0.405433
v -0.154514 1.006581 -0.450833
v -0.134114 1.015281 -0.449233
v -0.113814 1.023981 -0.446533
v -0.119914 1.021381 -0.401533
v -0.138214 1.013581 -0.403933
v -0.309214 1.002981 -0.398233
v -0.313414 1.003781 -0.410133
v -0.331914 0.995881 -0.403533
v -0.327114 0.995381 -0.391833
v -0.291014 1.010781 -0.403733
v -0.294714 1.011781 -0.415733
v -0.315814 1.000181 -0.422033
v -0.334814 0.992081 -0.415233
v -0.296514 1.008381 -0.427833
v -0.321114 0.990181 -0.382133
v -0.344714 0.987881 -0.384433
v -0.338314 0.982881 -0.374933
v -0.303614 0.997681 -0.388333
v -0.285914 1.005281 -0.393733
v -0.296114 1.000881 -0.437833
v -0.315814 0.992481 -0.431933
v -0.335214 0.984181 -0.424933
v -0.354314 0.976081 -0.416933
v -0.353514 0.984081 -0.407333
v -0.350014 0.988181 -0.395933
v -0.378914 0.973281 -0.366833
v -0.385214 0.973181 -0.377833
v -0.402114 0.965981 -0.367433
v -0.395314 0.966281 -0.356733
v -0.362014 0.980481 -0.376133
v -0.367814 0.980581 -0.387333
v -0.389614 0.968681 -0.388833
v -0.407014 0.961281 -0.378033
v -0.371814 0.976281 -0.398533
v -0.411214 0.959481 -0.345733
v -0.403214 0.955181 -0.337233
v -0.387614 0.961881 -0.347933
v -0.371614 0.968681 -0.357733
v -0.355214 0.975681 -0.366733
v -0.373014 0.968081 -0.407833
v -0.391314 0.960281 -0.397833
v -0.409114 0.952681 -0.386933
v -0.426414 0.945281 -0.375033
v -0.423914 0.954081 -0.366433
v -0.418514 0.958981 -0.356133
v -0.441614 0.946581 -0.321333
v -0.449714 0.945581 -0.330933
v -0.464514 0.939381 -0.317133
v -0.455914 0.940481 -0.307933
v -0.426714 0.952881 -0.333933
v -0.434414 0.952181 -0.343933
v -0.456114 0.940381 -0.340533
v -0.471214 0.933881 -0.326333
v -0.440314 0.947081 -0.353933
v -0.469514 0.934581 -0.293733
v -0.460114 0.930981 -0.286433
v -0.446714 0.936681 -0.300233
v -0.432814 0.942581 -0.313333
v -0.418314 0.948781 -0.325633
v -0.443214 0.938181 -0.362133
v -0.459314 0.931281 -0.348533
v -0.474814 0.924681 -0.333933
v -0.489614 0.918381 -0.318633
v -0.485714 0.927681 -0.311333
v -0.478614 0.933381 -0.302533
v -0.494914 0.923781 -0.263333
v -0.504714 0.922181 -0.271233
v -0.516614 0.917081 -0.254533
v -0.506514 0.918881 -0.247133
v -0.482614 0.929081 -0.278833
v -0.492014 0.927581 -0.287233
v -0.512614 0.916281 -0.279133
v -0.524914 0.910981 -0.261933
v -0.499514 0.921881 -0.295533
v -0.517414 0.914181 -0.230333
v -0.506714 0.911081 -0.224633
v -0.496114 0.915581 -0.241033
v -0.484814 0.920481 -0.256833
v -0.472814 0.925581 -0.271933
v -0.503814 0.912381 -0.302533
v -0.517114 0.906681 -0.285633
v -0.529714 0.901281 -0.268133
v -0.541514 0.896281 -0.249933
v -0.536414 0.906081 -0.244133
v -0.527814 0.912381 -0.237233
v -0.536814 0.905981 -0.195133
v -0.547814 0.903781 -0.201033
v -0.556614 0.900081 -0.182133
v -0.545314 0.902281 -0.176833
v -0.527514 0.909881 -0.213033
v -0.538214 0.907881 -0.219433
v -0.557014 0.897381 -0.206833
v -0.566014 0.893481 -0.187433
v -0.547114 0.901581 -0.225833
v -0.553014 0.899081 -0.158033
v -0.541414 0.896281 -0.154133
v -0.534014 0.899481 -0.172433
v -0.525714 0.902981 -0.190333
v -0.516614 0.906881 -0.207733
v -0.552514 0.891581 -0.231133
v -0.562614 0.887281 -0.211733
v -0.571814 0.883381 -0.191833
v -0.580114 0.879781 -0.171533
v -0.574114 0.890081 -0.167533
v -0.564414 0.896681 -0.162833
v -0.565714 0.893681 -0.119433
v -0.577514 0.891181 -0.123033
v -0.582714 0.888881 -0.102633
v -0.570714 0.891481 -0.099633
v -0.559714 0.896181 -0.138933
v -0.571414 0.893781 -0.143033
v -0.587614 0.884281 -0.126633
v -0.592914 0.881981 -0.105633
v -0.581314 0.886981 -0.147233
v -0.574814 0.889681 -0.079533
v -0.562814 0.887181 -0.077533
v -0.558714 0.888881 -0.097133
v -0.553814 0.890981 -0.116433
v -0.548114 0.893481 -0.135433
v -0.587414 0.876681 -0.150733
v -0.593914 0.873981 -0.129633
v -0.599314 0.871581 -0.108133
v -0.603814 0.869681 -0.086433
v -0.597314 0.880181 -0.084433
v -0.587014 0.887081 -0.082033
v -0.580414 0.887381 -0.038933
v -0.592714 0.884681 -0.040233
v -0.594114 0.884081 -0.019133
v -0.581814 0.886781 -0.018533
v -0.578114 0.888381 -0.059333
v -0.590314 0.885681 -0.061133
v -0.603214 0.877681 -0.041433
v -0.604614 0.876981 -0.019733
v -0.600714 0.878681 -0.063033
v -0.582214 0.886581 0.002067
v -0.570014 0.884081 0.002067
v -0.569514 0.884281 -0.018033
v -0.568214 0.884881 -0.037933
v -0.565914 0.885881 -0.057833
v -0.607314 0.868181 -0.064533
v -0.609814 0.867181 -0.042433
v -0.611314 0.866481 -0.020233
v -0.611814 0.866281 0.002067
v -0.605114 0.876781 0.002067
v -0.594614 0.883881 0.002067
v -0.580414 0.887381 0.043067
v -0.592714 0.884681 0.044267
v -0.590314 0.885681 0.065267
v -0.578114 0.888381 0.063367
v -0.581814 0.886781 0.022567
v -0.594114 0.884081 0.023167
v -0.603214 0.877681 0.045467
v -0.600714 0.878681 0.067067
v -0.604614 0.876981 0.023767
v -0.574814 0.889681 0.083667
v -0.562814 0.887181 0.081667
v -0.565914 0.885881 0.061867
v -0.568214 0.884881 0.041967
v -0.569514 0.884281 0.022067
v -0.611314 0.866481 0.024267
v -0.609814 0.867181 0.046467
v -0.607314 0.868181 0.068567
v -0.603814 0.869681 0.090467
v -0.597314 0.880181 0.088467
v -0.587014 0.887081 0.086067
v -0.565714 0.893681 0.123467
v -0.577514 0.891181 0.127067
v -0.571414 0.893781 0.147167
v -0.559714 0.896181 0.142967
v -0.570714 0.891481 0.103667
v -0.582714 0.888881 0.106667
v -0.587614 0.884281 0.130667
v -0.581314 0.886981 0.151367
v -0.592914 0.881981 0.109667
v -0.553014 0.899081 0.162067
v -0.541414 0.896281 0.158167
v -0.548114 0.893481 0.139467
v -0.553814 0.890981 0.120467
v -0.558714 0.888881 0.101167
v -0.599314 0.871581 0.112167
v -0.593914 0.873981 0.133667
v -0.587414 0.876681 0.154767
v -0.580114 0.879781 0.175567
v -0.574114 0.890081 0.171567
v -0.564414 0.896681 0.166867
v -0.536814 0.905981 0.199167
v -0.547814 0.903781 0.205067
v -0.538214 0.907881 0.223467
v -0.527514 0.909881 0.217067
v -0.545314 0.902281 0.180867
v -0.556614 0.900081 0.186167
v -0.557014 0.897381 0.210967
v -0.547114 0.901581 0.229867
v -0.566014 0.893481 0.191467
v -0.517414 0.914181 0.234367
v -0.506714 0.911081 0.228667
v -0.516614 0.906881 0.211767
v -0.525714 0.902981 0.194367
v -0.534014 0.899481 0.176467
v -0.571814 0.883381 0.195867
v -0.562614 0.887281 0.215767
v -0.552514 0.891581 0.235167
v -0.541514 0.896281 0.253967
v -0.536414 0.906081 0.248267
v -0.527814 0.912381 0.241267
v -0.494914 0.923781 0.267367
v -0.504714 0.922181 0.275267
v -0.492014 0.927581 0.291267
v -0.482614 0.929081 0.282967
v -0.506514 0.918881 0.251167
v -0.516614 0.917081 0.258567
v -0.512614 0.916281 0.283167
v -0.499514 0.921881 0.299667
v -0.524914 0.910981 0.265967
v -0.469514 0.934581 0.297767
v -0.460114 0.930981 0.290467
v -0.472814 0.925581 0.275967
v -0.484814 0.920481 0.260867
v -0.496114 0.915581 0.245067
v -0.529714 0.901281 0.272167
v -0.517114 0.906681 0.289667
v -0.503814 0.912381 0.306567
v -0.489614 0.918381 0.322667
v -0.485714 0.927681 0.315367
v -0.478614 0.933381 0.306567
v -0.441614 0.946581 0.325367
v -0.449714 0.945581 0.334967
v -0.434414 0.952181 0.347967
v -0.426714 0.952881 0.337967
v -0.455914 0.940481 0.311967
v -0.464514 0.939381 0.321167
v -0.456114 0.940381 0.344567
v -0.440314 0.947081 0.357967
v -0.471214 0.933881 0.330367
v -0.411214 0.959481 0.349767
v -0.403214 0.955181 0.341267
v -0.418314 0.948781 0.329667
v -0.432814 0.942581 0.317367
v -0.446714 0.936681 0.304267
v -0.474814 0.924681 0.337967
v -0.459314 0.931281 0.352567
v -0.443214 0.938181 0.366267
v -0.426414 0.945281 0.379067
v -0.423914 0.954081 0.370467
v -0.418514 0.958981 0.360167
v -0.378914 0.973281 0.370867
v -0.385214 0.973181 0.381867
v -0.367814 0.980581 0.391367
v -0.362014 0.980481 0.380167
v -0.395314 0.966281 0.360767
v -0.402114 0.965981 0.371467
v -0.389614 0.968681 0.392867
v -0.371814 0.976281 0.402667
v -0.407014 0.961281 0.382167
v -0.344714 0.987881 0.388467
v -0.338314 0.982881 0.378967
v -0.355214 0.975681 0.370867
v -0.371614 0.968681 0.361867
v -0.387614 0.961881 0.351967
v -0.409114 0.952681 0.390967
v -0.391314 0.960281 0.401967
v -0.373014 0.968081 0.411967
v -0.354314 0.976081 0.420967
v -0.353514 0.984081 0.411467
v -0.350014 0.988181 0.399967
v -0.309214 1.002981 0.402267
v -0.313414 1.003781 0.414167
v -0.294714 1.011781 0.419867
v -0.291014 1.010781 0.407767
v -0.327114 0.995381 0.395867
v -0.331914 0.995881 0.407567
v -0.315814 1.000181 0.426067
v -0.296514 1.008381 0.431867
v -0.334814 0.992081 0.419267
v -0.272514 1.018581 0.412267
v -0.267914 1.012881 0.402167
v -0.285914 1.005281 0.397767
v -0.303614 0.997681 0.392467
v -0.321114 0.990181 0.386167
v -0.335214 0.984181 0.428967
v -0.315814 0.992481 0.435967
v -0.296114 1.000881 0.441867
v -0.276114 1.009381 0.446767
v -0.277014 1.016681 0.436667
v -0.275714 1.019881 0.424467
v -0.235214 1.034581 0.418267
v -0.237214 1.036281 0.430667
v -0.217814 1.044481 0.432167
v -0.216414 1.042581 0.419767
v -0.253914 1.026581 0.415767
v -0.256514 1.027981 0.428067
v -0.237414 1.033581 0.443067
v -0.217514 1.042081 0.444667
v -0.257314 1.025081 0.440367
v -0.197514 1.050581 0.420267
v -0.194714 1.044081 0.409967
v -0.213114 1.036281 0.409467
v -0.231514 1.028481 0.408067
v -0.249814 1.020681 0.405567
v -0.255914 1.017981 0.450567
v -0.235614 1.026681 0.453267
v -0.215214 1.035381 0.454967
v -0.194714 1.044081 0.455467
v -0.197514 1.050581 0.445167
v -0.198414 1.052781 0.432767
v -0.159814 1.066681 0.418267
v -0.159614 1.069381 0.430667
v -0.140314 1.077581 0.428067
v -0.141014 1.074681 0.415767
v -0.178614 1.058681 0.419767
v -0.179014 1.061081 0.432167
v -0.157514 1.067681 0.443067
v -0.137714 1.076081 0.440367
v -0.177514 1.059181 0.444667
v -0.122414 1.082681 0.412267
v -0.121514 1.075381 0.402167
v -0.139614 1.067581 0.405567
v -0.157914 1.059781 0.408067
v -0.176314 1.051981 0.409467
v -0.174214 1.052881 0.454967
v -0.153814 1.061581 0.453267
v -0.133514 1.070181 0.450567
v -0.113314 1.078781 0.446767
v -0.118014 1.084581 0.436667
v -0.121114 1.085781 0.424467
v -0.085814 1.098281 0.402267
v -0.083414 1.101781 0.414167
v -0.064914 1.109681 0.407567
v -0.067914 1.105881 0.395867
v -0.104014 1.090481 0.407767
v -0.102114 1.093881 0.419867
v -0.079114 1.101081 0.426067
v -0.060214 1.109181 0.419267
v -0.098414 1.092881 0.431867
v -0.050214 1.113381 0.388467
v -0.051114 1.105381 0.378967
v -0.068314 1.097981 0.386167
v -0.085814 1.090581 0.392467
v -0.103514 1.082981 0.397767
v -0.093414 1.087381 0.441867
v -0.073614 1.095781 0.435967
v -0.054214 1.104081 0.428967
v -0.035114 1.112181 0.420967
v -0.041514 1.117181 0.411467
v -0.046814 1.117481 0.399967
v -0.016114 1.127981 0.370867
v -0.011614 1.132381 0.381867
v 0.005286 1.139681 0.371467
v 0.000286 1.134981 0.360767
v -0.033014 1.120781 0.380167
v -0.029014 1.124981 0.391367
v -0.005314 1.132581 0.392867
v 0.012086 1.139981 0.382167
v -0.023214 1.124981 0.402667
v 0.016286 1.141781 0.349767
v 0.013786 1.132981 0.341267
v -0.001814 1.126381 0.351967
v -0.017814 1.119581 0.361867
v -0.034314 1.112581 0.370867
v -0.016414 1.120181 0.411967
v 0.001886 1.127981 0.401967
v 0.019686 1.135581 0.390967
v 0.036986 1.142881 0.379067
v 0.028986 1.147181 0.370467
v 0.021686 1.146681 0.360167
v 0.046586 1.154681 0.325367
v 0.052886 1.159981 0.334967
v 0.067686 1.166281 0.321167
v 0.060886 1.160781 0.311967
v 0.031686 1.148381 0.337967
v 0.037586 1.153381 0.347967
v 0.061086 1.160881 0.344567
v 0.076286 1.167381 0.330367
v 0.045286 1.154181 0.357967
v 0.074586 1.166581 0.297767
v 0.070686 1.157281 0.290467
v 0.057286 1.151581 0.304267
v 0.043386 1.145681 0.317367
v 0.028786 1.139481 0.329667
v 0.053786 1.150081 0.366267
v 0.069886 1.156981 0.352567
v 0.085386 1.163581 0.337967
v 0.100186 1.169881 0.322667
v 0.090786 1.173481 0.315367
v 0.081786 1.172281 0.306567
v 0.099886 1.177481 0.267367
v 0.107886 1.183381 0.275267
v 0.119786 1.188481 0.258567
v 0.111586 1.182381 0.251167
v 0.087586 1.172181 0.282967
v 0.095186 1.177981 0.291267
v 0.117586 1.184981 0.283167
v 0.129886 1.190181 0.265967
v 0.104586 1.179381 0.299667
v 0.122386 1.186981 0.234367
v 0.117286 1.177181 0.228667
v 0.106686 1.172681 0.245067
v 0.095386 1.167781 0.260867
v 0.083386 1.162681 0.275967
v 0.114386 1.175881 0.306567
v 0.127686 1.181581 0.289667
v 0.140286 1.186981 0.272167
v 0.152086 1.191981 0.253967
v 0.141486 1.195181 0.248267
v 0.130986 1.193281 0.241367
v 0.141786 1.195281 0.199167
v 0.150986 1.201781 0.205067
v 0.159786 1.205481 0.186167
v 0.150286 1.198881 0.180867
v 0.132486 1.191381 0.217067
v 0.141386 1.197681 0.223467
v 0.161986 1.203881 0.210967
v 0.170986 1.207781 0.191467
v 0.152186 1.199681 0.229867
v 0.157986 1.202181 0.162067
v 0.151986 1.191981 0.158167
v 0.144486 1.188781 0.176467
v 0.136286 1.185281 0.194367
v 0.127186 1.181381 0.211767
v 0.163086 1.196681 0.235167
v 0.173186 1.200981 0.215767
v 0.182386 1.204881 0.195867
v 0.190686 1.208481 0.175567
v 0.179086 1.211181 0.171567
v 0.167586 1.208881 0.166867
v 0.170686 1.207581 0.123467
v 0.180686 1.214481 0.127067
v 0.185886 1.216681 0.106667
v 0.175786 1.209781 0.103667
v 0.164786 1.205081 0.142967
v 0.174586 1.211881 0.147167
v 0.192586 1.216981 0.130667
v 0.197886 1.219181 0.109667
v 0.186286 1.214281 0.151367
v 0.179886 1.211481 0.083667
v 0.173386 1.201081 0.081667
v 0.169286 1.199381 0.101167
v 0.164386 1.197281 0.120467
v 0.158586 1.194781 0.139467
v 0.197986 1.211581 0.154767
v 0.204386 1.214281 0.133667
v 0.209886 1.216681 0.112167
v 0.214386 1.218581 0.090467
v 0.202286 1.221081 0.088467
v 0.190186 1.218481 0.086067
v 0.185386 1.213881 0.043067
v 0.195886 1.220881 0.044267
v 0.197286 1.221481 0.023167
v 0.186786 1.214481 0.022567
v 0.183086 1.212881 0.063367
v 0.193486 1.219881 0.065267
v 0.208186 1.223581 0.045467
v 0.209686 1.224181 0.023767
v 0.205686 1.222581 0.067067
v 0.187286 1.214681 0.002067
v 0.180586 1.204181 0.002067
v 0.180086 1.203981 0.022067
v 0.178786 1.203381 0.041967
v 0.176486 1.202381 0.061867
v 0.217886 1.220081 0.068567
v 0.220386 1.221081 0.046467
v 0.221886 1.221781 0.024267
v 0.222386 1.221981 0.002067
v 0.210186 1.224381 0.002067
v 0.197786 1.221681 0.002067
v 0.185386 1.213881 -0.038933
v 0.195886 1.220881 -0.040233
v 0.193486 1.219881 -0.061133
v 0.183086 1.212881 -0.059333
v 0.186786 1.214481 -0.018533
v 0.197286 1.221481 -0.019133
v 0.208186 1.223581 -0.041433
v 0.205686 1.222581 -0.063033
v 0.209686 1.224181 -0.019733
v 0.179886 1.211481 -0.079533
v 0.173386 1.201081 -0.077533
v 0.176486 1.202381 -0.057833
v 0.178786 1.203381 -0.037933
v 0.180086 1.203981 -0.018033
v 0.221886 1.221781 -0.020233
v 0.220386 1.221081 -0.042433
v 0.217886 1.220081 -0.064533
v 0.214386 1.218581 -0.086433
v 0.202286 1.221081 -0.084433
v 0.190186 1.218481 -0.082033
v 0.170686 1.207581 -0.119433
v 0.180686 1.214481 -0.123033
v 0.174586 1.211881 -0.143033
v 0.164786 1.205081 -0.138933
v 0.175786 1.209781 -0.099633
v 0.185886 1.216681 -0.102633
v 0.192586 1.216981 -0.126633
v 0.186286 1.214281 -0.147233
v 0.197886 1.219181 -0.105633
v 0.157986 1.202181 -0.158033
v 0.151986 1.191981 -0.154133
v 0.158586 1.194781 -0.135433
v 0.164386 1.197281 -0.116433
v 0.169286 1.199381 -0.097133
v 0.209886 1.216681 -0.108133
v 0.204386 1.214281 -0.129633
v 0.197986 1.211581 -0.150733
v 0.190686 1.208481 -0.171533
v 0.179086 1.211181 -0.167533
v 0.167586 1.208881 -0.162833
v 0.141786 1.195281 -0.195133
v 0.150986 1.201781 -0.201033
v 0.141386 1.197681 -0.219433
v 0.132486 1.191381 -0.213033
v 0.150286 1.198881 -0.176833
v 0.159786 1.205481 -0.182133
v 0.161986 1.203881 -0.206833
v 0.152186 1.199681 -0.225833
v 0.170986 1.207781 -0.187433
v 0.122386 1.186981 -0.230333
v 0.117286 1.177181 -0.224633
v 0.127186 1.181381 -0.207733
v 0.136286 1.185281 -0.190333
v 0.144486 1.188781 -0.172433
v 0.182386 1.204881 -0.191833
v 0.173186 1.200981 -0.211733
v 0.163086 1.196681 -0.231133
v 0.152086 1.191981 -0.249933
v 0.141486 1.195181 -0.244133
v 0.130986 1.193281 -0.237233
v 0.099886 1.177481 -0.263333
v 0.107886 1.183381 -0.271233
v 0.095186 1.177981 -0.287233
v 0.087586 1.172181 -0.278833
v 0.111586 1.182381 -0.247133
v 0.119786 1.188481 -0.254533
v 0.117586 1.184981 -0.279133
v 0.104586 1.179381 -0.295533
v 0.129886 1.190181 -0.261933
v 0.074586 1.166581 -0.293733
v 0.070686 1.157281 -0.286433
v 0.083386 1.162681 -0.271933
v 0.095386 1.167781 -0.256833
v 0.106686 1.172681 -0.241033
v 0.140286 1.186981 -0.268133
v 0.127686 1.181581 -0.285633
v 0.114386 1.175881 -0.302533
v 0.100186 1.169881 -0.318633
v 0.090786 1.173481 -0.311333
v 0.081786 1.172281 -0.302533
v 0.046586 1.154681 -0.321333
v 0.052886 1.159981 -0.330933
v 0.037586 1.153381 -0.343933
v 0.031686 1.148381 -0.333933
v 0.060886 1.160781 -0.307933
v 0.067686 1.166281 -0.317133
v 0.061086 1.160881 -0.340533
v 0.045286 1.154181 -0.353933
v 0.076286 1.167381 -0.326333
v 0.016286 1.141781 -0.345733
v 0.013786 1.132981 -0.337233
v 0.028786 1.139481 -0.325633
v 0.043386 1.145681 -0.313333
v 0.057286 1.151581 -0.300233
v 0.085386 1.163581 -0.333933
v 0.069886 1.156981 -0.348533
v 0.053786 1.150081 -0.362133
v 0.036986 1.142881 -0.375033
v 0.028986 1.147181 -0.366433
v 0.021686 1.146681 -0.356133
v -0.016114 1.127981 -0.366833
v -0.011614 1.132381 -0.377833
v -0.029014 1.124981 -0.387333
v -0.033014 1.120781 -0.376133
v 0.000286 1.134981 -0.356733
v 0.005286 1.139681 -0.367433
v -0.005314 1.132581 -0.388833
v -0.023214 1.124981 -0.398533
v 0.012086 1.139981 -0.378033
v -0.050214 1.113381 -0.384433
v -0.051114 1.105381 -0.374933
v -0.034314 1.112581 -0.366733
v -0.017814 1.119581 -0.357733
v -0.001814 1.126381 -0.347933
v 0.019686 1.135581 -0.386933
v 0.001886 1.127981 -0.397833
v -0.016414 1.120181 -0.407833
v -0.035114 1.112181 -0.416933
v -0.041514 1.117181 -0.407333
v -0.046814 1.117481 -0.395933
v -0.085814 1.098281 -0.398233
v -0.083414 1.101781 -0.410133
v -0.102114 1.093881 -0.415733
v -0.104014 1.090481 -0.403733
v -0.067914 1.105881 -0.391833
v -0.064914 1.109681 -0.403533
v -0.079114 1.101081 -0.422033
v -0.098414 1.092881 -0.427833
v -0.060214 1.109181 -0.415233
v -0.122414 1.082681 -0.408233
v -0.121514 1.075381 -0.398133
v -0.103514 1.082981 -0.393733
v -0.085814 1.090581 -0.388333
v -0.068314 1.097981 -0.382133
v -0.054214 1.104081 -0.424933
v -0.073614 1.095781 -0.431933
v -0.093414 1.087381 -0.437833
v -0.113314 1.078781 -0.442733
v -0.118014 1.084581 -0.432633
v -0.121114 1.085781 -0.420433
v -0.159814 1.066681 -0.414233
v -0.159614 1.069381 -0.426633
v -0.179014 1.061081 -0.428133
v -0.178614 1.058681 -0.415733
v -0.141014 1.074681 -0.411733
v -0.140314 1.077581 -0.424033
v -0.157514 1.067681 -0.438933
v -0.177514 1.059181 -0.440533
v -0.137714 1.076081 -0.436333
v -0.176314 1.051981 -0.405433
v -0.157914 1.059781 -0.403933
v -0.139614 1.067581 -0.401533
v -0.133514 1.070181 -0.446533
v -0.153814 1.061581 -0.449233
v -0.174214 1.052881 -0.450833
v 0.225286 1.180981 -0.131433
v 0.221786 1.194381 -0.132033
v 0.227386 1.196781 -0.110233
v 0.230886 1.183281 -0.109733
v 0.218786 1.178181 -0.152933
v 0.215286 1.191581 -0.153633
v 0.214486 1.206281 -0.131433
v 0.220086 1.208581 -0.109733
v 0.207986 1.203481 -0.152933
v 0.235386 1.185281 -0.087633
v 0.211286 1.174981 -0.173933
v 0.207786 1.188381 -0.174733
v 0.200586 1.200281 -0.173933
v 0.224586 1.210581 -0.087633
v 0.231886 1.198681 -0.088133
v -0.143314 1.023781 -0.397633
v -0.148814 1.036381 -0.395533
v -0.166814 1.028681 -0.396933
v -0.161314 1.016081 -0.399033
v -0.125314 1.031481 -0.395233
v -0.130914 1.043981 -0.393133
v -0.154014 1.049081 -0.397633
v -0.172114 1.041381 -0.399033
v -0.136014 1.056781 -0.395233
v -0.179514 1.008381 -0.399533
v -0.107414 1.039081 -0.391833
v -0.113214 1.051581 -0.389733
v -0.118214 1.064381 -0.391833
v -0.190214 1.033681 -0.399533
v -0.184914 1.020981 -0.397433
v -0.505214 0.869481 -0.187233
v -0.508914 0.882881 -0.186233
v -0.517014 0.879381 -0.168733
v -0.513414 0.865981 -0.169633
v -0.496314 0.873281 -0.204433
v -0.500014 0.886581 -0.203333
v -0.516014 0.894781 -0.187233
v -0.524214 0.891281 -0.169633
v -0.507114 0.898581 -0.204433
v -0.520714 0.862881 -0.151633
v -0.486614 0.877381 -0.221033
v -0.490414 0.890781 -0.219933
v -0.497414 0.902681 -0.221033
v -0.531514 0.888181 -0.151633
v -0.524314 0.876281 -0.150833
v 0.193586 1.167381 -0.214733
v 0.189886 1.180781 -0.215733
v 0.199286 1.184781 -0.195533
v 0.202886 1.171381 -0.194533
v 0.183386 1.163081 -0.234333
v 0.179586 1.176381 -0.235433
v 0.182786 1.192681 -0.214733
v 0.192086 1.196681 -0.194533
v 0.172586 1.188381 -0.234333
v 0.172186 1.158281 -0.253433
v 0.168486 1.171681 -0.254633
v 0.161486 1.183581 -0.253433
v -0.220914 0.990681 -0.455633
v -0.226514 1.003281 -0.457733
v -0.205714 1.012081 -0.459433
v -0.200214 0.999481 -0.457233
v -0.241514 0.981881 -0.452833
v -0.247214 0.994381 -0.454933
v -0.231714 1.015981 -0.455633
v -0.211014 1.024781 -0.457233
v -0.252314 1.007181 -0.452833
v -0.179514 1.008381 -0.457833
v -0.262014 0.973181 -0.448933
v -0.267814 0.985681 -0.451033
v -0.272814 0.998481 -0.448933
v -0.190214 1.033681 -0.457833
v -0.184914 1.020981 -0.459933
v -0.533014 0.857681 -0.114533
v -0.536514 0.871081 -0.113933
v -0.541314 0.869081 -0.095033
v -0.537814 0.855581 -0.095533
v -0.527314 0.860081 -0.133233
v -0.530814 0.873481 -0.132533
v -0.543714 0.882881 -0.114533
v -0.548614 0.880881 -0.095533
v -0.538014 0.885381 -0.133233
v -0.541814 0.853881 -0.076333
v -0.552514 0.879181 -0.076333
v -0.545214 0.867381 -0.075933
v 0.147486 1.147781 -0.289733
v 0.143586 1.161081 -0.291033
v 0.156486 1.166581 -0.273133
v 0.160286 1.153181 -0.271933
v 0.133986 1.141981 -0.306733
v 0.129986 1.155281 -0.308233
v 0.136686 1.173081 -0.289733
v 0.149486 1.178481 -0.271933
v 0.123186 1.167281 -0.306733
v 0.119586 1.135881 -0.323133
v 0.115586 1.149081 -0.324633
v 0.108886 1.161181 -0.323133
v -0.302214 0.955981 -0.438033
v -0.308214 0.968381 -0.440033
v -0.288114 0.976981 -0.446133
v -0.282214 0.964581 -0.444033
v -0.322014 0.947581 -0.430933
v -0.328014 0.959981 -0.432933
v -0.313014 0.981281 -0.438033
v -0.293014 0.989781 -0.444033
v -0.332714 0.972881 -0.430933
v -0.341314 0.939381 -0.422833
v -0.347514 0.951681 -0.424733
v -0.352114 0.964681 -0.422833
v -0.547114 0.851581 -0.037333
v -0.550514 0.865081 -0.037133
v -0.551814 0.864481 -0.017533
v -0.548414 0.851081 -0.017633
v -0.544914 0.852581 -0.056933
v -0.548314 0.866081 -0.056533
v -0.557914 0.876881 -0.037333
v -0.559214 0.876381 -0.017633
v -0.555614 0.877881 -0.056933
v -0.548914 0.850881 0.002067
v -0.559614 0.876181 0.002067
v -0.552314 0.864381 0.002067
v 0.088886 1.122781 -0.353433
v 0.084686 1.135981 -0.355033
v 0.100486 1.142681 -0.340233
v 0.104586 1.129481 -0.338733
v 0.072486 1.115781 -0.367333
v 0.068286 1.128981 -0.369033
v 0.078086 1.148081 -0.353433
v 0.093786 1.154781 -0.338733
v 0.061686 1.141081 -0.367333
v 0.055486 1.108581 -0.380333
v 0.051186 1.121681 -0.382133
v 0.044786 1.133881 -0.380333
v -0.378914 0.923381 -0.403533
v -0.385214 0.935581 -0.405433
v -0.366514 0.943581 -0.415633
v -0.360314 0.931281 -0.413633
v -0.396914 0.915681 -0.392433
v -0.403314 0.927881 -0.394233
v -0.389614 0.948581 -0.403533
v -0.371114 0.956581 -0.413633
v -0.407714 0.940881 -0.392433
v -0.414514 0.908181 -0.380333
v -0.420914 0.920381 -0.382133
v -0.425214 0.933481 -0.380333
v -0.547114 0.851581 0.041367
v -0.550514 0.865081 0.041167
v -0.548314 0.866081 0.060667
v -0.544914 0.852581 0.060967
v -0.548414 0.851081 0.021767
v -0.551814 0.864481 0.021667
v -0.557914 0.876881 0.041367
v -0.555614 0.877881 0.060967
v -0.559214 0.876381 0.021767
v -0.541814 0.853881 0.080367
v -0.552514 0.879181 0.080367
v -0.545214 0.867381 0.079967
v 0.019886 1.093381 -0.403533
v 0.015486 1.106381 -0.405433
v 0.033586 1.114181 -0.394233
v 0.037986 1.101081 -0.392433
v 0.001386 1.085481 -0.413633
v -0.003214 1.098481 -0.415633
v 0.009186 1.118681 -0.403533
v 0.027186 1.126381 -0.392433
v -0.009414 1.110781 -0.413633
v -0.017614 1.077381 -0.422833
v -0.022214 1.090381 -0.424733
v -0.028414 1.102681 -0.422833
v -0.447814 0.893981 -0.353433
v -0.454414 0.906081 -0.355033
v -0.438014 0.913081 -0.369033
v -0.431414 0.900881 -0.367333
v -0.463514 0.887281 -0.338733
v -0.470214 0.899281 -0.340233
v -0.458614 0.919281 -0.353433
v -0.442214 0.926181 -0.367333
v -0.474314 0.912581 -0.338733
v -0.478614 0.880881 -0.323133
v -0.485314 0.892881 -0.324633
v -0.489314 0.906081 -0.323133
v -0.533014 0.857681 0.118567
v -0.536514 0.871081 0.117967
v -0.530814 0.873481 0.136567
v -0.527314 0.860081 0.137267
v -0.537814 0.855581 0.099567
v -0.541314 0.869081 0.099067
v -0.543714 0.882881 0.118567
v -0.538014 0.885381 0.137267
v -0.548614 0.880881 0.099567
v -0.520714 0.862881 0.155667
v -0.531514 0.888181 0.155667
v -0.524314 0.876281 0.154867
v -0.056714 1.060681 -0.438033
v -0.061514 1.073581 -0.440033
v -0.041714 1.082081 -0.432933
v -0.037014 1.069081 -0.430933
v -0.076714 1.052181 -0.444033
v -0.081614 1.065081 -0.446133
v -0.067514 1.085981 -0.438033
v -0.047714 1.094381 -0.430933
v -0.087514 1.077481 -0.444033
v -0.096914 1.043581 -0.448933
v -0.101914 1.056381 -0.451033
v -0.107714 1.068881 -0.448933
v -0.506414 0.868981 -0.289733
v -0.513314 0.880981 -0.291033
v -0.499714 0.886781 -0.308233
v -0.492914 0.874781 -0.306733
v -0.519214 0.863481 -0.271933
v -0.526214 0.875481 -0.273133
v -0.517214 0.894281 -0.289733
v -0.503714 0.899981 -0.306733
v -0.530014 0.888781 -0.271933
v -0.531214 0.858381 -0.253433
v -0.538214 0.870381 -0.254633
v -0.541914 0.883681 -0.253433
v -0.505214 0.869481 0.191367
v -0.508914 0.882881 0.190367
v -0.500014 0.886581 0.207367
v -0.496314 0.873281 0.208467
v -0.513414 0.865981 0.173767
v -0.517014 0.879381 0.172767
v -0.516014 0.894781 0.191367
v -0.507114 0.898581 0.208467
v -0.524214 0.891281 0.173767
v -0.486614 0.877381 0.225167
v -0.497414 0.902681 0.225167
v -0.490414 0.890781 0.223967
v -0.138014 1.026081 -0.455633
v -0.143214 1.038781 -0.457733
v -0.122514 1.047581 -0.454933
v -0.117414 1.034781 -0.452833
v -0.158714 1.017181 -0.457233
v -0.164014 1.029881 -0.459433
v -0.148814 1.051281 -0.455633
v -0.128214 1.060081 -0.452833
v -0.169514 1.042481 -0.457233
v -0.552514 0.849281 -0.214733
v -0.559614 0.861181 -0.215733
v -0.549314 0.865581 -0.235433
v -0.542314 0.853681 -0.234333
v -0.561814 0.845281 -0.194533
v -0.569014 0.857181 -0.195533
v -0.563314 0.874581 -0.214733
v -0.553114 0.878981 -0.234333
v -0.572614 0.870581 -0.194533
v -0.570314 0.841781 -0.173933
v -0.577514 0.853581 -0.174733
v -0.581014 0.866981 -0.173933
v -0.465014 0.886581 0.256767
v -0.468914 0.899881 0.255467
v -0.457114 0.904881 0.270267
v -0.453214 0.891681 0.271667
v -0.476214 0.881881 0.241267
v -0.480014 0.895181 0.239967
v -0.475814 0.911881 0.256767
v -0.463914 0.916981 0.271667
v -0.486914 0.907181 0.241267
v -0.440714 0.896981 0.285967
v -0.451414 0.922281 0.285967
v -0.444714 0.910181 0.284467
v -0.584214 0.835781 -0.131433
v -0.591514 0.847581 -0.132033
v -0.585014 0.850381 -0.153633
v -0.577714 0.838581 -0.152933
v -0.589814 0.833381 -0.109733
v -0.597114 0.845281 -0.110233
v -0.595014 0.861081 -0.131433
v -0.588514 0.863881 -0.152933
v -0.600614 0.858681 -0.109733
v -0.594314 0.831481 -0.087633
v -0.601614 0.843281 -0.088133
v -0.605114 0.856781 -0.087633
v -0.413814 0.908481 0.312467
v -0.418014 0.921581 0.310767
v -0.403714 0.927681 0.322867
v -0.399514 0.914581 0.324567
v -0.427514 0.902581 0.299567
v -0.431614 0.915781 0.297967
v -0.424614 0.933781 0.312467
v -0.410314 0.939781 0.324567
v -0.438314 0.927881 0.299567
v -0.384714 0.920881 0.335967
v -0.395514 0.946181 0.335967
v -0.389014 0.933981 0.334167
v -0.600414 0.828881 -0.043033
v -0.607814 0.840681 -0.043233
v -0.605214 0.841781 -0.065733
v -0.597914 0.829981 -0.065433
v -0.601914 0.828181 -0.020533
v -0.609314 0.840081 -0.020633
v -0.611214 0.854181 -0.043033
v -0.608714 0.855281 -0.065433
v -0.612714 0.853481 -0.020533
v -0.602514 0.827981 0.002067
v -0.609814 0.839781 0.002067
v -0.613214 0.853281 0.002067
v -0.353614 0.934081 0.356167
v -0.358114 0.947181 0.354267
v -0.342014 0.953981 0.363167
v -0.337414 0.940981 0.365067
v -0.369414 0.927381 0.346467
v -0.373814 0.940481 0.344667
v -0.364414 0.959381 0.356167
v -0.348214 0.966281 0.365067
v -0.380214 0.952681 0.346467
v -0.320814 0.948081 0.373067
v -0.331614 0.973381 0.373067
v -0.325514 0.961081 0.371067
v -0.600414 0.828881 0.047067
v -0.607814 0.840681 0.047267
v -0.609314 0.840081 0.024667
v -0.601914 0.828181 0.024567
v -0.597914 0.829981 0.069467
v -0.605214 0.841781 0.069767
v -0.611214 0.854181 0.047067
v -0.612714 0.853481 0.024567
v -0.608714 0.855281 0.069467
v -0.594314 0.831481 0.091767
v -0.601614 0.843281 0.092167
v -0.605114 0.856781 0.091767
v -0.286714 0.962681 0.386267
v -0.291514 0.975481 0.384267
v -0.274114 0.982981 0.389467
v -0.269214 0.970081 0.391567
v -0.303914 0.955281 0.380167
v -0.308614 0.968181 0.378167
v -0.297514 0.987881 0.386267
v -0.280014 0.995381 0.391567
v -0.314714 0.980581 0.380167
v -0.251514 0.977681 0.395867
v -0.262314 1.002881 0.395867
v -0.256514 0.990481 0.393767
v -0.584214 0.835781 0.135467
v -0.591514 0.847581 0.136167
v -0.597114 0.845281 0.114267
v -0.589814 0.833381 0.113767
v -0.577714 0.838581 0.156967
v -0.585014 0.850381 0.157667
v -0.595014 0.861081 0.135467
v -0.600614 0.858681 0.113767
v -0.588514 0.863881 0.156967
v -0.570314 0.841781 0.177967
v -0.577514 0.853581 0.178767
v -0.581014 0.866981 0.177967
v -0.215714 0.992881 0.401667
v -0.220914 1.005681 0.399567
v -0.202914 1.013281 0.400967
v -0.197614 1.000681 0.403167
v -0.233714 0.985281 0.399267
v -0.238814 0.997981 0.397167
v -0.226414 1.018181 0.401667
v -0.208414 1.025881 0.403167
v -0.244414 1.010581 0.399267
v -0.179514 1.008381 0.403567
v -0.190214 1.033681 0.403567
v -0.184914 1.020981 0.401467
v -0.552514 0.849281 0.218767
v -0.559614 0.861181 0.219767
v -0.569014 0.857181 0.199567
v -0.561814 0.845281 0.198667
v -0.542314 0.853681 0.238467
v -0.549314 0.865581 0.239567
v -0.563314 0.874581 0.218767
v -0.572614 0.870581 0.198667
v -0.553114 0.878981 0.238467
v -0.531214 0.858381 0.257467
v -0.538214 0.870381 0.258667
v -0.541914 0.883681 0.257467
v -0.143314 1.023781 0.401667
v -0.148814 1.036381 0.399567
v -0.130914 1.043981 0.397167
v -0.125314 1.031481 0.399267
v -0.161314 1.016081 0.403167
v -0.166814 1.028681 0.400967
v -0.154014 1.049081 0.401667
v -0.136014 1.056781 0.399267
v -0.172114 1.041381 0.403167
v -0.107414 1.039081 0.395867
v -0.118214 1.064381 0.395867
v -0.113214 1.051581 0.393767
v -0.506414 0.868981 0.293767
v -0.513314 0.880981 0.295067
v -0.526214 0.875481 0.277267
v -0.519214 0.863481 0.275967
v -0.492914 0.874781 0.310867
v -0.499714 0.886781 0.312267
v -0.517214 0.894281 0.293767
v -0.530014 0.888781 0.275967
v -0.503714 0.899981 0.310867
v -0.478614 0.880881 0.327167
v -0.485314 0.892881 0.328667
v -0.489314 0.906081 0.327167
v -0.072214 1.054081 0.386267
v -0.078214 1.066481 0.384267
v -0.061114 1.073781 0.378167
v -0.055014 1.061381 0.380167
v -0.089714 1.046681 0.391567
v -0.095614 1.059081 0.389467
v -0.083014 1.079381 0.386267
v -0.065814 1.086681 0.380167
v -0.100514 1.071881 0.391567
v -0.038114 1.068681 0.373067
v -0.048914 1.093881 0.373067
v -0.044214 1.080981 0.371067
v -0.447814 0.893981 0.357467
v -0.454414 0.906081 0.359167
v -0.470214 0.899281 0.344367
v -0.463514 0.887281 0.342767
v -0.431414 0.900881 0.371367
v -0.438014 0.913081 0.373067
v -0.458614 0.919281 0.357467
v -0.474314 0.912581 0.342767
v -0.442214 0.926181 0.371367
v -0.414514 0.908181 0.384367
v -0.420914 0.920381 0.386167
v -0.425214 0.933481 0.384367
v -0.005314 1.082581 0.356167
v -0.011614 1.094881 0.354267
v 0.004086 1.101581 0.344667
v 0.010486 1.089381 0.346467
v -0.021514 1.075681 0.365067
v -0.027714 1.087981 0.363167
v -0.016114 1.107881 0.356167
v -0.000314 1.114581 0.346467
v -0.032314 1.100981 0.365067
v 0.025786 1.095881 0.335967
v 0.014986 1.121181 0.335967
v 0.019286 1.108081 0.334167
v -0.378914 0.923381 0.407567
v -0.385214 0.935581 0.409467
v -0.403314 0.927881 0.398267
v -0.396914 0.915681 0.396467
v -0.360314 0.931281 0.417667
v -0.366514 0.943581 0.419667
v -0.389614 0.948581 0.407567
v -0.407714 0.940881 0.396467
v -0.371114 0.956581 0.417667
v -0.341314 0.939381 0.426867
v -0.347514 0.951681 0.428867
v -0.352114 0.964681 0.426867
v 0.054886 1.108281 0.312467
v 0.048286 1.120381 0.310767
v 0.061886 1.126181 0.297967
v 0.068586 1.114181 0.299567
v 0.040586 1.102181 0.324567
v 0.033986 1.114381 0.322867
v 0.044086 1.133581 0.312467
v 0.057786 1.139381 0.299567
v 0.029786 1.127481 0.324567
v 0.081686 1.119781 0.285967
v 0.070986 1.144981 0.285967
v 0.074986 1.131781 0.284467
v -0.302214 0.955981 0.442067
v -0.308214 0.968381 0.444067
v -0.328014 0.959981 0.436967
v -0.322014 0.947581 0.434967
v -0.282214 0.964581 0.448067
v -0.288114 0.976981 0.450167
v -0.313014 0.981281 0.442067
v -0.332714 0.972881 0.434967
v -0.293014 0.989781 0.448067
v -0.262014 0.973181 0.453067
v -0.267814 0.985681 0.455167
v -0.272814 0.998481 0.453067
v 0.106086 1.130081 0.256767
v 0.099186 1.142081 0.255467
v 0.110286 1.146881 0.239967
v 0.117186 1.134881 0.241267
v 0.094186 1.125081 0.271667
v 0.087386 1.137081 0.270267
v 0.095286 1.155381 0.256767
v 0.106486 1.160181 0.241267
v 0.083486 1.150381 0.271667
v 0.127686 1.139281 0.225167
v 0.116886 1.164581 0.225167
v 0.120686 1.151281 0.223967
v -0.220914 0.990681 0.459667
v -0.226514 1.003281 0.461767
v -0.247214 0.994381 0.458967
v -0.241514 0.981881 0.456867
v -0.200214 0.999481 0.461267
v -0.205714 1.012081 0.463467
v -0.231714 1.015981 0.459667
v -0.252314 1.007181 0.456867
v -0.211014 1.024781 0.461267
v -0.179514 1.008381 0.461867
v -0.184914 1.020981 0.463967
v -0.190214 1.033681 0.461867
v 0.146286 1.147281 0.191367
v 0.139186 1.159181 0.190367
v 0.147286 1.162681 0.172767
v 0.154486 1.150781 0.173767
v 0.137386 1.143481 0.208467
v 0.130286 1.155381 0.207367
v 0.135486 1.172581 0.191367
v 0.143686 1.175981 0.173767
v 0.126586 1.168781 0.208467
v 0.161786 1.153881 0.155667
v 0.150986 1.179181 0.155667
v 0.154586 1.165781 0.154867
v -0.138014 1.026081 0.459667
v -0.143214 1.038781 0.461767
v -0.164014 1.029881 0.463467
v -0.158714 1.017181 0.461267
v -0.117414 1.034781 0.456867
v -0.122514 1.047581 0.458967
v -0.148814 1.051281 0.459667
v -0.169514 1.042481 0.461267
v -0.128214 1.060081 0.456867
v -0.096914 1.043581 0.453067
v -0.101914 1.056381 0.455167
v -0.107714 1.068881 0.453067
v 0.173986 1.159081 0.118567
v 0.166786 1.170881 0.117967
v 0.171586 1.172981 0.099067
v 0.178886 1.161181 0.099567
v 0.168286 1.156681 0.137267
v 0.161086 1.168481 0.136567
v 0.163286 1.184381 0.118567
v 0.168086 1.186481 0.099567
v 0.157586 1.181981 0.137267
v 0.182786 1.162881 0.080367
v 0.172086 1.188081 0.080367
v 0.175486 1.174681 0.079967
v -0.056714 1.060681 0.442067
v -0.061514 1.073581 0.444067
v -0.081614 1.065081 0.450167
v -0.076714 1.052181 0.448067
v -0.037014 1.069081 0.434967
v -0.041714 1.082081 0.436967
v -0.067514 1.085981 0.442067
v -0.087514 1.077481 0.448067
v -0.047714 1.094381 0.434967
v -0.017614 1.077381 0.426867
v -0.022214 1.090381 0.428867
v -0.028414 1.102681 0.426867
v 0.188186 1.165081 0.041367
v 0.180786 1.176881 0.041167
v 0.182086 1.177481 0.021667
v 0.189486 1.165681 0.021767
v 0.185886 1.164181 0.060967
v 0.178586 1.175981 0.060667
v 0.177386 1.190381 0.041367
v 0.178686 1.190981 0.021767
v 0.175186 1.189481 0.060967
v 0.189886 1.165881 0.002067
v 0.179186 1.191181 0.002067
v 0.182586 1.177681 0.002067
v 0.019886 1.093381 0.407567
v 0.015486 1.106381 0.409467
v -0.003214 1.098481 0.419667
v 0.001386 1.085481 0.417667
v 0.037986 1.101081 0.396467
v 0.033586 1.114181 0.398267
v 0.009186 1.118681 0.407567
v -0.009414 1.110781 0.417667
v 0.027186 1.126381 0.396467
v 0.055486 1.108581 0.384367
v 0.051186 1.121681 0.386167
v 0.044786 1.133881 0.384367
v 0.188186 1.165081 -0.037333
v 0.180786 1.176881 -0.037133
v 0.178586 1.175981 -0.056533
v 0.185886 1.164181 -0.056933
v 0.189486 1.165681 -0.017633
v 0.182086 1.177481 -0.017533
v 0.177386 1.190381 -0.037333
v 0.175186 1.189481 -0.056933
v 0.178686 1.190981 -0.017633
v 0.182786 1.162881 -0.076333
v 0.172086 1.188081 -0.076333
v 0.175486 1.174681 -0.075933
v 0.088886 1.122781 0.357467
v 0.084686 1.135981 0.359167
v 0.068286 1.128981 0.373067
v 0.072486 1.115781 0.371367
v 0.104586 1.129481 0.342767
v 0.100486 1.142681 0.344367
v 0.078086 1.148081 0.357467
v 0.061686 1.141081 0.371367
v 0.093786 1.154781 0.342767
v 0.119586 1.135881 0.327167
v 0.115586 1.149081 0.328667
v 0.108886 1.161181 0.327167
v 0.173986 1.159081 -0.114533
v 0.166786 1.170881 -0.113933
v 0.161086 1.168481 -0.132533
v 0.168286 1.156681 -0.133233
v 0.178886 1.161181 -0.095533
v 0.171586 1.172981 -0.095033
v 0.163286 1.184381 -0.114533
v 0.157586 1.181981 -0.133233
v 0.168086 1.186481 -0.095533
v 0.161786 1.153881 -0.151633
v 0.150986 1.179181 -0.151633
v 0.154586 1.165781 -0.150833
v 0.147486 1.147781 0.293767
v 0.143586 1.161081 0.295067
v 0.129986 1.155281 0.312267
v 0.133986 1.141981 0.310867
v 0.160286 1.153181 0.275967
v 0.156486 1.166581 0.277267
v 0.136686 1.173081 0.293767
v 0.123186 1.167281 0.310867
v 0.149486 1.178481 0.275967
v 0.172186 1.158281 0.257467
v 0.168486 1.171681 0.258667
v 0.161486 1.183581 0.257467
v 0.146286 1.147281 -0.187233
v 0.139186 1.159181 -0.186233
v 0.130286 1.155381 -0.203333
v 0.137386 1.143481 -0.204433
v 0.154486 1.150781 -0.169633
v 0.147286 1.162681 -0.168733
v 0.135486 1.172581 -0.187233
v 0.126586 1.168781 -0.204433
v 0.143686 1.175981 -0.169633
v 0.127686 1.139281 -0.221033
v 0.116886 1.164581 -0.221033
v 0.120686 1.151281 -0.219933
v -0.215714 0.992881 -0.397633
v -0.220914 1.005681 -0.395533
v -0.238814 0.997981 -0.393133
v -0.233714 0.985281 -0.395233
v -0.197614 1.000681 -0.399033
v -0.202914 1.013281 -0.396933
v -0.226414 1.018181 -0.397633
v -0.244414 1.010581 -0.395233
v -0.208414 1.025881 -0.399033
v -0.251514 0.977681 -0.391833
v -0.262314 1.002881 -0.391833
v -0.256514 0.990481 -0.389733
v 0.193586 1.167381 0.218767
v 0.189886 1.180781 0.219767
v 0.179586 1.176381 0.239567
v 0.183386 1.163081 0.238467
v 0.202886 1.171381 0.198667
v 0.199286 1.184781 0.199567
v 0.182786 1.192681 0.218767
v 0.172586 1.188381 0.238467
v 0.192086 1.196681 0.198667
v 0.211286 1.174981 0.177967
v 0.207786 1.188381 0.178767
v 0.200586 1.200281 0.177967
v 0.106086 1.130081 -0.252733
v 0.099186 1.142081 -0.251333
v 0.087386 1.137081 -0.266233
v 0.094186 1.125081 -0.267633
v 0.117186 1.134881 -0.237233
v 0.110286 1.146881 -0.235933
v 0.095286 1.155381 -0.252733
v 0.083486 1.150381 -0.267633
v 0.106486 1.160181 -0.237233
v 0.081686 1.119781 -0.281933
v 0.070986 1.144981 -0.281933
v 0.074986 1.131781 -0.280433
v -0.286714 0.962681 -0.382233
v -0.291514 0.975481 -0.380233
v -0.308614 0.968181 -0.374033
v -0.303914 0.955281 -0.376033
v -0.269214 0.970081 -0.387533
v -0.274114 0.982981 -0.385433
v -0.297514 0.987881 -0.382233
v -0.314714 0.980581 -0.376033
v -0.280014 0.995381 -0.387533
v -0.320814 0.948081 -0.368933
v -0.331614 0.973381 -0.368933
v -0.325514 0.961081 -0.367033
v 0.225286 1.180981 0.135467
v 0.221786 1.194381 0.136167
v 0.215286 1.191581 0.157667
v 0.218786 1.178181 0.156967
v 0.230886 1.183281 0.113767
v 0.227386 1.196781 0.114267
v 0.214486 1.206281 0.135467
v 0.207986 1.203481 0.156967
v 0.220086 1.208581 0.113767
v 0.235386 1.185281 0.091767
v 0.231886 1.198681 0.092167
v 0.224586 1.210581 0.091767
v 0.054886 1.108281 -0.308433
v 0.048286 1.120381 -0.306733
v 0.033986 1.114381 -0.318833
v 0.040586 1.102181 -0.320533
v 0.068586 1.114181 -0.295533
v 0.061886 1.126181 -0.293933
v 0.044086 1.133581 -0.308433
v 0.029786 1.127481 -0.320533
v 0.057786 1.139381 -0.295533
v 0.025786 1.095881 -0.331833
v 0.014986 1.121181 -0.331833
v 0.019286 1.108081 -0.330133
v -0.353614 0.934081 -0.352133
v -0.358114 0.947181 -0.350233
v -0.373814 0.940481 -0.340633
v -0.369414 0.927381 -0.342433
v -0.337414 0.940981 -0.361033
v -0.342014 0.953981 -0.359033
v -0.364414 0.959381 -0.352133
v -0.380214 0.952681 -0.342433
v -0.348214 0.966281 -0.361033
v -0.384714 0.920881 -0.331833
v -0.395514 0.946181 -0.331833
v -0.389014 0.933981 -0.330133
v 0.241486 1.187881 0.047067
v 0.238086 1.201281 0.047267
v 0.235486 1.200281 0.069767
v 0.238986 1.186781 0.069467
v 0.242986 1.188481 0.024567
v 0.239586 1.201981 0.024667
v 0.230686 1.213181 0.047067
v 0.228186 1.212081 0.069467
v 0.232186 1.213781 0.024567
v 0.243486 1.188681 0.002067
v 0.240086 1.202181 0.002067
v 0.232786 1.213981 0.002067
v -0.005314 1.082581 -0.352133
v -0.011614 1.094881 -0.350233
v -0.027714 1.087981 -0.359033
v -0.021514 1.075681 -0.361033
v 0.010486 1.089381 -0.342433
v 0.004086 1.101581 -0.340633
v -0.016114 1.107881 -0.352133
v -0.032314 1.100981 -0.361033
v -0.000314 1.114581 -0.342433
v -0.038114 1.068681 -0.368933
v -0.048914 1.093881 -0.368933
v -0.044214 1.080981 -0.367033
v -0.413814 0.908481 -0.308433
v -0.418014 0.921581 -0.306733
v -0.431614 0.915781 -0.293933
v -0.427514 0.902581 -0.295533
v -0.399514 0.914581 -0.320533
v -0.403714 0.927681 -0.318833
v -0.424614 0.933781 -0.308433
v -0.438314 0.927881 -0.295533
v -0.410314 0.939781 -0.320533
v -0.440714 0.896981 -0.281933
v -0.451414 0.922281 -0.281933
v -0.444714 0.910181 -0.280433
v 0.241486 1.187881 -0.043033
v 0.238086 1.201281 -0.043233
v 0.239586 1.201981 -0.020633
v 0.242986 1.188481 -0.020533
v 0.238986 1.186781 -0.065433
v 0.235486 1.200281 -0.065733
v 0.230686 1.213181 -0.043033
v 0.232186 1.213781 -0.020533
v 0.228186 1.212081 -0.065433
v -0.072214 1.054081 -0.382233
v -0.078214 1.066481 -0.380233
v -0.095614 1.059081 -0.385433
v -0.089714 1.046681 -0.387533
v -0.055014 1.061381 -0.376033
v -0.061114 1.073781 -0.374033
v -0.083014 1.079381 -0.382233
v -0.100514 1.071881 -0.387533
v -0.065814 1.086681 -0.376033
v -0.465014 0.886581 -0.252733
v -0.468914 0.899881 -0.251333
v -0.480014 0.895181 -0.235933
v -0.476214 0.881881 -0.237233
v -0.453214 0.891681 -0.267633
v -0.457114 0.904881 -0.266233
v -0.475814 0.911881 -0.252733
v -0.486914 0.907181 -0.237233
v -0.463914 0.916981 -0.267633
v -0.192114 1.011481 -0.406833
v -0.120214 1.042281 -0.399133
v -0.051114 1.071781 -0.376333
v 0.012586 1.099081 -0.339333
v 0.068486 1.122981 -0.289433
v 0.114286 1.142581 -0.228733
v 0.148386 1.157181 -0.159433
v 0.169286 1.166081 -0.084233
v 0.176386 1.169181 -0.006033
v 0.169286 1.166081 0.072167
v 0.148386 1.157181 0.147367
v 0.114286 1.142581 0.216667
v 0.068486 1.122981 0.277467
v 0.012586 1.099081 0.327267
v -0.051114 1.071781 0.364367
v -0.120214 1.042281 0.387167
v -0.192114 1.011481 0.394867
v -0.264014 0.980681 0.387167
v -0.333214 0.951181 0.364367
v -0.396914 0.923881 0.327267
v -0.452714 0.899981 0.277467
v -0.498614 0.880381 0.216667
v -0.532614 0.865781 0.147367
v -0.553614 0.856881 0.072167
v -0.560714 0.853781 -0.006033
v -0.553614 0.856881 -0.084233
v -0.532614 0.865781 -0.159433
v -0.498614 0.880381 -0.228733
v -0.452714 0.899981 -0.289433
v -0.264014 0.980681 -0.399133
v -0.396914 0.923881 -0.339333
v -0.333214 0.951181 -0.376333
v -0.501914 0.735981 0.072167
v -0.455314 0.716781 0.065167
v -0.461714 0.713981 -0.006033
v -0.508914 0.732881 -0.006033
v -0.281414 0.830281 0.364367
v -0.345214 0.802981 0.327267
v -0.140414 0.890581 -0.406833
v -0.212314 0.859881 -0.399133
v 0.120186 1.002081 -0.289433
v 0.165986 1.021681 -0.228733
v -0.212314 0.859881 0.387167
v -0.281414 0.830281 -0.376333
v 0.064386 0.978181 -0.339333
v -0.140414 0.890581 0.394867
v -0.345214 0.802981 -0.339333
v 0.000586 0.950981 -0.376333
v -0.068514 0.921381 0.387167
v -0.401014 0.779081 -0.289433
v -0.068514 0.921381 -0.399133
v 0.000586 0.950981 0.364367
v -0.446814 0.759481 -0.228733
v 0.064386 0.978181 0.327267
v -0.480914 0.744881 -0.159433
v 0.120186 1.002081 0.277467
v -0.501914 0.735981 -0.084233
v 0.165986 1.021681 0.216667
v 0.200086 1.036281 0.147367
v 0.221086 1.045281 0.072167
v -0.480914 0.744881 0.147367
v 0.228086 1.048281 -0.006033
v -0.446814 0.759481 0.216667
v 0.221086 1.045281 -0.084233
v -0.401014 0.779081 0.277467
v 0.200086 1.036281 -0.159433
v -0.363514 0.756081 0.252067
v -0.375114 0.729981 0.272967
v -0.420214 0.710681 0.213167
v -0.405214 0.738181 0.196767
v 0.202786 0.998281 0.065167
v 0.183686 0.990181 0.133667
v -0.436214 0.724881 0.133667
v 0.209186 1.001081 -0.006033
v 0.202786 0.998281 -0.077133
v 0.183686 0.990181 -0.145633
v -0.312614 0.777781 0.297367
v 0.152686 0.976881 -0.208733
v -0.254614 0.802581 0.331167
v -0.191714 0.829481 -0.363933
v -0.126314 0.857481 -0.370933
v 0.110986 0.958981 -0.264033
v -0.191714 0.829481 0.351867
v -0.254614 0.802581 -0.343133
v 0.060086 0.937281 -0.309433
v -0.126314 0.857481 0.358867
v -0.312614 0.777781 -0.309433
v 0.002086 0.912481 -0.343133
v -0.060814 0.885581 0.351867
v -0.363514 0.756081 -0.264033
v -0.060814 0.885581 -0.363933
v 0.002086 0.912481 0.331167
v -0.405214 0.738181 -0.208733
v 0.060086 0.937281 0.297367
v -0.436214 0.724881 -0.145633
v 0.110986 0.958981 0.252067
v -0.455314 0.716781 -0.077133
v 0.152686 0.976881 0.196767
v -0.257414 0.780381 0.358467
v -0.189414 0.809481 0.380867
v -0.129814 0.670081 0.380867
v -0.197814 0.640981 0.358467
v 0.216386 0.983081 -0.156933
v 0.237086 0.991881 -0.082933
v -0.320114 0.753481 0.321967
v 0.182886 0.968681 -0.225133
v -0.189414 0.809481 -0.392833
v -0.118614 0.839681 -0.400433
v 0.137786 0.949381 -0.284933
v -0.257414 0.780381 -0.370433
v 0.082886 0.925881 -0.333933
v -0.118614 0.839681 0.388467
v -0.320114 0.753481 -0.333933
v 0.020186 0.899081 -0.370433
v -0.047914 0.869981 0.380867
v -0.375114 0.729981 -0.284933
v -0.047914 0.869981 -0.392833
v 0.020186 0.899081 0.358467
v -0.420214 0.710681 -0.225133
v 0.082886 0.925881 0.321967
v -0.453714 0.696381 -0.156933
v 0.137786 0.949381 0.272967
v -0.474314 0.687581 -0.082933
v 0.182886 0.968681 0.213167
v -0.481314 0.684581 -0.006033
v 0.216386 0.983081 0.144967
v -0.474314 0.687581 0.070967
v 0.237086 0.991881 0.070967
v -0.453714 0.696381 0.144967
v 0.243986 0.994881 -0.006033
v 0.079786 0.759681 0.358467
v 0.081286 0.714981 0.319467
v 0.020586 0.688981 0.339467
v 0.011786 0.730581 0.380867
v -0.197814 0.640981 -0.370433
v -0.129814 0.670081 -0.392833
v 0.142486 0.786581 -0.333933
v 0.197386 0.810081 -0.284933
v -0.059014 0.700381 0.388467
v -0.260514 0.614181 -0.333933
v 0.079786 0.759681 -0.370433
v -0.315414 0.590581 -0.284933
v 0.011786 0.730581 -0.392833
v -0.360514 0.571281 -0.225133
v -0.059014 0.700381 -0.400433
v 0.142486 0.786581 0.321967
v -0.394114 0.556981 -0.156933
v 0.197386 0.810081 0.272967
v -0.414714 0.548181 -0.082933
v 0.242486 0.829381 0.213167
v -0.421714 0.545181 -0.006033
v 0.276086 0.843681 0.144967
v -0.414714 0.548181 0.070967
v 0.296686 0.852481 0.070967
v -0.394114 0.556981 0.144967
v 0.303686 0.855481 -0.006033
v -0.360514 0.571281 0.213167
v 0.296686 0.852481 -0.082933
v -0.315414 0.590581 0.272967
v 0.276086 0.843681 -0.156933
v -0.260514 0.614181 0.321967
v 0.242486 0.829381 -0.225133
v 0.226686 0.777181 0.189667
v 0.277486 0.745481 0.212567
v 0.232486 0.726281 0.272167
v 0.186386 0.759981 0.243067
v -0.311914 0.546781 -0.201733
v -0.271614 0.563981 -0.255033
v 0.020586 0.688981 -0.351533
v -0.042614 0.661981 -0.358233
v 0.137286 0.738981 0.286867
v -0.341814 0.533981 -0.140833
v -0.360214 0.526081 -0.074733
v -0.366514 0.523481 -0.006033
v 0.256586 0.789981 0.128767
v -0.360214 0.526081 0.062767
v 0.274986 0.797881 0.062767
v -0.341814 0.533981 0.128767
v 0.281286 0.800581 -0.006033
v -0.311914 0.546781 0.189667
v 0.274986 0.797881 -0.074733
v -0.271614 0.563981 0.243067
v 0.256586 0.789981 -0.140833
v -0.222514 0.584981 0.286867
v 0.226686 0.777181 -0.201733
v -0.166514 0.608981 0.319467
v -0.105814 0.634981 -0.351533
v 0.186386 0.759981 -0.255033
v -0.105814 0.634981 0.339467
v -0.166514 0.608981 -0.331433
v 0.137286 0.738981 -0.298933
v -0.042614 0.661981 0.346267
v -0.222514 0.584981 -0.298933
v 0.081286 0.714981 -0.331433
v 0.397386 0.633881 -0.006033
v 0.390386 0.630881 0.070767
v 0.331486 0.768581 0.070767
v 0.338386 0.771581 -0.006033
v -0.378014 0.465081 -0.082733
v -0.385014 0.462081 -0.006033
v 0.310886 0.759781 0.144567
v -0.378014 0.465081 0.070767
v -0.357514 0.473881 0.144567
v -0.324014 0.488181 0.212567
v 0.331486 0.768581 -0.082733
v -0.279014 0.507381 0.272167
v 0.310886 0.759781 -0.156533
v -0.224214 0.530881 0.321167
v 0.277486 0.745481 -0.224533
v -0.161714 0.557581 0.357467
v -0.093814 0.586681 -0.391833
v -0.023314 0.616781 -0.399433
v 0.232486 0.726281 -0.284233
v -0.093814 0.586681 0.379867
v -0.161714 0.557581 -0.369433
v 0.177686 0.702781 -0.333133
v -0.023314 0.616781 0.387467
v -0.224214 0.530881 -0.333133
v 0.115186 0.676081 -0.369433
v 0.047286 0.646981 0.379867
v -0.279014 0.507381 -0.284233
v 0.047286 0.646981 -0.391833
v 0.115186 0.676081 0.357467
v -0.324014 0.488181 -0.224533
v 0.177686 0.702781 0.321167
v -0.357514 0.473881 -0.156533
v 0.336386 0.607781 -0.224533
v 0.320386 0.527881 -0.193933
v 0.349686 0.538581 -0.135433
v 0.369786 0.622081 -0.156533
v -0.265114 0.350481 0.212567
v -0.298514 0.336181 0.144567
v 0.390386 0.630881 -0.082733
v -0.220114 0.369681 0.272167
v -0.165314 0.393181 0.321167
v -0.102814 0.419881 0.357467
v -0.034914 0.448881 -0.391833
v 0.035586 0.479081 -0.399433
v 0.291386 0.588581 -0.284233
v -0.034914 0.448881 0.379867
v -0.102814 0.419881 -0.369433
v 0.236586 0.565081 -0.333133
v 0.035586 0.479081 0.387467
v -0.165314 0.393181 -0.333133
v 0.174086 0.538381 -0.369433
v 0.106186 0.509281 0.379867
v -0.220114 0.369681 -0.284233
v 0.106186 0.509281 -0.391833
v 0.174086 0.538381 0.357467
v -0.265114 0.350481 -0.224533
v 0.236586 0.565081 0.321167
v -0.298514 0.336181 -0.156533
v 0.291386 0.588581 0.272167
v -0.319114 0.327381 -0.082733
v 0.336386 0.607781 0.212567
v -0.326114 0.324381 -0.006033
v 0.369786 0.622081 0.144567
v -0.319114 0.327381 0.070767
v 0.429086 0.523781 0.069967
v 0.408286 0.516081 0.143067
v 0.349686 0.538581 0.123467
v 0.367786 0.545181 0.059967
v -0.065314 0.386381 0.306567
v -0.120314 0.366281 0.275367
v -0.005714 0.408281 -0.337833
v 0.056186 0.430981 -0.344333
v 0.280886 0.513381 -0.245233
v -0.005714 0.408281 0.325867
v -0.065314 0.386381 -0.318633
v 0.232686 0.495681 -0.287333
v 0.056186 0.430981 0.332367
v -0.120314 0.366281 -0.287333
v 0.177786 0.475581 -0.318633
v 0.118186 0.453681 0.325867
v -0.168414 0.348681 -0.245233
v 0.118186 0.453681 -0.337833
v 0.177786 0.475581 0.306567
v -0.207914 0.334181 -0.193933
v 0.232686 0.495681 0.275367
v -0.237314 0.323381 -0.135433
v 0.280886 0.513381 0.233267
v -0.255314 0.316781 -0.072033
v 0.320386 0.527881 0.181967
v -0.261414 0.314581 -0.006033
v -0.255314 0.316781 0.059967
v -0.237314 0.323381 0.123467
v 0.373886 0.547481 -0.006033
v -0.207914 0.334181 0.181967
v 0.367786 0.545181 -0.072033
v -0.168414 0.348681 0.233267
v 0.408286 0.516081 -0.155033
v 0.456586 0.384181 -0.155033
v 0.477386 0.391881 -0.081933
v 0.429086 0.523781 -0.081933
v -0.267414 0.268381 0.143067
v -0.288214 0.260781 0.069967
v 0.436086 0.526381 -0.006033
v -0.233614 0.280781 0.210367
v -0.188114 0.297481 0.269367
v -0.132714 0.317781 0.317867
v 0.374486 0.503781 -0.222333
v -0.069514 0.340981 0.353867
v -0.000914 0.366081 -0.388033
v 0.070386 0.392281 -0.395433
v 0.328986 0.487081 -0.281433
v -0.000914 0.366081 0.375967
v -0.069514 0.340981 -0.365833
v 0.273586 0.466781 -0.329833
v 0.070386 0.392281 0.383467
v -0.132714 0.317781 -0.329833
v 0.210386 0.443581 -0.365833
v 0.141786 0.418381 0.375967
v -0.188114 0.297481 -0.281433
v 0.141786 0.418381 -0.388033
v 0.210386 0.443581 0.353867
v -0.233614 0.280781 -0.222333
v 0.273586 0.466781 0.317867
v -0.267414 0.268381 -0.155033
v 0.328986 0.487081 0.269367
v -0.288214 0.260781 -0.081933
v 0.374486 0.503781 0.210367
v -0.295314 0.258181 -0.006033
v 0.364986 0.272681 -0.241833
v 0.377386 0.355181 -0.281433
v 0.321986 0.334781 -0.329833
v 0.316586 0.258081 -0.283233
v -0.084414 0.185881 0.317867
v -0.139814 0.165581 0.269367
v 0.422786 0.371781 -0.222333
v -0.021114 0.209081 0.353867
v 0.047486 0.234181 -0.388033
v 0.118786 0.260381 -0.395433
v 0.047486 0.234181 0.375967
v -0.021114 0.209081 -0.365833
v 0.118786 0.260381 0.383467
v -0.084414 0.185881 -0.329833
v 0.258686 0.311681 -0.365833
v 0.190086 0.286481 0.375967
v -0.139814 0.165581 -0.281433
v 0.190086 0.286481 -0.388033
v 0.258686 0.311681 0.353867
v -0.185314 0.148881 -0.222333
v 0.321986 0.334781 0.317867
v -0.219114 0.136481 -0.155033
v 0.377386 0.355181 0.269367
v -0.239914 0.128881 -0.081933
v 0.422786 0.371781 0.210367
v -0.246914 0.126281 -0.006033
v 0.456586 0.384181 0.143067
v -0.239914 0.128881 0.069967
v 0.477386 0.391881 0.069967
v -0.219114 0.136481 0.143067
v 0.484486 0.394381 -0.006033
v -0.185314 0.148881 0.210367
v 0.150586 0.166781 -0.383133
v 0.221086 0.188081 -0.375933
v 0.201486 0.223381 -0.333033
v 0.139186 0.204581 -0.339433
v 0.139186 0.204581 0.327467
v 0.076886 0.185881 0.321067
v -0.038214 0.151181 -0.283233
v 0.016986 0.167781 -0.314033
v 0.261386 0.241481 -0.314033
v 0.201486 0.223381 0.321067
v -0.086514 0.136581 -0.241833
v 0.261386 0.241481 0.302067
v -0.126214 0.124581 -0.191233
v 0.316586 0.258081 0.271267
v -0.155714 0.115681 -0.133633
v 0.364986 0.272681 0.229767
v -0.173914 0.110281 -0.071033
v 0.404686 0.284581 0.179267
v -0.180114 0.108381 -0.006033
v 0.434186 0.293481 0.121567
v -0.173914 0.110281 0.059067
v 0.452386 0.298981 0.059067
v -0.155714 0.115681 0.121567
v 0.458486 0.300881 -0.006033
v -0.126214 0.124581 0.179267
v 0.452386 0.298981 -0.071033
v -0.086514 0.136581 0.229767
v 0.434186 0.293481 -0.133633
v -0.038214 0.151181 0.271267
v 0.404686 0.284581 -0.191233
v 0.016986 0.167781 0.302067
v 0.076886 0.185881 -0.333033
v 0.484186 0.267381 0.138367
v 0.521486 0.143681 0.138367
v 0.488086 0.133581 0.203567
v 0.450886 0.257281 0.203567
v 0.351186 0.227281 0.307567
v 0.288786 0.208481 0.342467
v -0.149614 0.076281 -0.215533
v -0.183014 0.066281 -0.150333
v 0.405986 0.243781 0.260667
v -0.203514 0.060081 -0.079533
v -0.210514 0.057981 -0.006033
v -0.203514 0.060081 0.067567
v 0.504786 0.273581 0.067567
v -0.183014 0.066281 0.138367
v 0.511686 0.275681 -0.006033
v -0.149614 0.076281 0.203567
v 0.504786 0.273581 -0.079533
v -0.104714 0.089881 0.260667
v 0.484186 0.267381 -0.150333
v -0.050014 0.106381 0.307567
v 0.450886 0.257281 -0.215533
v 0.012386 0.125181 0.342467
v 0.080186 0.145581 -0.375933
v 0.405986 0.243781 -0.272633
v 0.080186 0.145581 0.363867
v 0.012386 0.125181 -0.354433
v 0.351186 0.227281 -0.319533
v 0.150586 0.166781 0.371167
v -0.050014 0.106381 -0.319533
v 0.288786 0.208481 -0.354433
v 0.221086 0.188081 0.363867
v -0.104714 0.089881 -0.272633
v 0.510086 0.064281 -0.006033
v 0.548986 0.151981 -0.006033
v 0.542086 0.149881 -0.079533
v 0.504186 0.062981 -0.067533
v -0.166314 -0.063619 0.067567
v -0.173214 -0.065719 -0.006033
v 0.542086 0.149881 0.067567
v -0.145714 -0.057419 0.138367
v -0.112314 -0.047319 0.203567
v -0.067414 -0.033819 0.260667
v 0.521486 0.143681 -0.150333
v -0.012714 -0.017319 0.307567
v 0.488086 0.133581 -0.215533
v 0.049686 0.001481 0.342467
v 0.187886 0.043081 -0.383133
v 0.117486 0.021881 -0.375933
v 0.443186 0.120081 -0.272633
v 0.117486 0.021881 0.363867
v 0.049686 0.001481 -0.354433
v 0.388486 0.103581 -0.319533
v 0.187886 0.043081 0.371167
v -0.012714 -0.017319 -0.319533
v 0.326086 0.084781 -0.354433
v 0.258286 0.064381 0.363867
v -0.067414 -0.033819 -0.272633
v 0.258286 0.064381 -0.375933
v 0.326086 0.084781 0.342467
v -0.112314 -0.047319 -0.215533
v 0.388486 0.103581 0.307567
v -0.145714 -0.057419 -0.150333
v 0.443186 0.120081 0.260667
v -0.166314 -0.063619 -0.079533
v 0.201586 -0.002219 -0.321633
v 0.141386 -0.015219 -0.315533
v 0.144386 -0.074819 -0.363633
v 0.213986 -0.059819 -0.370633
v -0.016614 -0.049319 0.217167
v -0.055014 -0.057519 0.169367
v 0.486586 0.059181 -0.126733
v 0.030186 -0.039219 0.256467
v 0.458086 0.053081 -0.181333
v 0.083486 -0.027719 0.285567
v 0.419686 0.044781 -0.229133
v 0.141386 -0.015219 0.303567
v 0.083486 -0.027719 -0.297533
v 0.372986 0.034681 -0.268433
v 0.201586 -0.002219 0.309567
v 0.030186 -0.039219 -0.268433
v 0.319586 0.023181 -0.297533
v 0.261786 0.010681 0.303567
v -0.016614 -0.049319 -0.229133
v 0.261786 0.010681 -0.315533
v 0.319586 0.023181 0.285567
v -0.055014 -0.057519 -0.181333
v 0.372986 0.034681 0.256467
v -0.083514 -0.063719 -0.126733
v 0.419686 0.044781 0.217167
v -0.101014 -0.067519 -0.067533
v 0.458086 0.053081 0.169367
v -0.106914 -0.068719 -0.006033
v 0.486586 0.059181 0.114767
v -0.101014 -0.067519 0.055567
v 0.504186 0.062981 0.055567
v -0.083514 -0.063719 0.114767
v -0.038114 -0.114119 -0.263833
v -0.010914 -0.240119 -0.263833
v 0.043086 -0.228519 -0.309233
v 0.015886 -0.102519 -0.309233
v 0.466086 -0.005419 -0.263833
v 0.510386 0.004081 -0.208633
v 0.144386 -0.074819 0.351667
v 0.077586 -0.089219 0.330967
v 0.077586 -0.089219 -0.342933
v 0.411986 -0.017119 -0.309233
v 0.213986 -0.059819 0.358667
v 0.350386 -0.030419 -0.342933
v 0.283486 -0.044819 0.351667
v 0.283486 -0.044819 -0.363633
v 0.350386 -0.030419 0.330967
v -0.082414 -0.123719 -0.208633
v 0.411986 -0.017119 0.297267
v -0.115414 -0.130819 -0.145533
v 0.466086 -0.005419 0.251867
v -0.135714 -0.135219 -0.077133
v 0.510386 0.004081 0.196567
v -0.142514 -0.136719 -0.006033
v 0.543286 0.011181 0.133567
v -0.135714 -0.135219 0.065167
v 0.563586 0.015581 0.065167
v -0.115414 -0.130819 0.133567
v 0.570486 0.017081 -0.006033
v -0.082414 -0.123719 0.196567
v 0.563586 0.015581 -0.077133
v -0.038114 -0.114119 0.251867
v 0.543286 0.011181 -0.145533
v 0.015886 -0.102519 0.297267
v -0.048714 -0.262819 -0.065633
v -0.031614 -0.259819 -0.122933
v -0.088214 -0.256819 -0.145533
v -0.108514 -0.261119 -0.077133
v 0.310686 -0.170819 -0.363633
v 0.377586 -0.156319 -0.342933
v 0.377586 -0.156319 0.330967
v 0.310686 -0.170819 0.351667
v -0.055314 -0.249719 -0.208633
v 0.241086 -0.185819 -0.370633
v 0.439186 -0.143019 0.297267
v 0.493186 -0.131419 0.251867
v 0.537586 -0.121819 0.196567
v -0.115414 -0.262619 -0.006033
v 0.570486 -0.114719 0.133567
v -0.108514 -0.261119 0.065167
v 0.590786 -0.110419 0.065167
v -0.088214 -0.256819 0.133567
v 0.597586 -0.108919 -0.006033
v -0.055314 -0.249719 0.196567
v 0.590786 -0.110419 -0.077133
v -0.010914 -0.240119 0.251867
v 0.570486 -0.114719 -0.145533
v 0.043086 -0.228519 0.297267
v 0.537586 -0.121819 -0.208633
v 0.104686 -0.215219 0.330967
v 0.171586 -0.200719 -0.363633
v 0.493186 -0.131419 -0.263833
v 0.171586 -0.200719 0.351667
v 0.104686 -0.215219 -0.342933
v 0.439186 -0.143019 -0.309233
v 0.241086 -0.185819 0.358667
v -0.031614 -0.259819 0.110967
v -0.071514 -0.300719 0.130167
v -0.091414 -0.304219 0.063467
v -0.048714 -0.262819 0.053667
v 0.497086 -0.168119 0.163867
v 0.459686 -0.174619 0.210167
v -0.054514 -0.263819 -0.006033
v 0.524986 -0.163319 0.110967
v 0.542086 -0.160319 0.053667
v 0.547886 -0.159319 -0.006033
v -0.003714 -0.255019 0.163867
v 0.542086 -0.160319 -0.065633
v 0.033686 -0.248519 0.210167
v 0.524986 -0.163319 -0.122933
v 0.079386 -0.240619 0.248167
v 0.497086 -0.168119 -0.175833
v 0.131386 -0.231519 0.276467
v 0.187886 -0.221719 -0.305833
v 0.246686 -0.211519 -0.311633
v 0.459686 -0.174619 -0.222133
v 0.187886 -0.221719 0.293867
v 0.131386 -0.231519 -0.288433
v 0.413986 -0.182519 -0.260133
v 0.246686 -0.211519 0.299667
v 0.079386 -0.240619 -0.260133
v 0.361986 -0.191619 -0.288433
v 0.305486 -0.201419 0.293867
v 0.033686 -0.248519 -0.222133
v 0.305486 -0.201419 -0.305833
v 0.361986 -0.191619 0.276467
v -0.003714 -0.255019 -0.175833
v 0.413986 -0.182519 0.248167
v 0.057686 -0.278319 0.289867
v 0.079286 -0.403319 0.289867
v 0.026186 -0.412519 0.245567
v 0.004486 -0.287619 0.245567
v 0.602986 -0.183819 -0.006033
v 0.596286 -0.184919 0.063467
v -0.039114 -0.295119 0.191667
v 0.596286 -0.184919 -0.075433
v 0.576286 -0.188419 -0.142133
v 0.543886 -0.194019 -0.203633
v 0.118286 -0.267819 0.322767
v 0.183986 -0.256419 -0.354933
v 0.252386 -0.244619 -0.361833
v 0.500286 -0.201619 -0.257633
v 0.183986 -0.256419 0.342967
v 0.118286 -0.267819 -0.334733
v 0.447186 -0.210819 -0.301833
v 0.252386 -0.244619 0.349867
v 0.057686 -0.278319 -0.301833
v 0.386586 -0.221319 -0.334733
v 0.320786 -0.232719 0.342967
v 0.004486 -0.287619 -0.257633
v 0.320786 -0.232719 -0.354933
v 0.386586 -0.221319 0.322767
v -0.039114 -0.295119 -0.203633
v 0.447186 -0.210819 0.289867
v -0.071514 -0.300719 -0.142133
v 0.500286 -0.201619 0.245567
v -0.091414 -0.304219 -0.075433
v 0.543886 -0.194019 0.191667
v -0.098214 -0.305419 -0.006033
v 0.576286 -0.188419 0.130167
v 0.274086 -0.369519 0.349867
v 0.282486 -0.418219 0.304067
v 0.222186 -0.421719 0.298067
v 0.205686 -0.381319 0.342967
v 0.565586 -0.318919 -0.203633
v 0.597986 -0.313319 -0.142133
v 0.139886 -0.392719 0.322767
v 0.205686 -0.381319 -0.354933
v 0.274086 -0.369519 -0.361833
v 0.521986 -0.326519 -0.257633
v 0.139886 -0.392719 -0.334733
v 0.468886 -0.335719 -0.301833
v 0.079286 -0.403319 -0.301833
v 0.408186 -0.346219 -0.334733
v 0.342486 -0.357619 0.342967
v 0.026186 -0.412519 -0.257633
v 0.342486 -0.357619 -0.354933
v 0.408186 -0.346219 0.322767
v -0.017414 -0.420019 -0.203633
v 0.468886 -0.335719 0.289867
v -0.049814 -0.425619 -0.142133
v 0.521986 -0.326519 0.245567
v -0.069814 -0.429119 -0.075433
v 0.565586 -0.318919 0.191667
v -0.076514 -0.430319 -0.006033
v 0.597986 -0.313319 0.130167
v -0.069814 -0.429119 0.063467
v 0.617886 -0.309919 0.063467
v -0.049814 -0.425619 0.130167
v 0.624686 -0.308719 -0.006033
v -0.017414 -0.420019 0.191667
v 0.617886 -0.309919 -0.075433
v 0.454486 -0.408519 0.251767
v 0.478586 -0.430819 0.285867
v 0.417986 -0.434219 0.318267
v 0.400986 -0.411519 0.280467
v 0.110586 -0.428019 -0.263833
v 0.164086 -0.425019 -0.292433
v 0.400986 -0.411519 -0.292433
v 0.454486 -0.408519 -0.263833
v 0.342886 -0.414819 0.298067
v 0.063686 -0.430719 -0.225233
v 0.342886 -0.414819 -0.310133
v 0.025186 -0.432919 -0.178233
v 0.282486 -0.418219 -0.316033
v -0.003414 -0.434519 -0.124633
v 0.501386 -0.405819 0.213267
v -0.021114 -0.435519 -0.066433
v 0.539886 -0.403619 0.166267
v -0.027014 -0.435919 -0.006033
v 0.568486 -0.402019 0.112667
v -0.021114 -0.435519 0.054467
v 0.586086 -0.401019 0.054467
v -0.003414 -0.434519 0.112667
v 0.592086 -0.400619 -0.006033
v 0.025186 -0.432919 0.166267
v 0.586086 -0.401019 -0.066433
v 0.063686 -0.430719 0.213267
v 0.568486 -0.402019 -0.124633
v 0.110586 -0.428019 0.251767
v 0.539886 -0.403619 -0.178233
v 0.164086 -0.425019 0.280467
v 0.222186 -0.421719 -0.310133
v 0.501386 -0.405819 -0.225233
v 0.607686 -0.423419 0.128367
v 0.614686 -0.546419 0.128367
v 0.582286 -0.548319 0.189067
v 0.575286 -0.425319 0.189067
v -0.007514 -0.458519 -0.201033
v -0.039914 -0.460319 -0.140333
v 0.531686 -0.427819 0.242267
v -0.059814 -0.461419 -0.074433
v -0.066614 -0.461819 -0.006033
v -0.059814 -0.461419 0.062467
v 0.627586 -0.422319 0.062467
v -0.039914 -0.460319 0.128367
v 0.634286 -0.421919 -0.006033
v -0.007514 -0.458519 0.189067
v 0.627586 -0.422319 -0.074433
v 0.036086 -0.456019 0.242267
v 0.607686 -0.423419 -0.140333
v 0.089186 -0.453019 0.285867
v 0.575286 -0.425319 -0.201033
v 0.149786 -0.449519 0.318267
v 0.215486 -0.445819 -0.350233
v 0.283886 -0.441919 -0.357033
v 0.531686 -0.427819 -0.254233
v 0.215486 -0.445819 0.338267
v 0.149786 -0.449519 -0.330333
v 0.478586 -0.430819 -0.297833
v 0.283886 -0.441919 0.345067
v 0.089186 -0.453019 -0.297833
v 0.417986 -0.434219 -0.330333
v 0.352286 -0.438019 0.338267
v 0.036086 -0.456019 -0.254233
v 0.352286 -0.438019 -0.350233
v 0.634586 -0.545319 -0.074433
v 0.599086 -0.600319 -0.066933
v 0.605086 -0.600319 -0.006033
v 0.641386 -0.544919 -0.006033
v -0.052814 -0.584419 0.062467
v -0.059614 -0.584819 -0.006033
v 0.634586 -0.545319 0.062467
v -0.032914 -0.583319 0.128367
v -0.000514 -0.581519 0.189067
v 0.043086 -0.579019 0.242267
v 0.614686 -0.546419 -0.140333
v 0.096186 -0.576019 0.285867
v 0.582286 -0.548319 -0.201033
v 0.156786 -0.572519 0.318267
v 0.290886 -0.564919 -0.357033
v 0.222486 -0.568819 -0.350233
v 0.538686 -0.550819 -0.254233
v 0.222486 -0.568819 0.338267
v 0.156786 -0.572519 -0.330333
v 0.485586 -0.553819 -0.297833
v 0.290886 -0.564919 0.345067
v 0.096186 -0.576019 -0.297833
v 0.424986 -0.557219 -0.330333
v 0.359286 -0.561019 0.338267
v 0.043086 -0.579019 -0.254233
v 0.359286 -0.561019 -0.350233
v 0.424986 -0.557219 0.318267
v -0.000514 -0.581519 -0.201033
v 0.485586 -0.553819 0.285867
v -0.032914 -0.583319 -0.140333
v 0.538686 -0.550819 0.242267
v -0.052814 -0.584419 -0.074433
v 0.484486 -0.634219 0.280567
v 0.424886 -0.634419 0.312367
v 0.412386 -0.600819 0.282367
v 0.466386 -0.600719 0.253567
v 0.072186 -0.601719 0.214767
v 0.033386 -0.601819 0.167467
v 0.581286 -0.600419 -0.125433
v 0.119486 -0.601519 0.253567
v 0.552486 -0.600419 -0.179433
v 0.173486 -0.601419 0.282367
v 0.232086 -0.601319 -0.312133
v 0.292986 -0.601119 -0.318133
v 0.513686 -0.600519 -0.226733
v 0.232086 -0.601319 0.300167
v 0.173486 -0.601419 -0.294433
v 0.466386 -0.600719 -0.265533
v 0.292986 -0.601119 0.306167
v 0.119486 -0.601519 -0.265533
v 0.412386 -0.600819 -0.294433
v 0.353886 -0.600919 0.300167
v 0.072186 -0.601719 -0.226733
v 0.353886 -0.600919 -0.312133
v 0.033386 -0.601819 -0.179433
v 0.004586 -0.601819 -0.125433
v 0.513686 -0.600519 0.214767
v -0.013214 -0.601919 -0.066933
v 0.552486 -0.600419 0.167467
v -0.019214 -0.601919 -0.006033
v 0.581286 -0.600419 0.113467
v -0.013214 -0.601919 0.054867
v 0.599086 -0.600319 0.054867
v 0.004586 -0.601819 0.113467
v 0.579586 -0.634019 0.185467
v 0.611386 -0.633919 0.125867
v 0.611686 -0.699519 0.125867
v 0.579886 -0.699619 0.185467
v -0.025414 -0.635519 -0.137833
v 0.006486 -0.635419 -0.197433
v 0.536686 -0.634119 0.237667
v -0.045014 -0.635619 -0.073233
v -0.051614 -0.635619 -0.006033
v -0.045014 -0.635619 0.061267
v 0.630986 -0.633819 0.061267
v -0.025414 -0.635519 0.125867
v 0.637686 -0.633819 -0.006033
v 0.006486 -0.635419 0.185467
v 0.630986 -0.633819 -0.073233
v 0.049386 -0.635319 0.237667
v 0.611386 -0.633919 -0.137833
v 0.101586 -0.635219 0.280567
v 0.579586 -0.634019 -0.197433
v 0.161186 -0.635019 0.312367
v 0.225786 -0.634919 -0.344033
v 0.292986 -0.634719 -0.350633
v 0.536686 -0.634119 -0.249633
v 0.225786 -0.634919 0.331967
v 0.161186 -0.635019 -0.324433
v 0.484486 -0.634219 -0.292533
v 0.292986 -0.634719 0.338667
v 0.101586 -0.635219 -0.292533
v 0.424886 -0.634419 -0.324433
v 0.360286 -0.634519 0.331967
v 0.049386 -0.635319 -0.249633
v 0.360286 -0.634519 -0.344033
v 0.226086 -0.700519 -0.344033
v 0.161386 -0.700719 -0.324433
v 0.101886 -0.700819 -0.292533
v 0.049586 -0.701019 -0.249633
v 0.006786 -0.701119 -0.197433
v -0.025114 -0.701219 -0.137833
v -0.044714 -0.701219 -0.073233
v -0.051314 -0.701219 -0.006033
v -0.044714 -0.701219 0.061267
v -0.025114 -0.701219 0.125867
v 0.006786 -0.701119 0.185467
v 0.049586 -0.701019 0.237667
v 0.101886 -0.700819 0.280567
v 0.161386 -0.700719 0.312367
v 0.226086 -0.700519 0.331967
v 0.293286 -0.700419 0.338667
v 0.360586 -0.700219 0.331967
v 0.425186 -0.700019 0.312367
v 0.484786 -0.699919 0.280567
v 0.536986 -0.699719 0.237667
v 0.631286 -0.699519 0.061267
v 0.637986 -0.699519 -0.006033
v 0.631286 -0.699519 -0.073233
v 0.611686 -0.699519 -0.137833
v 0.579886 -0.699619 -0.197433
v 0.536986 -0.699719 -0.249633
v 0.484786 -0.699919 -0.292533
v 0.425186 -0.700019 -0.324433
v 0.360586 -0.700219 -0.344033
v 0.293286 -0.700419 -0.350633
v 0.294586 -0.942819 -0.491833
v 0.388086 -0.942819 -0.482633
v 0.477986 -0.942819 -0.455333
v 0.560886 -0.942819 -0.411033
v 0.633486 -0.942819 -0.351433
v 0.693186 -0.942819 -0.278833
v 0.737386 -0.942819 -0.195933
v 0.764686 -0.942819 -0.106033
v 0.773886 -0.942819 -0.012533
v 0.764686 -0.942819 0.081067
v 0.737386 -0.942819 0.170967
v 0.693186 -0.942819 0.253767
v 0.633486 -0.942819 0.326467
v 0.560886 -0.942819 0.386067
v 0.477986 -0.942819 0.430367
v 0.388086 -0.942819 0.457667
v 0.294586 -0.942819 0.466867
v 0.201086 -0.942819 0.457667
v 0.111186 -0.942819 0.430367
v 0.028286 -0.942819 0.386067
v -0.044314 -0.942819 0.326467
v -0.104014 -0.942819 0.253767
v -0.148314 -0.942819 0.170967
v -0.175514 -0.942819 0.081067
v -0.184714 -0.942819 -0.012533
v -0.175514 -0.942819 -0.106033
v -0.148314 -0.942819 -0.195933
v -0.104014 -0.942819 -0.278833
v -0.044314 -0.942819 -0.351433
v 0.201086 -0.942819 -0.482633
v 0.028286 -0.942819 -0.411033
v 0.111186 -0.942819 -0.455333
v 0.799586 -0.964219 -0.112933
v 0.799586 -1.065019 -0.112933
v 0.809486 -1.065019 -0.012533
v 0.809486 -0.964219 -0.012533
v 0.491586 -0.964219 -0.488133
v 0.580586 -0.964219 -0.440633
v 0.394986 -0.964219 0.492467
v 0.294586 -0.964219 0.502367
v -0.069514 -0.964219 -0.376533
v 0.008586 -0.964219 -0.440633
v 0.394986 -0.964219 -0.517433
v 0.491586 -0.964219 0.463167
v -0.133514 -0.964219 -0.298533
v 0.294586 -0.964219 -0.527333
v 0.580586 -0.964219 0.415567
v -0.181114 -0.964219 -0.209533
v 0.658686 -0.964219 0.351567
v -0.210414 -0.964219 -0.112933
v 0.722686 -0.964219 0.273567
v -0.220314 -0.964219 -0.012533
v 0.770286 -0.964219 0.184567
v -0.210414 -0.964219 0.087967
v 0.799586 -0.964219 0.087967
v -0.181114 -0.964219 0.184567
v -0.133514 -0.964219 0.273567
v -0.069514 -0.964219 0.351567
v 0.770286 -0.964219 -0.209533
v 0.008586 -0.964219 0.415567
v 0.722686 -0.964219 -0.298533
v 0.097586 -0.964219 0.463167
v 0.194186 -0.964219 -0.517433
v 0.658686 -0.964219 -0.376533
v 0.194186 -0.964219 0.492467
v 0.097586 -0.964219 -0.488133
v 0.194186 -1.065019 -0.517433
v 0.097586 -1.065019 -0.488133
v 0.008586 -1.065019 -0.440633
v -0.069514 -1.065019 -0.376533
v -0.133514 -1.065019 -0.298533
v -0.181114 -1.065019 -0.209533
v -0.210414 -1.065019 -0.112933
v -0.220314 -1.065019 -0.012533
v -0.210414 -1.065019 0.087967
v -0.181114 -1.065019 0.184567
v -0.133514 -1.065019 0.273567
v -0.069514 -1.065019 0.351567
v 0.008586 -1.065019 0.415567
v 0.097586 -1.065019 0.463167
v 0.194186 -1.065019 0.492467
v 0.294586 -1.065019 0.502367
v 0.394986 -1.065019 0.492467
v 0.491586 -1.065019 0.463167
v 0.580586 -1.065019 0.415567
v 0.658686 -1.065019 0.351567
v 0.722686 -1.065019 0.273567
v 0.770286 -1.065019 0.184567
v 0.799586 -1.065019 0.087967
v 0.770286 -1.065019 -0.209533
v 0.722686 -1.065019 -0.298533
v 0.658686 -1.065019 -0.376533
v 0.580586 -1.065019 -0.440633
v 0.491586 -1.065019 -0.488133
v 0.394986 -1.065019 -0.517433
v 0.294586 -1.065019 -0.527333
v 0.293986 -0.700319 -0.372733
v 0.363786 -0.700319 -0.365833
v 0.430986 -0.700319 -0.345433
v 0.492886 -0.700319 -0.312333
v 0.547186 -0.700319 -0.267833
v 0.591786 -0.700319 -0.213533
v 0.624886 -0.700319 -0.151633
v 0.645186 -0.700319 -0.084433
v 0.652086 -0.700319 -0.014533
v 0.645186 -0.700319 0.055367
v 0.624886 -0.700319 0.122567
v 0.591786 -0.700319 0.184467
v 0.547186 -0.700319 0.238767
v 0.492886 -0.700319 0.283267
v 0.430986 -0.700319 0.316367
v 0.363786 -0.700319 0.336767
v 0.293986 -0.700319 0.343667
v 0.224086 -0.700319 0.336767
v 0.156886 -0.700319 0.316367
v 0.094986 -0.700319 0.283267
v 0.040686 -0.700319 0.238767
v -0.003814 -0.700319 0.184467
v -0.036914 -0.700319 0.122567
v -0.057314 -0.700319 0.055367
v -0.064214 -0.700319 -0.014533
v -0.057314 -0.700319 -0.084433
v -0.036914 -0.700319 -0.151633
v -0.003814 -0.700319 -0.213533
v 0.040686 -0.700319 -0.267833
v 0.224086 -0.700319 -0.365833
v 0.094986 -0.700319 -0.312333
v 0.156886 -0.700319 -0.345433
v 0.026186 -0.731219 -0.282233
v 0.026186 -0.766019 -0.282233
v 0.083586 -0.766019 -0.329333
v 0.083586 -0.731219 -0.329333
v -0.084714 -0.731219 -0.014533
v -0.077414 -0.731219 0.059367
v 0.665286 -0.731219 0.059367
v 0.643786 -0.731219 0.130367
v -0.055914 -0.731219 0.130367
v 0.672586 -0.731219 -0.014533
v -0.020914 -0.731219 0.195867
v 0.665286 -0.731219 -0.088433
v 0.026186 -0.731219 0.253267
v 0.643786 -0.731219 -0.159433
v 0.083586 -0.731219 0.300267
v 0.608786 -0.731219 -0.224933
v 0.149086 -0.731219 0.335267
v 0.293986 -0.731219 -0.393233
v 0.220086 -0.731219 -0.385933
v 0.561686 -0.731219 -0.282233
v 0.220086 -0.731219 0.356867
v 0.149086 -0.731219 -0.364333
v 0.504286 -0.731219 -0.329333
v 0.293986 -0.731219 0.364167
v 0.438886 -0.731219 -0.364333
v 0.367786 -0.731219 0.356867
v 0.367786 -0.731219 -0.385933
v 0.438886 -0.731219 0.335267
v -0.020914 -0.731219 -0.224933
v 0.504286 -0.731219 0.300267
v -0.055914 -0.731219 -0.159433
v 0.561686 -0.731219 0.253267
v -0.077414 -0.731219 -0.088433
v 0.608786 -0.731219 0.195867
v 0.220086 -0.766019 -0.385933
v 0.149086 -0.766019 -0.364333
v -0.020914 -0.766019 -0.224933
v -0.055914 -0.766019 -0.159433
v -0.077414 -0.766019 -0.088433
v -0.084714 -0.766019 -0.014533
v -0.077414 -0.766019 0.059367
v -0.055914 -0.766019 0.130367
v -0.020914 -0.766019 0.195867
v 0.026186 -0.766019 0.253267
v 0.083586 -0.766019 0.300267
v 0.149086 -0.766019 0.335267
v 0.220086 -0.766019 0.356867
v 0.293986 -0.766019 0.364167
v 0.367786 -0.766019 0.356867
v 0.438886 -0.766019 0.335267
v 0.504286 -0.766019 0.300267
v 0.561686 -0.766019 0.253267
v 0.608786 -0.766019 0.195867
v 0.643786 -0.766019 0.130367
v 0.665286 -0.766019 0.059367
v 0.672586 -0.766019 -0.014533
v 0.665286 -0.766019 -0.088433
v 0.643786 -0.766019 -0.159433
v 0.608786 -0.766019 -0.224933
v 0.561686 -0.766019 -0.282233
v 0.504286 -0.766019 -0.329333
v 0.438886 -0.766019 -0.364333
v 0.367786 -0.766019 -0.385933
v 0.293986 -0.766019 -0.393233
v 0.742086 -0.991919 -0.277933
v 0.745986 -0.991919 -0.279433
v 0.745986 -1.066319 -0.279433
v 0.742086 -1.066319 -0.277933
v 0.750086 -0.991919 -0.280133
v 0.750086 -1.066319 -0.280133
v 0.754286 -0.991919 -0.280033
v 0.754286 -1.066319 -0.280033
v 0.758386 -0.991919 -0.279133
v 0.758386 -1.066319 -0.279133
v 0.762186 -0.991919 -0.277333
v 0.762186 -1.066319 -0.277333
v 0.765586 -1.066319 -0.274933
v 0.765586 -0.991919 -0.274933
v 0.768486 -1.066319 -0.271933
v 0.768486 -0.991919 -0.271933
v 0.770686 -0.991919 -0.268333
v 0.770686 -1.066319 -0.268333
v 0.772186 -1.066319 -0.264433
v 0.772186 -0.991919 -0.264433
v 0.772886 -1.066319 -0.260333
v 0.772886 -0.991919 -0.260333
v 0.772786 -1.066319 -0.256133
v 0.772786 -0.991919 -0.256133
v 0.771786 -0.991919 -0.252033
v 0.771786 -1.066319 -0.252033
v 0.770086 -1.066319 -0.248233
v 0.770086 -0.991919 -0.248233
v 0.767686 -1.066319 -0.244833
v 0.767686 -0.991919 -0.244833
v 0.764586 -1.066319 -0.241933
v 0.764586 -0.991919 -0.241933
v 0.761086 -1.066319 -0.239733
v 0.761086 -0.991919 -0.239733
v 0.757186 -1.066319 -0.238233
v 0.757186 -0.991919 -0.238233
v 0.753086 -1.066319 -0.237533
v 0.753086 -0.991919 -0.237533
v 0.748886 -1.066319 -0.237633
v 0.748886 -0.991919 -0.237633
v 0.744786 -0.991919 -0.238633
v 0.744786 -1.066319 -0.238633
v 0.740986 -0.991919 -0.240333
v 0.740986 -1.066319 -0.240333
v 0.737586 -1.066319 -0.242733
v 0.737586 -0.991919 -0.242733
v 0.734686 -1.066319 -0.245833
v 0.734686 -0.991919 -0.245833
v 0.732486 -0.991919 -0.249333
v 0.732486 -1.066319 -0.249333
v 0.730986 -0.991919 -0.253233
v 0.730986 -1.066319 -0.253233
v 0.730286 -1.066319 -0.257433
v 0.730286 -0.991919 -0.257433
v 0.730386 -0.991919 -0.261533
v 0.730386 -1.066319 -0.261533
v 0.731386 -1.066319 -0.265633
v 0.731386 -0.991919 -0.265633
v 0.733086 -1.066319 -0.269433
v 0.733086 -0.991919 -0.269433
v 0.735486 -0.991919 -0.272833
v 0.735486 -1.066319 -0.272833
v 0.762186 -0.973519 -0.264133
v 0.763286 -0.973719 -0.261433
v 0.738586 -0.991919 -0.275733
v 0.738586 -1.066319 -0.275733
v 0.751986 -0.977519 -0.272833
v 0.737586 -0.966719 -0.265633
v 0.737686 -0.964719 -0.263633
v 0.754386 -0.976219 -0.271933
v 0.753586 -0.985919 -0.244633
v 0.755986 -0.984219 -0.244833
v 0.739086 -0.989919 -0.261833
v 0.739286 -0.990719 -0.259033
v 0.756686 -0.975019 -0.270533
v 0.761686 -0.979019 -0.248633
v 0.762886 -0.977519 -0.250733
v 0.742486 -0.991219 -0.251133
v 0.744286 -0.990719 -0.248933
v 0.744986 -0.982419 -0.272133
v 0.747186 -0.980719 -0.272833
v 0.743086 -0.984219 -0.270833
v 0.763886 -0.974219 -0.258633
v 0.751186 -0.987419 -0.244933
v 0.739486 -0.988719 -0.264533
v 0.758886 -0.974219 -0.268733
v 0.760086 -0.980719 -0.246933
v 0.740986 -0.991419 -0.253633
v 0.749586 -0.979019 -0.273133
v 0.763986 -0.975019 -0.255833
v 0.748786 -0.988719 -0.245733
v 0.740186 -0.987419 -0.266933
v 0.760686 -0.973719 -0.266633
v 0.758186 -0.982419 -0.245633
v 0.739886 -0.991219 -0.256333
v 0.763686 -0.976219 -0.253233
v 0.746486 -0.989919 -0.247133
v 0.741486 -0.985919 -0.269033
v 0.738586 -0.971619 -0.268633
v 0.739486 -0.974319 -0.269333
v 0.740686 -0.976919 -0.269633
v 0.741986 -0.979419 -0.269333
v 0.743586 -0.981819 -0.268633
v 0.745186 -0.983819 -0.267333
v 0.746786 -0.985519 -0.265633
v 0.748486 -0.986819 -0.263633
v 0.749986 -0.987519 -0.261233
v 0.751386 -0.987819 -0.258733
v 0.752586 -0.987519 -0.256133
v 0.753486 -0.986819 -0.253433
v 0.754086 -0.985519 -0.250933
v 0.754486 -0.983819 -0.248633
v 0.754486 -0.981819 -0.246533
v 0.754186 -0.979419 -0.244833
v 0.753586 -0.976919 -0.243633
v 0.752586 -0.974319 -0.242833
v 0.751486 -0.971619 -0.242633
v 0.750086 -0.969119 -0.242833
v 0.748586 -0.966719 -0.243633
v 0.746986 -0.964719 -0.244833
v 0.745286 -0.963019 -0.246533
v 0.743686 -0.961719 -0.248633
v 0.742086 -0.961019 -0.250933
v 0.740686 -0.960719 -0.253433
v 0.739586 -0.961019 -0.256133
v 0.738586 -0.961719 -0.258733
v 0.737986 -0.963019 -0.261233
v 0.737986 -0.969119 -0.267333
v 0.783386 -0.991919 0.180167
v 0.783386 -1.066319 0.180167
v 0.780486 -1.066319 0.177167
v 0.780486 -0.991919 0.177167
v 0.785686 -1.066319 0.183667
v 0.785686 -0.991919 0.183667
v 0.787286 -0.991919 0.187467
v 0.787286 -1.066319 0.187467
v 0.787986 -1.066319 0.191667
v 0.787986 -0.991919 0.191667
v 0.787986 -0.991919 0.195767
v 0.787986 -1.066319 0.195767
v 0.787086 -1.066319 0.199867
v 0.787086 -0.991919 0.199867
v 0.785486 -1.066319 0.203767
v 0.785486 -0.991919 0.203767
v 0.783086 -0.991919 0.207167
v 0.783086 -1.066319 0.207167
v 0.780086 -1.066319 0.210167
v 0.780086 -0.991919 0.210167
v 0.776586 -0.991919 0.212367
v 0.776586 -1.066319 0.212367
v 0.772686 -0.991919 0.213967
v 0.772686 -1.066319 0.213967
v 0.768586 -1.066319 0.214767
v 0.768586 -0.991919 0.214767
v 0.764386 -0.991919 0.214667
v 0.764386 -1.066319 0.214667
v 0.760286 -0.991919 0.213867
v 0.760286 -1.066319 0.213867
v 0.756486 -1.066319 0.212167
v 0.756486 -0.991919 0.212167
v 0.752986 -0.991919 0.209867
v 0.752986 -1.066319 0.209867
v 0.750086 -0.991919 0.206867
v 0.750086 -1.066319 0.206867
v 0.747786 -1.066319 0.203367
v 0.747786 -0.991919 0.203367
v 0.746286 -1.066319 0.199467
v 0.746286 -0.991919 0.199467
v 0.745486 -0.991919 0.195367
v 0.745486 -1.066319 0.195367
v 0.745486 -1.066319 0.191167
v 0.745486 -0.991919 0.191167
v 0.746386 -0.991919 0.187067
v 0.746386 -1.066319 0.187067
v 0.748086 -0.991919 0.183167
v 0.748086 -1.066319 0.183167
v 0.750386 -1.066319 0.179767
v 0.750386 -0.991919 0.179767
v 0.753386 -1.066319 0.176867
v 0.753386 -0.991919 0.176867
v 0.756886 -0.991919 0.174567
v 0.756886 -1.066319 0.174567
v 0.760786 -1.066319 0.172967
v 0.760786 -0.991919 0.172967
v 0.764886 -0.991919 0.172167
v 0.764886 -1.066319 0.172167
v 0.769086 -0.991919 0.172267
v 0.769086 -1.066319 0.172267
v 0.773186 -1.066319 0.173167
v 0.773186 -0.991919 0.173167
v 0.773786 -0.973719 0.203167
v 0.775786 -0.973519 0.201067
v 0.776986 -0.991919 0.174767
v 0.776986 -1.066319 0.174767
v 0.779886 -0.976219 0.190867
v 0.779686 -0.977519 0.188267
v 0.767386 -0.966719 0.177967
v 0.765486 -0.964719 0.178767
v 0.754486 -0.985919 0.201067
v 0.755686 -0.984219 0.203067
v 0.764486 -0.989919 0.180867
v 0.761986 -0.990719 0.182167
v 0.779586 -0.975019 0.193467
v 0.763886 -0.977519 0.207167
v 0.761386 -0.979019 0.206867
v 0.754786 -0.990719 0.190767
v 0.755986 -0.991219 0.188267
v 0.776286 -0.982419 0.182167
v 0.777886 -0.980719 0.183867
v 0.774286 -0.984219 0.180867
v 0.771486 -0.974219 0.204867
v 0.753786 -0.987419 0.198667
v 0.767086 -0.988719 0.180067
v 0.778786 -0.974219 0.196167
v 0.759186 -0.980719 0.206067
v 0.757686 -0.991419 0.185867
v 0.778986 -0.979019 0.185867
v 0.768986 -0.975019 0.206067
v 0.753586 -0.988719 0.196167
v 0.769586 -0.987419 0.179867
v 0.777486 -0.973719 0.198667
v 0.757286 -0.982419 0.204767
v 0.759686 -0.991219 0.183867
v 0.766386 -0.976219 0.206867
v 0.753986 -0.989919 0.193467
v 0.772086 -0.985919 0.180067
v 0.772286 -0.976919 0.179167
v 0.772586 -0.979419 0.180467
v 0.772486 -0.981819 0.182167
v 0.771986 -0.983819 0.184167
v 0.771086 -0.985519 0.186367
v 0.769886 -0.986819 0.188667
v 0.768386 -0.987519 0.191067
v 0.766586 -0.987819 0.193367
v 0.764586 -0.987519 0.195467
v 0.762586 -0.986819 0.197367
v 0.760486 -0.985519 0.198967
v 0.758486 -0.983819 0.200267
v 0.756686 -0.981819 0.201067
v 0.754986 -0.979419 0.201467
v 0.753586 -0.976919 0.201367
v 0.752486 -0.974319 0.200867
v 0.751786 -0.971619 0.199867
v 0.751486 -0.969119 0.198567
v 0.751586 -0.966719 0.196767
v 0.752086 -0.964719 0.194867
v 0.752986 -0.963019 0.192667
v 0.754186 -0.961719 0.190367
v 0.755686 -0.961019 0.187967
v 0.757486 -0.960719 0.185667
v 0.759386 -0.961019 0.183567
v 0.761486 -0.961719 0.181667
v 0.763486 -0.963019 0.180067
v 0.769086 -0.969119 0.177567
v 0.771486 -0.974319 0.178167
v 0.770486 -0.971619 0.177667
v 0.815086 -0.991919 -0.058133
v 0.815086 -1.066319 -0.058133
v 0.810886 -1.066319 -0.058333
v 0.810886 -0.991919 -0.058333
v 0.819086 -1.066319 -0.057033
v 0.819086 -0.991919 -0.057033
v 0.822886 -0.991919 -0.055233
v 0.822886 -1.066319 -0.055233
v 0.826186 -0.991919 -0.052733
v 0.826186 -1.066319 -0.052733
v 0.828986 -1.066319 -0.049533
v 0.828986 -0.991919 -0.049533
v 0.831086 -0.991919 -0.045933
v 0.831086 -1.066319 -0.045933
v 0.832486 -0.991919 -0.042033
v 0.832486 -1.066319 -0.042033
v 0.832986 -1.066319 -0.037833
v 0.832986 -0.991919 -0.037833
v 0.832786 -0.991919 -0.033633
v 0.832786 -1.066319 -0.033633
v 0.831686 -0.991919 -0.029633
v 0.831686 -1.066319 -0.029633
v 0.829886 -1.066319 -0.025833
v 0.829886 -0.991919 -0.025833
v 0.827286 -0.991919 -0.022533
v 0.827286 -1.066319 -0.022533
v 0.824186 -0.991919 -0.019733
v 0.824186 -1.066319 -0.019733
v 0.820586 -1.066319 -0.017633
v 0.820586 -0.991919 -0.017633
v 0.816586 -1.066319 -0.016233
v 0.816586 -0.991919 -0.016233
v 0.812486 -0.991919 -0.015733
v 0.812486 -1.066319 -0.015733
v 0.808286 -1.066319 -0.015933
v 0.808286 -0.991919 -0.015933
v 0.804286 -1.066319 -0.017033
v 0.804286 -0.991919 -0.017033
v 0.800486 -0.991919 -0.018833
v 0.800486 -1.066319 -0.018833
v 0.797186 -1.066319 -0.021333
v 0.797186 -0.991919 -0.021333
v 0.794386 -0.991919 -0.024533
v 0.794386 -1.066319 -0.024533
v 0.792286 -0.991919 -0.028133
v 0.792286 -1.066319 -0.028133
v 0.790886 -1.066319 -0.032033
v 0.790886 -0.991919 -0.032033
v 0.790386 -1.066319 -0.036233
v 0.790386 -0.991919 -0.036233
v 0.790586 -0.991919 -0.040433
v 0.790586 -1.066319 -0.040433
v 0.791686 -1.066319 -0.044433
v 0.791686 -0.991919 -0.044433
v 0.793486 -0.991919 -0.048233
v 0.793486 -1.066319 -0.048233
v 0.795986 -0.991919 -0.051533
v 0.795986 -1.066319 -0.051533
v 0.799186 -1.066319 -0.054333
v 0.799186 -0.991919 -0.054333
v 0.802786 -0.991919 -0.056433
v 0.802786 -1.066319 -0.056433
v 0.823486 -0.973519 -0.037433
v 0.823386 -0.973719 -0.034633
v 0.806686 -0.991919 -0.057833
v 0.806686 -1.066319 -0.057833
v 0.817786 -0.977519 -0.049533
v 0.801786 -0.966719 -0.048933
v 0.800886 -0.964719 -0.047133
v 0.819586 -0.976219 -0.047833
v 0.807686 -0.985919 -0.023233
v 0.809886 -0.984219 -0.022433
v 0.801586 -0.989919 -0.044833
v 0.800586 -0.990719 -0.042233
v 0.821186 -0.975019 -0.045633
v 0.818686 -0.977519 -0.025033
v 0.816686 -0.979019 -0.023533
v 0.800986 -0.990719 -0.030933
v 0.800186 -0.991219 -0.033733
v 0.813386 -0.980719 -0.051633
v 0.811086 -0.982419 -0.051833
v 0.808786 -0.984219 -0.051433
v 0.822786 -0.974219 -0.031833
v 0.805586 -0.987419 -0.024533
v 0.802886 -0.988719 -0.047133
v 0.822386 -0.974219 -0.043133
v 0.814486 -0.980719 -0.022633
v 0.799886 -0.991419 -0.036633
v 0.815686 -0.979019 -0.050833
v 0.821786 -0.975019 -0.029233
v 0.803686 -0.988719 -0.026233
v 0.804686 -0.987419 -0.049033
v 0.823186 -0.973719 -0.040333
v 0.812286 -0.982419 -0.022233
v 0.799986 -0.991219 -0.039433
v 0.820386 -0.976219 -0.026933
v 0.802186 -0.989919 -0.028433
v 0.806686 -0.985919 -0.050533
v 0.803786 -0.971619 -0.051233
v 0.804986 -0.974319 -0.051533
v 0.806086 -0.976919 -0.051333
v 0.807286 -0.979419 -0.050533
v 0.808386 -0.981819 -0.049233
v 0.809286 -0.983819 -0.047433
v 0.810086 -0.985519 -0.045233
v 0.810786 -0.986819 -0.042633
v 0.811186 -0.987519 -0.039933
v 0.811486 -0.987819 -0.037033
v 0.811486 -0.987519 -0.034133
v 0.811186 -0.986819 -0.031333
v 0.810786 -0.985519 -0.028733
v 0.810086 -0.983819 -0.026533
v 0.809286 -0.981819 -0.024633
v 0.808286 -0.979419 -0.023233
v 0.807186 -0.976919 -0.022333
v 0.806086 -0.974319 -0.022033
v 0.804886 -0.971619 -0.022233
v 0.803786 -0.969119 -0.023033
v 0.802686 -0.966719 -0.024333
v 0.801686 -0.964719 -0.026233
v 0.800886 -0.963019 -0.028433
v 0.800286 -0.961719 -0.030933
v 0.799786 -0.961019 -0.033733
v 0.799586 -0.960719 -0.036533
v 0.799586 -0.961019 -0.039433
v 0.799786 -0.961719 -0.042233
v 0.800286 -0.963019 -0.044833
v 0.802686 -0.969119 -0.050333
vn -0.0000 -1.0000 -0.0000
vn -0.0000 1.0000 -0.0000
vn 0.8376 -0.4835 0.2542
vn 0.8375 -0.4837 0.2542
vn 0.8377 -0.4835 0.2540
vn 0.8377 -0.4836 0.2539
vn -0.6767 -0.4836 -0.5551
vn -0.6767 -0.4835 -0.5552
vn -0.6763 -0.4838 -0.5554
vn -0.6769 -0.4836 -0.5550
vn 0.8712 -0.4834 0.0859
vn 0.8712 -0.4834 0.0861
vn 0.8711 -0.4835 0.0859
vn 0.8711 -0.4836 0.0857
vn -0.7717 -0.4838 -0.4128
vn -0.7719 -0.4836 -0.4127
vn -0.7720 -0.4837 -0.4124
vn -0.7720 -0.4836 -0.4126
vn 0.8711 -0.4836 -0.0858
vn 0.8711 -0.4836 -0.0857
vn -0.8375 -0.4836 -0.2544
vn -0.8376 -0.4836 -0.2541
vn -0.8375 -0.4836 -0.2545
vn -0.8376 -0.4836 -0.2540
vn 0.8376 -0.4835 -0.2542
vn 0.8375 -0.4836 -0.2543
vn 0.8378 -0.4834 -0.2538
vn 0.8376 -0.4836 -0.2541
vn -0.8711 -0.4836 -0.0858
vn -0.8711 -0.4836 -0.0857
vn -0.8711 -0.4836 -0.0859
vn 0.7717 -0.4836 -0.4131
vn 0.7717 -0.4836 -0.4130
vn 0.7720 -0.4836 -0.4126
vn -0.8711 -0.4836 0.0859
vn -0.8711 -0.4837 0.0851
vn -0.8711 -0.4837 0.0852
vn -0.8711 -0.4836 0.0858
vn 0.6765 -0.4836 -0.5554
vn 0.6768 -0.4836 -0.5551
vn 0.6768 -0.4836 -0.5550
vn -0.8374 -0.4837 0.2544
vn -0.8376 -0.4836 0.2539
vn -0.8377 -0.4836 0.2539
vn -0.8377 -0.4835 0.2540
vn 0.5556 -0.4836 -0.6763
vn 0.5555 -0.4836 -0.6764
vn 0.5556 -0.4836 -0.6764
vn 0.5557 -0.4837 -0.6763
vn -0.7720 -0.4837 0.4124
vn -0.7720 -0.4836 0.4124
vn -0.7720 -0.4836 0.4126
vn 0.4127 -0.4836 -0.7719
vn 0.4125 -0.4836 -0.7720
vn 0.4126 -0.4836 -0.7720
vn 0.0858 -0.4836 0.8711
vn 0.0863 -0.4836 0.8710
vn 0.0859 -0.4836 0.8711
vn -0.6765 -0.4838 0.5552
vn -0.6766 -0.4836 0.5553
vn -0.6766 -0.4836 0.5552
vn 0.2539 -0.4836 -0.8376
vn 0.2539 -0.4836 -0.8377
vn 0.2541 -0.4835 -0.8377
vn 0.2544 -0.4835 -0.8376
vn 0.2542 -0.4836 0.8375
vn 0.2541 -0.4836 0.8376
vn 0.2539 -0.4835 0.8377
vn -0.5552 -0.4834 0.6768
vn -0.5555 -0.4836 0.6764
vn -0.5554 -0.4835 0.6765
vn -0.5552 -0.4835 0.6767
vn 0.0857 -0.4836 -0.8711
vn 0.0858 -0.4836 -0.8711
vn 0.4127 -0.4835 0.7719
vn 0.4128 -0.4835 0.7719
vn 0.4130 -0.4835 0.7718
vn 0.4126 -0.4836 0.7719
vn -0.4125 -0.4835 0.7721
vn -0.4127 -0.4834 0.7720
vn -0.4125 -0.4836 0.7720
vn -0.4128 -0.4836 0.7718
vn -0.0857 -0.4836 -0.8711
vn -0.0852 -0.4837 -0.8711
vn -0.0859 -0.4836 -0.8711
vn 0.5552 -0.4834 0.6768
vn 0.5553 -0.4836 0.6766
vn 0.5554 -0.4835 0.6765
vn 0.5555 -0.4836 0.6764
vn -0.2541 -0.4836 0.8376
vn -0.2539 -0.4837 0.8376
vn -0.2538 -0.4836 0.8377
vn -0.2544 -0.4836 -0.8375
vn -0.2548 -0.4835 -0.8374
vn -0.2543 -0.4837 -0.8375
vn 0.6766 -0.4836 0.5553
vn 0.6764 -0.4836 0.5555
vn 0.6765 -0.4835 0.5554
vn 0.6770 -0.4833 0.5551
vn -0.0860 -0.4836 0.8711
vn -0.0857 -0.4836 0.8711
vn -0.0858 -0.4836 0.8711
vn -0.0859 -0.4836 0.8711
vn -0.4126 -0.4836 -0.7720
vn -0.4127 -0.4836 -0.7719
vn -0.4125 -0.4836 -0.7720
vn 0.7719 -0.4836 0.4126
vn 0.7720 -0.4836 0.4126
vn -0.5556 -0.4836 -0.6763
vn -0.5555 -0.4836 -0.6764
vn -0.5556 -0.4836 -0.6764
vn -0.5557 -0.4836 -0.6763
vn -0.3579 0.9150 0.1860
vn -0.3590 0.9147 0.1856
vn -0.3652 0.9122 0.1860
vn -0.3706 0.9095 0.1881
vn -0.3774 0.9067 0.1884
vn -0.3769 0.9070 0.1878
vn -0.4020 0.8972 -0.1828
vn -0.4020 0.8970 -0.1836
vn -0.4069 0.8947 -0.1840
vn -0.4133 0.8925 -0.1808
vn -0.3966 0.8986 -0.1877
vn -0.3950 0.8992 -0.1881
vn -0.2344 0.7964 0.5575
vn -0.2597 0.7856 0.5616
vn -0.2851 0.7748 0.5643
vn -0.2850 0.7748 0.5643
vn -0.3106 0.7639 0.5657
vn -0.3106 0.7639 0.5656
vn -0.3818 0.9056 0.1847
vn -0.3885 0.9028 0.1847
vn -0.3820 0.9051 -0.1869
vn -0.3826 0.9053 -0.1845
vn -0.3362 0.7530 -0.5657
vn -0.3362 0.7530 -0.5656
vn -0.3363 0.7528 -0.5659
vn -0.3617 0.7421 -0.5643
vn -0.3871 0.7313 -0.5616
vn -0.3870 0.7314 -0.5615
vn -0.3870 0.7313 -0.5616
vn -0.4123 0.7205 -0.5576
vn -0.4122 0.7206 -0.5575
vn -0.4124 0.7205 -0.5576
vn -0.4120 0.7204 -0.5580
vn -0.4189 0.8899 -0.1807
vn -0.4190 0.8898 -0.1811
vn -0.3529 0.9180 0.1810
vn -0.3526 0.9180 0.1815
vn 0.4110 -0.8924 0.1862
vn 0.3997 -0.8974 0.1871
vn 0.4037 -0.8956 0.1870
vn 0.4110 -0.8925 0.1860
vn 0.3622 -0.9133 -0.1865
vn 0.3684 -0.9115 -0.1831
vn 0.3678 -0.9119 -0.1823
vn 0.3580 -0.9151 -0.1857
vn 0.3914 -0.9018 0.1831
vn 0.3977 -0.8986 0.1856
vn 0.3726 -0.9090 -0.1870
vn 0.3804 -0.9056 -0.1875
vn 0.4124 -0.7205 0.5575
vn 0.4125 -0.7205 0.5575
vn 0.4125 -0.7204 0.5575
vn 0.4158 -0.8906 0.1844
vn 0.4211 -0.8880 0.1848
vn 0.3541 -0.9168 -0.1845
vn 0.3490 -0.9188 -0.1844
vn 0.2344 -0.7964 -0.5576
vn 0.2344 -0.7964 -0.5575
vn 0.2343 -0.7965 -0.5574
vn 0.2343 -0.7966 -0.5573
vn 0.2597 -0.7856 -0.5616
vn 0.2849 -0.7750 -0.5640
vn 0.2850 -0.7748 -0.5643
vn 0.2851 -0.7748 -0.5642
vn 0.2851 -0.7748 -0.5643
vn 0.3106 -0.7639 -0.5657
vn 0.3886 -0.9022 -0.1869
vn 0.3882 -0.9030 -0.1842
vn 0.3866 -0.9038 0.1836
vn 0.3864 -0.9039 0.1835
vn 0.3361 -0.7530 0.5657
vn 0.3362 -0.7530 0.5657
vn 0.3617 -0.7421 0.5643
vn 0.3870 -0.7313 0.5616
vn 0.3871 -0.7313 0.5616
vn 0.4437 -0.8783 0.1781
vn 0.4306 -0.8846 0.1792
vn 0.4386 -0.8812 0.1765
vn 0.4434 -0.8785 0.1776
vn 0.3282 -0.9285 -0.1737
vn 0.3364 -0.9250 -0.1766
vn 0.3363 -0.9251 -0.1764
vn 0.3282 -0.9285 -0.1739
vn 0.4270 -0.8857 0.1825
vn 0.4269 -0.8856 0.1831
vn 0.3462 -0.9211 -0.1779
vn 0.3426 -0.9226 -0.1772
vn 0.5107 -0.6786 0.5278
vn 0.5107 -0.6786 0.5279
vn 0.4497 -0.8757 0.1759
vn 0.4545 -0.8743 0.1704
vn 0.3202 -0.9321 -0.1692
vn 0.3187 -0.9326 -0.1692
vn 0.1361 -0.8383 -0.5279
vn 0.1601 -0.8281 -0.5373
vn 0.1845 -0.8177 -0.5453
vn 0.2092 -0.8071 -0.5521
vn 0.2093 -0.8071 -0.5521
vn 0.2091 -0.8071 -0.5522
vn 0.4375 -0.7098 0.5521
vn 0.4623 -0.6992 0.5453
vn 0.4622 -0.6993 0.5453
vn 0.4621 -0.6993 0.5454
vn 0.4622 -0.6993 0.5452
vn 0.4867 -0.6888 0.5373
vn 0.4867 -0.6888 0.5372
vn 0.4866 -0.6888 0.5374
vn 0.4742 -0.8666 0.1556
vn 0.4623 -0.8714 0.1643
vn 0.4693 -0.8682 0.1613
vn 0.4769 -0.8641 0.1607
vn 0.2982 -0.9415 -0.1570
vn 0.3073 -0.9376 -0.1628
vn 0.3070 -0.9378 -0.1624
vn 0.2984 -0.9413 -0.1578
vn 0.4579 -0.8734 0.1659
vn 0.4581 -0.8734 0.1653
vn 0.3141 -0.9348 -0.1657
vn 0.3140 -0.9349 -0.1656
vn 0.6018 -0.6397 0.4781
vn 0.4773 -0.8649 0.1556
vn 0.4814 -0.8633 0.1513
vn 0.2873 -0.9451 -0.1560
vn 0.2885 -0.9447 -0.1562
vn 0.0449 -0.8772 -0.4781
vn 0.0450 -0.8772 -0.4781
vn 0.0668 -0.8678 -0.4924
vn 0.0667 -0.8678 -0.4924
vn 0.0893 -0.8582 -0.5055
vn 0.0893 -0.8582 -0.5054
vn 0.1123 -0.8484 -0.5174
vn 0.1125 -0.8484 -0.5173
vn 0.1123 -0.8484 -0.5173
vn 0.5343 -0.6685 0.5173
vn 0.5343 -0.6685 0.5174
vn 0.5574 -0.6587 0.5054
vn 0.5799 -0.6491 0.4923
vn 0.5799 -0.6492 0.4922
vn 0.4999 -0.8546 0.1406
vn 0.4928 -0.8576 0.1473
vn 0.4965 -0.8560 0.1441
vn 0.5028 -0.8534 0.1376
vn 0.2701 -0.9523 -0.1417
vn 0.2757 -0.9502 -0.1453
vn 0.2753 -0.9502 -0.1460
vn 0.2738 -0.9521 -0.1361
vn 0.4856 -0.8617 0.1471
vn 0.4843 -0.8622 0.1488
vn 0.2822 -0.9469 -0.1538
vn 0.2856 -0.9469 -0.1474
vn 0.6823 -0.6054 0.4099
vn 0.6822 -0.6053 0.4100
vn 0.6823 -0.6054 0.4098
vn 0.5084 -0.8509 0.1322
vn 0.5084 -0.8509 0.1326
vn 0.2654 -0.9546 -0.1354
vn 0.2610 -0.9564 -0.1307
vn -0.0355 -0.9115 -0.4098
vn -0.0166 -0.9034 -0.4285
vn 0.0031 -0.8950 -0.4461
vn 0.0237 -0.8863 -0.4626
vn 0.0237 -0.8862 -0.4626
vn 0.6231 -0.6307 0.4626
vn 0.6435 -0.6220 0.4461
vn 0.6436 -0.6219 0.4461
vn 0.6435 -0.6218 0.4463
vn 0.6634 -0.6134 0.4285
vn 0.6634 -0.6135 0.4284
vn 0.6634 -0.6135 0.4285
vn 0.5225 -0.8450 0.1138
vn 0.5172 -0.8473 0.1205
vn 0.5195 -0.8463 0.1179
vn 0.5255 -0.8436 0.1102
vn 0.2455 -0.9629 -0.1118
vn 0.2501 -0.9608 -0.1199
vn 0.2506 -0.9606 -0.1198
vn 0.2460 -0.9628 -0.1117
vn 0.5150 -0.8479 0.1259
vn 0.5141 -0.8483 0.1266
vn 0.2556 -0.9587 -0.1246
vn 0.2587 -0.9574 -0.1280
vn 0.7489 -0.5771 0.3257
vn 0.7489 -0.5772 0.3257
vn 0.7489 -0.5770 0.3258
vn 0.5298 -0.8416 0.1050
vn 0.5291 -0.8419 0.1062
vn 0.2411 -0.9653 -0.1002
vn 0.2445 -0.9645 -0.0996
vn -0.1022 -0.9399 -0.3258
vn -0.1023 -0.9399 -0.3258
vn -0.0869 -0.9334 -0.3482
vn -0.0866 -0.9335 -0.3481
vn -0.0708 -0.9265 -0.3696
vn -0.0536 -0.9192 -0.3901
vn -0.0536 -0.9192 -0.3902
vn 0.7004 -0.5977 0.3901
vn 0.7003 -0.5978 0.3901
vn 0.7002 -0.5980 0.3900
vn 0.7176 -0.5902 0.3698
vn 0.7175 -0.5905 0.3696
vn 0.7175 -0.5904 0.3696
vn 0.7337 -0.5835 0.3483
vn 0.7336 -0.5835 0.3483
vn 0.7337 -0.5835 0.3482
vn 0.7337 -0.5835 0.3481
vn 0.5408 -0.8371 0.0826
vn 0.5365 -0.8390 0.0903
vn 0.5382 -0.8383 0.0870
vn 0.5426 -0.8364 0.0774
vn 0.2273 -0.9708 -0.0771
vn 0.2329 -0.9684 -0.0888
vn 0.2324 -0.9685 -0.0896
vn 0.2328 -0.9694 -0.0779
vn 0.5308 -0.8423 0.0939
vn 0.5316 -0.8420 0.0917
vn 0.2414 -0.9659 -0.0933
vn 0.2410 -0.9659 -0.0948
vn 0.7992 -0.5556 0.2293
vn 0.7992 -0.5555 0.2295
vn 0.7993 -0.5555 0.2293
vn 0.5454 -0.8351 0.0722
vn 0.5456 -0.8349 0.0723
vn 0.2249 -0.9716 -0.0730
vn 0.2254 -0.9716 -0.0722
vn -0.1527 -0.9613 -0.2293
vn -0.1527 -0.9613 -0.2292
vn -0.1525 -0.9613 -0.2293
vn -0.1415 -0.9567 -0.2545
vn -0.1415 -0.9567 -0.2544
vn -0.1295 -0.9515 -0.2789
vn -0.1295 -0.9516 -0.2789
vn -0.1164 -0.9460 -0.3026
vn -0.1164 -0.9460 -0.3027
vn 0.7631 -0.5709 0.3027
vn 0.7632 -0.5709 0.3027
vn 0.7763 -0.5654 0.2789
vn 0.7763 -0.5653 0.2789
vn 0.7883 -0.5602 0.2544
vn 0.5493 -0.8344 0.0456
vn 0.5501 -0.8331 0.0579
vn 0.5505 -0.8333 0.0504
vn 0.5514 -0.8332 0.0420
vn 0.2170 -0.9751 -0.0459
vn 0.2221 -0.9737 -0.0507
vn 0.2215 -0.9739 -0.0502
vn 0.2173 -0.9750 -0.0465
vn 0.5489 -0.8334 0.0642
vn 0.5490 -0.8334 0.0638
vn 0.2279 -0.9717 -0.0624
vn 0.2267 -0.9720 -0.0613
vn 0.8312 -0.5420 0.1240
vn 0.8312 -0.5419 0.1240
vn 0.8313 -0.5419 0.1237
vn 0.5545 -0.8313 0.0376
vn 0.5546 -0.8312 0.0384
vn 0.2156 -0.9758 -0.0366
vn 0.2161 -0.9757 -0.0367
vn -0.1845 -0.9750 -0.1240
vn -0.1845 -0.9750 -0.1242
vn -0.1783 -0.9723 -0.1509
vn -0.1782 -0.9724 -0.1508
vn -0.1708 -0.9692 -0.1775
vn -0.1708 -0.9692 -0.1773
vn -0.1622 -0.9655 -0.2036
vn 0.8091 -0.5513 0.2036
vn 0.8090 -0.5514 0.2036
vn 0.8176 -0.5477 0.1775
vn 0.8177 -0.5476 0.1775
vn 0.8251 -0.5445 0.1509
vn 0.8250 -0.5446 0.1509
vn 0.8251 -0.5444 0.1509
vn 0.5544 -0.8322 0.0105
vn 0.5570 -0.8303 0.0211
vn 0.5577 -0.8299 0.0154
vn 0.5557 -0.8314 0.0066
vn 0.2173 -0.9760 -0.0111
vn 0.2115 -0.9772 -0.0179
vn 0.2149 -0.9765 -0.0183
vn 0.2177 -0.9760 -0.0098
vn 0.5540 -0.8320 0.0305
vn 0.5560 -0.8306 0.0300
vn 0.2179 -0.9757 -0.0245
vn 0.2177 -0.9757 -0.0262
vn 0.8437 -0.5366 0.0139
vn 0.8436 -0.5367 0.0139
vn 0.5549 -0.8319 -0.0000
vn 0.2175 -0.9761 -0.0001
vn 0.2174 -0.9761 -0.0000
vn -0.1970 -0.9803 -0.0139
vn -0.1957 -0.9798 -0.0416
vn -0.1932 -0.9787 -0.0693
vn -0.1932 -0.9787 -0.0694
vn -0.1895 -0.9771 -0.0967
vn 0.8362 -0.5398 0.0967
vn 0.8362 -0.5398 0.0966
vn 0.8400 -0.5382 0.0692
vn 0.8425 -0.5371 0.0416
vn 0.5573 -0.8299 -0.0281
vn 0.5569 -0.8304 -0.0152
vn 0.5575 -0.8300 -0.0192
vn 0.5546 -0.8316 -0.0309
vn 0.2180 -0.9756 0.0248
vn 0.2115 -0.9772 0.0180
vn 0.2149 -0.9765 0.0182
vn 0.2176 -0.9757 0.0262
vn 0.5547 -0.8320 -0.0090
vn 0.5545 -0.8321 -0.0083
vn 0.2173 -0.9760 0.0112
vn 0.2177 -0.9760 0.0097
vn 0.8362 -0.5398 -0.0967
vn 0.5545 -0.8313 -0.0377
vn 0.5546 -0.8312 -0.0386
vn 0.2156 -0.9758 0.0366
vn 0.2161 -0.9757 0.0367
vn -0.1895 -0.9771 0.0967
vn -0.1932 -0.9787 0.0692
vn -0.1957 -0.9798 0.0417
vn -0.1970 -0.9803 0.0139
vn 0.8437 -0.5366 -0.0139
vn 0.8425 -0.5371 -0.0416
vn 0.8400 -0.5382 -0.0692
vn 0.8402 -0.5379 -0.0687
vn 0.5490 -0.8336 -0.0605
vn 0.5505 -0.8333 -0.0505
vn 0.5514 -0.8324 -0.0557
vn 0.5472 -0.8344 -0.0661
vn 0.2279 -0.9717 0.0623
vn 0.2223 -0.9737 0.0507
vn 0.2217 -0.9738 0.0500
vn 0.2267 -0.9720 0.0613
vn 0.5499 -0.8340 -0.0440
vn 0.5498 -0.8342 -0.0428
vn 0.2170 -0.9751 0.0459
vn 0.2173 -0.9750 0.0465
vn 0.8091 -0.5513 -0.2036
vn 0.8091 -0.5513 -0.2037
vn 0.8090 -0.5514 -0.2036
vn 0.5454 -0.8351 -0.0722
vn 0.5455 -0.8350 -0.0723
vn 0.2248 -0.9717 0.0729
vn 0.2254 -0.9716 0.0722
vn -0.1622 -0.9655 0.2036
vn -0.1709 -0.9692 0.1775
vn -0.1709 -0.9692 0.1774
vn -0.1782 -0.9724 0.1508
vn -0.1783 -0.9723 0.1509
vn -0.1845 -0.9750 0.1240
vn 0.8313 -0.5419 -0.1239
vn 0.8312 -0.5419 -0.1240
vn 0.8313 -0.5419 -0.1240
vn 0.8250 -0.5446 -0.1509
vn 0.8180 -0.5472 -0.1775
vn 0.8178 -0.5475 -0.1775
vn 0.8177 -0.5476 -0.1775
vn 0.8177 -0.5477 -0.1775
vn 0.5311 -0.8423 -0.0921
vn 0.5382 -0.8384 -0.0863
vn 0.5370 -0.8388 -0.0898
vn 0.5300 -0.8423 -0.0980
vn 0.2420 -0.9657 0.0940
vn 0.2330 -0.9684 0.0887
vn 0.2325 -0.9685 0.0894
vn 0.2410 -0.9659 0.0950
vn 0.5420 -0.8364 -0.0814
vn 0.5420 -0.8365 -0.0807
vn 0.2267 -0.9708 0.0782
vn 0.2328 -0.9694 0.0779
vn 0.7631 -0.5710 -0.3027
vn 0.5295 -0.8418 -0.1048
vn 0.5292 -0.8419 -0.1057
vn 0.2410 -0.9653 0.1003
vn 0.2439 -0.9647 0.0994
vn -0.1164 -0.9459 0.3027
vn -0.1164 -0.9460 0.3027
vn -0.1164 -0.9460 0.3026
vn -0.1295 -0.9515 0.2789
vn -0.1295 -0.9516 0.2789
vn -0.1415 -0.9567 0.2544
vn -0.1525 -0.9613 0.2294
vn -0.1525 -0.9613 0.2293
vn 0.7992 -0.5556 -0.2293
vn 0.7992 -0.5555 -0.2294
vn 0.7883 -0.5602 -0.2544
vn 0.7763 -0.5654 -0.2789
vn 0.7763 -0.5653 -0.2789
vn 0.5158 -0.8477 -0.1240
vn 0.5197 -0.8462 -0.1175
vn 0.5175 -0.8472 -0.1205
vn 0.5102 -0.8504 -0.1283
vn 0.2571 -0.9580 0.1268
vn 0.2506 -0.9605 0.1206
vn 0.2509 -0.9606 0.1200
vn 0.2572 -0.9581 0.1264
vn 0.5239 -0.8443 -0.1129
vn 0.5240 -0.8442 -0.1126
vn 0.2454 -0.9630 0.1117
vn 0.2459 -0.9628 0.1116
vn 0.7004 -0.5977 -0.3901
vn 0.7004 -0.5977 -0.3902
vn 0.5084 -0.8509 -0.1320
vn 0.5085 -0.8508 -0.1324
vn 0.2617 -0.9559 0.1332
vn 0.2614 -0.9561 0.1325
vn -0.0536 -0.9192 0.3901
vn -0.0536 -0.9192 0.3902
vn -0.0708 -0.9265 0.3696
vn -0.0868 -0.9334 0.3481
vn -0.0869 -0.9334 0.3481
vn -0.1022 -0.9399 0.3258
vn 0.7490 -0.5770 -0.3258
vn 0.7489 -0.5770 -0.3258
vn 0.7338 -0.5834 -0.3481
vn 0.7336 -0.5835 -0.3482
vn 0.7338 -0.5835 -0.3481
vn 0.7337 -0.5835 -0.3481
vn 0.7175 -0.5904 -0.3696
vn 0.4892 -0.8600 -0.1452
vn 0.4967 -0.8560 -0.1434
vn 0.4927 -0.8576 -0.1473
vn 0.4844 -0.8617 -0.1509
vn 0.2818 -0.9471 0.1536
vn 0.2757 -0.9502 0.1453
vn 0.2753 -0.9502 0.1460
vn 0.2855 -0.9470 0.1474
vn 0.5016 -0.8538 -0.1392
vn 0.5017 -0.8538 -0.1392
vn 0.2701 -0.9524 0.1416
vn 0.2739 -0.9520 0.1363
vn 0.6231 -0.6307 -0.4626
vn 0.4790 -0.8645 -0.1526
vn 0.4785 -0.8647 -0.1526
vn 0.2875 -0.9449 0.1564
vn 0.2886 -0.9446 0.1563
vn 0.0236 -0.8862 0.4627
vn 0.0236 -0.8862 0.4626
vn 0.0030 -0.8950 0.4461
vn 0.0031 -0.8950 0.4461
vn -0.0166 -0.9034 0.4285
vn -0.0355 -0.9115 0.4098
vn 0.6823 -0.6054 -0.4098
vn 0.6633 -0.6135 -0.4285
vn 0.6633 -0.6136 -0.4285
vn 0.6435 -0.6220 -0.4461
vn 0.6436 -0.6219 -0.4461
vn 0.6435 -0.6219 -0.4462
vn 0.4602 -0.8723 -0.1653
vn 0.4693 -0.8681 -0.1617
vn 0.4623 -0.8713 -0.1645
vn 0.4555 -0.8743 -0.1678
vn 0.3160 -0.9339 0.1670
vn 0.3073 -0.9376 0.1627
vn 0.3072 -0.9377 0.1625
vn 0.3164 -0.9335 0.1689
vn 0.4754 -0.8645 -0.1630
vn 0.4736 -0.8669 -0.1555
vn 0.2979 -0.9417 0.1564
vn 0.2987 -0.9413 0.1573
vn 0.5343 -0.6685 -0.5173
vn 0.5343 -0.6683 -0.5176
vn 0.4537 -0.8744 -0.1718
vn 0.4540 -0.8742 -0.1720
vn 0.3190 -0.9326 0.1688
vn 0.3170 -0.9329 0.1708
vn 0.1124 -0.8484 0.5172
vn 0.1124 -0.8485 0.5172
vn 0.1124 -0.8484 0.5173
vn 0.0890 -0.8582 0.5055
vn 0.0893 -0.8582 0.5054
vn 0.0894 -0.8583 0.5054
vn 0.0899 -0.8584 0.5050
vn 0.0668 -0.8679 0.4923
vn 0.0668 -0.8679 0.4922
vn 0.0450 -0.8771 0.4781
vn 0.0449 -0.8772 0.4781
vn 0.0449 -0.8772 0.4780
vn 0.0453 -0.8771 0.4782
vn 0.6018 -0.6397 -0.4781
vn 0.6018 -0.6397 -0.4782
vn 0.6018 -0.6398 -0.4781
vn 0.5799 -0.6491 -0.4923
vn 0.5800 -0.6491 -0.4923
vn 0.5799 -0.6491 -0.4924
vn 0.5574 -0.6588 -0.5052
vn 0.5574 -0.6588 -0.5053
vn 0.5574 -0.6587 -0.5054
vn 0.4291 -0.8848 -0.1815
vn 0.4338 -0.8838 -0.1753
vn 0.4318 -0.8840 -0.1793
vn 0.4257 -0.8863 -0.1825
vn 0.3453 -0.9215 0.1779
vn 0.3364 -0.9250 0.1765
vn 0.3363 -0.9251 0.1764
vn 0.3441 -0.9219 0.1778
vn 0.4437 -0.8784 -0.1775
vn 0.4439 -0.8782 -0.1780
vn 0.3281 -0.9286 0.1735
vn 0.3282 -0.9285 0.1739
vn 0.4375 -0.7097 -0.5522
vn 0.4374 -0.7098 -0.5521
vn 0.4375 -0.7098 -0.5521
vn 0.4177 -0.8894 -0.1859
vn 0.4187 -0.8890 -0.1853
vn 0.3520 -0.9174 0.1854
vn 0.3523 -0.9174 0.1850
vn 0.2093 -0.8071 0.5521
vn 0.2093 -0.8070 0.5522
vn 0.2091 -0.8072 0.5520
vn 0.2092 -0.8071 0.5522
vn 0.1845 -0.8177 0.5453
vn 0.1601 -0.8281 0.5373
vn 0.1601 -0.8280 0.5373
vn 0.1601 -0.8281 0.5372
vn 0.1361 -0.8383 0.5279
vn 0.1361 -0.8384 0.5278
vn 0.5107 -0.6786 -0.5279
vn 0.4866 -0.6888 -0.5373
vn 0.4866 -0.6889 -0.5373
vn 0.4622 -0.6993 -0.5453
vn 0.3980 -0.8985 -0.1854
vn 0.4043 -0.8954 -0.1867
vn 0.3998 -0.8973 -0.1872
vn 0.3902 -0.9019 -0.1852
vn 0.3786 -0.9062 0.1885
vn 0.3684 -0.9116 0.1824
vn 0.3655 -0.9126 0.1831
vn 0.3774 -0.9067 0.1883
vn 0.4107 -0.8926 -0.1861
vn 0.4109 -0.8925 -0.1862
vn 0.3595 -0.9143 0.1866
vn 0.3600 -0.9142 0.1862
vn 0.3361 -0.7530 -0.5657
vn 0.3362 -0.7530 -0.5657
vn 0.3870 -0.9038 -0.1826
vn 0.3869 -0.9038 -0.1831
vn 0.3886 -0.9026 0.1853
vn 0.3867 -0.9037 0.1838
vn 0.3106 -0.7640 0.5656
vn 0.3106 -0.7638 0.5658
vn 0.3107 -0.7639 0.5656
vn 0.2851 -0.7748 0.5643
vn 0.2597 -0.7856 0.5616
vn 0.2599 -0.7855 0.5616
vn 0.2598 -0.7856 0.5616
vn 0.2344 -0.7964 0.5575
vn 0.2344 -0.7963 0.5576
vn 0.4123 -0.7205 -0.5575
vn 0.4124 -0.7205 -0.5575
vn 0.3871 -0.7312 -0.5617
vn 0.3872 -0.7312 -0.5616
vn 0.3871 -0.7313 -0.5616
vn 0.3617 -0.7421 -0.5643
vn 0.3628 -0.9138 -0.1824
vn 0.3723 -0.9093 -0.1860
vn 0.3640 -0.9128 -0.1852
vn 0.3581 -0.9157 -0.1822
vn 0.4109 -0.8922 0.1876
vn 0.4018 -0.8964 0.1873
vn 0.4019 -0.8963 0.1876
vn 0.4136 -0.8912 0.1861
vn 0.3763 -0.9081 -0.1837
vn 0.3759 -0.9083 -0.1834
vn 0.3931 -0.9000 0.1884
vn 0.3931 -0.9001 0.1879
vn 0.2344 -0.7963 -0.5576
vn 0.3558 -0.9164 -0.1833
vn 0.3530 -0.9184 -0.1788
vn 0.4195 -0.8885 0.1861
vn 0.4196 -0.8885 0.1859
vn 0.4123 -0.7205 0.5576
vn 0.4126 -0.7205 0.5574
vn 0.3871 -0.7312 0.5616
vn 0.3360 -0.7530 0.5657
vn 0.3105 -0.7639 -0.5657
vn 0.2598 -0.7856 -0.5615
vn 0.2591 -0.7856 -0.5619
vn 0.3289 -0.9273 -0.1785
vn 0.3370 -0.9241 -0.1803
vn 0.3334 -0.9256 -0.1792
vn 0.3242 -0.9298 -0.1745
vn 0.4464 -0.8776 0.1748
vn 0.4325 -0.8841 0.1770
vn 0.4321 -0.8842 0.1775
vn 0.4439 -0.8795 0.1713
vn 0.3425 -0.9227 -0.1771
vn 0.3430 -0.9210 -0.1846
vn 0.4248 -0.8865 0.1834
vn 0.4256 -0.8860 0.1838
vn 0.1361 -0.8383 -0.5280
vn 0.3222 -0.9306 -0.1735
vn 0.3205 -0.9310 -0.1748
vn 0.4521 -0.8750 0.1735
vn 0.4521 -0.8750 0.1733
vn 0.5106 -0.6786 0.5279
vn 0.4866 -0.6888 0.5373
vn 0.4377 -0.7101 0.5515
vn 0.4379 -0.7096 0.5519
vn 0.4374 -0.7099 0.5520
vn 0.4374 -0.7099 0.5521
vn 0.2094 -0.8071 -0.5520
vn 0.1845 -0.8176 -0.5454
vn 0.1601 -0.8280 -0.5373
vn 0.2980 -0.9407 -0.1619
vn 0.3055 -0.9376 -0.1662
vn 0.3025 -0.9389 -0.1645
vn 0.2949 -0.9421 -0.1598
vn 0.4719 -0.8674 0.1578
vn 0.4656 -0.8692 0.1665
vn 0.4658 -0.8690 0.1669
vn 0.4725 -0.8671 0.1577
vn 0.3114 -0.9350 -0.1696
vn 0.3115 -0.9349 -0.1699
vn 0.4592 -0.8719 0.1698
vn 0.4592 -0.8720 0.1697
vn 0.2890 -0.9445 -0.1562
vn 0.4806 -0.8637 0.1519
vn 0.4806 -0.8636 0.1527
vn 0.5800 -0.6491 0.4922
vn 0.5573 -0.6588 0.5054
vn 0.1124 -0.8484 -0.5173
vn 0.0893 -0.8583 -0.5054
vn 0.0668 -0.8678 -0.4923
vn 0.0668 -0.8679 -0.4923
vn 0.2738 -0.9515 -0.1402
vn 0.2786 -0.9489 -0.1480
vn 0.2743 -0.9512 -0.1412
vn 0.2680 -0.9540 -0.1342
vn 0.5033 -0.8534 0.1355
vn 0.4909 -0.8589 0.1458
vn 0.4952 -0.8562 0.1471
vn 0.5036 -0.8529 0.1374
vn 0.2824 -0.9474 -0.1508
vn 0.2821 -0.9474 -0.1510
vn 0.4886 -0.8593 0.1514
vn 0.4881 -0.8597 0.1509
vn -0.0360 -0.9115 -0.4098
vn 0.2638 -0.9561 -0.1277
vn 0.2667 -0.9551 -0.1290
vn 0.5042 -0.8538 0.1297
vn 0.5040 -0.8538 0.1302
vn 0.6825 -0.6054 0.4096
vn 0.6825 -0.6054 0.4095
vn 0.6824 -0.6053 0.4097
vn 0.6633 -0.6136 0.4285
vn 0.6632 -0.6136 0.4286
vn 0.6632 -0.6135 0.4286
vn 0.6633 -0.6135 0.4285
vn 0.6438 -0.6218 0.4460
vn 0.6437 -0.6219 0.4460
vn 0.6436 -0.6220 0.4460
vn 0.0032 -0.8950 -0.4461
vn 0.0034 -0.8950 -0.4461
vn -0.0165 -0.9034 -0.4285
vn -0.0164 -0.9034 -0.4284
vn 0.2504 -0.9618 -0.1108
vn 0.2559 -0.9592 -0.1202
vn 0.2531 -0.9607 -0.1141
vn 0.2472 -0.9629 -0.1078
vn 0.5194 -0.8472 0.1119
vn 0.5167 -0.8482 0.1168
vn 0.5164 -0.8484 0.1166
vn 0.5217 -0.8455 0.1142
vn 0.2602 -0.9576 -0.1239
vn 0.2606 -0.9575 -0.1237
vn 0.5109 -0.8508 0.1232
vn 0.5111 -0.8507 0.1230
vn -0.1020 -0.9399 -0.3259
vn 0.2415 -0.9646 -0.1057
vn 0.2419 -0.9644 -0.1069
vn 0.5298 -0.8415 0.1060
vn 0.5293 -0.8419 0.1056
vn 0.7176 -0.5904 0.3695
vn 0.7004 -0.5977 0.3902
vn -0.0708 -0.9265 -0.3695
vn -0.0868 -0.9334 -0.3481
vn -0.0869 -0.9334 -0.3481
vn 0.2329 -0.9692 -0.0805
vn 0.2372 -0.9673 -0.0898
vn 0.2349 -0.9684 -0.0844
vn 0.2309 -0.9700 -0.0767
vn 0.5375 -0.8395 0.0792
vn 0.5374 -0.8391 0.0845
vn 0.5360 -0.8400 0.0846
vn 0.5380 -0.8393 0.0790
vn 0.2420 -0.9654 -0.0968
vn 0.2425 -0.9654 -0.0960
vn 0.5303 -0.8427 0.0935
vn 0.5307 -0.8423 0.0940
vn 0.2282 -0.9712 -0.0682
vn 0.2284 -0.9711 -0.0687
vn 0.5421 -0.8370 0.0741
vn 0.5431 -0.8364 0.0746
vn 0.7994 -0.5555 0.2288
vn 0.7991 -0.5557 0.2293
vn 0.7762 -0.5654 0.2789
vn 0.7762 -0.5655 0.2789
vn 0.7631 -0.5709 0.3029
vn 0.7631 -0.5710 0.3027
vn -0.1164 -0.9459 -0.3027
vn -0.1293 -0.9516 -0.2789
vn 0.2187 -0.9746 -0.0483
vn 0.2220 -0.9733 -0.0579
vn 0.2183 -0.9744 -0.0535
vn 0.2163 -0.9753 -0.0438
vn 0.5545 -0.8310 0.0452
vn 0.5505 -0.8331 0.0543
vn 0.5510 -0.8328 0.0544
vn 0.5537 -0.8316 0.0433
vn 0.2267 -0.9720 -0.0612
vn 0.2272 -0.9719 -0.0613
vn 0.5497 -0.8330 0.0627
vn 0.5440 -0.8365 0.0656
vn -0.1843 -0.9750 -0.1244
vn -0.1844 -0.9750 -0.1240
vn 0.2194 -0.9750 -0.0346
vn 0.2202 -0.9748 -0.0348
vn 0.5512 -0.8337 0.0347
vn 0.5514 -0.8335 0.0354
vn 0.8311 -0.5420 0.1242
vn 0.8315 -0.5415 0.1240
vn 0.8314 -0.5417 0.1241
vn 0.8250 -0.5446 0.1508
vn -0.1623 -0.9655 -0.2036
vn -0.1625 -0.9655 -0.2036
vn -0.1709 -0.9692 -0.1775
vn 0.2138 -0.9768 -0.0135
vn 0.2135 -0.9767 -0.0230
vn 0.2134 -0.9769 -0.0146
vn 0.2141 -0.9768 -0.0046
vn 0.5588 -0.8292 0.0085
vn 0.5534 -0.8327 0.0198
vn 0.5544 -0.8320 0.0214
vn 0.5586 -0.8294 0.0091
vn 0.2180 -0.9756 -0.0258
vn 0.5527 -0.8328 0.0296
vn 0.5537 -0.8321 0.0304
vn 0.2175 -0.9761 -0.0000
vn 0.2178 -0.9760 -0.0001
vn 0.5589 -0.8292 -0.0000
vn 0.8437 -0.5367 0.0139
vn 0.8438 -0.5366 0.0139
vn 0.8363 -0.5397 0.0968
vn 0.8362 -0.5399 0.0967
vn 0.8363 -0.5396 0.0967
vn 0.8364 -0.5395 0.0967
vn -0.1932 -0.9787 -0.0692
vn -0.1957 -0.9798 -0.0417
vn 0.2171 -0.9758 0.0244
vn 0.2140 -0.9767 0.0149
vn 0.2113 -0.9772 0.0200
vn 0.2181 -0.9755 0.0292
vn 0.5529 -0.8327 -0.0300
vn 0.5534 -0.8327 -0.0200
vn 0.5545 -0.8319 -0.0215
vn 0.5544 -0.8317 -0.0306
vn 0.2108 -0.9775 0.0112
vn 0.2101 -0.9776 0.0086
vn 0.5589 -0.8292 -0.0086
vn 0.5586 -0.8294 -0.0091
vn 0.2195 -0.9750 0.0345
vn 0.2203 -0.9748 0.0347
vn 0.5512 -0.8337 -0.0348
vn 0.5514 -0.8335 -0.0354
vn 0.8361 -0.5399 -0.0969
vn 0.8362 -0.5398 -0.0970
vn 0.8362 -0.5398 -0.0968
vn 0.8362 -0.5399 -0.0967
vn 0.8437 -0.5367 -0.0139
vn 0.8437 -0.5366 -0.0140
vn 0.2253 -0.9725 0.0592
vn 0.2184 -0.9745 0.0520
vn 0.2221 -0.9733 0.0578
vn 0.2265 -0.9718 0.0651
vn 0.5497 -0.8330 -0.0625
vn 0.5505 -0.8330 -0.0543
vn 0.5509 -0.8328 -0.0543
vn 0.5434 -0.8370 -0.0643
vn 0.2172 -0.9750 0.0465
vn 0.2168 -0.9751 0.0469
vn 0.5545 -0.8310 -0.0452
vn 0.5537 -0.8316 -0.0432
vn -0.1623 -0.9655 0.2036
vn 0.2282 -0.9712 0.0682
vn 0.2285 -0.9711 0.0688
vn 0.5422 -0.8370 -0.0740
vn 0.5430 -0.8364 -0.0745
vn 0.8176 -0.5477 -0.1775
vn 0.8250 -0.5446 -0.1508
vn 0.8312 -0.5420 -0.1240
vn 0.8312 -0.5420 -0.1241
vn 0.8312 -0.5419 -0.1241
vn -0.1844 -0.9750 0.1240
vn -0.1843 -0.9750 0.1243
vn -0.1845 -0.9750 0.1242
vn -0.1710 -0.9692 0.1775
vn -0.1709 -0.9692 0.1776
vn 0.2377 -0.9670 0.0915
vn 0.2351 -0.9683 0.0845
vn 0.2374 -0.9673 0.0897
vn 0.2410 -0.9654 0.0995
vn 0.5305 -0.8425 -0.0934
vn 0.5361 -0.8399 -0.0845
vn 0.5356 -0.8402 -0.0850
vn 0.5309 -0.8422 -0.0939
vn 0.2322 -0.9695 0.0785
vn 0.2325 -0.9694 0.0784
vn 0.5376 -0.8395 -0.0790
vn 0.5380 -0.8392 -0.0790
vn 0.2418 -0.9645 0.1062
vn 0.2437 -0.9639 0.1072
vn 0.5296 -0.8416 -0.1062
vn 0.5292 -0.8419 -0.1056
vn 0.7630 -0.5712 -0.3027
vn 0.7628 -0.5712 -0.3031
vn 0.7631 -0.5710 -0.3026
vn 0.7762 -0.5655 -0.2788
vn 0.7761 -0.5655 -0.2789
vn 0.7762 -0.5656 -0.2787
vn 0.7884 -0.5601 -0.2545
vn 0.7884 -0.5602 -0.2543
vn 0.7992 -0.5557 -0.2293
vn 0.7990 -0.5557 -0.2298
vn -0.1524 -0.9613 0.2293
vn 0.2589 -0.9582 0.1219
vn 0.2518 -0.9610 0.1145
vn 0.2567 -0.9591 0.1193
vn 0.2613 -0.9570 0.1263
vn 0.5110 -0.8507 -0.1234
vn 0.5168 -0.8481 -0.1168
vn 0.5165 -0.8483 -0.1166
vn 0.5112 -0.8506 -0.1234
vn 0.2492 -0.9623 0.1092
vn 0.2496 -0.9622 0.1087
vn 0.5199 -0.8467 -0.1128
vn 0.5217 -0.8455 -0.1140
vn -0.0540 -0.9194 0.3897
vn -0.0536 -0.9192 0.3900
vn 0.2662 -0.9554 0.1279
vn 0.2672 -0.9549 0.1295
vn 0.5041 -0.8538 -0.1301
vn 0.5038 -0.8538 -0.1308
vn 0.7489 -0.5771 -0.3258
vn -0.1017 -0.9401 0.3255
vn -0.0869 -0.9334 0.3482
vn 0.2809 -0.9481 0.1493
vn 0.2743 -0.9514 0.1400
vn 0.2790 -0.9489 0.1475
vn 0.2836 -0.9469 0.1516
vn 0.4886 -0.8593 -0.1514
vn 0.4908 -0.8590 -0.1457
vn 0.4952 -0.8562 -0.1471
vn 0.4882 -0.8596 -0.1509
vn 0.2740 -0.9520 0.1364
vn 0.2741 -0.9519 0.1367
vn 0.5032 -0.8535 -0.1354
vn 0.5037 -0.8529 -0.1374
vn 0.0237 -0.8862 0.4626
vn 0.0237 -0.8863 0.4626
vn 0.0237 -0.8862 0.4627
vn 0.2890 -0.9445 0.1563
vn 0.2891 -0.9445 0.1562
vn 0.4807 -0.8636 -0.1521
vn 0.4807 -0.8635 -0.1528
vn 0.6229 -0.6311 -0.4622
vn 0.6436 -0.6219 -0.4462
vn 0.6634 -0.6136 -0.4283
vn 0.6635 -0.6134 -0.4284
vn 0.6634 -0.6135 -0.4284
vn 0.6633 -0.6135 -0.4286
vn -0.0356 -0.9115 0.4098
vn -0.0355 -0.9115 0.4097
vn -0.0165 -0.9034 0.4285
vn 0.3100 -0.9357 0.1687
vn 0.3025 -0.9389 0.1645
vn 0.3055 -0.9376 0.1662
vn 0.3133 -0.9343 0.1703
vn 0.4594 -0.8718 -0.1701
vn 0.4656 -0.8692 -0.1664
vn 0.4655 -0.8691 -0.1671
vn 0.4593 -0.8719 -0.1699
vn 0.2963 -0.9414 0.1612
vn 0.2963 -0.9414 0.1611
vn 0.4722 -0.8672 -0.1579
vn 0.4727 -0.8669 -0.1581
vn 0.3223 -0.9306 0.1736
vn 0.3205 -0.9310 0.1749
vn 0.4524 -0.8747 -0.1738
vn 0.4524 -0.8748 -0.1735
vn 0.5343 -0.6685 -0.5174
vn 0.5800 -0.6491 -0.4922
vn 0.0670 -0.8678 0.4924
vn 0.0671 -0.8677 0.4925
vn 0.0893 -0.8583 0.5053
vn 0.0893 -0.8583 0.5054
vn 0.0890 -0.8583 0.5053
vn 0.3416 -0.9230 0.1771
vn 0.3331 -0.9258 0.1785
vn 0.3363 -0.9243 0.1804
vn 0.3469 -0.9204 0.1805
vn 0.4260 -0.8859 -0.1835
vn 0.4325 -0.8841 -0.1770
vn 0.4319 -0.8842 -0.1779
vn 0.4266 -0.8857 -0.1833
vn 0.3263 -0.9282 0.1786
vn 0.3257 -0.9286 0.1777
vn 0.4464 -0.8778 -0.1737
vn 0.4439 -0.8795 -0.1713
vn 0.2094 -0.8071 0.5520
vn 0.2095 -0.8071 0.5519
vn 0.2095 -0.8071 0.5520
vn 0.3559 -0.9164 0.1833
vn 0.3535 -0.9181 0.1792
vn 0.4190 -0.8887 -0.1860
vn 0.4196 -0.8885 -0.1859
vn 0.4374 -0.7098 -0.5522
vn 0.4374 -0.7102 -0.5516
vn 0.4370 -0.7100 -0.5521
vn 0.5107 -0.6785 -0.5281
vn 0.5107 -0.6787 -0.5278
vn 0.5107 -0.6786 -0.5278
vn 0.1844 -0.8177 0.5453
vn 0.3761 -0.9083 0.1834
vn 0.3649 -0.9125 0.1850
vn 0.3727 -0.9088 0.1876
vn 0.3767 -0.9080 0.1835
vn 0.3964 -0.8987 -0.1878
vn 0.4018 -0.8962 -0.1881
vn 0.4019 -0.8961 -0.1882
vn 0.3907 -0.9012 -0.1878
vn 0.3609 -0.9147 0.1820
vn 0.3612 -0.9147 0.1814
vn 0.4116 -0.8919 -0.1876
vn 0.4136 -0.8912 -0.1861
vn 0.3106 -0.7639 0.5657
vn 0.3107 -0.7638 0.5658
vn 0.3363 -0.7528 -0.5659
vn 0.3361 -0.7529 -0.5659
vn 0.3362 -0.7529 -0.5657
vn 0.3366 -0.7530 -0.5654
vn 0.4119 -0.7206 -0.5577
vn 0.4120 -0.7207 -0.5576
vn 0.4122 -0.7206 -0.5576
vn 0.2850 -0.7748 0.5643
vn -0.3331 0.9263 0.1759
vn -0.3382 0.9244 0.1763
vn -0.3310 0.9269 0.1771
vn -0.3234 0.9297 0.1763
vn -0.3428 0.9225 0.1777
vn -0.3466 0.9206 0.1797
vn -0.4349 0.8833 -0.1750
vn -0.4362 0.8827 -0.1748
vn -0.4420 0.8804 -0.1721
vn -0.4437 0.8797 -0.1712
vn -0.4249 0.8872 -0.1798
vn -0.4286 0.8857 -0.1786
vn -0.1361 0.8383 0.5279
vn -0.1603 0.8280 0.5373
vn -0.1601 0.8281 0.5372
vn -0.1601 0.8281 0.5373
vn -0.1845 0.8177 0.5453
vn -0.2093 0.8071 0.5521
vn -0.4374 0.7099 -0.5520
vn -0.4373 0.7098 -0.5522
vn -0.4375 0.7099 -0.5519
vn -0.4374 0.7099 -0.5521
vn -0.4622 0.6993 -0.5453
vn -0.4867 0.6888 -0.5373
vn -0.4866 0.6888 -0.5373
vn -0.4866 0.6888 -0.5374
vn -0.5106 0.6787 -0.5279
vn -0.5107 0.6786 -0.5279
vn -0.5107 0.6787 -0.5278
vn -0.4519 0.8758 -0.1696
vn -0.4483 0.8773 -0.1715
vn -0.3161 0.9332 0.1706
vn -0.3164 0.9331 0.1710
vn -0.3032 0.9393 0.1608
vn -0.3082 0.9370 0.1646
vn -0.3006 0.9404 0.1593
vn -0.2960 0.9422 0.1567
vn -0.3138 0.9350 0.1652
vn -0.3139 0.9349 0.1656
vn -0.4655 0.8700 -0.1624
vn -0.4654 0.8701 -0.1624
vn -0.4713 0.8675 -0.1593
vn -0.4745 0.8661 -0.1573
vn -0.4561 0.8741 -0.1674
vn -0.4603 0.8722 -0.1656
vn -0.0448 0.8773 0.4779
vn -0.0449 0.8772 0.4781
vn -0.0447 0.8773 0.4778
vn -0.0671 0.8677 0.4925
vn -0.0670 0.8677 0.4925
vn -0.0894 0.8583 0.5054
vn -0.0890 0.8583 0.5053
vn -0.0894 0.8583 0.5053
vn -0.0893 0.8583 0.5054
vn -0.1125 0.8484 0.5173
vn -0.1123 0.8485 0.5172
vn -0.1124 0.8484 0.5173
vn -0.5343 0.6685 -0.5173
vn -0.5574 0.6587 -0.5054
vn -0.5804 0.6489 -0.4920
vn -0.5800 0.6491 -0.4922
vn -0.5799 0.6491 -0.4923
vn -0.6016 0.6400 -0.4780
vn -0.6018 0.6397 -0.4781
vn -0.6019 0.6395 -0.4782
vn -0.6017 0.6398 -0.4781
vn -0.4793 0.8642 -0.1529
vn -0.4792 0.8643 -0.1531
vn -0.2914 0.9444 0.1524
vn -0.2914 0.9444 0.1526
vn -0.2750 0.9506 0.1441
vn -0.2777 0.9495 0.1461
vn -0.2712 0.9531 0.1341
vn -0.2690 0.9536 0.1355
vn -0.2819 0.9482 0.1464
vn -0.2830 0.9478 0.1470
vn -0.4951 0.8565 -0.1458
vn -0.4946 0.8570 -0.1451
vn -0.4997 0.8554 -0.1363
vn -0.5000 0.8552 -0.1366
vn -0.4845 0.8617 -0.1507
vn -0.4910 0.8588 -0.1464
vn 0.0355 0.9115 0.4098
vn 0.0354 0.9115 0.4098
vn 0.0166 0.9034 0.4285
vn 0.0164 0.9034 0.4284
vn 0.0167 0.9035 0.4284
vn -0.0032 0.8950 0.4460
vn -0.0031 0.8950 0.4461
vn -0.0032 0.8950 0.4461
vn -0.0237 0.8862 0.4626
vn -0.0236 0.8862 0.4627
vn -0.6231 0.6307 -0.4626
vn -0.6436 0.6219 -0.4460
vn -0.6436 0.6219 -0.4461
vn -0.6633 0.6135 -0.4285
vn -0.6825 0.6052 -0.4097
vn -0.6822 0.6056 -0.4097
vn -0.6824 0.6054 -0.4097
vn -0.6825 0.6054 -0.4095
vn -0.5068 0.8523 -0.1296
vn -0.5047 0.8531 -0.1324
vn -0.2642 0.9558 0.1294
vn -0.2663 0.9548 0.1323
vn -0.2505 0.9612 0.1152
vn -0.2546 0.9592 0.1228
vn -0.2458 0.9626 0.1137
vn -0.2461 0.9627 0.1120
vn -0.2554 0.9587 0.1254
vn -0.2568 0.9583 0.1256
vn -0.5185 0.8465 -0.1208
vn -0.5183 0.8466 -0.1208
vn -0.5211 0.8458 -0.1143
vn -0.5244 0.8448 -0.1065
vn -0.5117 0.8494 -0.1293
vn -0.5147 0.8484 -0.1236
vn 0.1021 0.9399 0.3259
vn 0.0868 0.9334 0.3481
vn 0.0869 0.9334 0.3481
vn 0.0870 0.9334 0.3481
vn 0.0708 0.9265 0.3696
vn 0.0536 0.9192 0.3902
vn -0.7004 0.5977 -0.3902
vn -0.7175 0.5904 -0.3696
vn -0.7337 0.5835 -0.3481
vn -0.7339 0.5835 -0.3479
vn -0.7489 0.5770 -0.3258
vn -0.7489 0.5771 -0.3258
vn -0.5263 0.8442 -0.1013
vn -0.5265 0.8440 -0.1022
vn -0.2434 0.9646 0.1012
vn -0.2453 0.9638 0.1045
vn -0.2320 0.9688 0.0874
vn -0.2344 0.9679 0.0904
vn -0.2329 0.9695 0.0763
vn -0.2323 0.9695 0.0787
vn -0.2385 0.9668 0.0919
vn -0.2377 0.9669 0.0928
vn -0.5378 0.8384 -0.0888
vn -0.5375 0.8386 -0.0887
vn -0.5368 0.8399 -0.0802
vn -0.5412 0.8374 -0.0760
vn -0.5326 0.8406 -0.0989
vn -0.5343 0.8400 -0.0943
vn 0.1525 0.9613 0.2294
vn 0.1526 0.9613 0.2293
vn 0.1526 0.9613 0.2294
vn 0.1525 0.9613 0.2293
vn 0.1415 0.9567 0.2544
vn 0.1295 0.9515 0.2789
vn 0.1295 0.9515 0.2790
vn 0.1295 0.9516 0.2788
vn 0.1164 0.9460 0.3027
vn -0.7631 0.5710 -0.3027
vn -0.7630 0.5711 -0.3027
vn -0.7762 0.5655 -0.2788
vn -0.7762 0.5656 -0.2787
vn -0.7762 0.5654 -0.2789
vn -0.7883 0.5602 -0.2544
vn -0.7992 0.5556 -0.2293
vn -0.7992 0.5558 -0.2289
vn -0.5452 0.8352 -0.0720
vn -0.5446 0.8356 -0.0718
vn -0.2252 0.9718 0.0697
vn -0.2262 0.9713 0.0734
vn -0.2194 0.9743 0.0511
vn -0.2191 0.9740 0.0577
vn -0.2171 0.9752 0.0439
vn -0.2174 0.9751 0.0444
vn -0.2256 0.9720 0.0656
vn -0.2263 0.9720 0.0635
vn -0.5477 0.8347 -0.0571
vn -0.5470 0.8352 -0.0561
vn -0.5518 0.8325 -0.0497
vn -0.5540 0.8315 -0.0425
vn -0.5468 0.8346 -0.0669
vn -0.5476 0.8347 -0.0580
vn 0.1845 0.9750 0.1240
vn 0.1845 0.9750 0.1242
vn 0.1783 0.9723 0.1509
vn 0.1708 0.9692 0.1775
vn 0.1709 0.9692 0.1775
vn 0.1623 0.9655 0.2036
vn 0.1624 0.9655 0.2036
vn -0.8090 0.5514 -0.2036
vn -0.8176 0.5477 -0.1776
vn -0.8176 0.5477 -0.1775
vn -0.8250 0.5446 -0.1509
vn -0.8312 0.5419 -0.1241
vn -0.8312 0.5419 -0.1240
vn -0.5555 0.8307 -0.0361
vn -0.5552 0.8310 -0.0363
vn -0.2203 0.9748 0.0357
vn -0.2185 0.9750 0.0395
vn -0.2132 0.9769 0.0146
vn -0.2133 0.9768 0.0216
vn -0.2108 0.9775 0.0071
vn -0.2115 0.9774 0.0066
vn -0.2138 0.9765 0.0287
vn -0.2140 0.9764 0.0280
vn -0.5583 0.8294 -0.0195
vn -0.5576 0.8299 -0.0191
vn -0.5550 0.8318 -0.0118
vn -0.5551 0.8317 -0.0069
vn -0.5550 0.8313 -0.0316
vn -0.5562 0.8307 -0.0231
vn 0.1970 0.9803 0.0139
vn 0.1971 0.9803 0.0139
vn 0.1958 0.9798 0.0417
vn 0.1957 0.9798 0.0417
vn 0.1932 0.9787 0.0692
vn 0.1932 0.9787 0.0693
vn 0.1933 0.9787 0.0692
vn 0.1895 0.9771 0.0967
vn -0.8363 0.5397 -0.0967
vn -0.8363 0.5396 -0.0967
vn -0.8364 0.5395 -0.0967
vn -0.8400 0.5382 -0.0692
vn -0.8425 0.5371 -0.0416
vn -0.8437 0.5367 -0.0139
vn -0.8436 0.5367 -0.0139
vn -0.5549 0.8319 -0.0000
vn -0.2161 0.9764 -0.0037
vn -0.2153 0.9765 0.0039
vn -0.2133 0.9767 -0.0217
vn -0.2127 0.9770 -0.0146
vn -0.2140 0.9764 -0.0288
vn -0.2144 0.9763 -0.0283
vn -0.2102 0.9776 -0.0091
vn -0.2109 0.9774 -0.0111
vn -0.5583 0.8294 0.0195
vn -0.5576 0.8299 0.0191
vn -0.5560 0.8309 0.0230
vn -0.5547 0.8314 0.0317
vn -0.5552 0.8317 0.0069
vn -0.5550 0.8318 0.0118
vn 0.1895 0.9771 -0.0967
vn 0.1932 0.9787 -0.0692
vn 0.1932 0.9787 -0.0691
vn 0.1957 0.9798 -0.0417
vn 0.1958 0.9798 -0.0417
vn 0.1970 0.9803 -0.0139
vn -0.8437 0.5366 0.0139
vn -0.8438 0.5366 0.0139
vn -0.8425 0.5371 0.0416
vn -0.8400 0.5382 0.0693
vn -0.8400 0.5382 0.0692
vn -0.8361 0.5399 0.0967
vn -0.8363 0.5398 0.0967
vn -0.8362 0.5398 0.0967
vn -0.5555 0.8307 0.0360
vn -0.5551 0.8310 0.0362
vn -0.2200 0.9747 -0.0393
vn -0.2182 0.9754 -0.0323
vn -0.2199 0.9738 -0.0584
vn -0.2198 0.9742 -0.0511
vn -0.2250 0.9721 -0.0663
vn -0.2270 0.9719 -0.0622
vn -0.2170 0.9752 -0.0439
vn -0.2170 0.9751 -0.0448
vn -0.5477 0.8348 0.0568
vn -0.5470 0.8353 0.0560
vn -0.5476 0.8347 0.0581
vn -0.5471 0.8344 0.0668
vn -0.5539 0.8315 0.0425
vn -0.5516 0.8326 0.0497
vn 0.1623 0.9655 -0.2036
vn 0.1625 0.9655 -0.2035
vn 0.1709 0.9692 -0.1775
vn 0.1783 0.9723 -0.1509
vn 0.1844 0.9750 -0.1241
vn 0.1845 0.9750 -0.1241
vn 0.1845 0.9750 -0.1242
vn 0.1845 0.9750 -0.1240
vn -0.8312 0.5419 0.1241
vn -0.8312 0.5419 0.1240
vn -0.8250 0.5446 0.1507
vn -0.8250 0.5446 0.1509
vn -0.8250 0.5446 0.1508
vn -0.8176 0.5478 0.1776
vn -0.8176 0.5477 0.1775
vn -0.8090 0.5513 0.2036
vn -0.8091 0.5513 0.2035
vn -0.8090 0.5514 0.2036
vn -0.5452 0.8352 0.0719
vn -0.5446 0.8356 0.0718
vn -0.2270 0.9711 -0.0738
vn -0.2254 0.9717 -0.0707
vn -0.2335 0.9682 -0.0899
vn -0.2320 0.9689 -0.0862
vn -0.2421 0.9654 -0.0969
vn -0.2404 0.9657 -0.0980
vn -0.2322 0.9697 -0.0759
vn -0.2322 0.9695 -0.0785
vn -0.5378 0.8384 0.0887
vn -0.5374 0.8387 0.0886
vn -0.5342 0.8401 0.0943
vn -0.5325 0.8406 0.0988
vn -0.5412 0.8374 0.0760
vn -0.5367 0.8399 0.0804
vn 0.1164 0.9460 -0.3027
vn 0.1163 0.9460 -0.3027
vn 0.1295 0.9515 -0.2789
vn 0.1295 0.9516 -0.2788
vn 0.1295 0.9516 -0.2789
vn 0.1415 0.9567 -0.2544
vn 0.1525 0.9613 -0.2293
vn 0.1525 0.9613 -0.2294
vn -0.7991 0.5557 0.2293
vn -0.7992 0.5556 0.2294
vn -0.7993 0.5555 0.2292
vn -0.7992 0.5556 0.2293
vn -0.7883 0.5602 0.2544
vn -0.7882 0.5603 0.2545
vn -0.7762 0.5654 0.2789
vn -0.7762 0.5654 0.2788
vn -0.7763 0.5654 0.2788
vn -0.7763 0.5654 0.2789
vn -0.7631 0.5710 0.3027
vn -0.5264 0.8442 0.1009
vn -0.5264 0.8441 0.1021
vn -0.2451 0.9639 -0.1036
vn -0.2426 0.9649 -0.1009
vn -0.2551 0.9593 -0.1212
vn -0.2494 0.9616 -0.1145
vn -0.2549 0.9587 -0.1263
vn -0.2570 0.9581 -0.1267
vn -0.2467 0.9624 -0.1139
vn -0.2467 0.9625 -0.1125
vn -0.5184 0.8466 0.1207
vn -0.5181 0.8468 0.1208
vn -0.5146 0.8485 0.1238
vn -0.5124 0.8491 0.1285
vn -0.5248 0.8445 0.1067
vn -0.5212 0.8457 0.1144
vn 0.0536 0.9192 -0.3902
vn 0.0707 0.9265 -0.3696
vn 0.0868 0.9334 -0.3481
vn 0.0869 0.9334 -0.3481
vn 0.0870 0.9334 -0.3481
vn 0.1020 0.9399 -0.3258
vn 0.1022 0.9399 -0.3259
vn 0.1022 0.9399 -0.3258
vn -0.7489 0.5771 0.3258
vn -0.7489 0.5770 0.3258
vn -0.7337 0.5835 0.3481
vn -0.7338 0.5834 0.3481
vn -0.7175 0.5904 0.3696
vn -0.7004 0.5977 0.3902
vn -0.5055 0.8529 0.1306
vn -0.5057 0.8527 0.1310
vn -0.2658 0.9550 -0.1317
vn -0.2635 0.9559 -0.1294
vn -0.2770 0.9497 -0.1461
vn -0.2745 0.9508 -0.1435
vn -0.2857 0.9471 -0.1461
vn -0.2860 0.9466 -0.1486
vn -0.2736 0.9518 -0.1388
vn -0.2725 0.9520 -0.1393
vn -0.4951 0.8565 0.1458
vn -0.4946 0.8569 0.1451
vn -0.4912 0.8586 0.1467
vn -0.4845 0.8617 0.1508
vn -0.5013 0.8546 0.1358
vn -0.4981 0.8561 0.1379
vn -0.0237 0.8862 -0.4627
vn -0.0237 0.8862 -0.4626
vn -0.0238 0.8862 -0.4627
vn -0.0241 0.8862 -0.4627
vn -0.0031 0.8950 -0.4461
vn -0.0032 0.8950 -0.4461
vn 0.0166 0.9034 -0.4285
vn 0.0167 0.9035 -0.4284
vn 0.0165 0.9034 -0.4285
vn 0.0355 0.9115 -0.4098
vn 0.0354 0.9115 -0.4098
vn -0.6822 0.6055 0.4098
vn -0.6823 0.6055 0.4097
vn -0.6823 0.6054 0.4098
vn -0.6822 0.6055 0.4099
vn -0.6633 0.6135 0.4285
vn -0.6634 0.6134 0.4285
vn -0.6634 0.6135 0.4284
vn -0.6436 0.6217 0.4463
vn -0.6436 0.6219 0.4461
vn -0.6231 0.6307 0.4626
vn -0.6230 0.6307 0.4626
vn -0.4792 0.8643 0.1530
vn -0.4792 0.8643 0.1531
vn -0.2931 0.9435 -0.1544
vn -0.2890 0.9452 -0.1520
vn -0.3082 0.9370 -0.1642
vn -0.3031 0.9393 -0.1608
vn -0.3136 0.9351 -0.1650
vn -0.3129 0.9353 -0.1651
vn -0.2986 0.9413 -0.1572
vn -0.2987 0.9413 -0.1573
vn -0.4654 0.8701 0.1622
vn -0.4654 0.8701 0.1624
vn -0.4608 0.8720 0.1654
vn -0.4552 0.8745 0.1676
vn -0.4745 0.8661 0.1570
vn -0.4710 0.8676 0.1593
vn -0.1124 0.8484 -0.5173
vn -0.0893 0.8582 -0.5055
vn -0.0893 0.8582 -0.5054
vn -0.0669 0.8678 -0.4924
vn -0.0668 0.8678 -0.4924
vn -0.0670 0.8677 -0.4925
vn -0.0448 0.8773 -0.4779
vn -0.0447 0.8773 -0.4778
vn -0.0449 0.8772 -0.4781
vn -0.6018 0.6397 0.4781
vn -0.6019 0.6396 0.4781
vn -0.6019 0.6397 0.4781
vn -0.5799 0.6490 0.4924
vn -0.5800 0.6491 0.4922
vn -0.5801 0.6490 0.4923
vn -0.5799 0.6491 0.4923
vn -0.5575 0.6587 0.5054
vn -0.5574 0.6586 0.5055
vn -0.5574 0.6587 0.5054
vn -0.5343 0.6685 0.5173
vn -0.5344 0.6685 0.5173
vn -0.4501 0.8768 0.1693
vn -0.4502 0.8767 0.1696
vn -0.3233 0.9302 -0.1739
vn -0.3163 0.9333 -0.1700
vn -0.3389 0.9240 -0.1773
vn -0.3335 0.9263 -0.1755
vn -0.3451 0.9215 -0.1781
vn -0.3469 0.9206 -0.1796
vn -0.3287 0.9273 -0.1792
vn -0.3263 0.9282 -0.1786
vn -0.4347 0.8834 0.1752
vn -0.4363 0.8826 0.1749
vn -0.4284 0.8857 0.1788
vn -0.4250 0.8871 0.1799
vn -0.4463 0.8781 0.1724
vn -0.4392 0.8809 0.1762
vn -0.2093 0.8071 -0.5521
vn -0.1846 0.8177 -0.5453
vn -0.1847 0.8177 -0.5452
vn -0.1845 0.8177 -0.5453
vn -0.1601 0.8280 -0.5373
vn -0.1601 0.8281 -0.5373
vn -0.1361 0.8383 -0.5279
vn -0.1361 0.8383 -0.5280
vn -0.5107 0.6785 0.5281
vn -0.5106 0.6784 0.5283
vn -0.4867 0.6888 0.5373
vn -0.4866 0.6888 0.5374
vn -0.4622 0.6993 0.5453
vn -0.4374 0.7098 0.5521
vn -0.4375 0.7098 0.5521
vn -0.4374 0.7099 0.5520
vn -0.4374 0.7099 0.5521
vn -0.4190 0.8898 0.1809
vn -0.4191 0.8897 0.1811
vn -0.3540 0.9175 -0.1815
vn -0.3504 0.9189 -0.1810
vn -0.3715 0.9094 -0.1871
vn -0.3652 0.9120 -0.1870
vn -0.3775 0.9067 -0.1881
vn -0.3773 0.9069 -0.1877
vn -0.3586 0.9146 -0.1870
vn -0.3600 0.9142 -0.1862
vn -0.4014 0.8976 0.1823
vn -0.4017 0.8973 0.1832
vn -0.3965 0.8988 0.1869
vn -0.3927 0.9002 0.1883
vn -0.4138 0.8922 0.1811
vn -0.4069 0.8947 0.1845
vn -0.3106 0.7639 -0.5657
vn -0.3105 0.7639 -0.5657
vn -0.2851 0.7748 -0.5643
vn -0.2850 0.7748 -0.5644
vn -0.2595 0.7856 -0.5617
vn -0.2597 0.7856 -0.5616
vn -0.2598 0.7856 -0.5615
vn -0.2344 0.7964 -0.5575
vn -0.4121 0.7206 0.5577
vn -0.4120 0.7207 0.5576
vn -0.4119 0.7206 0.5577
vn -0.4124 0.7205 0.5575
vn -0.3872 0.7312 0.5616
vn -0.3871 0.7313 0.5616
vn -0.3617 0.7421 0.5643
vn -0.3616 0.7421 0.5643
vn -0.3360 0.7530 0.5657
vn -0.3362 0.7530 0.5657
vn -0.3361 0.7530 0.5657
vn -0.3822 0.9053 0.1853
vn -0.3842 0.9047 0.1838
vn -0.3884 0.9032 -0.1829
vn -0.3814 0.9054 -0.1864
vn -0.4045 0.8959 -0.1836
vn -0.4002 0.8979 -0.1834
vn -0.4098 0.8939 -0.1816
vn -0.4096 0.8939 -0.1821
vn -0.3921 0.9014 -0.1835
vn -0.3915 0.9016 -0.1841
vn -0.3706 0.9106 0.1830
vn -0.3704 0.9106 0.1834
vn -0.3622 0.9141 0.1823
vn -0.3578 0.9158 0.1823
vn -0.3773 0.9067 0.1886
vn -0.3739 0.9085 0.1866
vn -0.4123 0.7205 -0.5575
vn -0.4123 0.7206 -0.5575
vn -0.3873 0.7312 -0.5616
vn -0.3871 0.7312 -0.5617
vn -0.3616 0.7421 -0.5644
vn -0.3616 0.7421 -0.5643
vn -0.3614 0.7424 -0.5641
vn -0.3361 0.7530 -0.5657
vn -0.2596 0.7856 0.5616
vn -0.3493 0.9186 0.1849
vn -0.3509 0.9180 0.1849
vn -0.4225 0.8878 -0.1826
vn -0.4147 0.8911 -0.1845
vn -0.4369 0.8815 -0.1790
vn -0.4335 0.8830 -0.1802
vn -0.4444 0.8780 -0.1777
vn -0.4445 0.8782 -0.1766
vn -0.4302 0.8844 -0.1810
vn -0.4286 0.8858 -0.1781
vn -0.3351 0.9246 0.1812
vn -0.3345 0.9249 0.1807
vn -0.3283 0.9277 0.1777
vn -0.3248 0.9294 0.1755
vn -0.3467 0.9204 0.1808
vn -0.3447 0.9216 0.1787
vn -0.5106 0.6786 -0.5281
vn -0.5107 0.6786 -0.5280
vn -0.4866 0.6889 -0.5373
vn -0.4622 0.6992 -0.5454
vn -0.4374 0.7098 -0.5522
vn -0.4373 0.7098 -0.5523
vn -0.4374 0.7098 -0.5521
vn -0.3184 0.9317 0.1746
vn -0.3211 0.9306 0.1758
vn -0.4516 0.8759 -0.1699
vn -0.4486 0.8770 -0.1720
vn -0.4679 0.8683 -0.1648
vn -0.4648 0.8697 -0.1661
vn -0.4732 0.8657 -0.1632
vn -0.4768 0.8642 -0.1606
vn -0.4601 0.8715 -0.1700
vn -0.4598 0.8717 -0.1693
vn -0.3037 0.9382 0.1658
vn -0.3041 0.9381 0.1656
vn -0.3014 0.9402 0.1590
vn -0.2956 0.9423 0.1573
vn -0.3132 0.9343 0.1702
vn -0.3101 0.9356 0.1686
vn -0.6018 0.6397 -0.4782
vn -0.5799 0.6491 -0.4924
vn -0.5574 0.6588 -0.5052
vn -0.5574 0.6586 -0.5055
vn -0.1124 0.8483 0.5174
vn -0.0895 0.8583 0.5053
vn -0.0899 0.8584 0.5050
vn -0.0893 0.8582 0.5055
vn -0.0668 0.8679 0.4922
vn -0.0668 0.8679 0.4923
vn -0.0668 0.8678 0.4925
vn -0.0448 0.8772 0.4780
vn -0.0448 0.8772 0.4781
vn -0.0449 0.8772 0.4780
vn -0.2925 0.9439 0.1532
vn -0.2918 0.9441 0.1537
vn -0.4831 0.8624 -0.1513
vn -0.4773 0.8649 -0.1555
vn -0.4951 0.8573 -0.1413
vn -0.4912 0.8591 -0.1437
vn -0.4994 0.8557 -0.1358
vn -0.4995 0.8556 -0.1355
vn -0.4887 0.8592 -0.1515
vn -0.4881 0.8596 -0.1508
vn -0.2778 0.9503 0.1403
vn -0.2786 0.9498 0.1420
vn -0.2732 0.9517 0.1399
vn -0.2710 0.9532 0.1344
vn -0.2833 0.9469 0.1518
vn -0.2809 0.9481 0.1490
vn -0.6823 0.6054 -0.4098
vn -0.6633 0.6135 -0.4286
vn -0.0237 0.8862 0.4627
vn -0.0237 0.8863 0.4626
vn -0.0031 0.8950 0.4460
vn -0.0031 0.8951 0.4459
vn -0.2658 0.9551 0.1306
vn -0.2655 0.9552 0.1307
vn -0.5068 0.8524 -0.1288
vn -0.5040 0.8535 -0.1323
vn -0.5198 0.8461 -0.1180
vn -0.5172 0.8474 -0.1206
vn -0.5217 0.8462 -0.1085
vn -0.5222 0.8458 -0.1091
vn -0.5122 0.8491 -0.1290
vn -0.5153 0.8482 -0.1228
vn -0.2570 0.9593 0.1172
vn -0.2505 0.9606 0.1205
vn -0.2505 0.9618 0.1108
vn -0.2473 0.9629 0.1079
vn -0.2612 0.9571 0.1256
vn -0.2577 0.9585 0.1217
vn -0.7002 0.5978 -0.3903
vn -0.7005 0.5978 -0.3897
vn 0.0536 0.9192 0.3900
vn 0.0536 0.9192 0.3901
vn 0.0537 0.9193 0.3900
vn 0.0706 0.9264 0.3697
vn 0.0706 0.9264 0.3698
vn 0.0704 0.9264 0.3699
vn 0.1020 0.9399 0.3258
vn 0.1021 0.9399 0.3258
vn -0.2458 0.9640 0.1014
vn -0.2468 0.9637 0.1018
vn -0.5270 0.8439 -0.1005
vn -0.5257 0.8442 -0.1049
vn -0.5380 0.8387 -0.0847
vn -0.5388 0.8378 -0.0880
vn -0.5432 0.8357 -0.0809
vn -0.5425 0.8362 -0.0802
vn -0.5345 0.8396 -0.0970
vn -0.5338 0.8401 -0.0965
vn -0.2355 0.9682 0.0843
vn -0.2355 0.9681 0.0854
vn -0.2303 0.9696 0.0823
vn -0.2283 0.9704 0.0789
vn -0.2411 0.9656 0.0978
vn -0.2397 0.9664 0.0928
vn -0.7991 0.5557 -0.2293
vn -0.7884 0.5601 -0.2544
vn -0.7763 0.5653 -0.2789
vn -0.7632 0.5709 -0.3028
vn -0.7632 0.5709 -0.3027
vn -0.7632 0.5708 -0.3027
vn 0.1163 0.9460 0.3027
vn 0.1295 0.9516 0.2789
vn 0.1413 0.9567 0.2545
vn 0.1416 0.9567 0.2544
vn -0.2289 0.9710 0.0688
vn -0.2284 0.9711 0.0696
vn -0.5425 0.8372 -0.0692
vn -0.5415 0.8375 -0.0735
vn -0.5487 0.8344 -0.0517
vn -0.5476 0.8349 -0.0554
vn -0.5498 0.8341 -0.0442
vn -0.5498 0.8341 -0.0443
vn -0.5451 0.8360 -0.0621
vn -0.5451 0.8360 -0.0622
vn -0.2244 0.9729 0.0550
vn -0.2236 0.9730 0.0567
vn -0.2213 0.9741 0.0470
vn -0.2203 0.9745 0.0428
vn -0.2269 0.9718 0.0643
vn -0.2243 0.9727 0.0592
vn -0.8312 0.5420 -0.1240
vn -0.8249 0.5447 -0.1509
vn -0.8176 0.5478 -0.1775
vn -0.8089 0.5515 -0.2036
vn 0.1622 0.9655 0.2036
vn 0.1708 0.9692 0.1776
vn 0.1844 0.9750 0.1240
vn -0.2210 0.9747 0.0345
vn -0.2201 0.9747 0.0388
vn -0.5523 0.8330 -0.0332
vn -0.5514 0.8334 -0.0384
vn -0.5577 0.8299 -0.0163
vn -0.5570 0.8302 -0.0212
vn -0.5586 0.8294 -0.0090
vn -0.5586 0.8294 -0.0088
vn -0.5547 0.8316 -0.0273
vn -0.5555 0.8312 -0.0235
vn -0.2133 0.9768 0.0207
vn -0.2137 0.9767 0.0208
vn -0.2154 0.9764 0.0130
vn -0.2162 0.9763 0.0055
vn -0.2144 0.9763 0.0298
vn -0.2140 0.9765 0.0252
vn -0.8437 0.5366 -0.0139
vn -0.8437 0.5366 -0.0138
vn -0.8399 0.5382 -0.0693
vn -0.8399 0.5383 -0.0692
vn -0.8398 0.5384 -0.0694
vn -0.8362 0.5399 -0.0964
vn -0.8362 0.5398 -0.0969
vn -0.8362 0.5399 -0.0965
vn -0.8361 0.5400 -0.0964
vn 0.1893 0.9771 0.0967
vn 0.1894 0.9771 0.0967
vn 0.1892 0.9772 0.0968
vn 0.1953 0.9799 0.0418
vn -0.2175 0.9761 -0.0000
vn -0.2174 0.9761 -0.0000
vn -0.5582 0.8297 0.0028
vn -0.5582 0.8297 -0.0029
vn -0.5573 0.8301 0.0209
vn -0.5574 0.8301 0.0158
vn -0.5540 0.8319 0.0312
vn -0.5538 0.8321 0.0306
vn -0.5586 0.8294 0.0090
vn -0.5586 0.8294 0.0091
vn -0.2132 0.9768 -0.0207
vn -0.2137 0.9767 -0.0208
vn -0.2141 0.9765 -0.0252
vn -0.2145 0.9763 -0.0297
vn -0.2160 0.9764 -0.0054
vn -0.2153 0.9765 -0.0131
vn -0.8362 0.5399 0.0966
vn -0.8361 0.5400 0.0965
vn -0.8400 0.5381 0.0692
vn -0.8425 0.5371 0.0415
vn -0.8437 0.5367 0.0140
vn -0.8436 0.5367 0.0139
vn -0.8436 0.5367 0.0140
vn -0.8437 0.5366 0.0140
vn 0.1957 0.9798 -0.0416
vn 0.1894 0.9771 -0.0967
vn -0.2212 0.9746 -0.0349
vn -0.2199 0.9747 -0.0389
vn -0.5512 0.8335 0.0379
vn -0.5524 0.8329 0.0331
vn -0.5476 0.8349 0.0555
vn -0.5486 0.8345 0.0517
vn -0.5452 0.8360 0.0621
vn -0.5453 0.8359 0.0620
vn -0.5499 0.8341 0.0442
vn -0.5499 0.8340 0.0440
vn -0.2245 0.9729 -0.0548
vn -0.2237 0.9730 -0.0567
vn -0.2243 0.9727 -0.0591
vn -0.2269 0.9718 -0.0643
vn -0.2204 0.9745 -0.0428
vn -0.2213 0.9741 -0.0470
vn -0.8090 0.5515 0.2036
vn -0.8176 0.5478 0.1775
vn -0.8312 0.5420 0.1240
vn 0.1622 0.9655 -0.2036
vn 0.1622 0.9655 -0.2037
vn -0.2291 0.9710 -0.0689
vn -0.2285 0.9710 -0.0697
vn -0.5415 0.8375 0.0735
vn -0.5429 0.8370 0.0686
vn -0.5362 0.8390 0.0926
vn -0.5383 0.8385 0.0842
vn -0.5343 0.8397 0.0974
vn -0.5335 0.8402 0.0970
vn -0.5424 0.8361 0.0823
vn -0.5420 0.8364 0.0815
vn -0.2360 0.9680 -0.0849
vn -0.2356 0.9681 -0.0858
vn -0.2396 0.9664 -0.0928
vn -0.2412 0.9656 -0.0977
vn -0.2283 0.9704 -0.0789
vn -0.2303 0.9696 -0.0823
vn -0.7763 0.5653 0.2789
vn 0.1415 0.9567 -0.2545
vn 0.1163 0.9460 -0.3026
vn 0.1164 0.9460 -0.3026
vn -0.2458 0.9640 -0.1015
vn -0.2468 0.9637 -0.1020
vn -0.5257 0.8443 0.1041
vn -0.5276 0.8435 0.1004
vn -0.5179 0.8470 0.1202
vn -0.5199 0.8461 0.1171
vn -0.5119 0.8494 0.1282
vn -0.5114 0.8498 0.1275
vn -0.5208 0.8466 0.1096
vn -0.5212 0.8463 0.1103
vn -0.2559 0.9598 -0.1153
vn -0.2500 0.9608 -0.1199
vn -0.2581 0.9584 -0.1220
vn -0.2610 0.9571 -0.1256
vn -0.2473 0.9629 -0.1079
vn -0.2506 0.9617 -0.1109
vn -0.7004 0.5977 0.3901
vn 0.0865 0.9334 -0.3483
vn 0.0708 0.9265 -0.3696
vn 0.0536 0.9192 -0.3901
vn -0.2658 0.9551 -0.1306
vn -0.2655 0.9552 -0.1307
vn -0.5042 0.8535 0.1317
vn -0.5072 0.8522 0.1287
vn -0.4911 0.8590 0.1446
vn -0.4941 0.8578 0.1415
vn -0.4889 0.8591 0.1515
vn -0.4883 0.8596 0.1507
vn -0.4995 0.8556 0.1359
vn -0.4994 0.8557 0.1355
vn -0.2778 0.9503 -0.1403
vn -0.2786 0.9498 -0.1420
vn -0.2809 0.9481 -0.1490
vn -0.2833 0.9469 -0.1518
vn -0.2710 0.9532 -0.1344
vn -0.2732 0.9517 -0.1399
vn -0.6823 0.6055 0.4098
vn -0.6822 0.6056 0.4098
vn 0.0356 0.9115 -0.4097
vn 0.0355 0.9115 -0.4097
vn 0.0356 0.9115 -0.4098
vn 0.0165 0.9033 -0.4286
vn 0.0166 0.9034 -0.4286
vn -0.0031 0.8950 -0.4460
vn -0.0237 0.8863 -0.4626
vn -0.2923 0.9440 -0.1531
vn -0.2918 0.9441 -0.1537
vn -0.4786 0.8646 0.1530
vn -0.4831 0.8622 0.1524
vn -0.4651 0.8695 0.1662
vn -0.4681 0.8682 0.1646
vn -0.4593 0.8717 0.1707
vn -0.4586 0.8722 0.1701
vn -0.4721 0.8664 0.1626
vn -0.4713 0.8671 0.1615
vn -0.3037 0.9382 -0.1659
vn -0.3041 0.9381 -0.1656
vn -0.3100 0.9356 -0.1687
vn -0.3133 0.9342 -0.1704
vn -0.2958 0.9422 -0.1574
vn -0.3003 0.9406 -0.1585
vn -0.5797 0.6492 0.4923
vn -0.6018 0.6397 0.4782
vn -0.0449 0.8772 -0.4780
vn -0.0449 0.8771 -0.4782
vn -0.0668 0.8678 -0.4925
vn -0.0668 0.8677 -0.4926
vn -0.1123 0.8485 -0.5172
vn -0.1125 0.8484 -0.5173
vn -0.3184 0.9316 -0.1754
vn -0.3220 0.9315 -0.1691
vn -0.4492 0.8769 0.1710
vn -0.4526 0.8753 0.1700
vn -0.4341 0.8827 0.1803
vn -0.4372 0.8815 0.1785
vn -0.4287 0.8859 0.1772
vn -0.4266 0.8867 0.1782
vn -0.4430 0.8786 0.1782
vn -0.4425 0.8790 0.1774
vn -0.3349 0.9247 -0.1810
vn -0.3344 0.9249 -0.1807
vn -0.3456 0.9209 -0.1804
vn -0.3468 0.9203 -0.1814
vn -0.3247 0.9294 -0.1755
vn -0.3285 0.9276 -0.1777
vn -0.4373 0.7098 0.5522
vn -0.4375 0.7098 0.5520
vn -0.4866 0.6888 0.5373
vn -0.5107 0.6786 0.5280
vn -0.5107 0.6786 0.5279
vn -0.1361 0.8384 -0.5278
vn -0.1601 0.8281 -0.5372
vn -0.3501 0.9181 -0.1856
vn -0.3512 0.9178 -0.1850
vn -0.4153 0.8909 0.1837
vn -0.4218 0.8875 0.1855
vn -0.4000 0.8979 0.1835
vn -0.4043 0.8961 0.1833
vn -0.3929 0.9012 0.1831
vn -0.3926 0.9014 0.1828
vn -0.4102 0.8938 0.1814
vn -0.4106 0.8935 0.1817
vn -0.3696 0.9110 -0.1829
vn -0.3695 0.9110 -0.1834
vn -0.3737 0.9087 -0.1861
vn -0.3745 0.9080 -0.1876
vn -0.3578 0.9158 -0.1823
vn -0.3621 0.9141 -0.1824
vn -0.3618 0.7420 0.5644
vn -0.3616 0.7422 0.5643
vn -0.3870 0.7313 0.5616
vn -0.2344 0.7963 -0.5577
vn -0.2344 0.7963 -0.5576
vn -0.2596 0.7857 -0.5615
vn -0.2596 0.7858 -0.5614
vn -0.2852 0.7748 -0.5642
vn -0.3107 0.7638 -0.5658
vn -0.3106 0.7638 -0.5657
vn 0.9362 0.2326 -0.2637
vn 0.9361 0.2326 -0.2637
vn 0.9362 0.2326 -0.2636
vn 0.9233 0.2271 -0.3099
vn 0.9232 0.2271 -0.3099
vn 0.9233 0.2271 -0.3097
vn 0.8160 0.5145 -0.2636
vn 0.8160 0.5145 -0.2637
vn 0.8159 0.5145 -0.2636
vn 0.8030 0.5090 -0.3099
vn 0.8030 0.5090 -0.3101
vn 0.8031 0.5090 -0.3098
vn 0.9746 -0.1166 -0.1911
vn 0.9651 -0.1207 -0.2326
vn 0.9536 -0.1255 -0.2736
vn 0.9536 -0.1255 -0.2735
vn 0.9404 -0.1312 -0.3138
vn 0.9082 0.2207 -0.3556
vn 0.7883 0.5021 -0.3556
vn 0.7880 0.5026 -0.3556
vn 0.7880 0.5027 -0.3554
vn 0.7880 0.5025 -0.3556
vn 0.5564 0.7694 -0.3138
vn 0.5697 0.7750 -0.2735
vn 0.5811 0.7799 -0.2326
vn 0.5811 0.7799 -0.2327
vn 0.5906 0.7840 -0.1911
vn 0.8268 0.5191 -0.2166
vn 0.9470 0.2372 -0.2166
vn -0.0068 -0.1695 0.9855
vn -0.0511 -0.1884 0.9808
vn -0.0513 -0.1882 0.9808
vn -0.1270 0.1124 0.9855
vn -0.1712 0.0934 0.9808
vn -0.1714 0.0936 0.9807
vn -0.1713 0.0935 0.9808
vn 0.1723 -0.4587 0.8717
vn 0.1330 -0.4754 0.8696
vn 0.1330 -0.4755 0.8696
vn 0.1330 -0.4756 0.8696
vn 0.0938 -0.4921 0.8655
vn 0.0938 -0.4921 0.8654
vn 0.0549 -0.5087 0.8592
vn 0.0550 -0.5089 0.8591
vn 0.0549 -0.5088 0.8591
vn -0.0953 -0.2072 0.9736
vn -0.0954 -0.2072 0.9736
vn -0.2155 0.0747 0.9736
vn -0.3291 0.3918 0.8592
vn -0.3292 0.3918 0.8591
vn -0.3292 0.3917 0.8592
vn -0.2902 0.4084 0.8654
vn -0.2902 0.4084 0.8655
vn -0.2510 0.4250 0.8697
vn -0.2510 0.4251 0.8696
vn -0.2118 0.4420 0.8717
vn -0.2117 0.4419 0.8717
vn -0.2119 0.4420 0.8716
vn -0.2122 0.4421 0.8715
vn -0.0824 0.1314 0.9879
vn 0.0377 -0.1505 0.9879
vn 0.8719 0.2054 0.4444
vn 0.8720 0.2053 0.4443
vn 0.8720 0.2054 0.4443
vn 0.8510 0.1963 0.4871
vn 0.7518 0.4871 0.4445
vn 0.7518 0.4871 0.4444
vn 0.7518 0.4872 0.4444
vn 0.7308 0.4782 0.4871
vn 0.9252 -0.1377 0.3535
vn 0.9253 -0.1376 0.3534
vn 0.9253 -0.1376 0.3535
vn 0.9085 -0.1448 0.3921
vn 0.9085 -0.1448 0.3920
vn 0.8899 -0.1527 0.4298
vn 0.8697 -0.1614 0.4665
vn 0.8697 -0.1613 0.4665
vn 0.8281 0.1865 0.5286
vn 0.8281 0.1866 0.5286
vn 0.7079 0.4683 0.5287
vn 0.7079 0.4682 0.5288
vn 0.7079 0.4684 0.5287
vn 0.7079 0.4684 0.5286
vn 0.4856 0.7391 0.4669
vn 0.4857 0.7393 0.4665
vn 0.4856 0.7393 0.4665
vn 0.5059 0.7479 0.4298
vn 0.5245 0.7557 0.3921
vn 0.5245 0.7558 0.3921
vn 0.5413 0.7630 0.3534
vn 0.7709 0.4953 0.4005
vn 0.8911 0.2134 0.4005
vn 0.8911 0.2135 0.4005
vn 0.8718 0.2052 -0.4448
vn 0.8720 0.2053 -0.4443
vn 0.8510 0.1963 -0.4870
vn 0.8511 0.1963 -0.4870
vn 0.7518 0.4872 -0.4443
vn 0.7519 0.4871 -0.4442
vn 0.7519 0.4871 -0.4443
vn 0.7518 0.4871 -0.4443
vn 0.7308 0.4782 -0.4871
vn 0.7308 0.4782 -0.4870
vn 0.9253 -0.1377 -0.3534
vn 0.9253 -0.1377 -0.3533
vn 0.9084 -0.1448 -0.3921
vn 0.9085 -0.1448 -0.3921
vn 0.9085 -0.1446 -0.3921
vn 0.8899 -0.1527 -0.4298
vn 0.8899 -0.1526 -0.4298
vn 0.8899 -0.1524 -0.4298
vn 0.8697 -0.1613 -0.4665
vn 0.8281 0.1865 -0.5287
vn 0.8281 0.1865 -0.5286
vn 0.7079 0.4684 -0.5286
vn 0.4857 0.7392 -0.4666
vn 0.4857 0.7392 -0.4665
vn 0.5059 0.7479 -0.4298
vn 0.5245 0.7558 -0.3921
vn 0.5413 0.7629 -0.3534
vn 0.7709 0.4953 -0.4005
vn 0.8911 0.2134 -0.4005
vn 0.8911 0.2133 -0.4005
vn -0.0068 -0.1696 -0.9855
vn -0.0068 -0.1695 -0.9855
vn -0.0513 -0.1884 -0.9808
vn -0.0512 -0.1884 -0.9808
vn -0.0511 -0.1884 -0.9808
vn -0.1270 0.1124 -0.9855
vn -0.1713 0.0935 -0.9808
vn -0.1713 0.0934 -0.9808
vn 0.1723 -0.4587 -0.8717
vn 0.1330 -0.4755 -0.8696
vn 0.0939 -0.4926 -0.8652
vn 0.0938 -0.4921 -0.8655
vn 0.0549 -0.5088 -0.8591
vn -0.0953 -0.2072 -0.9736
vn -0.2155 0.0747 -0.9736
vn -0.2156 0.0747 -0.9736
vn -0.2156 0.0748 -0.9736
vn -0.3290 0.3919 -0.8592
vn -0.3291 0.3919 -0.8592
vn -0.3290 0.3918 -0.8592
vn -0.3290 0.3920 -0.8591
vn -0.2902 0.4085 -0.8654
vn -0.2901 0.4084 -0.8655
vn -0.2902 0.4084 -0.8655
vn -0.2901 0.4085 -0.8654
vn -0.2510 0.4251 -0.8696
vn -0.2510 0.4252 -0.8696
vn -0.2117 0.4419 -0.8717
vn -0.0824 0.1314 -0.9879
vn -0.0822 0.1316 -0.9879
vn 0.0377 -0.1506 -0.9879
vn 0.0376 -0.1505 -0.9879
vn 0.0377 -0.1505 -0.9879
vn 0.9362 0.2326 0.2636
vn 0.9361 0.2326 0.2637
vn 0.9232 0.2271 0.3100
vn 0.9232 0.2271 0.3099
vn 0.9232 0.2271 0.3101
vn 0.8160 0.5145 0.2636
vn 0.8160 0.5145 0.2635
vn 0.8030 0.5090 0.3100
vn 0.9746 -0.1166 0.1911
vn 0.9651 -0.1207 0.2326
vn 0.9651 -0.1206 0.2326
vn 0.9536 -0.1256 0.2735
vn 0.9404 -0.1312 0.3138
vn 0.9082 0.2207 0.3556
vn 0.7880 0.5026 0.3556
vn 0.5564 0.7694 0.3138
vn 0.5697 0.7750 0.2735
vn 0.5814 0.7798 0.2323
vn 0.5815 0.7796 0.2325
vn 0.5813 0.7799 0.2322
vn 0.5811 0.7799 0.2324
vn 0.5906 0.7840 0.1911
vn 0.5906 0.7839 0.1915
vn 0.8268 0.5191 0.2166
vn 0.8268 0.5191 0.2165
vn 0.9470 0.2372 0.2166
vn 0.9470 0.2372 0.2165
vn 0.7767 0.1645 -0.6080
vn 0.7767 0.1646 -0.6080
vn 0.7484 0.1527 -0.6454
vn 0.7484 0.1526 -0.6454
vn 0.6565 0.4465 -0.6080
vn 0.6565 0.4465 -0.6079
vn 0.6283 0.4346 -0.6453
vn 0.6282 0.4344 -0.6455
vn 0.6282 0.4344 -0.6454
vn 0.8477 -0.1708 -0.5022
vn 0.8478 -0.1707 -0.5021
vn 0.8243 -0.1807 -0.5365
vn 0.7994 -0.1913 -0.5695
vn 0.7729 -0.2026 -0.6013
vn 0.7184 0.1398 -0.6815
vn 0.7183 0.1398 -0.6815
vn 0.7185 0.1398 -0.6813
vn 0.7184 0.1398 -0.6814
vn 0.5983 0.4217 -0.6814
vn 0.3890 0.6979 -0.6013
vn 0.3890 0.6980 -0.6012
vn 0.3890 0.6980 -0.6013
vn 0.4155 0.7093 -0.5695
vn 0.4154 0.7093 -0.5695
vn 0.4153 0.7094 -0.5695
vn 0.4403 0.7199 -0.5365
vn 0.4403 0.7199 -0.5366
vn 0.4638 0.7299 -0.5021
vn 0.4640 0.7298 -0.5021
vn 0.4639 0.7299 -0.5021
vn 0.6829 0.4581 -0.5690
vn 0.6829 0.4580 -0.5690
vn 0.6830 0.4580 -0.5690
vn 0.8033 0.1759 -0.5690
vn -0.1823 -0.2443 -0.9524
vn -0.1824 -0.2443 -0.9524
vn -0.2250 -0.2624 -0.9384
vn -0.2250 -0.2625 -0.9383
vn -0.2250 -0.2624 -0.9383
vn -0.3026 0.0376 -0.9524
vn -0.3026 0.0375 -0.9524
vn -0.3025 0.0375 -0.9524
vn -0.3453 0.0193 -0.9383
vn -0.3454 0.0194 -0.9383
vn -0.3452 0.0192 -0.9383
vn -0.3452 0.0194 -0.9383
vn 0.0162 -0.5252 -0.8508
vn -0.0220 -0.5415 -0.8404
vn -0.0220 -0.5414 -0.8404
vn -0.0600 -0.5580 -0.8277
vn -0.0597 -0.5577 -0.8279
vn -0.0598 -0.5578 -0.8278
vn -0.0598 -0.5577 -0.8279
vn -0.0966 -0.5733 -0.8137
vn -0.0966 -0.5733 -0.8136
vn -0.0967 -0.5734 -0.8136
vn -0.2670 -0.2804 -0.9220
vn -0.2671 -0.2803 -0.9220
vn -0.3872 0.0014 -0.9220
vn -0.3871 0.0016 -0.9220
vn -0.3872 0.0015 -0.9220
vn -0.4806 0.3272 -0.8136
vn -0.4807 0.3272 -0.8136
vn -0.4436 0.3429 -0.8280
vn -0.4436 0.3430 -0.8280
vn -0.4060 0.3591 -0.8404
vn -0.3678 0.3754 -0.8508
vn -0.2593 0.0559 -0.9642
vn -0.2593 0.0560 -0.9642
vn -0.1391 -0.2259 -0.9642
vn 0.9666 0.2456 0.0727
vn 0.9623 0.2437 0.1209
vn 0.9623 0.2436 0.1209
vn 0.8464 0.5275 0.0727
vn 0.8465 0.5275 0.0727
vn 0.8467 0.5271 0.0723
vn 0.8421 0.5256 0.1209
vn 0.9939 -0.1084 0.0214
vn 0.9939 -0.1084 0.0213
vn 0.9919 -0.1093 0.0641
vn 0.9920 -0.1092 0.0641
vn 0.9881 -0.1109 0.1067
vn 0.9823 -0.1132 0.1491
vn 0.9823 -0.1129 0.1494
vn 0.9823 -0.1133 0.1490
vn 0.9557 0.2409 0.1689
vn 0.8357 0.5227 0.1686
vn 0.8355 0.5228 0.1690
vn 0.5983 0.7873 0.1490
vn 0.5983 0.7873 0.1489
vn 0.6041 0.7897 0.1068
vn 0.6041 0.7897 0.1067
vn 0.6080 0.7914 0.0642
vn 0.6081 0.7913 0.0642
vn 0.6098 0.7923 0.0214
vn 0.6099 0.7922 0.0214
vn 0.8487 0.5284 0.0243
vn 0.8486 0.5284 0.0243
vn 0.8486 0.5285 0.0243
vn 0.9688 0.2465 0.0243
vn 0.9688 0.2465 0.0244
vn 0.6538 0.1122 -0.7483
vn 0.6194 0.0975 -0.7790
vn 0.5336 0.3941 -0.7483
vn 0.4992 0.3794 -0.7790
vn 0.7452 -0.2145 -0.6314
vn 0.7453 -0.2145 -0.6312
vn 0.7451 -0.2145 -0.6315
vn 0.7159 -0.2270 -0.6602
vn 0.7159 -0.2269 -0.6603
vn 0.7160 -0.2271 -0.6602
vn 0.7157 -0.2267 -0.6606
vn 0.6855 -0.2399 -0.6874
vn 0.6853 -0.2400 -0.6875
vn 0.6542 -0.2532 -0.7127
vn 0.6539 -0.2534 -0.7129
vn 0.6539 -0.2535 -0.7129
vn 0.5835 0.0822 -0.8079
vn 0.5836 0.0821 -0.8079
vn 0.5835 0.0821 -0.8080
vn 0.4634 0.3642 -0.8079
vn 0.4634 0.3641 -0.8079
vn 0.2699 0.6472 -0.7129
vn 0.2699 0.6473 -0.7129
vn 0.3015 0.6607 -0.6874
vn 0.3319 0.6737 -0.6603
vn 0.3319 0.6737 -0.6602
vn 0.3611 0.6861 -0.6316
vn 0.3611 0.6860 -0.6316
vn 0.5667 0.4082 -0.7157
vn 0.6869 0.1263 -0.7157
vn -0.3486 -0.3152 -0.8827
vn -0.3879 -0.3320 -0.8598
vn -0.4688 -0.0333 -0.8827
vn -0.5077 -0.0504 -0.8601
vn -0.5081 -0.0501 -0.8598
vn -0.1331 -0.5889 -0.7972
vn -0.1331 -0.5889 -0.7971
vn -0.1687 -0.6041 -0.7789
vn -0.2034 -0.6189 -0.7587
vn -0.2030 -0.6191 -0.7587
vn -0.2370 -0.6333 -0.7367
vn -0.2371 -0.6333 -0.7367
vn -0.2366 -0.6334 -0.7368
vn -0.4262 -0.3483 -0.8349
vn -0.5464 -0.0665 -0.8349
vn -0.5464 -0.0664 -0.8349
vn -0.6211 0.2674 -0.7367
vn -0.6211 0.2673 -0.7367
vn -0.5873 0.2817 -0.7587
vn -0.5873 0.2818 -0.7587
vn -0.5527 0.2965 -0.7789
vn -0.5527 0.2965 -0.7788
vn -0.5171 0.3117 -0.7972
vn -0.4285 -0.0160 -0.9034
vn -0.4285 -0.0161 -0.9034
vn -0.3083 -0.2980 -0.9034
vn -0.3083 -0.2981 -0.9034
vn 0.9623 0.2436 -0.1209
vn 0.9623 0.2437 -0.1209
vn 0.9666 0.2456 -0.0727
vn 0.9667 0.2455 -0.0726
vn 0.8421 0.5256 -0.1209
vn 0.8465 0.5275 -0.0727
vn 0.8465 0.5275 -0.0726
vn 0.8464 0.5275 -0.0727
vn 0.9823 -0.1133 -0.1490
vn 0.9823 -0.1132 -0.1490
vn 0.9881 -0.1109 -0.1067
vn 0.9919 -0.1093 -0.0642
vn 0.9919 -0.1092 -0.0642
vn 0.9919 -0.1093 -0.0641
vn 0.9939 -0.1084 -0.0215
vn 0.9939 -0.1084 -0.0214
vn 0.9688 0.2465 -0.0243
vn 0.8486 0.5284 -0.0243
vn 0.8487 0.5284 -0.0243
vn 0.6099 0.7922 -0.0214
vn 0.6080 0.7913 -0.0641
vn 0.6080 0.7913 -0.0642
vn 0.6080 0.7914 -0.0642
vn 0.6041 0.7897 -0.1067
vn 0.5983 0.7873 -0.1490
vn 0.5984 0.7873 -0.1487
vn 0.8357 0.5226 -0.1689
vn 0.8355 0.5229 -0.1689
vn 0.8356 0.5227 -0.1690
vn 0.8355 0.5228 -0.1691
vn 0.9557 0.2409 -0.1689
vn 0.5081 0.0501 -0.8598
vn 0.5082 0.0501 -0.8598
vn 0.5077 0.0502 -0.8601
vn 0.5080 0.0501 -0.8599
vn 0.4688 0.0333 -0.8827
vn 0.3881 0.3319 -0.8598
vn 0.3880 0.3319 -0.8598
vn 0.3880 0.3320 -0.8598
vn 0.3486 0.3152 -0.8827
vn 0.6213 -0.2671 -0.7367
vn 0.6211 -0.2673 -0.7367
vn 0.5873 -0.2818 -0.7587
vn 0.5873 -0.2817 -0.7587
vn 0.5527 -0.2965 -0.7789
vn 0.5527 -0.2965 -0.7788
vn 0.5171 -0.3117 -0.7971
vn 0.5171 -0.3117 -0.7972
vn 0.4285 0.0161 -0.9034
vn 0.4286 0.0160 -0.9034
vn 0.3083 0.2980 -0.9034
vn 0.3088 0.2978 -0.9033
vn 0.1331 0.5889 -0.7972
vn 0.1332 0.5889 -0.7972
vn 0.1687 0.6041 -0.7789
vn 0.1687 0.6040 -0.7789
vn 0.2034 0.6189 -0.7587
vn 0.2371 0.6333 -0.7367
vn 0.2370 0.6333 -0.7367
vn 0.2366 0.6334 -0.7368
vn 0.4262 0.3483 -0.8349
vn 0.5464 0.0667 -0.8349
vn 0.5464 0.0664 -0.8349
vn 0.5465 0.0664 -0.8348
vn -0.4992 -0.3794 -0.7790
vn -0.5336 -0.3941 -0.7483
vn -0.6194 -0.0975 -0.7790
vn -0.6538 -0.1122 -0.7483
vn -0.2699 -0.6472 -0.7129
vn -0.2698 -0.6471 -0.7131
vn -0.3019 -0.6609 -0.6871
vn -0.3015 -0.6607 -0.6874
vn -0.3317 -0.6741 -0.6600
vn -0.3319 -0.6737 -0.6603
vn -0.3611 -0.6861 -0.6316
vn -0.3611 -0.6860 -0.6316
vn -0.5668 -0.4080 -0.7157
vn -0.5667 -0.4082 -0.7157
vn -0.6869 -0.1263 -0.7157
vn -0.7451 0.2145 -0.6315
vn -0.7451 0.2145 -0.6316
vn -0.7160 0.2270 -0.6602
vn -0.7159 0.2269 -0.6603
vn -0.7160 0.2269 -0.6602
vn -0.6855 0.2399 -0.6874
vn -0.6854 0.2400 -0.6874
vn -0.6540 0.2535 -0.7128
vn -0.6540 0.2534 -0.7128
vn -0.6542 0.2537 -0.7125
vn -0.6539 0.2534 -0.7129
vn -0.5834 -0.0822 -0.8080
vn -0.5834 -0.0823 -0.8080
vn -0.5835 -0.0823 -0.8079
vn -0.4635 -0.3640 -0.8079
vn -0.4634 -0.3640 -0.8079
vn -0.4634 -0.3641 -0.8079
vn 0.9233 0.2270 -0.3099
vn 0.9362 0.2326 -0.2635
vn 0.8030 0.5091 -0.3099
vn 0.8162 0.5142 -0.2635
vn 0.9651 -0.1206 -0.2326
vn 0.9746 -0.1166 -0.1913
vn 0.5906 0.7840 -0.1910
vn 0.5812 0.7799 -0.2323
vn 0.5810 0.7800 -0.2324
vn 0.5810 0.7800 -0.2325
vn 0.5812 0.7799 -0.2324
vn 0.5699 0.7750 -0.2733
vn 0.9082 0.2207 -0.3557
vn 0.3453 -0.0194 -0.9383
vn 0.3452 -0.0195 -0.9383
vn 0.3452 -0.0196 -0.9383
vn 0.3454 -0.0194 -0.9382
vn 0.3026 -0.0376 -0.9524
vn 0.2250 0.2623 -0.9384
vn 0.2250 0.2625 -0.9383
vn 0.2250 0.2624 -0.9384
vn 0.2249 0.2624 -0.9384
vn 0.1824 0.2443 -0.9524
vn 0.1825 0.2443 -0.9524
vn 0.4807 -0.3273 -0.8135
vn 0.4807 -0.3273 -0.8136
vn 0.4806 -0.3272 -0.8136
vn 0.4436 -0.3429 -0.8280
vn 0.4436 -0.3430 -0.8280
vn 0.4060 -0.3591 -0.8404
vn 0.3678 -0.3753 -0.8508
vn 0.2593 -0.0560 -0.9642
vn 0.1391 0.2259 -0.9642
vn -0.0162 0.5252 -0.8508
vn -0.0162 0.5254 -0.8507
vn -0.0162 0.5253 -0.8508
vn 0.0220 0.5415 -0.8404
vn 0.0220 0.5414 -0.8405
vn 0.0596 0.5576 -0.8280
vn 0.0596 0.5575 -0.8280
vn 0.0966 0.5734 -0.8136
vn 0.0966 0.5733 -0.8136
vn 0.0967 0.5734 -0.8136
vn 0.2670 0.2803 -0.9220
vn 0.2666 0.2800 -0.9222
vn 0.2670 0.2804 -0.9220
vn 0.3872 -0.0014 -0.9220
vn 0.3873 -0.0015 -0.9220
vn 0.3872 -0.0015 -0.9220
vn -0.6282 -0.4344 -0.6454
vn -0.6282 -0.4344 -0.6455
vn -0.6565 -0.4465 -0.6080
vn -0.7485 -0.1525 -0.6454
vn -0.7484 -0.1525 -0.6454
vn -0.7485 -0.1526 -0.6454
vn -0.7486 -0.1526 -0.6453
vn -0.7767 -0.1646 -0.6080
vn -0.3890 -0.6980 -0.6012
vn -0.4154 -0.7093 -0.5695
vn -0.4403 -0.7199 -0.5365
vn -0.4406 -0.7197 -0.5366
vn -0.4638 -0.7299 -0.5021
vn -0.6831 -0.4578 -0.5691
vn -0.6831 -0.4577 -0.5691
vn -0.8034 -0.1760 -0.5688
vn -0.8033 -0.1760 -0.5690
vn -0.8033 -0.1759 -0.5690
vn -0.8478 0.1707 -0.5021
vn -0.8478 0.1708 -0.5021
vn -0.8243 0.1807 -0.5365
vn -0.7994 0.1913 -0.5696
vn -0.7994 0.1913 -0.5695
vn -0.7730 0.2026 -0.6012
vn -0.7183 -0.1398 -0.6815
vn -0.7184 -0.1398 -0.6814
vn -0.7185 -0.1398 -0.6813
vn -0.7183 -0.1398 -0.6816
vn -0.5982 -0.4218 -0.6813
vn -0.5982 -0.4217 -0.6814
vn -0.5983 -0.4217 -0.6814
vn 0.8510 0.1961 -0.4872
vn 0.8510 0.1963 -0.4871
vn 0.8509 0.1963 -0.4872
vn 0.8510 0.1963 -0.4872
vn 0.8721 0.2052 -0.4443
vn 0.8720 0.2052 -0.4445
vn 0.7309 0.4781 -0.4871
vn 0.8899 -0.1528 -0.4298
vn 0.9253 -0.1379 -0.3532
vn 0.9253 -0.1376 -0.3534
vn 0.5413 0.7630 -0.3534
vn 0.5245 0.7557 -0.3922
vn 0.5245 0.7557 -0.3921
vn 0.5059 0.7478 -0.4298
vn 0.4859 0.7392 -0.4664
vn 0.7080 0.4684 -0.5286
vn 0.7079 0.4686 -0.5286
vn 0.1712 -0.0935 -0.9808
vn 0.1713 -0.0933 -0.9808
vn 0.1713 -0.0935 -0.9808
vn 0.1712 -0.0936 -0.9808
vn 0.1270 -0.1124 -0.9855
vn 0.0510 0.1884 -0.9808
vn 0.0509 0.1884 -0.9808
vn 0.0511 0.1884 -0.9808
vn 0.0068 0.1695 -0.9855
vn 0.3291 -0.3919 -0.8592
vn 0.3290 -0.3919 -0.8592
vn 0.2901 -0.4082 -0.8656
vn 0.2512 -0.4251 -0.8696
vn 0.2509 -0.4251 -0.8697
vn 0.2510 -0.4251 -0.8696
vn 0.2118 -0.4418 -0.8718
vn 0.2117 -0.4419 -0.8717
vn 0.2119 -0.4418 -0.8717
vn 0.0827 -0.1318 -0.9878
vn 0.0824 -0.1314 -0.9879
vn -0.0378 0.1505 -0.9879
vn -0.0377 0.1505 -0.9879
vn -0.1723 0.4587 -0.8717
vn -0.1721 0.4587 -0.8717
vn -0.1330 0.4755 -0.8696
vn -0.0937 0.4922 -0.8654
vn -0.0938 0.4922 -0.8654
vn -0.0936 0.4922 -0.8654
vn -0.0549 0.5087 -0.8592
vn -0.0549 0.5085 -0.8593
vn -0.0549 0.5086 -0.8593
vn -0.0548 0.5086 -0.8592
vn 0.0954 0.2072 -0.9736
vn 0.0953 0.2072 -0.9736
vn 0.0955 0.2075 -0.9736
vn 0.0953 0.2071 -0.9737
vn 0.2154 -0.0747 -0.9737
vn 0.2154 -0.0748 -0.9737
vn 0.2155 -0.0747 -0.9736
vn -0.7309 -0.4782 -0.4870
vn -0.7308 -0.4782 -0.4871
vn -0.7309 -0.4780 -0.4870
vn -0.7519 -0.4871 -0.4443
vn -0.7518 -0.4871 -0.4443
vn -0.8510 -0.1963 -0.4870
vn -0.8720 -0.2053 -0.4443
vn -0.8718 -0.2052 -0.4448
vn -0.4858 -0.7392 -0.4665
vn -0.4857 -0.7392 -0.4665
vn -0.5058 -0.7479 -0.4299
vn -0.5058 -0.7479 -0.4298
vn -0.5059 -0.7479 -0.4298
vn -0.5245 -0.7558 -0.3921
vn -0.5245 -0.7557 -0.3921
vn -0.5245 -0.7557 -0.3922
vn -0.5413 -0.7630 -0.3534
vn -0.7709 -0.4953 -0.4005
vn -0.8911 -0.2134 -0.4005
vn -0.9253 0.1376 -0.3534
vn -0.9085 0.1448 -0.3921
vn -0.8899 0.1527 -0.4298
vn -0.8899 0.1526 -0.4298
vn -0.8697 0.1613 -0.4665
vn -0.8281 -0.1864 -0.5287
vn -0.8281 -0.1865 -0.5286
vn -0.8281 -0.1867 -0.5286
vn -0.7080 -0.4684 -0.5286
vn -0.7079 -0.4684 -0.5286
vn 0.7484 0.1525 -0.6455
vn 0.7484 0.1525 -0.6454
vn 0.7483 0.1524 -0.6456
vn 0.7766 0.1647 -0.6081
vn 0.7731 -0.2024 -0.6011
vn 0.7729 -0.2026 -0.6014
vn 0.7728 -0.2027 -0.6014
vn 0.7994 -0.1915 -0.5695
vn 0.8243 -0.1806 -0.5365
vn 0.8478 -0.1706 -0.5021
vn 0.8033 0.1758 -0.5690
vn 0.8031 0.1756 -0.5694
vn 0.6831 0.4578 -0.5691
vn 0.6831 0.4578 -0.5690
vn 0.6830 0.4579 -0.5690
vn 0.5983 0.4216 -0.6814
vn 0.7185 0.1398 -0.6814
vn -0.8031 -0.5090 -0.3099
vn -0.8160 -0.5144 -0.2636
vn -0.8160 -0.5145 -0.2636
vn -0.9232 -0.2271 -0.3099
vn -0.9233 -0.2271 -0.3099
vn -0.9362 -0.2326 -0.2636
vn -0.5564 -0.7694 -0.3138
vn -0.5563 -0.7694 -0.3138
vn -0.5697 -0.7750 -0.2735
vn -0.5698 -0.7749 -0.2735
vn -0.5810 -0.7799 -0.2326
vn -0.5811 -0.7799 -0.2326
vn -0.5811 -0.7799 -0.2327
vn -0.5906 -0.7840 -0.1911
vn -0.8268 -0.5191 -0.2166
vn -0.9470 -0.2372 -0.2166
vn -0.9470 -0.2372 -0.2165
vn -0.9746 0.1166 -0.1911
vn -0.9651 0.1207 -0.2326
vn -0.9536 0.1256 -0.2735
vn -0.9403 0.1314 -0.3141
vn -0.9404 0.1312 -0.3138
vn -0.9082 -0.2207 -0.3556
vn -0.7880 -0.5026 -0.3556
vn -0.7879 -0.5027 -0.3556
vn 0.6193 0.0975 -0.7791
vn 0.4989 0.3797 -0.7791
vn 0.6855 -0.2399 -0.6875
vn 0.7160 -0.2269 -0.6602
vn 0.7160 -0.2269 -0.6601
vn 0.7450 -0.2145 -0.6316
vn 0.7451 -0.2145 -0.6316
vn 0.3611 0.6861 -0.6315
vn 0.3610 0.6861 -0.6316
vn 0.3320 0.6738 -0.6601
vn 0.3015 0.6608 -0.6873
vn 0.3014 0.6608 -0.6874
vn 0.3017 0.6607 -0.6874
vn 0.2700 0.6473 -0.7128
vn 0.5836 0.0822 -0.8079
vn -0.8421 -0.5256 -0.1209
vn -0.8420 -0.5257 -0.1209
vn -0.8464 -0.5275 -0.0727
vn -0.8465 -0.5275 -0.0727
vn -0.9623 -0.2436 -0.1209
vn -0.9623 -0.2437 -0.1209
vn -0.9666 -0.2456 -0.0727
vn -0.5984 -0.7872 -0.1491
vn -0.5984 -0.7872 -0.1490
vn -0.5983 -0.7873 -0.1490
vn -0.5983 -0.7873 -0.1491
vn -0.6042 -0.7897 -0.1068
vn -0.6041 -0.7897 -0.1068
vn -0.6041 -0.7897 -0.1067
vn -0.6079 -0.7914 -0.0642
vn -0.6081 -0.7913 -0.0642
vn -0.6099 -0.7922 -0.0214
vn -0.8486 -0.5284 -0.0243
vn -0.8486 -0.5285 -0.0243
vn -0.9689 -0.2464 -0.0243
vn -0.9688 -0.2465 -0.0243
vn -0.9939 0.1084 -0.0214
vn -0.9939 0.1082 -0.0214
vn -0.9939 0.1085 -0.0214
vn -0.9919 0.1092 -0.0641
vn -0.9920 0.1090 -0.0641
vn -0.9920 0.1091 -0.0642
vn -0.9920 0.1092 -0.0641
vn -0.9881 0.1109 -0.1067
vn -0.9823 0.1133 -0.1490
vn -0.9823 0.1134 -0.1491
vn -0.9557 -0.2410 -0.1689
vn -0.9557 -0.2409 -0.1689
vn -0.8356 -0.5227 -0.1691
vn -0.8355 -0.5228 -0.1689
vn -0.8355 -0.5228 -0.1690
vn 0.5079 0.0500 -0.8600
vn 0.3879 0.3320 -0.8598
vn 0.3879 0.3319 -0.8598
vn 0.5173 -0.3118 -0.7970
vn 0.5171 -0.3116 -0.7972
vn 0.5172 -0.3118 -0.7970
vn 0.5174 -0.3117 -0.7970
vn 0.5527 -0.2966 -0.7788
vn 0.5873 -0.2819 -0.7587
vn 0.5874 -0.2817 -0.7587
vn 0.5462 0.0667 -0.8350
vn 0.5468 0.0664 -0.8347
vn 0.4262 0.3481 -0.8350
vn 0.2371 0.6332 -0.7368
vn 0.2035 0.6188 -0.7587
vn 0.1687 0.6041 -0.7788
vn 0.1687 0.6042 -0.7788
vn 0.1330 0.5889 -0.7972
vn 0.1329 0.5888 -0.7972
vn -0.8464 -0.5275 0.0727
vn -0.8464 -0.5276 0.0727
vn -0.8421 -0.5256 0.1209
vn -0.9667 -0.2456 0.0727
vn -0.9666 -0.2456 0.0727
vn -0.9623 -0.2437 0.1209
vn -0.9623 -0.2436 0.1209
vn -0.6099 -0.7922 0.0214
vn -0.6080 -0.7913 0.0642
vn -0.6082 -0.7912 0.0642
vn -0.6079 -0.7914 0.0642
vn -0.6042 -0.7897 0.1068
vn -0.6042 -0.7897 0.1067
vn -0.6041 -0.7897 0.1068
vn -0.5983 -0.7873 0.1491
vn -0.8356 -0.5226 0.1692
vn -0.8356 -0.5227 0.1693
vn -0.8355 -0.5228 0.1691
vn -0.8355 -0.5228 0.1689
vn -0.9557 -0.2409 0.1689
vn -0.9557 -0.2410 0.1689
vn -0.9823 0.1133 0.1490
vn -0.9881 0.1110 0.1067
vn -0.9881 0.1109 0.1067
vn -0.9920 0.1092 0.0639
vn -0.9920 0.1091 0.0641
vn -0.9920 0.1091 0.0639
vn -0.9920 0.1092 0.0641
vn -0.9939 0.1084 0.0214
vn -0.9939 0.1083 0.0214
vn -0.9689 -0.2464 0.0243
vn -0.9689 -0.2462 0.0245
vn -0.9689 -0.2464 0.0244
vn -0.9688 -0.2465 0.0243
vn -0.8486 -0.5284 0.0243
vn 0.3027 -0.0377 -0.9524
vn 0.3452 -0.0194 -0.9383
vn 0.3679 -0.3752 -0.8508
vn 0.3678 -0.3752 -0.8509
vn 0.3679 -0.3753 -0.8507
vn 0.3685 -0.3754 -0.8504
vn 0.4059 -0.3591 -0.8404
vn 0.4059 -0.3592 -0.8404
vn 0.4436 -0.3431 -0.8279
vn 0.4806 -0.3273 -0.8136
vn 0.4807 -0.3272 -0.8135
vn 0.3874 -0.0015 -0.9219
vn 0.2672 0.2804 -0.9219
vn 0.0965 0.5734 -0.8136
vn 0.0594 0.5574 -0.8281
vn 0.0594 0.5572 -0.8282
vn 0.0595 0.5574 -0.8281
vn 0.0221 0.5414 -0.8404
vn -0.0163 0.5252 -0.8508
vn -0.0161 0.5253 -0.8508
vn 0.2593 -0.0561 -0.9642
vn 0.2594 -0.0563 -0.9641
vn -0.8160 -0.5145 0.2636
vn -0.8160 -0.5145 0.2637
vn -0.8030 -0.5090 0.3099
vn -0.9362 -0.2326 0.2636
vn -0.9362 -0.2326 0.2635
vn -0.9361 -0.2328 0.2636
vn -0.9232 -0.2271 0.3099
vn -0.5906 -0.7840 0.1911
vn -0.5810 -0.7799 0.2326
vn -0.5811 -0.7799 0.2326
vn -0.5811 -0.7799 0.2327
vn -0.5697 -0.7750 0.2736
vn -0.5697 -0.7750 0.2735
vn -0.5564 -0.7694 0.3138
vn -0.7880 -0.5026 0.3556
vn -0.9082 -0.2207 0.3556
vn -0.9404 0.1312 0.3138
vn -0.9536 0.1256 0.2735
vn -0.9651 0.1207 0.2326
vn -0.9746 0.1166 0.1911
vn -0.9470 -0.2372 0.2166
vn -0.9470 -0.2372 0.2165
vn -0.8268 -0.5191 0.2165
vn -0.8269 -0.5191 0.2163
vn -0.8268 -0.5191 0.2166
vn 0.1270 -0.1125 -0.9855
vn 0.1712 -0.0934 -0.9808
vn 0.1713 -0.0934 -0.9808
vn 0.0511 0.1882 -0.9808
vn 0.0511 0.1885 -0.9808
vn 0.2902 -0.4084 -0.8654
vn 0.2902 -0.4085 -0.8654
vn 0.3291 -0.3917 -0.8592
vn 0.3291 -0.3918 -0.8592
vn 0.3292 -0.3914 -0.8593
vn 0.2155 -0.0747 -0.9737
vn -0.0549 0.5088 -0.8591
vn -0.0938 0.4921 -0.8655
vn -0.7518 -0.4872 0.4443
vn -0.7518 -0.4871 0.4443
vn -0.7308 -0.4782 0.4871
vn -0.8720 -0.2054 0.4444
vn -0.8720 -0.2053 0.4443
vn -0.8720 -0.2053 0.4445
vn -0.8510 -0.1962 0.4871
vn -0.8510 -0.1963 0.4871
vn -0.5413 -0.7630 0.3534
vn -0.5412 -0.7630 0.3534
vn -0.5245 -0.7558 0.3921
vn -0.5245 -0.7558 0.3920
vn -0.5245 -0.7557 0.3921
vn -0.5059 -0.7480 0.4297
vn -0.5058 -0.7481 0.4296
vn -0.5059 -0.7479 0.4297
vn -0.5059 -0.7479 0.4298
vn -0.4858 -0.7392 0.4664
vn -0.4857 -0.7392 0.4665
vn -0.4858 -0.7391 0.4666
vn -0.7080 -0.4684 0.5286
vn -0.7080 -0.4683 0.5286
vn -0.7079 -0.4684 0.5286
vn -0.8281 -0.1866 0.5286
vn -0.8281 -0.1865 0.5286
vn -0.8697 0.1613 0.4665
vn -0.8697 0.1614 0.4665
vn -0.8899 0.1527 0.4298
vn -0.9084 0.1448 0.3921
vn -0.9085 0.1448 0.3921
vn -0.9084 0.1449 0.3921
vn -0.9084 0.1450 0.3921
vn -0.9253 0.1376 0.3534
vn -0.8911 -0.2134 0.4005
vn -0.8911 -0.2133 0.4005
vn -0.7709 -0.4954 0.4005
vn -0.7709 -0.4953 0.4005
vn -0.0511 -0.1883 -0.9808
vn -0.1712 0.0934 -0.9808
vn -0.1712 0.0933 -0.9808
vn -0.1269 0.1124 -0.9855
vn -0.1268 0.1124 -0.9855
vn 0.0549 -0.5087 -0.8592
vn 0.0547 -0.5089 -0.8591
vn 0.1330 -0.4758 -0.8695
vn 0.0378 -0.1505 -0.9879
vn -0.2118 0.4419 -0.8717
vn -0.2901 0.4083 -0.8655
vn -0.2902 0.4084 -0.8654
vn -0.2900 0.4082 -0.8656
vn -0.3292 0.3918 -0.8592
vn -0.3292 0.3917 -0.8592
vn -0.3291 0.3918 -0.8592
vn -0.2154 0.0747 -0.9737
vn -0.0954 -0.2072 -0.9736
vn -0.6565 -0.4465 0.6080
vn -0.6283 -0.4344 0.6454
vn -0.7767 -0.1646 0.6080
vn -0.7484 -0.1525 0.6454
vn -0.4638 -0.7299 0.5021
vn -0.4404 -0.7199 0.5365
vn -0.4404 -0.7198 0.5366
vn -0.4155 -0.7093 0.5695
vn -0.4154 -0.7093 0.5695
vn -0.3890 -0.6980 0.6012
vn -0.3889 -0.6981 0.6012
vn -0.5983 -0.4217 0.6814
vn -0.7185 -0.1398 0.6814
vn -0.7184 -0.1398 0.6814
vn -0.7730 0.2026 0.6012
vn -0.7994 0.1913 0.5696
vn -0.8243 0.1807 0.5365
vn -0.8478 0.1707 0.5020
vn -0.8478 0.1707 0.5021
vn -0.8478 0.1706 0.5021
vn -0.8033 -0.1759 0.5690
vn -0.6831 -0.4578 0.5690
vn -0.6831 -0.4579 0.5689
vn -0.6832 -0.4578 0.5690
vn -0.3453 0.0194 -0.9383
vn -0.3026 0.0377 -0.9524
vn -0.3024 0.0375 -0.9524
vn -0.0967 -0.5734 -0.8135
vn -0.0972 -0.5733 -0.8136
vn -0.0596 -0.5576 -0.8280
vn -0.0596 -0.5577 -0.8279
vn 0.0162 -0.5253 -0.8508
vn 0.0163 -0.5252 -0.8508
vn -0.1391 -0.2258 -0.9642
vn -0.1392 -0.2258 -0.9642
vn -0.1391 -0.2257 -0.9642
vn -0.2594 0.0561 -0.9641
vn -0.2594 0.0560 -0.9641
vn -0.2595 0.0562 -0.9641
vn -0.3678 0.3753 -0.8508
vn -0.3677 0.3754 -0.8508
vn -0.4060 0.3593 -0.8403
vn -0.4060 0.3591 -0.8403
vn -0.4806 0.3271 -0.8136
vn -0.3873 0.0015 -0.9220
vn -0.3879 0.0016 -0.9217
vn -0.2669 -0.2806 -0.9220
vn -0.2670 -0.2806 -0.9220
vn -0.2671 -0.2805 -0.9219
vn -0.5336 -0.3941 0.7483
vn -0.4990 -0.3796 0.7790
vn -0.4992 -0.3793 0.7790
vn -0.4992 -0.3794 0.7790
vn -0.6538 -0.1122 0.7483
vn -0.6538 -0.1121 0.7483
vn -0.6537 -0.1120 0.7484
vn -0.6192 -0.0971 0.7792
vn -0.6194 -0.0973 0.7790
vn -0.6194 -0.0974 0.7790
vn -0.6190 -0.0973 0.7793
vn -0.3611 -0.6861 0.6316
vn -0.3319 -0.6737 0.6602
vn -0.3319 -0.6737 0.6603
vn -0.3320 -0.6736 0.6603
vn -0.3016 -0.6607 0.6874
vn -0.3015 -0.6607 0.6874
vn -0.3015 -0.6608 0.6874
vn -0.2699 -0.6472 0.7129
vn -0.2694 -0.6476 0.7128
vn -0.2697 -0.6471 0.7131
vn -0.2698 -0.6470 0.7132
vn -0.4634 -0.3640 0.8079
vn -0.4634 -0.3641 0.8079
vn -0.4635 -0.3641 0.8079
vn -0.5836 -0.0822 0.8079
vn -0.5837 -0.0823 0.8078
vn -0.5835 -0.0822 0.8079
vn -0.6539 0.2535 0.7129
vn -0.6539 0.2534 0.7129
vn -0.6540 0.2535 0.7128
vn -0.6540 0.2536 0.7128
vn -0.6855 0.2399 0.6874
vn -0.7159 0.2269 0.6603
vn -0.7159 0.2270 0.6603
vn -0.7451 0.2145 0.6315
vn -0.7450 0.2144 0.6316
vn -0.6869 -0.1263 0.7157
vn -0.5667 -0.4082 0.7157
vn -0.5667 -0.4081 0.7157
vn -0.3487 -0.3152 -0.8827
vn -0.3488 -0.3152 -0.8826
vn -0.5082 -0.0501 -0.8598
vn -0.5081 -0.0501 -0.8599
vn -0.2371 -0.6332 -0.7368
vn -0.2034 -0.6187 -0.7589
vn -0.1687 -0.6041 -0.7788
vn -0.3083 -0.2979 -0.9034
vn -0.5171 0.3116 -0.7972
vn -0.5525 0.2965 -0.7790
vn -0.5528 0.2967 -0.7787
vn -0.5877 0.2821 -0.7583
vn -0.5874 0.2817 -0.7587
vn -0.5872 0.2816 -0.7588
vn -0.5873 0.2816 -0.7588
vn -0.6211 0.2673 -0.7368
vn -0.5461 -0.0663 -0.8351
vn -0.5464 -0.0666 -0.8349
vn -0.4262 -0.3481 -0.8350
vn -0.4262 -0.3486 -0.8348
vn -0.3880 -0.3320 0.8598
vn -0.3879 -0.3320 0.8598
vn -0.3880 -0.3319 0.8598
vn -0.3485 -0.3152 0.8827
vn -0.5081 -0.0502 0.8598
vn -0.5081 -0.0501 0.8598
vn -0.4688 -0.0333 0.8827
vn -0.2372 -0.6332 0.7367
vn -0.2370 -0.6330 0.7370
vn -0.2371 -0.6332 0.7368
vn -0.2375 -0.6332 0.7367
vn -0.2032 -0.6189 0.7587
vn -0.2032 -0.6188 0.7588
vn -0.2033 -0.6189 0.7587
vn -0.1687 -0.6041 0.7789
vn -0.1330 -0.5889 0.7972
vn -0.1331 -0.5888 0.7972
vn -0.1332 -0.5888 0.7972
vn -0.3083 -0.2980 0.9034
vn -0.4285 -0.0161 0.9034
vn -0.5172 0.3117 0.7971
vn -0.5171 0.3117 0.7972
vn -0.5171 0.3116 0.7972
vn -0.5171 0.3117 0.7971
vn -0.5527 0.2965 0.7789
vn -0.5873 0.2817 0.7588
vn -0.5873 0.2817 0.7587
vn -0.5874 0.2817 0.7587
vn -0.6211 0.2675 0.7367
vn -0.6211 0.2677 0.7366
vn -0.6211 0.2674 0.7367
vn -0.6211 0.2673 0.7367
vn -0.5464 -0.0664 0.8349
vn -0.5464 -0.0665 0.8349
vn -0.4262 -0.3483 0.8349
vn -0.4991 -0.3795 -0.7790
vn -0.4992 -0.3793 -0.7790
vn -0.6193 -0.0974 -0.7791
vn -0.5835 -0.0822 -0.8079
vn -0.7160 0.2268 -0.6603
vn -0.7159 0.2268 -0.6603
vn -0.7159 0.2267 -0.6603
vn -0.7450 0.2145 -0.6316
vn -0.6870 -0.1263 -0.7156
vn -0.6871 -0.1263 -0.7155
vn -0.5666 -0.4082 -0.7157
vn -0.2250 -0.2625 0.9383
vn -0.1824 -0.2443 0.9524
vn -0.1824 -0.2444 0.9524
vn -0.3452 0.0192 0.9383
vn -0.3452 0.0195 0.9383
vn -0.3454 0.0192 0.9383
vn -0.3027 0.0376 0.9524
vn -0.3026 0.0376 0.9524
vn -0.3026 0.0375 0.9524
vn -0.0966 -0.5733 0.8136
vn -0.0965 -0.5732 0.8137
vn -0.0967 -0.5733 0.8136
vn -0.0597 -0.5577 0.8279
vn -0.0593 -0.5574 0.8281
vn -0.0596 -0.5576 0.8280
vn -0.0596 -0.5575 0.8280
vn -0.0220 -0.5415 0.8404
vn -0.0220 -0.5414 0.8405
vn 0.0162 -0.5252 0.8508
vn -0.1391 -0.2259 0.9642
vn -0.1391 -0.2258 0.9642
vn -0.2593 0.0560 0.9642
vn -0.3677 0.3754 0.8508
vn -0.3678 0.3754 0.8508
vn -0.4060 0.3591 0.8404
vn -0.4436 0.3430 0.8280
vn -0.4436 0.3429 0.8280
vn -0.4806 0.3272 0.8136
vn -0.4805 0.3272 0.8136
vn -0.3872 0.0015 0.9220
vn -0.2671 -0.2804 0.9220
vn -0.2670 -0.2804 0.9220
vn -0.2669 -0.2804 0.9220
vn -0.6282 -0.4345 -0.6454
vn -0.7484 -0.1525 -0.6455
vn -0.4638 -0.7299 -0.5022
vn -0.4636 -0.7301 -0.5020
vn -0.4637 -0.7299 -0.5021
vn -0.4405 -0.7199 -0.5364
vn -0.7186 -0.1398 -0.6812
vn -0.7185 -0.1398 -0.6814
vn -0.7186 -0.1398 -0.6813
vn -0.7728 0.2027 -0.6014
vn -0.7729 0.2026 -0.6013
vn -0.7994 0.1914 -0.5695
vn -0.8033 -0.1760 -0.5689
vn -0.8033 -0.1756 -0.5691
vn -0.6831 -0.4578 -0.5690
vn -0.0511 -0.1883 0.9808
vn -0.0510 -0.1884 0.9808
vn -0.0068 -0.1696 0.9855
vn -0.0066 -0.1695 0.9855
vn 0.0552 -0.5088 0.8591
vn 0.0549 -0.5088 0.8592
vn 0.0938 -0.4922 0.8654
vn 0.1723 -0.4588 0.8717
vn 0.1724 -0.4589 0.8716
vn 0.0378 -0.1505 0.9879
vn -0.0825 0.1314 0.9879
vn -0.2118 0.4418 0.8718
vn -0.2511 0.4251 0.8696
vn -0.2902 0.4085 0.8654
vn -0.2904 0.4086 0.8653
vn -0.3290 0.3918 0.8592
vn -0.2156 0.0747 0.9736
vn -0.7518 -0.4872 -0.4443
vn -0.7306 -0.4783 -0.4873
vn -0.8720 -0.2053 -0.4444
vn -0.8721 -0.2052 -0.4443
vn -0.8720 -0.2052 -0.4444
vn -0.8509 -0.1964 -0.4872
vn -0.8509 -0.1965 -0.4872
vn -0.8510 -0.1964 -0.4871
vn -0.8510 -0.1963 -0.4871
vn -0.5245 -0.7558 -0.3920
vn -0.5061 -0.7479 -0.4296
vn -0.5060 -0.7478 -0.4297
vn -0.5062 -0.7477 -0.4298
vn -0.7080 -0.4684 -0.5285
vn -0.8281 -0.1865 -0.5287
vn -0.8697 0.1612 -0.4664
vn -0.9085 0.1447 -0.3921
vn -0.9085 0.1448 -0.3920
vn -0.9253 0.1375 -0.3534
vn -0.7709 -0.4952 -0.4005
vn -0.7709 -0.4953 -0.4004
vn 0.1270 -0.1124 0.9855
vn 0.1270 -0.1125 0.9855
vn 0.1713 -0.0935 0.9808
vn 0.1713 -0.0936 0.9808
vn 0.0068 0.1695 0.9855
vn 0.0511 0.1884 0.9808
vn 0.0510 0.1884 0.9808
vn 0.0512 0.1884 0.9808
vn 0.2117 -0.4419 0.8717
vn 0.2510 -0.4251 0.8696
vn 0.2510 -0.4250 0.8697
vn 0.2901 -0.4082 0.8656
vn 0.2900 -0.4082 0.8656
vn 0.2902 -0.4086 0.8653
vn 0.3289 -0.3919 0.8592
vn 0.3289 -0.3918 0.8592
vn 0.3291 -0.3918 0.8592
vn 0.2155 -0.0747 0.9736
vn 0.0953 0.2072 0.9736
vn -0.0549 0.5087 0.8592
vn -0.0939 0.4922 0.8654
vn -0.0938 0.4922 0.8654
vn -0.0935 0.4922 0.8654
vn -0.0937 0.4922 0.8654
vn -0.1330 0.4755 0.8696
vn -0.1723 0.4587 0.8717
vn -0.0373 0.1507 0.9879
vn -0.0377 0.1505 0.9879
vn 0.0824 -0.1314 0.9879
vn -0.8030 -0.5090 -0.3100
vn -0.8030 -0.5090 -0.3099
vn -0.9362 -0.2327 -0.2636
vn -0.9362 -0.2327 -0.2635
vn -0.9361 -0.2329 -0.2636
vn -0.5698 -0.7750 -0.2734
vn -0.9082 -0.2207 -0.3555
vn -0.9404 0.1313 -0.3138
vn -0.9536 0.1255 -0.2735
vn -0.9746 0.1166 -0.1912
vn -0.9471 -0.2370 -0.2166
vn 0.3026 -0.0377 0.9524
vn 0.3026 -0.0376 0.9524
vn 0.3451 -0.0194 0.9384
vn 0.3449 -0.0197 0.9384
vn 0.3452 -0.0192 0.9383
vn 0.1823 0.2443 0.9524
vn 0.1824 0.2443 0.9524
vn 0.2249 0.2623 0.9384
vn 0.2250 0.2624 0.9384
vn 0.2250 0.2623 0.9384
vn 0.2247 0.2623 0.9385
vn 0.3679 -0.3753 0.8508
vn 0.3678 -0.3752 0.8509
vn 0.3678 -0.3753 0.8508
vn 0.4060 -0.3591 0.8404
vn 0.4436 -0.3430 0.8280
vn 0.4806 -0.3272 0.8136
vn 0.4804 -0.3275 0.8136
vn 0.4805 -0.3274 0.8136
vn 0.3872 -0.0015 0.9220
vn 0.2670 0.2804 0.9220
vn 0.0967 0.5734 0.8136
vn 0.0967 0.5734 0.8135
vn 0.0968 0.5734 0.8135
vn 0.0596 0.5575 0.8280
vn 0.0596 0.5576 0.8280
vn 0.0220 0.5415 0.8404
vn 0.0220 0.5414 0.8404
vn -0.0162 0.5252 0.8508
vn 0.1391 0.2259 0.9642
vn 0.1391 0.2258 0.9642
vn 0.2593 -0.0560 0.9642
vn -0.9667 -0.2456 -0.0727
vn -0.6100 -0.7921 -0.0215
vn -0.6099 -0.7922 -0.0216
vn -0.6080 -0.7913 -0.0642
vn -0.6080 -0.7914 -0.0642
vn -0.6042 -0.7896 -0.1067
vn -0.6041 -0.7897 -0.1065
vn -0.6042 -0.7897 -0.1067
vn -0.5985 -0.7872 -0.1489
vn -0.5985 -0.7873 -0.1484
vn -0.8355 -0.5229 -0.1689
vn -0.8356 -0.5227 -0.1690
vn -0.8355 -0.5228 -0.1691
vn -0.9881 0.1108 -0.1067
vn -0.9920 0.1092 -0.0640
vn -0.9919 0.1092 -0.0642
vn -0.8487 -0.5284 -0.0243
vn 0.4688 0.0333 0.8827
vn 0.4688 0.0332 0.8827
vn 0.5085 0.0505 0.8596
vn 0.5081 0.0502 0.8598
vn 0.5081 0.0501 0.8598
vn 0.3485 0.3152 0.8827
vn 0.3486 0.3152 0.8827
vn 0.3880 0.3320 0.8598
vn 0.3883 0.3317 0.8598
vn 0.5170 -0.3117 0.7972
vn 0.5169 -0.3119 0.7972
vn 0.5171 -0.3117 0.7972
vn 0.5527 -0.2965 0.7789
vn 0.5877 -0.2817 0.7585
vn 0.5873 -0.2817 0.7587
vn 0.6211 -0.2673 0.7367
vn 0.6211 -0.2673 0.7368
vn 0.5465 0.0663 0.8349
vn 0.5464 0.0663 0.8349
vn 0.5464 0.0664 0.8349
vn 0.4262 0.3483 0.8349
vn 0.2371 0.6333 0.7367
vn 0.2034 0.6189 0.7587
vn 0.2034 0.6190 0.7586
vn 0.2034 0.6188 0.7587
vn 0.2033 0.6189 0.7587
vn 0.1687 0.6040 0.7789
vn 0.1687 0.6041 0.7789
vn 0.1331 0.5889 0.7972
vn 0.3083 0.2980 0.9034
vn 0.4285 0.0161 0.9034
vn -0.8421 -0.5257 0.1209
vn -0.8421 -0.5256 0.1210
vn -0.8465 -0.5275 0.0727
vn -0.5983 -0.7873 0.1490
vn -0.5984 -0.7872 0.1489
vn -0.5983 -0.7873 0.1489
vn -0.6042 -0.7897 0.1066
vn -0.6041 -0.7897 0.1065
vn -0.6099 -0.7922 0.0213
vn -0.8487 -0.5284 0.0243
vn -0.9939 0.1084 0.0215
vn -0.9919 0.1092 0.0642
vn -0.8356 -0.5228 0.1689
vn -0.8357 -0.5227 0.1686
vn -0.8355 -0.5228 0.1690
vn 0.6194 0.0975 0.7790
vn 0.6194 0.0974 0.7790
vn 0.6537 0.1121 0.7484
vn 0.6539 0.1122 0.7482
vn 0.6537 0.1120 0.7484
vn 0.6538 0.1124 0.7483
vn 0.4992 0.3794 0.7790
vn 0.5336 0.3941 0.7483
vn 0.5336 0.3940 0.7483
vn 0.6539 -0.2534 0.7129
vn 0.6855 -0.2399 0.6874
vn 0.7159 -0.2269 0.6603
vn 0.7159 -0.2269 0.6604
vn 0.7161 -0.2273 0.6599
vn 0.7451 -0.2145 0.6315
vn 0.7452 -0.2145 0.6314
vn 0.6869 0.1263 0.7157
vn 0.5667 0.4082 0.7157
vn 0.5668 0.4082 0.7156
vn 0.3611 0.6861 0.6316
vn 0.3611 0.6862 0.6315
vn 0.3319 0.6737 0.6602
vn 0.3319 0.6737 0.6603
vn 0.3015 0.6607 0.6874
vn 0.2699 0.6473 0.7129
vn 0.2699 0.6472 0.7129
vn 0.4634 0.3641 0.8079
vn 0.5835 0.0822 0.8079
vn 0.5835 0.0821 0.8080
vn 0.5836 0.0819 0.8079
vn 0.5835 0.0823 0.8079
vn -0.8031 -0.5090 0.3099
vn -0.8031 -0.5089 0.3099
vn -0.8030 -0.5091 0.3098
vn -0.9361 -0.2326 0.2637
vn -0.9362 -0.2325 0.2636
vn -0.9362 -0.2324 0.2636
vn -0.5698 -0.7750 0.2735
vn -0.5700 -0.7749 0.2732
vn -0.8268 -0.5191 0.2167
vn -0.9468 -0.2374 0.2170
vn -0.9651 0.1206 0.2326
vn -0.9536 0.1255 0.2735
vn -0.9082 -0.2207 0.3557
vn -0.7881 -0.5025 0.3555
vn 0.7484 0.1525 0.6454
vn 0.7767 0.1646 0.6080
vn 0.7766 0.1646 0.6081
vn 0.6283 0.4344 0.6454
vn 0.6282 0.4344 0.6454
vn 0.6565 0.4465 0.6080
vn 0.7730 -0.2026 0.6012
vn 0.7994 -0.1913 0.5695
vn 0.7995 -0.1913 0.5695
vn 0.7994 -0.1913 0.5696
vn 0.8243 -0.1807 0.5365
vn 0.8478 -0.1707 0.5021
vn 0.8033 0.1759 0.5690
vn 0.6831 0.4578 0.5690
vn 0.4639 0.7299 0.5021
vn 0.4638 0.7299 0.5021
vn 0.4639 0.7298 0.5021
vn 0.4403 0.7199 0.5365
vn 0.4154 0.7093 0.5695
vn 0.4154 0.7094 0.5694
vn 0.3889 0.6980 0.6013
vn 0.3890 0.6980 0.6012
vn 0.3890 0.6980 0.6013
vn 0.5983 0.4217 0.6814
vn 0.7184 0.1398 0.6814
vn 0.7183 0.1398 0.6815
vn 0.7185 0.1398 0.6814
vn -0.7308 -0.4782 0.4870
vn -0.7519 -0.4871 0.4443
vn -0.7518 -0.4872 0.4444
vn -0.8511 -0.1963 0.4869
vn -0.8510 -0.1963 0.4870
vn -0.8511 -0.1962 0.4870
vn -0.8720 -0.2053 0.4444
vn -0.8720 -0.2055 0.4443
vn -0.4857 -0.7393 0.4665
vn -0.7709 -0.4953 0.4004
vn -0.8911 -0.2135 0.4005
vn -0.9253 0.1377 0.3534
vn -0.8281 -0.1865 0.5287
vn -0.7079 -0.4684 0.5287
vn 0.1714 -0.0935 0.9808
vn 0.1271 -0.1124 0.9855
vn 0.0512 0.1885 0.9807
vn 0.3291 -0.3917 0.8592
vn 0.2902 -0.4084 0.8654
vn 0.2902 -0.4084 0.8655
vn 0.2510 -0.4252 0.8696
vn 0.2507 -0.4256 0.8695
vn 0.2119 -0.4419 0.8717
vn 0.2122 -0.4421 0.8715
vn 0.2119 -0.4420 0.8716
vn 0.2115 -0.4418 0.8718
vn -0.1723 0.4588 0.8717
vn -0.0938 0.4921 0.8655
vn -0.0938 0.4921 0.8654
vn -0.0550 0.5087 0.8592
vn 0.0953 0.2072 0.9737
vn 0.2155 -0.0747 0.9737
vn 0.8510 0.1963 0.4870
vn 0.8510 0.1964 0.4870
vn 0.8720 0.2052 0.4444
vn 0.8721 0.2052 0.4443
vn 0.7308 0.4782 0.4870
vn 0.7519 0.4871 0.4443
vn 0.7519 0.4870 0.4444
vn 0.7519 0.4871 0.4444
vn 0.9085 -0.1447 0.3921
vn 0.9253 -0.1375 0.3534
vn 0.8912 0.2134 0.4004
vn 0.7708 0.4953 0.4007
vn 0.7710 0.4952 0.4005
vn 0.5413 0.7629 0.3535
vn 0.5413 0.7629 0.3534
vn 0.5244 0.7558 0.3921
vn 0.4857 0.7392 0.4665
vn 0.8281 0.1864 0.5287
vn -0.6284 -0.4346 0.6452
vn -0.6282 -0.4345 0.6454
vn -0.6282 -0.4344 0.6455
vn -0.6282 -0.4344 0.6454
vn -0.7484 -0.1526 0.6454
vn -0.7485 -0.1526 0.6454
vn -0.4403 -0.7199 0.5365
vn -0.4405 -0.7199 0.5363
vn -0.4638 -0.7299 0.5022
vn -0.4637 -0.7300 0.5021
vn -0.6831 -0.4578 0.5691
vn -0.8480 0.1705 0.5019
vn -0.8479 0.1707 0.5020
vn -0.8243 0.1806 0.5365
vn -0.8244 0.1807 0.5364
vn -0.7994 0.1914 0.5695
vn -0.7994 0.1913 0.5695
vn -0.7994 0.1915 0.5695
vn -0.7730 0.2025 0.6012
vn -0.7186 -0.1398 0.6812
vn -0.7185 -0.1398 0.6813
vn -0.5982 -0.4217 0.6814
vn 0.3453 -0.0194 0.9383
vn 0.3452 -0.0194 0.9383
vn 0.3028 -0.0371 0.9523
vn 0.2250 0.2625 0.9383
vn 0.1825 0.2443 0.9524
vn 0.4439 -0.3431 0.8278
vn 0.4060 -0.3590 0.8404
vn 0.4061 -0.3590 0.8404
vn 0.3679 -0.3754 0.8507
vn 0.3685 -0.3754 0.8505
vn 0.3678 -0.3752 0.8508
vn 0.2593 -0.0559 0.9642
vn -0.0161 0.5253 0.8508
vn -0.0160 0.5252 0.8508
vn -0.0161 0.5252 0.8508
vn -0.0162 0.5253 0.8508
vn 0.0221 0.5415 0.8404
vn 0.0592 0.5573 0.8282
vn 0.0966 0.5734 0.8136
vn 0.2670 0.2803 0.9220
vn 0.2672 0.2804 0.9219
vn 0.3873 -0.0015 0.9220
vn 0.3879 -0.0016 0.9217
vn 0.9232 0.2270 0.3100
vn 0.9361 0.2326 0.2639
vn 0.8030 0.5090 0.3099
vn 0.8031 0.5090 0.3099
vn 0.8159 0.5145 0.2637
vn 0.9404 -0.1311 0.3138
vn 0.9536 -0.1255 0.2736
vn 0.9536 -0.1255 0.2735
vn 0.9746 -0.1166 0.1913
vn 0.5906 0.7839 0.1912
vn 0.5811 0.7799 0.2326
vn 0.5563 0.7694 0.3138
vn 0.7883 0.5021 0.3556
vn -0.4991 -0.3795 0.7790
vn -0.4991 -0.3794 0.7791
vn -0.6194 -0.0975 0.7790
vn -0.2698 -0.6472 0.7130
vn -0.2698 -0.6473 0.7129
vn -0.2699 -0.6473 0.7129
vn -0.3610 -0.6861 0.6316
vn -0.3611 -0.6861 0.6315
vn -0.5666 -0.4081 0.7158
vn -0.7450 0.2145 0.6317
vn -0.7451 0.2145 0.6316
vn -0.7159 0.2268 0.6603
vn -0.6539 0.2533 0.7129
vn -0.4633 -0.3642 0.8079
vn -0.4633 -0.3641 0.8079
vn 0.5081 0.0501 0.8599
vn 0.5081 0.0502 0.8599
vn 0.4689 0.0333 0.8826
vn 0.3879 0.3320 0.8598
vn 0.6210 -0.2673 0.7369
vn 0.5873 -0.2817 0.7588
vn 0.5527 -0.2965 0.7788
vn 0.5171 -0.3117 0.7971
vn 0.2033 0.6190 0.7587
vn 0.2371 0.6332 0.7368
vn 0.2371 0.6332 0.7367
vn 0.9622 0.2439 0.1211
vn 0.9623 0.2438 0.1209
vn 0.9667 0.2456 0.0727
vn 0.8421 0.5256 0.1207
vn 0.9823 -0.1133 0.1491
vn 0.9823 -0.1132 0.1492
vn 0.9920 -0.1088 0.0638
vn 0.9919 -0.1093 0.0640
vn 0.9920 -0.1092 0.0640
vn 0.9919 -0.1092 0.0642
vn 0.9939 -0.1084 0.0215
vn 0.9939 -0.1083 0.0214
vn 0.9939 -0.1083 0.0213
vn 0.9689 0.2464 0.0243
vn 0.6079 0.7914 0.0642
vn 0.6041 0.7898 0.1066
vn 0.6041 0.7897 0.1065
vn 0.6041 0.7898 0.1065
vn 0.5983 0.7873 0.1491
vn 0.5983 0.7872 0.1492
vn 0.8356 0.5228 0.1689
vn 0.8355 0.5228 0.1689
vn -0.3486 -0.3151 0.8827
vn -0.3484 -0.3150 0.8829
vn -0.3486 -0.3152 0.8827
vn -0.4689 -0.0333 0.8826
vn -0.5080 -0.0501 0.8599
vn -0.5081 -0.0501 0.8599
vn -0.1331 -0.5889 0.7972
vn -0.2371 -0.6332 0.7367
vn -0.6212 0.2673 0.7367
vn -0.5172 0.3116 0.7971
vn 0.6538 0.1122 0.7483
vn 0.4989 0.3797 0.7791
vn 0.7450 -0.2145 0.6316
vn 0.7450 -0.2145 0.6317
vn 0.7160 -0.2269 0.6602
vn 0.6539 -0.2533 0.7129
vn 0.5835 0.0822 0.8080
vn 0.4633 0.3640 0.8079
vn 0.3017 0.6606 0.6874
vn 0.3016 0.6608 0.6874
vn 0.3611 0.6861 0.6315
vn 0.9667 0.2455 -0.0727
vn 0.9666 0.2457 -0.0727
vn 0.9623 0.2437 -0.1207
vn 0.9623 0.2436 -0.1208
vn 0.8464 0.5276 -0.0727
vn 0.8422 0.5255 -0.1208
vn 0.8421 0.5256 -0.1208
vn 0.8421 0.5255 -0.1209
vn 0.9939 -0.1085 -0.0214
vn 0.9939 -0.1082 -0.0212
vn 0.9939 -0.1082 -0.0213
vn 0.9939 -0.1086 -0.0214
vn 0.9920 -0.1091 -0.0641
vn 0.9920 -0.1092 -0.0640
vn 0.9919 -0.1093 -0.0640
vn 0.9823 -0.1135 -0.1490
vn 0.9823 -0.1134 -0.1491
vn 0.8355 0.5228 -0.1689
vn 0.5983 0.7873 -0.1491
vn 0.5983 0.7872 -0.1495
vn 0.6041 0.7898 -0.1065
vn 0.6041 0.7897 -0.1065
vn 0.6041 0.7897 -0.1066
vn 0.6079 0.7914 -0.0641
vn 0.6079 0.7914 -0.0642
vn 0.6081 0.7913 -0.0642
vn 0.6099 0.7922 -0.0212
vn 0.6100 0.7921 -0.0214
vn 0.8487 0.5283 -0.0243
vn -0.1824 -0.2442 0.9524
vn -0.3026 0.0377 0.9524
vn -0.3026 0.0374 0.9524
vn -0.3453 0.0194 0.9383
vn -0.3456 0.0194 0.9382
vn -0.3452 0.0194 0.9383
vn 0.0162 -0.5253 0.8508
vn -0.0221 -0.5415 0.8404
vn -0.0967 -0.5734 0.8136
vn -0.3873 0.0015 0.9220
vn -0.4061 0.3591 0.8403
vn -0.3677 0.3755 0.8508
vn -0.2593 0.0559 0.9642
vn 0.7485 0.1525 0.6454
vn 0.7486 0.1523 0.6453
vn 0.6566 0.4465 0.6078
vn 0.8478 -0.1706 0.5021
vn 0.7994 -0.1915 0.5695
vn 0.7994 -0.1914 0.5695
vn 0.7729 -0.2026 0.6013
vn 0.7728 -0.2027 0.6014
vn 0.7729 -0.2027 0.6013
vn 0.7185 0.1398 0.6813
vn 0.3890 0.6981 0.6012
vn 0.4405 0.7199 0.5364
vn 0.4402 0.7200 0.5365
vn 0.4638 0.7300 0.5021
vn 0.4638 0.7300 0.5020
vn 0.3934 -0.9194 -0.0000
vn 0.3933 -0.9194 0.0001
vn 0.3932 -0.9195 0.0004
vn 0.3933 -0.9194 -0.0000
vn 0.3934 -0.9194 0.0001
vn 0.3934 -0.9194 -0.0001
vn 0.3931 -0.9195 0.0002
vn 0.3930 -0.9195 -0.0000
vn 0.3931 -0.9195 -0.0002
vn 0.3931 -0.9195 -0.0003
vn 0.3932 -0.9195 -0.0004
vn 0.3932 -0.9194 0.0002
vn 0.3929 -0.9196 -0.0000
vn 0.3932 -0.9195 -0.0001
vn 0.3710 0.9260 -0.0698
vn 0.3712 0.9259 -0.0695
vn 0.3711 0.9260 -0.0696
vn 0.3708 0.9261 -0.0699
vn 0.4335 0.1854 -0.8819
vn 0.4334 0.1857 -0.8819
vn 0.4335 0.1852 -0.8819
vn 0.4337 0.1855 -0.8818
vn 0.0901 0.0385 0.9952
vn 0.0901 0.0386 0.9952
vn -0.7107 -0.3039 0.6344
vn 0.2667 0.1142 -0.9570
vn 0.2668 0.1142 -0.9570
vn 0.2666 0.1142 -0.9570
vn 0.2667 0.1142 0.9570
vn 0.2671 0.1143 0.9569
vn 0.2670 0.1142 0.9569
vn 0.2668 0.1143 0.9570
vn -0.5835 -0.2497 0.7728
vn -0.5834 -0.2496 0.7729
vn -0.5833 -0.2496 0.7729
vn -0.5833 -0.2495 0.7730
vn 0.0901 0.0385 -0.9952
vn 0.4335 0.1854 0.8819
vn 0.4336 0.1854 0.8818
vn 0.4333 0.1854 0.8820
vn -0.4334 -0.1854 0.8819
vn -0.4331 -0.1854 0.8821
vn -0.4336 -0.1854 0.8818
vn -0.4335 -0.1854 0.8819
vn -0.0901 -0.0385 -0.9952
vn 0.5832 0.2495 0.7731
vn 0.5833 0.2495 0.7730
vn 0.5832 0.2495 0.7730
vn -0.2669 -0.1142 0.9569
vn -0.2669 -0.1141 0.9570
vn -0.2670 -0.1143 0.9569
vn -0.2669 -0.1142 -0.9569
vn -0.2668 -0.1142 -0.9570
vn -0.2670 -0.1142 -0.9569
vn 0.7103 0.3040 0.6349
vn 0.7105 0.3044 0.6344
vn 0.7104 0.3042 0.6347
vn 0.7105 0.3040 0.6347
vn -0.0901 -0.0385 0.9952
vn -0.4335 -0.1854 -0.8819
vn -0.4334 -0.1853 -0.8819
vn -0.4335 -0.1855 -0.8819
vn -0.4336 -0.1856 -0.8818
vn 0.8106 0.3471 0.4716
vn 0.8109 0.3469 0.4713
vn 0.8108 0.3470 0.4713
vn 0.8111 0.3468 0.4710
vn -0.5834 -0.2495 -0.7729
vn -0.5832 -0.2494 -0.7731
vn -0.5833 -0.2495 -0.7730
vn 0.8799 0.3763 0.2902
vn -0.7107 -0.3041 -0.6344
vn -0.7109 -0.3041 -0.6342
vn -0.7106 -0.3041 -0.6344
vn 0.9150 0.3915 0.0978
vn 0.9150 0.3914 0.0980
vn 0.9148 0.3917 0.0982
vn 0.9147 0.3919 0.0986
vn -0.8107 -0.3468 -0.4716
vn -0.8106 -0.3466 -0.4719
vn -0.8108 -0.3469 -0.4715
vn 0.9151 0.3912 -0.0980
vn 0.9149 0.3915 -0.0981
vn 0.9148 0.3917 -0.0982
vn 0.9151 0.3913 -0.0974
vn -0.8798 -0.3764 -0.2903
vn -0.8797 -0.3768 -0.2902
vn 0.8799 0.3763 -0.2902
vn -0.9149 -0.3916 -0.0980
vn -0.9150 -0.3914 -0.0980
vn -0.9150 -0.3915 -0.0980
vn -0.9148 -0.3918 -0.0983
vn 0.8108 0.3470 -0.4713
vn 0.8107 0.3470 -0.4716
vn 0.8106 0.3471 -0.4716
vn 0.8111 0.3468 -0.4710
vn -0.9149 -0.3916 0.0980
vn -0.9150 -0.3914 0.0980
vn -0.9150 -0.3914 0.0979
vn -0.9150 -0.3914 0.0978
vn 0.7107 0.3043 -0.6342
vn 0.7110 0.3041 -0.6340
vn 0.7110 0.3042 -0.6340
vn 0.7105 0.3044 -0.6345
vn -0.8798 -0.3765 0.2901
vn -0.8798 -0.3766 0.2899
vn -0.8798 -0.3766 0.2902
vn -0.8798 -0.3764 0.2903
vn 0.5832 0.2494 -0.7731
vn -0.8108 -0.3469 0.4715
vn -0.8107 -0.3468 0.4716
vn -0.8108 -0.3469 0.4714
vn 0.7199 -0.5999 -0.3491
vn 0.7199 -0.5997 -0.3494
vn 0.7198 -0.6002 -0.3487
vn 0.7196 -0.6004 -0.3490
vn -0.9011 0.3816 -0.2061
vn -0.9011 0.3815 -0.2061
vn -0.9011 0.3817 -0.2060
vn -0.9010 0.3817 -0.2059
vn 0.3464 0.9153 -0.2054
vn 0.3462 0.9153 -0.2059
vn 0.3464 0.9153 -0.2053
vn 0.3464 0.9154 -0.2051
vn -0.9261 0.3709 -0.0693
vn -0.9261 0.3709 -0.0698
vn 0.2974 0.8943 -0.3343
vn 0.2974 0.8944 -0.3342
vn 0.2975 0.8941 -0.3347
vn -0.9261 0.3709 0.0695
vn -0.9261 0.3709 0.0694
vn -0.9261 0.3709 0.0698
vn 0.2261 0.8641 -0.4497
vn 0.2260 0.8641 -0.4497
vn 0.2266 0.8640 -0.4497
vn -0.9009 0.3820 0.2060
vn -0.9009 0.3821 0.2060
vn -0.9011 0.3816 0.2058
vn -0.9010 0.3819 0.2059
vn 0.1358 0.8254 -0.5479
vn 0.1356 0.8255 -0.5479
vn 0.1359 0.8254 -0.5480
vn 0.1361 0.8253 -0.5480
vn -0.8522 0.4026 0.3341
vn -0.8525 0.4022 0.3340
vn -0.8521 0.4028 0.3342
vn -0.8521 0.4027 0.3342
vn 0.0299 0.7800 -0.6251
vn 0.0296 0.7799 -0.6252
vn 0.0299 0.7799 -0.6251
vn 0.0297 0.7800 -0.6250
vn -0.2135 0.6758 0.7055
vn -0.2135 0.6757 0.7055
vn -0.7813 0.4328 0.4497
vn -0.7812 0.4329 0.4497
vn -0.7813 0.4329 0.4497
vn -0.7813 0.4327 0.4498
vn -0.0882 0.7292 -0.6786
vn -0.0881 0.7294 0.6784
vn -0.0882 0.7294 0.6784
vn -0.6908 0.4717 0.5479
vn -0.6909 0.4715 0.5480
vn -0.6911 0.4714 0.5479
vn -0.6910 0.4715 0.5480
vn -0.2137 0.6759 -0.7053
vn -0.2139 0.6759 -0.7052
vn -0.2136 0.6758 -0.7055
vn -0.2135 0.6758 -0.7055
vn 0.0297 0.7797 0.6255
vn 0.0300 0.7797 0.6254
vn 0.0299 0.7799 0.6252
vn 0.0298 0.7799 0.6252
vn -0.5846 0.5169 0.6254
vn -0.5845 0.5167 0.6256
vn -0.5846 0.5168 0.6254
vn -0.5847 0.5170 0.6252
vn -0.3415 0.6213 -0.7053
vn -0.3415 0.6212 -0.7053
vn -0.3413 0.6211 -0.7055
vn -0.3417 0.6213 -0.7051
vn 0.1361 0.8254 0.5479
vn 0.1361 0.8255 0.5478
vn 0.1360 0.8256 0.5476
vn -0.4666 0.5674 0.6784
vn -0.4665 0.5677 0.6783
vn -0.4666 0.5675 0.6784
vn -0.4666 0.5676 0.6784
vn -0.4664 0.5676 -0.6785
vn -0.4667 0.5675 -0.6784
vn -0.4666 0.5677 -0.6782
vn -0.4665 0.5674 -0.6785
vn 0.2262 0.8641 0.4497
vn 0.2263 0.8640 0.4497
vn 0.2264 0.8640 0.4497
vn 0.2257 0.8643 0.4494
vn -0.3413 0.6212 0.7055
vn -0.3413 0.6211 0.7055
vn -0.3413 0.6210 0.7056
vn -0.3413 0.6210 0.7055
vn -0.5846 0.5169 -0.6254
vn -0.5847 0.5171 -0.6251
vn -0.5845 0.5172 -0.6252
vn -0.5842 0.5168 -0.6257
vn 0.2970 0.8944 0.3345
vn 0.2969 0.8944 0.3344
vn 0.2974 0.8944 0.3342
vn -0.6909 0.4715 -0.5480
vn -0.6909 0.4716 -0.5480
vn 0.3463 0.9153 0.2058
vn 0.3463 0.9153 0.2055
vn 0.3463 0.9152 0.2060
vn -0.7813 0.4328 -0.4497
vn -0.7813 0.4329 -0.4497
vn -0.7812 0.4329 -0.4497
vn 0.3712 0.9260 0.0695
vn 0.3708 0.9261 0.0698
vn 0.3709 0.9260 0.0699
vn -0.8524 0.4022 -0.3343
vn -0.8521 0.4025 -0.3345
vn -0.8524 0.4020 -0.3345
vn -0.8523 0.4021 -0.3345
vn 0.2671 0.1142 -0.9569
vn 0.2669 0.1141 -0.9569
vn 0.2665 0.1139 -0.9571
vn 0.2668 0.1141 -0.9570
vn -0.1558 -0.9748 0.1598
vn -0.1561 -0.9747 0.1597
vn -0.1559 -0.9748 0.1597
vn -0.1557 -0.9748 0.1599
vn 0.6493 -0.6304 -0.4254
vn 0.6494 -0.6303 -0.4254
vn -0.1177 -0.9586 0.2594
vn -0.1177 -0.9586 0.2593
vn -0.1178 -0.9585 0.2595
vn 0.5669 -0.6657 -0.4853
vn 0.5669 -0.6657 -0.4852
vn 0.3780 -0.7465 0.5476
vn 0.3777 -0.7468 0.5474
vn 0.3779 -0.7465 0.5476
vn -0.0624 -0.9350 0.3491
vn -0.0623 -0.9350 0.3492
vn -0.0626 -0.9349 0.3492
vn 0.4753 -0.7049 -0.5266
vn 0.4753 -0.7049 -0.5265
vn 0.4753 -0.7049 0.5265
vn 0.4753 -0.7048 0.5266
vn 0.0074 -0.9050 0.4254
vn 0.0075 -0.9050 0.4254
vn 0.0073 -0.9050 0.4254
vn 0.0072 -0.9051 0.4251
vn 0.3780 -0.7464 -0.5477
vn 0.3779 -0.7466 -0.5476
vn 0.3780 -0.7465 -0.5476
vn 0.5671 -0.6656 0.4853
vn 0.5671 -0.6655 0.4853
vn 0.5669 -0.6657 0.4853
vn 0.0900 -0.8697 0.4853
vn 0.0899 -0.8697 0.4853
vn 0.2792 -0.7885 -0.5479
vn 0.2789 -0.7889 -0.5476
vn 0.2792 -0.7889 -0.5475
vn 0.2790 -0.7889 -0.5475
vn 0.6494 -0.6304 0.4254
vn 0.6494 -0.6303 0.4254
vn 0.1816 -0.8305 0.5266
vn 0.1815 -0.8305 0.5266
vn 0.1816 -0.8305 -0.5267
vn 0.1816 -0.8305 -0.5266
vn 0.1816 -0.8305 -0.5265
vn 0.7194 -0.6006 0.3490
vn 0.7195 -0.6005 0.3488
vn 0.7195 -0.6004 0.3490
vn 0.7194 -0.6005 0.3491
vn 0.2789 -0.7889 0.5476
vn 0.0899 -0.8697 -0.4853
vn 0.0898 -0.8697 -0.4854
vn 0.7746 -0.5769 0.2594
vn 0.7745 -0.5769 0.2594
vn 0.7746 -0.5768 0.2595
vn 0.0070 -0.9050 -0.4253
vn 0.0073 -0.9050 -0.4253
vn 0.0071 -0.9049 -0.4256
vn 0.0069 -0.9048 -0.4257
vn 0.8124 -0.5608 0.1597
vn 0.8127 -0.5605 0.1596
vn 0.8125 -0.5606 0.1597
vn 0.8125 -0.5607 0.1597
vn -0.0626 -0.9349 -0.3492
vn -0.0626 -0.9350 -0.3491
vn -0.0625 -0.9351 -0.3490
vn -0.0623 -0.9348 -0.3496
vn 0.8319 -0.5523 0.0539
vn 0.8318 -0.5525 0.0539
vn 0.8319 -0.5523 0.0540
vn 0.8320 -0.5522 0.0539
vn -0.1177 -0.9586 -0.2594
vn 0.8320 -0.5522 -0.0539
vn 0.8320 -0.5521 -0.0541
vn 0.8319 -0.5522 -0.0540
vn 0.8319 -0.5523 -0.0539
vn -0.1556 -0.9748 -0.1596
vn -0.1556 -0.9748 -0.1598
vn -0.1556 -0.9748 -0.1597
vn 0.8125 -0.5605 -0.1600
vn 0.8126 -0.5605 -0.1597
vn 0.8123 -0.5609 -0.1600
vn 0.8125 -0.5605 -0.1603
vn -0.1749 -0.9831 -0.0541
vn -0.1751 -0.9831 -0.0540
vn -0.1745 -0.9832 -0.0542
vn -0.1745 -0.9832 -0.0541
vn 0.7746 -0.5769 -0.2593
vn 0.7744 -0.5771 -0.2594
vn 0.7746 -0.5768 -0.2594
vn -0.1749 -0.9831 0.0540
vn -0.1749 -0.9831 0.0539
vn -0.1750 -0.9831 0.0540
vn -0.1751 -0.9830 0.0545
vn -0.4672 0.5719 -0.6743
vn -0.4672 0.5723 -0.6739
vn -0.4672 0.5718 -0.6743
vn 0.2668 0.1141 0.9570
vn 0.2669 0.1141 0.9569
vn -0.5832 -0.2495 0.7731
vn 0.0898 0.0386 -0.9952
vn 0.0903 0.0387 -0.9952
vn 0.0903 0.0386 -0.9952
vn 0.4333 0.1853 0.8820
vn 0.4334 0.1854 0.8819
vn -0.4338 -0.1855 0.8817
vn -0.0904 -0.0387 -0.9952
vn -0.0898 -0.0386 -0.9952
vn -0.0903 -0.0387 -0.9952
vn 0.5834 0.2495 0.7729
vn -0.2670 -0.1142 0.9569
vn -0.2671 -0.1142 0.9569
vn -0.2669 -0.1141 0.9569
vn -0.2664 -0.1141 -0.9571
vn 0.7107 0.3044 0.6342
vn 0.7107 0.3039 0.6345
vn -0.0904 -0.0387 0.9952
vn -0.0901 -0.0386 0.9952
vn -0.0903 -0.0387 0.9952
vn -0.4334 -0.1854 -0.8820
vn -0.4334 -0.1854 -0.8819
vn -0.4333 -0.1854 -0.8820
vn 0.8108 0.3471 0.4714
vn 0.8107 0.3467 0.4717
vn 0.8107 0.3468 0.4717
vn 0.8108 0.3473 0.4711
vn -0.5832 -0.2495 -0.7731
vn 0.8800 0.3763 0.2897
vn 0.8798 0.3764 0.2903
vn -0.7108 -0.3041 -0.6342
vn 0.9150 0.3913 0.0982
vn 0.9150 0.3912 0.0986
vn -0.8106 -0.3471 -0.4717
vn -0.8108 -0.3469 -0.4714
vn -0.8109 -0.3469 -0.4713
vn -0.8109 -0.3469 -0.4712
vn 0.9150 0.3913 -0.0981
vn 0.9150 0.3913 -0.0980
vn 0.9150 0.3914 -0.0980
vn 0.9150 0.3915 -0.0977
vn -0.8798 -0.3766 -0.2901
vn -0.8798 -0.3763 -0.2905
vn -0.8797 -0.3761 -0.2908
vn 0.8799 0.3763 -0.2900
vn 0.8800 0.3763 -0.2897
vn -0.9149 -0.3916 -0.0976
vn -0.9150 -0.3914 -0.0981
vn -0.9150 -0.3912 -0.0984
vn 0.8108 0.3471 -0.4714
vn 0.8108 0.3473 -0.4711
vn 0.8107 0.3468 -0.4717
vn 0.8107 0.3467 -0.4718
vn -0.9150 -0.3914 0.0983
vn -0.9151 -0.3913 0.0974
vn -0.9149 -0.3916 0.0982
vn 0.7107 0.3044 -0.6342
vn -0.8799 -0.3764 0.2901
vn -0.8800 -0.3763 0.2897
vn -0.8797 -0.3765 0.2905
vn -0.8795 -0.3767 0.2908
vn 0.5828 0.2494 -0.7734
vn 0.5832 0.2495 -0.7730
vn 0.5831 0.2495 -0.7731
vn 0.5830 0.2494 -0.7733
vn -0.8107 -0.3469 0.4717
vn -0.8107 -0.3469 0.4716
vn 0.4334 0.1854 -0.8820
vn 0.4338 0.1855 -0.8817
vn 0.4334 0.1854 -0.8819
vn 0.0903 0.0386 0.9952
vn 0.0903 0.0387 0.9952
vn -0.7108 -0.3041 0.6342
vn -0.2939 -0.8226 -0.4868
vn -0.2938 -0.8226 -0.4868
vn -0.2940 -0.8225 -0.4868
vn 0.2220 0.8666 0.4470
vn 0.2216 0.8666 0.4472
vn 0.2219 0.8666 0.4470
vn 0.2219 0.8665 0.4472
vn -0.3426 0.6252 0.7013
vn -0.3426 0.6252 0.7012
vn -0.3424 0.6252 0.7013
vn -0.5845 0.5217 -0.6215
vn -0.5844 0.5217 -0.6216
vn 0.2922 0.8969 0.3320
vn 0.2923 0.8969 0.3320
vn -0.6900 0.4767 -0.5447
vn -0.6899 0.4766 -0.5448
vn -0.6900 0.4764 -0.5449
vn -0.6901 0.4765 -0.5447
vn 0.3411 0.9175 0.2047
vn 0.3412 0.9174 0.2046
vn 0.3410 0.9176 0.2043
vn 0.3409 0.9176 0.2046
vn -0.7799 0.4378 -0.4473
vn -0.7799 0.4379 -0.4472
vn -0.7800 0.4378 -0.4472
vn -0.7800 0.4380 -0.4469
vn 0.3654 0.9283 0.0690
vn 0.3655 0.9283 0.0689
vn 0.3655 0.9282 0.0691
vn 0.3659 0.9281 0.0695
vn -0.8504 0.4079 -0.3323
vn -0.8505 0.4079 -0.3322
vn -0.8503 0.4079 -0.3325
vn 0.3655 0.9282 -0.0689
vn 0.3658 0.9281 -0.0690
vn 0.3657 0.9282 -0.0691
vn 0.3656 0.9282 -0.0692
vn -0.8991 0.3870 -0.2046
vn -0.8991 0.3871 -0.2046
vn 0.3410 0.9175 -0.2047
vn 0.3412 0.9174 -0.2049
vn 0.3409 0.9176 -0.2045
vn -0.9239 0.3765 -0.0691
vn -0.9237 0.3767 -0.0694
vn -0.9238 0.3766 -0.0692
vn -0.9239 0.3763 -0.0691
vn 0.2924 0.8967 -0.3323
vn 0.2922 0.8968 -0.3321
vn 0.2921 0.8969 -0.3321
vn -0.9238 0.3765 0.0691
vn -0.9238 0.3766 0.0693
vn -0.9237 0.3767 0.0692
vn -0.9238 0.3767 0.0691
vn 0.2217 0.8666 -0.4470
vn 0.2217 0.8669 -0.4465
vn 0.2216 0.8667 -0.4469
vn -0.8990 0.3872 0.2045
vn -0.8991 0.3871 0.2046
vn -0.8990 0.3873 0.2045
vn 0.1319 0.8282 -0.5447
vn 0.1318 0.8282 -0.5447
vn -0.8505 0.4078 0.3323
vn -0.8505 0.4078 0.3322
vn -0.8505 0.4079 0.3322
vn -0.8504 0.4079 0.3322
vn 0.0262 0.7830 -0.6215
vn 0.0264 0.7830 -0.6215
vn 0.0265 0.7830 -0.6215
vn -0.2156 0.6794 0.7014
vn -0.2156 0.6795 0.7013
vn -0.2153 0.6792 0.7017
vn -0.7799 0.4381 0.4470
vn -0.7799 0.4380 0.4471
vn -0.0915 0.7327 -0.6744
vn -0.0911 0.7328 -0.6743
vn -0.0910 0.7328 -0.6743
vn -0.0914 0.7326 -0.6745
vn -0.0908 0.7326 0.6746
vn -0.0913 0.7327 0.6744
vn -0.0909 0.7327 0.6745
vn -0.0910 0.7328 0.6744
vn -0.6901 0.4765 0.5447
vn -0.6903 0.4763 0.5447
vn -0.6901 0.4766 0.5446
vn -0.2152 0.6795 -0.7014
vn -0.2156 0.6795 -0.7013
vn -0.2152 0.6796 -0.7014
vn -0.2153 0.6792 -0.7017
vn 0.0264 0.7830 0.6215
vn 0.0263 0.7830 0.6215
vn 0.0264 0.7829 0.6216
vn -0.5844 0.5217 0.6216
vn -0.5844 0.5218 0.6214
vn -0.5845 0.5217 0.6215
vn -0.3423 0.6252 -0.7014
vn -0.3426 0.6253 -0.7012
vn -0.3422 0.6252 -0.7015
vn -0.3425 0.6252 -0.7013
vn 0.1319 0.8282 0.5447
vn -0.4671 0.5720 0.6742
vn -0.4670 0.5719 0.6744
vn -0.4675 0.5717 0.6742
vn -0.4669 0.5714 0.6750
vn -0.9149 -0.3915 -0.0983
vn -0.9148 -0.3918 -0.0979
vn -0.9148 -0.3920 -0.0975
vn 0.9546 -0.2881 0.0753
vn 0.9546 -0.2881 0.0752
vn 0.9546 -0.2881 0.0754
vn -0.3709 -0.8552 -0.3621
vn -0.3710 -0.8551 -0.3621
vn -0.3709 -0.8551 -0.3621
vn 0.9547 -0.2880 -0.0752
vn 0.9547 -0.2880 -0.0754
vn 0.9546 -0.2881 -0.0753
vn -0.4236 -0.8780 -0.2231
vn -0.4238 -0.8779 -0.2229
vn -0.4236 -0.8780 -0.2230
vn -0.4237 -0.8779 -0.2230
vn 0.9276 -0.3000 -0.2226
vn 0.9276 -0.2997 -0.2229
vn 0.9276 -0.3000 -0.2225
vn 0.9276 -0.2999 -0.2227
vn -0.4511 -0.8893 -0.0757
vn -0.4511 -0.8893 -0.0753
vn -0.4510 -0.8893 -0.0757
vn -0.4508 -0.8894 -0.0756
vn 0.8748 -0.3221 -0.3618
vn 0.8747 -0.3223 -0.3620
vn 0.8748 -0.3221 -0.3619
vn 0.8749 -0.3220 -0.3618
vn -0.4510 -0.8893 0.0758
vn -0.4506 -0.8895 0.0753
vn -0.4509 -0.8894 0.0755
vn -0.4509 -0.8894 0.0754
vn 0.7976 -0.3553 -0.4874
vn 0.7977 -0.3553 -0.4874
vn 0.7976 -0.3551 -0.4876
vn 0.7976 -0.3552 -0.4875
vn -0.4238 -0.8779 0.2229
vn -0.4237 -0.8779 0.2229
vn -0.4238 -0.8779 0.2230
vn 0.6998 -0.3971 -0.5938
vn 0.6999 -0.3971 -0.5936
vn 0.6998 -0.3970 -0.5939
vn 0.6997 -0.3969 -0.5941
vn -0.3710 -0.8551 0.3620
vn -0.3711 -0.8551 0.3621
vn -0.3710 -0.8552 0.3620
vn -0.3710 -0.8552 0.3619
vn 0.5848 -0.4463 -0.6773
vn 0.5848 -0.4464 -0.6773
vn 0.5851 -0.4462 -0.6772
vn 0.3210 -0.5593 0.7643
vn 0.3211 -0.5592 0.7643
vn 0.3211 -0.5593 0.7643
vn 0.3212 -0.5594 0.7642
vn -0.2940 -0.8221 0.4876
vn -0.2939 -0.8223 0.4874
vn -0.2940 -0.8223 0.4873
vn -0.2941 -0.8220 0.4876
vn 0.4570 -0.5010 -0.7350
vn 0.4572 -0.5011 -0.7348
vn 0.4568 -0.5009 -0.7352
vn 0.4569 -0.5011 0.7350
vn 0.4571 -0.5007 0.7351
vn 0.4568 -0.5012 0.7349
vn -0.1962 -0.7803 0.5938
vn -0.1961 -0.7804 0.5937
vn -0.1960 -0.7804 0.5937
vn 0.3212 -0.5594 -0.7642
vn 0.5847 -0.4464 0.6774
vn 0.5849 -0.4464 0.6773
vn 0.5849 -0.4464 0.6772
vn -0.0806 -0.7311 0.6775
vn -0.0806 -0.7316 0.6770
vn -0.0806 -0.7310 0.6776
vn -0.0810 -0.7312 0.6773
vn 0.1826 -0.6185 -0.7643
vn 0.1827 -0.6184 -0.7643
vn 0.1827 -0.6185 -0.7643
vn 0.7000 -0.3972 0.5936
vn 0.6999 -0.3972 0.5936
vn 0.7001 -0.3973 0.5933
vn 0.7003 -0.3971 0.5933
vn 0.0469 -0.6763 0.7351
vn 0.0469 -0.6761 0.7353
vn 0.0468 -0.6764 0.7350
vn 0.0467 -0.6769 0.7346
vn 0.0470 -0.6765 -0.7350
vn 0.0468 -0.6765 -0.7350
vn 0.7976 -0.3553 0.4874
vn 0.7976 -0.3555 0.4874
vn 0.7978 -0.3551 0.4873
vn 0.1826 -0.6182 0.7645
vn 0.1828 -0.6185 0.7643
vn 0.1827 -0.6184 0.7643
vn 0.1826 -0.6184 0.7643
vn -0.0806 -0.7315 -0.6770
vn -0.0810 -0.7313 -0.6773
vn -0.0811 -0.7312 -0.6774
vn -0.0810 -0.7312 -0.6773
vn 0.8745 -0.3224 0.3624
vn 0.8746 -0.3223 0.3621
vn 0.8746 -0.3223 0.3623
vn 0.8747 -0.3221 0.3621
vn -0.1960 -0.7805 -0.5937
vn -0.1961 -0.7805 -0.5936
vn -0.1960 -0.7806 -0.5935
vn 0.9277 -0.2999 0.2225
vn 0.9277 -0.2997 0.2226
vn 0.9276 -0.2998 0.2227
vn 0.9276 -0.3000 0.2226
vn -0.8745 0.3110 0.3723
vn 0.8106 0.3470 -0.4716
vn 0.8107 0.3470 -0.4715
vn 0.8108 0.3469 -0.4715
vn -0.9148 -0.3918 0.0980
vn -0.9149 -0.3915 0.0984
vn -0.9149 -0.3916 0.0979
vn 0.7106 0.3040 -0.6345
vn -0.8798 -0.3763 0.2904
vn 0.5834 0.2495 -0.7729
vn 0.5833 0.2495 -0.7730
vn -0.8109 -0.3469 0.4713
vn -0.8107 -0.3470 0.4716
vn 0.4332 0.1853 -0.8821
vn 0.0902 0.0386 0.9952
vn 0.0907 0.0388 0.9951
vn -0.7109 -0.3041 0.6341
vn 0.2669 0.1142 -0.9569
vn 0.2669 0.1141 -0.9570
vn 0.2668 0.1140 -0.9570
vn 0.2668 0.1140 0.9570
vn 0.2669 0.1141 0.9570
vn 0.2669 0.1142 0.9569
vn -0.5830 -0.2494 0.7732
vn 0.0904 0.0387 -0.9952
vn 0.0907 0.0388 -0.9951
vn 0.4335 0.1855 0.8818
vn 0.4332 0.1853 0.8821
vn -0.4332 -0.1853 0.8821
vn -0.4335 -0.1855 0.8818
vn -0.0906 -0.0387 -0.9951
vn -0.0902 -0.0386 -0.9952
vn -0.0899 -0.0386 -0.9952
vn 0.5830 0.2494 0.7732
vn -0.2668 -0.1141 0.9570
vn -0.2673 -0.1145 0.9568
vn -0.2668 -0.1141 -0.9570
vn -0.2673 -0.1145 -0.9568
vn 0.7108 0.3041 0.6343
vn 0.7106 0.3041 0.6345
vn 0.7107 0.3041 0.6344
vn -0.0899 -0.0386 0.9952
vn -0.0902 -0.0386 0.9952
vn -0.0906 -0.0387 0.9951
vn -0.4332 -0.1853 -0.8821
vn -0.4336 -0.1855 -0.8818
vn 0.8106 0.3472 0.4715
vn 0.8107 0.3469 0.4716
vn 0.8107 0.3474 0.4713
vn -0.5834 -0.2496 -0.7729
vn 0.8798 0.3763 0.2904
vn 0.8798 0.3765 0.2901
vn 0.8798 0.3766 0.2901
vn -0.7106 -0.3040 -0.6345
vn 0.9150 0.3914 0.0979
vn 0.9150 0.3914 0.0983
vn 0.9150 0.3914 0.0981
vn -0.8107 -0.3469 -0.4715
vn 0.9150 0.3914 -0.0982
vn 0.9149 0.3914 -0.0987
vn -0.8798 -0.3763 -0.2904
vn 0.8799 0.3766 -0.2897
vn 0.8796 0.3769 -0.2904
vn 0.8797 0.3763 -0.2906
vn 0.8798 0.3764 -0.2902
vn -0.2979 -0.9369 -0.1829
vn -0.2983 -0.9367 -0.1835
vn -0.2982 -0.9369 -0.1827
vn -0.0225 0.8395 -0.5429
vn -0.2115 0.7087 0.6731
vn -0.7921 0.3575 0.4948
vn -0.7921 0.3575 0.4947
vn -0.1085 0.7781 -0.6187
vn -0.1083 0.7782 0.6186
vn -0.1085 0.7781 0.6187
vn -0.1082 0.7785 0.6183
vn -0.6898 0.4161 0.5925
vn -0.2115 0.7087 -0.6731
vn -0.2115 0.7090 -0.6728
vn -0.0224 0.8395 0.5429
vn -0.0225 0.8395 0.5429
vn -0.0226 0.8395 0.5429
vn -0.5737 0.4839 0.6608
vn -0.5737 0.4840 0.6608
vn -0.3275 0.6340 -0.7005
vn -0.3274 0.6340 -0.7006
vn 0.0443 0.8907 0.4525
vn 0.0445 0.8906 0.4525
vn 0.0447 0.8906 0.4525
vn -0.4505 0.5579 0.6970
vn -0.4505 0.5579 -0.6970
vn 0.0930 0.9306 0.3539
vn 0.0930 0.9306 0.3540
vn -0.3274 0.6340 0.7006
vn -0.5736 0.4840 -0.6608
vn -0.5737 0.4840 -0.6608
vn 0.1251 0.9597 0.2516
vn 0.1251 0.9596 0.2522
vn 0.1251 0.9595 0.2522
vn -0.6898 0.4161 -0.5925
vn 0.1441 0.9781 0.1505
vn 0.1440 0.9781 0.1505
vn -0.7921 0.3575 -0.4948
vn 0.1523 0.9871 0.0497
vn 0.1526 0.9870 0.0500
vn 0.1526 0.9870 0.0501
vn -0.8745 0.3110 -0.3723
vn -0.8744 0.3110 -0.3723
vn 0.1528 0.9870 -0.0497
vn 0.1526 0.9870 -0.0500
vn 0.1524 0.9871 -0.0500
vn -0.9321 0.2788 -0.2312
vn -0.9321 0.2788 -0.2313
vn 0.1440 0.9781 -0.1505
vn -0.9617 0.2626 -0.0783
vn -0.9618 0.2623 -0.0785
vn -0.9617 0.2624 -0.0787
vn -0.9618 0.2625 -0.0782
vn 0.1251 0.9596 -0.2522
vn 0.1251 0.9595 -0.2523
vn -0.9617 0.2627 0.0787
vn -0.9618 0.2623 0.0784
vn -0.9618 0.2624 0.0784
vn -0.9618 0.2624 0.0785
vn 0.0930 0.9306 -0.3539
vn 0.0931 0.9306 -0.3540
vn -0.9321 0.2788 0.2312
vn 0.0448 0.8907 -0.4524
vn 0.0445 0.8906 -0.4525
vn -0.8986 -0.3290 0.2903
vn 0.8334 -0.5217 -0.1825
vn 0.8333 -0.5218 -0.1828
vn 0.8331 -0.5220 -0.1828
vn -0.3209 -0.9451 -0.0617
vn -0.3206 -0.9452 -0.0619
vn -0.3210 -0.9451 -0.0617
vn 0.7889 -0.5381 -0.2969
vn 0.7888 -0.5382 -0.2968
vn 0.7888 -0.5383 -0.2968
vn -0.3210 -0.9451 0.0617
vn -0.3208 -0.9451 0.0617
vn -0.3208 -0.9451 0.0618
vn 0.7245 -0.5617 -0.3996
vn 0.7245 -0.5615 -0.3998
vn 0.7244 -0.5618 -0.3996
vn 0.7245 -0.5616 -0.3995
vn -0.2980 -0.9369 0.1830
vn -0.2977 -0.9371 0.1825
vn -0.2984 -0.9368 0.1828
vn -0.2983 -0.9367 0.1835
vn 0.6425 -0.5918 -0.4868
vn 0.6426 -0.5917 -0.4868
vn 0.6425 -0.5917 -0.4868
vn 0.6424 -0.5919 -0.4867
vn -0.2542 -0.9205 0.2966
vn -0.2546 -0.9206 0.2961
vn -0.2542 -0.9206 0.2966
vn -0.2541 -0.9206 0.2965
vn 0.5456 -0.6275 -0.5555
vn 0.5461 -0.6272 -0.5553
vn 0.5457 -0.6276 -0.5553
vn 0.3254 -0.7082 0.6266
vn 0.3255 -0.7082 0.6265
vn 0.3253 -0.7081 0.6267
vn -0.1897 -0.8969 0.3995
vn -0.1897 -0.8968 0.3996
vn 0.4390 -0.6665 -0.6026
vn 0.4389 -0.6664 -0.6027
vn 0.4390 -0.6664 -0.6026
vn 0.4390 -0.6664 -0.6027
vn 0.4389 -0.6667 0.6023
vn 0.4389 -0.6668 0.6023
vn 0.4390 -0.6666 0.6024
vn -0.1072 -0.8669 0.4868
vn -0.1076 -0.8669 0.4868
vn -0.1073 -0.8669 0.4868
vn 0.3254 -0.7080 -0.6268
vn 0.3252 -0.7081 -0.6267
vn 0.3253 -0.7080 -0.6268
vn 0.5460 -0.6271 0.5555
vn 0.5461 -0.6273 0.5553
vn 0.5460 -0.6272 0.5555
vn 0.5460 -0.6273 0.5553
vn -0.0115 -0.8316 0.5552
vn -0.0114 -0.8313 0.5557
vn -0.0115 -0.8317 0.5552
vn -0.0114 -0.8317 0.5551
vn 0.2091 -0.7506 -0.6268
vn 0.2093 -0.7506 -0.6267
vn 0.2093 -0.7506 -0.6268
vn 0.2093 -0.7505 -0.6268
vn 0.6425 -0.5914 0.4872
vn 0.6424 -0.5916 0.4872
vn 0.6425 -0.5918 0.4868
vn 0.6426 -0.5916 0.4869
vn 0.0958 -0.7923 0.6026
vn 0.0961 -0.7924 0.6024
vn 0.0959 -0.7922 0.6026
vn 0.0959 -0.7923 -0.6026
vn 0.0962 -0.7922 -0.6026
vn 0.0958 -0.7923 -0.6025
vn 0.7245 -0.5617 0.3995
vn 0.7244 -0.5618 0.3995
vn 0.2093 -0.7507 0.6265
vn 0.2094 -0.7506 0.6267
vn 0.2094 -0.7507 0.6265
vn 0.2092 -0.7507 0.6267
vn -0.0112 -0.8316 -0.5552
vn -0.0113 -0.8316 -0.5553
vn -0.0114 -0.8316 -0.5553
vn -0.0110 -0.8317 -0.5551
vn 0.7889 -0.5380 0.2970
vn 0.7888 -0.5383 0.2968
vn -0.1077 -0.8669 -0.4868
vn -0.1073 -0.8669 -0.4868
vn -0.1078 -0.8668 -0.4868
vn 0.8334 -0.5216 0.1826
vn 0.8330 -0.5222 0.1826
vn 0.8334 -0.5215 0.1826
vn 0.8331 -0.5220 0.1828
vn -0.1895 -0.8968 -0.3998
vn -0.1895 -0.8967 -0.4000
vn -0.1896 -0.8968 -0.3998
vn -0.1896 -0.8969 -0.3995
vn 0.8558 -0.5136 0.0615
vn 0.8558 -0.5137 0.0615
vn 0.8558 -0.5136 0.0616
vn 0.8558 -0.5136 0.0617
vn -0.2540 -0.9205 -0.2969
vn -0.2540 -0.9206 -0.2967
vn -0.2542 -0.9205 -0.2966
vn -0.2540 -0.9205 -0.2968
vn 0.8555 -0.5140 -0.0622
vn 0.8557 -0.5138 -0.0620
vn 0.8555 -0.5140 -0.0621
vn 0.8554 -0.5142 -0.0619
vn -0.6722 0.4089 0.6172
vn 0.5958 0.2184 -0.7729
vn 0.5956 0.2184 -0.7731
vn 0.5959 0.2184 -0.7728
vn 0.5958 0.2184 -0.7728
vn -0.8281 -0.3034 0.4714
vn -0.8280 -0.3037 0.4714
vn -0.8281 -0.3032 0.4716
vn -0.8280 -0.3036 0.4714
vn 0.4426 0.1622 -0.8819
vn 0.4422 0.1623 -0.8821
vn 0.4424 0.1622 -0.8820
vn 0.4428 0.1621 -0.8818
vn 0.0919 0.0337 0.9952
vn 0.0921 0.0337 0.9952
vn -0.7257 -0.2661 0.6344
vn -0.7260 -0.2661 0.6342
vn -0.7258 -0.2661 0.6344
vn 0.2726 0.0999 -0.9569
vn 0.2724 0.0999 -0.9570
vn 0.2725 0.0999 -0.9570
vn 0.2727 0.1000 0.9569
vn 0.2726 0.0999 0.9569
vn 0.2726 0.1000 0.9569
vn -0.5954 -0.2184 0.7732
vn -0.5952 -0.2183 0.7733
vn -0.5953 -0.2183 0.7733
vn -0.5954 -0.2185 0.7732
vn 0.0922 0.0338 -0.9952
vn 0.4424 0.1621 0.8820
vn 0.4427 0.1624 0.8818
vn 0.4426 0.1623 0.8819
vn 0.4423 0.1620 0.8821
vn -0.4427 -0.1622 0.8819
vn -0.4428 -0.1621 0.8818
vn -0.4425 -0.1622 0.8820
vn -0.4424 -0.1622 0.8820
vn -0.0922 -0.0338 -0.9952
vn -0.0923 -0.0338 -0.9952
vn 0.5955 0.2181 0.7732
vn -0.2726 -0.0999 0.9569
vn -0.2729 -0.0999 0.9568
vn -0.2723 -0.0999 0.9570
vn -0.2725 -0.0999 -0.9570
vn -0.2726 -0.0999 -0.9569
vn -0.2725 -0.0999 -0.9569
vn 0.7257 0.2662 0.6344
vn 0.7261 0.2659 0.6341
vn 0.7258 0.2661 0.6344
vn -0.0920 -0.0337 0.9952
vn -0.0919 -0.0337 0.9952
vn -0.4425 -0.1622 -0.8820
vn -0.4428 -0.1621 -0.8818
vn -0.4427 -0.1622 -0.8819
vn -0.4424 -0.1622 -0.8820
vn 0.8280 0.3037 0.4714
vn 0.8280 0.3036 0.4714
vn 0.8280 0.3037 0.4713
vn -0.5958 -0.2185 -0.7729
vn -0.5956 -0.2184 -0.7730
vn -0.5958 -0.2185 -0.7728
vn -0.5962 -0.2186 -0.7725
vn 0.8987 0.3291 0.2899
vn -0.7258 -0.2658 -0.6344
vn -0.7257 -0.2659 -0.6345
vn -0.7258 -0.2661 -0.6343
vn -0.7258 -0.2662 -0.6343
vn 0.9343 0.3426 0.0981
vn 0.9343 0.3428 0.0979
vn 0.9343 0.3426 0.0983
vn 0.9344 0.3425 0.0981
vn -0.8280 -0.3035 -0.4715
vn -0.8282 -0.3031 -0.4714
vn -0.8281 -0.3034 -0.4714
vn -0.8280 -0.3038 -0.4712
vn 0.9344 0.3425 -0.0981
vn 0.9344 0.3425 -0.0983
vn 0.9343 0.3426 -0.0982
vn 0.9344 0.3425 -0.0979
vn -0.8986 -0.3290 -0.2903
vn 0.8987 0.3291 -0.2899
vn 0.8985 0.3293 -0.2902
vn -0.9344 -0.3425 -0.0980
vn -0.9344 -0.3426 -0.0978
vn -0.9344 -0.3423 -0.0983
vn -0.9344 -0.3424 -0.0983
vn 0.8280 0.3037 -0.4714
vn 0.8280 0.3036 -0.4714
vn 0.8280 0.3037 -0.4713
vn -0.9344 -0.3425 0.0980
vn -0.9344 -0.3426 0.0979
vn -0.9344 -0.3425 0.0982
vn -0.9344 -0.3425 0.0979
vn 0.7257 0.2659 -0.6346
vn 0.7257 0.2660 -0.6345
vn 0.7256 0.2657 -0.6348
vn 0.7258 0.2661 -0.6344
vn 0.1506 -0.7276 0.6692
vn 0.1505 -0.7276 0.6693
vn -0.1561 0.6844 -0.7122
vn 0.0545 0.8122 0.5808
vn 0.0545 0.8123 0.5807
vn -0.5483 0.4720 0.6904
vn -0.5482 0.4720 0.6904
vn -0.2828 0.6131 -0.7377
vn 0.1311 0.8636 0.4869
vn 0.1313 0.8636 0.4867
vn -0.4159 0.5411 0.7309
vn -0.4159 0.5411 -0.7309
vn 0.1880 0.9046 0.3826
vn 0.1880 0.9046 0.3827
vn 0.1880 0.9045 0.3827
vn -0.2828 0.6131 0.7377
vn -0.5482 0.4720 -0.6904
vn 0.2264 0.9348 0.2737
vn 0.2266 0.9347 0.2739
vn 0.2264 0.9348 0.2738
vn -0.6721 0.4089 -0.6173
vn -0.6722 0.4089 -0.6172
vn 0.2499 0.9543 0.1639
vn 0.2499 0.9543 0.1640
vn -0.7807 0.3549 -0.5143
vn 0.2605 0.9639 0.0548
vn 0.2606 0.9639 0.0546
vn 0.2606 0.9639 0.0547
vn -0.8679 0.3122 -0.3863
vn -0.8679 0.3122 -0.3864
vn 0.2605 0.9639 -0.0550
vn 0.2606 0.9639 -0.0546
vn 0.2605 0.9639 -0.0548
vn -0.9288 0.2828 -0.2396
vn 0.2499 0.9543 -0.1639
vn 0.2499 0.9543 -0.1640
vn 0.2499 0.9543 -0.1638
vn -0.9601 0.2675 -0.0814
vn -0.9601 0.2677 -0.0812
vn -0.9601 0.2676 -0.0814
vn -0.9601 0.2676 -0.0813
vn 0.2266 0.9347 -0.2738
vn 0.2266 0.9347 -0.2739
vn -0.9601 0.2676 0.0812
vn -0.9601 0.2677 0.0812
vn -0.9601 0.2676 0.0814
vn -0.9603 0.2670 0.0810
vn 0.1877 0.9047 -0.3824
vn 0.1880 0.9045 -0.3827
vn 0.1878 0.9046 -0.3827
vn 0.1880 0.9046 -0.3827
vn -0.9288 0.2828 0.2396
vn 0.1313 0.8636 -0.4867
vn 0.1316 0.8637 -0.4865
vn -0.8679 0.3121 0.3864
vn -0.8679 0.3122 0.3864
vn 0.0545 0.8123 -0.5807
vn -0.1563 0.6843 0.7122
vn -0.1561 0.6844 0.7122
vn -0.7807 0.3549 0.5143
vn -0.0421 0.7518 -0.6580
vn -0.0421 0.7518 0.6580
vn -0.0423 0.7518 0.6580
vn -0.8446 -0.2542 -0.4712
vn -0.8443 -0.2545 -0.4716
vn -0.8444 -0.2544 -0.4715
vn -0.8444 -0.2545 -0.4715
vn -0.0900 -0.8001 -0.5931
vn -0.0904 -0.8003 -0.5928
vn -0.0901 -0.8002 -0.5930
vn -0.0900 -0.8002 -0.5930
vn 0.7814 -0.5375 0.3170
vn 0.7815 -0.5374 0.3170
vn 0.7813 -0.5376 0.3170
vn -0.1947 -0.8318 -0.5199
vn -0.1951 -0.8317 -0.5199
vn -0.1947 -0.8317 -0.5199
vn -0.1949 -0.8317 -0.5199
vn 0.8296 -0.5232 0.1951
vn 0.8296 -0.5230 0.1953
vn 0.8296 -0.5231 0.1952
vn 0.8297 -0.5229 0.1952
vn -0.2841 -0.8588 -0.4263
vn -0.2842 -0.8587 -0.4265
vn -0.2842 -0.8586 -0.4267
vn -0.2841 -0.8587 -0.4265
vn 0.8544 -0.5154 0.0662
vn 0.8544 -0.5155 0.0660
vn 0.8544 -0.5154 0.0661
vn -0.3543 -0.8798 -0.3170
vn -0.3543 -0.8797 -0.3170
vn 0.8544 -0.5154 -0.0660
vn 0.8544 -0.5154 -0.0663
vn -0.4024 -0.8944 -0.1952
vn -0.4026 -0.8943 -0.1952
vn 0.8294 -0.5235 -0.1951
vn 0.8297 -0.5230 -0.1952
vn 0.8294 -0.5233 -0.1954
vn 0.8297 -0.5229 -0.1951
vn -0.4273 -0.9017 -0.0659
vn -0.4269 -0.9019 -0.0661
vn -0.4269 -0.9019 -0.0660
vn -0.4272 -0.9018 -0.0658
vn 0.7813 -0.5376 -0.3171
vn 0.7811 -0.5377 -0.3173
vn 0.7814 -0.5376 -0.3170
vn 0.7814 -0.5375 -0.3170
vn -0.4268 -0.9019 0.0661
vn -0.4270 -0.9018 0.0659
vn -0.4269 -0.9019 0.0662
vn -0.4271 -0.9017 0.0664
vn 0.7113 -0.5588 -0.4264
vn 0.7113 -0.5587 -0.4266
vn 0.7113 -0.5587 -0.4265
vn 0.7113 -0.5586 -0.4266
vn -0.4024 -0.8944 0.1952
vn -0.4025 -0.8944 0.1952
vn -0.4023 -0.8944 0.1952
vn -0.4027 -0.8943 0.1952
vn 0.6222 -0.5854 -0.5198
vn 0.6223 -0.5852 -0.5199
vn 0.6220 -0.5855 -0.5199
vn -0.3543 -0.8798 0.3170
vn -0.3541 -0.8798 0.3170
vn -0.3542 -0.8798 0.3170
vn -0.3540 -0.8799 0.3170
vn 0.5171 -0.6174 -0.5929
vn 0.5172 -0.6174 -0.5927
vn 0.5170 -0.6173 -0.5930
vn 0.5169 -0.6171 -0.5933
vn 0.2763 -0.6898 0.6692
vn 0.2765 -0.6896 0.6693
vn 0.2766 -0.6896 0.6693
vn 0.2765 -0.6897 0.6692
vn -0.2844 -0.8587 0.4263
vn -0.2845 -0.8585 0.4267
vn -0.2844 -0.8586 0.4265
vn -0.2842 -0.8586 0.4266
vn 0.4004 -0.6523 -0.6435
vn 0.4005 -0.6523 -0.6435
vn 0.4002 -0.6522 -0.6438
vn 0.4004 -0.6522 -0.6437
vn 0.4006 -0.6523 0.6435
vn 0.4005 -0.6525 0.6434
vn 0.4008 -0.6525 0.6432
vn 0.4008 -0.6522 0.6435
vn -0.1947 -0.8315 0.5204
vn -0.1947 -0.8316 0.5201
vn -0.1948 -0.8316 0.5201
vn -0.1949 -0.8317 0.5199
vn 0.2765 -0.6895 -0.6694
vn 0.2771 -0.6898 -0.6689
vn 0.2763 -0.6894 -0.6696
vn 0.2766 -0.6895 -0.6694
vn 0.5171 -0.6170 0.5932
vn 0.5171 -0.6171 0.5931
vn 0.5171 -0.6173 0.5929
vn -0.0902 -0.8003 0.5928
vn -0.0902 -0.8002 0.5929
vn -0.0901 -0.8002 0.5930
vn -0.0900 -0.8001 0.5930
vn 0.1507 -0.7278 -0.6691
vn 0.1506 -0.7277 -0.6691
vn 0.1508 -0.7278 -0.6690
vn 0.1507 -0.7277 -0.6691
vn 0.6223 -0.5852 0.5198
vn 0.6222 -0.5853 0.5198
vn 0.6224 -0.5851 0.5198
vn 0.0269 -0.7650 0.6435
vn 0.0267 -0.7649 0.6436
vn 0.0269 -0.7652 0.6432
vn 0.0271 -0.7651 0.6433
vn 0.0271 -0.7651 -0.6434
vn 0.0272 -0.7651 -0.6434
vn 0.7113 -0.5586 0.4267
vn 0.7113 -0.5587 0.4265
vn 0.7113 -0.5586 0.4265
vn -0.9105 0.4063 0.0767
vn -0.9107 0.4059 0.0766
vn 0.9529 0.2871 -0.0980
vn 0.9528 0.2872 -0.0979
vn 0.9529 0.2868 -0.0984
vn 0.9528 0.2872 -0.0981
vn -0.9161 -0.2762 -0.2907
vn -0.9163 -0.2761 -0.2901
vn 0.9162 0.2761 -0.2903
vn 0.9161 0.2762 -0.2907
vn 0.9162 0.2760 -0.2903
vn 0.9163 0.2760 -0.2902
vn -0.9529 -0.2873 -0.0975
vn -0.9528 -0.2872 -0.0979
vn -0.9528 -0.2872 -0.0981
vn 0.8442 0.2546 -0.4717
vn 0.8441 0.2547 -0.4719
vn 0.8441 0.2547 -0.4718
vn 0.8443 0.2546 -0.4716
vn -0.9528 -0.2872 0.0980
vn -0.9528 -0.2873 0.0977
vn -0.9528 -0.2872 0.0981
vn 0.7398 0.2232 -0.6347
vn 0.7399 0.2233 -0.6346
vn 0.7398 0.2231 -0.6348
vn -0.9161 -0.2762 0.2907
vn -0.9163 -0.2761 0.2901
vn -0.9163 -0.2761 0.2902
vn 0.6075 0.1832 -0.7729
vn -0.8444 -0.2544 0.4715
vn -0.8441 -0.2545 0.4719
vn -0.8446 -0.2542 0.4712
vn -0.8445 -0.2544 0.4713
vn 0.4517 0.1362 -0.8817
vn 0.4514 0.1361 -0.8819
vn 0.4515 0.1361 -0.8818
vn 0.0938 0.0283 0.9952
vn 0.0933 0.0281 0.9952
vn 0.0936 0.0282 0.9952
vn -0.7401 -0.2230 0.6344
vn -0.7401 -0.2232 0.6344
vn -0.7401 -0.2231 0.6344
vn 0.2779 0.0838 -0.9570
vn 0.2777 0.0838 -0.9570
vn 0.2776 0.0838 0.9570
vn 0.2776 0.0838 0.9571
vn 0.2779 0.0838 0.9570
vn 0.2777 0.0838 0.9570
vn -0.6073 -0.1830 0.7731
vn -0.6075 -0.1832 0.7729
vn 0.0939 0.0283 -0.9952
vn 0.0937 0.0283 -0.9952
vn 0.0941 0.0284 -0.9952
vn 0.4515 0.1361 0.8818
vn 0.4513 0.1360 0.8820
vn 0.4516 0.1361 0.8818
vn 0.4514 0.1361 0.8819
vn -0.4515 -0.1360 0.8819
vn -0.4514 -0.1361 0.8819
vn -0.4516 -0.1361 0.8818
vn -0.4515 -0.1360 0.8818
vn -0.0939 -0.0283 -0.9952
vn -0.0940 -0.0283 -0.9952
vn 0.6075 0.1832 0.7729
vn -0.2778 -0.0838 0.9570
vn -0.2781 -0.0839 0.9569
vn -0.2779 -0.0838 -0.9569
vn -0.2778 -0.0838 -0.9570
vn -0.2777 -0.0837 -0.9570
vn -0.2773 -0.0836 -0.9571
vn 0.7401 0.2232 0.6344
vn 0.7399 0.2233 0.6346
vn 0.7401 0.2231 0.6345
vn -0.0937 -0.0283 0.9952
vn -0.0937 -0.0282 0.9952
vn -0.0935 -0.0282 0.9952
vn -0.4514 -0.1360 -0.8819
vn -0.4515 -0.1360 -0.8819
vn -0.4512 -0.1360 -0.8820
vn 0.8444 0.2545 0.4714
vn 0.8443 0.2545 0.4716
vn 0.8442 0.2546 0.4718
vn -0.6071 -0.1829 -0.7733
vn -0.6074 -0.1830 -0.7730
vn -0.6074 -0.1828 -0.7731
vn -0.6072 -0.1831 -0.7732
vn 0.9163 0.2758 0.2903
vn 0.9162 0.2761 0.2904
vn 0.9164 0.2761 0.2899
vn -0.7401 -0.2230 -0.6344
vn -0.7401 -0.2229 -0.6345
vn 0.9528 0.2873 0.0978
vn 0.9528 0.2873 0.0977
vn 0.9528 0.2874 0.0977
vn 0.9528 0.2872 0.0980
vn 0.2083 -0.6081 0.7661
vn 0.2083 -0.6081 0.7660
vn 0.2083 -0.6080 0.7661
vn 0.0542 0.9682 -0.2441
vn -0.8789 0.4204 0.2255
vn -0.8790 0.4202 0.2255
vn 0.0372 0.9417 -0.3343
vn 0.0374 0.9418 -0.3342
vn -0.8175 0.4482 0.3617
vn -0.0003 0.9041 -0.4274
vn -0.0003 0.9040 -0.4275
vn -0.1490 0.7969 0.5854
vn -0.7300 0.4889 0.4776
vn -0.0625 0.8552 -0.5146
vn -0.0625 0.8552 0.5145
vn -0.0625 0.8552 0.5146
vn -0.6223 0.5404 0.5663
vn -0.1490 0.7969 -0.5854
vn -0.1491 0.7969 -0.5854
vn -0.0000 0.9040 0.4275
vn -0.0003 0.9040 0.4275
vn -0.5016 0.6003 0.6229
vn -0.2561 0.7324 -0.6309
vn 0.0372 0.9417 0.3343
vn -0.3765 0.6655 0.6444
vn -0.3766 0.6655 -0.6444
vn -0.3765 0.6655 -0.6444
vn 0.0542 0.9682 0.2441
vn -0.2561 0.7324 0.6309
vn -0.5016 0.6003 -0.6229
vn 0.0566 0.9851 0.1625
vn 0.0571 0.9850 0.1627
vn 0.0567 0.9850 0.1628
vn -0.6223 0.5404 -0.5663
vn 0.0536 0.9943 0.0920
vn 0.0535 0.9943 0.0920
vn -0.7300 0.4889 -0.4776
vn 0.0499 0.9983 0.0296
vn 0.0499 0.9983 0.0294
vn -0.8175 0.4482 -0.3617
vn 0.0499 0.9983 -0.0295
vn 0.0499 0.9983 -0.0296
vn -0.8790 0.4202 -0.2255
vn 0.0536 0.9943 -0.0920
vn 0.0535 0.9943 -0.0920
vn -0.9107 0.4059 -0.0765
vn -0.9107 0.4059 -0.0766
vn -0.9108 0.4058 -0.0766
vn 0.0572 0.9850 -0.1628
vn 0.0571 0.9850 -0.1627
vn 0.0575 0.9849 -0.1632
vn 0.6201 0.1337 0.7731
vn 0.6205 0.1339 0.7727
vn -0.4468 -0.7496 0.4883
vn -0.4471 -0.7495 0.4882
vn -0.4468 -0.7497 0.4882
vn -0.4470 -0.7493 0.4886
vn 0.3531 -0.5771 -0.7364
vn 0.3532 -0.5770 -0.7364
vn 0.3530 -0.5770 -0.7365
vn 0.3535 -0.5773 -0.7361
vn 0.3531 -0.5770 0.7365
vn 0.3528 -0.5772 0.7365
vn 0.3530 -0.5771 0.7364
vn 0.3535 -0.5767 0.7366
vn -0.3430 -0.7270 0.5949
vn -0.3425 -0.7271 0.5950
vn -0.3433 -0.7269 0.5948
vn 0.2083 -0.6082 -0.7659
vn 0.2081 -0.6082 -0.7660
vn 0.2083 -0.6081 -0.7660
vn 0.4888 -0.5480 0.6788
vn 0.4889 -0.5480 0.6788
vn -0.2201 -0.7005 0.6788
vn -0.2200 -0.7007 0.6787
vn -0.2201 -0.7006 0.6788
vn -0.2201 -0.7005 0.6789
vn 0.0609 -0.6400 -0.7660
vn 0.0608 -0.6399 -0.7660
vn 0.0609 -0.6399 -0.7660
vn 0.0610 -0.6400 -0.7660
vn 0.6119 -0.5211 0.5950
vn 0.6119 -0.5215 0.5946
vn 0.6119 -0.5210 0.5951
vn -0.0837 -0.6714 0.7363
vn -0.0835 -0.6711 0.7367
vn -0.0837 -0.6710 0.7367
vn -0.0840 -0.6717 0.7361
vn -0.0838 -0.6713 -0.7364
vn -0.0838 -0.6712 -0.7366
vn -0.0837 -0.6714 -0.7364
vn -0.0842 -0.6712 -0.7365
vn 0.7160 -0.4985 0.4887
vn 0.7161 -0.4986 0.4884
vn 0.7161 -0.4986 0.4885
vn 0.7163 -0.4985 0.4883
vn 0.0606 -0.6399 0.7661
vn 0.0610 -0.6398 0.7661
vn 0.0608 -0.6399 0.7660
vn 0.0608 -0.6399 0.7661
vn -0.2199 -0.7006 -0.6789
vn -0.2202 -0.7005 -0.6789
vn -0.2197 -0.7006 -0.6789
vn -0.2202 -0.7005 -0.6788
vn 0.7982 -0.4808 0.3629
vn 0.7979 -0.4811 0.3632
vn 0.7983 -0.4807 0.3629
vn 0.7981 -0.4810 0.3628
vn -0.3426 -0.7271 -0.5949
vn -0.3425 -0.7268 -0.5954
vn -0.3426 -0.7272 -0.5948
vn -0.3428 -0.7270 -0.5949
vn 0.8546 -0.4688 0.2233
vn 0.8546 -0.4687 0.2234
vn 0.8546 -0.4688 0.2235
vn -0.4471 -0.7496 -0.4882
vn -0.4471 -0.7494 -0.4883
vn -0.4473 -0.7495 -0.4881
vn 0.8832 -0.4629 0.0751
vn 0.8833 -0.4627 0.0754
vn 0.8832 -0.4628 0.0752
vn 0.8833 -0.4626 0.0754
vn -0.5291 -0.7671 -0.3627
vn -0.5291 -0.7671 -0.3628
vn -0.5292 -0.7671 -0.3627
vn -0.5290 -0.7672 -0.3628
vn 0.8833 -0.4628 -0.0751
vn 0.8833 -0.4627 -0.0753
vn 0.8833 -0.4626 -0.0754
vn 0.8834 -0.4625 -0.0756
vn -0.5855 -0.7792 -0.2240
vn -0.5854 -0.7792 -0.2240
vn -0.5855 -0.7793 -0.2234
vn 0.8545 -0.4692 -0.2229
vn 0.8545 -0.4689 -0.2235
vn 0.8545 -0.4690 -0.2233
vn 0.8546 -0.4688 -0.2233
vn -0.6142 -0.7855 -0.0757
vn -0.6142 -0.7855 -0.0755
vn -0.6142 -0.7855 -0.0758
vn -0.6145 -0.7853 -0.0754
vn 0.7982 -0.4808 -0.3630
vn 0.7981 -0.4810 -0.3629
vn 0.7982 -0.4808 -0.3629
vn 0.7981 -0.4810 -0.3628
vn -0.6142 -0.7855 0.0758
vn -0.6143 -0.7855 0.0754
vn -0.6143 -0.7854 0.0754
vn -0.6144 -0.7854 0.0754
vn 0.7162 -0.4985 -0.4884
vn 0.7163 -0.4986 -0.4882
vn 0.7163 -0.4983 -0.4885
vn 0.7162 -0.4986 -0.4884
vn -0.5855 -0.7792 0.2240
vn -0.5855 -0.7793 0.2234
vn -0.5854 -0.7792 0.2240
vn 0.6119 -0.5215 -0.5946
vn 0.6119 -0.5211 -0.5951
vn 0.6119 -0.5215 -0.5947
vn -0.5290 -0.7671 0.3630
vn -0.5291 -0.7671 0.3627
vn -0.5292 -0.7671 0.3626
vn -0.5290 -0.7671 0.3629
vn 0.4889 -0.5480 -0.6788
vn 0.4888 -0.5480 -0.6788
vn 0.0213 0.9977 0.0644
vn 0.0211 0.9977 0.0645
vn 0.0212 0.9977 0.0645
vn -0.2836 -0.0612 0.9570
vn -0.2838 -0.0612 0.9569
vn -0.2833 -0.0612 0.9571
vn -0.2836 -0.0612 -0.9570
vn -0.2838 -0.0612 -0.9569
vn -0.2837 -0.0612 -0.9569
vn 0.7554 0.1630 0.6346
vn 0.7556 0.1629 0.6344
vn 0.7555 0.1630 0.6345
vn 0.7554 0.1631 0.6346
vn -0.0960 -0.0207 0.9952
vn -0.0956 -0.0206 0.9952
vn -0.0960 -0.0208 0.9952
vn -0.0958 -0.0206 0.9952
vn -0.4609 -0.0996 -0.8818
vn 0.8622 0.1859 0.4713
vn 0.8620 0.1854 0.4717
vn 0.8622 0.1857 0.4714
vn 0.8622 0.1859 0.4712
vn -0.6201 -0.1332 -0.7731
vn -0.6201 -0.1337 -0.7730
vn -0.6201 -0.1337 -0.7731
vn 0.9353 0.2020 0.2905
vn 0.9355 0.2015 0.2903
vn 0.9353 0.2020 0.2904
vn 0.9353 0.2019 0.2906
vn -0.7557 -0.1628 -0.6344
vn -0.7554 -0.1625 -0.6347
vn -0.7559 -0.1631 -0.6341
vn -0.7556 -0.1629 -0.6344
vn 0.9728 0.2099 0.0979
vn 0.9728 0.2097 0.0980
vn 0.9728 0.2096 0.0984
vn 0.9728 0.2100 0.0977
vn -0.8621 -0.1863 -0.4712
vn 0.9728 0.2097 -0.0983
vn 0.9728 0.2095 -0.0984
vn 0.9728 0.2097 -0.0980
vn 0.9728 0.2100 -0.0976
vn -0.9353 -0.2020 -0.2905
vn -0.9354 -0.2019 -0.2903
vn -0.9354 -0.2020 -0.2904
vn -0.9355 -0.2016 -0.2903
vn 0.9355 0.2016 -0.2903
vn 0.9355 0.2015 -0.2902
vn 0.9355 0.2016 -0.2902
vn -0.9729 -0.2098 -0.0978
vn -0.9728 -0.2098 -0.0978
vn -0.9728 -0.2097 -0.0980
vn -0.9729 -0.2095 -0.0982
vn 0.8620 0.1859 -0.4716
vn 0.8621 0.1859 -0.4714
vn 0.8621 0.1856 -0.4716
vn 0.8621 0.1859 -0.4715
vn -0.9728 -0.2097 0.0981
vn -0.9728 -0.2100 0.0975
vn -0.9728 -0.2098 0.0979
vn -0.9728 -0.2095 0.0984
vn 0.7556 0.1627 -0.6345
vn 0.7554 0.1625 -0.6347
vn 0.7558 0.1630 -0.6342
vn 0.7557 0.1630 -0.6343
vn -0.9353 -0.2020 0.2905
vn -0.9354 -0.2021 0.2903
vn -0.9353 -0.2020 0.2904
vn -0.9353 -0.2019 0.2906
vn 0.6203 0.1338 -0.7729
vn 0.6205 0.1339 -0.7727
vn 0.6202 0.1337 -0.7730
vn 0.6201 0.1337 -0.7731
vn -0.8621 -0.1859 0.4714
vn -0.8621 -0.1859 0.4713
vn -0.8622 -0.1860 0.4713
vn 0.4606 0.0993 -0.8820
vn 0.4610 0.0992 -0.8818
vn 0.4608 0.0992 -0.8819
vn 0.4607 0.0994 -0.8820
vn 0.0957 0.0206 0.9952
vn 0.0956 0.0207 0.9952
vn 0.0958 0.0206 0.9952
vn -0.7557 -0.1631 0.6343
vn -0.7556 -0.1629 0.6345
vn -0.7555 -0.1630 0.6345
vn -0.7555 -0.1632 0.6344
vn 0.2836 0.0612 -0.9570
vn 0.2835 0.0611 -0.9570
vn 0.2832 0.0611 -0.9571
vn 0.2837 0.0612 -0.9570
vn 0.2834 0.0611 0.9571
vn 0.2836 0.0612 0.9570
vn 0.2833 0.0610 0.9571
vn 0.2834 0.0610 0.9571
vn -0.6202 -0.1336 0.7730
vn -0.6204 -0.1339 0.7728
vn -0.6202 -0.1338 0.7729
vn -0.6201 -0.1337 0.7731
vn 0.0957 0.0206 -0.9952
vn 0.0958 0.0206 -0.9952
vn 0.0956 0.0207 -0.9952
vn 0.4608 0.0992 0.8819
vn 0.4610 0.0992 0.8818
vn 0.4609 0.0993 0.8819
vn 0.4610 0.0994 0.8818
vn -0.4609 -0.0996 0.8818
vn -0.4608 -0.0993 0.8819
vn -0.0957 -0.0206 -0.9952
vn -0.0956 -0.0206 -0.9952
vn -0.0958 -0.0206 -0.9952
vn 0.6677 -0.7266 -0.1617
vn 0.6677 -0.7266 -0.1619
vn 0.6677 -0.7267 -0.1617
vn 0.6677 -0.7267 -0.1615
vn -0.5675 0.7507 -0.3383
vn 0.0211 0.9996 0.0210
vn 0.0210 0.9996 0.0210
vn -0.6358 0.7272 -0.2586
vn -0.6358 0.7273 -0.2585
vn -0.6358 0.7271 -0.2588
vn 0.0210 0.9996 -0.0210
vn 0.0211 0.9996 -0.0210
vn -0.6844 0.7108 -0.1623
vn -0.6844 0.7108 -0.1622
vn -0.6845 0.7107 -0.1624
vn 0.0210 0.9977 -0.0645
vn 0.0211 0.9977 -0.0645
vn -0.7096 0.7025 -0.0549
vn -0.7098 0.7022 -0.0555
vn -0.7097 0.7023 -0.0551
vn -0.7097 0.7023 -0.0553
vn 0.0191 0.9935 -0.1123
vn 0.0188 0.9935 -0.1120
vn -0.7097 0.7023 0.0552
vn -0.7097 0.7023 0.0553
vn -0.7096 0.7025 0.0549
vn 0.0120 0.9861 -0.1655
vn -0.6845 0.7107 0.1623
vn -0.6844 0.7108 0.1622
vn -0.6841 0.7110 0.1626
vn -0.0042 0.9747 -0.2236
vn -0.6359 0.7272 0.2586
vn -0.6358 0.7273 0.2585
vn -0.6357 0.7273 0.2586
vn -0.0332 0.9583 -0.2838
vn -0.0335 0.9583 -0.2838
vn -0.0336 0.9583 -0.2838
vn -0.1392 0.9101 0.3904
vn -0.1394 0.9100 0.3904
vn -0.5675 0.7507 0.3383
vn -0.5675 0.7507 0.3382
vn -0.0783 0.9367 -0.3413
vn -0.0789 0.9366 -0.3414
vn -0.0783 0.9367 0.3413
vn -0.4847 0.7796 0.3966
vn -0.1389 0.9102 -0.3902
vn -0.1394 0.9100 -0.3904
vn -0.0335 0.9583 0.2838
vn -0.3941 0.8120 0.4306
vn -0.3940 0.8120 0.4306
vn -0.3941 0.8122 0.4302
vn -0.2152 0.8793 -0.4249
vn -0.0042 0.9747 0.2236
vn -0.3019 0.8459 0.4396
vn -0.3019 0.8460 0.4395
vn -0.3019 0.8460 -0.4396
vn -0.3019 0.8460 -0.4395
vn -0.3019 0.8459 -0.4396
vn 0.0120 0.9861 0.1654
vn 0.0120 0.9861 0.1655
vn 0.0120 0.9861 0.1656
vn -0.2152 0.8793 0.4249
vn -0.3940 0.8120 -0.4307
vn -0.3940 0.8120 -0.4306
vn -0.3941 0.8120 -0.4306
vn 0.0191 0.9935 0.1121
vn 0.0191 0.9935 0.1123
vn -0.4847 0.7796 -0.3966
vn -0.4847 0.7796 -0.3965
vn 0.6251 0.1084 -0.7730
vn 0.6252 0.1084 -0.7729
vn 0.6249 0.1085 -0.7731
vn 0.6248 0.1086 -0.7732
vn -0.4051 -0.9127 -0.0545
vn -0.4052 -0.9126 -0.0545
vn -0.4051 -0.9127 -0.0541
vn -0.4045 -0.9129 -0.0546
vn 0.6265 -0.7338 -0.2629
vn 0.6260 -0.7341 -0.2630
vn 0.6263 -0.7339 -0.2629
vn -0.4051 -0.9126 0.0544
vn -0.4051 -0.9126 0.0547
vn -0.4052 -0.9126 0.0542
vn -0.4052 -0.9126 0.0547
vn 0.5664 -0.7443 -0.3539
vn 0.5665 -0.7441 -0.3541
vn 0.5664 -0.7444 -0.3538
vn 0.5666 -0.7442 -0.3537
vn -0.3840 -0.9090 0.1620
vn -0.3837 -0.9091 0.1619
vn -0.3840 -0.9090 0.1619
vn -0.3841 -0.9090 0.1619
vn 0.4903 -0.7576 -0.4309
vn 0.4904 -0.7575 -0.4310
vn 0.4903 -0.7575 -0.4310
vn 0.4904 -0.7574 -0.4311
vn -0.3430 -0.9018 0.2628
vn -0.3430 -0.9019 0.2628
vn -0.3429 -0.9019 0.2627
vn 0.4009 -0.7729 -0.4919
vn 0.4010 -0.7729 -0.4917
vn 0.4010 -0.7728 -0.4920
vn 0.1957 -0.8085 0.5550
vn 0.1955 -0.8084 0.5552
vn -0.2828 -0.8916 0.3537
vn -0.2832 -0.8913 0.3541
vn -0.2831 -0.8914 0.3540
vn -0.2828 -0.8916 0.3536
vn 0.3013 -0.7901 -0.5338
vn 0.3014 -0.7899 -0.5341
vn 0.3014 -0.7899 0.5341
vn 0.3013 -0.7899 0.5341
vn 0.3014 -0.7901 0.5338
vn -0.2069 -0.8782 0.4313
vn -0.2068 -0.8782 0.4313
vn 0.1957 -0.8085 -0.5550
vn 0.1956 -0.8084 -0.5551
vn 0.1958 -0.8085 -0.5550
vn 0.4010 -0.7728 0.4919
vn 0.4009 -0.7729 0.4918
vn 0.4010 -0.7729 0.4917
vn -0.1171 -0.8628 0.4918
vn -0.1172 -0.8628 0.4918
vn -0.1170 -0.8626 0.4923
vn 0.0880 -0.8270 -0.5552
vn 0.0879 -0.8270 -0.5553
vn 0.0881 -0.8271 -0.5551
vn 0.0878 -0.8273 -0.5549
vn 0.4903 -0.7575 0.4310
vn 0.4904 -0.7575 0.4309
vn 0.4905 -0.7574 0.4311
vn -0.0175 -0.8455 0.5337
vn -0.0173 -0.8455 0.5336
vn -0.0174 -0.8457 0.5334
vn -0.0177 -0.8455 0.5336
vn -0.0174 -0.8457 -0.5334
vn -0.0172 -0.8457 -0.5334
vn -0.0176 -0.8456 -0.5335
vn 0.5664 -0.7445 0.3535
vn 0.5668 -0.7442 0.3534
vn 0.5668 -0.7441 0.3536
vn 0.5665 -0.7443 0.3537
vn 0.0879 -0.8272 0.5549
vn 0.0880 -0.8273 0.5548
vn 0.0877 -0.8272 0.5550
vn 0.0880 -0.8272 0.5550
vn -0.1171 -0.8628 -0.4918
vn -0.1176 -0.8627 -0.4919
vn -0.1172 -0.8628 -0.4918
vn 0.6261 -0.7341 0.2630
vn 0.6260 -0.7341 0.2630
vn 0.6264 -0.7338 0.2629
vn 0.6265 -0.7338 0.2629
vn -0.2069 -0.8783 -0.4311
vn -0.2067 -0.8783 -0.4311
vn -0.2070 -0.8782 -0.4312
vn -0.2068 -0.8783 -0.4311
vn 0.6677 -0.7267 0.1616
vn 0.6677 -0.7267 0.1615
vn 0.6677 -0.7266 0.1617
vn 0.6677 -0.7267 0.1618
vn -0.2830 -0.8915 -0.3537
vn -0.2830 -0.8915 -0.3538
vn -0.2832 -0.8912 -0.3543
vn -0.2833 -0.8914 -0.3539
vn 0.6885 -0.7232 0.0549
vn 0.6885 -0.7231 0.0550
vn -0.3430 -0.9019 -0.2628
vn -0.3429 -0.9019 -0.2628
vn -0.3430 -0.9018 -0.2628
vn -0.3430 -0.9018 -0.2627
vn 0.6885 -0.7232 -0.0548
vn 0.6885 -0.7231 -0.0549
vn -0.3841 -0.9090 -0.1620
vn -0.3840 -0.9090 -0.1622
vn -0.3840 -0.9090 -0.1621
vn -0.3841 -0.9090 -0.1619
vn -0.0145 0.7110 -0.7030
vn -0.0146 0.7110 -0.7030
vn -0.0144 0.7110 -0.7030
vn -0.8689 -0.1510 0.4715
vn 0.4648 0.0803 -0.8818
vn 0.4647 0.0804 -0.8818
vn 0.4647 0.0803 -0.8818
vn 0.0966 0.0167 0.9952
vn 0.0965 0.0167 0.9952
vn -0.7618 -0.1323 0.6341
vn 0.2855 0.0495 -0.9571
vn 0.2856 0.0496 -0.9571
vn 0.2858 0.0496 -0.9570
vn 0.2859 0.0496 -0.9570
vn 0.2857 0.0496 0.9570
vn 0.2856 0.0496 0.9571
vn 0.2855 0.0495 0.9571
vn 0.2857 0.0495 0.9570
vn -0.6252 -0.1084 0.7729
vn -0.6248 -0.1086 0.7732
vn -0.6251 -0.1085 0.7730
vn -0.6253 -0.1084 0.7728
vn 0.0965 0.0167 -0.9952
vn 0.0966 0.0167 -0.9952
vn 0.0964 0.0167 -0.9952
vn 0.4645 0.0806 0.8819
vn 0.4643 0.0807 0.8820
vn 0.4648 0.0803 0.8818
vn -0.4646 -0.0805 0.8819
vn -0.4648 -0.0804 0.8818
vn -0.4644 -0.0806 0.8820
vn -0.0966 -0.0167 -0.9952
vn 0.6251 0.1084 0.7730
vn 0.6252 0.1084 0.7729
vn 0.6250 0.1084 0.7731
vn -0.2855 -0.0495 0.9571
vn -0.2853 -0.0493 0.9572
vn -0.2854 -0.0494 0.9571
vn -0.2856 -0.0496 0.9571
vn -0.2854 -0.0494 -0.9571
vn -0.2857 -0.0495 -0.9570
vn -0.2855 -0.0495 -0.9571
vn -0.2856 -0.0496 -0.9571
vn 0.7616 0.1321 0.6344
vn 0.7617 0.1321 0.6343
vn -0.0967 -0.0167 0.9952
vn -0.0966 -0.0167 0.9952
vn -0.0965 -0.0167 0.9952
vn -0.4644 -0.0806 -0.8820
vn -0.4648 -0.0804 -0.8818
vn -0.4646 -0.0805 -0.8819
vn -0.4641 -0.0806 -0.8821
vn 0.8690 0.1507 0.4713
vn 0.8689 0.1510 0.4715
vn 0.8690 0.1507 0.4714
vn -0.6250 -0.1084 -0.7730
vn -0.6251 -0.1084 -0.7730
vn -0.6252 -0.1084 -0.7729
vn 0.9428 0.1636 0.2903
vn 0.9429 0.1635 0.2902
vn 0.9429 0.1635 0.2903
vn -0.7617 -0.1320 -0.6343
vn -0.7616 -0.1321 -0.6344
vn -0.7614 -0.1323 -0.6346
vn 0.9806 0.1700 0.0981
vn 0.9806 0.1700 0.0980
vn 0.9805 0.1701 0.0981
vn -0.8690 -0.1505 -0.4713
vn -0.8689 -0.1510 -0.4715
vn -0.8690 -0.1507 -0.4714
vn -0.8690 -0.1505 -0.4714
vn 0.9806 0.1700 -0.0980
vn 0.9805 0.1701 -0.0979
vn 0.9805 0.1704 -0.0975
vn -0.9429 -0.1635 -0.2903
vn 0.9429 0.1635 -0.2903
vn 0.9429 0.1634 -0.2902
vn 0.9429 0.1633 -0.2903
vn -0.9805 -0.1700 -0.0982
vn -0.9806 -0.1700 -0.0980
vn -0.9805 -0.1701 -0.0979
vn -0.9806 -0.1700 -0.0981
vn 0.8689 0.1510 -0.4715
vn 0.8690 0.1507 -0.4714
vn -0.9806 -0.1700 0.0981
vn -0.9806 -0.1701 0.0977
vn -0.9806 -0.1701 0.0979
vn -0.9806 -0.1700 0.0980
vn 0.7616 0.1323 -0.6344
vn -0.9429 -0.1635 0.2903
vn -0.9429 -0.1636 0.2902
vn -0.9429 -0.1635 0.2902
vn -0.1871 -0.8769 -0.4427
vn 0.1644 0.8543 0.4931
vn -0.4563 0.4998 0.7362
vn -0.1507 0.6353 -0.7574
vn 0.1948 0.9100 0.3659
vn -0.3022 0.5638 0.7687
vn -0.3022 0.5638 -0.7686
vn -0.3022 0.5638 -0.7687
vn 0.1909 0.9500 0.2471
vn -0.1507 0.6353 0.7574
vn -0.4563 0.4998 -0.7362
vn 0.1663 0.9747 0.1495
vn -0.6018 0.4452 -0.6631
vn 0.1377 0.9875 0.0767
vn -0.7292 0.4010 -0.5545
vn 0.1194 0.9926 0.0232
vn 0.1193 0.9926 0.0232
vn -0.8311 0.3677 -0.4173
vn 0.1193 0.9926 -0.0232
vn 0.1194 0.9926 -0.0232
vn -0.9020 0.3454 -0.2589
vn 0.1377 0.9875 -0.0767
vn -0.9384 0.3343 -0.0877
vn -0.9384 0.3342 -0.0877
vn -0.9384 0.3343 -0.0878
vn 0.1663 0.9747 -0.1495
vn -0.9384 0.3342 0.0879
vn -0.9384 0.3342 0.0878
vn -0.9384 0.3342 0.0877
vn -0.9385 0.3341 0.0876
vn 0.1909 0.9500 -0.2471
vn -0.9020 0.3454 0.2589
vn 0.1948 0.9100 -0.3659
vn -0.8311 0.3677 0.4173
vn 0.1644 0.8543 -0.4931
vn -0.0146 0.7110 0.7030
vn -0.0146 0.7111 0.7030
vn -0.7292 0.4010 0.5545
vn 0.0936 0.7861 -0.6110
vn 0.0936 0.7861 0.6110
vn -0.6018 0.4452 0.6631
vn -0.8804 -0.0501 -0.4715
vn 0.4912 -0.8383 0.2366
vn 0.4913 -0.8383 0.2365
vn 0.4911 -0.8383 0.2368
vn 0.4907 -0.8385 0.2371
vn -0.2687 -0.8816 -0.3880
vn -0.2688 -0.8816 -0.3880
vn 0.5289 -0.8360 0.1460
vn 0.5289 -0.8361 0.1457
vn 0.5287 -0.8362 0.1461
vn 0.5283 -0.8364 0.1463
vn -0.3380 -0.8856 -0.3185
vn -0.3382 -0.8856 -0.3185
vn -0.3379 -0.8856 -0.3185
vn -0.3378 -0.8857 -0.3185
vn 0.5474 -0.8354 0.0489
vn 0.5479 -0.8351 0.0492
vn 0.5479 -0.8351 0.0491
vn -0.3928 -0.8886 -0.2367
vn -0.3928 -0.8887 -0.2366
vn 0.5479 -0.8351 -0.0492
vn 0.5478 -0.8352 -0.0489
vn 0.5482 -0.8349 -0.0494
vn -0.4303 -0.8909 -0.1456
vn -0.4304 -0.8908 -0.1457
vn -0.4303 -0.8909 -0.1457
vn 0.5287 -0.8361 -0.1460
vn 0.5285 -0.8363 -0.1456
vn 0.5288 -0.8361 -0.1458
vn 0.5288 -0.8361 -0.1459
vn -0.4496 -0.8919 -0.0491
vn -0.4496 -0.8919 -0.0492
vn -0.4493 -0.8920 -0.0492
vn 0.4911 -0.8383 -0.2367
vn 0.4912 -0.8383 -0.2366
vn -0.4491 -0.8921 0.0497
vn -0.4493 -0.8920 0.0492
vn -0.4495 -0.8919 0.0493
vn -0.4496 -0.8919 0.0493
vn 0.4367 -0.8414 -0.3184
vn -0.4304 -0.8908 0.1457
vn -0.4303 -0.8908 0.1457
vn 0.3672 -0.8453 -0.3882
vn 0.3671 -0.8454 -0.3879
vn 0.3672 -0.8452 -0.3884
vn 0.3672 -0.8453 -0.3880
vn -0.3929 -0.8887 0.2365
vn -0.3928 -0.8887 0.2366
vn -0.3927 -0.8888 0.2365
vn -0.3928 -0.8887 0.2365
vn 0.2856 -0.8500 -0.4427
vn 0.2858 -0.8499 -0.4427
vn 0.2856 -0.8498 -0.4429
vn 0.2854 -0.8500 -0.4428
vn 0.0983 -0.8607 0.4996
vn 0.0983 -0.8606 0.4996
vn 0.0983 -0.8607 0.4995
vn -0.3380 -0.8856 0.3185
vn -0.3380 -0.8856 0.3186
vn -0.3380 -0.8856 0.3184
vn -0.3379 -0.8857 0.3183
vn 0.1947 -0.8552 -0.4803
vn 0.1947 -0.8552 -0.4804
vn 0.1943 -0.8552 -0.4805
vn 0.1944 -0.8553 -0.4803
vn 0.1946 -0.8552 0.4804
vn 0.1945 -0.8551 0.4806
vn 0.1947 -0.8552 0.4804
vn -0.2687 -0.8817 0.3879
vn -0.2687 -0.8816 0.3880
vn -0.2687 -0.8816 0.3881
vn 0.0984 -0.8606 -0.4997
vn 0.0983 -0.8606 -0.4997
vn 0.0983 -0.8607 -0.4996
vn 0.0984 -0.8607 -0.4996
vn 0.2854 -0.8499 0.4430
vn 0.2854 -0.8500 0.4427
vn -0.1873 -0.8770 0.4424
vn -0.1872 -0.8770 0.4426
vn -0.1871 -0.8769 0.4428
vn -0.0002 -0.8662 -0.4997
vn -0.0003 -0.8661 -0.4998
vn -0.0001 -0.8662 -0.4996
vn 0.3672 -0.8451 0.3884
vn 0.3667 -0.8453 0.3885
vn 0.3669 -0.8454 0.3882
vn 0.3671 -0.8454 0.3880
vn -0.0959 -0.8716 0.4807
vn -0.0963 -0.8718 0.4804
vn -0.0960 -0.8719 0.4802
vn -0.0963 -0.8717 0.4805
vn -0.0960 -0.8717 -0.4805
vn -0.0961 -0.8717 -0.4806
vn -0.0959 -0.8717 -0.4805
vn -0.0958 -0.8718 -0.4804
vn 0.4367 -0.8414 0.3184
vn 0.4364 -0.8415 0.3185
vn -0.0000 -0.8663 0.4996
vn -0.0000 -0.8662 0.4996
vn -0.0000 -0.8661 0.4998
vn -0.8332 0.5471 0.0804
vn -0.8332 0.5471 0.0803
vn -0.8331 0.5472 0.0805
vn 0.9936 0.0566 -0.0979
vn 0.9936 0.0566 -0.0980
vn -0.9554 -0.0544 -0.2904
vn -0.9554 -0.0544 -0.2903
vn 0.9554 0.0544 -0.2902
vn 0.9554 0.0544 -0.2903
vn 0.9554 0.0544 -0.2901
vn -0.9936 -0.0568 -0.0980
vn -0.9936 -0.0566 -0.0981
vn -0.9936 -0.0566 -0.0980
vn 0.8805 0.0501 -0.4715
vn -0.9936 -0.0568 0.0981
vn -0.9936 -0.0566 0.0982
vn -0.9935 -0.0567 0.0983
vn -0.9936 -0.0566 0.0981
vn 0.7717 0.0439 -0.6345
vn 0.7720 0.0439 -0.6341
vn 0.7719 0.0439 -0.6342
vn -0.9554 -0.0544 0.2904
vn -0.9554 -0.0544 0.2902
vn -0.9554 -0.0544 0.2903
vn 0.6330 0.0360 -0.7733
vn 0.6332 0.0361 -0.7731
vn -0.8804 -0.0501 0.4715
vn 0.4705 0.0268 -0.8820
vn 0.4701 0.0268 -0.8822
vn 0.4704 0.0268 -0.8820
vn 0.0981 0.0056 0.9952
vn 0.0980 0.0056 0.9952
vn 0.0978 0.0056 0.9952
vn -0.7717 -0.0439 0.6345
vn 0.2899 0.0165 -0.9569
vn 0.2903 0.0165 -0.9568
vn 0.2895 0.0165 -0.9570
vn 0.2899 0.0165 0.9569
vn -0.6333 -0.0361 0.7730
vn -0.6330 -0.0360 0.7733
vn -0.6332 -0.0361 0.7731
vn 0.0979 0.0056 -0.9952
vn 0.0986 0.0056 -0.9951
vn 0.4708 0.0268 0.8818
vn 0.4713 0.0268 0.8816
vn 0.4707 0.0268 0.8819
vn -0.4708 -0.0268 0.8818
vn -0.4710 -0.0268 0.8817
vn -0.4707 -0.0268 0.8819
vn -0.4709 -0.0268 0.8818
vn -0.0979 -0.0056 -0.9952
vn -0.0981 -0.0056 -0.9952
vn 0.6330 0.0360 0.7733
vn -0.2898 -0.0165 0.9569
vn -0.2900 -0.0165 -0.9569
vn -0.2898 -0.0165 -0.9569
vn -0.2903 -0.0165 -0.9568
vn 0.7717 0.0439 0.6345
vn -0.0980 -0.0056 0.9952
vn -0.0986 -0.0056 0.9951
vn -0.0983 -0.0056 0.9951
vn -0.4702 -0.0268 -0.8822
vn 0.8805 0.0501 0.4715
vn -0.6330 -0.0360 -0.7733
vn -0.6333 -0.0361 -0.7730
vn 0.9554 0.0544 0.2904
vn 0.9554 0.0544 0.2902
vn 0.9554 0.0544 0.2903
vn -0.7717 -0.0439 -0.6345
vn 0.9935 0.0566 0.0983
vn 0.9936 0.0566 0.0982
vn -0.3379 -0.6941 -0.6356
vn -0.3380 -0.6941 -0.6356
vn -0.3381 -0.6941 -0.6355
vn 0.3555 0.8803 -0.3141
vn -0.7986 0.5533 0.2368
vn -0.7985 0.5534 0.2368
vn -0.7986 0.5534 0.2367
vn 0.3135 0.8544 -0.4143
vn -0.7310 0.5663 0.3808
vn -0.7311 0.5660 0.3810
vn -0.7312 0.5659 0.3811
vn 0.2478 0.8228 -0.5114
vn 0.0418 0.7486 0.6617
vn -0.6346 0.5847 0.5054
vn -0.6344 0.5852 0.5051
vn 0.1566 0.7869 -0.5969
vn 0.1566 0.7869 0.5969
vn -0.5149 0.6089 0.6034
vn -0.5147 0.6091 0.6034
vn -0.5146 0.6092 0.6034
vn 0.0418 0.7486 -0.6617
vn 0.2478 0.8228 0.5114
vn -0.3785 0.6387 0.6699
vn -0.3784 0.6387 0.6699
vn -0.3784 0.6386 0.6701
vn -0.0911 0.7099 -0.6984
vn 0.3135 0.8544 0.4143
vn -0.2342 0.6727 0.7018
vn -0.2343 0.6727 0.7019
vn -0.2342 0.6728 -0.7018
vn -0.2342 0.6727 -0.7018
vn -0.2342 0.6727 -0.7019
vn 0.3555 0.8803 0.3141
vn -0.0911 0.7099 0.6984
vn -0.3784 0.6387 -0.6699
vn -0.3782 0.6389 -0.6700
vn 0.3785 0.8998 0.2172
vn -0.5148 0.6093 -0.6031
vn -0.5147 0.6091 -0.6034
vn -0.5147 0.6090 -0.6035
vn 0.3889 0.9125 0.1265
vn 0.3889 0.9126 0.1265
vn -0.6346 0.5848 -0.5053
vn -0.6346 0.5847 -0.5054
vn -0.6344 0.5848 -0.5055
vn 0.3924 0.9189 0.0414
vn -0.7311 0.5660 -0.3811
vn -0.7311 0.5660 -0.3810
vn 0.3924 0.9189 -0.0414
vn 0.3924 0.9189 -0.0412
vn -0.7985 0.5535 -0.2365
vn -0.7985 0.5535 -0.2368
vn -0.7986 0.5535 -0.2366
vn 0.3889 0.9125 -0.1265
vn -0.8330 0.5473 -0.0808
vn -0.8331 0.5472 -0.0802
vn -0.8330 0.5473 -0.0807
vn -0.8332 0.5471 -0.0804
vn 0.3785 0.8998 -0.2172
vn -0.8820 -0.0039 -0.4712
vn 0.6372 -0.6918 0.3397
vn 0.6370 -0.6920 0.3398
vn -0.4554 -0.6945 -0.5571
vn -0.4554 -0.6944 -0.5571
vn -0.4554 -0.6943 -0.5572
vn 0.6913 -0.6917 0.2090
vn 0.6911 -0.6920 0.2086
vn 0.6912 -0.6918 0.2088
vn 0.6914 -0.6915 0.2092
vn -0.5553 -0.6947 -0.4572
vn 0.7190 -0.6914 0.0707
vn 0.7191 -0.6913 0.0706
vn 0.7189 -0.6915 0.0707
vn 0.7188 -0.6916 0.0708
vn -0.6338 -0.6949 -0.3397
vn -0.6339 -0.6948 -0.3396
vn -0.6338 -0.6948 -0.3399
vn 0.7189 -0.6915 -0.0706
vn 0.7188 -0.6916 -0.0705
vn 0.7189 -0.6915 -0.0707
vn 0.7191 -0.6913 -0.0708
vn -0.6876 -0.6951 -0.2098
vn -0.6878 -0.6950 -0.2097
vn -0.6875 -0.6952 -0.2099
vn -0.6879 -0.6950 -0.2093
vn 0.6914 -0.6915 -0.2091
vn 0.6913 -0.6917 -0.2090
vn 0.6914 -0.6916 -0.2091
vn 0.6914 -0.6915 -0.2090
vn -0.7153 -0.6952 -0.0709
vn -0.7153 -0.6952 -0.0706
vn -0.7152 -0.6954 -0.0708
vn -0.7154 -0.6951 -0.0708
vn 0.6370 -0.6920 -0.3397
vn 0.6370 -0.6920 -0.3398
vn 0.6373 -0.6917 -0.3397
vn -0.7154 -0.6952 0.0708
vn -0.7153 -0.6952 0.0706
vn -0.7152 -0.6953 0.0710
vn -0.7154 -0.6951 0.0706
vn 0.5591 -0.6917 -0.4570
vn 0.5590 -0.6918 -0.4571
vn 0.5590 -0.6917 -0.4573
vn 0.5594 -0.6913 -0.4574
vn -0.6879 -0.6950 0.2093
vn -0.6879 -0.6950 0.2092
vn 0.4589 -0.6921 -0.5571
vn 0.4588 -0.6922 -0.5571
vn 0.4591 -0.6920 -0.5571
vn 0.4592 -0.6919 -0.5571
vn -0.6338 -0.6949 0.3397
vn -0.6339 -0.6949 0.3396
vn -0.6338 -0.6949 0.3396
vn 0.3415 -0.6923 -0.6357
vn 0.3415 -0.6924 -0.6356
vn 0.3416 -0.6923 -0.6357
vn 0.0726 -0.6933 0.7169
vn 0.0724 -0.6931 0.7172
vn 0.0725 -0.6934 0.7169
vn -0.5553 -0.6947 0.4572
vn 0.2110 -0.6928 -0.6896
vn 0.2107 -0.6929 -0.6896
vn 0.2105 -0.6926 -0.6899
vn 0.2104 -0.6925 -0.6900
vn 0.2108 -0.6927 0.6897
vn 0.2103 -0.6928 0.6897
vn -0.4554 -0.6944 0.5571
vn -0.4554 -0.6945 0.5571
vn 0.0725 -0.6932 -0.7171
vn 0.0729 -0.6934 -0.7169
vn 0.0729 -0.6931 -0.7171
vn 0.0725 -0.6931 -0.7172
vn 0.3418 -0.6922 0.6356
vn 0.3415 -0.6923 0.6356
vn 0.3416 -0.6923 0.6356
vn 0.3419 -0.6924 0.6354
vn -0.3384 -0.6940 0.6355
vn -0.3377 -0.6945 0.6353
vn -0.3382 -0.6942 0.6354
vn -0.3381 -0.6941 0.6356
vn -0.0689 -0.6934 -0.7173
vn -0.0691 -0.6931 -0.7175
vn -0.0688 -0.6932 -0.7174
vn -0.0689 -0.6934 -0.7172
vn 0.4591 -0.6920 0.5571
vn 0.4590 -0.6921 0.5571
vn -0.2077 -0.6938 0.6896
vn -0.2074 -0.6938 0.6897
vn -0.2079 -0.6936 0.6897
vn -0.2074 -0.6940 0.6894
vn -0.2077 -0.6937 -0.6897
vn -0.2075 -0.6937 -0.6897
vn -0.2076 -0.6937 -0.6897
vn 0.5587 -0.6918 0.4575
vn 0.5587 -0.6919 0.4573
vn 0.5589 -0.6916 0.4574
vn 0.5594 -0.6913 0.4574
vn -0.0687 -0.6935 0.7172
vn -0.0684 -0.6936 0.7171
vn -0.0686 -0.6935 0.7171
vn -0.0688 -0.6935 0.7172
vn -0.0026 1.0000 -0.0000
vn -0.0025 1.0000 0.0002
vn -0.0028 1.0000 -0.0000
vn -0.0023 1.0000 0.0001
vn -0.0024 1.0000 -0.0000
vn -0.0029 1.0000 0.0004
vn -0.0027 1.0000 -0.0000
vn -0.0024 1.0000 -0.0001
vn -0.0022 1.0000 -0.0004
vn -0.0026 1.0000 0.0001
vn -0.0029 1.0000 0.0002
vn -0.0028 1.0000 0.0003
vn -0.0025 1.0000 -0.0000
vn -0.0028 1.0000 -0.0003
vn -0.0023 1.0000 -0.0001
vn -0.0026 1.0000 0.0004
vn -0.0025 1.0000 -0.0004
vn -0.0029 1.0000 -0.0006
vn -0.0026 1.0000 -0.0002
vn 0.9952 0.0046 -0.0976
vn 0.9952 0.0043 -0.0980
vn 0.9952 0.0042 -0.0981
vn -0.9569 -0.0044 -0.2903
vn 0.9569 0.0044 -0.2903
vn -0.9952 -0.0044 -0.0980
vn -0.9952 -0.0044 -0.0979
vn 0.8816 0.0040 -0.4719
vn 0.8819 0.0039 -0.4715
vn -0.9952 -0.0044 0.0980
vn -0.9952 -0.0044 0.0981
vn 0.7729 0.0029 -0.6345
vn 0.7730 0.0034 -0.6344
vn 0.7729 0.0030 -0.6345
vn 0.7729 0.0034 -0.6345
vn -0.9569 -0.0044 0.2903
vn 0.6342 0.0030 -0.7731
vn 0.6342 0.0029 -0.7732
vn 0.6344 0.0027 -0.7730
vn 0.6345 0.0026 -0.7729
vn -0.8820 -0.0039 0.4712
vn -0.8820 -0.0039 0.4713
vn 0.4713 0.0020 -0.8820
vn 0.4710 0.0021 -0.8821
vn 0.4714 0.0021 -0.8819
vn 0.0977 0.0004 0.9952
vn 0.0981 0.0004 0.9952
vn -0.7726 -0.0035 0.6349
vn 0.2901 0.0011 -0.9570
vn 0.2899 0.0009 -0.9570
vn 0.2903 0.0013 -0.9569
vn 0.2901 0.0011 0.9570
vn 0.2899 0.0013 0.9570
vn 0.2903 0.0009 0.9569
vn -0.6344 -0.0028 0.7730
vn -0.6349 -0.0029 0.7726
vn 0.0980 0.0004 -0.9952
vn 0.4714 0.0021 0.8819
vn 0.4715 0.0021 0.8818
vn 0.4715 0.0020 0.8819
vn -0.4716 -0.0021 0.8818
vn -0.4714 -0.0021 0.8819
vn -0.4715 -0.0021 0.8819
vn -0.0980 -0.0004 -0.9952
vn -0.0979 -0.0004 -0.9952
vn 0.6346 0.0024 0.7729
vn 0.6346 0.0028 0.7729
vn 0.6344 0.0027 0.7730
vn -0.2903 -0.0013 0.9569
vn -0.2903 -0.0013 -0.9569
vn 0.7729 0.0034 0.6345
vn 0.7730 0.0033 0.6344
vn 0.7729 0.0033 0.6345
vn 0.7726 0.0035 0.6349
vn -0.0979 -0.0004 0.9952
vn -0.0981 -0.0004 0.9952
vn -0.0976 -0.0004 0.9952
vn -0.4713 -0.0021 -0.8820
vn -0.4716 -0.0021 -0.8818
vn 0.8816 0.0040 0.4719
vn 0.8818 0.0040 0.4716
vn -0.6344 -0.0028 -0.7730
vn -0.6343 -0.0028 -0.7731
vn -0.6346 -0.0028 -0.7729
vn 0.9569 0.0044 0.2903
vn -0.7728 -0.0034 -0.6347
vn -0.7726 -0.0035 -0.6349
vn 0.9952 0.0046 0.0977
vn -0.9952 -0.0000 0.0981
vn -0.2439 -0.8555 0.4568
vn -0.2440 -0.8556 0.4565
vn -0.2439 -0.8556 0.4565
vn -0.2439 -0.8557 0.4564
vn -0.0507 -0.8556 -0.5152
vn -0.0507 -0.8556 -0.5151
vn -0.0507 -0.8557 -0.5150
vn 0.3283 -0.8557 0.4000
vn 0.3283 -0.8557 0.3999
vn 0.3284 -0.8556 0.4001
vn -0.1502 -0.8557 0.4953
vn -0.1502 -0.8556 0.4953
vn -0.1504 -0.8555 0.4955
vn -0.1503 -0.8556 0.4953
vn -0.1502 -0.8557 -0.4952
vn -0.1502 -0.8556 -0.4953
vn -0.1502 -0.8555 -0.4954
vn 0.4002 -0.8556 0.3285
vn 0.4001 -0.8556 0.3283
vn 0.3999 -0.8556 0.3286
vn 0.4000 -0.8557 0.3284
vn -0.0507 -0.8556 0.5152
vn -0.0507 -0.8557 0.5150
vn -0.2441 -0.8555 -0.4566
vn -0.2440 -0.8557 -0.4564
vn -0.2441 -0.8555 -0.4567
vn -0.2441 -0.8554 -0.4569
vn 0.4564 -0.8556 0.2441
vn 0.4564 -0.8557 0.2441
vn 0.4564 -0.8557 0.2440
vn 0.4569 -0.8554 0.2441
vn -0.3282 -0.8557 -0.4001
vn -0.3280 -0.8557 -0.4003
vn -0.3283 -0.8555 -0.4003
vn -0.3285 -0.8555 -0.4002
vn 0.4953 -0.8557 0.1501
vn 0.4951 -0.8558 0.1502
vn 0.4952 -0.8557 0.1502
vn -0.4001 -0.8556 -0.3284
vn -0.3999 -0.8558 -0.3281
vn -0.3999 -0.8557 -0.3283
vn -0.3998 -0.8558 -0.3283
vn 0.5146 -0.8559 0.0507
vn 0.5147 -0.8558 0.0508
vn 0.5147 -0.8559 0.0507
vn 0.5149 -0.8557 0.0507
vn -0.4568 -0.8555 -0.2439
vn -0.4559 -0.8559 -0.2439
vn -0.4566 -0.8556 -0.2439
vn -0.4569 -0.8554 -0.2439
vn 0.5149 -0.8558 -0.0507
vn 0.5153 -0.8555 -0.0507
vn 0.5147 -0.8559 -0.0507
vn 0.5148 -0.8558 -0.0507
vn -0.4954 -0.8556 -0.1502
vn -0.4951 -0.8558 -0.1502
vn -0.4953 -0.8556 -0.1502
vn -0.4950 -0.8558 -0.1502
vn 0.4953 -0.8557 -0.1501
vn 0.4959 -0.8553 -0.1500
vn 0.4953 -0.8556 -0.1501
vn 0.4951 -0.8558 -0.1502
vn -0.5146 -0.8559 -0.0507
vn -0.5145 -0.8560 -0.0507
vn -0.5147 -0.8559 -0.0506
vn -0.5153 -0.8555 -0.0507
vn 0.4567 -0.8554 -0.2443
vn 0.4567 -0.8555 -0.2442
vn 0.4565 -0.8556 -0.2440
vn 0.4568 -0.8554 -0.2444
vn -0.5147 -0.8559 0.0507
vn -0.5147 -0.8558 0.0508
vn -0.5146 -0.8559 0.0507
vn -0.5145 -0.8560 0.0506
vn 0.4000 -0.8557 -0.3282
vn 0.3999 -0.8558 -0.3281
vn 0.4001 -0.8556 -0.3284
vn 0.4001 -0.8555 -0.3286
vn -0.4948 -0.8559 0.1501
vn -0.4951 -0.8557 0.1502
vn -0.4950 -0.8558 0.1503
vn 0.3284 -0.8555 -0.4003
vn 0.3284 -0.8554 -0.4006
vn 0.3284 -0.8556 -0.4002
vn 0.3283 -0.8557 -0.3999
vn -0.4566 -0.8555 0.2441
vn -0.4565 -0.8556 0.2441
vn -0.4564 -0.8557 0.2440
vn -0.4564 -0.8558 0.2437
vn 0.2440 -0.8557 -0.4564
vn 0.2443 -0.8554 -0.4568
vn 0.2440 -0.8556 -0.4565
vn 0.0507 -0.8557 0.5150
vn 0.0507 -0.8556 0.5151
vn -0.4000 -0.8556 0.3284
vn -0.4001 -0.8556 0.3283
vn -0.4002 -0.8556 0.3284
vn -0.4001 -0.8557 0.3283
vn 0.1502 -0.8556 -0.4954
vn 0.1502 -0.8556 -0.4953
vn 0.1504 -0.8555 -0.4955
vn 0.1502 -0.8557 0.4953
vn 0.1502 -0.8557 0.4952
vn 0.1502 -0.8556 0.4953
vn -0.3283 -0.8557 0.4000
vn -0.3284 -0.8556 0.4001
vn -0.3283 -0.8557 0.3999
vn 0.0508 -0.8553 -0.5157
vn 0.0508 -0.8553 -0.5156
vn 0.0507 -0.8554 -0.5155
vn 0.0507 -0.8554 -0.5154
vn 0.2440 -0.8555 0.4568
vn 0.2440 -0.8556 0.4566
vn 0.2438 -0.8556 0.4566
vn 0.2436 -0.8557 0.4565
vn 0.7731 -0.0000 -0.6343
vn -0.9569 -0.0000 0.2903
vn 0.6342 -0.0000 -0.7732
vn 0.6338 -0.0000 -0.7735
vn -0.8818 -0.0000 0.4716
vn 0.4716 -0.0000 -0.8818
vn 0.0981 -0.0000 0.9952
vn -0.7731 -0.0000 0.6343
vn 0.2903 -0.0000 -0.9569
vn 0.2903 -0.0000 0.9569
vn -0.6344 -0.0000 0.7730
vn 0.0981 -0.0000 -0.9952
vn 0.4713 -0.0000 0.8820
vn 0.4708 -0.0000 0.8822
vn 0.4711 -0.0000 0.8821
vn -0.4708 -0.0000 0.8822
vn -0.0981 -0.0000 -0.9952
vn 0.6344 -0.0000 0.7730
vn -0.2903 -0.0000 0.9569
vn -0.2903 -0.0000 -0.9569
vn 0.7731 -0.0000 0.6343
vn -0.0981 -0.0000 0.9952
vn -0.4716 -0.0000 -0.8818
vn 0.8818 -0.0000 0.4716
vn -0.6343 -0.0000 -0.7731
vn -0.6338 -0.0000 -0.7735
vn -0.6343 -0.0000 -0.7730
vn 0.9569 -0.0000 0.2903
vn -0.7731 -0.0000 -0.6343
vn 0.9952 -0.0000 0.0981
vn -0.8820 -0.0000 -0.4713
vn -0.8818 -0.0000 -0.4716
vn -0.8820 -0.0000 -0.4712
vn 0.9952 -0.0000 -0.0980
vn -0.9569 -0.0000 -0.2903
vn 0.9569 -0.0000 -0.2903
vn -0.9952 -0.0000 -0.0980
vn 0.8818 -0.0000 -0.4716
vn 0.8821 -0.0000 -0.4711
vn 0.8820 -0.0000 -0.4712
vn 0.6343 -0.0000 0.7731
vn 0.8307 -0.5507 -0.0819
vn 0.8309 -0.5504 -0.0817
vn 0.8305 -0.5509 -0.0820
vn -0.7989 -0.5505 -0.2422
vn -0.7989 -0.5506 -0.2422
vn -0.7988 -0.5506 -0.2423
vn -0.7989 -0.5505 -0.2423
vn 0.7988 -0.5508 -0.2422
vn 0.7989 -0.5506 -0.2423
vn 0.7988 -0.5506 -0.2422
vn 0.7988 -0.5509 -0.2419
vn -0.8305 -0.5509 -0.0820
vn -0.8305 -0.5510 -0.0820
vn -0.8306 -0.5509 -0.0820
vn 0.7362 -0.5506 -0.3935
vn 0.7363 -0.5505 -0.3935
vn 0.7361 -0.5508 -0.3935
vn -0.8308 -0.5506 0.0818
vn -0.8308 -0.5505 0.0818
vn -0.8307 -0.5507 0.0819
vn -0.8308 -0.5506 0.0817
vn 0.6453 -0.5506 -0.5296
vn 0.6451 -0.5511 -0.5293
vn 0.6453 -0.5505 -0.5296
vn -0.7989 -0.5505 0.2423
vn 0.5296 -0.5505 -0.6453
vn 0.5296 -0.5505 -0.6454
vn -0.7364 -0.5502 0.3936
vn -0.7361 -0.5507 0.3935
vn -0.7365 -0.5500 0.3937
vn -0.7364 -0.5503 0.3936
vn 0.3937 -0.5500 -0.7365
vn 0.3935 -0.5503 -0.7364
vn 0.3937 -0.5502 -0.7364
vn 0.3937 -0.5503 -0.7363
vn 0.0820 -0.5509 0.8305
vn 0.0817 -0.5505 0.8308
vn 0.0819 -0.5506 0.8307
vn -0.6453 -0.5504 0.5298
vn -0.6453 -0.5505 0.5296
vn -0.6454 -0.5506 0.5293
vn 0.2424 -0.5505 -0.7989
vn 0.2423 -0.5505 -0.7989
vn 0.2427 -0.5503 -0.7989
vn 0.2426 -0.5500 -0.7991
vn 0.2422 -0.5505 0.7989
vn 0.2423 -0.5504 0.7990
vn 0.2424 -0.5505 0.7989
vn -0.5296 -0.5507 0.6452
vn -0.5296 -0.5505 0.6454
vn -0.5296 -0.5505 0.6453
vn -0.5296 -0.5506 0.6452
vn 0.0820 -0.5509 -0.8305
vn 0.0819 -0.5507 -0.8307
vn 0.0820 -0.5509 -0.8306
vn 0.3935 -0.5504 0.7363
vn 0.3937 -0.5502 0.7364
vn 0.3936 -0.5502 0.7364
vn 0.3935 -0.5503 0.7364
vn -0.3938 -0.5507 0.7360
vn -0.3936 -0.5506 0.7361
vn -0.3938 -0.5505 0.7362
vn -0.3937 -0.5503 0.7363
vn -0.0820 -0.5507 -0.8307
vn -0.0821 -0.5509 -0.8305
vn -0.0818 -0.5505 -0.8308
vn 0.5296 -0.5502 0.6456
vn 0.5296 -0.5505 0.6454
vn 0.5296 -0.5505 0.6453
vn -0.2423 -0.5505 0.7989
vn -0.2426 -0.5509 0.7986
vn -0.2422 -0.5505 0.7990
vn -0.2422 -0.5505 0.7989
vn -0.2426 -0.5507 -0.7987
vn -0.2427 -0.5506 -0.7987
vn -0.2425 -0.5504 -0.7989
vn -0.2422 -0.5504 -0.7990
vn 0.6453 -0.5505 0.5296
vn 0.6453 -0.5506 0.5296
vn 0.6455 -0.5505 0.5295
vn 0.6455 -0.5503 0.5296
vn -0.0819 -0.5506 0.8308
vn -0.0820 -0.5507 0.8307
vn -0.0819 -0.5506 0.8307
vn -0.0822 -0.5509 0.8305
vn -0.3938 -0.5505 -0.7361
vn -0.3940 -0.5503 -0.7361
vn -0.3937 -0.5507 -0.7361
vn -0.3936 -0.5508 -0.7360
vn 0.7362 -0.5506 0.3935
vn 0.7363 -0.5505 0.3935
vn -0.5295 -0.5505 -0.6454
vn -0.5297 -0.5505 -0.6453
vn -0.5296 -0.5505 -0.6454
vn -0.5292 -0.5505 -0.6457
vn 0.7989 -0.5505 0.2424
vn 0.7989 -0.5505 0.2423
vn 0.7989 -0.5506 0.2423
vn -0.6452 -0.5506 -0.5296
vn -0.6454 -0.5505 -0.5296
vn -0.6453 -0.5505 -0.5296
vn -0.6450 -0.5509 -0.5296
vn 0.8308 -0.5506 0.0818
vn 0.8308 -0.5505 0.0818
vn 0.8309 -0.5504 0.0818
vn -0.7365 -0.5500 -0.3937
vn -0.7366 -0.5499 -0.3936
vn -0.7364 -0.5502 -0.3937
vn -0.7363 -0.5503 -0.3937
vn -0.2907 -0.0000 0.9568
vn -0.2907 -0.0000 -0.9568
vn 0.7729 -0.0000 0.6345
vn -0.0984 -0.0000 0.9951
vn -0.4718 -0.0000 -0.8817
vn 0.8820 -0.0000 0.4713
vn -0.6344 -0.0000 -0.7730
vn -0.6345 -0.0000 -0.7730
vn 0.9571 -0.0000 0.2898
vn 0.9952 -0.0000 0.0983
vn 0.9952 -0.0000 0.0978
vn 0.9952 -0.0000 -0.0983
vn 0.9952 -0.0000 -0.0978
vn -0.9571 -0.0000 -0.2898
vn 0.9570 -0.0000 -0.2901
vn -0.9952 -0.0000 -0.0983
vn 0.8820 -0.0000 -0.4713
vn -0.9952 -0.0000 0.0983
vn -0.9952 -0.0000 0.0980
vn -0.9571 -0.0000 0.2898
vn -0.9570 -0.0000 0.2901
vn 0.6345 -0.0000 -0.7730
vn 0.6344 -0.0000 -0.7730
vn -0.8820 -0.0000 0.4713
vn 0.4713 -0.0000 -0.8820
vn 0.0983 -0.0000 0.9952
vn -0.7729 -0.0000 0.6345
vn 0.2911 -0.0000 -0.9567
vn 0.2907 -0.0000 -0.9568
vn 0.2906 -0.0000 -0.9568
vn 0.2902 -0.0000 0.9570
vn 0.2905 -0.0000 0.9569
vn -0.6343 -0.0000 0.7731
vn 0.0983 -0.0000 -0.9952
vn -0.4718 -0.0000 0.8817
vn -0.0984 -0.0000 -0.9951
vn -0.3549 -0.0000 -0.9349
vn -0.1657 -0.0000 -0.9862
vn 0.0299 -0.0000 -0.9996
vn 0.2243 -0.0000 -0.9745
vn 0.4102 -0.0000 -0.9120
vn 0.4101 -0.0000 -0.9120
vn 0.5801 -0.0000 -0.8146
vn 0.5801 -0.0000 -0.8145
vn 0.7279 -0.0000 -0.6857
vn 0.8477 -0.0000 -0.5305
vn 0.9349 -0.0000 -0.3549
vn 0.9862 -0.0000 -0.1657
vn 0.9996 -0.0000 0.0299
vn 0.9745 -0.0000 0.2243
vn 0.9121 -0.0000 0.4100
vn 0.9121 -0.0000 0.4101
vn 0.8145 -0.0000 0.5802
vn 0.6857 -0.0000 0.7279
vn 0.5305 -0.0000 0.8477
vn 0.3549 -0.0000 0.9349
vn 0.3550 -0.0000 0.9349
vn 0.1657 -0.0000 0.9862
vn 0.1658 -0.0000 0.9862
vn -0.0299 -0.0000 0.9996
vn -0.2243 -0.0000 0.9745
vn -0.4101 -0.0000 0.9121
vn -0.4100 -0.0000 0.9121
vn -0.4101 -0.0000 0.9120
vn -0.5802 -0.0000 0.8145
vn -0.7279 -0.0000 0.6857
vn -0.8477 -0.0000 0.5305
vn -0.9349 -0.0000 0.3550
vn -0.9349 -0.0000 0.3549
vn -0.9862 -0.0000 0.1657
vn -0.9862 -0.0000 0.1656
vn -0.9996 -0.0000 -0.0299
vn -0.9745 -0.0000 -0.2243
vn -0.9121 -0.0000 -0.4101
vn -0.8145 -0.0000 -0.5802
vn -0.8145 -0.0000 -0.5801
vn 0.8312 0.4607 -0.3113
vn -0.6857 -0.0000 -0.7279
vn -0.5306 -0.0000 -0.8476
vn -0.5307 -0.0000 -0.8476
vn -0.0000 -1.0000 0.0003
vn -0.0001 -1.0000 -0.0000
vn 0.0001 -1.0000 -0.0000
vn 0.0579 0.6232 -0.7799
vn 0.0579 0.6233 -0.7799
vn -0.0799 0.7022 0.7075
vn -0.0800 0.7022 0.7075
vn -0.1629 0.9797 0.1167
vn 0.3330 0.4516 -0.8277
vn 0.6770 0.4608 0.5738
vn -0.1180 0.9930 0.0100
vn -0.4226 0.5301 -0.7351
vn -0.5558 0.6037 -0.5715
vn -0.5559 0.6037 -0.5714
vn -0.5559 0.6037 -0.5715
vn 0.8785 0.4584 -0.1349
vn 0.8784 0.4584 -0.1349
vn -0.2242 0.8074 0.5457
vn -0.2240 0.8075 0.5457
vn -0.2940 0.9504 0.1015
vn -0.2940 0.9504 0.1016
vn -0.2940 0.9504 0.1014
vn 0.4980 0.4548 -0.7383
vn 0.5215 0.4843 0.7025
vn 0.5216 0.4843 0.7024
vn -0.0647 0.9978 0.0115
vn -0.2447 0.4843 -0.8400
vn -0.2446 0.4843 -0.8400
vn 0.8892 0.4548 0.0493
vn -0.2814 0.8945 0.3473
vn -0.2813 0.8946 0.3473
vn -0.4467 0.8946 0.0143
vn -0.4467 0.8946 0.0142
vn -0.4467 0.8946 0.0144
vn 0.6383 0.4584 -0.6184
vn 0.3304 0.5301 0.7809
vn -0.0482 0.9978 0.0446
vn -0.0482 0.4608 -0.8862
vn 0.8607 0.4517 0.2348
vn 0.8607 0.4517 0.2349
vn -0.2585 0.9504 0.1730
vn -0.2584 0.9504 0.1730
vn -0.5702 0.8075 -0.1511
vn -0.5708 0.8069 -0.1518
vn -0.5702 0.8075 -0.1510
vn 0.7503 0.4606 -0.4742
vn 0.7503 0.4607 -0.4742
vn 0.1194 0.6037 0.7882
vn 0.1196 0.6037 0.7882
vn 0.1195 0.6037 0.7882
vn -0.0792 0.9930 0.0880
vn -0.0792 0.9930 0.0881
vn 0.1484 0.4521 -0.8795
vn 0.7905 0.4521 0.4132
vn -0.1915 0.9797 0.0593
vn -0.1914 0.9797 0.0593
vn -0.6121 0.7021 -0.3638
vn -0.6122 0.7021 -0.3638
vn -0.6122 0.7021 -0.3637
vn -0.8203 -0.4014 0.4074
vn -0.8202 -0.4014 0.4076
vn -0.8203 -0.4014 0.4075
vn -0.8202 -0.4018 0.4073
vn -0.8203 -0.4015 0.4074
vn -0.8204 -0.4011 0.4074
vn -0.8203 -0.4016 0.4073
vn -0.8202 -0.4016 0.4074
vn -0.8206 -0.4007 0.4076
vn -0.8201 -0.4017 0.4074
vn -0.8204 -0.4011 0.4075
vn -0.8205 -0.4009 0.4074
vn -0.8206 -0.4008 0.4074
vn -0.8203 -0.4013 0.4075
vn -0.9366 -0.1054 -0.3341
vn -0.9366 -0.1055 -0.3341
vn -0.9366 -0.1055 -0.3342
vn -0.2996 -0.1056 0.9482
vn -0.2997 -0.1054 0.9482
vn -0.2997 -0.1056 0.9482
vn 0.1544 0.7313 -0.6643
vn 0.1544 0.7314 -0.6642
vn -0.5747 -0.0878 -0.8136
vn -0.5748 -0.0880 -0.8136
vn -0.5748 -0.0878 -0.8136
vn -0.8931 0.3342 0.3011
vn -0.8931 0.3342 0.3010
vn 0.2405 0.8072 -0.5390
vn -0.7744 0.6269 -0.0856
vn -0.7744 0.6269 -0.0858
vn -0.7744 0.6269 -0.0857
vn -0.7743 0.6270 -0.0857
vn 0.3184 0.8550 -0.4094
vn -0.6106 0.7776 -0.1501
vn -0.6107 0.7775 -0.1501
vn 0.3901 0.8780 -0.2773
vn -0.4802 0.8702 -0.1104
vn -0.4802 0.8702 -0.1105
vn -0.4802 0.8702 -0.1103
vn 0.4567 0.8780 -0.1432
vn -0.3773 0.9256 -0.0287
vn -0.3774 0.9256 -0.0287
vn 0.5186 0.8550 -0.0064
vn -0.2976 0.9518 0.0749
vn -0.2976 0.9517 0.0749
vn 0.5748 0.8072 0.1341
vn -0.2395 0.9518 0.1918
vn 0.6226 0.7314 0.2783
vn 0.6226 0.7313 0.2784
vn -0.2052 0.9256 0.3180
vn 0.6564 0.6232 0.4251
vn 0.6564 0.6233 0.4250
vn -0.2021 0.8702 0.4494
vn -0.2020 0.8702 0.4494
vn 0.6664 0.4793 0.5711
vn 0.6664 0.4794 0.5710
vn -0.3422 0.0998 -0.9343
vn -0.3422 0.1000 -0.9343
vn -0.3422 0.0999 -0.9343
vn -0.2494 0.7775 0.5773
vn -0.2493 0.7775 0.5774
vn 0.6363 0.3010 0.7103
vn 0.6363 0.3011 0.7102
vn 0.6363 0.3011 0.7103
vn 0.6363 0.3009 0.7103
vn -0.1816 0.3010 -0.9362
vn -0.1815 0.3010 -0.9362
vn -0.1816 0.3009 -0.9362
vn -0.3996 0.6270 0.6687
vn -0.3996 0.6269 0.6688
vn 0.5377 0.0998 0.8372
vn 0.5378 0.0999 0.8371
vn 0.5377 0.0999 0.8372
vn 0.5377 0.0997 0.8372
vn -0.0525 0.4793 -0.8761
vn -0.7795 0.3343 0.5298
vn -0.7795 0.3343 0.5297
vn -0.7796 0.3342 0.5297
vn -0.7796 0.3343 0.5295
vn 0.3010 -0.0878 0.9496
vn 0.3010 -0.0877 0.9496
vn 0.7148 -0.0000 -0.6993
vn 0.7148 -0.0000 -0.6994
vn 0.7147 -0.0000 -0.6994
vn 0.8375 -0.0000 -0.5464
vn 0.8374 -0.0000 -0.5466
vn 0.8375 -0.0000 -0.5465
vn 0.9280 -0.0000 -0.3726
vn 0.9828 -0.0000 -0.1844
vn 0.9999 -0.0000 0.0109
vn 0.9786 -0.0000 0.2058
vn 0.9197 -0.0000 0.3927
vn 0.8254 -0.0000 0.5646
vn 0.6993 -0.0000 0.7148
vn 0.5465 -0.0000 0.8375
vn 0.3726 -0.0000 0.9280
vn 0.1844 -0.0000 0.9829
vn -0.0109 -0.0000 0.9999
vn -0.2058 -0.0000 0.9786
vn -0.3927 -0.0000 0.9197
vn -0.5646 -0.0000 0.8254
vn -0.7148 -0.0000 0.6994
vn -0.8375 -0.0000 0.5465
vn -0.8375 -0.0000 0.5464
vn -0.9280 -0.0000 0.3726
vn -0.9829 -0.0000 0.1844
vn -0.9999 -0.0000 -0.0109
vn -0.9786 -0.0000 -0.2058
vn -0.9196 -0.0000 -0.3928
vn -0.8254 -0.0000 -0.5646
vn -0.6993 -0.0000 -0.7148
vn -0.5465 -0.0000 -0.8375
vn -0.5464 -0.0000 -0.8375
vn -0.3726 -0.0000 -0.9280
vn -0.1844 -0.0000 -0.9829
vn 0.0109 -0.0000 -0.9999
vn 0.2058 -0.0000 -0.9786
vn 0.6179 0.4607 0.6372
vn 0.6179 0.4606 0.6372
vn 0.3928 -0.0000 -0.9196
vn 0.5646 -0.0000 -0.8254
vn 0.5645 -0.0000 -0.8254
vn 0.0002 -1.0000 -0.0000
vn -0.0001 -1.0000 0.0001
vn 0.7379 0.6232 -0.2591
vn 0.7379 0.6233 -0.2590
vn -0.6804 0.7021 0.2099
vn -0.1721 0.9797 -0.1026
vn 0.8918 0.4517 -0.0260
vn -0.2550 0.4607 0.8501
vn -0.0563 0.9930 -0.1042
vn 0.5046 0.5300 -0.6815
vn 0.5045 0.5300 -0.6816
vn 0.3013 0.6037 -0.7381
vn 0.3012 0.6037 -0.7381
vn 0.4751 0.4584 0.7511
vn -0.5897 0.8075 0.0128
vn -0.5897 0.8075 0.0129
vn -0.5897 0.8075 0.0130
vn -0.2105 0.9504 -0.2289
vn -0.2106 0.9504 -0.2288
vn -0.2104 0.9504 -0.2289
vn 0.8759 0.4548 0.1610
vn -0.4350 0.4843 0.7591
vn -0.4351 0.4843 0.7590
vn -0.0364 0.9978 -0.0547
vn 0.6720 0.4843 -0.5603
vn 0.6720 0.4843 -0.5602
vn 0.6719 0.4843 -0.5604
vn 0.3106 0.4548 0.8347
vn -0.4308 0.8946 -0.1188
vn -0.4308 0.8946 -0.1189
vn -0.1919 0.8946 -0.4036
vn -0.1918 0.8946 -0.4036
vn -0.1920 0.8946 -0.4036
vn 0.8222 0.4583 0.3375
vn 0.8222 0.4584 0.3375
vn -0.5835 0.5300 0.6153
vn -0.5835 0.5301 0.6152
vn -0.5835 0.5301 0.6153
vn -0.0602 0.9978 -0.0263
vn 0.7929 0.4608 -0.3987
vn 0.7929 0.4608 -0.3988
vn 0.1292 0.4517 0.8828
vn -0.2619 0.9504 -0.1678
vn -0.2619 0.9504 -0.1676
vn -0.0898 0.8075 -0.5830
vn -0.0896 0.8075 -0.5830
vn -0.0897 0.8075 -0.5830
vn 0.7348 0.4606 0.4978
vn 0.7349 0.4606 0.4978
vn -0.6746 0.6037 0.4249
vn -0.6745 0.6037 0.4249
vn -0.1124 0.9930 -0.0374
vn 0.8654 0.4521 -0.2160
vn -0.0624 0.4521 0.8898
vn -0.1309 0.9797 -0.1517
vn 0.0884 0.7022 -0.7065
vn 0.0885 0.7022 -0.7065
vn 0.0885 0.7021 -0.7065
vn 0.0886 0.7021 -0.7065
vn -0.7016 -0.4014 -0.5887
vn -0.7017 -0.4011 -0.5889
vn -0.7017 -0.4014 -0.5887
vn -0.7016 -0.4013 -0.5887
vn -0.7019 -0.4007 -0.5888
vn -0.7016 -0.4015 -0.5887
vn -0.7018 -0.4011 -0.5888
vn -0.7016 -0.4013 -0.5888
vn -0.7018 -0.4011 -0.5887
vn -0.7017 -0.4014 -0.5886
vn -0.7017 -0.4012 -0.5888
vn -0.7016 -0.4014 -0.5888
vn -0.7015 -0.4017 -0.5886
vn -0.0685 -0.1055 -0.9921
vn -0.0686 -0.1054 -0.9921
vn -0.9889 -0.1054 0.1047
vn -0.9889 -0.1055 0.1047
vn 0.6706 0.7313 -0.1242
vn 0.6706 0.7314 -0.1242
vn 0.6705 0.7314 -0.1242
vn 0.5157 -0.0878 -0.8523
vn 0.5156 -0.0880 -0.8523
vn -0.6332 0.3342 -0.6981
vn -0.6333 0.3343 -0.6980
vn -0.6333 0.3341 -0.6980
vn -0.6333 0.3340 -0.6981
vn 0.5902 0.8072 0.0048
vn 0.5902 0.8073 0.0047
vn -0.2313 0.6269 -0.7440
vn -0.2312 0.6269 -0.7440
vn -0.2313 0.6268 -0.7440
vn 0.5026 0.8550 0.1280
vn 0.5025 0.8550 0.1280
vn -0.1068 0.7775 -0.6197
vn 0.4102 0.8780 0.2465
vn 0.4102 0.8781 0.2465
vn 0.4102 0.8781 0.2464
vn -0.0908 0.8702 -0.4843
vn 0.3140 0.8780 0.3612
vn 0.3140 0.8780 0.3613
vn -0.1247 0.9257 -0.3572
vn -0.1247 0.9256 -0.3573
vn 0.2133 0.8550 0.4727
vn -0.1877 0.9518 -0.2427
vn 0.1071 0.8073 0.5804
vn -0.2717 0.9517 -0.1427
vn -0.0059 0.7314 0.6819
vn -0.0060 0.7314 0.6819
vn -0.3735 0.9256 -0.0609
vn -0.3735 0.9256 -0.0608
vn -0.1270 0.6232 0.7717
vn -0.1269 0.6232 0.7717
vn -0.4927 0.8702 -0.0054
vn -0.4927 0.8702 -0.0055
vn -0.2568 0.4793 0.8392
vn -0.2568 0.4794 0.8392
vn 0.7193 0.0998 -0.6875
vn 0.7194 0.1000 -0.6874
vn 0.7193 0.0999 -0.6874
vn -0.6288 0.7776 0.0024
vn -0.3964 0.3010 0.8673
vn -0.3964 0.3010 0.8674
vn -0.3965 0.3010 0.8673
vn 0.7854 0.3011 -0.5409
vn 0.7853 0.3010 -0.5410
vn 0.7854 0.3011 -0.5408
vn -0.7727 0.6270 -0.0986
vn -0.7728 0.6269 -0.0986
vn -0.7726 0.6272 -0.0980
vn -0.7729 0.6269 -0.0984
vn -0.5522 0.0998 0.8277
vn 0.7819 0.4793 -0.3986
vn -0.7974 0.3343 -0.5024
vn -0.7974 0.3342 -0.5024
vn -0.7498 -0.0878 0.6558
vn -0.7497 -0.0878 0.6559
vn -0.7497 -0.0878 0.6560
vn 0.0602 -0.0000 -0.9982
vn 0.2538 -0.0000 -0.9673
vn 0.4376 -0.0000 -0.8992
vn 0.6046 -0.0000 -0.7965
vn 0.6042 -0.0000 -0.7968
vn 0.6044 -0.0000 -0.7967
vn 0.6047 -0.0000 -0.7964
vn 0.7484 -0.0000 -0.6632
vn 0.7485 -0.0000 -0.6632
vn 0.8634 -0.0000 -0.5044
vn 0.9452 -0.0000 -0.3264
vn 0.9908 -0.0000 -0.1357
vn 0.9982 -0.0000 0.0602
vn 0.9673 -0.0000 0.2537
vn 0.8992 -0.0000 0.4376
vn 0.7965 -0.0000 0.6046
vn 0.6633 -0.0000 0.7484
vn 0.5045 -0.0000 0.8634
vn 0.5044 -0.0000 0.8634
vn 0.5046 -0.0000 0.8633
vn 0.3265 -0.0000 0.9452
vn 0.3264 -0.0000 0.9452
vn 0.1357 -0.0000 0.9908
vn -0.0602 -0.0000 0.9982
vn -0.2538 -0.0000 0.9673
vn -0.4376 -0.0000 0.8992
vn -0.6044 -0.0000 0.7967
vn -0.6042 -0.0000 0.7968
vn -0.6046 -0.0000 0.7965
vn -0.6047 -0.0000 0.7964
vn -0.7484 -0.0000 0.6632
vn -0.7484 -0.0000 0.6633
vn -0.8634 -0.0000 0.5044
vn -0.8633 -0.0000 0.5046
vn -0.8634 -0.0000 0.5045
vn -0.9452 -0.0000 0.3264
vn -0.9907 -0.0000 0.1357
vn -0.9982 -0.0000 -0.0602
vn -0.9673 -0.0000 -0.2538
vn -0.8992 -0.0000 -0.4376
vn -0.7966 -0.0000 -0.6046
vn -0.7971 -0.0000 -0.6039
vn -0.7966 -0.0000 -0.6045
vn -0.7965 -0.0000 -0.6046
vn -0.6633 -0.0000 -0.7484
vn -0.6632 -0.0000 -0.7484
vn -0.5042 -0.0000 -0.8636
vn -0.5044 -0.0000 -0.8634
vn -0.5043 -0.0000 -0.8635
vn -0.5039 -0.0000 -0.8638
vn 0.8857 0.4606 0.0574
vn -0.3264 -0.0000 -0.9452
vn -0.1357 -0.0000 -0.9907
vn 0.3730 0.6232 -0.6874
vn 0.3730 0.6233 -0.6873
vn 0.3731 0.6232 -0.6873
vn -0.3635 0.7020 0.6124
vn -0.3633 0.7021 0.6124
vn -0.3634 0.7021 0.6124
vn -0.3636 0.7020 0.6124
vn -0.1964 0.9797 0.0395
vn -0.1964 0.9797 0.0396
vn 0.6435 0.4517 -0.6180
vn 0.3818 0.4608 0.8012
vn -0.1117 0.9930 -0.0393
vn -0.1117 0.9930 -0.0394
vn -0.0836 0.5301 -0.8438
vn -0.0837 0.5301 -0.8438
vn -0.2723 0.6037 -0.7493
vn -0.2724 0.6036 -0.7493
vn -0.2722 0.6037 -0.7493
vn 0.8564 0.4584 0.2376
vn 0.8564 0.4584 0.2377
vn 0.8564 0.4584 0.2375
vn -0.4284 0.8075 0.4055
vn -0.4283 0.8075 0.4055
vn -0.3097 0.9504 -0.0283
vn -0.3097 0.9504 -0.0281
vn 0.7572 0.4548 -0.4688
vn 0.1872 0.4843 0.8547
vn 0.1872 0.4843 0.8546
vn -0.0637 0.9978 -0.0161
vn 0.1219 0.4843 -0.8664
vn 0.1218 0.4843 -0.8664
vn 0.7906 0.4548 0.4100
vn -0.3991 0.8946 0.2011
vn -0.3991 0.8946 0.2010
vn -0.4131 0.8946 -0.1703
vn -0.4132 0.8946 -0.1703
vn 0.8359 0.4584 -0.3018
vn -0.0194 0.5301 0.8477
vn -0.0194 0.5300 0.8478
vn -0.0623 0.9978 0.0210
vn -0.0623 0.9978 0.0209
vn 0.3199 0.4608 -0.8279
vn 0.3198 0.4607 -0.8279
vn 0.3198 0.4608 -0.8279
vn 0.6884 0.4517 0.5675
vn -0.3067 0.9504 0.0516
vn -0.3066 0.9504 0.0517
vn -0.3067 0.9504 0.0517
vn -0.4579 0.8075 -0.3719
vn 0.8788 0.4606 -0.1244
vn 0.8788 0.4606 -0.1243
vn -0.2146 0.6037 0.7678
vn -0.2148 0.6037 0.7677
vn -0.2147 0.6037 0.7677
vn -0.1084 0.9930 0.0477
vn 0.4964 0.4521 -0.7411
vn 0.5511 0.4521 0.7013
vn 0.5512 0.4521 0.7013
vn 0.5511 0.4521 0.7014
vn -0.1989 0.9797 -0.0245
vn -0.4088 0.7022 -0.5829
vn -0.4087 0.7021 -0.5831
vn -0.9152 -0.4014 0.0349
vn -0.9152 -0.4015 0.0348
vn -0.9152 -0.4014 0.0348
vn -0.9152 -0.4014 0.0346
vn -0.9152 -0.4016 0.0348
vn -0.9151 -0.4017 0.0348
vn -0.9153 -0.4013 0.0349
vn -0.9153 -0.4013 0.0348
vn -0.9154 -0.4010 0.0348
vn -0.9151 -0.4016 0.0348
vn -0.9154 -0.4011 0.0348
vn -0.9153 -0.4014 0.0348
vn -0.7168 -0.1056 -0.6893
vn -0.7169 -0.1056 -0.6891
vn -0.7169 -0.1057 -0.6891
vn -0.7168 -0.1056 -0.6892
vn -0.6626 -0.1055 0.7415
vn 0.4136 0.7314 -0.5423
vn 0.4136 0.7313 -0.5423
vn -0.1902 -0.0878 -0.9778
vn -0.1901 -0.0878 -0.9778
vn -0.9380 0.3342 -0.0921
vn -0.9380 0.3342 -0.0920
vn -0.9380 0.3342 -0.0922
vn 0.4406 0.8072 -0.3928
vn -0.6709 0.6269 -0.3961
vn -0.6709 0.6270 -0.3960
vn -0.6709 0.6270 -0.3959
vn 0.4584 0.8550 -0.2425
vn -0.4952 0.7775 -0.3876
vn -0.4952 0.7775 -0.3877
vn 0.4695 0.8780 -0.0928
vn -0.3925 0.8702 -0.2979
vn -0.3925 0.8701 -0.2980
vn -0.3925 0.8702 -0.2978
vn 0.4752 0.8780 0.0569
vn 0.4752 0.8780 0.0568
vn 0.4752 0.8780 0.0570
vn -0.3323 0.9256 -0.1811
vn -0.3323 0.9256 -0.1810
vn 0.4755 0.8550 0.2071
vn -0.3021 0.9518 -0.0539
vn -0.3021 0.9518 -0.0538
vn 0.4691 0.8072 0.3582
vn -0.2971 0.9518 0.0766
vn -0.2971 0.9518 0.0767
vn 0.4535 0.7313 0.5094
vn 0.4535 0.7314 0.5094
vn -0.3176 0.9256 0.2057
vn 0.4240 0.6232 0.6571
vn 0.4240 0.6231 0.6572
vn 0.4240 0.6232 0.6572
vn 0.4240 0.6233 0.6571
vn -0.3687 0.8702 0.3268
vn 0.3731 0.4794 0.7943
vn 0.0715 0.0998 -0.9924
vn -0.4644 0.7775 0.4240
vn -0.4644 0.7775 0.4241
vn 0.2885 0.3010 0.9089
vn 0.2885 0.3010 0.9090
vn 0.2886 0.3010 0.9089
vn 0.2188 0.3010 -0.9282
vn -0.6390 0.6269 0.4457
vn -0.6391 0.6269 0.4456
vn 0.1465 0.0998 0.9842
vn 0.1466 0.0999 0.9841
vn 0.3118 0.4793 -0.8204
vn 0.3118 0.4794 -0.8203
vn -0.9283 0.3342 0.1631
vn -0.9283 0.3341 0.1631
vn -0.9283 0.3342 0.1630
vn -0.1154 -0.0878 0.9894
vn -0.1155 -0.0878 0.9894
vt 0.000000 0.000000
vt 1.000000 1.000000
vt 0.968800 1.000000
vt 0.968800 0.500000
vt 1.000000 0.500000
vt 0.937500 1.000000
vt 0.937500 0.500000
vt 0.906200 1.000000
vt 0.906200 0.500000
vt 0.875000 1.000000
vt 0.875000 0.500000
vt 0.843800 1.000000
vt 0.843800 0.500000
vt 0.812500 0.500000
vt 0.812500 1.000000
vt 0.781200 0.500000
vt 0.781200 1.000000
vt 0.750000 1.000000
vt 0.750000 0.500000
vt 0.718800 0.500000
vt 0.718800 1.000000
vt 0.687500 0.500000
vt 0.687500 1.000000
vt 0.656200 0.500000
vt 0.656200 1.000000
vt 0.625000 1.000000
vt 0.625000 0.500000
vt 0.593800 0.500000
vt 0.593800 1.000000
vt 0.562500 0.500000
vt 0.562500 1.000000
vt 0.531200 0.500000
vt 0.531200 1.000000
vt 0.500000 0.500000
vt 0.500000 1.000000
vt 0.468800 0.500000
vt 0.468800 1.000000
vt 0.437500 0.500000
vt 0.437500 1.000000
vt 0.406200 0.500000
vt 0.406200 1.000000
vt 0.375000 1.000000
vt 0.375000 0.500000
vt 0.343800 1.000000
vt 0.343800 0.500000
vt 0.312500 0.500000
vt 0.312500 1.000000
vt 0.281200 0.500000
vt 0.281200 1.000000
vt 0.250000 1.000000
vt 0.250000 0.500000
vt 0.218800 1.000000
vt 0.218800 0.500000
vt 0.187500 0.500000
vt 0.187500 1.000000
vt 0.156200 1.000000
vt 0.156200 0.500000
vt 0.125000 0.500000
vt 0.125000 1.000000
vt 0.093800 0.500000
vt 0.093800 1.000000
vt 0.062500 1.000000
vt 0.062500 0.500000
vt 0.031200 1.000000
vt 0.031200 0.500000
vt 0.000000 1.000000
vt 0.000000 0.500000
vt 0.796800 0.485400
vt 0.841800 0.471700
vt 0.883300 0.449600
vt 0.919700 0.419700
vt 0.949600 0.383300
vt 0.971700 0.341800
vt 0.985400 0.296800
vt 0.990000 0.250000
vt 0.985400 0.203200
vt 0.971700 0.158200
vt 0.949600 0.116700
vt 0.919700 0.080300
vt 0.883300 0.050400
vt 0.841800 0.028300
vt 0.796800 0.014600
vt 0.750000 0.010000
vt 0.703200 0.014600
vt 0.658200 0.028300
vt 0.616700 0.050400
vt 0.580300 0.080300
vt 0.550400 0.116700
vt 0.528300 0.158200
vt 0.514600 0.203200
vt 0.510000 0.250000
vt 0.514600 0.296800
vt 0.528300 0.341800
vt 0.550400 0.383300
vt 0.580300 0.419700
vt 0.616700 0.449600
vt 0.658200 0.471700
vt 0.750000 0.490000
vt 0.703200 0.485400
vt 0.296800 0.485400
vt 0.250000 0.490000
vt 0.203200 0.485400
vt 0.158200 0.471700
vt 0.116700 0.449600
vt 0.080300 0.419700
vt 0.050400 0.383300
vt 0.028300 0.341800
vt 0.014600 0.296800
vt 0.010000 0.250000
vt 0.014600 0.203200
vt 0.028300 0.158200
vt 0.050400 0.116700
vt 0.080300 0.080300
vt 0.116700 0.050400
vt 0.158200 0.028300
vt 0.203200 0.014600
vt 0.250000 0.010000
vt 0.296800 0.014600
vt 0.341800 0.028300
vt 0.383300 0.050400
vt 0.419700 0.080300
vt 0.449600 0.116700
vt 0.471700 0.158200
vt 0.485400 0.203200
vt 0.490000 0.250000
vt 0.485400 0.296800
vt 0.471700 0.341800
vt 0.449600 0.383300
vt 0.419700 0.419700
vt 0.383300 0.449600
vt 0.341800 0.471700
s 1
g off
f 1/1/1 2/1/1 3/1/1
f 3/1/1 4/1/1 5/1/1
f 1/1/1 3/1/1 5/1/1
f 5/1/1 6/1/1 7/1/1
f 7/1/1 8/1/1 9/1/1
f 5/1/1 7/1/1 9/1/1
f 1/1/1 5/1/1 9/1/1
f 9/1/1 10/1/1 11/1/1
f 11/1/1 12/1/1 13/1/1
f 9/1/1 11/1/1 13/1/1
f 13/1/1 14/1/1 15/1/1
f 15/1/1 16/1/1 17/1/1
f 13/1/1 15/1/1 17/1/1
f 9/1/1 13/1/1 17/1/1
f 17/1/1 18/1/1 19/1/1
f 19/1/1 20/1/1 21/1/1
f 17/1/1 19/1/1 21/1/1
f 21/1/1 22/1/1 23/1/1
f 23/1/1 24/1/1 25/1/1
f 21/1/1 23/1/1 25/1/1
f 17/1/1 21/1/1 25/1/1
f 9/1/1 17/1/1 25/1/1
f 1/1/1 9/1/1 25/1/1
f 26/1/1 27/1/1 28/1/1
f 25/1/1 26/1/1 28/1/1
f 25/1/1 28/1/1 29/1/1
f 1/1/1 25/1/1 29/1/1
f 30/1/1 1/1/1 29/1/1
f 30/1/1 29/1/1 31/1/1
f 30/1/1 31/1/1 32/1/1
f 33/1/2 34/1/2 35/1/2
f 35/1/2 36/1/2 37/1/2
f 33/1/2 35/1/2 37/1/2
f 37/1/2 38/1/2 39/1/2
f 39/1/2 40/1/2 41/1/2
f 37/1/2 39/1/2 41/1/2
f 33/1/2 37/1/2 41/1/2
f 41/1/2 42/1/2 43/1/2
f 43/1/2 44/1/2 45/1/2
f 41/1/2 43/1/2 45/1/2
f 45/1/2 46/1/2 47/1/2
f 47/1/2 48/1/2 49/1/2
f 45/1/2 47/1/2 49/1/2
f 41/1/2 45/1/2 49/1/2
f 33/1/2 41/1/2 49/1/2
f 49/1/2 50/1/2 51/1/2
f 51/1/2 52/1/2 53/1/2
f 49/1/2 51/1/2 53/1/2
f 53/1/2 54/1/2 55/1/2
f 55/1/2 56/1/2 57/1/2
f 53/1/2 55/1/2 57/1/2
f 49/1/2 53/1/2 57/1/2
f 57/1/2 58/1/2 59/1/2
f 59/1/2 60/1/2 61/1/2
f 57/1/2 59/1/2 61/1/2
f 61/1/2 62/1/2 63/1/2
f 61/1/2 63/1/2 64/1/2
f 57/1/2 61/1/2 64/1/2
f 49/1/2 57/1/2 64/1/2
f 33/1/2 49/1/2 64/1/2
f 26/1/3 39/1/4 38/1/5
f 38/1/5 27/1/6 26/1/3
f 12/1/7 53/1/8 52/1/9
f 52/1/9 13/1/10 12/1/7
f 40/1/11 39/1/12 26/1/13
f 26/1/13 25/1/14 40/1/11
f 11/1/15 54/1/16 53/1/17
f 53/1/17 12/1/18 11/1/15
f 40/1/19 25/1/20 24/1/19
f 24/1/19 41/1/20 40/1/19
f 10/1/21 55/1/22 54/1/23
f 54/1/23 11/1/24 10/1/21
f 24/1/25 23/1/26 42/1/27
f 42/1/27 41/1/28 24/1/25
f 9/1/29 56/1/29 55/1/30
f 55/1/30 10/1/31 9/1/29
f 22/1/32 43/1/33 42/1/33
f 42/1/33 23/1/34 22/1/32
f 8/1/35 57/1/36 56/1/37
f 56/1/37 9/1/38 8/1/35
f 21/1/39 44/1/39 43/1/40
f 43/1/40 22/1/41 21/1/39
f 7/1/42 58/1/43 57/1/44
f 57/1/44 8/1/45 7/1/42
f 20/1/46 45/1/47 44/1/48
f 44/1/48 21/1/49 20/1/46
f 6/1/50 59/1/51 58/1/51
f 58/1/51 7/1/52 6/1/50
f 19/1/53 46/1/53 45/1/54
f 45/1/54 20/1/55 19/1/53
f 64/1/56 1/1/57 30/1/58
f 30/1/58 33/1/56 64/1/56
f 5/1/59 60/1/60 59/1/60
f 59/1/60 6/1/61 5/1/59
f 18/1/62 47/1/63 46/1/64
f 46/1/64 19/1/65 18/1/62
f 33/1/66 30/1/67 32/1/67
f 32/1/67 34/1/68 33/1/66
f 4/1/69 61/1/70 60/1/71
f 60/1/71 5/1/72 4/1/69
f 17/1/73 48/1/73 47/1/74
f 47/1/74 18/1/74 17/1/73
f 34/1/75 32/1/76 31/1/77
f 31/1/77 35/1/78 34/1/75
f 3/1/79 62/1/80 61/1/81
f 61/1/81 4/1/82 3/1/79
f 16/1/83 49/1/84 48/1/85
f 48/1/85 17/1/85 16/1/83
f 31/1/86 29/1/87 36/1/88
f 36/1/88 35/1/89 31/1/86
f 2/1/90 63/1/91 62/1/92
f 62/1/92 3/1/90 2/1/90
f 15/1/93 50/1/94 49/1/93
f 49/1/93 16/1/95 15/1/93
f 28/1/96 37/1/97 36/1/98
f 36/1/98 29/1/99 28/1/96
f 2/1/100 1/1/101 64/1/102
f 64/1/102 63/1/103 2/1/100
f 14/1/104 51/1/105 50/1/105
f 50/1/105 15/1/106 14/1/104
f 38/1/107 37/1/107 28/1/107
f 28/1/107 27/1/108 38/1/107
f 13/1/109 52/1/110 51/1/111
f 51/1/111 14/1/112 13/1/109
f 65/1/113 66/1/114 67/1/115
f 67/1/115 68/1/116 65/1/113
f 68/1/116 67/1/115 69/1/117
f 69/1/117 70/1/118 68/1/116
f 68/1/119 71/1/120 72/1/121
f 72/1/121 65/1/122 68/1/119
f 73/1/123 71/1/120 68/1/119
f 68/1/119 70/1/124 73/1/123
f 74/1/125 75/1/125 76/1/125
f 76/1/125 66/1/125 74/1/125
f 77/1/126 67/1/126 66/1/126
f 66/1/126 76/1/126 77/1/126
f 77/1/127 78/1/127 69/1/128
f 69/1/128 67/1/127 77/1/127
f 69/1/129 78/1/130 79/1/129
f 79/1/129 80/1/129 69/1/129
f 81/1/131 70/1/118 69/1/117
f 69/1/117 80/1/132 81/1/131
f 81/1/133 82/1/134 73/1/123
f 73/1/123 70/1/124 81/1/133
f 83/1/135 73/1/136 82/1/137
f 82/1/137 84/1/135 83/1/135
f 73/1/138 83/1/138 85/1/138
f 85/1/138 71/1/138 73/1/138
f 71/1/139 85/1/139 86/1/140
f 86/1/140 72/1/141 71/1/139
f 86/1/142 87/1/143 88/1/144
f 88/1/144 72/1/145 86/1/142
f 65/1/122 72/1/121 88/1/146
f 88/1/146 89/1/147 65/1/122
f 74/1/148 66/1/114 65/1/113
f 65/1/113 89/1/149 74/1/148
f 90/1/150 91/1/151 92/1/152
f 92/1/152 93/1/153 90/1/150
f 94/1/154 95/1/155 91/1/156
f 91/1/156 90/1/157 94/1/154
f 91/1/151 96/1/158 97/1/159
f 97/1/159 92/1/152 91/1/151
f 91/1/156 95/1/155 98/1/160
f 98/1/160 96/1/161 91/1/156
f 99/1/162 93/1/163 100/1/163
f 100/1/163 101/1/164 99/1/162
f 90/1/150 93/1/153 99/1/165
f 99/1/165 102/1/166 90/1/150
f 103/1/167 94/1/154 90/1/157
f 90/1/157 102/1/168 103/1/167
f 94/1/169 103/1/170 104/1/171
f 104/1/171 105/1/172 94/1/169
f 106/1/173 95/1/173 94/1/173
f 94/1/173 105/1/173 106/1/173
f 107/1/174 98/1/175 95/1/176
f 95/1/176 106/1/177 107/1/174
f 108/1/178 98/1/178 107/1/178
f 107/1/178 109/1/178 108/1/178
f 108/1/179 110/1/180 96/1/161
f 96/1/161 98/1/160 108/1/179
f 96/1/158 110/1/181 111/1/182
f 111/1/182 97/1/159 96/1/158
f 112/1/183 97/1/183 111/1/184
f 111/1/184 113/1/184 112/1/183
f 92/1/185 97/1/185 112/1/185
f 112/1/185 114/1/185 92/1/185
f 93/1/186 92/1/187 114/1/186
f 114/1/186 100/1/187 93/1/186
f 115/1/188 116/1/189 117/1/190
f 117/1/190 118/1/191 115/1/188
f 119/1/192 120/1/193 116/1/194
f 116/1/194 115/1/195 119/1/192
f 116/1/189 121/1/196 122/1/197
f 122/1/197 117/1/190 116/1/189
f 116/1/194 120/1/193 123/1/198
f 123/1/198 121/1/199 116/1/194
f 118/1/200 124/1/201 125/1/201
f 125/1/201 126/1/201 118/1/200
f 126/1/202 127/1/203 115/1/188
f 115/1/188 118/1/191 126/1/202
f 119/1/192 115/1/195 127/1/204
f 127/1/204 128/1/205 119/1/192
f 128/1/206 129/1/206 130/1/206
f 130/1/206 119/1/206 128/1/206
f 131/1/207 120/1/207 119/1/207
f 119/1/207 130/1/207 131/1/207
f 132/1/208 123/1/208 120/1/208
f 120/1/208 131/1/208 132/1/208
f 103/1/209 123/1/210 132/1/209
f 132/1/209 104/1/211 103/1/209
f 102/1/168 121/1/199 123/1/198
f 123/1/198 103/1/167 102/1/168
f 102/1/166 99/1/165 122/1/197
f 122/1/197 121/1/196 102/1/166
f 99/1/212 101/1/212 133/1/212
f 133/1/212 122/1/212 99/1/212
f 117/1/213 122/1/214 133/1/215
f 133/1/215 134/1/216 117/1/213
f 118/1/217 117/1/218 134/1/217
f 134/1/217 124/1/219 118/1/217
f 135/1/220 136/1/221 137/1/222
f 137/1/222 138/1/223 135/1/220
f 139/1/224 140/1/225 136/1/226
f 136/1/226 135/1/227 139/1/224
f 136/1/221 141/1/228 142/1/229
f 142/1/229 137/1/222 136/1/221
f 136/1/226 140/1/225 143/1/230
f 143/1/230 141/1/231 136/1/226
f 144/1/232 145/1/232 146/1/232
f 146/1/232 138/1/232 144/1/232
f 135/1/220 138/1/223 146/1/233
f 146/1/233 147/1/234 135/1/220
f 139/1/224 135/1/227 147/1/235
f 147/1/235 148/1/236 139/1/224
f 148/1/237 149/1/237 150/1/238
f 150/1/238 139/1/237 148/1/237
f 151/1/239 140/1/240 139/1/239
f 139/1/239 150/1/239 151/1/239
f 152/1/241 143/1/242 140/1/241
f 140/1/241 151/1/241 152/1/241
f 129/1/243 128/1/244 143/1/245
f 143/1/245 152/1/245 129/1/243
f 127/1/204 141/1/231 143/1/230
f 143/1/230 128/1/205 127/1/204
f 127/1/203 126/1/202 142/1/229
f 142/1/229 141/1/228 127/1/203
f 126/1/246 125/1/246 153/1/247
f 153/1/247 142/1/246 126/1/246
f 142/1/248 153/1/248 154/1/248
f 154/1/248 137/1/248 142/1/248
f 138/1/249 137/1/250 154/1/249
f 154/1/249 144/1/249 138/1/249
f 155/1/251 156/1/252 157/1/253
f 157/1/253 158/1/254 155/1/251
f 159/1/255 160/1/256 156/1/257
f 156/1/257 155/1/258 159/1/255
f 156/1/252 161/1/259 162/1/260
f 162/1/260 157/1/253 156/1/252
f 156/1/257 160/1/256 163/1/261
f 163/1/261 161/1/262 156/1/257
f 158/1/263 164/1/264 165/1/263
f 165/1/263 166/1/265 158/1/263
f 158/1/254 166/1/266 167/1/267
f 167/1/267 155/1/251 158/1/254
f 167/1/268 168/1/269 159/1/255
f 159/1/255 155/1/258 167/1/268
f 169/1/270 159/1/270 168/1/270
f 168/1/270 170/1/270 169/1/270
f 160/1/271 159/1/271 169/1/271
f 169/1/271 171/1/271 160/1/271
f 172/1/272 163/1/272 160/1/272
f 160/1/272 171/1/272 172/1/272
f 149/1/273 148/1/273 163/1/274
f 163/1/274 172/1/274 149/1/273
f 147/1/235 161/1/262 163/1/261
f 163/1/261 148/1/236 147/1/235
f 147/1/234 146/1/233 162/1/260
f 162/1/260 161/1/259 147/1/234
f 146/1/275 145/1/275 173/1/275
f 173/1/275 162/1/275 146/1/275
f 162/1/276 173/1/277 174/1/278
f 174/1/278 157/1/277 162/1/276
f 164/1/279 158/1/280 157/1/279
f 157/1/279 174/1/281 164/1/279
f 175/1/282 176/1/283 177/1/284
f 177/1/284 178/1/285 175/1/282
f 179/1/286 180/1/287 176/1/288
f 176/1/288 175/1/289 179/1/286
f 176/1/283 181/1/290 182/1/291
f 182/1/291 177/1/284 176/1/283
f 176/1/288 180/1/287 183/1/292
f 183/1/292 181/1/293 176/1/288
f 178/1/294 184/1/295 185/1/294
f 185/1/294 186/1/296 178/1/294
f 178/1/285 186/1/297 187/1/298
f 187/1/298 175/1/282 178/1/285
f 179/1/286 175/1/289 187/1/299
f 187/1/299 188/1/300 179/1/286
f 188/1/301 189/1/301 190/1/301
f 190/1/301 179/1/302 188/1/301
f 180/1/303 179/1/303 190/1/304
f 190/1/304 191/1/303 180/1/303
f 192/1/305 183/1/305 180/1/305
f 180/1/305 191/1/305 192/1/305
f 168/1/306 183/1/307 192/1/307
f 192/1/307 170/1/307 168/1/306
f 181/1/293 183/1/292 168/1/269
f 168/1/269 167/1/268 181/1/293
f 167/1/267 166/1/266 182/1/291
f 182/1/291 181/1/290 167/1/267
f 166/1/308 165/1/308 193/1/309
f 193/1/309 182/1/310 166/1/308
f 182/1/311 193/1/312 194/1/313
f 194/1/313 177/1/313 182/1/311
f 184/1/314 178/1/315 177/1/316
f 177/1/316 194/1/317 184/1/314
f 195/1/318 196/1/319 197/1/320
f 197/1/320 198/1/321 195/1/318
f 199/1/322 200/1/323 196/1/324
f 196/1/324 195/1/325 199/1/322
f 196/1/319 201/1/326 202/1/327
f 202/1/327 197/1/320 196/1/319
f 196/1/324 200/1/323 203/1/328
f 203/1/328 201/1/329 196/1/324
f 198/1/330 204/1/331 205/1/330
f 205/1/330 206/1/332 198/1/330
f 198/1/321 206/1/333 207/1/334
f 207/1/334 195/1/318 198/1/321
f 199/1/322 195/1/325 207/1/335
f 207/1/335 208/1/336 199/1/322
f 208/1/337 209/1/338 210/1/339
f 210/1/339 199/1/339 208/1/337
f 200/1/340 199/1/341 210/1/341
f 210/1/341 211/1/341 200/1/340
f 212/1/342 203/1/342 200/1/342
f 200/1/342 211/1/343 212/1/342
f 188/1/344 203/1/345 212/1/345
f 212/1/345 189/1/345 188/1/344
f 187/1/299 201/1/329 203/1/328
f 203/1/328 188/1/300 187/1/299
f 187/1/298 186/1/297 202/1/327
f 202/1/327 201/1/326 187/1/298
f 186/1/346 185/1/346 213/1/347
f 213/1/347 202/1/347 186/1/346
f 202/1/348 213/1/349 214/1/348
f 214/1/348 197/1/348 202/1/348
f 204/1/350 198/1/350 197/1/350
f 197/1/350 214/1/350 204/1/350
f 215/1/351 216/1/352 217/1/353
f 217/1/353 218/1/354 215/1/351
f 219/1/355 220/1/356 216/1/357
f 216/1/357 215/1/358 219/1/355
f 216/1/352 221/1/359 222/1/360
f 222/1/360 217/1/353 216/1/352
f 216/1/357 220/1/356 223/1/361
f 223/1/361 221/1/362 216/1/357
f 218/1/363 224/1/364 225/1/365
f 225/1/365 226/1/364 218/1/363
f 218/1/354 226/1/366 227/1/367
f 227/1/367 215/1/351 218/1/354
f 219/1/355 215/1/358 227/1/368
f 227/1/368 228/1/369 219/1/355
f 228/1/370 229/1/370 230/1/370
f 230/1/370 219/1/371 228/1/370
f 220/1/372 219/1/372 230/1/373
f 230/1/373 231/1/372 220/1/372
f 232/1/374 223/1/375 220/1/374
f 220/1/374 231/1/374 232/1/374
f 208/1/376 223/1/376 232/1/376
f 232/1/376 209/1/376 208/1/376
f 207/1/335 221/1/362 223/1/361
f 223/1/361 208/1/336 207/1/335
f 207/1/334 206/1/333 222/1/360
f 222/1/360 221/1/359 207/1/334
f 206/1/377 205/1/378 233/1/378
f 233/1/378 222/1/378 206/1/377
f 222/1/379 233/1/379 234/1/380
f 234/1/380 217/1/380 222/1/379
f 224/1/381 218/1/382 217/1/382
f 217/1/382 234/1/383 224/1/381
f 235/1/384 236/1/385 237/1/386
f 237/1/386 238/1/387 235/1/384
f 239/1/388 240/1/389 236/1/390
f 236/1/390 235/1/391 239/1/388
f 236/1/385 241/1/392 242/1/393
f 242/1/393 237/1/386 236/1/385
f 236/1/390 240/1/389 243/1/394
f 243/1/394 241/1/395 236/1/390
f 238/1/396 244/1/397 245/1/396
f 245/1/396 246/1/396 238/1/396
f 238/1/387 246/1/398 247/1/398
f 247/1/398 235/1/384 238/1/387
f 239/1/388 235/1/391 247/1/399
f 247/1/399 248/1/400 239/1/388
f 249/1/401 239/1/401 248/1/401
f 248/1/401 250/1/401 249/1/401
f 240/1/402 239/1/402 249/1/402
f 249/1/402 251/1/402 240/1/402
f 252/1/403 243/1/403 240/1/404
f 240/1/404 251/1/403 252/1/403
f 228/1/405 243/1/405 252/1/405
f 252/1/405 229/1/405 228/1/405
f 227/1/368 241/1/395 243/1/394
f 243/1/394 228/1/369 227/1/368
f 227/1/367 226/1/366 242/1/393
f 242/1/393 241/1/392 227/1/367
f 226/1/406 225/1/406 253/1/407
f 253/1/407 242/1/407 226/1/406
f 242/1/408 253/1/408 254/1/408
f 254/1/408 237/1/408 242/1/408
f 244/1/409 238/1/409 237/1/409
f 237/1/409 254/1/409 244/1/409
f 255/1/410 256/1/411 257/1/412
f 257/1/412 258/1/413 255/1/410
f 259/1/414 260/1/415 256/1/416
f 256/1/416 255/1/417 259/1/414
f 256/1/411 261/1/418 262/1/419
f 262/1/419 257/1/412 256/1/411
f 256/1/416 260/1/415 263/1/420
f 263/1/420 261/1/421 256/1/416
f 258/1/422 264/1/422 265/1/422
f 265/1/422 266/1/422 258/1/422
f 258/1/413 266/1/423 267/1/424
f 267/1/424 255/1/410 258/1/413
f 259/1/414 255/1/417 267/1/425
f 267/1/425 268/1/426 259/1/414
f 269/1/427 259/1/427 268/1/427
f 268/1/427 270/1/427 269/1/427
f 260/1/428 259/1/428 269/1/428
f 269/1/428 271/1/428 260/1/428
f 272/1/429 263/1/429 260/1/429
f 260/1/429 271/1/429 272/1/429
f 250/1/430 248/1/430 263/1/430
f 263/1/430 272/1/430 250/1/430
f 247/1/399 261/1/421 263/1/420
f 263/1/420 248/1/400 247/1/399
f 247/1/398 246/1/398 262/1/419
f 262/1/419 261/1/418 247/1/398
f 246/1/431 245/1/431 273/1/431
f 273/1/431 262/1/431 246/1/431
f 262/1/432 273/1/432 274/1/432
f 274/1/432 257/1/432 262/1/432
f 264/1/433 258/1/434 257/1/433
f 257/1/433 274/1/433 264/1/433
f 275/1/435 276/1/436 277/1/437
f 277/1/437 278/1/438 275/1/435
f 279/1/439 280/1/440 276/1/441
f 276/1/441 275/1/442 279/1/439
f 276/1/436 281/1/443 282/1/444
f 282/1/444 277/1/437 276/1/436
f 276/1/441 280/1/440 283/1/445
f 283/1/445 281/1/446 276/1/441
f 278/1/447 284/1/448 285/1/447
f 285/1/447 286/1/449 278/1/447
f 278/1/438 286/1/450 287/1/451
f 287/1/451 275/1/435 278/1/438
f 279/1/439 275/1/442 287/1/452
f 287/1/452 288/1/453 279/1/439
f 289/1/454 279/1/454 288/1/454
f 288/1/454 290/1/454 289/1/454
f 280/1/455 279/1/455 289/1/456
f 289/1/456 291/1/455 280/1/455
f 292/1/457 283/1/457 280/1/457
f 280/1/457 291/1/458 292/1/457
f 270/1/459 268/1/459 283/1/459
f 283/1/459 292/1/459 270/1/459
f 267/1/425 281/1/446 283/1/445
f 283/1/445 268/1/426 267/1/425
f 267/1/424 266/1/423 282/1/444
f 282/1/444 281/1/443 267/1/424
f 266/1/460 265/1/461 293/1/462
f 293/1/462 282/1/461 266/1/460
f 282/1/463 293/1/463 294/1/463
f 294/1/463 277/1/463 282/1/463
f 284/1/464 278/1/465 277/1/466
f 277/1/466 294/1/467 284/1/464
f 295/1/468 296/1/469 297/1/470
f 297/1/470 298/1/471 295/1/468
f 299/1/472 300/1/473 296/1/474
f 296/1/474 295/1/475 299/1/472
f 296/1/469 301/1/476 302/1/477
f 302/1/477 297/1/470 296/1/469
f 296/1/474 300/1/473 303/1/478
f 303/1/478 301/1/479 296/1/474
f 298/1/480 304/1/480 305/1/480
f 305/1/480 306/1/480 298/1/480
f 298/1/471 306/1/481 307/1/482
f 307/1/482 295/1/468 298/1/471
f 299/1/472 295/1/475 307/1/483
f 307/1/483 308/1/484 299/1/472
f 309/1/485 299/1/486 308/1/487
f 308/1/487 310/1/485 309/1/485
f 300/1/488 299/1/489 309/1/488
f 309/1/488 311/1/488 300/1/488
f 312/1/490 303/1/490 300/1/490
f 300/1/490 311/1/490 312/1/490
f 290/1/491 288/1/491 303/1/492
f 303/1/492 312/1/492 290/1/491
f 287/1/452 301/1/479 303/1/478
f 303/1/478 288/1/453 287/1/452
f 287/1/451 286/1/450 302/1/477
f 302/1/477 301/1/476 287/1/451
f 286/1/493 285/1/494 313/1/494
f 313/1/494 302/1/493 286/1/493
f 302/1/495 313/1/495 314/1/495
f 314/1/495 297/1/495 302/1/495
f 304/1/496 298/1/496 297/1/496
f 297/1/496 314/1/497 304/1/496
f 315/1/498 316/1/499 317/1/500
f 317/1/500 318/1/501 315/1/498
f 319/1/502 320/1/503 316/1/504
f 316/1/504 315/1/505 319/1/502
f 316/1/499 321/1/506 322/1/507
f 322/1/507 317/1/500 316/1/499
f 316/1/504 320/1/503 323/1/508
f 323/1/508 321/1/509 316/1/504
f 318/1/510 324/1/510 325/1/511
f 325/1/511 326/1/510 318/1/510
f 318/1/501 326/1/512 327/1/513
f 327/1/513 315/1/498 318/1/501
f 319/1/502 315/1/505 327/1/514
f 327/1/514 328/1/515 319/1/502
f 329/1/516 319/1/516 328/1/517
f 328/1/517 330/1/517 329/1/516
f 320/1/518 319/1/518 329/1/518
f 329/1/518 331/1/518 320/1/518
f 332/1/519 323/1/520 320/1/520
f 320/1/520 331/1/520 332/1/519
f 310/1/521 308/1/521 323/1/521
f 323/1/521 332/1/521 310/1/521
f 307/1/483 321/1/509 323/1/508
f 323/1/508 308/1/484 307/1/483
f 307/1/482 306/1/481 322/1/507
f 322/1/507 321/1/506 307/1/482
f 306/1/522 305/1/523 333/1/523
f 333/1/523 322/1/522 306/1/522
f 322/1/524 333/1/525 334/1/526
f 334/1/526 317/1/527 322/1/524
f 324/1/528 318/1/528 317/1/528
f 317/1/528 334/1/528 324/1/528
f 335/1/529 336/1/530 337/1/531
f 337/1/531 338/1/532 335/1/529
f 339/1/533 340/1/534 336/1/535
f 336/1/535 335/1/536 339/1/533
f 336/1/530 341/1/537 342/1/538
f 342/1/538 337/1/531 336/1/530
f 336/1/535 340/1/534 343/1/539
f 343/1/539 341/1/540 336/1/535
f 338/1/541 344/1/541 345/1/541
f 345/1/541 346/1/541 338/1/541
f 338/1/532 346/1/542 347/1/543
f 347/1/543 335/1/529 338/1/532
f 339/1/533 335/1/536 347/1/544
f 347/1/544 348/1/545 339/1/533
f 349/1/546 339/1/546 348/1/546
f 348/1/546 350/1/547 349/1/546
f 340/1/548 339/1/548 349/1/549
f 349/1/549 351/1/549 340/1/548
f 352/1/550 343/1/550 340/1/550
f 340/1/550 351/1/550 352/1/550
f 330/1/551 328/1/551 343/1/551
f 343/1/551 352/1/551 330/1/551
f 327/1/514 341/1/540 343/1/539
f 343/1/539 328/1/515 327/1/514
f 327/1/513 326/1/512 342/1/538
f 342/1/538 341/1/537 327/1/513
f 326/1/552 325/1/552 353/1/552
f 353/1/552 342/1/552 326/1/552
f 342/1/553 353/1/554 354/1/554
f 354/1/554 337/1/553 342/1/553
f 344/1/555 338/1/556 337/1/557
f 337/1/557 354/1/556 344/1/555
f 355/1/558 356/1/559 357/1/560
f 357/1/560 358/1/561 355/1/558
f 359/1/562 360/1/563 356/1/564
f 356/1/564 355/1/565 359/1/562
f 356/1/559 361/1/566 362/1/567
f 362/1/567 357/1/560 356/1/559
f 356/1/564 360/1/563 363/1/568
f 363/1/568 361/1/569 356/1/564
f 358/1/570 364/1/570 365/1/571
f 365/1/571 366/1/570 358/1/570
f 358/1/561 366/1/572 367/1/573
f 367/1/573 355/1/558 358/1/561
f 359/1/562 355/1/565 367/1/574
f 367/1/574 368/1/575 359/1/562
f 369/1/576 359/1/577 368/1/578
f 368/1/578 370/1/578 369/1/576
f 360/1/579 359/1/580 369/1/581
f 369/1/581 371/1/582 360/1/579
f 372/1/583 363/1/584 360/1/584
f 360/1/584 371/1/584 372/1/583
f 350/1/585 348/1/586 363/1/587
f 363/1/587 372/1/588 350/1/585
f 347/1/544 361/1/569 363/1/568
f 363/1/568 348/1/545 347/1/544
f 347/1/543 346/1/542 362/1/567
f 362/1/567 361/1/566 347/1/543
f 346/1/589 345/1/590 373/1/589
f 373/1/589 362/1/591 346/1/589
f 362/1/592 373/1/592 374/1/593
f 374/1/593 357/1/594 362/1/592
f 364/1/595 358/1/596 357/1/597
f 357/1/597 374/1/597 364/1/595
f 375/1/598 376/1/599 377/1/600
f 377/1/600 378/1/601 375/1/598
f 379/1/602 380/1/603 376/1/604
f 376/1/604 375/1/605 379/1/602
f 376/1/599 381/1/606 382/1/607
f 382/1/607 377/1/600 376/1/599
f 376/1/604 380/1/603 383/1/608
f 383/1/608 381/1/609 376/1/604
f 378/1/610 384/1/611 385/1/612
f 385/1/612 386/1/611 378/1/610
f 378/1/601 386/1/613 387/1/614
f 387/1/614 375/1/598 378/1/601
f 379/1/602 375/1/605 387/1/615
f 387/1/615 388/1/616 379/1/602
f 389/1/617 379/1/618 388/1/619
f 388/1/619 390/1/620 389/1/617
f 380/1/621 379/1/621 389/1/621
f 389/1/621 391/1/621 380/1/621
f 392/1/622 383/1/623 380/1/622
f 380/1/622 391/1/624 392/1/622
f 370/1/625 368/1/625 383/1/626
f 383/1/626 392/1/625 370/1/625
f 367/1/574 381/1/609 383/1/608
f 383/1/608 368/1/575 367/1/574
f 367/1/573 366/1/572 382/1/607
f 382/1/607 381/1/606 367/1/573
f 366/1/627 365/1/627 393/1/627
f 393/1/627 382/1/627 366/1/627
f 382/1/628 393/1/628 394/1/628
f 394/1/628 377/1/629 382/1/628
f 384/1/630 378/1/630 377/1/630
f 377/1/630 394/1/630 384/1/630
f 395/1/631 396/1/632 397/1/633
f 397/1/633 398/1/634 395/1/631
f 399/1/635 400/1/636 396/1/637
f 396/1/637 395/1/638 399/1/635
f 396/1/632 401/1/639 402/1/640
f 402/1/640 397/1/633 396/1/632
f 396/1/637 400/1/636 403/1/641
f 403/1/641 401/1/642 396/1/637
f 398/1/643 404/1/643 405/1/644
f 405/1/644 406/1/644 398/1/643
f 398/1/634 406/1/645 407/1/646
f 407/1/646 395/1/631 398/1/634
f 399/1/635 395/1/638 407/1/647
f 407/1/647 408/1/648 399/1/635
f 409/1/649 399/1/650 408/1/650
f 408/1/650 410/1/651 409/1/649
f 400/1/652 399/1/652 409/1/652
f 409/1/652 411/1/652 400/1/652
f 412/1/653 403/1/654 400/1/655
f 400/1/655 411/1/653 412/1/653
f 390/1/656 388/1/656 403/1/657
f 403/1/657 412/1/657 390/1/656
f 387/1/615 401/1/642 403/1/641
f 403/1/641 388/1/616 387/1/615
f 387/1/614 386/1/613 402/1/640
f 402/1/640 401/1/639 387/1/614
f 386/1/658 385/1/659 413/1/658
f 413/1/658 402/1/659 386/1/658
f 402/1/660 413/1/661 414/1/662
f 414/1/662 397/1/662 402/1/660
f 404/1/663 398/1/663 397/1/663
f 397/1/663 414/1/663 404/1/663
f 415/1/664 416/1/665 417/1/666
f 417/1/666 418/1/667 415/1/664
f 419/1/668 420/1/669 416/1/670
f 416/1/670 415/1/671 419/1/668
f 416/1/665 421/1/672 422/1/673
f 422/1/673 417/1/666 416/1/665
f 416/1/670 420/1/669 423/1/674
f 423/1/674 421/1/675 416/1/670
f 418/1/170 424/1/170 425/1/676
f 425/1/676 426/1/169 418/1/170
f 418/1/667 426/1/677 427/1/678
f 427/1/678 415/1/664 418/1/667
f 419/1/668 415/1/671 427/1/679
f 427/1/679 428/1/680 419/1/668
f 429/1/681 419/1/682 428/1/681
f 428/1/681 430/1/162 429/1/681
f 420/1/683 419/1/186 429/1/186
f 429/1/186 431/1/187 420/1/683
f 432/1/185 423/1/185 420/1/185
f 420/1/185 431/1/185 432/1/185
f 410/1/183 408/1/684 423/1/184
f 423/1/184 432/1/184 410/1/183
f 407/1/647 421/1/675 423/1/674
f 423/1/674 408/1/648 407/1/647
f 407/1/646 406/1/645 422/1/673
f 422/1/673 421/1/672 407/1/646
f 406/1/178 405/1/178 433/1/685
f 433/1/685 422/1/685 406/1/178
f 422/1/177 433/1/176 434/1/177
f 434/1/177 417/1/177 422/1/177
f 424/1/686 418/1/173 417/1/687
f 417/1/687 434/1/173 424/1/686
f 435/1/688 436/1/689 437/1/690
f 437/1/690 438/1/691 435/1/688
f 439/1/692 440/1/693 436/1/694
f 436/1/694 435/1/695 439/1/692
f 436/1/689 441/1/696 442/1/697
f 442/1/697 437/1/690 436/1/689
f 436/1/694 440/1/693 443/1/698
f 443/1/698 441/1/699 436/1/694
f 438/1/700 444/1/700 445/1/206
f 445/1/206 446/1/700 438/1/700
f 438/1/691 446/1/701 447/1/702
f 447/1/702 435/1/688 438/1/691
f 439/1/692 435/1/695 447/1/703
f 447/1/703 448/1/704 439/1/692
f 449/1/705 439/1/201 448/1/201
f 448/1/201 450/1/201 449/1/705
f 440/1/706 439/1/706 449/1/706
f 449/1/706 451/1/706 440/1/706
f 452/1/214 443/1/214 440/1/214
f 440/1/214 451/1/214 452/1/214
f 430/1/707 428/1/708 443/1/709
f 443/1/709 452/1/710 430/1/707
f 427/1/679 441/1/699 443/1/698
f 443/1/698 428/1/680 427/1/679
f 427/1/678 426/1/677 442/1/697
f 442/1/697 441/1/696 427/1/678
f 426/1/210 425/1/711 453/1/210
f 453/1/210 442/1/210 426/1/210
f 442/1/712 453/1/208 454/1/208
f 454/1/208 437/1/208 442/1/712
f 444/1/713 438/1/207 437/1/207
f 437/1/207 454/1/207 444/1/713
f 455/1/714 456/1/715 457/1/716
f 457/1/716 458/1/717 455/1/714
f 459/1/718 460/1/719 456/1/720
f 456/1/720 455/1/721 459/1/718
f 456/1/715 461/1/722 462/1/723
f 462/1/723 457/1/716 456/1/715
f 456/1/720 460/1/719 463/1/724
f 463/1/724 461/1/725 456/1/720
f 458/1/237 464/1/237 465/1/237
f 465/1/237 466/1/237 458/1/237
f 458/1/717 466/1/726 467/1/726
f 467/1/726 455/1/714 458/1/717
f 459/1/718 455/1/721 467/1/727
f 467/1/727 468/1/728 459/1/718
f 469/1/232 459/1/232 468/1/232
f 468/1/232 470/1/232 469/1/232
f 460/1/249 459/1/249 469/1/249
f 469/1/249 471/1/729 460/1/249
f 472/1/248 463/1/248 460/1/730
f 460/1/730 471/1/248 472/1/248
f 450/1/247 448/1/247 463/1/246
f 463/1/246 472/1/246 450/1/247
f 447/1/703 461/1/725 463/1/724
f 463/1/724 448/1/704 447/1/703
f 447/1/702 446/1/701 462/1/723
f 462/1/723 461/1/722 447/1/702
f 446/1/731 445/1/731 473/1/244
f 473/1/244 462/1/731 446/1/731
f 462/1/242 473/1/241 474/1/242
f 474/1/242 457/1/732 462/1/242
f 464/1/733 458/1/734 457/1/239
f 457/1/239 474/1/239 464/1/733
f 475/1/735 476/1/736 477/1/737
f 477/1/737 478/1/738 475/1/735
f 479/1/739 480/1/740 476/1/741
f 476/1/741 475/1/742 479/1/739
f 476/1/736 481/1/743 482/1/744
f 482/1/744 477/1/737 476/1/736
f 476/1/741 480/1/740 483/1/745
f 483/1/745 481/1/746 476/1/741
f 478/1/747 484/1/270 485/1/270
f 485/1/270 486/1/270 478/1/747
f 478/1/738 486/1/748 487/1/749
f 487/1/749 475/1/735 478/1/738
f 479/1/739 475/1/742 487/1/750
f 487/1/750 488/1/751 479/1/739
f 489/1/752 479/1/753 488/1/754
f 488/1/754 490/1/265 489/1/752
f 480/1/755 479/1/756 489/1/757
f 489/1/757 491/1/758 480/1/755
f 492/1/759 483/1/760 480/1/760
f 480/1/760 491/1/761 492/1/759
f 470/1/275 468/1/275 483/1/275
f 483/1/275 492/1/275 470/1/275
f 467/1/727 481/1/746 483/1/745
f 483/1/745 468/1/728 467/1/727
f 467/1/726 466/1/726 482/1/744
f 482/1/744 481/1/743 467/1/726
f 466/1/274 465/1/274 493/1/274
f 493/1/274 482/1/274 466/1/274
f 482/1/762 493/1/763 494/1/762
f 494/1/762 477/1/272 482/1/762
f 484/1/764 478/1/765 477/1/764
f 477/1/764 494/1/271 484/1/764
f 495/1/766 496/1/767 497/1/768
f 497/1/768 498/1/769 495/1/766
f 499/1/770 500/1/771 496/1/772
f 496/1/772 495/1/773 499/1/770
f 496/1/767 501/1/774 502/1/775
f 502/1/775 497/1/768 496/1/767
f 496/1/772 500/1/771 503/1/776
f 503/1/776 501/1/777 496/1/772
f 498/1/778 504/1/301 505/1/301
f 505/1/301 506/1/301 498/1/778
f 498/1/769 506/1/779 507/1/780
f 507/1/780 495/1/766 498/1/769
f 499/1/770 495/1/773 507/1/781
f 507/1/781 508/1/782 499/1/770
f 509/1/296 499/1/296 508/1/296
f 508/1/296 510/1/296 509/1/296
f 500/1/317 499/1/317 509/1/317
f 509/1/317 511/1/317 500/1/317
f 512/1/783 503/1/313 500/1/313
f 500/1/313 511/1/313 512/1/783
f 490/1/784 488/1/308 503/1/308
f 503/1/308 512/1/308 490/1/784
f 487/1/750 501/1/777 503/1/776
f 503/1/776 488/1/751 487/1/750
f 487/1/749 486/1/748 502/1/775
f 502/1/775 501/1/774 487/1/749
f 486/1/306 485/1/306 513/1/306
f 513/1/306 502/1/306 486/1/306
f 502/1/785 513/1/305 514/1/305
f 514/1/305 497/1/305 502/1/785
f 504/1/786 498/1/787 497/1/787
f 497/1/787 514/1/787 504/1/786
f 515/1/788 516/1/789 517/1/790
f 517/1/790 518/1/791 515/1/788
f 519/1/792 520/1/793 516/1/794
f 516/1/794 515/1/795 519/1/792
f 516/1/789 521/1/796 522/1/797
f 522/1/797 517/1/790 516/1/789
f 516/1/794 520/1/793 523/1/798
f 523/1/798 521/1/799 516/1/794
f 518/1/339 524/1/339 525/1/339
f 525/1/339 526/1/339 518/1/339
f 518/1/791 526/1/800 527/1/801
f 527/1/801 515/1/788 518/1/791
f 519/1/792 515/1/795 527/1/802
f 527/1/802 528/1/803 519/1/792
f 529/1/804 519/1/332 528/1/805
f 528/1/805 530/1/330 529/1/804
f 520/1/350 519/1/350 529/1/350
f 529/1/350 531/1/350 520/1/350
f 532/1/806 523/1/807 520/1/806
f 520/1/806 531/1/348 532/1/806
f 510/1/347 508/1/347 523/1/808
f 523/1/808 532/1/809 510/1/347
f 507/1/781 521/1/799 523/1/798
f 523/1/798 508/1/782 507/1/781
f 507/1/780 506/1/779 522/1/797
f 522/1/797 521/1/796 507/1/780
f 506/1/345 505/1/810 533/1/810
f 533/1/810 522/1/810 506/1/345
f 522/1/343 533/1/343 534/1/343
f 534/1/343 517/1/811 522/1/343
f 524/1/341 518/1/341 517/1/341
f 517/1/341 534/1/341 524/1/341
f 535/1/812 536/1/813 537/1/814
f 537/1/814 538/1/815 535/1/812
f 539/1/816 540/1/817 536/1/818
f 536/1/818 535/1/819 539/1/816
f 536/1/813 541/1/820 542/1/821
f 542/1/821 537/1/814 536/1/813
f 536/1/818 540/1/817 543/1/822
f 543/1/822 541/1/823 536/1/818
f 538/1/824 544/1/370 545/1/825
f 545/1/825 546/1/370 538/1/824
f 538/1/815 546/1/826 547/1/827
f 547/1/827 535/1/812 538/1/815
f 539/1/816 535/1/819 547/1/828
f 547/1/828 548/1/829 539/1/816
f 549/1/830 539/1/831 548/1/832
f 548/1/832 550/1/364 549/1/830
f 540/1/833 539/1/833 549/1/833
f 549/1/833 551/1/833 540/1/833
f 552/1/379 543/1/379 540/1/379
f 540/1/379 551/1/379 552/1/379
f 530/1/378 528/1/378 543/1/378
f 543/1/378 552/1/378 530/1/378
f 527/1/802 541/1/823 543/1/822
f 543/1/822 528/1/803 527/1/802
f 527/1/801 526/1/800 542/1/821
f 542/1/821 541/1/820 527/1/801
f 526/1/834 525/1/834 553/1/834
f 553/1/834 542/1/835 526/1/834
f 542/1/836 553/1/836 554/1/836
f 554/1/836 537/1/836 542/1/836
f 544/1/372 538/1/372 537/1/372
f 537/1/372 554/1/372 544/1/372
f 555/1/837 556/1/838 557/1/839
f 557/1/839 558/1/840 555/1/837
f 559/1/841 560/1/842 556/1/843
f 556/1/843 555/1/844 559/1/841
f 556/1/838 561/1/395 562/1/845
f 562/1/845 557/1/839 556/1/838
f 556/1/843 560/1/842 563/1/846
f 563/1/846 561/1/847 556/1/843
f 558/1/401 564/1/401 565/1/401
f 565/1/401 566/1/401 558/1/401
f 558/1/840 566/1/848 567/1/849
f 567/1/849 555/1/837 558/1/840
f 559/1/841 555/1/844 567/1/850
f 567/1/850 568/1/850 559/1/841
f 569/1/851 559/1/852 568/1/396
f 568/1/396 570/1/396 569/1/851
f 560/1/409 559/1/409 569/1/409
f 569/1/409 571/1/409 560/1/409
f 572/1/408 563/1/408 560/1/408
f 560/1/408 571/1/408 572/1/408
f 550/1/853 548/1/854 563/1/855
f 563/1/855 572/1/856 550/1/853
f 547/1/828 561/1/847 563/1/846
f 563/1/846 548/1/829 547/1/828
f 547/1/827 546/1/826 562/1/845
f 562/1/845 561/1/395 547/1/827
f 546/1/405 545/1/405 573/1/405
f 573/1/405 562/1/405 546/1/405
f 562/1/857 573/1/857 574/1/857
f 574/1/857 557/1/857 562/1/857
f 564/1/858 558/1/858 557/1/858
f 557/1/858 574/1/858 564/1/858
f 575/1/859 576/1/860 577/1/861
f 577/1/861 578/1/862 575/1/859
f 579/1/863 580/1/864 576/1/865
f 576/1/865 575/1/866 579/1/863
f 576/1/860 581/1/867 582/1/868
f 582/1/868 577/1/861 576/1/860
f 576/1/865 580/1/864 583/1/869
f 583/1/869 581/1/870 576/1/865
f 578/1/427 584/1/427 585/1/427
f 585/1/427 586/1/427 578/1/427
f 578/1/862 586/1/871 587/1/872
f 587/1/872 575/1/859 578/1/862
f 579/1/863 575/1/866 587/1/873
f 587/1/873 588/1/874 579/1/863
f 589/1/875 579/1/876 588/1/877
f 588/1/877 590/1/878 589/1/875
f 580/1/433 579/1/433 589/1/433
f 589/1/433 591/1/433 580/1/433
f 592/1/432 583/1/432 580/1/432
f 580/1/432 591/1/432 592/1/432
f 570/1/879 568/1/431 583/1/880
f 583/1/880 592/1/431 570/1/879
f 567/1/850 581/1/870 583/1/869
f 583/1/869 568/1/850 567/1/850
f 567/1/849 566/1/848 582/1/868
f 582/1/868 581/1/867 567/1/849
f 566/1/430 565/1/430 593/1/430
f 593/1/430 582/1/430 566/1/430
f 582/1/429 593/1/429 594/1/429
f 594/1/429 577/1/429 582/1/429
f 584/1/428 578/1/428 577/1/428
f 577/1/428 594/1/428 584/1/428
f 595/1/881 596/1/882 597/1/883
f 597/1/883 598/1/884 595/1/881
f 599/1/885 600/1/886 596/1/887
f 596/1/887 595/1/888 599/1/885
f 596/1/882 601/1/889 602/1/890
f 602/1/890 597/1/883 596/1/882
f 596/1/887 600/1/886 603/1/891
f 603/1/891 601/1/892 596/1/887
f 598/1/893 604/1/893 605/1/893
f 605/1/893 606/1/893 598/1/893
f 598/1/884 606/1/894 607/1/895
f 607/1/895 595/1/881 598/1/884
f 599/1/885 595/1/888 607/1/896
f 607/1/896 608/1/897 599/1/885
f 609/1/449 599/1/449 608/1/449
f 608/1/449 610/1/449 609/1/449
f 600/1/898 599/1/898 609/1/898
f 609/1/898 611/1/898 600/1/898
f 612/1/463 603/1/463 600/1/899
f 600/1/899 611/1/899 612/1/463
f 590/1/461 588/1/900 603/1/901
f 603/1/901 612/1/902 590/1/461
f 587/1/873 601/1/892 603/1/891
f 603/1/891 588/1/874 587/1/873
f 587/1/872 586/1/871 602/1/890
f 602/1/890 601/1/889 587/1/872
f 586/1/903 585/1/459 613/1/904
f 613/1/904 602/1/905 586/1/903
f 602/1/458 613/1/458 614/1/458
f 614/1/458 597/1/458 602/1/458
f 604/1/455 598/1/906 597/1/455
f 597/1/455 614/1/907 604/1/455
f 615/1/908 616/1/909 617/1/910
f 617/1/910 618/1/911 615/1/908
f 619/1/912 620/1/913 616/1/914
f 616/1/914 615/1/915 619/1/912
f 616/1/909 621/1/916 622/1/917
f 622/1/917 617/1/910 616/1/909
f 616/1/914 620/1/913 623/1/918
f 623/1/918 621/1/919 616/1/914
f 618/1/485 624/1/486 625/1/486
f 625/1/486 626/1/485 618/1/485
f 618/1/911 626/1/920 627/1/921
f 627/1/921 615/1/908 618/1/911
f 619/1/912 615/1/915 627/1/922
f 627/1/922 628/1/923 619/1/912
f 629/1/924 619/1/480 628/1/925
f 628/1/925 630/1/926 629/1/924
f 620/1/927 619/1/928 629/1/927
f 629/1/927 631/1/929 620/1/927
f 632/1/930 623/1/495 620/1/931
f 620/1/931 631/1/495 632/1/930
f 610/1/932 608/1/493 623/1/933
f 623/1/933 632/1/493 610/1/932
f 607/1/896 621/1/919 623/1/918
f 623/1/918 608/1/897 607/1/896
f 607/1/895 606/1/894 622/1/917
f 622/1/917 621/1/916 607/1/895
f 606/1/492 605/1/492 633/1/934
f 633/1/934 622/1/492 606/1/492
f 622/1/490 633/1/490 634/1/490
f 634/1/490 617/1/490 622/1/490
f 624/1/489 618/1/488 617/1/488
f 617/1/488 634/1/488 624/1/489
f 635/1/935 636/1/936 637/1/937
f 637/1/937 638/1/938 635/1/935
f 639/1/939 640/1/940 636/1/941
f 636/1/941 635/1/942 639/1/939
f 636/1/936 641/1/943 642/1/944
f 642/1/944 637/1/937 636/1/936
f 636/1/941 640/1/940 643/1/945
f 643/1/945 641/1/946 636/1/941
f 638/1/516 644/1/947 645/1/948
f 645/1/948 646/1/516 638/1/516
f 638/1/938 646/1/949 647/1/950
f 647/1/950 635/1/935 638/1/938
f 639/1/939 635/1/942 647/1/951
f 647/1/951 648/1/952 639/1/939
f 649/1/510 639/1/510 648/1/510
f 648/1/510 650/1/510 649/1/510
f 640/1/528 639/1/528 649/1/528
f 649/1/528 651/1/528 640/1/528
f 652/1/527 643/1/527 640/1/527
f 640/1/527 651/1/527 652/1/527
f 630/1/953 628/1/523 643/1/953
f 643/1/953 652/1/523 630/1/953
f 627/1/922 641/1/946 643/1/945
f 643/1/945 628/1/923 627/1/922
f 627/1/921 626/1/920 642/1/944
f 642/1/944 641/1/943 627/1/921
f 626/1/521 625/1/521 653/1/954
f 653/1/954 642/1/521 626/1/521
f 642/1/520 653/1/520 654/1/955
f 654/1/955 637/1/520 642/1/520
f 644/1/518 638/1/518 637/1/518
f 637/1/518 654/1/518 644/1/518
f 655/1/956 656/1/957 657/1/958
f 657/1/958 658/1/959 655/1/956
f 659/1/960 660/1/961 656/1/962
f 656/1/962 655/1/963 659/1/960
f 656/1/957 661/1/964 662/1/965
f 662/1/965 657/1/958 656/1/957
f 656/1/962 660/1/961 663/1/966
f 663/1/966 661/1/967 656/1/962
f 658/1/968 664/1/969 665/1/968
f 665/1/968 666/1/970 658/1/968
f 658/1/959 666/1/971 667/1/972
f 667/1/972 655/1/956 658/1/959
f 659/1/960 655/1/963 667/1/973
f 667/1/973 668/1/974 659/1/960
f 669/1/541 659/1/541 668/1/975
f 668/1/975 670/1/541 669/1/541
f 660/1/976 659/1/556 669/1/556
f 669/1/556 671/1/556 660/1/976
f 672/1/977 663/1/978 660/1/979
f 660/1/979 671/1/980 672/1/977
f 650/1/552 648/1/552 663/1/552
f 663/1/552 672/1/552 650/1/552
f 647/1/951 661/1/967 663/1/966
f 663/1/966 648/1/952 647/1/951
f 647/1/950 646/1/949 662/1/965
f 662/1/965 661/1/964 647/1/950
f 646/1/551 645/1/551 673/1/981
f 673/1/981 662/1/982 646/1/551
f 662/1/550 673/1/983 674/1/550
f 674/1/550 657/1/550 662/1/550
f 664/1/549 658/1/549 657/1/549
f 657/1/549 674/1/549 664/1/549
f 675/1/984 676/1/985 677/1/986
f 677/1/986 678/1/987 675/1/984
f 679/1/988 680/1/989 676/1/990
f 676/1/990 675/1/991 679/1/988
f 676/1/985 681/1/992 682/1/993
f 682/1/993 677/1/986 676/1/985
f 676/1/990 680/1/989 683/1/994
f 683/1/994 681/1/995 676/1/990
f 678/1/578 684/1/578 685/1/578
f 685/1/578 686/1/578 678/1/578
f 678/1/987 686/1/996 687/1/997
f 687/1/997 675/1/984 678/1/987
f 679/1/988 675/1/991 687/1/998
f 687/1/998 688/1/999 679/1/988
f 689/1/1000 679/1/1000 688/1/570
f 688/1/570 690/1/570 689/1/1000
f 680/1/597 679/1/597 689/1/597
f 689/1/597 691/1/597 680/1/597
f 692/1/594 683/1/594 680/1/1001
f 680/1/1001 691/1/594 692/1/594
f 670/1/589 668/1/589 683/1/589
f 683/1/589 692/1/589 670/1/589
f 667/1/973 681/1/995 683/1/994
f 683/1/994 668/1/974 667/1/973
f 667/1/972 666/1/971 682/1/993
f 682/1/993 681/1/992 667/1/972
f 666/1/586 665/1/587 693/1/586
f 693/1/586 682/1/586 666/1/586
f 682/1/1002 693/1/583 694/1/1002
f 694/1/1002 677/1/1003 682/1/1002
f 684/1/1004 678/1/1004 677/1/1005
f 677/1/1005 694/1/1006 684/1/1004
f 695/1/1007 696/1/1008 697/1/1009
f 697/1/1009 698/1/1010 695/1/1007
f 699/1/1011 700/1/1012 696/1/1013
f 696/1/1013 695/1/1014 699/1/1011
f 696/1/1008 701/1/1015 702/1/1016
f 702/1/1016 697/1/1009 696/1/1008
f 696/1/1013 700/1/1012 703/1/1017
f 703/1/1017 701/1/1018 696/1/1013
f 698/1/1019 704/1/1020 705/1/1021
f 705/1/1021 706/1/617 698/1/1019
f 698/1/1010 706/1/1022 707/1/1023
f 707/1/1023 695/1/1007 698/1/1010
f 699/1/1011 695/1/1014 707/1/1024
f 707/1/1024 708/1/1025 699/1/1011
f 709/1/611 699/1/1026 708/1/1027
f 708/1/1027 710/1/1028 709/1/611
f 700/1/630 699/1/630 709/1/630
f 709/1/630 711/1/630 700/1/630
f 712/1/629 703/1/629 700/1/628
f 700/1/628 711/1/628 712/1/629
f 690/1/1029 688/1/1030 703/1/1031
f 703/1/1031 712/1/627 690/1/1029
f 687/1/998 701/1/1018 703/1/1017
f 703/1/1017 688/1/999 687/1/998
f 687/1/997 686/1/996 702/1/1016
f 702/1/1016 701/1/1015 687/1/997
f 686/1/625 685/1/625 713/1/625
f 713/1/625 702/1/625 686/1/625
f 702/1/622 713/1/623 714/1/622
f 714/1/622 697/1/622 702/1/622
f 704/1/1032 698/1/621 697/1/621
f 697/1/621 714/1/621 704/1/1032
f 715/1/1033 716/1/1034 717/1/1035
f 717/1/1035 718/1/1036 715/1/1033
f 719/1/1037 720/1/1038 716/1/1039
f 716/1/1039 715/1/1040 719/1/1037
f 716/1/1034 721/1/1041 722/1/1042
f 722/1/1042 717/1/1035 716/1/1034
f 716/1/1039 720/1/1038 723/1/1043
f 723/1/1043 721/1/1044 716/1/1039
f 718/1/1045 724/1/1045 113/1/1045
f 113/1/1045 111/1/1046 718/1/1045
f 715/1/1033 718/1/1036 111/1/182
f 111/1/182 110/1/181 715/1/1033
f 715/1/1040 110/1/180 108/1/179
f 108/1/179 719/1/1037 715/1/1040
f 108/1/1047 109/1/1048 725/1/1049
f 725/1/1049 719/1/1050 108/1/1047
f 720/1/663 719/1/663 725/1/663
f 725/1/663 726/1/663 720/1/663
f 727/1/662 723/1/662 720/1/662
f 720/1/662 726/1/662 727/1/662
f 710/1/1051 708/1/1052 723/1/1053
f 723/1/1053 727/1/659 710/1/1051
f 707/1/1024 721/1/1044 723/1/1043
f 723/1/1043 708/1/1025 707/1/1024
f 707/1/1023 706/1/1022 722/1/1042
f 722/1/1042 721/1/1041 707/1/1023
f 706/1/656 705/1/657 728/1/656
f 728/1/656 722/1/656 706/1/656
f 722/1/653 728/1/653 729/1/653
f 729/1/653 717/1/653 722/1/653
f 724/1/1054 718/1/652 717/1/652
f 717/1/652 729/1/652 724/1/1054
f 730/1/1055 731/1/1056 732/1/1057
f 732/1/1057 733/1/1058 730/1/1055
f 734/1/1059 735/1/1060 731/1/1056
f 731/1/1056 730/1/1055 734/1/1059
f 731/1/1061 736/1/1062 737/1/1063
f 737/1/1063 732/1/1064 731/1/1061
f 731/1/1061 735/1/1065 738/1/1066
f 738/1/1066 736/1/1062 731/1/1061
f 739/1/1067 733/1/1067 740/1/1067
f 740/1/1067 741/1/1067 739/1/1067
f 742/1/1068 730/1/1069 733/1/1070
f 733/1/1070 739/1/1070 742/1/1068
f 730/1/1071 742/1/1071 743/1/1071
f 743/1/1071 734/1/1071 730/1/1071
f 74/1/1072 734/1/1072 743/1/1072
f 743/1/1072 75/1/1072 74/1/1072
f 74/1/148 89/1/149 735/1/1060
f 735/1/1060 734/1/1059 74/1/148
f 88/1/146 738/1/1066 735/1/1065
f 735/1/1065 89/1/147 88/1/146
f 738/1/1073 88/1/1074 87/1/1075
f 87/1/1075 744/1/1076 738/1/1073
f 744/1/1077 745/1/1077 736/1/1077
f 736/1/1077 738/1/1077 744/1/1077
f 736/1/1078 745/1/1079 746/1/1079
f 746/1/1079 737/1/1080 736/1/1078
f 746/1/1081 747/1/1082 748/1/1083
f 748/1/1083 737/1/1082 746/1/1081
f 737/1/1063 748/1/1084 749/1/1085
f 749/1/1085 732/1/1064 737/1/1063
f 733/1/1058 732/1/1057 749/1/1086
f 749/1/1086 740/1/1087 733/1/1058
f 750/1/1088 751/1/1089 752/1/1090
f 752/1/1090 753/1/1091 750/1/1088
f 754/1/1092 755/1/1093 751/1/1089
f 751/1/1089 750/1/1088 754/1/1092
f 751/1/1094 756/1/1095 757/1/1096
f 757/1/1096 752/1/1097 751/1/1094
f 751/1/1094 755/1/1098 758/1/1099
f 758/1/1099 756/1/1095 751/1/1094
f 759/1/1100 760/1/1101 761/1/1100
f 761/1/1100 753/1/1102 759/1/1100
f 761/1/1103 762/1/1103 750/1/1103
f 750/1/1103 753/1/1104 761/1/1103
f 750/1/1105 762/1/1106 763/1/1107
f 763/1/1107 754/1/1108 750/1/1105
f 740/1/1109 754/1/1109 763/1/1110
f 763/1/1110 741/1/1111 740/1/1109
f 754/1/1092 740/1/1087 749/1/1086
f 749/1/1086 755/1/1093 754/1/1092
f 748/1/1084 758/1/1099 755/1/1098
f 755/1/1098 749/1/1085 748/1/1084
f 758/1/1112 748/1/1112 747/1/1112
f 747/1/1112 764/1/1112 758/1/1112
f 764/1/1113 765/1/1113 756/1/1113
f 756/1/1113 758/1/1113 764/1/1113
f 766/1/1114 757/1/1115 756/1/1116
f 756/1/1116 765/1/1116 766/1/1114
f 766/1/1117 767/1/1118 768/1/1119
f 768/1/1119 757/1/1120 766/1/1117
f 752/1/1097 757/1/1096 768/1/1121
f 768/1/1121 769/1/1122 752/1/1097
f 769/1/1123 759/1/1124 753/1/1091
f 753/1/1091 752/1/1090 769/1/1123
f 770/1/1125 771/1/1126 772/1/1127
f 772/1/1127 773/1/1128 770/1/1125
f 774/1/1129 775/1/1130 771/1/1126
f 771/1/1126 770/1/1125 774/1/1129
f 771/1/1131 776/1/1132 777/1/1133
f 777/1/1133 772/1/1134 771/1/1131
f 771/1/1131 775/1/1135 778/1/1136
f 778/1/1136 776/1/1132 771/1/1131
f 779/1/1137 780/1/1138 781/1/1137
f 781/1/1137 773/1/1137 779/1/1137
f 770/1/1139 773/1/1140 781/1/1141
f 781/1/1141 782/1/1139 770/1/1139
f 770/1/1142 782/1/1143 783/1/1144
f 783/1/1144 774/1/1143 770/1/1142
f 759/1/1145 774/1/1145 783/1/1146
f 783/1/1146 760/1/1145 759/1/1145
f 774/1/1129 759/1/1124 769/1/1123
f 769/1/1123 775/1/1130 774/1/1129
f 768/1/1121 778/1/1136 775/1/1135
f 775/1/1135 769/1/1122 768/1/1121
f 778/1/1147 768/1/1147 767/1/1147
f 767/1/1147 784/1/1147 778/1/1147
f 784/1/1148 785/1/1148 776/1/1149
f 776/1/1149 778/1/1149 784/1/1148
f 785/1/1150 786/1/1150 777/1/1150
f 777/1/1150 776/1/1150 785/1/1150
f 786/1/1151 787/1/1152 788/1/1153
f 788/1/1153 777/1/1154 786/1/1151
f 777/1/1133 788/1/1155 789/1/1156
f 789/1/1156 772/1/1134 777/1/1133
f 772/1/1127 789/1/1157 779/1/1158
f 779/1/1158 773/1/1128 772/1/1127
f 790/1/1159 791/1/1160 792/1/1161
f 792/1/1161 793/1/1162 790/1/1159
f 794/1/1163 795/1/1164 791/1/1160
f 791/1/1160 790/1/1159 794/1/1163
f 791/1/1165 796/1/1166 797/1/1167
f 797/1/1167 792/1/1168 791/1/1165
f 791/1/1165 795/1/1169 798/1/1170
f 798/1/1170 796/1/1166 791/1/1165
f 799/1/1171 800/1/1171 801/1/1171
f 801/1/1171 793/1/1171 799/1/1171
f 790/1/1172 793/1/1173 801/1/1174
f 801/1/1174 802/1/1173 790/1/1172
f 790/1/1175 802/1/1175 803/1/1175
f 803/1/1175 794/1/1175 790/1/1175
f 779/1/1176 794/1/1176 803/1/1176
f 803/1/1176 780/1/1176 779/1/1176
f 794/1/1163 779/1/1158 789/1/1157
f 789/1/1157 795/1/1164 794/1/1163
f 795/1/1169 789/1/1156 788/1/1155
f 788/1/1155 798/1/1170 795/1/1169
f 798/1/1177 788/1/1177 787/1/1177
f 787/1/1177 804/1/1177 798/1/1177
f 804/1/1178 805/1/1178 796/1/1178
f 796/1/1178 798/1/1178 804/1/1178
f 805/1/1179 806/1/1179 797/1/1180
f 797/1/1180 796/1/1179 805/1/1179
f 806/1/1181 807/1/1181 808/1/1181
f 808/1/1181 797/1/1182 806/1/1181
f 792/1/1168 797/1/1167 808/1/1183
f 808/1/1183 809/1/1184 792/1/1168
f 792/1/1161 809/1/1185 799/1/1186
f 799/1/1186 793/1/1162 792/1/1161
f 810/1/1187 811/1/1188 812/1/1189
f 812/1/1189 813/1/1190 810/1/1187
f 814/1/1191 815/1/1192 811/1/1188
f 811/1/1188 810/1/1187 814/1/1191
f 811/1/1193 816/1/1194 817/1/1195
f 817/1/1195 812/1/1196 811/1/1193
f 811/1/1193 815/1/1197 818/1/1198
f 818/1/1198 816/1/1194 811/1/1193
f 819/1/1199 820/1/1200 821/1/1201
f 821/1/1201 813/1/1202 819/1/1199
f 810/1/1203 813/1/1203 821/1/1203
f 821/1/1203 822/1/1203 810/1/1203
f 810/1/1204 822/1/1205 823/1/1204
f 823/1/1204 814/1/1206 810/1/1204
f 799/1/1207 814/1/1207 823/1/1207
f 823/1/1207 800/1/1207 799/1/1207
f 814/1/1191 799/1/1186 809/1/1185
f 809/1/1185 815/1/1192 814/1/1191
f 808/1/1183 818/1/1198 815/1/1197
f 815/1/1197 809/1/1184 808/1/1183
f 818/1/1208 808/1/1208 807/1/1208
f 807/1/1208 824/1/1209 818/1/1208
f 824/1/1210 825/1/1211 816/1/1210
f 816/1/1210 818/1/1212 824/1/1210
f 825/1/1213 826/1/1213 817/1/1213
f 817/1/1213 816/1/1213 825/1/1213
f 826/1/1214 827/1/1214 828/1/1215
f 828/1/1215 817/1/1214 826/1/1214
f 812/1/1196 817/1/1195 828/1/1216
f 828/1/1216 829/1/1217 812/1/1196
f 812/1/1189 829/1/1218 819/1/1219
f 819/1/1219 813/1/1190 812/1/1189
f 830/1/1220 831/1/1221 832/1/1222
f 832/1/1222 833/1/1223 830/1/1220
f 834/1/1224 835/1/1225 831/1/1221
f 831/1/1221 830/1/1220 834/1/1224
f 831/1/1226 836/1/1227 837/1/1228
f 837/1/1228 832/1/1229 831/1/1226
f 831/1/1226 835/1/1230 838/1/1231
f 838/1/1231 836/1/1227 831/1/1226
f 839/1/1232 840/1/1232 841/1/1232
f 841/1/1232 833/1/1233 839/1/1232
f 830/1/1234 833/1/1234 841/1/1234
f 841/1/1234 842/1/1234 830/1/1234
f 830/1/1235 842/1/1236 843/1/1236
f 843/1/1236 834/1/1235 830/1/1235
f 819/1/1237 834/1/1238 843/1/1237
f 843/1/1237 820/1/1237 819/1/1237
f 834/1/1224 819/1/1219 829/1/1218
f 829/1/1218 835/1/1225 834/1/1224
f 828/1/1216 838/1/1231 835/1/1230
f 835/1/1230 829/1/1217 828/1/1216
f 838/1/1239 828/1/1239 827/1/1239
f 827/1/1239 844/1/1239 838/1/1239
f 844/1/1240 845/1/1241 836/1/1241
f 836/1/1241 838/1/1241 844/1/1240
f 845/1/1242 846/1/1242 837/1/1242
f 837/1/1242 836/1/1242 845/1/1242
f 846/1/1243 847/1/1244 848/1/1243
f 848/1/1243 837/1/1243 846/1/1243
f 832/1/1229 837/1/1228 848/1/1245
f 848/1/1245 849/1/1246 832/1/1229
f 832/1/1222 849/1/1247 839/1/1248
f 839/1/1248 833/1/1223 832/1/1222
f 850/1/1249 851/1/1250 852/1/1251
f 852/1/1251 853/1/1252 850/1/1249
f 854/1/1253 855/1/1254 851/1/1250
f 851/1/1250 850/1/1249 854/1/1253
f 851/1/1255 856/1/1256 857/1/1257
f 857/1/1257 852/1/1258 851/1/1255
f 851/1/1255 855/1/1259 858/1/1260
f 858/1/1260 856/1/1256 851/1/1255
f 859/1/1261 860/1/1261 861/1/1262
f 861/1/1262 853/1/1261 859/1/1261
f 850/1/1263 853/1/1263 861/1/1263
f 861/1/1263 862/1/1264 850/1/1263
f 850/1/1265 862/1/1266 863/1/1265
f 863/1/1265 854/1/1267 850/1/1265
f 839/1/1268 854/1/1268 863/1/1268
f 863/1/1268 840/1/1268 839/1/1268
f 854/1/1253 839/1/1248 849/1/1247
f 849/1/1247 855/1/1254 854/1/1253
f 848/1/1245 858/1/1260 855/1/1259
f 855/1/1259 849/1/1246 848/1/1245
f 858/1/1269 848/1/1269 847/1/1270
f 847/1/1270 864/1/1271 858/1/1269
f 864/1/1272 865/1/1272 856/1/1272
f 856/1/1272 858/1/1272 864/1/1272
f 865/1/1273 866/1/1273 857/1/1273
f 857/1/1273 856/1/1273 865/1/1273
f 866/1/1274 867/1/1274 868/1/1274
f 868/1/1274 857/1/1275 866/1/1274
f 852/1/1258 857/1/1257 868/1/1276
f 868/1/1276 869/1/1276 852/1/1258
f 852/1/1251 869/1/1277 859/1/1278
f 859/1/1278 853/1/1252 852/1/1251
f 870/1/1279 871/1/1280 872/1/1281
f 872/1/1281 873/1/1282 870/1/1279
f 874/1/1283 875/1/1284 871/1/1280
f 871/1/1280 870/1/1279 874/1/1283
f 871/1/1285 876/1/1286 877/1/1287
f 877/1/1287 872/1/1288 871/1/1285
f 871/1/1285 875/1/1289 878/1/1290
f 878/1/1290 876/1/1286 871/1/1285
f 879/1/1291 880/1/1291 881/1/1291
f 881/1/1291 873/1/1291 879/1/1291
f 870/1/1292 873/1/1292 881/1/1293
f 881/1/1293 882/1/1292 870/1/1292
f 870/1/1294 882/1/1295 883/1/1294
f 883/1/1294 874/1/1295 870/1/1294
f 859/1/1296 874/1/1296 883/1/1296
f 883/1/1296 860/1/1296 859/1/1296
f 874/1/1283 859/1/1278 869/1/1277
f 869/1/1277 875/1/1284 874/1/1283
f 868/1/1276 878/1/1290 875/1/1289
f 875/1/1289 869/1/1276 868/1/1276
f 884/1/1297 878/1/1297 868/1/1298
f 868/1/1298 867/1/1297 884/1/1297
f 884/1/1299 885/1/1299 876/1/1299
f 876/1/1299 878/1/1299 884/1/1299
f 885/1/1300 886/1/1301 877/1/1300
f 877/1/1300 876/1/1300 885/1/1300
f 886/1/1302 887/1/1303 888/1/1304
f 888/1/1304 877/1/1304 886/1/1302
f 872/1/1288 877/1/1287 888/1/1305
f 888/1/1305 889/1/1306 872/1/1288
f 872/1/1281 889/1/1307 879/1/1308
f 879/1/1308 873/1/1282 872/1/1281
f 890/1/1309 891/1/1310 892/1/1311
f 892/1/1311 893/1/1312 890/1/1309
f 894/1/1313 895/1/1314 891/1/1310
f 891/1/1310 890/1/1309 894/1/1313
f 891/1/1315 896/1/1316 897/1/1317
f 897/1/1317 892/1/1318 891/1/1315
f 891/1/1315 895/1/1319 898/1/1320
f 898/1/1320 896/1/1316 891/1/1315
f 899/1/1321 900/1/1321 901/1/1321
f 901/1/1321 893/1/1322 899/1/1321
f 890/1/1323 893/1/1323 901/1/1323
f 901/1/1323 902/1/1323 890/1/1323
f 890/1/1324 902/1/1324 903/1/1324
f 903/1/1324 894/1/1324 890/1/1324
f 879/1/1325 894/1/1326 903/1/1327
f 903/1/1327 880/1/1328 879/1/1325
f 894/1/1313 879/1/1308 889/1/1307
f 889/1/1307 895/1/1314 894/1/1313
f 888/1/1305 898/1/1320 895/1/1319
f 895/1/1319 889/1/1306 888/1/1305
f 898/1/1329 888/1/1330 887/1/1329
f 887/1/1329 904/1/1329 898/1/1329
f 904/1/1331 905/1/1332 896/1/1332
f 896/1/1332 898/1/1333 904/1/1331
f 905/1/1334 906/1/1335 897/1/1335
f 897/1/1335 896/1/1335 905/1/1334
f 906/1/1336 907/1/1337 908/1/1338
f 908/1/1338 897/1/1338 906/1/1336
f 892/1/1318 897/1/1317 908/1/1339
f 908/1/1339 909/1/1340 892/1/1318
f 892/1/1311 909/1/1341 899/1/1342
f 899/1/1342 893/1/1312 892/1/1311
f 910/1/1343 911/1/1344 912/1/1345
f 912/1/1345 913/1/1346 910/1/1343
f 914/1/1347 915/1/1348 911/1/1344
f 911/1/1344 910/1/1343 914/1/1347
f 911/1/1349 916/1/1350 917/1/1351
f 917/1/1351 912/1/1352 911/1/1349
f 911/1/1349 915/1/1353 918/1/1354
f 918/1/1354 916/1/1350 911/1/1349
f 919/1/1355 920/1/1355 921/1/1356
f 921/1/1356 913/1/1356 919/1/1355
f 910/1/1357 913/1/1358 921/1/1359
f 921/1/1359 922/1/1359 910/1/1357
f 910/1/1360 922/1/1360 923/1/1360
f 923/1/1360 914/1/1360 910/1/1360
f 899/1/1361 914/1/1361 923/1/1362
f 923/1/1362 900/1/1361 899/1/1361
f 914/1/1347 899/1/1342 909/1/1341
f 909/1/1341 915/1/1348 914/1/1347
f 908/1/1339 918/1/1354 915/1/1353
f 915/1/1353 909/1/1340 908/1/1339
f 918/1/1363 908/1/1364 907/1/1365
f 907/1/1365 924/1/1366 918/1/1363
f 924/1/1367 925/1/1367 916/1/1368
f 916/1/1368 918/1/1367 924/1/1367
f 925/1/1369 926/1/1370 917/1/1371
f 917/1/1371 916/1/1372 925/1/1369
f 926/1/1373 927/1/1373 928/1/1373
f 928/1/1373 917/1/1373 926/1/1373
f 912/1/1352 917/1/1351 928/1/1374
f 928/1/1374 929/1/1375 912/1/1352
f 912/1/1345 929/1/1376 919/1/1377
f 919/1/1377 913/1/1346 912/1/1345
f 930/1/1378 931/1/1379 932/1/1380
f 932/1/1380 933/1/1381 930/1/1378
f 934/1/1382 935/1/1383 931/1/1379
f 931/1/1379 930/1/1378 934/1/1382
f 931/1/1384 936/1/1385 937/1/1386
f 937/1/1386 932/1/1387 931/1/1384
f 931/1/1384 935/1/1388 938/1/1389
f 938/1/1389 936/1/1385 931/1/1384
f 939/1/1390 940/1/1390 941/1/1390
f 941/1/1390 933/1/1390 939/1/1390
f 930/1/1391 933/1/1391 941/1/1391
f 941/1/1391 942/1/1391 930/1/1391
f 930/1/1392 942/1/1393 943/1/1394
f 943/1/1394 934/1/1393 930/1/1392
f 919/1/1395 934/1/1396 943/1/1397
f 943/1/1397 920/1/1396 919/1/1395
f 934/1/1382 919/1/1377 929/1/1376
f 929/1/1376 935/1/1383 934/1/1382
f 928/1/1374 938/1/1389 935/1/1388
f 935/1/1388 929/1/1375 928/1/1374
f 938/1/1398 928/1/1398 927/1/1399
f 927/1/1399 944/1/1398 938/1/1398
f 944/1/1400 945/1/1400 936/1/1401
f 936/1/1401 938/1/1400 944/1/1400
f 945/1/1402 946/1/1402 937/1/1402
f 937/1/1402 936/1/1402 945/1/1402
f 946/1/1403 947/1/1403 948/1/1403
f 948/1/1403 937/1/1403 946/1/1403
f 932/1/1387 937/1/1386 948/1/1404
f 948/1/1404 949/1/1405 932/1/1387
f 932/1/1380 949/1/1406 939/1/1407
f 939/1/1407 933/1/1381 932/1/1380
f 950/1/1408 951/1/1409 952/1/1410
f 952/1/1410 953/1/1411 950/1/1408
f 954/1/1412 955/1/1413 951/1/1409
f 951/1/1409 950/1/1408 954/1/1412
f 951/1/1414 956/1/1415 957/1/1416
f 957/1/1416 952/1/1417 951/1/1414
f 951/1/1414 955/1/1418 958/1/1419
f 958/1/1419 956/1/1415 951/1/1414
f 959/1/1420 960/1/1421 961/1/1422
f 961/1/1422 953/1/1423 959/1/1420
f 950/1/1424 953/1/1424 961/1/1425
f 961/1/1425 962/1/1424 950/1/1424
f 950/1/1426 962/1/1426 963/1/1427
f 963/1/1427 954/1/1428 950/1/1426
f 939/1/1429 954/1/1429 963/1/1429
f 963/1/1429 940/1/1430 939/1/1429
f 954/1/1412 939/1/1407 949/1/1406
f 949/1/1406 955/1/1413 954/1/1412
f 948/1/1404 958/1/1419 955/1/1418
f 955/1/1418 949/1/1405 948/1/1404
f 958/1/1431 948/1/1432 947/1/1433
f 947/1/1433 964/1/1434 958/1/1431
f 964/1/1435 965/1/1436 956/1/1436
f 956/1/1436 958/1/1437 964/1/1435
f 965/1/1438 966/1/1439 957/1/1439
f 957/1/1439 956/1/1439 965/1/1438
f 966/1/1440 967/1/1440 968/1/1441
f 968/1/1441 957/1/1440 966/1/1440
f 952/1/1417 957/1/1416 968/1/1442
f 968/1/1442 969/1/1443 952/1/1417
f 952/1/1410 969/1/1444 959/1/1445
f 959/1/1445 953/1/1411 952/1/1410
f 970/1/1446 971/1/1447 972/1/1448
f 972/1/1448 973/1/1449 970/1/1446
f 974/1/1450 975/1/1451 971/1/1447
f 971/1/1447 970/1/1446 974/1/1450
f 971/1/1452 976/1/1453 977/1/1454
f 977/1/1454 972/1/1455 971/1/1452
f 971/1/1452 975/1/1456 978/1/1457
f 978/1/1457 976/1/1453 971/1/1452
f 979/1/1458 980/1/1458 981/1/1458
f 981/1/1458 973/1/1458 979/1/1458
f 970/1/1459 973/1/1460 981/1/1459
f 981/1/1459 982/1/1459 970/1/1459
f 970/1/1461 982/1/1462 983/1/1461
f 983/1/1461 974/1/1463 970/1/1461
f 959/1/1464 974/1/1465 983/1/1464
f 983/1/1464 960/1/1466 959/1/1464
f 974/1/1450 959/1/1445 969/1/1444
f 969/1/1444 975/1/1451 974/1/1450
f 968/1/1442 978/1/1457 975/1/1456
f 975/1/1456 969/1/1443 968/1/1442
f 978/1/1467 968/1/1468 967/1/1469
f 967/1/1469 984/1/1467 978/1/1467
f 984/1/1470 985/1/1471 976/1/1472
f 976/1/1472 978/1/1473 984/1/1470
f 985/1/1474 986/1/1475 977/1/1476
f 977/1/1476 976/1/1476 985/1/1474
f 986/1/1477 987/1/1478 988/1/1477
f 988/1/1477 977/1/1477 986/1/1477
f 972/1/1455 977/1/1454 988/1/1479
f 988/1/1479 989/1/1480 972/1/1455
f 972/1/1448 989/1/1481 979/1/1482
f 979/1/1482 973/1/1449 972/1/1448
f 990/1/1483 991/1/1484 992/1/1485
f 992/1/1485 993/1/1486 990/1/1483
f 994/1/1487 995/1/1488 991/1/1484
f 991/1/1484 990/1/1483 994/1/1487
f 991/1/1489 996/1/1490 997/1/1491
f 997/1/1491 992/1/1492 991/1/1489
f 991/1/1489 995/1/1493 998/1/1494
f 998/1/1494 996/1/1490 991/1/1489
f 999/1/1495 1000/1/1495 1001/1/1495
f 1001/1/1495 993/1/1495 999/1/1495
f 990/1/1496 993/1/1497 1001/1/1498
f 1001/1/1498 1002/1/1498 990/1/1496
f 990/1/1499 1002/1/1500 1003/1/1500
f 1003/1/1500 994/1/1500 990/1/1499
f 979/1/1501 994/1/1502 1003/1/1501
f 1003/1/1501 980/1/1501 979/1/1501
f 994/1/1487 979/1/1482 989/1/1481
f 989/1/1481 995/1/1488 994/1/1487
f 988/1/1479 998/1/1494 995/1/1493
f 995/1/1493 989/1/1480 988/1/1479
f 998/1/1503 988/1/1504 987/1/1504
f 987/1/1504 1004/1/1503 998/1/1503
f 1004/1/1505 1005/1/1505 996/1/1505
f 996/1/1505 998/1/1506 1004/1/1505
f 1005/1/1507 1006/1/1507 997/1/1507
f 997/1/1507 996/1/1507 1005/1/1507
f 1006/1/1508 1007/1/1509 1008/1/1510
f 1008/1/1510 997/1/1511 1006/1/1508
f 992/1/1492 997/1/1491 1008/1/1512
f 1008/1/1512 1009/1/1513 992/1/1492
f 992/1/1485 1009/1/1514 999/1/1515
f 999/1/1515 993/1/1486 992/1/1485
f 1010/1/1516 1011/1/1517 1012/1/1518
f 1012/1/1518 1013/1/1519 1010/1/1516
f 1014/1/1520 1015/1/1521 1011/1/1517
f 1011/1/1517 1010/1/1516 1014/1/1520
f 1011/1/1522 1016/1/1523 1017/1/1524
f 1017/1/1524 1012/1/1525 1011/1/1522
f 1011/1/1522 1015/1/1526 1018/1/1527
f 1018/1/1527 1016/1/1523 1011/1/1522
f 1019/1/1528 1020/1/1528 1021/1/1529
f 1021/1/1529 1013/1/1528 1019/1/1528
f 1010/1/1530 1013/1/1531 1021/1/1530
f 1021/1/1530 1022/1/1530 1010/1/1530
f 1010/1/1532 1022/1/1533 1023/1/1534
f 1023/1/1534 1014/1/1533 1010/1/1532
f 999/1/1535 1014/1/1535 1023/1/1535
f 1023/1/1535 1000/1/1535 999/1/1535
f 1014/1/1520 999/1/1515 1009/1/1514
f 1009/1/1514 1015/1/1521 1014/1/1520
f 1008/1/1512 1018/1/1527 1015/1/1526
f 1015/1/1526 1009/1/1513 1008/1/1512
f 1018/1/1536 1008/1/1537 1007/1/1538
f 1007/1/1538 1024/1/1539 1018/1/1536
f 1024/1/1540 1025/1/1541 1016/1/1540
f 1016/1/1540 1018/1/1541 1024/1/1540
f 1025/1/1542 1026/1/1542 1017/1/1543
f 1017/1/1543 1016/1/1542 1025/1/1542
f 1026/1/1544 1027/1/1545 1028/1/1545
f 1028/1/1545 1017/1/1546 1026/1/1544
f 1012/1/1525 1017/1/1524 1028/1/1547
f 1028/1/1547 1029/1/1548 1012/1/1525
f 1012/1/1518 1029/1/1549 1019/1/1550
f 1019/1/1550 1013/1/1519 1012/1/1518
f 1030/1/1551 1031/1/1552 1032/1/1553
f 1032/1/1553 1033/1/1554 1030/1/1551
f 1034/1/1555 1035/1/1556 1031/1/1552
f 1031/1/1552 1030/1/1551 1034/1/1555
f 1031/1/1557 1036/1/1558 1037/1/1559
f 1037/1/1559 1032/1/1560 1031/1/1557
f 1031/1/1557 1035/1/1561 1038/1/1562
f 1038/1/1562 1036/1/1558 1031/1/1557
f 1039/1/1563 1040/1/1564 1041/1/1563
f 1041/1/1563 1033/1/1563 1039/1/1563
f 1030/1/139 1033/1/1565 1041/1/1566
f 1041/1/1566 1042/1/139 1030/1/139
f 1030/1/1567 1042/1/138 1043/1/1568
f 1043/1/1568 1034/1/1569 1030/1/1567
f 1019/1/1570 1034/1/1570 1043/1/1570
f 1043/1/1570 1020/1/135 1019/1/1570
f 1034/1/1555 1019/1/1550 1029/1/1549
f 1029/1/1549 1035/1/1556 1034/1/1555
f 1028/1/1547 1038/1/1562 1035/1/1561
f 1035/1/1561 1029/1/1548 1028/1/1547
f 1038/1/129 1028/1/129 1027/1/129
f 1027/1/129 1044/1/129 1038/1/129
f 1044/1/127 1045/1/127 1036/1/127
f 1036/1/127 1038/1/127 1044/1/127
f 1045/1/126 1046/1/126 1037/1/1571
f 1037/1/1571 1036/1/126 1045/1/126
f 1046/1/125 1047/1/125 1048/1/125
f 1048/1/125 1037/1/125 1046/1/125
f 1032/1/1560 1037/1/1559 1048/1/1572
f 1048/1/1572 1049/1/1573 1032/1/1560
f 1032/1/1553 1049/1/1574 1039/1/1575
f 1039/1/1575 1033/1/1554 1032/1/1553
f 1050/1/1576 1051/1/1577 1052/1/1578
f 1052/1/1578 1053/1/1579 1050/1/1576
f 1054/1/1580 1055/1/1581 1051/1/1577
f 1051/1/1577 1050/1/1576 1054/1/1580
f 1051/1/1582 1056/1/1583 1057/1/1584
f 1057/1/1584 1052/1/1585 1051/1/1582
f 1051/1/1582 1055/1/1586 1058/1/1587
f 1058/1/1587 1056/1/1583 1051/1/1582
f 1059/1/1082 1060/1/1082 1061/1/1588
f 1061/1/1588 1053/1/1589 1059/1/1082
f 1050/1/1590 1053/1/1590 1061/1/1590
f 1061/1/1590 1062/1/1590 1050/1/1590
f 1050/1/1077 1062/1/1591 1063/1/1591
f 1063/1/1591 1054/1/1077 1050/1/1077
f 1039/1/1592 1054/1/1593 1063/1/1074
f 1063/1/1074 1040/1/1594 1039/1/1592
f 1054/1/1580 1039/1/1575 1049/1/1574
f 1049/1/1574 1055/1/1581 1054/1/1580
f 1048/1/1572 1058/1/1587 1055/1/1586
f 1055/1/1586 1049/1/1573 1048/1/1572
f 1058/1/1072 1048/1/1072 1047/1/1072
f 1047/1/1072 1064/1/1072 1058/1/1072
f 1064/1/1071 1065/1/1071 1056/1/1071
f 1056/1/1071 1058/1/1071 1064/1/1071
f 1065/1/1069 1066/1/1070 1057/1/1069
f 1057/1/1069 1056/1/1070 1065/1/1069
f 1066/1/1067 1067/1/1067 1068/1/1067
f 1068/1/1067 1057/1/1067 1066/1/1067
f 1052/1/1585 1057/1/1584 1068/1/1595
f 1068/1/1595 1069/1/1596 1052/1/1585
f 1052/1/1578 1069/1/1597 1059/1/1598
f 1059/1/1598 1053/1/1579 1052/1/1578
f 1070/1/1599 1071/1/1600 1072/1/1601
f 1072/1/1601 1073/1/1602 1070/1/1599
f 1074/1/1603 1075/1/1604 1071/1/1600
f 1071/1/1600 1070/1/1599 1074/1/1603
f 1071/1/1605 1076/1/1606 1077/1/1607
f 1077/1/1607 1072/1/1608 1071/1/1605
f 1071/1/1605 1075/1/1609 1078/1/1610
f 1078/1/1610 1076/1/1606 1071/1/1605
f 1079/1/1118 1080/1/1118 1081/1/1118
f 1081/1/1118 1073/1/1611 1079/1/1118
f 1070/1/1116 1073/1/1116 1081/1/1612
f 1081/1/1612 1082/1/1612 1070/1/1116
f 1070/1/1113 1082/1/1113 1083/1/1613
f 1083/1/1613 1074/1/1614 1070/1/1113
f 1059/1/1112 1074/1/1112 1083/1/1112
f 1083/1/1112 1060/1/1112 1059/1/1112
f 1074/1/1603 1059/1/1598 1069/1/1597
f 1069/1/1597 1075/1/1604 1074/1/1603
f 1068/1/1595 1078/1/1610 1075/1/1609
f 1075/1/1609 1069/1/1596 1068/1/1595
f 1078/1/1111 1068/1/1111 1067/1/1111
f 1067/1/1111 1084/1/1615 1078/1/1111
f 1084/1/1616 1085/1/1617 1076/1/1107
f 1076/1/1107 1078/1/1618 1084/1/1616
f 1085/1/1619 1086/1/1619 1077/1/1620
f 1077/1/1620 1076/1/1621 1085/1/1619
f 1086/1/1622 1087/1/1623 1088/1/1624
f 1088/1/1624 1077/1/1624 1086/1/1622
f 1072/1/1608 1077/1/1607 1088/1/1625
f 1088/1/1625 1089/1/1626 1072/1/1608
f 1072/1/1601 1089/1/1627 1079/1/1628
f 1079/1/1628 1073/1/1602 1072/1/1601
f 1090/1/1629 1091/1/1630 1092/1/1631
f 1092/1/1631 1093/1/1632 1090/1/1629
f 1094/1/1633 1095/1/1634 1091/1/1630
f 1091/1/1630 1090/1/1629 1094/1/1633
f 1091/1/1635 1096/1/1636 1097/1/1637
f 1097/1/1637 1092/1/1638 1091/1/1635
f 1091/1/1635 1095/1/1639 1098/1/1640
f 1098/1/1640 1096/1/1636 1091/1/1635
f 1099/1/1641 1100/1/1641 1101/1/1641
f 1101/1/1641 1093/1/1641 1099/1/1641
f 1090/1/1150 1093/1/1150 1101/1/1642
f 1101/1/1642 1102/1/1150 1090/1/1150
f 1090/1/1149 1102/1/1149 1103/1/1149
f 1103/1/1149 1094/1/1149 1090/1/1149
f 1079/1/1147 1094/1/1147 1103/1/1147
f 1103/1/1147 1080/1/1147 1079/1/1147
f 1094/1/1633 1079/1/1628 1089/1/1627
f 1089/1/1627 1095/1/1634 1094/1/1633
f 1088/1/1625 1098/1/1640 1095/1/1639
f 1095/1/1639 1089/1/1626 1088/1/1625
f 1098/1/1145 1088/1/1643 1087/1/1644
f 1087/1/1644 1104/1/1145 1098/1/1145
f 1104/1/1645 1105/1/1645 1096/1/1645
f 1096/1/1645 1098/1/1646 1104/1/1645
f 1105/1/1139 1106/1/1139 1097/1/1139
f 1097/1/1139 1096/1/1139 1105/1/1139
f 1106/1/1137 1107/1/1137 1108/1/1137
f 1108/1/1137 1097/1/1137 1106/1/1137
f 1092/1/1638 1097/1/1637 1108/1/1647
f 1108/1/1647 1109/1/1648 1092/1/1638
f 1092/1/1631 1109/1/1649 1099/1/1650
f 1099/1/1650 1093/1/1632 1092/1/1631
f 1110/1/1651 1111/1/1652 1112/1/1653
f 1112/1/1653 1113/1/1654 1110/1/1651
f 1114/1/1655 1115/1/1656 1111/1/1652
f 1111/1/1652 1110/1/1651 1114/1/1655
f 1111/1/1657 1116/1/1658 1117/1/1659
f 1117/1/1659 1112/1/1660 1111/1/1657
f 1111/1/1657 1115/1/1661 1118/1/1662
f 1118/1/1662 1116/1/1658 1111/1/1657
f 1119/1/1181 1120/1/1181 1121/1/1181
f 1121/1/1181 1113/1/1181 1119/1/1181
f 1110/1/1179 1113/1/1179 1121/1/1179
f 1121/1/1179 1122/1/1179 1110/1/1179
f 1110/1/1178 1122/1/1178 1123/1/1178
f 1123/1/1178 1114/1/1178 1110/1/1178
f 1099/1/1177 1114/1/1663 1123/1/1664
f 1123/1/1664 1100/1/1177 1099/1/1177
f 1114/1/1655 1099/1/1650 1109/1/1649
f 1109/1/1649 1115/1/1656 1114/1/1655
f 1108/1/1647 1118/1/1662 1115/1/1661
f 1115/1/1661 1109/1/1648 1108/1/1647
f 1118/1/1665 1108/1/1666 1107/1/1666
f 1107/1/1666 1124/1/1667 1118/1/1665
f 1124/1/1668 1125/1/1175 1116/1/1669
f 1116/1/1669 1118/1/1670 1124/1/1668
f 1125/1/1173 1126/1/1173 1117/1/1173
f 1117/1/1173 1116/1/1173 1125/1/1173
f 1126/1/1671 1127/1/1672 1128/1/1672
f 1128/1/1672 1117/1/1672 1126/1/1671
f 1112/1/1660 1117/1/1659 1128/1/1673
f 1128/1/1673 1129/1/1674 1112/1/1660
f 1112/1/1653 1129/1/1675 1119/1/1676
f 1119/1/1676 1113/1/1654 1112/1/1653
f 1130/1/1677 1131/1/1678 1132/1/1679
f 1132/1/1679 1133/1/1680 1130/1/1677
f 1134/1/1681 1135/1/1682 1131/1/1678
f 1131/1/1678 1130/1/1677 1134/1/1681
f 1131/1/1683 1136/1/1684 1137/1/1685
f 1137/1/1685 1132/1/1686 1131/1/1683
f 1131/1/1683 1135/1/1687 1138/1/1688
f 1138/1/1688 1136/1/1684 1131/1/1683
f 1139/1/1214 1140/1/1214 1141/1/1689
f 1141/1/1689 1133/1/1214 1139/1/1214
f 1130/1/1213 1133/1/1213 1141/1/1690
f 1141/1/1690 1142/1/1213 1130/1/1213
f 1130/1/1691 1142/1/1691 1143/1/1691
f 1143/1/1691 1134/1/1691 1130/1/1691
f 1119/1/1692 1134/1/1693 1143/1/1694
f 1143/1/1694 1120/1/1693 1119/1/1692
f 1134/1/1681 1119/1/1676 1129/1/1675
f 1129/1/1675 1135/1/1682 1134/1/1681
f 1128/1/1673 1138/1/1688 1135/1/1687
f 1135/1/1687 1129/1/1674 1128/1/1673
f 1138/1/1695 1128/1/1207 1127/1/1207
f 1127/1/1207 1144/1/1207 1138/1/1695
f 1144/1/1204 1145/1/1696 1136/1/1204
f 1136/1/1204 1138/1/1204 1144/1/1204
f 1145/1/1697 1146/1/1203 1137/1/1698
f 1137/1/1698 1136/1/1203 1145/1/1697
f 1146/1/1202 1147/1/1202 1148/1/1202
f 1148/1/1202 1137/1/1202 1146/1/1202
f 1132/1/1686 1137/1/1685 1148/1/1699
f 1148/1/1699 1149/1/1700 1132/1/1686
f 1132/1/1679 1149/1/1701 1139/1/1702
f 1139/1/1702 1133/1/1680 1132/1/1679
f 1150/1/1703 1151/1/1704 1152/1/1705
f 1152/1/1705 1153/1/1706 1150/1/1703
f 1154/1/1707 1155/1/1708 1151/1/1704
f 1151/1/1704 1150/1/1703 1154/1/1707
f 1151/1/1709 1156/1/1710 1157/1/1711
f 1157/1/1711 1152/1/1712 1151/1/1709
f 1151/1/1709 1155/1/1713 1158/1/1714
f 1158/1/1714 1156/1/1710 1151/1/1709
f 1159/1/1715 1160/1/1244 1161/1/1244
f 1161/1/1244 1153/1/1244 1159/1/1715
f 1150/1/1242 1153/1/1716 1161/1/1242
f 1161/1/1242 1162/1/1242 1150/1/1242
f 1150/1/1717 1162/1/1241 1163/1/1717
f 1163/1/1717 1154/1/1717 1150/1/1717
f 1139/1/1718 1154/1/1239 1163/1/1239
f 1163/1/1239 1140/1/1239 1139/1/1718
f 1154/1/1707 1139/1/1702 1149/1/1701
f 1149/1/1701 1155/1/1708 1154/1/1707
f 1148/1/1699 1158/1/1714 1155/1/1713
f 1155/1/1713 1149/1/1700 1148/1/1699
f 1158/1/1719 1148/1/1719 1147/1/1719
f 1147/1/1719 1164/1/1719 1158/1/1719
f 1164/1/1235 1165/1/1235 1156/1/1235
f 1156/1/1235 1158/1/1720 1164/1/1235
f 1165/1/1234 1166/1/1234 1157/1/1234
f 1157/1/1234 1156/1/1234 1165/1/1234
f 1166/1/1232 1167/1/1721 1168/1/1232
f 1168/1/1232 1157/1/1232 1166/1/1232
f 1152/1/1712 1157/1/1711 1168/1/1722
f 1168/1/1722 1169/1/1723 1152/1/1712
f 1152/1/1705 1169/1/1724 1159/1/1725
f 1159/1/1725 1153/1/1706 1152/1/1705
f 1170/1/1726 1171/1/1727 1172/1/1728
f 1172/1/1728 1173/1/1729 1170/1/1726
f 1174/1/1730 1175/1/1731 1171/1/1727
f 1171/1/1727 1170/1/1726 1174/1/1730
f 1171/1/1732 1176/1/1733 1177/1/1734
f 1177/1/1734 1172/1/1735 1171/1/1732
f 1171/1/1732 1175/1/1736 1178/1/1737
f 1178/1/1737 1176/1/1733 1171/1/1732
f 1179/1/1738 1180/1/1739 1181/1/1738
f 1181/1/1738 1173/1/1738 1179/1/1738
f 1170/1/1273 1173/1/1273 1181/1/1273
f 1181/1/1273 1182/1/1273 1170/1/1273
f 1170/1/1740 1182/1/1272 1183/1/1741
f 1183/1/1741 1174/1/1742 1170/1/1740
f 1159/1/1743 1174/1/1744 1183/1/1745
f 1183/1/1745 1160/1/1746 1159/1/1743
f 1174/1/1730 1159/1/1725 1169/1/1724
f 1169/1/1724 1175/1/1731 1174/1/1730
f 1168/1/1722 1178/1/1737 1175/1/1736
f 1175/1/1736 1169/1/1723 1168/1/1722
f 1178/1/1747 1168/1/1268 1167/1/1748
f 1167/1/1748 1184/1/1749 1178/1/1747
f 1184/1/1265 1185/1/1265 1176/1/1265
f 1176/1/1265 1178/1/1265 1184/1/1265
f 1185/1/1750 1186/1/1264 1177/1/1264
f 1177/1/1264 1176/1/1263 1185/1/1750
f 1186/1/1261 1187/1/1261 1188/1/1261
f 1188/1/1261 1177/1/1261 1186/1/1261
f 1172/1/1735 1177/1/1734 1188/1/1751
f 1188/1/1751 1189/1/1752 1172/1/1735
f 1172/1/1728 1189/1/1753 1179/1/1754
f 1179/1/1754 1173/1/1729 1172/1/1728
f 1190/1/1755 1191/1/1756 1192/1/1757
f 1192/1/1757 1193/1/1758 1190/1/1755
f 1194/1/1759 1195/1/1760 1191/1/1756
f 1191/1/1756 1190/1/1755 1194/1/1759
f 1191/1/1761 1196/1/1762 1197/1/1763
f 1197/1/1763 1192/1/1764 1191/1/1761
f 1191/1/1761 1195/1/1765 1198/1/1766
f 1198/1/1766 1196/1/1762 1191/1/1761
f 1199/1/1767 1200/1/1768 1201/1/1767
f 1201/1/1767 1193/1/1304 1199/1/1767
f 1190/1/1301 1193/1/1301 1201/1/1769
f 1201/1/1769 1202/1/1301 1190/1/1301
f 1190/1/1299 1202/1/1299 1203/1/1770
f 1203/1/1770 1194/1/1299 1190/1/1299
f 1179/1/1771 1194/1/1772 1203/1/1773
f 1203/1/1773 1180/1/1774 1179/1/1771
f 1194/1/1759 1179/1/1754 1189/1/1753
f 1189/1/1753 1195/1/1760 1194/1/1759
f 1188/1/1751 1198/1/1766 1195/1/1765
f 1195/1/1765 1189/1/1752 1188/1/1751
f 1198/1/1296 1188/1/1296 1187/1/1296
f 1187/1/1296 1204/1/1296 1198/1/1296
f 1204/1/1775 1205/1/1775 1196/1/1294
f 1196/1/1294 1198/1/1775 1204/1/1775
f 1205/1/1292 1206/1/1292 1197/1/1292
f 1197/1/1292 1196/1/1292 1205/1/1292
f 1206/1/1776 1207/1/1291 1208/1/1291
f 1208/1/1291 1197/1/1291 1206/1/1776
f 1192/1/1764 1197/1/1763 1208/1/1777
f 1208/1/1777 1209/1/1778 1192/1/1764
f 1192/1/1757 1209/1/1779 1199/1/1780
f 1199/1/1780 1193/1/1758 1192/1/1757
f 1210/1/1781 1211/1/1782 1212/1/1783
f 1212/1/1783 1213/1/1784 1210/1/1781
f 1214/1/1785 1215/1/1786 1211/1/1782
f 1211/1/1782 1210/1/1781 1214/1/1785
f 1211/1/1787 1216/1/1788 1217/1/1789
f 1217/1/1789 1212/1/1790 1211/1/1787
f 1211/1/1787 1215/1/1791 1218/1/1792
f 1218/1/1792 1216/1/1788 1211/1/1787
f 1219/1/1793 1220/1/1338 1221/1/1338
f 1221/1/1338 1213/1/1338 1219/1/1793
f 1210/1/1335 1213/1/1794 1221/1/1794
f 1221/1/1794 1222/1/1335 1210/1/1335
f 1210/1/1332 1222/1/1332 1223/1/1332
f 1223/1/1332 1214/1/1332 1210/1/1332
f 1199/1/1330 1214/1/1330 1223/1/1795
f 1223/1/1795 1200/1/1330 1199/1/1330
f 1214/1/1785 1199/1/1780 1209/1/1779
f 1209/1/1779 1215/1/1786 1214/1/1785
f 1208/1/1777 1218/1/1792 1215/1/1791
f 1215/1/1791 1209/1/1778 1208/1/1777
f 1218/1/1328 1208/1/1328 1207/1/1328
f 1207/1/1328 1224/1/1328 1218/1/1328
f 1224/1/1324 1225/1/1324 1216/1/1324
f 1216/1/1324 1218/1/1324 1224/1/1324
f 1225/1/1323 1226/1/1323 1217/1/1323
f 1217/1/1323 1216/1/1323 1225/1/1323
f 1226/1/1796 1227/1/1796 1228/1/1796
f 1228/1/1796 1217/1/1797 1226/1/1796
f 1212/1/1790 1217/1/1789 1228/1/1798
f 1228/1/1798 1229/1/1799 1212/1/1790
f 1212/1/1783 1229/1/1800 1219/1/1801
f 1219/1/1801 1213/1/1784 1212/1/1783
f 1230/1/1802 1231/1/1803 1232/1/1804
f 1232/1/1804 1233/1/1805 1230/1/1802
f 1234/1/1806 1235/1/1807 1231/1/1803
f 1231/1/1803 1230/1/1802 1234/1/1806
f 1231/1/1808 1236/1/1809 1237/1/1810
f 1237/1/1810 1232/1/1811 1231/1/1808
f 1231/1/1808 1235/1/1812 1238/1/1813
f 1238/1/1813 1236/1/1809 1231/1/1808
f 1239/1/1373 1240/1/1373 1241/1/1373
f 1241/1/1373 1233/1/1373 1239/1/1373
f 1230/1/1814 1233/1/1814 1241/1/1814
f 1241/1/1814 1242/1/1814 1230/1/1814
f 1230/1/1367 1242/1/1367 1243/1/1367
f 1243/1/1367 1234/1/1367 1230/1/1367
f 1219/1/1366 1234/1/1366 1243/1/1366
f 1243/1/1366 1220/1/1366 1219/1/1366
f 1234/1/1806 1219/1/1801 1229/1/1800
f 1229/1/1800 1235/1/1807 1234/1/1806
f 1228/1/1798 1238/1/1813 1235/1/1812
f 1235/1/1812 1229/1/1799 1228/1/1798
f 1238/1/1361 1228/1/1361 1227/1/1361
f 1227/1/1361 1244/1/1361 1238/1/1361
f 1244/1/1815 1245/1/1360 1236/1/1360
f 1236/1/1360 1238/1/1360 1244/1/1815
f 1245/1/1359 1246/1/1357 1237/1/1357
f 1237/1/1357 1236/1/1359 1245/1/1359
f 1246/1/1816 1247/1/1355 1248/1/1817
f 1248/1/1817 1237/1/1355 1246/1/1816
f 1232/1/1811 1237/1/1810 1248/1/1818
f 1248/1/1818 1249/1/1819 1232/1/1811
f 1232/1/1804 1249/1/1820 1239/1/1821
f 1239/1/1821 1233/1/1805 1232/1/1804
f 1250/1/1822 1251/1/1823 1252/1/1824
f 1252/1/1824 1253/1/1825 1250/1/1822
f 1254/1/1826 1255/1/1827 1251/1/1823
f 1251/1/1823 1250/1/1822 1254/1/1826
f 1251/1/1828 1256/1/1829 1257/1/1830
f 1257/1/1830 1252/1/1831 1251/1/1828
f 1251/1/1828 1255/1/1832 1258/1/1833
f 1258/1/1833 1256/1/1829 1251/1/1828
f 1259/1/1834 1260/1/1834 1261/1/1834
f 1261/1/1834 1253/1/1834 1259/1/1834
f 1250/1/1402 1253/1/1402 1261/1/1402
f 1261/1/1402 1262/1/1402 1250/1/1402
f 1250/1/1400 1262/1/1400 1263/1/1400
f 1263/1/1400 1254/1/1400 1250/1/1400
f 1239/1/1399 1254/1/1399 1263/1/1399
f 1263/1/1399 1240/1/1399 1239/1/1399
f 1254/1/1826 1239/1/1821 1249/1/1820
f 1249/1/1820 1255/1/1827 1254/1/1826
f 1248/1/1818 1258/1/1833 1255/1/1832
f 1255/1/1832 1249/1/1819 1248/1/1818
f 1258/1/1397 1248/1/1397 1247/1/1397
f 1247/1/1397 1264/1/1397 1258/1/1397
f 1264/1/1393 1265/1/1393 1256/1/1835
f 1256/1/1835 1258/1/1393 1264/1/1393
f 1265/1/1836 1266/1/1836 1257/1/1836
f 1257/1/1836 1256/1/1836 1265/1/1836
f 1266/1/1837 1267/1/1837 1268/1/1837
f 1268/1/1837 1257/1/1837 1266/1/1837
f 1252/1/1831 1257/1/1830 1268/1/1838
f 1268/1/1838 1269/1/1839 1252/1/1831
f 1252/1/1824 1269/1/1840 1259/1/1841
f 1259/1/1841 1253/1/1825 1252/1/1824
f 1270/1/1842 1271/1/1843 1272/1/1844
f 1272/1/1844 1273/1/1845 1270/1/1842
f 1274/1/1846 1275/1/1847 1271/1/1843
f 1271/1/1843 1270/1/1842 1274/1/1846
f 1271/1/1848 1276/1/1849 1277/1/1850
f 1277/1/1850 1272/1/1851 1271/1/1848
f 1271/1/1848 1275/1/1852 1278/1/1853
f 1278/1/1853 1276/1/1849 1271/1/1848
f 1279/1/1440 1280/1/1440 1281/1/1440
f 1281/1/1440 1273/1/1440 1279/1/1440
f 1270/1/1439 1273/1/1439 1281/1/1439
f 1281/1/1439 1282/1/1439 1270/1/1439
f 1270/1/1435 1282/1/1435 1283/1/1435
f 1283/1/1435 1274/1/1435 1270/1/1435
f 1259/1/1854 1274/1/1433 1283/1/1433
f 1283/1/1433 1260/1/1855 1259/1/1854
f 1274/1/1846 1259/1/1841 1269/1/1840
f 1269/1/1840 1275/1/1847 1274/1/1846
f 1268/1/1838 1278/1/1853 1275/1/1852
f 1275/1/1852 1269/1/1839 1268/1/1838
f 1278/1/1856 1268/1/1857 1267/1/1858
f 1267/1/1858 1284/1/1858 1278/1/1856
f 1284/1/1859 1285/1/1426 1276/1/1426
f 1276/1/1426 1278/1/1860 1284/1/1859
f 1285/1/1424 1286/1/1424 1277/1/1861
f 1277/1/1861 1276/1/1424 1285/1/1424
f 1286/1/1862 1287/1/1421 1288/1/1862
f 1288/1/1862 1277/1/1421 1286/1/1862
f 1272/1/1851 1277/1/1850 1288/1/1863
f 1288/1/1863 1289/1/1864 1272/1/1851
f 1272/1/1844 1289/1/1865 1279/1/1866
f 1279/1/1866 1273/1/1845 1272/1/1844
f 1290/1/1867 1291/1/1868 1292/1/1869
f 1292/1/1869 1293/1/1870 1290/1/1867
f 1294/1/1871 1295/1/1872 1291/1/1868
f 1291/1/1868 1290/1/1867 1294/1/1871
f 1291/1/1873 1296/1/1874 1297/1/1875
f 1297/1/1875 1292/1/1876 1291/1/1873
f 1291/1/1873 1295/1/1877 1298/1/1878
f 1298/1/1878 1296/1/1874 1291/1/1873
f 1299/1/1477 1300/1/1477 1301/1/1477
f 1301/1/1477 1293/1/1477 1299/1/1477
f 1290/1/1476 1293/1/1476 1301/1/1476
f 1301/1/1476 1302/1/1476 1290/1/1476
f 1290/1/1473 1302/1/1879 1303/1/1473
f 1303/1/1473 1294/1/1473 1290/1/1473
f 1279/1/1467 1294/1/1880 1303/1/1467
f 1303/1/1467 1280/1/1467 1279/1/1467
f 1294/1/1871 1279/1/1866 1289/1/1865
f 1289/1/1865 1295/1/1872 1294/1/1871
f 1288/1/1863 1298/1/1878 1295/1/1877
f 1295/1/1877 1289/1/1864 1288/1/1863
f 1298/1/1881 1288/1/1882 1287/1/1464
f 1287/1/1464 1304/1/1881 1298/1/1881
f 1304/1/1462 1305/1/1883 1296/1/1884
f 1296/1/1884 1298/1/1462 1304/1/1462
f 1305/1/1460 1306/1/1460 1297/1/1460
f 1297/1/1460 1296/1/1460 1305/1/1460
f 1306/1/1458 1307/1/1885 1308/1/1886
f 1308/1/1886 1297/1/1458 1306/1/1458
f 1292/1/1876 1297/1/1875 1308/1/1887
f 1308/1/1887 1309/1/1888 1292/1/1876
f 1292/1/1869 1309/1/1889 1299/1/1890
f 1299/1/1890 1293/1/1870 1292/1/1869
f 1310/1/1891 1311/1/1892 1312/1/1893
f 1312/1/1893 1313/1/1894 1310/1/1891
f 1314/1/1895 1315/1/1896 1311/1/1892
f 1311/1/1892 1310/1/1891 1314/1/1895
f 1311/1/1897 1316/1/1898 1317/1/1899
f 1317/1/1899 1312/1/1900 1311/1/1897
f 1311/1/1897 1315/1/1901 1318/1/1902
f 1318/1/1902 1316/1/1898 1311/1/1897
f 1319/1/1509 1320/1/1903 1321/1/1509
f 1321/1/1509 1313/1/1904 1319/1/1509
f 1310/1/1507 1313/1/1507 1321/1/1507
f 1321/1/1507 1322/1/1507 1310/1/1507
f 1310/1/1905 1322/1/1905 1323/1/1506
f 1323/1/1506 1314/1/1506 1310/1/1905
f 1299/1/1906 1314/1/1907 1323/1/1907
f 1323/1/1907 1300/1/1907 1299/1/1906
f 1314/1/1895 1299/1/1890 1309/1/1889
f 1309/1/1889 1315/1/1896 1314/1/1895
f 1308/1/1887 1318/1/1902 1315/1/1901
f 1315/1/1901 1309/1/1888 1308/1/1887
f 1318/1/1501 1308/1/1908 1307/1/1908
f 1307/1/1908 1324/1/1502 1318/1/1501
f 1324/1/1500 1325/1/1500 1316/1/1909
f 1316/1/1909 1318/1/1500 1324/1/1500
f 1325/1/1498 1326/1/1498 1317/1/1498
f 1317/1/1498 1316/1/1498 1325/1/1498
f 1326/1/1495 1327/1/1495 1328/1/1495
f 1328/1/1495 1317/1/1495 1326/1/1495
f 1312/1/1900 1317/1/1899 1328/1/1910
f 1328/1/1910 1329/1/1911 1312/1/1900
f 1312/1/1893 1329/1/1912 1319/1/1913
f 1319/1/1913 1313/1/1894 1312/1/1893
f 1330/1/1914 1331/1/1915 1332/1/1916
f 1332/1/1916 1333/1/1917 1330/1/1914
f 1334/1/1918 1335/1/1919 1331/1/1915
f 1331/1/1915 1330/1/1914 1334/1/1918
f 1331/1/1920 1336/1/1921 1337/1/1922
f 1337/1/1922 1332/1/1923 1331/1/1920
f 1331/1/1920 1335/1/1924 1338/1/1925
f 1338/1/1925 1336/1/1921 1331/1/1920
f 80/1/1546 79/1/1545 1339/1/1546
f 1339/1/1546 1333/1/1545 80/1/1546
f 1330/1/1542 1333/1/1926 1339/1/1927
f 1339/1/1927 1340/1/1542 1330/1/1542
f 1330/1/1541 1340/1/1541 1341/1/1928
f 1341/1/1928 1334/1/1540 1330/1/1541
f 1319/1/1539 1334/1/1539 1341/1/1539
f 1341/1/1539 1320/1/1539 1319/1/1539
f 1334/1/1918 1319/1/1913 1329/1/1912
f 1329/1/1912 1335/1/1919 1334/1/1918
f 1328/1/1910 1338/1/1925 1335/1/1924
f 1335/1/1924 1329/1/1911 1328/1/1910
f 1338/1/1929 1328/1/1535 1327/1/1930
f 1327/1/1930 1342/1/1929 1338/1/1929
f 1342/1/1931 1343/1/1533 1336/1/1931
f 1336/1/1931 1338/1/1932 1342/1/1931
f 1343/1/1530 1344/1/1530 1337/1/1933
f 1337/1/1933 1336/1/1530 1343/1/1530
f 82/1/1934 1337/1/1528 1344/1/1528
f 1344/1/1528 84/1/1935 82/1/1934
f 1337/1/1922 82/1/134 81/1/133
f 81/1/133 1332/1/1923 1337/1/1922
f 1332/1/1916 81/1/131 80/1/132
f 80/1/132 1333/1/1917 1332/1/1916
f 1345/1/1936 1346/1/1937 1347/1/1937
f 1347/1/1937 1348/1/1938 1345/1/1936
f 1349/1/1939 1350/1/1940 1346/1/1941
f 1346/1/1941 1345/1/1939 1349/1/1939
f 1346/1/1942 1351/1/1943 1352/1/1942
f 1352/1/1942 1347/1/1944 1346/1/1942
f 1353/1/1945 1351/1/1946 1346/1/1947
f 1346/1/1947 1350/1/1945 1353/1/1945
f 1354/1/1948 590/1/1948 612/1/1948
f 612/1/1948 1348/1/1948 1354/1/1948
f 1348/1/1949 612/1/1949 611/1/1949
f 611/1/1949 1345/1/1949 1348/1/1949
f 1349/1/1950 1345/1/1951 611/1/1951
f 611/1/1951 609/1/1951 1349/1/1950
f 1349/1/1952 609/1/1952 610/1/1952
f 610/1/1952 1355/1/1952 1349/1/1952
f 1349/1/1953 1355/1/1953 1356/1/1953
f 1356/1/1953 1350/1/1953 1349/1/1953
f 1357/1/1954 1353/1/1955 1350/1/1956
f 1350/1/1956 1356/1/1957 1357/1/1954
f 1353/1/1958 1357/1/1958 1227/1/1958
f 1227/1/1958 1226/1/1958 1353/1/1958
f 1353/1/1959 1226/1/1959 1225/1/1959
f 1225/1/1959 1351/1/1959 1353/1/1959
f 1225/1/1960 1224/1/1960 1352/1/1961
f 1352/1/1961 1351/1/1960 1225/1/1960
f 1224/1/1962 1207/1/1962 1358/1/1962
f 1358/1/1962 1352/1/1962 1224/1/1962
f 1347/1/1963 1352/1/1963 1358/1/1963
f 1358/1/1963 1359/1/1963 1347/1/1963
f 1347/1/1964 1359/1/1964 1354/1/1964
f 1354/1/1964 1348/1/1964 1347/1/1964
f 1360/1/1965 1361/1/1965 1362/1/1965
f 1362/1/1965 1363/1/1965 1360/1/1965
f 1364/1/1966 1365/1/1967 1361/1/1966
f 1361/1/1966 1360/1/1966 1364/1/1966
f 1361/1/1968 1366/1/1968 1367/1/1968
f 1367/1/1968 1362/1/1968 1361/1/1968
f 1365/1/1969 1368/1/1970 1366/1/1971
f 1366/1/1971 1361/1/1971 1365/1/1969
f 113/1/1972 724/1/1972 1363/1/1972
f 1363/1/1972 1369/1/1972 113/1/1972
f 729/1/1973 1360/1/1974 1363/1/1975
f 1363/1/1975 724/1/1974 729/1/1973
f 729/1/1976 728/1/1977 1364/1/1976
f 1364/1/1976 1360/1/1976 729/1/1976
f 728/1/1978 705/1/1979 1370/1/1980
f 1370/1/1980 1364/1/1978 728/1/1978
f 1364/1/1981 1370/1/1982 1371/1/1981
f 1371/1/1981 1365/1/1981 1364/1/1981
f 1372/1/1983 1368/1/1983 1365/1/1983
f 1365/1/1983 1371/1/1983 1372/1/1983
f 1368/1/1984 1372/1/1984 1320/1/1985
f 1320/1/1985 1341/1/1986 1368/1/1984
f 1368/1/1987 1341/1/1987 1340/1/1988
f 1340/1/1988 1366/1/1987 1368/1/1987
f 1366/1/1989 1340/1/1990 1339/1/1990
f 1339/1/1990 1367/1/1990 1366/1/1989
f 1339/1/1991 79/1/1992 1373/1/1993
f 1373/1/1993 1367/1/1994 1339/1/1991
f 1367/1/1995 1373/1/1995 1374/1/1995
f 1374/1/1995 1362/1/1995 1367/1/1995
f 1362/1/1996 1374/1/1996 1369/1/1996
f 1369/1/1996 1363/1/1996 1362/1/1996
f 1375/1/1997 1376/1/1998 1377/1/1999
f 1377/1/1999 1378/1/1998 1375/1/1997
f 1379/1/2000 1380/1/2000 1376/1/2000
f 1376/1/2000 1375/1/2000 1379/1/2000
f 1376/1/2001 1381/1/2002 1382/1/2002
f 1382/1/2002 1377/1/2003 1376/1/2001
f 1376/1/2004 1380/1/2004 1383/1/2004
f 1383/1/2004 1381/1/2004 1376/1/2004
f 1378/1/2005 1384/1/2006 205/1/2006
f 205/1/2006 204/1/2007 1378/1/2005
f 1378/1/2008 204/1/2009 214/1/2008
f 214/1/2008 1375/1/2008 1378/1/2008
f 1379/1/2010 1375/1/2010 214/1/2010
f 214/1/2010 213/1/2010 1379/1/2010
f 213/1/2011 185/1/2012 1385/1/2012
f 1385/1/2012 1379/1/2011 213/1/2011
f 1379/1/2013 1385/1/2013 1386/1/2014
f 1386/1/2014 1380/1/2013 1379/1/2013
f 1387/1/2015 1383/1/2016 1380/1/2017
f 1380/1/2017 1386/1/2018 1387/1/2015
f 800/1/2019 823/1/2020 1383/1/2021
f 1383/1/2021 1387/1/2021 800/1/2019
f 1383/1/2022 823/1/2022 822/1/2022
f 822/1/2022 1381/1/2022 1383/1/2022
f 822/1/2023 821/1/2023 1382/1/2023
f 1382/1/2023 1381/1/2024 822/1/2023
f 821/1/2025 820/1/2025 1388/1/2025
f 1388/1/2025 1382/1/2025 821/1/2025
f 1389/1/2026 1377/1/2026 1382/1/2026
f 1382/1/2026 1388/1/2026 1389/1/2026
f 1377/1/2027 1389/1/2028 1384/1/2028
f 1384/1/2028 1378/1/2027 1377/1/2027
f 1390/1/2029 1391/1/2030 1392/1/2030
f 1392/1/2030 1393/1/2030 1390/1/2029
f 1394/1/2031 1395/1/2031 1391/1/2032
f 1391/1/2032 1390/1/2031 1394/1/2031
f 1391/1/2033 1396/1/2034 1397/1/2035
f 1397/1/2035 1392/1/2036 1391/1/2033
f 1398/1/2037 1396/1/2038 1391/1/2037
f 1391/1/2037 1395/1/2037 1398/1/2037
f 1393/1/2039 1355/1/2040 610/1/2039
f 610/1/2039 632/1/2039 1393/1/2039
f 1393/1/2041 632/1/2042 631/1/2043
f 631/1/2043 1390/1/2041 1393/1/2041
f 1394/1/2044 1390/1/2044 631/1/2045
f 631/1/2045 629/1/2046 1394/1/2044
f 1399/1/2047 1394/1/2047 629/1/2047
f 629/1/2047 630/1/2047 1399/1/2047
f 1399/1/2048 1400/1/2049 1395/1/2049
f 1395/1/2049 1394/1/2049 1399/1/2048
f 1401/1/2050 1398/1/2050 1395/1/2050
f 1395/1/2050 1400/1/2050 1401/1/2050
f 1398/1/2051 1401/1/2051 1247/1/2051
f 1247/1/2051 1246/1/2052 1398/1/2051
f 1398/1/2053 1246/1/2053 1245/1/2053
f 1245/1/2053 1396/1/2053 1398/1/2053
f 1245/1/2054 1244/1/2054 1397/1/2054
f 1397/1/2054 1396/1/2054 1245/1/2054
f 1227/1/2055 1357/1/2055 1397/1/2055
f 1397/1/2055 1244/1/2055 1227/1/2055
f 1392/1/2056 1397/1/2056 1357/1/2056
f 1357/1/2056 1356/1/2056 1392/1/2056
f 1393/1/2057 1392/1/2058 1356/1/2057
f 1356/1/2057 1355/1/2057 1393/1/2057
f 1402/1/2059 1403/1/2060 1404/1/2060
f 1404/1/2060 1405/1/2060 1402/1/2059
f 1406/1/2061 1407/1/2062 1403/1/2063
f 1403/1/2063 1402/1/2062 1406/1/2061
f 1403/1/2064 1408/1/2064 1409/1/2064
f 1409/1/2064 1404/1/2064 1403/1/2064
f 1407/1/2065 1410/1/2065 1408/1/2066
f 1408/1/2066 1403/1/2065 1407/1/2065
f 1411/1/2067 109/1/2067 107/1/2067
f 107/1/2067 1405/1/2067 1411/1/2067
f 106/1/2068 1402/1/2068 1405/1/2068
f 1405/1/2068 107/1/2068 106/1/2068
f 105/1/2069 1406/1/2070 1402/1/2070
f 1402/1/2070 106/1/2070 105/1/2069
f 1412/1/2071 1406/1/2071 105/1/2071
f 105/1/2071 104/1/2071 1412/1/2071
f 1412/1/2072 1413/1/2072 1407/1/2072
f 1407/1/2072 1406/1/2072 1412/1/2072
f 1414/1/2073 1410/1/2073 1407/1/2074
f 1407/1/2074 1413/1/2075 1414/1/2073
f 1414/1/2076 87/1/2077 86/1/2078
f 86/1/2078 1410/1/2079 1414/1/2076
f 1408/1/2080 1410/1/2081 86/1/2082
f 86/1/2082 85/1/2083 1408/1/2080
f 1409/1/2084 1408/1/2084 85/1/2085
f 85/1/2085 83/1/2084 1409/1/2084
f 83/1/2086 84/1/2086 1415/1/2086
f 1415/1/2086 1409/1/2086 83/1/2086
f 1404/1/2087 1409/1/2087 1415/1/2088
f 1415/1/2088 1416/1/2087 1404/1/2087
f 1416/1/2089 1411/1/2090 1405/1/2091
f 1405/1/2091 1404/1/2091 1416/1/2089
f 1417/1/2092 1418/1/2092 1419/1/2092
f 1419/1/2092 1420/1/2093 1417/1/2092
f 1421/1/2094 1422/1/2095 1418/1/2094
f 1418/1/2094 1417/1/2096 1421/1/2094
f 1418/1/2097 1423/1/2097 1424/1/2098
f 1424/1/2098 1419/1/2097 1418/1/2097
f 1422/1/2099 1425/1/2099 1423/1/2099
f 1423/1/2099 1418/1/2099 1422/1/2099
f 1426/1/2100 225/1/2100 224/1/2100
f 224/1/2100 1420/1/2100 1426/1/2100
f 234/1/2101 1417/1/2101 1420/1/2101
f 1420/1/2101 224/1/2102 234/1/2101
f 234/1/2103 233/1/2103 1421/1/2103
f 1421/1/2103 1417/1/2103 234/1/2103
f 1384/1/2104 1421/1/2104 233/1/2104
f 233/1/2104 205/1/2104 1384/1/2104
f 1422/1/2105 1421/1/2105 1384/1/2105
f 1384/1/2105 1389/1/2105 1422/1/2105
f 1422/1/2106 1389/1/2106 1388/1/2106
f 1388/1/2106 1425/1/2106 1422/1/2106
f 820/1/2107 843/1/2107 1425/1/2107
f 1425/1/2107 1388/1/2107 820/1/2107
f 1425/1/2108 843/1/2108 842/1/2108
f 842/1/2108 1423/1/2108 1425/1/2108
f 1423/1/2109 842/1/2110 841/1/2111
f 841/1/2111 1424/1/2112 1423/1/2109
f 840/1/2113 1427/1/2113 1424/1/2113
f 1424/1/2113 841/1/2114 840/1/2113
f 1428/1/2115 1419/1/2116 1424/1/2115
f 1424/1/2115 1427/1/2115 1428/1/2115
f 1428/1/2117 1426/1/2117 1420/1/2118
f 1420/1/2118 1419/1/2118 1428/1/2117
f 1429/1/2119 1430/1/2120 1431/1/2120
f 1431/1/2120 1432/1/2119 1429/1/2119
f 1433/1/2121 1434/1/2122 1430/1/2122
f 1430/1/2122 1429/1/2122 1433/1/2121
f 1430/1/2123 1435/1/2123 1436/1/2124
f 1436/1/2124 1431/1/2123 1430/1/2123
f 1437/1/2125 1435/1/2126 1430/1/2126
f 1430/1/2126 1434/1/2127 1437/1/2125
f 1399/1/2128 630/1/2129 652/1/2129
f 652/1/2129 1432/1/2129 1399/1/2128
f 1432/1/2130 652/1/2130 651/1/2130
f 651/1/2130 1429/1/2130 1432/1/2130
f 1433/1/2131 1429/1/2131 651/1/2131
f 651/1/2131 649/1/2131 1433/1/2131
f 1438/1/2132 1433/1/2132 649/1/2132
f 649/1/2132 650/1/2132 1438/1/2132
f 1438/1/2133 1439/1/2134 1434/1/2135
f 1434/1/2135 1433/1/2136 1438/1/2133
f 1439/1/2137 1440/1/2137 1437/1/2137
f 1437/1/2137 1434/1/2137 1439/1/2137
f 1437/1/2138 1440/1/2139 1267/1/2140
f 1267/1/2140 1266/1/2140 1437/1/2138
f 1437/1/2141 1266/1/2142 1265/1/2143
f 1265/1/2143 1435/1/2142 1437/1/2141
f 1265/1/2144 1264/1/2144 1436/1/2145
f 1436/1/2145 1435/1/2144 1265/1/2144
f 1264/1/2146 1247/1/2147 1401/1/2148
f 1401/1/2148 1436/1/2146 1264/1/2146
f 1401/1/2149 1400/1/2150 1431/1/2149
f 1431/1/2149 1436/1/2151 1401/1/2149
f 1399/1/2152 1432/1/2152 1431/1/2152
f 1431/1/2152 1400/1/2152 1399/1/2152
f 1441/1/2153 1442/1/2154 1443/1/2154
f 1443/1/2154 1444/1/2154 1441/1/2153
f 1445/1/2155 1446/1/2156 1442/1/2157
f 1442/1/2157 1441/1/2156 1445/1/2155
f 1442/1/2158 1447/1/2159 1448/1/2160
f 1448/1/2160 1443/1/2159 1442/1/2158
f 1446/1/2161 1449/1/2162 1447/1/2163
f 1447/1/2163 1442/1/2164 1446/1/2161
f 1412/1/2165 104/1/2165 132/1/2165
f 132/1/2165 1444/1/2165 1412/1/2165
f 131/1/2166 1441/1/2166 1444/1/2166
f 1444/1/2166 132/1/2167 131/1/2166
f 130/1/2168 1445/1/2169 1441/1/2170
f 1441/1/2170 131/1/2171 130/1/2168
f 130/1/2172 129/1/2173 1450/1/2172
f 1450/1/2172 1445/1/2174 130/1/2172
f 1450/1/2175 1451/1/2175 1446/1/2175
f 1446/1/2175 1445/1/2176 1450/1/2175
f 1452/1/2177 1449/1/2178 1446/1/2179
f 1446/1/2179 1451/1/2179 1452/1/2177
f 1449/1/2180 1452/1/2181 747/1/2180
f 747/1/2180 746/1/2181 1449/1/2180
f 1447/1/2182 1449/1/2182 746/1/2182
f 746/1/2182 745/1/2183 1447/1/2182
f 1448/1/2184 1447/1/2184 745/1/2184
f 745/1/2184 744/1/2184 1448/1/2184
f 744/1/2185 87/1/2185 1414/1/2185
f 1414/1/2185 1448/1/2185 744/1/2185
f 1413/1/2186 1443/1/2187 1448/1/2187
f 1448/1/2187 1414/1/2187 1413/1/2186
f 1444/1/2188 1443/1/2188 1413/1/2188
f 1413/1/2188 1412/1/2188 1444/1/2188
f 1453/1/2189 1454/1/2189 1455/1/2189
f 1455/1/2189 1456/1/2189 1453/1/2189
f 1457/1/2190 1458/1/2191 1454/1/2190
f 1454/1/2190 1453/1/2190 1457/1/2190
f 1454/1/2192 1459/1/2193 1460/1/2193
f 1460/1/2193 1455/1/2194 1454/1/2192
f 1458/1/2195 1461/1/2195 1459/1/2195
f 1459/1/2195 1454/1/2195 1458/1/2195
f 1456/1/2196 1462/1/2196 245/1/2196
f 245/1/2196 244/1/2197 1456/1/2196
f 254/1/2198 1453/1/2198 1456/1/2198
f 1456/1/2198 244/1/2199 254/1/2198
f 254/1/2200 253/1/2200 1457/1/2200
f 1457/1/2200 1453/1/2200 254/1/2200
f 225/1/2201 1426/1/2202 1457/1/2201
f 1457/1/2201 253/1/2203 225/1/2201
f 1426/1/2204 1428/1/2204 1458/1/2204
f 1458/1/2204 1457/1/2204 1426/1/2204
f 1461/1/2205 1458/1/2206 1428/1/2205
f 1428/1/2205 1427/1/2205 1461/1/2205
f 1461/1/2207 1427/1/2207 840/1/2207
f 840/1/2207 863/1/2208 1461/1/2207
f 1461/1/2209 863/1/2209 862/1/2209
f 862/1/2209 1459/1/2210 1461/1/2209
f 1459/1/2211 862/1/2212 861/1/2211
f 861/1/2211 1460/1/2211 1459/1/2211
f 861/1/2213 860/1/2214 1463/1/2214
f 1463/1/2214 1460/1/2214 861/1/2213
f 1455/1/2215 1460/1/2216 1463/1/2217
f 1463/1/2217 1464/1/2217 1455/1/2215
f 1464/1/2218 1462/1/2218 1456/1/2219
f 1456/1/2219 1455/1/2218 1464/1/2218
f 1465/1/2220 1466/1/2220 1467/1/2220
f 1467/1/2220 1468/1/2220 1465/1/2220
f 1469/1/2221 1470/1/2221 1466/1/2221
f 1466/1/2221 1465/1/2221 1469/1/2221
f 1466/1/2222 1471/1/2222 1472/1/2222
f 1472/1/2222 1467/1/2222 1466/1/2222
f 1473/1/2223 1471/1/2223 1466/1/2223
f 1466/1/2223 1470/1/2223 1473/1/2223
f 1438/1/2224 650/1/2225 672/1/2224
f 672/1/2224 1468/1/2226 1438/1/2224
f 1468/1/2227 672/1/2228 671/1/2229
f 671/1/2229 1465/1/2230 1468/1/2227
f 1469/1/2231 1465/1/2231 671/1/2232
f 671/1/2232 669/1/2231 1469/1/2231
f 1474/1/2233 1469/1/2234 669/1/2235
f 669/1/2235 670/1/2234 1474/1/2233
f 1474/1/2236 1475/1/2237 1470/1/2236
f 1470/1/2236 1469/1/2238 1474/1/2236
f 1473/1/2239 1470/1/2239 1475/1/2240
f 1475/1/2240 1476/1/2240 1473/1/2239
f 1473/1/2241 1476/1/2242 1287/1/2241
f 1287/1/2241 1286/1/2241 1473/1/2241
f 1473/1/2243 1286/1/2243 1285/1/2243
f 1285/1/2243 1471/1/2243 1473/1/2243
f 1285/1/2244 1284/1/2244 1472/1/2245
f 1472/1/2245 1471/1/2244 1285/1/2244
f 1267/1/2246 1440/1/2247 1472/1/2246
f 1472/1/2246 1284/1/2246 1267/1/2246
f 1439/1/2248 1467/1/2248 1472/1/2248
f 1472/1/2248 1440/1/2248 1439/1/2248
f 1468/1/2249 1467/1/2249 1439/1/2249
f 1439/1/2249 1438/1/2249 1468/1/2249
f 1477/1/2250 1478/1/2250 1479/1/2250
f 1479/1/2250 1480/1/2250 1477/1/2250
f 1481/1/2251 1482/1/2251 1478/1/2251
f 1478/1/2251 1477/1/2251 1481/1/2251
f 1478/1/2252 1483/1/2252 1484/1/2252
f 1484/1/2252 1479/1/2252 1478/1/2252
f 1482/1/2253 1485/1/2254 1483/1/2254
f 1483/1/2254 1478/1/2254 1482/1/2253
f 1450/1/2255 129/1/2255 152/1/2256
f 152/1/2256 1480/1/2255 1450/1/2255
f 1480/1/2257 152/1/2257 151/1/2257
f 151/1/2257 1477/1/2257 1480/1/2257
f 150/1/2258 1481/1/2259 1477/1/2258
f 1477/1/2258 151/1/2258 150/1/2258
f 150/1/2260 149/1/2261 1486/1/2261
f 1486/1/2261 1481/1/2262 150/1/2260
f 1486/1/2263 1487/1/2263 1482/1/2263
f 1482/1/2263 1481/1/2263 1486/1/2263
f 1485/1/2264 1482/1/2265 1487/1/2265
f 1487/1/2265 1488/1/2265 1485/1/2264
f 1485/1/2266 1488/1/2267 767/1/2267
f 767/1/2267 766/1/2267 1485/1/2266
f 1483/1/2268 1485/1/2268 766/1/2269
f 766/1/2269 765/1/2268 1483/1/2268
f 765/1/2270 764/1/2270 1484/1/2271
f 1484/1/2271 1483/1/2270 765/1/2270
f 764/1/2272 747/1/2272 1452/1/2272
f 1452/1/2272 1484/1/2272 764/1/2272
f 1451/1/2273 1479/1/2274 1484/1/2274
f 1484/1/2274 1452/1/2274 1451/1/2273
f 1479/1/2275 1451/1/2275 1450/1/2275
f 1450/1/2275 1480/1/2276 1479/1/2275
f 1489/1/2277 1490/1/2277 1491/1/2277
f 1491/1/2277 1492/1/2278 1489/1/2277
f 1493/1/2279 1494/1/2280 1490/1/2279
f 1490/1/2279 1489/1/2279 1493/1/2279
f 1490/1/2281 1495/1/2281 1496/1/2281
f 1496/1/2281 1491/1/2281 1490/1/2281
f 1494/1/2282 1497/1/2283 1495/1/2284
f 1495/1/2284 1490/1/2282 1494/1/2282
f 265/1/2285 264/1/2285 1492/1/2285
f 1492/1/2285 1498/1/2286 265/1/2285
f 274/1/2287 1489/1/2287 1492/1/2287
f 1492/1/2287 264/1/2287 274/1/2287
f 274/1/2288 273/1/2289 1493/1/2290
f 1493/1/2290 1489/1/2288 274/1/2288
f 1493/1/2291 273/1/2292 245/1/2291
f 245/1/2291 1462/1/2292 1493/1/2291
f 1494/1/2293 1493/1/2293 1462/1/2293
f 1462/1/2293 1464/1/2293 1494/1/2293
f 1463/1/2294 1497/1/2294 1494/1/2295
f 1494/1/2295 1464/1/2294 1463/1/2294
f 883/1/2296 1497/1/2296 1463/1/2296
f 1463/1/2296 860/1/2296 883/1/2296
f 1497/1/2297 883/1/2298 882/1/2298
f 882/1/2298 1495/1/2299 1497/1/2297
f 1495/1/2300 882/1/2300 881/1/2300
f 881/1/2300 1496/1/2300 1495/1/2300
f 881/1/2301 880/1/2301 1499/1/2301
f 1499/1/2301 1496/1/2302 881/1/2301
f 1491/1/2303 1496/1/2304 1499/1/2305
f 1499/1/2305 1500/1/2306 1491/1/2303
f 1500/1/2307 1498/1/2307 1492/1/2307
f 1492/1/2307 1491/1/2307 1500/1/2307
f 1501/1/2308 1502/1/2309 1503/1/2310
f 1503/1/2310 1504/1/2311 1501/1/2308
f 1505/1/2312 1506/1/2312 1502/1/2312
f 1502/1/2312 1501/1/2312 1505/1/2312
f 1502/1/2313 1507/1/2314 1508/1/2315
f 1508/1/2315 1503/1/2314 1502/1/2313
f 1509/1/2316 1507/1/2316 1502/1/2316
f 1502/1/2316 1506/1/2316 1509/1/2316
f 1474/1/2317 670/1/2318 692/1/2318
f 692/1/2318 1504/1/2318 1474/1/2317
f 1504/1/2319 692/1/2320 691/1/2320
f 691/1/2320 1501/1/2319 1504/1/2319
f 1505/1/2321 1501/1/2321 691/1/2321
f 691/1/2321 689/1/2322 1505/1/2321
f 1510/1/2323 1505/1/2323 689/1/2323
f 689/1/2323 690/1/2324 1510/1/2323
f 1510/1/2325 1511/1/2325 1506/1/2326
f 1506/1/2326 1505/1/2325 1510/1/2325
f 1509/1/2327 1506/1/2327 1511/1/2328
f 1511/1/2328 1512/1/2327 1509/1/2327
f 1509/1/2329 1512/1/2330 1307/1/2329
f 1307/1/2329 1306/1/2329 1509/1/2329
f 1509/1/2331 1306/1/2332 1305/1/2331
f 1305/1/2331 1507/1/2331 1509/1/2331
f 1305/1/2333 1304/1/2333 1508/1/2333
f 1508/1/2333 1507/1/2333 1305/1/2333
f 1304/1/2334 1287/1/2334 1476/1/2335
f 1476/1/2335 1508/1/2336 1304/1/2334
f 1503/1/2337 1508/1/2337 1476/1/2337
f 1476/1/2337 1475/1/2337 1503/1/2337
f 1504/1/2338 1503/1/2339 1475/1/2340
f 1475/1/2340 1474/1/2339 1504/1/2338
f 1513/1/2341 1514/1/2341 1515/1/2341
f 1515/1/2341 1516/1/2341 1513/1/2341
f 1517/1/2342 1518/1/2342 1514/1/2342
f 1514/1/2342 1513/1/2342 1517/1/2342
f 1514/1/2343 1519/1/2343 1520/1/2343
f 1520/1/2343 1515/1/2343 1514/1/2343
f 1518/1/2344 1521/1/2344 1519/1/2344
f 1519/1/2344 1514/1/2344 1518/1/2344
f 1516/1/2345 1486/1/2346 149/1/2345
f 149/1/2345 172/1/2345 1516/1/2345
f 171/1/2347 1513/1/2348 1516/1/2348
f 1516/1/2348 172/1/2348 171/1/2347
f 169/1/2349 1517/1/2350 1513/1/2350
f 1513/1/2350 171/1/2350 169/1/2349
f 1522/1/2351 1517/1/2351 169/1/2351
f 169/1/2351 170/1/2352 1522/1/2351
f 1522/1/2353 1523/1/2354 1518/1/2354
f 1518/1/2354 1517/1/2354 1522/1/2353
f 1521/1/2355 1518/1/2355 1523/1/2355
f 1523/1/2355 1524/1/2355 1521/1/2355
f 1521/1/2356 1524/1/2357 787/1/2356
f 787/1/2356 786/1/2356 1521/1/2356
f 1519/1/2358 1521/1/2359 786/1/2360
f 786/1/2360 785/1/2360 1519/1/2358
f 1520/1/2361 1519/1/2361 785/1/2362
f 785/1/2362 784/1/2361 1520/1/2361
f 784/1/2363 767/1/2364 1488/1/2365
f 1488/1/2365 1520/1/2366 784/1/2363
f 1487/1/2367 1515/1/2368 1520/1/2368
f 1520/1/2368 1488/1/2369 1487/1/2367
f 1516/1/2370 1515/1/2371 1487/1/2371
f 1487/1/2371 1486/1/2372 1516/1/2370
f 1525/1/1940 1526/1/1940 1527/1/1939
f 1527/1/1939 1528/1/2373 1525/1/1940
f 1529/1/2374 1530/1/1938 1526/1/1938
f 1526/1/1938 1525/1/1938 1529/1/2374
f 1526/1/1945 1531/1/1945 1532/1/1945
f 1532/1/1945 1527/1/2375 1526/1/1945
f 1530/1/2376 1533/1/1942 1531/1/1942
f 1531/1/1942 1526/1/1942 1530/1/2376
f 1528/1/1952 1534/1/1952 285/1/1952
f 285/1/1952 284/1/1952 1528/1/1952
f 294/1/1951 1525/1/1951 1528/1/1951
f 1528/1/1951 284/1/1951 294/1/1951
f 294/1/1949 293/1/2377 1529/1/1949
f 1529/1/1949 1525/1/1949 294/1/1949
f 1498/1/1948 1529/1/1948 293/1/2378
f 293/1/2378 265/1/1948 1498/1/1948
f 1530/1/1964 1529/1/1964 1498/1/1964
f 1498/1/1964 1500/1/1964 1530/1/1964
f 1499/1/1963 1533/1/1963 1530/1/1963
f 1530/1/1963 1500/1/1963 1499/1/1963
f 903/1/1962 1533/1/2379 1499/1/1962
f 1499/1/1962 880/1/1962 903/1/1962
f 1533/1/2380 903/1/2381 902/1/2382
f 902/1/2382 1531/1/2383 1533/1/2380
f 1531/1/1959 902/1/2384 901/1/1959
f 901/1/1959 1532/1/1959 1531/1/1959
f 901/1/1958 900/1/1958 1535/1/1958
f 1535/1/1958 1532/1/1958 901/1/1958
f 1527/1/1955 1532/1/1955 1535/1/1955
f 1535/1/1955 1536/1/1955 1527/1/1955
f 1536/1/2385 1534/1/1953 1528/1/1953
f 1528/1/1953 1527/1/1953 1536/1/2385
f 1537/1/2386 1538/1/2387 1539/1/2388
f 1539/1/2388 1540/1/2389 1537/1/2386
f 1541/1/2390 1542/1/2390 1538/1/2390
f 1538/1/2390 1537/1/2390 1541/1/2390
f 1538/1/2391 1543/1/2392 1544/1/2393
f 1544/1/2393 1539/1/2394 1538/1/2391
f 1545/1/2395 1543/1/2395 1538/1/2396
f 1538/1/2396 1542/1/2395 1545/1/2395
f 1510/1/2397 690/1/2398 712/1/2399
f 712/1/2399 1540/1/2399 1510/1/2397
f 1540/1/2400 712/1/2401 711/1/2401
f 711/1/2401 1537/1/2401 1540/1/2400
f 1541/1/2402 1537/1/2402 711/1/2402
f 711/1/2402 709/1/2402 1541/1/2402
f 1546/1/2403 1541/1/2403 709/1/2403
f 709/1/2403 710/1/2403 1546/1/2403
f 1546/1/2404 1547/1/2404 1542/1/2404
f 1542/1/2404 1541/1/2404 1546/1/2404
f 1545/1/2405 1542/1/2405 1547/1/2405
f 1547/1/2405 1548/1/2405 1545/1/2405
f 1545/1/2406 1548/1/2407 1327/1/2408
f 1327/1/2408 1326/1/2406 1545/1/2406
f 1545/1/2409 1326/1/2410 1325/1/2409
f 1325/1/2409 1543/1/2409 1545/1/2409
f 1325/1/2411 1324/1/2411 1544/1/2412
f 1544/1/2412 1543/1/2411 1325/1/2411
f 1324/1/2413 1307/1/2414 1512/1/2413
f 1512/1/2413 1544/1/2415 1324/1/2413
f 1539/1/2416 1544/1/2417 1512/1/2416
f 1512/1/2416 1511/1/2418 1539/1/2416
f 1540/1/2419 1539/1/2420 1511/1/2421
f 1511/1/2421 1510/1/2421 1540/1/2419
f 1549/1/2422 1550/1/2422 1551/1/2423
f 1551/1/2423 1552/1/2423 1549/1/2422
f 1553/1/2424 1554/1/2424 1550/1/2424
f 1550/1/2424 1549/1/2424 1553/1/2424
f 1550/1/2425 1555/1/2426 1556/1/2427
f 1556/1/2427 1551/1/2428 1550/1/2425
f 1554/1/2429 1557/1/2429 1555/1/2429
f 1555/1/2429 1550/1/2429 1554/1/2429
f 1522/1/2430 170/1/2430 192/1/2430
f 192/1/2430 1552/1/2430 1522/1/2430
f 191/1/2431 1549/1/2431 1552/1/2431
f 1552/1/2431 192/1/2431 191/1/2431
f 190/1/2432 1553/1/2432 1549/1/2433
f 1549/1/2433 191/1/2432 190/1/2432
f 1558/1/2434 1553/1/2434 190/1/2434
f 190/1/2434 189/1/2434 1558/1/2434
f 1558/1/2435 1559/1/2435 1554/1/2435
f 1554/1/2435 1553/1/2436 1558/1/2435
f 1557/1/2437 1554/1/2438 1559/1/2439
f 1559/1/2439 1560/1/2439 1557/1/2437
f 1557/1/2440 1560/1/2440 807/1/2440
f 807/1/2440 806/1/2441 1557/1/2440
f 1555/1/2442 1557/1/2442 806/1/2442
f 806/1/2442 805/1/2442 1555/1/2442
f 1556/1/2443 1555/1/2443 805/1/2444
f 805/1/2444 804/1/2443 1556/1/2443
f 804/1/2445 787/1/2445 1524/1/2445
f 1524/1/2445 1556/1/2445 804/1/2445
f 1523/1/2446 1551/1/2447 1556/1/2448
f 1556/1/2448 1524/1/2449 1523/1/2446
f 1552/1/2450 1551/1/2451 1523/1/2452
f 1523/1/2452 1522/1/2452 1552/1/2450
f 1561/1/2453 1562/1/2454 1563/1/2455
f 1563/1/2455 1564/1/2456 1561/1/2453
f 1565/1/2457 1566/1/2457 1562/1/2458
f 1562/1/2458 1561/1/2457 1565/1/2457
f 1562/1/2037 1567/1/2037 1568/1/2459
f 1568/1/2459 1563/1/2459 1562/1/2037
f 1566/1/2033 1569/1/2036 1567/1/2035
f 1567/1/2035 1562/1/2035 1566/1/2033
f 1564/1/2047 1570/1/2047 305/1/2047
f 305/1/2047 304/1/2047 1564/1/2047
f 314/1/2044 1561/1/2044 1564/1/2044
f 1564/1/2044 304/1/2460 314/1/2044
f 314/1/2042 313/1/2042 1565/1/2042
f 1565/1/2042 1561/1/2042 314/1/2042
f 1534/1/2461 1565/1/2462 313/1/2462
f 313/1/2462 285/1/2462 1534/1/2461
f 1566/1/2057 1565/1/2057 1534/1/2057
f 1534/1/2057 1536/1/2057 1566/1/2057
f 1535/1/2056 1569/1/2056 1566/1/2056
f 1566/1/2056 1536/1/2056 1535/1/2056
f 923/1/2463 1569/1/2463 1535/1/2463
f 1535/1/2463 900/1/2463 923/1/2463
f 1569/1/2464 923/1/2465 922/1/2054
f 922/1/2054 1567/1/2054 1569/1/2464
f 1567/1/2053 922/1/2053 921/1/2053
f 921/1/2053 1568/1/2466 1567/1/2053
f 921/1/2467 920/1/2052 1571/1/2052
f 1571/1/2052 1568/1/2052 921/1/2467
f 1563/1/2050 1568/1/2468 1571/1/2050
f 1571/1/2050 1572/1/2469 1563/1/2050
f 1572/1/2049 1570/1/2049 1564/1/2049
f 1564/1/2049 1563/1/2049 1572/1/2049
f 1573/1/2470 1574/1/2471 1575/1/2472
f 1575/1/2472 1576/1/2473 1573/1/2470
f 1577/1/2474 1578/1/2474 1574/1/2474
f 1574/1/2474 1573/1/2474 1577/1/2474
f 1574/1/2475 1579/1/2476 1580/1/2477
f 1580/1/2477 1575/1/2477 1574/1/2475
f 1581/1/2478 1579/1/2478 1574/1/2478
f 1574/1/2478 1578/1/2478 1581/1/2478
f 1546/1/2479 710/1/2479 727/1/2479
f 727/1/2479 1576/1/2480 1546/1/2479
f 1576/1/2481 727/1/2481 726/1/2481
f 726/1/2481 1573/1/2481 1576/1/2481
f 1577/1/2482 1573/1/2483 726/1/2484
f 726/1/2484 725/1/2484 1577/1/2482
f 1411/1/2485 1577/1/2486 725/1/2487
f 725/1/2487 109/1/2486 1411/1/2485
f 1416/1/2488 1578/1/2489 1577/1/2489
f 1577/1/2489 1411/1/2489 1416/1/2488
f 1415/1/2490 1581/1/2491 1578/1/2491
f 1578/1/2491 1416/1/2491 1415/1/2490
f 1581/1/2492 1415/1/2492 84/1/2492
f 84/1/2492 1344/1/2493 1581/1/2492
f 1581/1/2494 1344/1/2494 1343/1/2494
f 1343/1/2494 1579/1/2494 1581/1/2494
f 1343/1/2495 1342/1/2496 1580/1/2497
f 1580/1/2497 1579/1/2496 1343/1/2495
f 1342/1/2498 1327/1/2499 1548/1/2500
f 1548/1/2500 1580/1/2501 1342/1/2498
f 1575/1/2502 1580/1/2503 1548/1/2504
f 1548/1/2504 1547/1/2505 1575/1/2502
f 1576/1/2506 1575/1/2507 1547/1/2508
f 1547/1/2508 1546/1/2506 1576/1/2506
f 1582/1/2509 1583/1/2510 1584/1/2509
f 1584/1/2509 1585/1/2511 1582/1/2509
f 1586/1/2512 1587/1/2513 1583/1/2512
f 1583/1/2512 1582/1/2512 1586/1/2512
f 1583/1/2514 1588/1/2514 1589/1/2514
f 1589/1/2514 1584/1/2514 1583/1/2514
f 1587/1/2515 1590/1/2515 1588/1/2516
f 1588/1/2516 1583/1/2515 1587/1/2515
f 1558/1/2517 189/1/2517 212/1/2518
f 212/1/2518 1585/1/2517 1558/1/2517
f 211/1/2519 1582/1/2520 1585/1/2521
f 1585/1/2521 212/1/2521 211/1/2519
f 210/1/2522 1586/1/2523 1582/1/2524
f 1582/1/2524 211/1/2522 210/1/2522
f 210/1/2525 209/1/2525 1591/1/2525
f 1591/1/2525 1586/1/2525 210/1/2525
f 1591/1/2526 1592/1/2526 1587/1/2526
f 1587/1/2526 1586/1/2526 1591/1/2526
f 1587/1/2527 1592/1/2527 1593/1/2527
f 1593/1/2527 1590/1/2527 1587/1/2527
f 827/1/2528 826/1/2528 1590/1/2528
f 1590/1/2528 1593/1/2528 827/1/2528
f 1588/1/2529 1590/1/2529 826/1/2529
f 826/1/2529 825/1/2529 1588/1/2529
f 1589/1/2530 1588/1/2530 825/1/2531
f 825/1/2531 824/1/2531 1589/1/2530
f 824/1/2532 807/1/2532 1560/1/2532
f 1560/1/2532 1589/1/2532 824/1/2532
f 1559/1/2533 1584/1/2534 1589/1/2535
f 1589/1/2535 1560/1/2534 1559/1/2533
f 1585/1/2536 1584/1/2537 1559/1/2536
f 1559/1/2536 1558/1/2536 1585/1/2536
f 1594/1/2538 1595/1/2539 1596/1/2539
f 1596/1/2539 1597/1/2540 1594/1/2538
f 1598/1/2541 1599/1/2120 1595/1/2120
f 1595/1/2120 1594/1/2120 1598/1/2541
f 1595/1/2126 1600/1/2126 1601/1/2127
f 1601/1/2127 1596/1/2127 1595/1/2126
f 1599/1/2123 1602/1/2123 1600/1/2123
f 1600/1/2123 1595/1/2123 1599/1/2123
f 1597/1/2542 1603/1/2543 325/1/2132
f 325/1/2132 324/1/2544 1597/1/2542
f 334/1/2131 1594/1/2131 1597/1/2545
f 1597/1/2545 324/1/2131 334/1/2131
f 334/1/2130 333/1/2130 1598/1/2546
f 1598/1/2546 1594/1/2130 334/1/2130
f 1570/1/2129 1598/1/2129 333/1/2547
f 333/1/2547 305/1/2129 1570/1/2129
f 1599/1/2548 1598/1/2152 1570/1/2549
f 1570/1/2549 1572/1/2152 1599/1/2548
f 1571/1/2550 1602/1/2551 1599/1/2551
f 1599/1/2551 1572/1/2552 1571/1/2550
f 943/1/2146 1602/1/2146 1571/1/2148
f 1571/1/2148 920/1/2146 943/1/2146
f 1602/1/2144 943/1/2144 942/1/2144
f 942/1/2144 1600/1/2144 1602/1/2144
f 1600/1/2142 942/1/2142 941/1/2142
f 941/1/2142 1601/1/2142 1600/1/2142
f 1601/1/2139 941/1/2139 940/1/2139
f 940/1/2139 1604/1/2139 1601/1/2139
f 1601/1/2137 1604/1/2553 1605/1/2137
f 1605/1/2137 1596/1/2137 1601/1/2137
f 1596/1/2135 1605/1/2135 1603/1/2554
f 1603/1/2554 1597/1/2554 1596/1/2135
f 1606/1/2555 1607/1/2555 1608/1/2555
f 1608/1/2555 1609/1/2555 1606/1/2555
f 1610/1/2556 1611/1/2556 1607/1/2557
f 1607/1/2557 1606/1/2557 1610/1/2556
f 1607/1/2558 1612/1/2559 1613/1/2558
f 1613/1/2558 1608/1/2558 1607/1/2558
f 1614/1/2560 1612/1/2560 1607/1/2560
f 1607/1/2560 1611/1/2560 1614/1/2560
f 1591/1/2561 209/1/2561 232/1/2561
f 232/1/2561 1609/1/2562 1591/1/2561
f 1609/1/2563 232/1/2563 231/1/2564
f 231/1/2564 1606/1/2564 1609/1/2563
f 1610/1/2565 1606/1/2566 231/1/2567
f 231/1/2567 230/1/2566 1610/1/2565
f 1615/1/2568 1610/1/2568 230/1/2568
f 230/1/2568 229/1/2568 1615/1/2568
f 1615/1/2569 1616/1/2569 1611/1/2569
f 1611/1/2569 1610/1/2569 1615/1/2569
f 1614/1/2570 1611/1/2570 1616/1/2570
f 1616/1/2570 1617/1/2571 1614/1/2570
f 847/1/2572 846/1/2572 1614/1/2572
f 1614/1/2572 1617/1/2572 847/1/2572
f 1614/1/2573 846/1/2573 845/1/2573
f 845/1/2573 1612/1/2573 1614/1/2573
f 845/1/2574 844/1/2574 1613/1/2574
f 1613/1/2574 1612/1/2574 845/1/2574
f 844/1/2575 827/1/2576 1593/1/2576
f 1593/1/2576 1613/1/2576 844/1/2575
f 1608/1/2577 1613/1/2577 1593/1/2577
f 1593/1/2577 1592/1/2577 1608/1/2577
f 1609/1/2578 1608/1/2578 1592/1/2578
f 1592/1/2578 1591/1/2579 1609/1/2578
f 1618/1/2221 1619/1/2580 1620/1/2221
f 1620/1/2221 1621/1/2221 1618/1/2221
f 1622/1/2220 1623/1/2220 1619/1/2220
f 1619/1/2220 1618/1/2220 1622/1/2220
f 1619/1/2581 1624/1/2223 1625/1/2223
f 1625/1/2223 1620/1/2223 1619/1/2581
f 1623/1/2222 1626/1/2222 1624/1/2222
f 1624/1/2222 1619/1/2222 1623/1/2222
f 1621/1/2234 1627/1/2234 345/1/2234
f 345/1/2234 344/1/2234 1621/1/2234
f 354/1/2231 1618/1/2582 1621/1/2231
f 1621/1/2231 344/1/2231 354/1/2231
f 354/1/2583 353/1/2584 1622/1/2583
f 1622/1/2583 1618/1/2583 354/1/2583
f 353/1/2585 325/1/2585 1603/1/2585
f 1603/1/2585 1622/1/2586 353/1/2585
f 1623/1/2249 1622/1/2249 1603/1/2249
f 1603/1/2249 1605/1/2249 1623/1/2249
f 1604/1/2248 1626/1/2248 1623/1/2248
f 1623/1/2248 1605/1/2248 1604/1/2248
f 1604/1/2587 940/1/2246 963/1/2588
f 963/1/2588 1626/1/2246 1604/1/2587
f 1626/1/2244 963/1/2244 962/1/2589
f 962/1/2589 1624/1/2244 1626/1/2244
f 1624/1/2590 962/1/2591 961/1/2592
f 961/1/2592 1625/1/2243 1624/1/2590
f 1625/1/2593 961/1/2242 960/1/2242
f 960/1/2242 1628/1/2242 1625/1/2593
f 1629/1/2240 1620/1/2240 1625/1/2240
f 1625/1/2240 1628/1/2240 1629/1/2240
f 1620/1/2594 1629/1/2594 1627/1/2236
f 1627/1/2236 1621/1/2594 1620/1/2594
f 1630/1/2595 1631/1/2595 1632/1/2596
f 1632/1/2596 1633/1/2595 1630/1/2595
f 1634/1/2597 1635/1/2598 1631/1/2598
f 1631/1/2598 1630/1/2598 1634/1/2597
f 1631/1/2599 1636/1/2600 1637/1/2600
f 1637/1/2600 1632/1/2600 1631/1/2599
f 1638/1/2601 1636/1/2601 1631/1/2601
f 1631/1/2601 1635/1/2601 1638/1/2601
f 1615/1/2602 229/1/2603 252/1/2604
f 252/1/2604 1633/1/2605 1615/1/2602
f 1633/1/2606 252/1/2607 251/1/2607
f 251/1/2607 1630/1/2608 1633/1/2606
f 1634/1/2609 1630/1/2609 251/1/2610
f 251/1/2610 249/1/2609 1634/1/2609
f 1634/1/2611 249/1/2611 250/1/2611
f 250/1/2611 1639/1/2611 1634/1/2611
f 1639/1/2612 1640/1/2613 1635/1/2612
f 1635/1/2612 1634/1/2612 1639/1/2612
f 1638/1/2614 1635/1/2615 1640/1/2615
f 1640/1/2615 1641/1/2615 1638/1/2614
f 867/1/2616 866/1/2617 1638/1/2616
f 1638/1/2616 1641/1/2618 867/1/2616
f 1638/1/2619 866/1/2620 865/1/2621
f 865/1/2621 1636/1/2622 1638/1/2619
f 865/1/2623 864/1/2623 1637/1/2623
f 1637/1/2623 1636/1/2623 865/1/2623
f 864/1/2624 847/1/2624 1617/1/2625
f 1617/1/2625 1637/1/2624 864/1/2624
f 1616/1/2626 1632/1/2626 1637/1/2627
f 1637/1/2627 1617/1/2627 1616/1/2626
f 1632/1/2628 1616/1/2629 1615/1/2630
f 1615/1/2630 1633/1/2629 1632/1/2628
f 1642/1/2312 1643/1/2312 1644/1/2312
f 1644/1/2312 1645/1/2312 1642/1/2312
f 1646/1/2308 1647/1/2308 1643/1/2308
f 1643/1/2308 1642/1/2631 1646/1/2308
f 1643/1/2316 1648/1/2316 1649/1/2316
f 1649/1/2316 1644/1/2316 1643/1/2316
f 1647/1/2632 1650/1/2633 1648/1/2632
f 1648/1/2632 1643/1/2632 1647/1/2632
f 1645/1/2634 1651/1/2635 365/1/2636
f 365/1/2636 364/1/2637 1645/1/2634
f 374/1/2322 1642/1/2321 1645/1/2638
f 1645/1/2638 364/1/2322 374/1/2322
f 374/1/2639 373/1/2640 1646/1/2640
f 1646/1/2640 1642/1/2320 374/1/2639
f 373/1/2318 345/1/2318 1627/1/2318
f 1627/1/2318 1646/1/2318 373/1/2318
f 1647/1/2641 1646/1/2339 1627/1/2642
f 1627/1/2642 1629/1/2339 1647/1/2641
f 1628/1/2337 1650/1/2337 1647/1/2643
f 1647/1/2643 1629/1/2337 1628/1/2337
f 1628/1/2334 960/1/2334 983/1/2335
f 983/1/2335 1650/1/2644 1628/1/2334
f 1650/1/2645 983/1/2645 982/1/2645
f 982/1/2645 1648/1/2333 1650/1/2645
f 1648/1/2646 982/1/2647 981/1/2646
f 981/1/2646 1649/1/2331 1648/1/2646
f 1649/1/2648 981/1/2648 980/1/2648
f 980/1/2648 1652/1/2649 1649/1/2648
f 1653/1/2327 1644/1/2327 1649/1/2327
f 1649/1/2327 1652/1/2327 1653/1/2327
f 1644/1/2325 1653/1/2325 1651/1/2325
f 1651/1/2325 1645/1/2325 1644/1/2325
f 1654/1/2650 1655/1/2650 1656/1/2651
f 1656/1/2651 1657/1/2650 1654/1/2650
f 1658/1/2652 1659/1/2652 1655/1/2652
f 1655/1/2652 1654/1/2652 1658/1/2652
f 1655/1/2653 1660/1/2654 1661/1/2654
f 1661/1/2654 1656/1/2654 1655/1/2653
f 1662/1/2655 1660/1/2655 1655/1/2656
f 1655/1/2656 1659/1/2655 1662/1/2655
f 1639/1/2657 250/1/2657 272/1/2657
f 272/1/2657 1657/1/2657 1639/1/2657
f 1657/1/2658 272/1/2658 271/1/2659
f 271/1/2659 1654/1/2660 1657/1/2658
f 1658/1/2661 1654/1/2662 271/1/2663
f 271/1/2663 269/1/2663 1658/1/2661
f 1658/1/2664 269/1/2664 270/1/2664
f 270/1/2664 1663/1/2664 1658/1/2664
f 1663/1/2665 1664/1/2666 1659/1/2667
f 1659/1/2667 1658/1/2668 1663/1/2665
f 1662/1/2669 1659/1/2670 1664/1/2670
f 1664/1/2670 1665/1/2669 1662/1/2669
f 887/1/2671 886/1/2671 1662/1/2671
f 1662/1/2671 1665/1/2671 887/1/2671
f 1662/1/2672 886/1/2673 885/1/2673
f 885/1/2673 1660/1/2673 1662/1/2672
f 885/1/2674 884/1/2675 1661/1/2676
f 1661/1/2676 1660/1/2677 885/1/2674
f 884/1/2678 867/1/2679 1641/1/2679
f 1641/1/2679 1661/1/2679 884/1/2678
f 1640/1/2680 1656/1/2681 1661/1/2682
f 1661/1/2682 1641/1/2683 1640/1/2680
f 1639/1/2684 1657/1/2684 1656/1/2684
f 1656/1/2684 1640/1/2684 1639/1/2684
f 1666/1/2390 1667/1/2390 1668/1/2685
f 1668/1/2685 1669/1/2390 1666/1/2390
f 1670/1/2686 1671/1/2686 1667/1/2686
f 1667/1/2686 1666/1/2686 1670/1/2686
f 1667/1/2395 1672/1/2395 1673/1/2396
f 1673/1/2396 1668/1/2395 1667/1/2395
f 1671/1/2392 1674/1/2392 1672/1/2392
f 1672/1/2392 1667/1/2392 1671/1/2392
f 1669/1/2687 1675/1/2688 385/1/2689
f 385/1/2689 384/1/2690 1669/1/2687
f 394/1/2402 1666/1/2402 1669/1/2691
f 1669/1/2691 384/1/2692 394/1/2402
f 394/1/2401 393/1/2401 1670/1/2693
f 1670/1/2693 1666/1/2401 394/1/2401
f 393/1/2399 365/1/2694 1651/1/2695
f 1651/1/2695 1670/1/2694 393/1/2399
f 1671/1/2696 1670/1/2696 1651/1/2696
f 1651/1/2696 1653/1/2696 1671/1/2696
f 1652/1/2418 1674/1/2697 1671/1/2418
f 1671/1/2418 1653/1/2418 1652/1/2418
f 1652/1/2415 980/1/2413 1003/1/2698
f 1003/1/2698 1674/1/2413 1652/1/2415
f 1674/1/2699 1003/1/2700 1002/1/2701
f 1002/1/2701 1672/1/2411 1674/1/2699
f 1672/1/2409 1002/1/2409 1001/1/2409
f 1001/1/2409 1673/1/2702 1672/1/2409
f 1673/1/2406 1001/1/2703 1000/1/2704
f 1000/1/2704 1676/1/2408 1673/1/2406
f 1673/1/2405 1676/1/2405 1677/1/2405
f 1677/1/2405 1668/1/2405 1673/1/2405
f 1668/1/2705 1677/1/2706 1675/1/2705
f 1675/1/2705 1669/1/2705 1668/1/2705
f 1678/1/2707 1679/1/2707 1680/1/2708
f 1680/1/2708 1681/1/2707 1678/1/2707
f 1682/1/2709 1683/1/2709 1679/1/2709
f 1679/1/2709 1678/1/2709 1682/1/2709
f 1679/1/2710 1684/1/2710 1685/1/2711
f 1685/1/2711 1680/1/2712 1679/1/2710
f 1686/1/2713 1684/1/2713 1679/1/2713
f 1679/1/2713 1683/1/2713 1686/1/2713
f 1663/1/2714 270/1/2714 292/1/2714
f 292/1/2714 1681/1/2714 1663/1/2714
f 1681/1/2715 292/1/2716 291/1/2717
f 291/1/2717 1678/1/2716 1681/1/2715
f 1682/1/2718 1678/1/2719 291/1/2719
f 291/1/2719 289/1/2719 1682/1/2718
f 1682/1/2720 289/1/2720 290/1/2720
f 290/1/2720 1687/1/2720 1682/1/2720
f 1687/1/2721 1688/1/2721 1683/1/2721
f 1683/1/2721 1682/1/2721 1687/1/2721
f 1686/1/2722 1683/1/2722 1688/1/2722
f 1688/1/2722 1689/1/2722 1686/1/2722
f 907/1/2723 906/1/2723 1686/1/2723
f 1686/1/2723 1689/1/2723 907/1/2723
f 1686/1/2724 906/1/2724 905/1/2724
f 905/1/2724 1684/1/2724 1686/1/2724
f 905/1/2725 904/1/2725 1685/1/2725
f 1685/1/2725 1684/1/2725 905/1/2725
f 904/1/2726 887/1/2726 1665/1/2726
f 1665/1/2726 1685/1/2726 904/1/2726
f 1664/1/2727 1680/1/2727 1685/1/2728
f 1685/1/2728 1665/1/2727 1664/1/2727
f 1680/1/2729 1664/1/2730 1663/1/2729
f 1663/1/2729 1681/1/2731 1680/1/2729
f 1690/1/2732 1691/1/2474 1692/1/2474
f 1692/1/2474 1693/1/2474 1690/1/2732
f 1694/1/2733 1695/1/2734 1691/1/2470
f 1691/1/2470 1690/1/2472 1694/1/2733
f 1691/1/2478 1696/1/2478 1697/1/2478
f 1697/1/2478 1692/1/2478 1691/1/2478
f 1695/1/2735 1698/1/2477 1696/1/2477
f 1696/1/2477 1691/1/2736 1695/1/2735
f 1693/1/2486 1699/1/2486 405/1/2486
f 405/1/2486 404/1/2486 1693/1/2486
f 414/1/2484 1690/1/2484 1693/1/2484
f 1693/1/2484 404/1/2484 414/1/2484
f 414/1/2737 413/1/2737 1694/1/2738
f 1694/1/2738 1690/1/2738 414/1/2737
f 413/1/2739 385/1/2740 1675/1/2741
f 1675/1/2741 1694/1/2740 413/1/2739
f 1695/1/2508 1694/1/2742 1675/1/2506
f 1675/1/2506 1677/1/2508 1695/1/2508
f 1676/1/2503 1698/1/2505 1695/1/2503
f 1695/1/2503 1677/1/2503 1676/1/2503
f 1676/1/2743 1000/1/2743 1023/1/2743
f 1023/1/2743 1698/1/2743 1676/1/2743
f 1698/1/2744 1023/1/2744 1022/1/2744
f 1022/1/2744 1696/1/2744 1698/1/2744
f 1696/1/2494 1022/1/2494 1021/1/2494
f 1021/1/2494 1697/1/2494 1696/1/2494
f 1697/1/2492 1021/1/2492 1020/1/2492
f 1020/1/2492 1700/1/2492 1697/1/2492
f 1701/1/2491 1692/1/2491 1697/1/2490
f 1697/1/2490 1700/1/2491 1701/1/2491
f 1692/1/2489 1701/1/2489 1699/1/2489
f 1699/1/2489 1693/1/2489 1692/1/2489
f 1702/1/2745 1703/1/2746 1704/1/2745
f 1704/1/2745 1705/1/2745 1702/1/2745
f 1706/1/2747 1707/1/2747 1703/1/2747
f 1703/1/2747 1702/1/2747 1706/1/2747
f 1703/1/2748 1708/1/2749 1709/1/2750
f 1709/1/2750 1704/1/2749 1703/1/2748
f 1710/1/2751 1708/1/2751 1703/1/2751
f 1703/1/2751 1707/1/2752 1710/1/2751
f 1687/1/2753 290/1/2753 312/1/2754
f 312/1/2754 1705/1/2754 1687/1/2753
f 1705/1/2755 312/1/2756 311/1/2756
f 311/1/2756 1702/1/2757 1705/1/2755
f 1706/1/2758 1702/1/2759 311/1/2760
f 311/1/2760 309/1/2761 1706/1/2758
f 1706/1/2762 309/1/2763 310/1/2763
f 310/1/2763 1711/1/2764 1706/1/2762
f 1711/1/2765 1712/1/2766 1707/1/2765
f 1707/1/2765 1706/1/2767 1711/1/2765
f 1710/1/2768 1707/1/2768 1712/1/2768
f 1712/1/2768 1713/1/2769 1710/1/2768
f 927/1/2770 926/1/2771 1710/1/2770
f 1710/1/2770 1713/1/2770 927/1/2770
f 1710/1/2772 926/1/2772 925/1/2772
f 925/1/2772 1708/1/2772 1710/1/2772
f 925/1/2773 924/1/2774 1709/1/2775
f 1709/1/2775 1708/1/2776 925/1/2773
f 924/1/2777 907/1/2777 1689/1/2777
f 1689/1/2777 1709/1/2777 924/1/2777
f 1688/1/2778 1704/1/2778 1709/1/2779
f 1709/1/2779 1689/1/2778 1688/1/2778
f 1704/1/2780 1688/1/2781 1687/1/2781
f 1687/1/2781 1705/1/2781 1704/1/2780
f 1714/1/2063 1715/1/2782 1716/1/2063
f 1716/1/2063 1717/1/2782 1714/1/2063
f 1718/1/2060 1719/1/2060 1715/1/2059
f 1715/1/2059 1714/1/2060 1718/1/2060
f 1715/1/2065 1720/1/2783 1721/1/2784
f 1721/1/2784 1716/1/2065 1715/1/2065
f 1719/1/2064 1722/1/2064 1720/1/2785
f 1720/1/2785 1715/1/2786 1719/1/2064
f 1717/1/2071 1723/1/2787 425/1/2788
f 425/1/2788 424/1/2071 1717/1/2071
f 434/1/2070 1714/1/2070 1717/1/2070
f 1717/1/2070 424/1/2070 434/1/2070
f 434/1/2789 433/1/2068 1718/1/2068
f 1718/1/2068 1714/1/2068 434/1/2789
f 433/1/2067 405/1/2067 1699/1/2067
f 1699/1/2067 1718/1/2067 433/1/2067
f 1719/1/2091 1718/1/2091 1699/1/2790
f 1699/1/2790 1701/1/2091 1719/1/2091
f 1700/1/2087 1722/1/2087 1719/1/2087
f 1719/1/2087 1701/1/2087 1700/1/2087
f 1700/1/2086 1020/1/2791 1043/1/2086
f 1043/1/2086 1722/1/2086 1700/1/2086
f 1722/1/2084 1043/1/2084 1042/1/2084
f 1042/1/2084 1720/1/2084 1722/1/2084
f 1720/1/2792 1042/1/2793 1041/1/2792
f 1041/1/2792 1721/1/2794 1720/1/2792
f 1721/1/2795 1041/1/2796 1040/1/2797
f 1040/1/2797 1724/1/2797 1721/1/2795
f 1725/1/2073 1716/1/2073 1721/1/2073
f 1721/1/2073 1724/1/2798 1725/1/2073
f 1716/1/2799 1725/1/2072 1723/1/2072
f 1723/1/2072 1717/1/2799 1716/1/2799
f 1726/1/2800 1727/1/2800 1728/1/2800
f 1728/1/2800 1729/1/2800 1726/1/2800
f 1730/1/2801 1731/1/2801 1727/1/2801
f 1727/1/2801 1726/1/2801 1730/1/2801
f 1727/1/2802 1732/1/2802 1733/1/2802
f 1733/1/2802 1728/1/2802 1727/1/2802
f 1734/1/2803 1732/1/2803 1727/1/2803
f 1727/1/2803 1731/1/2803 1734/1/2803
f 1711/1/2804 310/1/2804 332/1/2804
f 332/1/2804 1729/1/2804 1711/1/2804
f 1729/1/2805 332/1/2805 331/1/2806
f 331/1/2806 1726/1/2805 1729/1/2805
f 1730/1/2807 1726/1/2807 331/1/2807
f 331/1/2807 329/1/2808 1730/1/2807
f 1730/1/2809 329/1/2809 330/1/2809
f 330/1/2809 1735/1/2810 1730/1/2809
f 1735/1/2811 1736/1/2811 1731/1/2811
f 1731/1/2811 1730/1/2811 1735/1/2811
f 1734/1/2812 1731/1/2812 1736/1/2813
f 1736/1/2813 1737/1/2813 1734/1/2812
f 947/1/2814 946/1/2814 1734/1/2814
f 1734/1/2814 1737/1/2814 947/1/2814
f 1734/1/2815 946/1/2815 945/1/2815
f 945/1/2815 1732/1/2815 1734/1/2815
f 945/1/2816 944/1/2816 1733/1/2816
f 1733/1/2816 1732/1/2816 945/1/2816
f 944/1/2817 927/1/2818 1713/1/2819
f 1713/1/2819 1733/1/2818 944/1/2817
f 1712/1/2820 1728/1/2820 1733/1/2820
f 1733/1/2820 1713/1/2820 1712/1/2820
f 1711/1/2821 1729/1/2821 1728/1/2822
f 1728/1/2822 1712/1/2823 1711/1/2821
f 1738/1/2156 1739/1/2155 1740/1/2155
f 1740/1/2155 1741/1/2156 1738/1/2156
f 1742/1/2154 1743/1/2154 1739/1/2153
f 1739/1/2153 1738/1/2154 1742/1/2154
f 1739/1/2164 1744/1/2164 1745/1/2164
f 1745/1/2164 1740/1/2824 1739/1/2164
f 1743/1/2825 1746/1/2158 1744/1/2826
f 1744/1/2826 1739/1/2158 1743/1/2825
f 1741/1/2174 1747/1/2827 445/1/2174
f 445/1/2174 444/1/2828 1741/1/2174
f 454/1/2829 1738/1/2829 1741/1/2830
f 1741/1/2830 444/1/2829 454/1/2829
f 454/1/2166 453/1/2166 1742/1/2166
f 1742/1/2166 1738/1/2166 454/1/2166
f 453/1/2165 425/1/2831 1723/1/2832
f 1723/1/2832 1742/1/2165 453/1/2165
f 1743/1/2833 1742/1/2188 1723/1/2834
f 1723/1/2834 1725/1/2835 1743/1/2833
f 1724/1/2836 1746/1/2187 1743/1/2837
f 1743/1/2837 1725/1/2838 1724/1/2836
f 1724/1/2185 1040/1/2839 1063/1/2839
f 1063/1/2839 1746/1/2840 1724/1/2185
f 1746/1/2184 1063/1/2841 1062/1/2842
f 1062/1/2842 1744/1/2184 1746/1/2184
f 1744/1/2183 1062/1/2183 1061/1/2183
f 1061/1/2183 1745/1/2183 1744/1/2183
f 1745/1/2180 1061/1/2180 1060/1/2843
f 1060/1/2843 1748/1/2180 1745/1/2180
f 1749/1/2844 1740/1/2844 1745/1/2844
f 1745/1/2844 1748/1/2845 1749/1/2844
f 1740/1/2846 1749/1/2175 1747/1/2847
f 1747/1/2847 1741/1/2848 1740/1/2846
f 1750/1/2849 1751/1/2849 1752/1/2849
f 1752/1/2849 1753/1/2849 1750/1/2849
f 1754/1/2850 1755/1/2851 1751/1/2852
f 1751/1/2852 1750/1/2852 1754/1/2850
f 1751/1/2853 1756/1/2853 1757/1/2854
f 1757/1/2854 1752/1/2855 1751/1/2853
f 1758/1/2856 1756/1/2857 1751/1/2858
f 1751/1/2858 1755/1/2859 1758/1/2856
f 1735/1/2860 330/1/2860 352/1/2860
f 352/1/2860 1753/1/2860 1735/1/2860
f 1753/1/2861 352/1/2862 351/1/2863
f 351/1/2863 1750/1/2862 1753/1/2861
f 1754/1/2864 1750/1/2865 351/1/2864
f 351/1/2864 349/1/2866 1754/1/2864
f 1754/1/2867 349/1/2868 350/1/2869
f 350/1/2869 1759/1/2870 1754/1/2867
f 1759/1/2871 1760/1/2872 1755/1/2872
f 1755/1/2872 1754/1/2873 1759/1/2871
f 1758/1/2874 1755/1/2875 1760/1/2874
f 1760/1/2874 1761/1/2876 1758/1/2874
f 967/1/2877 966/1/2878 1758/1/2879
f 1758/1/2879 1761/1/2880 967/1/2877
f 1758/1/2881 966/1/2881 965/1/2881
f 965/1/2881 1756/1/2881 1758/1/2881
f 965/1/2882 964/1/2882 1757/1/2883
f 1757/1/2883 1756/1/2883 965/1/2882
f 964/1/2884 947/1/2885 1737/1/2884
f 1737/1/2884 1757/1/2884 964/1/2884
f 1736/1/2886 1752/1/2886 1757/1/2886
f 1757/1/2886 1737/1/2886 1736/1/2886
f 1735/1/2887 1753/1/2887 1752/1/2888
f 1752/1/2888 1736/1/2887 1735/1/2887
f 1762/1/2251 1763/1/2251 1764/1/2251
f 1764/1/2251 1765/1/2251 1762/1/2251
f 1766/1/2889 1767/1/2250 1763/1/2889
f 1763/1/2889 1762/1/2890 1766/1/2889
f 1763/1/2891 1768/1/2892 1769/1/2892
f 1769/1/2892 1764/1/2254 1763/1/2891
f 1767/1/2252 1770/1/2252 1768/1/2252
f 1768/1/2252 1763/1/2252 1767/1/2252
f 1765/1/2261 1771/1/2893 465/1/2261
f 465/1/2261 464/1/2261 1765/1/2261
f 474/1/2258 1762/1/2258 1765/1/2258
f 1765/1/2258 464/1/2894 474/1/2258
f 474/1/2257 473/1/2257 1766/1/2895
f 1766/1/2895 1762/1/2895 474/1/2257
f 473/1/2255 445/1/2255 1747/1/2255
f 1747/1/2255 1766/1/2255 473/1/2255
f 1767/1/2896 1766/1/2275 1747/1/2275
f 1747/1/2275 1749/1/2275 1767/1/2896
f 1748/1/2274 1770/1/2274 1767/1/2274
f 1767/1/2274 1749/1/2274 1748/1/2274
f 1748/1/2897 1060/1/2897 1083/1/2897
f 1083/1/2897 1770/1/2272 1748/1/2897
f 1770/1/2898 1083/1/2270 1082/1/2899
f 1082/1/2899 1768/1/2271 1770/1/2898
f 1768/1/2900 1082/1/2901 1081/1/2902
f 1081/1/2902 1769/1/2903 1768/1/2900
f 1769/1/2267 1081/1/2267 1080/1/2904
f 1080/1/2904 1772/1/2267 1769/1/2267
f 1773/1/2905 1764/1/2906 1769/1/2264
f 1769/1/2264 1772/1/2265 1773/1/2905
f 1764/1/2907 1773/1/2263 1771/1/2908
f 1771/1/2908 1765/1/2263 1764/1/2907
f 1774/1/2909 1775/1/2910 1776/1/2909
f 1776/1/2909 1777/1/2911 1774/1/2909
f 1778/1/2912 1779/1/2912 1775/1/2912
f 1775/1/2912 1774/1/2912 1778/1/2912
f 1775/1/2913 1780/1/2914 1781/1/2914
f 1781/1/2914 1776/1/2914 1775/1/2913
f 1782/1/2915 1780/1/2915 1775/1/2915
f 1775/1/2915 1779/1/2915 1782/1/2915
f 1759/1/2916 350/1/2917 372/1/2918
f 372/1/2918 1777/1/2919 1759/1/2916
f 1777/1/2920 372/1/2921 371/1/2922
f 371/1/2922 1774/1/2922 1777/1/2920
f 1778/1/2923 1774/1/2923 371/1/2923
f 371/1/2923 369/1/2923 1778/1/2923
f 1778/1/2924 369/1/2925 370/1/2926
f 370/1/2926 1783/1/2924 1778/1/2924
f 1783/1/2927 1784/1/2927 1779/1/2927
f 1779/1/2927 1778/1/2927 1783/1/2927
f 1782/1/2928 1779/1/2928 1784/1/2928
f 1784/1/2928 1785/1/2928 1782/1/2928
f 987/1/2929 986/1/2930 1782/1/2931
f 1782/1/2931 1785/1/2932 987/1/2929
f 1782/1/2933 986/1/2933 985/1/2933
f 985/1/2933 1780/1/2933 1782/1/2933
f 985/1/2934 984/1/2935 1781/1/2936
f 1781/1/2936 1780/1/2935 985/1/2934
f 984/1/2937 967/1/2938 1761/1/2939
f 1761/1/2939 1781/1/2940 984/1/2937
f 1760/1/2941 1776/1/2941 1781/1/2942
f 1781/1/2942 1761/1/2941 1760/1/2941
f 1776/1/2943 1760/1/2943 1759/1/2943
f 1759/1/2943 1777/1/2943 1776/1/2943
f 1786/1/2342 1787/1/2342 1788/1/2342
f 1788/1/2342 1789/1/2342 1786/1/2342
f 1790/1/2944 1791/1/2945 1787/1/2341
f 1787/1/2341 1786/1/2341 1790/1/2944
f 1787/1/2344 1792/1/2344 1793/1/2344
f 1793/1/2344 1788/1/2344 1787/1/2344
f 1791/1/2343 1794/1/2343 1792/1/2946
f 1792/1/2946 1787/1/2946 1791/1/2343
f 1789/1/2351 1795/1/2351 485/1/2351
f 485/1/2351 484/1/2351 1789/1/2351
f 494/1/2350 1786/1/2350 1789/1/2350
f 1789/1/2350 484/1/2350 494/1/2350
f 494/1/2348 493/1/2348 1790/1/2348
f 1790/1/2348 1786/1/2348 494/1/2348
f 493/1/2345 465/1/2345 1771/1/2345
f 1771/1/2345 1790/1/2345 493/1/2345
f 1791/1/2372 1790/1/2372 1771/1/2372
f 1771/1/2372 1773/1/2372 1791/1/2372
f 1772/1/2947 1794/1/2947 1791/1/2947
f 1791/1/2947 1773/1/2947 1772/1/2947
f 1772/1/2366 1080/1/2366 1103/1/2366
f 1103/1/2366 1794/1/2366 1772/1/2366
f 1794/1/2361 1103/1/2361 1102/1/2361
f 1102/1/2361 1792/1/2361 1794/1/2361
f 1792/1/2948 1102/1/2359 1101/1/2949
f 1101/1/2949 1793/1/2950 1792/1/2948
f 1793/1/2951 1101/1/2951 1100/1/2951
f 1100/1/2951 1796/1/2951 1793/1/2951
f 1797/1/2952 1788/1/2355 1793/1/2355
f 1793/1/2355 1796/1/2953 1797/1/2952
f 1788/1/2354 1797/1/2354 1795/1/2954
f 1795/1/2954 1789/1/2354 1788/1/2354
f 1798/1/2955 1799/1/2955 1800/1/2955
f 1800/1/2955 1801/1/2955 1798/1/2955
f 1802/1/2956 1803/1/2956 1799/1/2957
f 1799/1/2957 1798/1/2956 1802/1/2956
f 1799/1/2958 1804/1/2958 1805/1/2959
f 1805/1/2959 1800/1/2960 1799/1/2958
f 1806/1/2961 1804/1/2962 1799/1/2963
f 1799/1/2963 1803/1/2962 1806/1/2961
f 1783/1/2964 370/1/2965 392/1/2964
f 392/1/2964 1801/1/2966 1783/1/2964
f 1801/1/2967 392/1/2968 391/1/2969
f 391/1/2969 1798/1/2970 1801/1/2967
f 1802/1/2971 1798/1/2971 391/1/2971
f 391/1/2971 389/1/2972 1802/1/2971
f 1802/1/2973 389/1/2973 390/1/2973
f 390/1/2973 1807/1/2973 1802/1/2973
f 1807/1/2974 1808/1/2975 1803/1/2974
f 1803/1/2974 1802/1/2974 1807/1/2974
f 1806/1/2976 1803/1/2976 1808/1/2976
f 1808/1/2976 1809/1/2976 1806/1/2976
f 1007/1/2977 1006/1/2978 1806/1/2978
f 1806/1/2978 1809/1/2978 1007/1/2977
f 1806/1/2979 1006/1/2979 1005/1/2979
f 1005/1/2979 1804/1/2979 1806/1/2979
f 1005/1/2980 1004/1/2980 1805/1/2980
f 1805/1/2980 1804/1/2981 1005/1/2980
f 1004/1/2982 987/1/2982 1785/1/2983
f 1785/1/2983 1805/1/2982 1004/1/2982
f 1784/1/2984 1800/1/2984 1805/1/2984
f 1805/1/2984 1785/1/2984 1784/1/2984
f 1800/1/2985 1784/1/2986 1783/1/2987
f 1783/1/2987 1801/1/2986 1800/1/2985
f 1810/1/2424 1811/1/2424 1812/1/2424
f 1812/1/2424 1813/1/2424 1810/1/2424
f 1814/1/2422 1815/1/2988 1811/1/2422
f 1811/1/2422 1810/1/2422 1814/1/2422
f 1811/1/2429 1816/1/2429 1817/1/2429
f 1817/1/2429 1812/1/2429 1811/1/2429
f 1815/1/2989 1818/1/2989 1816/1/2989
f 1816/1/2989 1811/1/2426 1815/1/2989
f 1813/1/2990 1819/1/2991 505/1/2992
f 505/1/2992 504/1/2434 1813/1/2990
f 514/1/2432 1810/1/2432 1813/1/2993
f 1813/1/2993 504/1/2432 514/1/2432
f 514/1/2431 513/1/2431 1814/1/2431
f 1814/1/2431 1810/1/2431 514/1/2431
f 513/1/2430 485/1/2430 1795/1/2430
f 1795/1/2430 1814/1/2430 513/1/2430
f 1815/1/2452 1814/1/2452 1795/1/2452
f 1795/1/2452 1797/1/2452 1815/1/2452
f 1796/1/2994 1818/1/2995 1815/1/2996
f 1815/1/2996 1797/1/2447 1796/1/2994
f 1796/1/2997 1100/1/2998 1123/1/2445
f 1123/1/2445 1818/1/2998 1796/1/2997
f 1818/1/2999 1123/1/2444 1122/1/2444
f 1122/1/2444 1816/1/2444 1818/1/2999
f 1816/1/2442 1122/1/2442 1121/1/2442
f 1121/1/2442 1817/1/2442 1816/1/2442
f 1817/1/2440 1121/1/2440 1120/1/2440
f 1120/1/2440 1820/1/2440 1817/1/2440
f 1821/1/3000 1812/1/2439 1817/1/3001
f 1817/1/3001 1820/1/2439 1821/1/3000
f 1812/1/3002 1821/1/3002 1819/1/3002
f 1819/1/3002 1813/1/3002 1812/1/3002
f 1822/1/1966 1823/1/3003 1824/1/1966
f 1824/1/1966 1825/1/3004 1822/1/1966
f 1826/1/3005 1827/1/1965 1823/1/3006
f 1823/1/3006 1822/1/1965 1826/1/3005
f 1823/1/1971 1828/1/1971 1829/1/1971
f 1829/1/1971 1824/1/1971 1823/1/1971
f 1830/1/1968 1828/1/1968 1823/1/1968
f 1823/1/1968 1827/1/1968 1830/1/1968
f 1807/1/3007 390/1/1980 412/1/1980
f 412/1/1980 1825/1/3008 1807/1/3007
f 1825/1/3009 412/1/3009 411/1/3009
f 411/1/3009 1822/1/3009 1825/1/3009
f 1826/1/1974 1822/1/1974 411/1/1974
f 411/1/1974 409/1/1974 1826/1/1974
f 1826/1/1972 409/1/1972 410/1/3010
f 410/1/3010 1831/1/3011 1826/1/1972
f 1831/1/3012 1832/1/1996 1827/1/1996
f 1827/1/1996 1826/1/1996 1831/1/3012
f 1830/1/1995 1827/1/1995 1832/1/3013
f 1832/1/3013 1833/1/1995 1830/1/1995
f 1027/1/3014 1026/1/1992 1830/1/1992
f 1830/1/1992 1833/1/1992 1027/1/3014
f 1830/1/1990 1026/1/1990 1025/1/3015
f 1025/1/3015 1828/1/1990 1830/1/1990
f 1025/1/1987 1024/1/3016 1829/1/3017
f 1829/1/3017 1828/1/1987 1025/1/1987
f 1024/1/1984 1007/1/1984 1809/1/1984
f 1809/1/1984 1829/1/3018 1024/1/1984
f 1808/1/1983 1824/1/3019 1829/1/1983
f 1829/1/1983 1809/1/1983 1808/1/1983
f 1807/1/1981 1825/1/1981 1824/1/1981
f 1824/1/1981 1808/1/1981 1807/1/1981
f 1834/1/3020 1835/1/2513 1836/1/3020
f 1836/1/3020 1837/1/2513 1834/1/3020
f 1838/1/2510 1839/1/2510 1835/1/3021
f 1835/1/3021 1834/1/2510 1838/1/2510
f 1835/1/3022 1840/1/3023 1841/1/3024
f 1841/1/3024 1836/1/3023 1835/1/3022
f 1839/1/3025 1842/1/3026 1840/1/3027
f 1840/1/3027 1835/1/3028 1839/1/3025
f 1837/1/2525 1843/1/2525 525/1/2525
f 525/1/2525 524/1/2525 1837/1/2525
f 534/1/3029 1834/1/2522 1837/1/2522
f 1837/1/2522 524/1/2522 534/1/3029
f 534/1/3030 533/1/2521 1838/1/3031
f 1838/1/3031 1834/1/3032 534/1/3030
f 533/1/2518 505/1/2518 1819/1/2518
f 1819/1/2518 1838/1/2518 533/1/2518
f 1839/1/3033 1838/1/2537 1819/1/3033
f 1819/1/3033 1821/1/2536 1839/1/3033
f 1820/1/2534 1842/1/2534 1839/1/3034
f 1839/1/3034 1821/1/2534 1820/1/2534
f 1820/1/2532 1120/1/2532 1143/1/3035
f 1143/1/3035 1842/1/2532 1820/1/2532
f 1842/1/2530 1143/1/2530 1142/1/2530
f 1142/1/2530 1840/1/2530 1842/1/2530
f 1840/1/2529 1142/1/2529 1141/1/3036
f 1141/1/3036 1841/1/3037 1840/1/2529
f 1841/1/3038 1141/1/2528 1140/1/2528
f 1140/1/2528 1844/1/2528 1841/1/3038
f 1845/1/2527 1836/1/2527 1841/1/2527
f 1841/1/2527 1844/1/2527 1845/1/2527
f 1836/1/2526 1845/1/3039 1843/1/3040
f 1843/1/3040 1837/1/2526 1836/1/2526
f 1846/1/3041 1847/1/3042 1848/1/3041
f 1848/1/3041 1849/1/3041 1846/1/3041
f 1850/1/3043 1851/1/3044 1847/1/3043
f 1847/1/3043 1846/1/3043 1850/1/3043
f 1847/1/3045 1852/1/3045 1853/1/3045
f 1853/1/3045 1848/1/3045 1847/1/3045
f 1854/1/3046 1852/1/3047 1847/1/3048
f 1847/1/3048 1851/1/3048 1854/1/3046
f 1831/1/3049 410/1/3049 432/1/3049
f 432/1/3049 1849/1/3049 1831/1/3049
f 1849/1/3050 432/1/3050 431/1/3051
f 431/1/3051 1846/1/3050 1849/1/3050
f 1850/1/3052 1846/1/3053 431/1/3052
f 431/1/3052 429/1/3054 1850/1/3052
f 1850/1/3055 429/1/3056 430/1/3057
f 430/1/3057 1855/1/3057 1850/1/3055
f 1855/1/3058 1856/1/3058 1851/1/3058
f 1851/1/3058 1850/1/3058 1855/1/3058
f 1854/1/3059 1851/1/3059 1856/1/3059
f 1856/1/3059 1857/1/3059 1854/1/3059
f 1047/1/3060 1046/1/3060 1854/1/3060
f 1854/1/3060 1857/1/3060 1047/1/3060
f 1854/1/3061 1046/1/3062 1045/1/3063
f 1045/1/3063 1852/1/3064 1854/1/3061
f 1045/1/3065 1044/1/3065 1853/1/3065
f 1853/1/3065 1852/1/3065 1045/1/3065
f 1044/1/3066 1027/1/3066 1833/1/3066
f 1833/1/3066 1853/1/3066 1044/1/3066
f 1832/1/3067 1848/1/3068 1853/1/3068
f 1853/1/3068 1833/1/3068 1832/1/3067
f 1831/1/3069 1849/1/3069 1848/1/3069
f 1848/1/3069 1832/1/3069 1831/1/3069
f 1858/1/2557 1859/1/2556 1860/1/2557
f 1860/1/2557 1861/1/2557 1858/1/2557
f 1862/1/3070 1863/1/3071 1859/1/2555
f 1859/1/2555 1858/1/3071 1862/1/3070
f 1859/1/3072 1864/1/2560 1865/1/3073
f 1865/1/3073 1860/1/3074 1859/1/3072
f 1863/1/2558 1866/1/2558 1864/1/2558
f 1864/1/2558 1859/1/2558 1863/1/2558
f 1861/1/2568 1867/1/2568 545/1/2568
f 545/1/2568 544/1/2568 1861/1/2568
f 554/1/2566 1858/1/2567 1861/1/2567
f 1861/1/2567 544/1/2566 554/1/2566
f 554/1/2563 553/1/2563 1862/1/2563
f 1862/1/2563 1858/1/3075 554/1/2563
f 553/1/2561 525/1/2561 1843/1/2561
f 1843/1/2561 1862/1/2561 553/1/2561
f 1863/1/2578 1862/1/2578 1843/1/2578
f 1843/1/2578 1845/1/2578 1863/1/2578
f 1844/1/3076 1866/1/2577 1863/1/2577
f 1863/1/2577 1845/1/2577 1844/1/3076
f 1844/1/3077 1140/1/2576 1163/1/2576
f 1163/1/2576 1866/1/2576 1844/1/3077
f 1866/1/3078 1163/1/3078 1162/1/3078
f 1162/1/3078 1864/1/3078 1866/1/3078
f 1864/1/2573 1162/1/2573 1161/1/2573
f 1161/1/2573 1865/1/2573 1864/1/2573
f 1865/1/2572 1161/1/2572 1160/1/2572
f 1160/1/2572 1868/1/3079 1865/1/2572
f 1865/1/2570 1868/1/2570 1869/1/3080
f 1869/1/3080 1860/1/2570 1865/1/2570
f 1860/1/2569 1869/1/2569 1867/1/2569
f 1867/1/2569 1861/1/2569 1860/1/2569
f 1870/1/3081 1871/1/3082 1872/1/3082
f 1872/1/3082 1873/1/3082 1870/1/3081
f 1874/1/3083 1875/1/3084 1871/1/3083
f 1871/1/3083 1870/1/3085 1874/1/3083
f 1871/1/3086 1876/1/3087 1877/1/3087
f 1877/1/3087 1872/1/3087 1871/1/3086
f 1878/1/3088 1876/1/3089 1871/1/3090
f 1871/1/3090 1875/1/3091 1878/1/3088
f 1855/1/3092 430/1/3093 452/1/3094
f 452/1/3094 1873/1/3094 1855/1/3092
f 1873/1/3095 452/1/3095 451/1/3095
f 451/1/3095 1870/1/3095 1873/1/3095
f 1874/1/3096 1870/1/3096 451/1/3096
f 451/1/3096 449/1/3096 1874/1/3096
f 1874/1/3097 449/1/3097 450/1/3098
f 450/1/3098 1879/1/3099 1874/1/3097
f 1879/1/3100 1880/1/3100 1875/1/3100
f 1875/1/3100 1874/1/3100 1879/1/3100
f 1878/1/3101 1875/1/3101 1880/1/3101
f 1880/1/3101 1881/1/3101 1878/1/3101
f 1067/1/3102 1066/1/3103 1878/1/3103
f 1878/1/3103 1881/1/3104 1067/1/3102
f 1878/1/3105 1066/1/3106 1065/1/3106
f 1065/1/3106 1876/1/3106 1878/1/3105
f 1065/1/3107 1064/1/3108 1877/1/3107
f 1877/1/3107 1876/1/3107 1065/1/3107
f 1064/1/3109 1047/1/3109 1857/1/3109
f 1857/1/3109 1877/1/3109 1064/1/3109
f 1856/1/3110 1872/1/3110 1877/1/3111
f 1877/1/3111 1857/1/3110 1856/1/3110
f 1872/1/3112 1856/1/3112 1855/1/3112
f 1855/1/3112 1873/1/3112 1872/1/3112
f 1882/1/2598 1883/1/2598 1884/1/2597
f 1884/1/2597 1885/1/2598 1882/1/2598
f 1886/1/2595 1887/1/2595 1883/1/2595
f 1883/1/2595 1882/1/2595 1886/1/2595
f 1883/1/3113 1888/1/2601 1889/1/2601
f 1889/1/2601 1884/1/2601 1883/1/3113
f 1887/1/2600 1890/1/2600 1888/1/2600
f 1888/1/2600 1883/1/2600 1887/1/2600
f 1885/1/3114 1891/1/3115 565/1/2611
f 565/1/2611 564/1/2611 1885/1/3114
f 574/1/3116 1882/1/3116 1885/1/3117
f 1885/1/3117 564/1/2609 574/1/3116
f 574/1/3118 573/1/3119 1886/1/2608
f 1886/1/2608 1882/1/3120 574/1/3118
f 573/1/3121 545/1/2603 1867/1/2603
f 1867/1/2603 1886/1/3122 573/1/3121
f 1887/1/3123 1886/1/3123 1867/1/3124
f 1867/1/3124 1869/1/3125 1887/1/3123
f 1868/1/2627 1890/1/2627 1887/1/2627
f 1887/1/2627 1869/1/2627 1868/1/2627
f 1868/1/2624 1160/1/2624 1183/1/2624
f 1183/1/2624 1890/1/2624 1868/1/2624
f 1890/1/2623 1183/1/2623 1182/1/3126
f 1182/1/3126 1888/1/2623 1890/1/2623
f 1888/1/2619 1182/1/2622 1181/1/3127
f 1181/1/3127 1889/1/3128 1888/1/2619
f 1889/1/2616 1181/1/2616 1180/1/2616
f 1180/1/2616 1892/1/2616 1889/1/2616
f 1889/1/2615 1892/1/2615 1893/1/2615
f 1893/1/2615 1884/1/2615 1889/1/2615
f 1884/1/3129 1893/1/2612 1891/1/2612
f 1891/1/2612 1885/1/2612 1884/1/3129
f 1894/1/3130 1895/1/3130 1896/1/3130
f 1896/1/3130 1897/1/3131 1894/1/3130
f 1898/1/3132 1899/1/3133 1895/1/3133
f 1895/1/3133 1894/1/3134 1898/1/3132
f 1895/1/3135 1900/1/3135 1901/1/3136
f 1901/1/3136 1896/1/3136 1895/1/3135
f 1902/1/3137 1900/1/3138 1895/1/3137
f 1895/1/3137 1899/1/3137 1902/1/3137
f 1879/1/3139 450/1/3140 472/1/3139
f 472/1/3139 1897/1/3141 1879/1/3139
f 1897/1/3142 472/1/3142 471/1/3142
f 471/1/3142 1894/1/3142 1897/1/3142
f 1898/1/3143 1894/1/3144 471/1/3144
f 471/1/3144 469/1/3144 1898/1/3143
f 1898/1/3145 469/1/3146 470/1/3145
f 470/1/3145 1903/1/3145 1898/1/3145
f 1903/1/3147 1904/1/3148 1899/1/3148
f 1899/1/3148 1898/1/3149 1903/1/3147
f 1902/1/3150 1899/1/3150 1904/1/3150
f 1904/1/3150 1905/1/3150 1902/1/3150
f 1087/1/3151 1086/1/3151 1902/1/3151
f 1902/1/3151 1905/1/3151 1087/1/3151
f 1902/1/3152 1086/1/3153 1085/1/3154
f 1085/1/3154 1900/1/3155 1902/1/3152
f 1085/1/3156 1084/1/3157 1901/1/3157
f 1901/1/3157 1900/1/3156 1085/1/3156
f 1084/1/3158 1067/1/3158 1881/1/3158
f 1881/1/3158 1901/1/3158 1084/1/3158
f 1880/1/3159 1896/1/3159 1901/1/3159
f 1901/1/3159 1881/1/3159 1880/1/3159
f 1879/1/3160 1897/1/3160 1896/1/3160
f 1896/1/3160 1880/1/3160 1879/1/3160
f 1906/1/3161 1907/1/2652 1908/1/2652
f 1908/1/2652 1909/1/3162 1906/1/3161
f 1910/1/2651 1911/1/3163 1907/1/3163
f 1907/1/3163 1906/1/2650 1910/1/2651
f 1907/1/2655 1912/1/2655 1913/1/2655
f 1913/1/2655 1908/1/2655 1907/1/2655
f 1911/1/2654 1914/1/2654 1912/1/2654
f 1912/1/2654 1907/1/2653 1911/1/2654
f 1909/1/3164 1915/1/3164 585/1/3165
f 585/1/3165 584/1/3166 1909/1/3164
f 594/1/3167 1906/1/2662 1909/1/3167
f 1909/1/3167 584/1/3168 594/1/3167
f 594/1/2660 593/1/2660 1910/1/2660
f 1910/1/2660 1906/1/2660 594/1/2660
f 593/1/2657 565/1/3169 1891/1/2657
f 1891/1/2657 1910/1/2657 593/1/2657
f 1911/1/3170 1910/1/3170 1891/1/3170
f 1891/1/3170 1893/1/3170 1911/1/3170
f 1892/1/2683 1914/1/2683 1911/1/2683
f 1911/1/2683 1893/1/2683 1892/1/2683
f 1892/1/3171 1180/1/2678 1203/1/2678
f 1203/1/2678 1914/1/2678 1892/1/3171
f 1914/1/2677 1203/1/3172 1202/1/2677
f 1202/1/2677 1912/1/3172 1914/1/2677
f 1912/1/2673 1202/1/2673 1201/1/2673
f 1201/1/2673 1913/1/2673 1912/1/2673
f 1913/1/2671 1201/1/2671 1200/1/2671
f 1200/1/2671 1916/1/2671 1913/1/2671
f 1917/1/2670 1908/1/2669 1913/1/2669
f 1913/1/2669 1916/1/2669 1917/1/2670
f 1908/1/3173 1917/1/3174 1915/1/3175
f 1915/1/3175 1909/1/3175 1908/1/3173
f 1918/1/3176 1919/1/3177 1920/1/3176
f 1920/1/3176 1921/1/3176 1918/1/3176
f 1922/1/3178 1923/1/3179 1919/1/3180
f 1919/1/3180 1918/1/3181 1922/1/3178
f 1919/1/3182 1924/1/3182 1925/1/3182
f 1925/1/3182 1920/1/3182 1919/1/3182
f 1926/1/3183 1924/1/3183 1919/1/3184
f 1919/1/3184 1923/1/3183 1926/1/3183
f 1903/1/3185 470/1/3185 492/1/3185
f 492/1/3185 1921/1/3185 1903/1/3185
f 1921/1/3186 492/1/3186 491/1/3186
f 491/1/3186 1918/1/3186 1921/1/3186
f 1922/1/3187 1918/1/3188 491/1/3189
f 491/1/3189 489/1/3187 1922/1/3187
f 1922/1/3190 489/1/3190 490/1/3191
f 490/1/3191 1927/1/3191 1922/1/3190
f 1927/1/3192 1928/1/3192 1923/1/3192
f 1923/1/3192 1922/1/3192 1927/1/3192
f 1926/1/3193 1923/1/3194 1928/1/3193
f 1928/1/3193 1929/1/3193 1926/1/3193
f 1107/1/3195 1106/1/3195 1926/1/3195
f 1926/1/3195 1929/1/3196 1107/1/3195
f 1926/1/3197 1106/1/3198 1105/1/3198
f 1105/1/3198 1924/1/3198 1926/1/3197
f 1105/1/3199 1104/1/3199 1925/1/3199
f 1925/1/3199 1924/1/3199 1105/1/3199
f 1104/1/3200 1087/1/3201 1905/1/3201
f 1905/1/3201 1925/1/3201 1104/1/3200
f 1904/1/3202 1920/1/3202 1925/1/3202
f 1925/1/3202 1905/1/3202 1904/1/3202
f 1903/1/3203 1921/1/3204 1920/1/3205
f 1920/1/3205 1904/1/3206 1903/1/3203
f 1930/1/3207 1931/1/3207 1932/1/3208
f 1932/1/3208 1933/1/3209 1930/1/3207
f 1934/1/2707 1935/1/2707 1931/1/2707
f 1931/1/2707 1930/1/2707 1934/1/2707
f 1931/1/2713 1936/1/2713 1937/1/2713
f 1937/1/2713 1932/1/2713 1931/1/2713
f 1935/1/2710 1938/1/3210 1936/1/3211
f 1936/1/3211 1931/1/3212 1935/1/2710
f 1933/1/2720 1939/1/2720 605/1/2720
f 605/1/2720 604/1/2720 1933/1/2720
f 614/1/3213 1930/1/3214 1933/1/2719
f 1933/1/2719 604/1/2719 614/1/3213
f 614/1/2716 613/1/2716 1934/1/2716
f 1934/1/2716 1930/1/2716 614/1/2716
f 613/1/2714 585/1/2714 1915/1/2714
f 1915/1/2714 1934/1/2714 613/1/2714
f 1935/1/3215 1934/1/2731 1915/1/3215
f 1915/1/3215 1917/1/3215 1935/1/3215
f 1916/1/2727 1938/1/3216 1935/1/2727
f 1935/1/2727 1917/1/2727 1916/1/2727
f 1916/1/2726 1200/1/2726 1223/1/2726
f 1223/1/2726 1938/1/2726 1916/1/2726
f 1938/1/2725 1223/1/3217 1222/1/2725
f 1222/1/2725 1936/1/2725 1938/1/2725
f 1936/1/3218 1222/1/3218 1221/1/3218
f 1221/1/3218 1937/1/3218 1936/1/3218
f 1937/1/2723 1221/1/2723 1220/1/2723
f 1220/1/2723 1940/1/2723 1937/1/2723
f 1941/1/3219 1932/1/2722 1937/1/2722
f 1937/1/2722 1940/1/2722 1941/1/3219
f 1932/1/3220 1941/1/2721 1939/1/2721
f 1939/1/2721 1933/1/2721 1932/1/3220
f 1942/1/3221 1943/1/3221 1944/1/3221
f 1944/1/3221 1945/1/3221 1942/1/3221
f 1946/1/3222 1947/1/3222 1943/1/3223
f 1943/1/3223 1942/1/3222 1946/1/3222
f 1943/1/3224 1948/1/3225 1949/1/3224
f 1949/1/3224 1944/1/3224 1943/1/3224
f 1950/1/3226 1948/1/3226 1943/1/3226
f 1943/1/3226 1947/1/3226 1950/1/3226
f 1927/1/3227 490/1/3227 512/1/3227
f 512/1/3227 1945/1/3227 1927/1/3227
f 1945/1/3228 512/1/3229 511/1/3228
f 511/1/3228 1942/1/3230 1945/1/3228
f 1946/1/3231 1942/1/3231 511/1/3231
f 511/1/3231 509/1/3231 1946/1/3231
f 1946/1/3232 509/1/3232 510/1/3232
f 510/1/3232 1951/1/3232 1946/1/3232
f 1951/1/3233 1952/1/3233 1947/1/3233
f 1947/1/3233 1946/1/3233 1951/1/3233
f 1950/1/3234 1947/1/3234 1952/1/3234
f 1952/1/3234 1953/1/3234 1950/1/3234
f 1127/1/3235 1126/1/3236 1950/1/3237
f 1950/1/3237 1953/1/3237 1127/1/3235
f 1950/1/3238 1126/1/3238 1125/1/3238
f 1125/1/3238 1948/1/3238 1950/1/3238
f 1125/1/3239 1124/1/3239 1949/1/3240
f 1949/1/3240 1948/1/3239 1125/1/3239
f 1124/1/3241 1107/1/3242 1929/1/3242
f 1929/1/3242 1949/1/3243 1124/1/3241
f 1928/1/3244 1944/1/3244 1949/1/3244
f 1949/1/3244 1929/1/3244 1928/1/3244
f 1944/1/3245 1928/1/3246 1927/1/3245
f 1927/1/3245 1945/1/3247 1944/1/3245
f 1954/1/3248 1955/1/2747 1956/1/2747
f 1956/1/2747 1957/1/2747 1954/1/3248
f 1958/1/3249 1959/1/3250 1955/1/2746
f 1955/1/2746 1954/1/3249 1958/1/3249
f 1955/1/3251 1960/1/3252 1961/1/3252
f 1961/1/3252 1956/1/3253 1955/1/3251
f 1959/1/2749 1962/1/3254 1960/1/2748
f 1960/1/2748 1955/1/3255 1959/1/2749
f 1957/1/3256 1963/1/3256 625/1/3256
f 625/1/3256 624/1/3256 1957/1/3256
f 634/1/2761 1954/1/2761 1957/1/2761
f 1957/1/2761 624/1/2761 634/1/2761
f 634/1/2755 633/1/2755 1958/1/2755
f 1958/1/2755 1954/1/2755 634/1/2755
f 633/1/2753 605/1/2753 1939/1/2753
f 1939/1/2753 1958/1/2753 633/1/2753
f 1959/1/3257 1958/1/2781 1939/1/2781
f 1939/1/2781 1941/1/2781 1959/1/3257
f 1940/1/3258 1962/1/2778 1959/1/2778
f 1959/1/2778 1941/1/3258 1940/1/3258
f 1940/1/2777 1220/1/3259 1243/1/2777
f 1243/1/2777 1962/1/2777 1940/1/2777
f 1962/1/2774 1243/1/2774 1242/1/2774
f 1242/1/2774 1960/1/2774 1962/1/2774
f 1960/1/2772 1242/1/2772 1241/1/2772
f 1241/1/2772 1961/1/2772 1960/1/2772
f 1961/1/2771 1241/1/2771 1240/1/2771
f 1240/1/2771 1964/1/2771 1961/1/2771
f 1961/1/3260 1964/1/3260 1965/1/3260
f 1965/1/3260 1956/1/3260 1961/1/3260
f 1956/1/3261 1965/1/2767 1963/1/2767
f 1963/1/2767 1957/1/2767 1956/1/3261
f 1966/1/3043 1967/1/3043 1968/1/3043
f 1968/1/3043 1969/1/3262 1966/1/3043
f 1970/1/3041 1971/1/3263 1967/1/3041
f 1967/1/3041 1966/1/3041 1970/1/3041
f 1967/1/3048 1972/1/3264 1973/1/3048
f 1973/1/3048 1968/1/3048 1967/1/3048
f 1967/1/3045 1971/1/3045 1974/1/3045
f 1974/1/3045 1972/1/3045 1967/1/3045
f 1969/1/3265 1975/1/3057 101/1/3265
f 101/1/3265 100/1/3057 1969/1/3265
f 1969/1/3266 100/1/3267 114/1/3266
f 114/1/3266 1966/1/3266 1969/1/3266
f 112/1/3268 1970/1/3269 1966/1/3268
f 1966/1/3268 114/1/3050 112/1/3268
f 1369/1/3270 1970/1/3271 112/1/3272
f 112/1/3272 113/1/3273 1369/1/3270
f 1970/1/3069 1369/1/3069 1374/1/3069
f 1374/1/3069 1971/1/3069 1970/1/3069
f 1971/1/3068 1374/1/3068 1373/1/3068
f 1373/1/3068 1974/1/3068 1971/1/3068
f 79/1/3274 78/1/3066 1974/1/3066
f 1974/1/3066 1373/1/3066 79/1/3274
f 1974/1/3065 78/1/3065 77/1/3065
f 77/1/3065 1972/1/3065 1974/1/3065
f 1973/1/3275 1972/1/3276 77/1/3275
f 77/1/3275 76/1/3275 1973/1/3275
f 76/1/3060 75/1/3060 1976/1/3277
f 1976/1/3277 1973/1/3060 76/1/3060
f 1968/1/3059 1973/1/3059 1976/1/3278
f 1976/1/3278 1977/1/3059 1968/1/3059
f 1968/1/3058 1977/1/3058 1975/1/3058
f 1975/1/3058 1969/1/3279 1968/1/3058
f 1978/1/3280 1979/1/3280 1980/1/3281
f 1980/1/3281 1981/1/3280 1978/1/3280
f 1982/1/3282 1983/1/3282 1979/1/3283
f 1979/1/3283 1978/1/3283 1982/1/3282
f 1979/1/3284 1984/1/3284 1985/1/3284
f 1985/1/3284 1980/1/3284 1979/1/3284
f 1986/1/3285 1984/1/3286 1979/1/3287
f 1979/1/3287 1983/1/2002 1986/1/3285
f 1951/1/2011 510/1/2011 532/1/2011
f 532/1/2011 1981/1/2011 1951/1/2011
f 1981/1/2010 532/1/2010 531/1/2010
f 531/1/2010 1978/1/2010 1981/1/2010
f 1982/1/3288 1978/1/3288 531/1/2008
f 531/1/2008 529/1/2008 1982/1/3288
f 1987/1/3289 1982/1/3289 529/1/3289
f 529/1/3289 530/1/2006 1987/1/3289
f 1987/1/2027 1988/1/2027 1983/1/2027
f 1983/1/2027 1982/1/3290 1987/1/2027
f 1986/1/3291 1983/1/3292 1988/1/2026
f 1988/1/2026 1989/1/2026 1986/1/3291
f 1986/1/3293 1989/1/3294 1147/1/3293
f 1147/1/3293 1146/1/3293 1986/1/3293
f 1986/1/2024 1146/1/2024 1145/1/3295
f 1145/1/3295 1984/1/2024 1986/1/2024
f 1145/1/2022 1144/1/2022 1985/1/2022
f 1985/1/2022 1984/1/2022 1145/1/2022
f 1144/1/3296 1127/1/3296 1953/1/3296
f 1953/1/3296 1985/1/3296 1144/1/3296
f 1953/1/2018 1952/1/2018 1980/1/2018
f 1980/1/2018 1985/1/2018 1953/1/2018
f 1951/1/3297 1981/1/2013 1980/1/2013
f 1980/1/2013 1952/1/2013 1951/1/3297
f 1990/1/3298 1991/1/3299 1992/1/3300
f 1992/1/3300 1993/1/3301 1990/1/3298
f 1994/1/2800 1995/1/2800 1991/1/2800
f 1991/1/2800 1990/1/2800 1994/1/2800
f 1991/1/3302 1996/1/3303 1997/1/3302
f 1997/1/3302 1992/1/3303 1991/1/3302
f 1995/1/2802 1998/1/2802 1996/1/2802
f 1996/1/2802 1991/1/2802 1995/1/2802
f 1993/1/2809 1999/1/2809 645/1/2809
f 645/1/2809 644/1/2809 1993/1/2809
f 654/1/2808 1990/1/2808 1993/1/2808
f 1993/1/2808 644/1/2808 654/1/2808
f 654/1/3304 653/1/2805 1994/1/3305
f 1994/1/3305 1990/1/3304 654/1/3304
f 653/1/3306 625/1/2804 1963/1/3307
f 1963/1/3307 1994/1/2804 653/1/3306
f 1995/1/3308 1994/1/3308 1963/1/3308
f 1963/1/3308 1965/1/3308 1995/1/3308
f 1964/1/2820 1998/1/2820 1995/1/2820
f 1995/1/2820 1965/1/2820 1964/1/2820
f 1964/1/2818 1240/1/3309 1263/1/3310
f 1263/1/3310 1998/1/2818 1964/1/2818
f 1998/1/3311 1263/1/2816 1262/1/3312
f 1262/1/3312 1996/1/2816 1998/1/3311
f 1996/1/3313 1262/1/3314 1261/1/3313
f 1261/1/3313 1997/1/3315 1996/1/3313
f 1261/1/2814 1260/1/2814 2000/1/3316
f 2000/1/3316 1997/1/2814 1261/1/2814
f 1992/1/3317 1997/1/2812 2000/1/3318
f 2000/1/3318 2001/1/2813 1992/1/3317
f 1993/1/2811 1992/1/2811 2001/1/3319
f 2001/1/3319 1999/1/3319 1993/1/2811
f 2002/1/3320 2003/1/3321 2004/1/3320
f 2004/1/3320 2005/1/3320 2002/1/3320
f 2006/1/3082 2007/1/3082 2003/1/3322
f 2003/1/3322 2002/1/3082 2006/1/3082
f 2003/1/3323 2008/1/3323 2009/1/3323
f 2009/1/3323 2004/1/3323 2003/1/3323
f 2003/1/3087 2007/1/3087 2010/1/3087
f 2010/1/3087 2008/1/3324 2003/1/3087
f 125/1/3097 124/1/3097 2005/1/3097
f 2005/1/3097 2011/1/3097 125/1/3097
f 2005/1/3096 124/1/3096 134/1/3325
f 134/1/3325 2002/1/3096 2005/1/3096
f 134/1/3326 133/1/3095 2006/1/3327
f 2006/1/3327 2002/1/3326 134/1/3326
f 2006/1/3328 133/1/3329 101/1/3330
f 101/1/3330 1975/1/3093 2006/1/3328
f 1977/1/3112 2007/1/3112 2006/1/3112
f 2006/1/3112 1975/1/3331 1977/1/3112
f 1976/1/3110 2010/1/3110 2007/1/3110
f 2007/1/3110 1977/1/3110 1976/1/3110
f 75/1/3332 743/1/3333 2010/1/3334
f 2010/1/3334 1976/1/3335 75/1/3332
f 2010/1/3107 743/1/3336 742/1/3107
f 742/1/3107 2008/1/3107 2010/1/3107
f 2009/1/3106 2008/1/3106 742/1/3337
f 742/1/3337 739/1/3106 2009/1/3106
f 739/1/3338 741/1/3338 2012/1/3338
f 2012/1/3338 2009/1/3338 739/1/3338
f 2004/1/3339 2009/1/3340 2012/1/3101
f 2012/1/3101 2013/1/3101 2004/1/3339
f 2004/1/3341 2013/1/3100 2011/1/3341
f 2011/1/3341 2005/1/3342 2004/1/3341
f 2014/1/2094 2015/1/3343 2016/1/2094
f 2016/1/2094 2017/1/2094 2014/1/2094
f 2018/1/2092 2019/1/3344 2015/1/2092
f 2015/1/2092 2014/1/2092 2018/1/2092
f 2015/1/3345 2020/1/3345 2021/1/3345
f 2021/1/3345 2016/1/3346 2015/1/3345
f 2022/1/2097 2020/1/2097 2015/1/3347
f 2015/1/3347 2019/1/3347 2022/1/2097
f 1987/1/2104 530/1/2104 552/1/3348
f 552/1/3348 2017/1/2104 1987/1/2104
f 2017/1/3349 552/1/3350 551/1/3350
f 551/1/3350 2014/1/3350 2017/1/3349
f 2018/1/2101 2014/1/2101 551/1/2101
f 551/1/2101 549/1/2101 2018/1/2101
f 2023/1/2100 2018/1/2100 549/1/2100
f 549/1/2100 550/1/3351 2023/1/2100
f 2023/1/2117 2024/1/2117 2019/1/2117
f 2019/1/2117 2018/1/2118 2023/1/2117
f 2022/1/2115 2019/1/2115 2024/1/2115
f 2024/1/2115 2025/1/2115 2022/1/2115
f 2022/1/2113 2025/1/2113 1167/1/3352
f 1167/1/3352 1166/1/2113 2022/1/2113
f 2022/1/3353 1166/1/3353 1165/1/3353
f 1165/1/3353 2020/1/3353 2022/1/3353
f 1165/1/2108 1164/1/2108 2021/1/2108
f 2021/1/2108 2020/1/2108 1165/1/2108
f 1164/1/2107 1147/1/2107 1989/1/2107
f 1989/1/2107 2021/1/3354 1164/1/2107
f 2016/1/2106 2021/1/2106 1989/1/3355
f 1989/1/3355 1988/1/2106 2016/1/2106
f 2017/1/2105 2016/1/2105 1988/1/2105
f 1988/1/2105 1987/1/2105 2017/1/2105
f 2026/1/3356 2027/1/2852 2028/1/3357
f 2028/1/3357 2029/1/2852 2026/1/3356
f 2030/1/2849 2031/1/2849 2027/1/2849
f 2027/1/2849 2026/1/2849 2030/1/2849
f 2027/1/3358 2032/1/3358 2033/1/3358
f 2033/1/3358 2028/1/3358 2027/1/3358
f 2031/1/2853 2034/1/2853 2032/1/2853
f 2032/1/2853 2027/1/2853 2031/1/2853
f 2029/1/3359 2035/1/3360 665/1/3361
f 665/1/3361 664/1/2867 2029/1/3359
f 674/1/2865 2026/1/2865 2029/1/2865
f 2029/1/2865 664/1/2865 674/1/2865
f 674/1/2862 673/1/2862 2030/1/2862
f 2030/1/2862 2026/1/2862 674/1/2862
f 673/1/3362 645/1/2860 1999/1/3363
f 1999/1/3363 2030/1/2860 673/1/3362
f 2030/1/2887 1999/1/2887 2001/1/3364
f 2001/1/3364 2031/1/2887 2030/1/2887
f 2000/1/2886 2034/1/2886 2031/1/2886
f 2031/1/2886 2001/1/2886 2000/1/2886
f 1283/1/3365 2034/1/3365 2000/1/3365
f 2000/1/3365 1260/1/3366 1283/1/3365
f 2034/1/3367 1283/1/2882 1282/1/3367
f 1282/1/3367 2032/1/2882 2034/1/3367
f 2032/1/2881 1282/1/2881 1281/1/2881
f 1281/1/2881 2033/1/2881 2032/1/2881
f 1281/1/3368 1280/1/2878 2036/1/2878
f 2036/1/2878 2033/1/2878 1281/1/3368
f 2028/1/2874 2033/1/2874 2036/1/2874
f 2036/1/2874 2037/1/2876 2028/1/2874
f 2029/1/3369 2028/1/3370 2037/1/3370
f 2037/1/3370 2035/1/3370 2029/1/3369
f 2038/1/3371 2039/1/3134 2040/1/3134
f 2040/1/3134 2041/1/3372 2038/1/3371
f 2042/1/3373 2043/1/3131 2039/1/3130
f 2039/1/3130 2038/1/3373 2042/1/3373
f 2039/1/3374 2044/1/3374 2045/1/3374
f 2045/1/3374 2040/1/3374 2039/1/3374
f 2039/1/3136 2043/1/3136 2046/1/3136
f 2046/1/3136 2044/1/3136 2039/1/3136
f 2041/1/3375 2047/1/3145 145/1/3145
f 145/1/3145 144/1/3145 2041/1/3375
f 2041/1/3376 144/1/3376 154/1/3144
f 154/1/3144 2038/1/3144 2041/1/3376
f 2038/1/3377 154/1/3377 153/1/3142
f 153/1/3142 2042/1/3142 2038/1/3377
f 153/1/3141 125/1/3141 2011/1/3378
f 2011/1/3378 2042/1/3141 153/1/3141
f 2013/1/3160 2043/1/3160 2042/1/3160
f 2042/1/3160 2011/1/3160 2013/1/3160
f 2012/1/3159 2046/1/3159 2043/1/3159
f 2043/1/3159 2013/1/3159 2012/1/3159
f 763/1/3158 2046/1/3158 2012/1/3158
f 2012/1/3158 741/1/3158 763/1/3158
f 2046/1/3157 763/1/3157 762/1/3157
f 762/1/3157 2044/1/3157 2046/1/3157
f 2045/1/3379 2044/1/3155 762/1/3155
f 762/1/3155 761/1/3155 2045/1/3379
f 761/1/3380 760/1/3151 2048/1/3151
f 2048/1/3151 2045/1/3381 761/1/3380
f 2040/1/3150 2045/1/3150 2048/1/3150
f 2048/1/3150 2049/1/3150 2040/1/3150
f 2040/1/3149 2049/1/3149 2047/1/3149
f 2047/1/3149 2041/1/3149 2040/1/3149
f 2050/1/3382 2051/1/2190 2052/1/3383
f 2052/1/3383 2053/1/2190 2050/1/3382
f 2054/1/3384 2055/1/2189 2051/1/3384
f 2051/1/3384 2050/1/2189 2054/1/3384
f 2051/1/2195 2056/1/3385 2057/1/2195
f 2057/1/2195 2052/1/2195 2051/1/2195
f 2058/1/2192 2056/1/2192 2051/1/2192
f 2051/1/2192 2055/1/2192 2058/1/2192
f 2023/1/3386 550/1/3387 572/1/2201
f 572/1/2201 2053/1/2203 2023/1/3386
f 2053/1/2200 572/1/2200 571/1/2200
f 571/1/2200 2050/1/2200 2053/1/2200
f 2054/1/3388 2050/1/3389 571/1/3390
f 571/1/3390 569/1/3391 2054/1/3388
f 2059/1/3392 2054/1/3393 569/1/3393
f 569/1/3393 570/1/3394 2059/1/3392
f 2059/1/2218 2060/1/3395 2055/1/2218
f 2055/1/2218 2054/1/2218 2059/1/2218
f 2058/1/2217 2055/1/2216 2060/1/2216
f 2060/1/2216 2061/1/2216 2058/1/2217
f 2058/1/2214 2061/1/2214 1187/1/2214
f 1187/1/2214 1186/1/2214 2058/1/2214
f 2058/1/2212 1186/1/3396 1185/1/3396
f 1185/1/3396 2056/1/2211 2058/1/2212
f 1185/1/3397 1184/1/3398 2057/1/3399
f 2057/1/3399 2056/1/2210 1185/1/3397
f 1184/1/3400 1167/1/3401 2025/1/3400
f 2025/1/3400 2057/1/3401 1184/1/3400
f 2052/1/3402 2057/1/3403 2025/1/3403
f 2025/1/3403 2024/1/3403 2052/1/3402
f 2053/1/2204 2052/1/2204 2024/1/2204
f 2024/1/2204 2023/1/2204 2053/1/2204
f 2062/1/3404 2063/1/3405 2064/1/2912
f 2064/1/2912 2065/1/3406 2062/1/3404
f 2066/1/2910 2067/1/2910 2063/1/2910
f 2063/1/2910 2062/1/2910 2066/1/2910
f 2063/1/3407 2068/1/3407 2069/1/3407
f 2069/1/3407 2064/1/2915 2063/1/3407
f 2067/1/3408 2070/1/2914 2068/1/3409
f 2068/1/3409 2063/1/2914 2067/1/3408
f 2065/1/3410 2071/1/3410 685/1/2925
f 685/1/2925 684/1/3410 2065/1/3410
f 694/1/2923 2062/1/2923 2065/1/2923
f 2065/1/2923 684/1/2923 694/1/2923
f 694/1/2922 693/1/2922 2066/1/2922
f 2066/1/2922 2062/1/2922 694/1/2922
f 693/1/2918 665/1/2918 2035/1/2918
f 2035/1/2918 2066/1/3411 693/1/2918
f 2066/1/2943 2035/1/2943 2037/1/2943
f 2037/1/2943 2067/1/2943 2066/1/2943
f 2036/1/2941 2070/1/2941 2067/1/2941
f 2067/1/2941 2037/1/2941 2036/1/2941
f 1303/1/3412 2070/1/2940 2036/1/2940
f 2036/1/2940 1280/1/2940 1303/1/3412
f 2070/1/2934 1303/1/2934 1302/1/2934
f 1302/1/2934 2068/1/2934 2070/1/2934
f 2068/1/2933 1302/1/2933 1301/1/2933
f 1301/1/2933 2069/1/2933 2068/1/2933
f 1301/1/2931 1300/1/2932 2072/1/3413
f 2072/1/3413 2069/1/2930 1301/1/2931
f 2064/1/2928 2069/1/2928 2072/1/2928
f 2072/1/2928 2073/1/2928 2064/1/2928
f 2065/1/2927 2064/1/2927 2073/1/2927
f 2073/1/2927 2071/1/2927 2065/1/2927
f 2074/1/3414 2075/1/3414 2076/1/3414
f 2076/1/3414 2077/1/3414 2074/1/3414
f 2078/1/3176 2079/1/3176 2075/1/3176
f 2075/1/3176 2074/1/3176 2078/1/3176
f 2075/1/3183 2080/1/3183 2081/1/3183
f 2081/1/3183 2076/1/3183 2075/1/3183
f 2075/1/3415 2079/1/3182 2082/1/3182
f 2082/1/3182 2080/1/3182 2075/1/3415
f 2077/1/3416 2083/1/3416 165/1/3416
f 165/1/3416 164/1/3417 2077/1/3416
f 2077/1/3187 164/1/3418 174/1/3187
f 174/1/3187 2074/1/3187 2077/1/3187
f 2078/1/3186 2074/1/3186 174/1/3186
f 174/1/3186 173/1/3186 2078/1/3186
f 173/1/3419 145/1/3185 2047/1/3185
f 2047/1/3185 2078/1/3185 173/1/3419
f 2049/1/3203 2079/1/3420 2078/1/3203
f 2078/1/3203 2047/1/3203 2049/1/3203
f 2048/1/3202 2082/1/3202 2079/1/3421
f 2079/1/3421 2049/1/3202 2048/1/3202
f 783/1/3201 2082/1/3201 2048/1/3201
f 2048/1/3201 760/1/3201 783/1/3201
f 2082/1/3422 783/1/3199 782/1/3423
f 782/1/3423 2080/1/3199 2082/1/3422
f 782/1/3197 781/1/3198 2081/1/3198
f 2081/1/3198 2080/1/3198 782/1/3197
f 781/1/3195 780/1/3195 2084/1/3424
f 2084/1/3424 2081/1/3195 781/1/3195
f 2076/1/3193 2081/1/3193 2084/1/3193
f 2084/1/3193 2085/1/3193 2076/1/3193
f 2076/1/3192 2085/1/3192 2083/1/3192
f 2083/1/3192 2077/1/3192 2076/1/3192
f 2086/1/2279 2087/1/3425 2088/1/2279
f 2088/1/2279 2089/1/3426 2086/1/2279
f 2090/1/2278 2091/1/2278 2087/1/3427
f 2087/1/3427 2086/1/3428 2090/1/2278
f 2087/1/2284 2092/1/2284 2093/1/2284
f 2093/1/2284 2088/1/3429 2087/1/2284
f 2094/1/3430 2092/1/2281 2087/1/3431
f 2087/1/3431 2091/1/3432 2094/1/3430
f 2059/1/3433 570/1/3434 592/1/3435
f 592/1/3435 2089/1/3436 2059/1/3433
f 2089/1/3437 592/1/2289 591/1/3438
f 591/1/3438 2086/1/3439 2089/1/3437
f 2090/1/2287 2086/1/2287 591/1/2287
f 591/1/2287 589/1/2287 2090/1/2287
f 589/1/2285 590/1/3440 1354/1/3441
f 1354/1/3441 2090/1/2285 589/1/2285
f 1359/1/2307 2091/1/2307 2090/1/2307
f 2090/1/2307 1354/1/2307 1359/1/2307
f 2094/1/3442 2091/1/3442 1359/1/3442
f 1359/1/3442 1358/1/3442 2094/1/3442
f 2094/1/3443 1358/1/2301 1207/1/2301
f 1207/1/2301 1206/1/3444 2094/1/3443
f 2094/1/3445 1206/1/3446 1205/1/3447
f 1205/1/3447 2092/1/2300 2094/1/3445
f 1205/1/3448 1204/1/3449 2093/1/3450
f 2093/1/3450 2092/1/2299 1205/1/3448
f 1204/1/2296 1187/1/3451 2061/1/3452
f 2061/1/3452 2093/1/2296 1204/1/2296
f 2088/1/2294 2093/1/2294 2061/1/3453
f 2061/1/3453 2060/1/2294 2088/1/2294
f 2089/1/2293 2088/1/2293 2060/1/2293
f 2060/1/2293 2059/1/2293 2089/1/2293
f 2095/1/2956 2096/1/3454 2097/1/2956
f 2097/1/2956 2098/1/2956 2095/1/2956
f 2099/1/2955 2100/1/2955 2096/1/2955
f 2096/1/2955 2095/1/2955 2099/1/2955
f 2096/1/2963 2101/1/3455 2102/1/3456
f 2102/1/3456 2097/1/2962 2096/1/2963
f 2100/1/3457 2103/1/3458 2101/1/3457
f 2101/1/3457 2096/1/3459 2100/1/3457
f 2098/1/3460 1370/1/2973 705/1/2973
f 705/1/2973 704/1/3460 2098/1/3460
f 714/1/3461 2095/1/2971 2098/1/2971
f 2098/1/2971 704/1/2971 714/1/3461
f 714/1/2969 713/1/2969 2099/1/2969
f 2099/1/2969 2095/1/2969 714/1/2969
f 713/1/3462 685/1/3462 2071/1/3462
f 2071/1/3462 2099/1/3462 713/1/3462
f 2099/1/2986 2071/1/2986 2073/1/2986
f 2073/1/2986 2100/1/2986 2099/1/2986
f 2072/1/2984 2103/1/3463 2100/1/2984
f 2100/1/2984 2073/1/2984 2072/1/2984
f 1323/1/2982 2103/1/2982 2072/1/2982
f 2072/1/2982 1300/1/2982 1323/1/2982
f 2103/1/2980 1323/1/2980 1322/1/2980
f 1322/1/2980 2101/1/2980 2103/1/2980
f 2101/1/2979 1322/1/2979 1321/1/2979
f 1321/1/2979 2102/1/3464 2101/1/2979
f 1321/1/2977 1320/1/3465 1372/1/2977
f 1372/1/2977 2102/1/2977 1321/1/2977
f 2102/1/3466 1372/1/2976 1371/1/2976
f 1371/1/2976 2097/1/2976 2102/1/3466
f 2098/1/2974 2097/1/2974 1371/1/2974
f 1371/1/2974 1370/1/2974 2098/1/2974
f 2104/1/3222 2105/1/3222 2106/1/3222
f 2106/1/3222 2107/1/3222 2104/1/3222
f 2108/1/3467 2109/1/3467 2105/1/3467
f 2105/1/3467 2104/1/3468 2108/1/3467
f 2105/1/3469 2110/1/3226 2111/1/3226
f 2111/1/3226 2106/1/3226 2105/1/3469
f 2105/1/3224 2109/1/3224 2112/1/3224
f 2112/1/3224 2110/1/3224 2105/1/3224
f 2107/1/3470 1385/1/3232 185/1/3232
f 185/1/3232 184/1/3232 2107/1/3470
f 2107/1/3231 184/1/3231 194/1/3231
f 194/1/3231 2104/1/3231 2107/1/3231
f 2108/1/3471 2104/1/3228 194/1/3472
f 194/1/3472 193/1/3230 2108/1/3471
f 193/1/3227 165/1/3473 2083/1/3474
f 2083/1/3474 2108/1/3475 193/1/3227
f 2085/1/3476 2109/1/3245 2108/1/3247
f 2108/1/3247 2083/1/3247 2085/1/3476
f 2084/1/3244 2112/1/3244 2109/1/3244
f 2109/1/3244 2085/1/3244 2084/1/3244
f 803/1/3242 2112/1/3242 2084/1/3242
f 2084/1/3242 780/1/3477 803/1/3242
f 2112/1/3239 803/1/3239 802/1/3239
f 802/1/3239 2110/1/3239 2112/1/3239
f 802/1/3478 801/1/3238 2111/1/3479
f 2111/1/3479 2110/1/3238 802/1/3478
f 801/1/3480 800/1/3236 1387/1/3481
f 1387/1/3481 2111/1/3236 801/1/3480
f 1387/1/3234 1386/1/3234 2106/1/3234
f 2106/1/3234 2111/1/3234 1387/1/3234
f 2107/1/3233 2106/1/3233 1386/1/3233
f 1386/1/3233 1385/1/3233 2107/1/3233
f 2113/1/3482 2114/1/3483 2115/1/3484
f 2115/1/3484 2116/1/3485 2117/1/3486
f 2113/1/3482 2115/1/3484 2117/1/3486
f 2117/1/3486 2118/1/3487 2119/1/3488
f 2119/1/3488 2120/1/3485 2121/1/3489
f 2117/1/3486 2119/1/3488 2121/1/3489
f 2113/1/3482 2117/1/3486 2121/1/3489
f 2121/1/3489 2122/1/3485 2123/1/3490
f 2123/1/3490 2124/1/3491 2125/1/3487
f 2121/1/3489 2123/1/3490 2125/1/3487
f 2125/1/3487 2126/1/3485 2127/1/3492
f 2127/1/3492 2128/1/3485 2129/1/3487
f 2125/1/3487 2127/1/3492 2129/1/3487
f 2121/1/3489 2125/1/3487 2129/1/3487
f 2129/1/3487 2130/1/3485 2131/1/3485
f 2131/1/3485 2132/1/3482 2133/1/3493
f 2129/1/3487 2131/1/3485 2133/1/3493
f 2133/1/3493 2134/1/3485 2135/1/3487
f 2135/1/3487 2136/1/3485 2137/1/3494
f 2133/1/3493 2135/1/3487 2137/1/3494
f 2129/1/3487 2133/1/3493 2137/1/3494
f 2121/1/3489 2129/1/3487 2137/1/3494
f 2113/1/3482 2121/1/3489 2137/1/3494
f 2138/1/3485 2139/1/3485 2140/1/3482
f 2137/1/3494 2138/1/3485 2140/1/3482
f 2137/1/3494 2140/1/3482 2141/1/3495
f 2113/1/3482 2137/1/3494 2141/1/3495
f 2142/1/3486 2113/1/3482 2141/1/3495
f 2142/1/3486 2141/1/3495 2143/1/3485
f 2142/1/3486 2143/1/3485 2144/1/3485
f 2145/1/3496 2146/1/3497 2147/1/3498
f 2147/1/3498 2148/1/3499 2145/1/3496
f 2131/1/3500 2149/1/3501 2150/1/3502
f 2150/1/3502 2132/1/3503 2131/1/3500
f 2151/1/3504 2113/1/3504 2142/1/3504
f 2142/1/3504 2152/1/3505 2151/1/3504
f 2117/1/3506 2153/1/3506 2154/1/3506
f 2154/1/3506 2118/1/3506 2117/1/3506
f 2130/1/3507 2155/1/3508 2149/1/3508
f 2149/1/3508 2131/1/3509 2130/1/3507
f 2152/1/3510 2142/1/3511 2144/1/3512
f 2144/1/3512 2156/1/3513 2152/1/3510
f 2116/1/3514 2157/1/3515 2153/1/3516
f 2153/1/3516 2117/1/3517 2116/1/3514
f 2129/1/3518 2158/1/3518 2155/1/3518
f 2155/1/3518 2130/1/3518 2129/1/3518
f 2156/1/3519 2144/1/3520 2143/1/3519
f 2143/1/3519 2159/1/3521 2156/1/3519
f 2115/1/3522 2160/1/3523 2157/1/3524
f 2157/1/3524 2116/1/3525 2115/1/3522
f 2128/1/3526 2161/1/3526 2158/1/3526
f 2158/1/3526 2129/1/3526 2128/1/3526
f 2143/1/3527 2141/1/3528 2162/1/3527
f 2162/1/3527 2159/1/3529 2143/1/3527
f 2114/1/3530 2163/1/3531 2160/1/3530
f 2160/1/3530 2115/1/3532 2114/1/3530
f 2127/1/3533 2164/1/3534 2161/1/3533
f 2161/1/3533 2128/1/3535 2127/1/3533
f 2140/1/3536 2165/1/3537 2162/1/3538
f 2162/1/3538 2141/1/3539 2140/1/3536
f 2114/1/3540 2113/1/3540 2151/1/3540
f 2151/1/3540 2163/1/3540 2114/1/3540
f 2126/1/3541 2166/1/3542 2164/1/3543
f 2164/1/3543 2127/1/3544 2126/1/3541
f 2167/1/3545 2165/1/3546 2140/1/3547
f 2140/1/3547 2139/1/3548 2167/1/3545
f 2125/1/3549 2168/1/3550 2166/1/3551
f 2166/1/3551 2126/1/3549 2125/1/3549
f 2138/1/3552 2169/1/3552 2167/1/3552
f 2167/1/3552 2139/1/3552 2138/1/3552
f 2124/1/3553 2170/1/3554 2168/1/3553
f 2168/1/3553 2125/1/3555 2124/1/3553
f 2148/1/3556 2169/1/3557 2138/1/3558
f 2138/1/3558 2137/1/3559 2148/1/3556
f 2123/1/3560 2171/1/3561 2170/1/3562
f 2170/1/3562 2124/1/3561 2123/1/3560
f 2148/1/3563 2137/1/3564 2136/1/3565
f 2136/1/3565 2145/1/3566 2148/1/3563
f 2122/1/3567 2172/1/3567 2171/1/3568
f 2171/1/3568 2123/1/3567 2122/1/3567
f 2136/1/3569 2135/1/3569 2173/1/3569
f 2173/1/3569 2145/1/3569 2136/1/3569
f 2121/1/3570 2174/1/3571 2172/1/3572
f 2172/1/3572 2122/1/3573 2121/1/3570
f 2134/1/3574 2175/1/3575 2173/1/3576
f 2173/1/3576 2135/1/3577 2134/1/3574
f 2120/1/3578 2176/1/3579 2174/1/3580
f 2174/1/3580 2121/1/3581 2120/1/3578
f 2133/1/3582 2177/1/3583 2175/1/3584
f 2175/1/3584 2134/1/3585 2133/1/3582
f 2119/1/3586 2178/1/3587 2176/1/3588
f 2176/1/3588 2120/1/3589 2119/1/3586
f 2132/1/3590 2150/1/3590 2177/1/3590
f 2177/1/3590 2133/1/3590 2132/1/3590
f 2118/1/3591 2154/1/3592 2178/1/3592
f 2178/1/3592 2119/1/3593 2118/1/3591
f 2179/1/3594 2180/1/3595 2181/1/3596
f 2181/1/3596 2182/1/3597 2179/1/3594
f 2172/1/3598 2183/1/3599 2184/1/3600
f 2184/1/3600 2171/1/3601 2172/1/3598
f 2173/1/3602 2185/1/3603 2146/1/3604
f 2146/1/3604 2145/1/3605 2173/1/3602
f 2174/1/3606 2186/1/3606 2183/1/3606
f 2183/1/3606 2172/1/3607 2174/1/3606
f 2175/1/3608 2182/1/3609 2185/1/3608
f 2185/1/3608 2173/1/3610 2175/1/3608
f 2176/1/3611 2187/1/3612 2186/1/3611
f 2186/1/3611 2174/1/3613 2176/1/3611
f 2177/1/3614 2179/1/3615 2182/1/3616
f 2182/1/3616 2175/1/3616 2177/1/3614
f 2178/1/3617 2188/1/3618 2187/1/3619
f 2187/1/3619 2176/1/3620 2178/1/3617
f 2150/1/3621 2189/1/3622 2179/1/3623
f 2179/1/3623 2177/1/3624 2150/1/3621
f 2154/1/3625 2190/1/3626 2188/1/3627
f 2188/1/3627 2178/1/3628 2154/1/3625
f 2149/1/3629 2191/1/3630 2189/1/3631
f 2189/1/3631 2150/1/3632 2149/1/3629
f 2152/1/3633 2192/1/3634 2193/1/3633
f 2193/1/3633 2151/1/3633 2152/1/3633
f 2153/1/3635 2194/1/3636 2190/1/3637
f 2190/1/3637 2154/1/3638 2153/1/3635
f 2155/1/3639 2195/1/3639 2191/1/3639
f 2191/1/3639 2149/1/3639 2155/1/3639
f 2156/1/3640 2196/1/3640 2192/1/3641
f 2192/1/3641 2152/1/3641 2156/1/3640
f 2157/1/3642 2197/1/3643 2194/1/3644
f 2194/1/3644 2153/1/3645 2157/1/3642
f 2158/1/3646 2198/1/3647 2195/1/3648
f 2195/1/3648 2155/1/3649 2158/1/3646
f 2159/1/3650 2199/1/3651 2196/1/3652
f 2196/1/3652 2156/1/3653 2159/1/3650
f 2160/1/3654 2200/1/3655 2197/1/3656
f 2197/1/3656 2157/1/3657 2160/1/3654
f 2161/1/3658 2201/1/3659 2198/1/3660
f 2198/1/3660 2158/1/3661 2161/1/3658
f 2162/1/3662 2202/1/3662 2199/1/3663
f 2199/1/3663 2159/1/3664 2162/1/3662
f 2163/1/3665 2203/1/3666 2200/1/3667
f 2200/1/3667 2160/1/3668 2163/1/3665
f 2164/1/3669 2204/1/3670 2201/1/3671
f 2201/1/3671 2161/1/3672 2164/1/3669
f 2165/1/3673 2205/1/3674 2202/1/3675
f 2202/1/3675 2162/1/3676 2165/1/3673
f 2163/1/3677 2151/1/3678 2193/1/3679
f 2193/1/3679 2203/1/3680 2163/1/3677
f 2166/1/3681 2206/1/3682 2204/1/3683
f 2204/1/3683 2164/1/3684 2166/1/3681
f 2167/1/3685 2207/1/3686 2205/1/3685
f 2205/1/3685 2165/1/3687 2167/1/3685
f 2168/1/3688 2208/1/3688 2206/1/3689
f 2206/1/3689 2166/1/3688 2168/1/3688
f 2169/1/3690 2209/1/3691 2207/1/3690
f 2207/1/3690 2167/1/3692 2169/1/3690
f 2170/1/3693 2210/1/3693 2208/1/3694
f 2208/1/3694 2168/1/3695 2170/1/3693
f 2148/1/3696 2147/1/3697 2209/1/3696
f 2209/1/3696 2169/1/3698 2148/1/3696
f 2171/1/3699 2184/1/3700 2210/1/3701
f 2210/1/3701 2170/1/3702 2171/1/3699
f 2211/1/3703 2212/1/3704 2213/1/3705
f 2213/1/3705 2214/1/3706 2211/1/3703
f 2188/1/3707 2215/1/3708 2216/1/3709
f 2216/1/3709 2187/1/3710 2188/1/3707
f 2189/1/3711 2217/1/3712 2180/1/3712
f 2180/1/3712 2179/1/3711 2189/1/3711
f 2190/1/3713 2218/1/3713 2215/1/3714
f 2215/1/3714 2188/1/3715 2190/1/3713
f 2191/1/3716 2211/1/3717 2217/1/3717
f 2217/1/3717 2189/1/3717 2191/1/3716
f 2192/1/3718 2219/1/3719 2220/1/3720
f 2220/1/3720 2193/1/3718 2192/1/3718
f 2194/1/3721 2221/1/3722 2218/1/3723
f 2218/1/3723 2190/1/3723 2194/1/3721
f 2195/1/3724 2212/1/3725 2211/1/3725
f 2211/1/3725 2191/1/3725 2195/1/3724
f 2196/1/3726 2222/1/3727 2219/1/3726
f 2219/1/3726 2192/1/3726 2196/1/3726
f 2197/1/3728 2223/1/3729 2221/1/3730
f 2221/1/3730 2194/1/3731 2197/1/3728
f 2198/1/3732 2224/1/3733 2212/1/3734
f 2212/1/3734 2195/1/3734 2198/1/3732
f 2199/1/3735 2225/1/3736 2222/1/3737
f 2222/1/3737 2196/1/3737 2199/1/3735
f 2200/1/3738 2226/1/3738 2223/1/3739
f 2223/1/3739 2197/1/3738 2200/1/3738
f 2201/1/3740 2227/1/3741 2224/1/3742
f 2224/1/3742 2198/1/3743 2201/1/3740
f 2202/1/3744 2228/1/3745 2225/1/3744
f 2225/1/3744 2199/1/3744 2202/1/3744
f 2203/1/3746 2229/1/3746 2226/1/3746
f 2226/1/3746 2200/1/3747 2203/1/3746
f 2204/1/3748 2230/1/3749 2227/1/3750
f 2227/1/3750 2201/1/3750 2204/1/3748
f 2205/1/3751 2231/1/3752 2228/1/3753
f 2228/1/3753 2202/1/3754 2205/1/3751
f 2203/1/3755 2193/1/3755 2220/1/3755
f 2220/1/3755 2229/1/3755 2203/1/3755
f 2206/1/3756 2232/1/3756 2230/1/3757
f 2230/1/3757 2204/1/3756 2206/1/3756
f 2207/1/3758 2233/1/3759 2231/1/3760
f 2231/1/3760 2205/1/3760 2207/1/3758
f 2208/1/3761 2234/1/3762 2232/1/3763
f 2232/1/3763 2206/1/3764 2208/1/3761
f 2209/1/3765 2235/1/3766 2233/1/3767
f 2233/1/3767 2207/1/3768 2209/1/3765
f 2210/1/3769 2236/1/3770 2234/1/3771
f 2234/1/3771 2208/1/3772 2210/1/3769
f 2147/1/3773 2237/1/3774 2235/1/3775
f 2235/1/3775 2209/1/3776 2147/1/3773
f 2184/1/3777 2238/1/3777 2236/1/3777
f 2236/1/3777 2210/1/3777 2184/1/3777
f 2146/1/3778 2239/1/3779 2237/1/3780
f 2237/1/3780 2147/1/3781 2146/1/3778
f 2183/1/3782 2240/1/3783 2238/1/3784
f 2238/1/3784 2184/1/3783 2183/1/3782
f 2185/1/3785 2241/1/3786 2239/1/3787
f 2239/1/3787 2146/1/3788 2185/1/3785
f 2186/1/3789 2242/1/3790 2240/1/3791
f 2240/1/3791 2183/1/3792 2186/1/3789
f 2182/1/3793 2181/1/3794 2241/1/3795
f 2241/1/3795 2185/1/3795 2182/1/3793
f 2187/1/3796 2216/1/3797 2242/1/3798
f 2242/1/3798 2186/1/3799 2187/1/3796
f 2243/1/3800 2244/1/3801 2245/1/3802
f 2245/1/3802 2246/1/3802 2243/1/3800
f 2222/1/3512 2247/1/3803 2248/1/3512
f 2248/1/3512 2219/1/3804 2222/1/3512
f 2249/1/3805 2250/1/3805 2221/1/3805
f 2221/1/3805 2223/1/3805 2249/1/3805
f 2212/1/3806 2224/1/3807 2251/1/3808
f 2251/1/3808 2213/1/3808 2212/1/3806
f 2225/1/3519 2252/1/3809 2247/1/3810
f 2247/1/3810 2222/1/3521 2225/1/3519
f 2223/1/3524 2226/1/3522 2253/1/3811
f 2253/1/3811 2249/1/3522 2223/1/3524
f 2224/1/3812 2227/1/3812 2246/1/3813
f 2246/1/3813 2251/1/3814 2224/1/3812
f 2228/1/3815 2254/1/3528 2252/1/3527
f 2252/1/3527 2225/1/3815 2228/1/3815
f 2226/1/3816 2229/1/3816 2255/1/3817
f 2255/1/3817 2253/1/3818 2226/1/3816
f 2227/1/3533 2230/1/3533 2243/1/3533
f 2243/1/3533 2246/1/3819 2227/1/3533
f 2231/1/3820 2256/1/3821 2254/1/3820
f 2254/1/3820 2228/1/3820 2231/1/3820
f 2255/1/3822 2229/1/3822 2220/1/3823
f 2220/1/3823 2257/1/3824 2255/1/3822
f 2230/1/3541 2232/1/3825 2258/1/3826
f 2258/1/3826 2243/1/3827 2230/1/3541
f 2233/1/3828 2259/1/3829 2256/1/3830
f 2256/1/3830 2231/1/3831 2233/1/3828
f 2260/1/3832 2258/1/3832 2232/1/3832
f 2232/1/3832 2234/1/3832 2260/1/3832
f 2235/1/3833 2261/1/3833 2259/1/3833
f 2259/1/3833 2233/1/3834 2235/1/3833
f 2234/1/3835 2236/1/3835 2262/1/3835
f 2262/1/3835 2260/1/3835 2234/1/3835
f 2235/1/3836 2237/1/3837 2263/1/3837
f 2263/1/3837 2261/1/3837 2235/1/3836
f 2236/1/3838 2238/1/3839 2264/1/3840
f 2264/1/3840 2262/1/3841 2236/1/3838
f 2237/1/3842 2239/1/3843 2265/1/3844
f 2265/1/3844 2263/1/3845 2237/1/3842
f 2266/1/3846 2264/1/3567 2238/1/3847
f 2238/1/3847 2240/1/3848 2266/1/3846
f 2265/1/3849 2239/1/3850 2241/1/3850
f 2241/1/3850 2267/1/3850 2265/1/3849
f 2240/1/3851 2242/1/3571 2268/1/3852
f 2268/1/3852 2266/1/3853 2240/1/3851
f 2241/1/3854 2181/1/3855 2269/1/3856
f 2269/1/3856 2267/1/3857 2241/1/3854
f 2242/1/3858 2216/1/3859 2270/1/3860
f 2270/1/3860 2268/1/3581 2242/1/3858
f 2269/1/3861 2181/1/3861 2180/1/3861
f 2180/1/3861 2271/1/3861 2269/1/3861
f 2272/1/3862 2270/1/3863 2216/1/3864
f 2216/1/3864 2215/1/3865 2272/1/3862
f 2271/1/3866 2180/1/3867 2217/1/3868
f 2217/1/3868 2273/1/3869 2271/1/3866
f 2215/1/3870 2218/1/3591 2274/1/3871
f 2274/1/3871 2272/1/3591 2215/1/3870
f 2214/1/3500 2273/1/3872 2217/1/3873
f 2217/1/3873 2211/1/3874 2214/1/3500
f 2219/1/3875 2248/1/3875 2257/1/3875
f 2257/1/3875 2220/1/3876 2219/1/3875
f 2218/1/3877 2221/1/3877 2250/1/3877
f 2250/1/3877 2274/1/3877 2218/1/3877
f 2275/1/3878 2276/1/3879 2277/1/3878
f 2277/1/3878 2278/1/3880 2275/1/3878
f 2256/1/3881 2279/1/3882 2280/1/3883
f 2280/1/3883 2254/1/3884 2256/1/3881
f 2281/1/3885 2255/1/3886 2257/1/3885
f 2257/1/3885 2282/1/3887 2281/1/3885
f 2244/1/3888 2243/1/3888 2258/1/3888
f 2258/1/3888 2283/1/3889 2244/1/3888
f 2284/1/3890 2279/1/3891 2256/1/3890
f 2256/1/3890 2259/1/3890 2284/1/3890
f 2260/1/3892 2278/1/3893 2283/1/3894
f 2283/1/3894 2258/1/3895 2260/1/3892
f 2261/1/3896 2285/1/3897 2284/1/3898
f 2284/1/3898 2259/1/3899 2261/1/3896
f 2262/1/3900 2275/1/3901 2278/1/3902
f 2278/1/3902 2260/1/3903 2262/1/3900
f 2263/1/3904 2286/1/3905 2285/1/3906
f 2285/1/3906 2261/1/3907 2263/1/3904
f 2287/1/3908 2275/1/3909 2262/1/3910
f 2262/1/3910 2264/1/3909 2287/1/3908
f 2265/1/3911 2288/1/3912 2286/1/3913
f 2286/1/3913 2263/1/3914 2265/1/3911
f 2266/1/3915 2289/1/3916 2287/1/3915
f 2287/1/3915 2264/1/3915 2266/1/3915
f 2290/1/3917 2288/1/3918 2265/1/3917
f 2265/1/3917 2267/1/3919 2290/1/3917
f 2268/1/3920 2291/1/3921 2289/1/3922
f 2289/1/3922 2266/1/3923 2268/1/3920
f 2269/1/3924 2292/1/3925 2290/1/3926
f 2290/1/3926 2267/1/3925 2269/1/3924
f 2293/1/3927 2291/1/3928 2268/1/3929
f 2268/1/3929 2270/1/3930 2293/1/3927
f 2271/1/3931 2294/1/3932 2292/1/3933
f 2292/1/3933 2269/1/3931 2271/1/3931
f 2272/1/3934 2295/1/3935 2293/1/3934
f 2293/1/3934 2270/1/3936 2272/1/3934
f 2296/1/3937 2294/1/3938 2271/1/3937
f 2271/1/3937 2273/1/3937 2296/1/3937
f 2274/1/3939 2297/1/3940 2295/1/3941
f 2295/1/3941 2272/1/3942 2274/1/3939
f 2214/1/3943 2298/1/3943 2296/1/3944
f 2296/1/3944 2273/1/3945 2214/1/3943
f 2248/1/3946 2299/1/3947 2282/1/3947
f 2282/1/3947 2257/1/3948 2248/1/3946
f 2297/1/3949 2274/1/3950 2250/1/3950
f 2250/1/3950 2300/1/3949 2297/1/3949
f 2213/1/3951 2301/1/3952 2298/1/3953
f 2298/1/3953 2214/1/3954 2213/1/3951
f 2247/1/3955 2302/1/3956 2299/1/3957
f 2299/1/3957 2248/1/3958 2247/1/3955
f 2249/1/3959 2303/1/3959 2300/1/3960
f 2300/1/3960 2250/1/3961 2249/1/3959
f 2304/1/3962 2301/1/3963 2213/1/3964
f 2213/1/3964 2251/1/3965 2304/1/3962
f 2305/1/3966 2302/1/3967 2247/1/3968
f 2247/1/3968 2252/1/3967 2305/1/3966
f 2253/1/3969 2306/1/3970 2303/1/3971
f 2303/1/3971 2249/1/3971 2253/1/3969
f 2246/1/3972 2245/1/3973 2304/1/3974
f 2304/1/3974 2251/1/3975 2246/1/3972
f 2254/1/3976 2280/1/3976 2305/1/3976
f 2305/1/3976 2252/1/3976 2254/1/3976
f 2281/1/3977 2306/1/3978 2253/1/3979
f 2253/1/3979 2255/1/3980 2281/1/3977
f 2307/1/3981 2308/1/3571 2309/1/3982
f 2309/1/3982 2310/1/3983 2307/1/3981
f 2311/1/3984 2285/1/3984 2286/1/3985
f 2286/1/3985 2312/1/3986 2311/1/3984
f 2287/1/3987 2313/1/3988 2276/1/3987
f 2276/1/3987 2275/1/3989 2287/1/3987
f 2288/1/3990 2314/1/3990 2312/1/3991
f 2312/1/3991 2286/1/3992 2288/1/3990
f 2313/1/3993 2287/1/3994 2289/1/3995
f 2289/1/3995 2309/1/3996 2313/1/3993
f 2290/1/3997 2315/1/3998 2314/1/3999
f 2314/1/3999 2288/1/4000 2290/1/3997
f 2291/1/4001 2310/1/4002 2309/1/4003
f 2309/1/4003 2289/1/4004 2291/1/4001
f 2316/1/4005 2315/1/4006 2290/1/4007
f 2290/1/4007 2292/1/4008 2316/1/4005
f 2293/1/4009 2317/1/4010 2310/1/4011
f 2310/1/4011 2291/1/4012 2293/1/4009
f 2294/1/4013 2318/1/4014 2316/1/4015
f 2316/1/4015 2292/1/4016 2294/1/4013
f 2317/1/4017 2293/1/4018 2295/1/4017
f 2295/1/4017 2319/1/4019 2317/1/4017
f 2296/1/4020 2320/1/4021 2318/1/4022
f 2318/1/4022 2294/1/4023 2296/1/4020
f 2297/1/4024 2321/1/4025 2319/1/4026
f 2319/1/4026 2295/1/4027 2297/1/4024
f 2322/1/4028 2320/1/4029 2296/1/4029
f 2296/1/4029 2298/1/4030 2322/1/4028
f 2282/1/4031 2299/1/4032 2323/1/4033
f 2323/1/4033 2324/1/4034 2282/1/4031
f 2300/1/4035 2325/1/4036 2321/1/4037
f 2321/1/4037 2297/1/4038 2300/1/4035
f 2301/1/4039 2326/1/4040 2322/1/4039
f 2322/1/4039 2298/1/4041 2301/1/4039
f 2302/1/4042 2327/1/4043 2323/1/4044
f 2323/1/4044 2299/1/4042 2302/1/4042
f 2328/1/4045 2325/1/4046 2300/1/4046
f 2300/1/4046 2303/1/4047 2328/1/4045
f 2304/1/4048 2329/1/4048 2326/1/4048
f 2326/1/4048 2301/1/4048 2304/1/4048
f 2305/1/4049 2330/1/4050 2327/1/4051
f 2327/1/4051 2302/1/4051 2305/1/4049
f 2306/1/4052 2331/1/4053 2328/1/4054
f 2328/1/4054 2303/1/4055 2306/1/4052
f 2329/1/4056 2304/1/4057 2245/1/4056
f 2245/1/4056 2332/1/4058 2329/1/4056
f 2280/1/4059 2333/1/4060 2330/1/4061
f 2330/1/4061 2305/1/4062 2280/1/4059
f 2281/1/4063 2334/1/4064 2331/1/4065
f 2331/1/4065 2306/1/4066 2281/1/4063
f 2244/1/4067 2335/1/4068 2332/1/4068
f 2332/1/4068 2245/1/4068 2244/1/4067
f 2333/1/4069 2280/1/4070 2279/1/4069
f 2279/1/4069 2336/1/4071 2333/1/4069
f 2324/1/4072 2334/1/4073 2281/1/4074
f 2281/1/4074 2282/1/4075 2324/1/4072
f 2283/1/4076 2337/1/4077 2335/1/4078
f 2335/1/4078 2244/1/4079 2283/1/4076
f 2284/1/4080 2338/1/4081 2336/1/4082
f 2336/1/4082 2279/1/4083 2284/1/4080
f 2337/1/4084 2283/1/4084 2278/1/4085
f 2278/1/4085 2277/1/4086 2337/1/4084
f 2285/1/4087 2311/1/4088 2338/1/4089
f 2338/1/4089 2284/1/4090 2285/1/4087
f 2339/1/4091 2340/1/4091 2341/1/4091
f 2341/1/4091 2342/1/4091 2339/1/4091
f 2316/1/4092 2343/1/4093 2344/1/4093
f 2344/1/4093 2315/1/4094 2316/1/4092
f 2317/1/4095 2345/1/3579 2307/1/4096
f 2307/1/4096 2310/1/4097 2317/1/4095
f 2346/1/4098 2343/1/4098 2316/1/4098
f 2316/1/4098 2318/1/4098 2346/1/4098
f 2319/1/4099 2342/1/4099 2345/1/4099
f 2345/1/4099 2317/1/4099 2319/1/4099
f 2320/1/4100 2347/1/4101 2346/1/4100
f 2346/1/4100 2318/1/4100 2320/1/4100
f 2339/1/4102 2342/1/4103 2319/1/4102
f 2319/1/4102 2321/1/4102 2339/1/4102
f 2322/1/4104 2348/1/4104 2347/1/4104
f 2347/1/4104 2320/1/4104 2322/1/4104
f 2324/1/3875 2323/1/3875 2349/1/4105
f 2349/1/4105 2350/1/4106 2324/1/3875
f 2325/1/4107 2351/1/4107 2339/1/4107
f 2339/1/4107 2321/1/3877 2325/1/4107
f 2352/1/3704 2348/1/4108 2322/1/4109
f 2322/1/4109 2326/1/4110 2352/1/3704
f 2349/1/3804 2323/1/4111 2327/1/4112
f 2327/1/4112 2353/1/4113 2349/1/3804
f 2328/1/4114 2354/1/4114 2351/1/4114
f 2351/1/4114 2325/1/4114 2328/1/4114
f 2329/1/4115 2355/1/4116 2352/1/4115
f 2352/1/4115 2326/1/4115 2329/1/4115
f 2353/1/3810 2327/1/4117 2330/1/4118
f 2330/1/4118 2356/1/3810 2353/1/3810
f 2357/1/3522 2354/1/4119 2328/1/4120
f 2328/1/4120 2331/1/4120 2357/1/3522
f 2332/1/4121 2358/1/4122 2355/1/4123
f 2355/1/4123 2329/1/4122 2332/1/4121
f 2333/1/4124 2359/1/3815 2356/1/4124
f 2356/1/4124 2330/1/4124 2333/1/4124
f 2334/1/4125 2360/1/4126 2357/1/4125
f 2357/1/4125 2331/1/4125 2334/1/4125
f 2361/1/4127 2358/1/4128 2332/1/4127
f 2332/1/4127 2335/1/4127 2361/1/4127
f 2336/1/4129 2362/1/4130 2359/1/4129
f 2359/1/4129 2333/1/4131 2336/1/4129
f 2350/1/4132 2360/1/4133 2334/1/4134
f 2334/1/4134 2324/1/4134 2350/1/4132
f 2337/1/3826 2363/1/4135 2361/1/4135
f 2361/1/4135 2335/1/4136 2337/1/3826
f 2362/1/4137 2336/1/4138 2338/1/4138
f 2338/1/4138 2364/1/4139 2362/1/4137
f 2277/1/3551 2365/1/3549 2363/1/3551
f 2363/1/3551 2337/1/4140 2277/1/3551
f 2311/1/3834 2366/1/4141 2364/1/4142
f 2364/1/4142 2338/1/4143 2311/1/3834
f 2367/1/4144 2365/1/4144 2277/1/4144
f 2277/1/4144 2276/1/4144 2367/1/4144
f 2312/1/4145 2368/1/4146 2366/1/4147
f 2366/1/4147 2311/1/4147 2312/1/4145
f 2313/1/3840 2369/1/4148 2367/1/3840
f 2367/1/3840 2276/1/3840 2313/1/3840
f 2370/1/3844 2368/1/3844 2312/1/4149
f 2312/1/4149 2314/1/4150 2370/1/3844
f 2309/1/4151 2308/1/4151 2369/1/4151
f 2369/1/4151 2313/1/4151 2309/1/4151
f 2315/1/4152 2344/1/4153 2370/1/4154
f 2370/1/4154 2314/1/4155 2315/1/4152
f 2371/1/4156 2372/1/4157 2373/1/4156
f 2373/1/4156 2374/1/4158 2371/1/4156
f 2348/1/4159 2375/1/4159 2376/1/4159
f 2376/1/4159 2347/1/4159 2348/1/4159
f 2377/1/4160 2378/1/4160 2350/1/4160
f 2350/1/4160 2349/1/4160 2377/1/4160
f 2379/1/4161 2340/1/4161 2339/1/4162
f 2339/1/4162 2351/1/4161 2379/1/4161
f 2352/1/4163 2380/1/4163 2375/1/4163
f 2375/1/4163 2348/1/4163 2352/1/4163
f 2353/1/4164 2381/1/4165 2377/1/4166
f 2377/1/4166 2349/1/4165 2353/1/4164
f 2354/1/4167 2382/1/4167 2379/1/4167
f 2379/1/4167 2351/1/4167 2354/1/4167
f 2383/1/4168 2380/1/4168 2352/1/4169
f 2352/1/4169 2355/1/4168 2383/1/4168
f 2356/1/4170 2384/1/4171 2381/1/4172
f 2381/1/4172 2353/1/4171 2356/1/4170
f 2357/1/4173 2385/1/4174 2382/1/4174
f 2382/1/4174 2354/1/4174 2357/1/4173
f 2358/1/4175 2386/1/4176 2383/1/4176
f 2383/1/4176 2355/1/4176 2358/1/4175
f 2387/1/4177 2384/1/4178 2356/1/4179
f 2356/1/4179 2359/1/4178 2387/1/4177
f 2385/1/4180 2357/1/4180 2360/1/4180
f 2360/1/4180 2388/1/4180 2385/1/4180
f 2361/1/4181 2389/1/4181 2386/1/4181
f 2386/1/4181 2358/1/4181 2361/1/4181
f 2362/1/4182 2390/1/4182 2387/1/4183
f 2387/1/4183 2359/1/4182 2362/1/4182
f 2378/1/4184 2388/1/4184 2360/1/4184
f 2360/1/4184 2350/1/4184 2378/1/4184
f 2389/1/4185 2361/1/4186 2363/1/4186
f 2363/1/4186 2391/1/4186 2389/1/4185
f 2364/1/4187 2392/1/4188 2390/1/4189
f 2390/1/4189 2362/1/4188 2364/1/4187
f 2365/1/4190 2393/1/4190 2391/1/4190
f 2391/1/4190 2363/1/4190 2365/1/4190
f 2394/1/4191 2392/1/4192 2364/1/4192
f 2364/1/4192 2366/1/4192 2394/1/4191
f 2367/1/4193 2395/1/4193 2393/1/4193
f 2393/1/4193 2365/1/4193 2367/1/4193
f 2368/1/4194 2396/1/4195 2394/1/4196
f 2394/1/4196 2366/1/4195 2368/1/4194
f 2373/1/4197 2395/1/4198 2367/1/4198
f 2367/1/4198 2369/1/4197 2373/1/4197
f 2370/1/4199 2397/1/4200 2396/1/4201
f 2396/1/4201 2368/1/4200 2370/1/4199
f 2308/1/4202 2374/1/4202 2373/1/4203
f 2373/1/4203 2369/1/4202 2308/1/4202
f 2397/1/4204 2370/1/4204 2344/1/4204
f 2344/1/4204 2398/1/4204 2397/1/4204
f 2307/1/4205 2399/1/4206 2374/1/4207
f 2374/1/4207 2308/1/4208 2307/1/4205
f 2343/1/4209 2400/1/4209 2398/1/4210
f 2398/1/4210 2344/1/4209 2343/1/4209
f 2399/1/4211 2307/1/4212 2345/1/4213
f 2345/1/4213 2401/1/4214 2399/1/4211
f 2346/1/4215 2402/1/4215 2400/1/4216
f 2400/1/4216 2343/1/4215 2346/1/4215
f 2342/1/4217 2341/1/4217 2401/1/4217
f 2401/1/4217 2345/1/4217 2342/1/4217
f 2376/1/4218 2402/1/4219 2346/1/4219
f 2346/1/4219 2347/1/4219 2376/1/4218
f 2403/1/4220 2404/1/4220 2405/1/4220
f 2405/1/4220 2406/1/4220 2403/1/4220
f 2398/1/4221 2407/1/4222 2408/1/4221
f 2408/1/4221 2397/1/4223 2398/1/4221
f 2399/1/4224 2409/1/4225 2371/1/4224
f 2371/1/4224 2374/1/4226 2399/1/4224
f 2410/1/4227 2407/1/4228 2398/1/4227
f 2398/1/4227 2400/1/4229 2410/1/4227
f 2401/1/4230 2406/1/4231 2409/1/4232
f 2409/1/4232 2399/1/4230 2401/1/4230
f 2402/1/4233 2411/1/4234 2410/1/4235
f 2410/1/4235 2400/1/4236 2402/1/4233
f 2406/1/4237 2401/1/4238 2341/1/4239
f 2341/1/4239 2403/1/4240 2406/1/4237
f 2376/1/4241 2412/1/4242 2411/1/4243
f 2411/1/4243 2402/1/4244 2376/1/4241
f 2340/1/4245 2413/1/4246 2403/1/4247
f 2403/1/4247 2341/1/4248 2340/1/4245
f 2412/1/4249 2376/1/4250 2375/1/4251
f 2375/1/4251 2414/1/4250 2412/1/4249
f 2378/1/4252 2377/1/4253 2415/1/4252
f 2415/1/4252 2416/1/4254 2378/1/4252
f 2379/1/4255 2417/1/4255 2413/1/4255
f 2413/1/4255 2340/1/4256 2379/1/4255
f 2380/1/4257 2418/1/4258 2414/1/4259
f 2414/1/4259 2375/1/4260 2380/1/4257
f 2381/1/4261 2419/1/4262 2415/1/4261
f 2415/1/4261 2377/1/4263 2381/1/4261
f 2420/1/4264 2417/1/4265 2379/1/4266
f 2379/1/4266 2382/1/4266 2420/1/4264
f 2383/1/4267 2421/1/4268 2418/1/4267
f 2418/1/4267 2380/1/4269 2383/1/4267
f 2384/1/4270 2422/1/4271 2419/1/4272
f 2419/1/4272 2381/1/4273 2384/1/4270
f 2385/1/4274 2423/1/4275 2420/1/4276
f 2420/1/4276 2382/1/4277 2385/1/4274
f 2424/1/4278 2421/1/4279 2383/1/4280
f 2383/1/4280 2386/1/4281 2424/1/4278
f 2387/1/4282 2425/1/4283 2422/1/4284
f 2422/1/4284 2384/1/4285 2387/1/4282
f 2388/1/4286 2426/1/4287 2423/1/4288
f 2423/1/4288 2385/1/4286 2388/1/4286
f 2389/1/4289 2427/1/4290 2424/1/4291
f 2424/1/4291 2386/1/4291 2389/1/4289
f 2425/1/4292 2387/1/4293 2390/1/4292
f 2390/1/4292 2428/1/4293 2425/1/4292
f 2416/1/4294 2426/1/4295 2388/1/4296
f 2388/1/4296 2378/1/4297 2416/1/4294
f 2391/1/4298 2429/1/4299 2427/1/4300
f 2427/1/4300 2389/1/4301 2391/1/4298
f 2392/1/4302 2430/1/4302 2428/1/4302
f 2428/1/4302 2390/1/4303 2392/1/4302
f 2429/1/4304 2391/1/4305 2393/1/4306
f 2393/1/4306 2431/1/4304 2429/1/4304
f 2394/1/4307 2432/1/4308 2430/1/4309
f 2430/1/4309 2392/1/4310 2394/1/4307
f 2395/1/4311 2433/1/4312 2431/1/4313
f 2431/1/4313 2393/1/4314 2395/1/4311
f 2434/1/4315 2432/1/4316 2394/1/4317
f 2394/1/4317 2396/1/4318 2434/1/4315
f 2373/1/4319 2372/1/4320 2433/1/4321
f 2433/1/4321 2395/1/4322 2373/1/4319
f 2397/1/4323 2408/1/4324 2434/1/4325
f 2434/1/4325 2396/1/4326 2397/1/4323
f 2435/1/4327 2436/1/4327 2437/1/4327
f 2437/1/4327 2438/1/4327 2435/1/4327
f 2412/1/4328 2439/1/4329 2440/1/4330
f 2440/1/4330 2411/1/4331 2412/1/4328
f 2403/1/4332 2413/1/4333 2441/1/4334
f 2441/1/4334 2404/1/4335 2403/1/4332
f 2414/1/4336 2442/1/4337 2439/1/4338
f 2439/1/4338 2412/1/4339 2414/1/4336
f 2416/1/4340 2415/1/4340 2443/1/4340
f 2443/1/4340 2444/1/4341 2416/1/4340
f 2441/1/4342 2413/1/4342 2417/1/4343
f 2417/1/4343 2436/1/4344 2441/1/4342
f 2414/1/4345 2418/1/4345 2445/1/4346
f 2445/1/4346 2442/1/4347 2414/1/4345
f 2443/1/4348 2415/1/4349 2419/1/4348
f 2419/1/4348 2446/1/4350 2443/1/4348
f 2420/1/4351 2437/1/4352 2436/1/4353
f 2436/1/4353 2417/1/4354 2420/1/4351
f 2445/1/4355 2418/1/4355 2421/1/4355
f 2421/1/4355 2447/1/4355 2445/1/4355
f 2446/1/4356 2419/1/4357 2422/1/4358
f 2422/1/4358 2448/1/4359 2446/1/4356
f 2420/1/4360 2423/1/4361 2449/1/4362
f 2449/1/4362 2437/1/4363 2420/1/4360
f 2424/1/4364 2450/1/4365 2447/1/4365
f 2447/1/4365 2421/1/4364 2424/1/4364
f 2425/1/4366 2451/1/4366 2448/1/4366
f 2448/1/4366 2422/1/4366 2425/1/4366
f 2449/1/4367 2423/1/4368 2426/1/4368
f 2426/1/4368 2452/1/4369 2449/1/4367
f 2424/1/4370 2427/1/4371 2453/1/4370
f 2453/1/4370 2450/1/4372 2424/1/4370
f 2428/1/4373 2454/1/4374 2451/1/4374
f 2451/1/4374 2425/1/4375 2428/1/4373
f 2426/1/4376 2416/1/4376 2444/1/4377
f 2444/1/4377 2452/1/4377 2426/1/4376
f 2453/1/4378 2427/1/4379 2429/1/4380
f 2429/1/4380 2455/1/4381 2453/1/4378
f 2454/1/4382 2428/1/4383 2430/1/4383
f 2430/1/4383 2456/1/4384 2454/1/4382
f 2431/1/4385 2457/1/4386 2455/1/4387
f 2455/1/4387 2429/1/4388 2431/1/4385
f 2432/1/4389 2458/1/4389 2456/1/4389
f 2456/1/4389 2430/1/4389 2432/1/4389
f 2431/1/4390 2433/1/4391 2459/1/4392
f 2459/1/4392 2457/1/4393 2431/1/4390
f 2434/1/4394 2460/1/4395 2458/1/4396
f 2458/1/4396 2432/1/4397 2434/1/4394
f 2459/1/4398 2433/1/4399 2372/1/4400
f 2372/1/4400 2461/1/4401 2459/1/4398
f 2434/1/4402 2408/1/4403 2462/1/4404
f 2462/1/4404 2460/1/4405 2434/1/4402
f 2371/1/4406 2463/1/4406 2461/1/4406
f 2461/1/4406 2372/1/4406 2371/1/4406
f 2462/1/4407 2408/1/4408 2407/1/4407
f 2407/1/4407 2464/1/4407 2462/1/4407
f 2371/1/4409 2409/1/4410 2465/1/4411
f 2465/1/4411 2463/1/4412 2371/1/4409
f 2466/1/4413 2464/1/4413 2407/1/4414
f 2407/1/4414 2410/1/4415 2466/1/4413
f 2465/1/4416 2409/1/4417 2406/1/4418
f 2406/1/4418 2405/1/4419 2465/1/4416
f 2466/1/4420 2410/1/4421 2411/1/4422
f 2411/1/4422 2440/1/4423 2466/1/4420
f 2467/1/4424 2468/1/4425 2469/1/4425
f 2469/1/4425 2470/1/4424 2467/1/4424
f 2447/1/4426 2471/1/4426 2472/1/4426
f 2472/1/4426 2445/1/4426 2447/1/4426
f 2448/1/4427 2473/1/4428 2474/1/4428
f 2474/1/4428 2446/1/4428 2448/1/4427
f 2449/1/4429 2475/1/4430 2438/1/4430
f 2438/1/4430 2437/1/4430 2449/1/4429
f 2471/1/4431 2447/1/4431 2450/1/4431
f 2450/1/4431 2476/1/4431 2471/1/4431
f 2448/1/4432 2451/1/4433 2477/1/4433
f 2477/1/4433 2473/1/4433 2448/1/4432
f 2452/1/4434 2469/1/4434 2475/1/4434
f 2475/1/4434 2449/1/4434 2452/1/4434
f 2453/1/4435 2478/1/4435 2476/1/4435
f 2476/1/4435 2450/1/4435 2453/1/4435
f 2477/1/4436 2451/1/4437 2454/1/4438
f 2454/1/4438 2479/1/4437 2477/1/4436
f 2470/1/4439 2469/1/4439 2452/1/4439
f 2452/1/4439 2444/1/4439 2470/1/4439
f 2455/1/4440 2480/1/4440 2478/1/4440
f 2478/1/4440 2453/1/4440 2455/1/4440
f 2456/1/4441 2481/1/4442 2479/1/4443
f 2479/1/4443 2454/1/4442 2456/1/4441
f 2480/1/4444 2455/1/4445 2457/1/4445
f 2457/1/4445 2482/1/4444 2480/1/4444
f 2456/1/4446 2458/1/4447 2483/1/4446
f 2483/1/4446 2481/1/4447 2456/1/4446
f 2459/1/4448 2484/1/4448 2482/1/4448
f 2482/1/4448 2457/1/4448 2459/1/4448
f 2483/1/4449 2458/1/4450 2460/1/4451
f 2460/1/4451 2485/1/4450 2483/1/4449
f 2461/1/4452 2486/1/4453 2484/1/4453
f 2484/1/4453 2459/1/4453 2461/1/4452
f 2462/1/4454 2487/1/4455 2485/1/4456
f 2485/1/4456 2460/1/4455 2462/1/4454
f 2486/1/4457 2461/1/4457 2463/1/4457
f 2463/1/4457 2488/1/4457 2486/1/4457
f 2464/1/4458 2489/1/4459 2487/1/4460
f 2487/1/4460 2462/1/4459 2464/1/4458
f 2465/1/4461 2490/1/4462 2488/1/4463
f 2488/1/4463 2463/1/4464 2465/1/4461
f 2464/1/4465 2466/1/4466 2491/1/4466
f 2491/1/4466 2489/1/4466 2464/1/4465
f 2405/1/4467 2492/1/4468 2490/1/4469
f 2490/1/4469 2465/1/4470 2405/1/4467
f 2493/1/4471 2491/1/4472 2466/1/4473
f 2466/1/4473 2440/1/4474 2493/1/4471
f 2492/1/4475 2405/1/4475 2404/1/4475
f 2404/1/4475 2494/1/4475 2492/1/4475
f 2493/1/4476 2440/1/4476 2439/1/4477
f 2439/1/4477 2495/1/4476 2493/1/4476
f 2441/1/4478 2496/1/4479 2494/1/4479
f 2494/1/4479 2404/1/4479 2441/1/4478
f 2495/1/4480 2439/1/4480 2442/1/4480
f 2442/1/4480 2497/1/4480 2495/1/4480
f 2443/1/4481 2498/1/4482 2470/1/4482
f 2470/1/4482 2444/1/4482 2443/1/4481
f 2436/1/4483 2435/1/4483 2496/1/4483
f 2496/1/4483 2441/1/4483 2436/1/4483
f 2445/1/4484 2472/1/4484 2497/1/4484
f 2497/1/4484 2442/1/4484 2445/1/4484
f 2498/1/4485 2443/1/4485 2446/1/4486
f 2446/1/4486 2474/1/4485 2498/1/4485
f 2499/1/4487 2500/1/4488 2501/1/4489
f 2501/1/4489 2502/1/4490 2499/1/4487
f 2480/1/4491 2503/1/4492 2504/1/4493
f 2504/1/4493 2478/1/4494 2480/1/4491
f 2505/1/4495 2479/1/4496 2481/1/4497
f 2481/1/4497 2506/1/4497 2505/1/4495
f 2482/1/4498 2507/1/4499 2503/1/4500
f 2503/1/4500 2480/1/4501 2482/1/4498
f 2483/1/4502 2508/1/4503 2506/1/4504
f 2506/1/4504 2481/1/4505 2483/1/4502
f 2507/1/4506 2482/1/4507 2484/1/4508
f 2484/1/4508 2502/1/4509 2507/1/4506
f 2485/1/4510 2509/1/4511 2508/1/4512
f 2508/1/4512 2483/1/4512 2485/1/4510
f 2486/1/4513 2499/1/4513 2502/1/4513
f 2502/1/4513 2484/1/4514 2486/1/4513
f 2509/1/4515 2485/1/4516 2487/1/4515
f 2487/1/4515 2510/1/4515 2509/1/4515
f 2488/1/4517 2511/1/4517 2499/1/4517
f 2499/1/4517 2486/1/4518 2488/1/4517
f 2489/1/4519 2512/1/4520 2510/1/4521
f 2510/1/4521 2487/1/4522 2489/1/4519
f 2511/1/4523 2488/1/4524 2490/1/4525
f 2490/1/4525 2513/1/4526 2511/1/4523
f 2491/1/4527 2514/1/4528 2512/1/4529
f 2512/1/4529 2489/1/4530 2491/1/4527
f 2492/1/4531 2515/1/4532 2513/1/4533
f 2513/1/4533 2490/1/4534 2492/1/4531
f 2514/1/4535 2491/1/4536 2493/1/4537
f 2493/1/4537 2516/1/4538 2514/1/4535
f 2494/1/4539 2517/1/4540 2515/1/4541
f 2515/1/4541 2492/1/4542 2494/1/4539
f 2495/1/4543 2518/1/4544 2516/1/4543
f 2516/1/4543 2493/1/4545 2495/1/4543
f 2517/1/4546 2494/1/4547 2496/1/4548
f 2496/1/4548 2519/1/4549 2517/1/4546
f 2497/1/4550 2520/1/4551 2518/1/4552
f 2518/1/4552 2495/1/4553 2497/1/4550
f 2470/1/4554 2498/1/4555 2521/1/4556
f 2521/1/4556 2467/1/4557 2470/1/4554
f 2435/1/4558 2522/1/4559 2519/1/4560
f 2519/1/4560 2496/1/4561 2435/1/4558
f 2520/1/4562 2497/1/4563 2472/1/4564
f 2472/1/4564 2523/1/4565 2520/1/4562
f 2474/1/4566 2524/1/4567 2521/1/4568
f 2521/1/4568 2498/1/4569 2474/1/4566
f 2438/1/4570 2525/1/4571 2522/1/4572
f 2522/1/4572 2435/1/4573 2438/1/4570
f 2471/1/4574 2526/1/4575 2523/1/4576
f 2523/1/4576 2472/1/4577 2471/1/4574
f 2524/1/4578 2474/1/4579 2473/1/4580
f 2473/1/4580 2527/1/4579 2524/1/4578
f 2525/1/4581 2438/1/4582 2475/1/4583
f 2475/1/4583 2528/1/4584 2525/1/4581
f 2476/1/4585 2529/1/4586 2526/1/4587
f 2526/1/4587 2471/1/4588 2476/1/4585
f 2477/1/4589 2530/1/4590 2527/1/4589
f 2527/1/4589 2473/1/4591 2477/1/4589
f 2469/1/4592 2468/1/4593 2528/1/4594
f 2528/1/4594 2475/1/4595 2469/1/4592
f 2529/1/4596 2476/1/4596 2478/1/4596
f 2478/1/4596 2504/1/4597 2529/1/4596
f 2479/1/4598 2505/1/4599 2530/1/4600
f 2530/1/4600 2477/1/4598 2479/1/4598
f 2531/1/4601 2532/1/4602 2533/1/4602
f 2533/1/4602 2534/1/4602 2531/1/4601
f 2535/1/4603 2536/1/4604 2509/1/4605
f 2509/1/4605 2510/1/4606 2535/1/4603
f 2511/1/4607 2537/1/4607 2500/1/4607
f 2500/1/4607 2499/1/4608 2511/1/4607
f 2512/1/4609 2538/1/4610 2535/1/4611
f 2535/1/4611 2510/1/4612 2512/1/4609
f 2532/1/4613 2537/1/4614 2511/1/4615
f 2511/1/4615 2513/1/4614 2532/1/4613
f 2514/1/4616 2539/1/4617 2538/1/4618
f 2538/1/4618 2512/1/4619 2514/1/4616
f 2515/1/4620 2533/1/4621 2532/1/4621
f 2532/1/4621 2513/1/4622 2515/1/4620
f 2540/1/4623 2539/1/4624 2514/1/4625
f 2514/1/4625 2516/1/4625 2540/1/4623
f 2517/1/4626 2541/1/4626 2533/1/4627
f 2533/1/4627 2515/1/4628 2517/1/4626
f 2518/1/4629 2542/1/4629 2540/1/4629
f 2540/1/4629 2516/1/4629 2518/1/4629
f 2543/1/4630 2541/1/4631 2517/1/4632
f 2517/1/4632 2519/1/4633 2543/1/4630
f 2520/1/4634 2544/1/4634 2542/1/4635
f 2542/1/4635 2518/1/4636 2520/1/4634
f 2545/1/4637 2467/1/4638 2521/1/4638
f 2521/1/4638 2546/1/4639 2545/1/4637
f 2522/1/4640 2547/1/4641 2543/1/4641
f 2543/1/4641 2519/1/4642 2522/1/4640
f 2548/1/4643 2544/1/4644 2520/1/4643
f 2520/1/4643 2523/1/4643 2548/1/4643
f 2546/1/4645 2521/1/4646 2524/1/4647
f 2524/1/4647 2549/1/4648 2546/1/4645
f 2525/1/4649 2550/1/4650 2547/1/4649
f 2547/1/4649 2522/1/4649 2525/1/4649
f 2526/1/4651 2551/1/4652 2548/1/4651
f 2548/1/4651 2523/1/4653 2526/1/4651
f 2527/1/4654 2552/1/4655 2549/1/4656
f 2549/1/4656 2524/1/4657 2527/1/4654
f 2553/1/4658 2550/1/4659 2525/1/4660
f 2525/1/4660 2528/1/4661 2553/1/4658
f 2529/1/4662 2554/1/4662 2551/1/4662
f 2551/1/4662 2526/1/4663 2529/1/4662
f 2552/1/4664 2527/1/4664 2530/1/4664
f 2530/1/4664 2555/1/4664 2552/1/4664
f 2468/1/4665 2556/1/4665 2553/1/4665
f 2553/1/4665 2528/1/4666 2468/1/4665
f 2557/1/4667 2554/1/4668 2529/1/4669
f 2529/1/4669 2504/1/4670 2557/1/4667
f 2505/1/4671 2558/1/4672 2555/1/4671
f 2555/1/4671 2530/1/4673 2505/1/4671
f 2545/1/4674 2556/1/4674 2468/1/4675
f 2468/1/4675 2467/1/4676 2545/1/4674
f 2503/1/4677 2559/1/4678 2557/1/4677
f 2557/1/4677 2504/1/4679 2503/1/4677
f 2506/1/4680 2560/1/4681 2558/1/4682
f 2558/1/4682 2505/1/4680 2506/1/4680
f 2507/1/4683 2561/1/4684 2559/1/4685
f 2559/1/4685 2503/1/4686 2507/1/4683
f 2560/1/4687 2506/1/4688 2508/1/4689
f 2508/1/4689 2562/1/4688 2560/1/4687
f 2501/1/4690 2561/1/4691 2507/1/4690
f 2507/1/4690 2502/1/4690 2501/1/4690
f 2509/1/4692 2536/1/4693 2562/1/4694
f 2562/1/4694 2508/1/4695 2509/1/4692
f 2563/1/4696 2564/1/4697 2565/1/4697
f 2565/1/4697 2566/1/4698 2563/1/4696
f 2540/1/4699 2567/1/4699 2568/1/4699
f 2568/1/4699 2539/1/4699 2540/1/4699
f 2541/1/4700 2569/1/4701 2534/1/4701
f 2534/1/4701 2533/1/4701 2541/1/4700
f 2570/1/4702 2567/1/4702 2540/1/4703
f 2540/1/4703 2542/1/4702 2570/1/4702
f 2543/1/4704 2571/1/4704 2569/1/4704
f 2569/1/4704 2541/1/4704 2543/1/4704
f 2544/1/4705 2572/1/4706 2570/1/4706
f 2570/1/4706 2542/1/4706 2544/1/4705
f 2564/1/4707 2563/1/4707 2545/1/4707
f 2545/1/4707 2546/1/4707 2564/1/4707
f 2573/1/4708 2571/1/4708 2543/1/4708
f 2543/1/4708 2547/1/4708 2573/1/4708
f 2548/1/4709 2574/1/4709 2572/1/4709
f 2572/1/4709 2544/1/4709 2548/1/4709
f 2549/1/4710 2575/1/4711 2564/1/4711
f 2564/1/4711 2546/1/4711 2549/1/4710
f 2550/1/4712 2576/1/4712 2573/1/4712
f 2573/1/4712 2547/1/4712 2550/1/4712
f 2577/1/4713 2574/1/4713 2548/1/4714
f 2548/1/4714 2551/1/4713 2577/1/4713
f 2552/1/4715 2578/1/4716 2575/1/4716
f 2575/1/4716 2549/1/4716 2552/1/4715
f 2553/1/4717 2579/1/4717 2576/1/4717
f 2576/1/4717 2550/1/4717 2553/1/4717
f 2554/1/4718 2580/1/4718 2577/1/4718
f 2577/1/4718 2551/1/4718 2554/1/4718
f 2581/1/4719 2578/1/4719 2552/1/4719
f 2552/1/4719 2555/1/4719 2581/1/4719
f 2582/1/4720 2579/1/4720 2553/1/4720
f 2553/1/4720 2556/1/4720 2582/1/4720
f 2557/1/4721 2583/1/4722 2580/1/4722
f 2580/1/4722 2554/1/4722 2557/1/4721
f 2558/1/4723 2584/1/4723 2581/1/4723
f 2581/1/4723 2555/1/4723 2558/1/4723
f 2582/1/4724 2556/1/4724 2545/1/4724
f 2545/1/4724 2563/1/4724 2582/1/4724
f 2583/1/4725 2557/1/4725 2559/1/4725
f 2559/1/4725 2585/1/4725 2583/1/4725
f 2560/1/4726 2586/1/4727 2584/1/4728
f 2584/1/4728 2558/1/4727 2560/1/4726
f 2561/1/4729 2587/1/4729 2585/1/4729
f 2585/1/4729 2559/1/4729 2561/1/4729
f 2588/1/4730 2586/1/4731 2560/1/4731
f 2560/1/4731 2562/1/4731 2588/1/4730
f 2501/1/4732 2589/1/4732 2587/1/4732
f 2587/1/4732 2561/1/4732 2501/1/4732
f 2536/1/4733 2590/1/4733 2588/1/4734
f 2588/1/4734 2562/1/4733 2536/1/4733
f 2589/1/4735 2501/1/4735 2500/1/4735
f 2500/1/4735 2591/1/4735 2589/1/4735
f 2535/1/4736 2592/1/4737 2590/1/4736
f 2590/1/4736 2536/1/4737 2535/1/4736
f 2537/1/4738 2593/1/4738 2591/1/4738
f 2591/1/4738 2500/1/4738 2537/1/4738
f 2594/1/4739 2592/1/4740 2535/1/4740
f 2535/1/4740 2538/1/4740 2594/1/4739
f 2532/1/4741 2531/1/4742 2593/1/4743
f 2593/1/4743 2537/1/4742 2532/1/4741
f 2539/1/4744 2568/1/4745 2594/1/4746
f 2594/1/4746 2538/1/4745 2539/1/4744
f 2595/1/4747 2596/1/4747 2597/1/4747
f 2597/1/4747 2598/1/4748 2595/1/4747
f 2573/1/4749 2599/1/4750 2600/1/4751
f 2600/1/4751 2571/1/4752 2573/1/4749
f 2574/1/4753 2601/1/4754 2602/1/4755
f 2602/1/4755 2572/1/4756 2574/1/4753
f 2575/1/4757 2603/1/4758 2565/1/4759
f 2565/1/4759 2564/1/4760 2575/1/4757
f 2604/1/4761 2599/1/4762 2573/1/4761
f 2573/1/4761 2576/1/4763 2604/1/4761
f 2577/1/4764 2605/1/4765 2601/1/4764
f 2601/1/4764 2574/1/4766 2577/1/4764
f 2578/1/4767 2598/1/4768 2603/1/4768
f 2603/1/4768 2575/1/4767 2578/1/4767
f 2579/1/4769 2606/1/4770 2604/1/4771
f 2604/1/4771 2576/1/4772 2579/1/4769
f 2605/1/4773 2577/1/4774 2580/1/4775
f 2580/1/4775 2607/1/4776 2605/1/4773
f 2581/1/4777 2595/1/4777 2598/1/4778
f 2598/1/4778 2578/1/4779 2581/1/4777
f 2582/1/4780 2608/1/4781 2606/1/4782
f 2606/1/4782 2579/1/4783 2582/1/4780
f 2583/1/4784 2609/1/4785 2607/1/4786
f 2607/1/4786 2580/1/4787 2583/1/4784
f 2595/1/4788 2581/1/4789 2584/1/4790
f 2584/1/4790 2610/1/4791 2595/1/4788
f 2608/1/4792 2582/1/4793 2563/1/4794
f 2563/1/4794 2566/1/4795 2608/1/4792
f 2585/1/4796 2611/1/4797 2609/1/4798
f 2609/1/4798 2583/1/4799 2585/1/4796
f 2586/1/4800 2612/1/4801 2610/1/4802
f 2610/1/4802 2584/1/4803 2586/1/4800
f 2613/1/4804 2611/1/4805 2585/1/4806
f 2585/1/4806 2587/1/4807 2613/1/4804
f 2588/1/4808 2614/1/4809 2612/1/4808
f 2612/1/4808 2586/1/4810 2588/1/4808
f 2589/1/4811 2615/1/4812 2613/1/4813
f 2613/1/4813 2587/1/4812 2589/1/4811
f 2616/1/4814 2614/1/4815 2588/1/4816
f 2588/1/4816 2590/1/4817 2616/1/4814
f 2591/1/4818 2617/1/4819 2615/1/4820
f 2615/1/4820 2589/1/4821 2591/1/4818
f 2592/1/4822 2618/1/4823 2616/1/4824
f 2616/1/4824 2590/1/4825 2592/1/4822
f 2617/1/4826 2591/1/4827 2593/1/4827
f 2593/1/4827 2619/1/4828 2617/1/4826
f 2594/1/4829 2620/1/4830 2618/1/4831
f 2618/1/4831 2592/1/4832 2594/1/4829
f 2531/1/4833 2621/1/4834 2619/1/4835
f 2619/1/4835 2593/1/4836 2531/1/4833
f 2622/1/4837 2620/1/4838 2594/1/4839
f 2594/1/4839 2568/1/4840 2622/1/4837
f 2534/1/4841 2623/1/4842 2621/1/4843
f 2621/1/4843 2531/1/4844 2534/1/4841
f 2567/1/4845 2624/1/4846 2622/1/4847
f 2622/1/4847 2568/1/4848 2567/1/4845
f 2625/1/4849 2623/1/4850 2534/1/4851
f 2534/1/4851 2569/1/4851 2625/1/4849
f 2570/1/4852 2626/1/4852 2624/1/4853
f 2624/1/4853 2567/1/4854 2570/1/4852
f 2571/1/4855 2600/1/4856 2625/1/4857
f 2625/1/4857 2569/1/4858 2571/1/4855
f 2626/1/4859 2570/1/4860 2572/1/4860
f 2572/1/4860 2602/1/4859 2626/1/4859
f 2627/1/4861 2628/1/4862 2629/1/4863
f 2629/1/4863 2630/1/4862 2627/1/4861
f 2608/1/4864 2631/1/4865 2632/1/4864
f 2632/1/4864 2606/1/4866 2608/1/4864
f 2633/1/4867 2634/1/4868 2607/1/4867
f 2607/1/4867 2609/1/4869 2633/1/4867
f 2610/1/4870 2635/1/4871 2596/1/4872
f 2596/1/4872 2595/1/4873 2610/1/4870
f 2636/1/4874 2631/1/4875 2608/1/4876
f 2608/1/4876 2566/1/4877 2636/1/4874
f 2611/1/4878 2637/1/4878 2633/1/4878
f 2633/1/4878 2609/1/4878 2611/1/4878
f 2635/1/4879 2610/1/4880 2612/1/4881
f 2612/1/4881 2629/1/4882 2635/1/4879
f 2613/1/4883 2638/1/4884 2637/1/4884
f 2637/1/4884 2611/1/4885 2613/1/4883
f 2614/1/4886 2630/1/4887 2629/1/4888
f 2629/1/4888 2612/1/4889 2614/1/4886
f 2639/1/4890 2638/1/4891 2613/1/4892
f 2613/1/4892 2615/1/4893 2639/1/4890
f 2616/1/4894 2640/1/4895 2630/1/4896
f 2630/1/4896 2614/1/4897 2616/1/4894
f 2617/1/4898 2641/1/4898 2639/1/4898
f 2639/1/4898 2615/1/4898 2617/1/4898
f 2642/1/4899 2640/1/4900 2616/1/4901
f 2616/1/4901 2618/1/4902 2642/1/4899
f 2619/1/4903 2643/1/4904 2641/1/4905
f 2641/1/4905 2617/1/4906 2619/1/4903
f 2620/1/4907 2644/1/4907 2642/1/4908
f 2642/1/4908 2618/1/4909 2620/1/4907
f 2645/1/4910 2643/1/4911 2619/1/4912
f 2619/1/4912 2621/1/4913 2645/1/4910
f 2622/1/4914 2646/1/4915 2644/1/4916
f 2644/1/4916 2620/1/4917 2622/1/4914
f 2623/1/4918 2647/1/4919 2645/1/4920
f 2645/1/4920 2621/1/4921 2623/1/4918
f 2648/1/4922 2646/1/4923 2622/1/4924
f 2622/1/4924 2624/1/4925 2648/1/4922
f 2625/1/4926 2649/1/4927 2647/1/4928
f 2647/1/4928 2623/1/4929 2625/1/4926
f 2626/1/4930 2650/1/4931 2648/1/4932
f 2648/1/4932 2624/1/4933 2626/1/4930
f 2651/1/4934 2649/1/4935 2625/1/4936
f 2625/1/4936 2600/1/4936 2651/1/4934
f 2602/1/4937 2652/1/4938 2650/1/4939
f 2650/1/4939 2626/1/4940 2602/1/4937
f 2566/1/4941 2565/1/4942 2653/1/4943
f 2653/1/4943 2636/1/4943 2566/1/4941
f 2599/1/4944 2654/1/4945 2651/1/4946
f 2651/1/4946 2600/1/4947 2599/1/4944
f 2655/1/4948 2652/1/4949 2602/1/4950
f 2602/1/4950 2601/1/4951 2655/1/4948
f 2656/1/4952 2653/1/4953 2565/1/4954
f 2565/1/4954 2603/1/4955 2656/1/4952
f 2604/1/4956 2657/1/4957 2654/1/4958
f 2654/1/4958 2599/1/4959 2604/1/4956
f 2605/1/4960 2658/1/4961 2655/1/4961
f 2655/1/4961 2601/1/4962 2605/1/4960
f 2597/1/4963 2656/1/4964 2603/1/4965
f 2603/1/4965 2598/1/4966 2597/1/4963
f 2632/1/4967 2657/1/4968 2604/1/4967
f 2604/1/4967 2606/1/4967 2632/1/4967
f 2607/1/4969 2634/1/4970 2658/1/4969
f 2658/1/4969 2605/1/4971 2607/1/4969
f 2659/1/4972 2660/1/4973 2661/1/4974
f 2661/1/4974 2662/1/4975 2659/1/4972
f 2639/1/4976 2663/1/4976 2664/1/4976
f 2664/1/4976 2638/1/4976 2639/1/4976
f 2640/1/4977 2665/1/4977 2627/1/4978
f 2627/1/4978 2630/1/4977 2640/1/4977
f 2663/1/4979 2639/1/4980 2641/1/4981
f 2641/1/4981 2666/1/4980 2663/1/4979
f 2642/1/4982 2662/1/4983 2665/1/4983
f 2665/1/4983 2640/1/4983 2642/1/4982
f 2643/1/4984 2667/1/4985 2666/1/4986
f 2666/1/4986 2641/1/4985 2643/1/4984
f 2659/1/4987 2662/1/4988 2642/1/4988
f 2642/1/4988 2644/1/4988 2659/1/4987
f 2645/1/4989 2668/1/4990 2667/1/4991
f 2667/1/4991 2643/1/4992 2645/1/4989
f 2646/1/4993 2669/1/4993 2659/1/4994
f 2659/1/4994 2644/1/4993 2646/1/4993
f 2670/1/4995 2668/1/4996 2645/1/4997
f 2645/1/4997 2647/1/4996 2670/1/4995
f 2648/1/4998 2671/1/4998 2669/1/4998
f 2669/1/4998 2646/1/4998 2648/1/4998
f 2649/1/4999 2672/1/5000 2670/1/5001
f 2670/1/5001 2647/1/5000 2649/1/4999
f 2673/1/5002 2671/1/5002 2648/1/5002
f 2648/1/5002 2650/1/5002 2673/1/5002
f 2651/1/5003 2674/1/5004 2672/1/5005
f 2672/1/5005 2649/1/5004 2651/1/5003
f 2652/1/5006 2675/1/5007 2673/1/5008
f 2673/1/5008 2650/1/5007 2652/1/5006
f 2676/1/5009 2677/1/5010 2636/1/5010
f 2636/1/5010 2653/1/5010 2676/1/5009
f 2678/1/5011 2674/1/5011 2651/1/5012
f 2651/1/5012 2654/1/5011 2678/1/5011
f 2655/1/5013 2679/1/5013 2675/1/5014
f 2675/1/5014 2652/1/5013 2655/1/5013
f 2656/1/5015 2680/1/5015 2676/1/5015
f 2676/1/5015 2653/1/5015 2656/1/5015
f 2657/1/5016 2681/1/5016 2678/1/5016
f 2678/1/5016 2654/1/5016 2657/1/5016
f 2679/1/5017 2655/1/5018 2658/1/5018
f 2658/1/5018 2682/1/5018 2679/1/5017
f 2597/1/5019 2683/1/5019 2680/1/5019
f 2680/1/5019 2656/1/5019 2597/1/5019
f 2632/1/5020 2684/1/5021 2681/1/5022
f 2681/1/5022 2657/1/5021 2632/1/5020
f 2634/1/5023 2685/1/5023 2682/1/5023
f 2682/1/5023 2658/1/5023 2634/1/5023
f 2686/1/5024 2683/1/5024 2597/1/5024
f 2597/1/5024 2596/1/5024 2686/1/5024
f 2687/1/5025 2684/1/5026 2632/1/5026
f 2632/1/5026 2631/1/5026 2687/1/5025
f 2633/1/5027 2688/1/5028 2685/1/5029
f 2685/1/5029 2634/1/5028 2633/1/5027
f 2635/1/5030 2689/1/5031 2686/1/5032
f 2686/1/5032 2596/1/5031 2635/1/5030
f 2677/1/5033 2687/1/5033 2631/1/5033
f 2631/1/5033 2636/1/5033 2677/1/5033
f 2688/1/5034 2633/1/5035 2637/1/5036
f 2637/1/5036 2690/1/5035 2688/1/5034
f 2629/1/5037 2628/1/5038 2689/1/5038
f 2689/1/5038 2635/1/5038 2629/1/5037
f 2638/1/5039 2664/1/5039 2690/1/5040
f 2690/1/5040 2637/1/5039 2638/1/5039
f 2691/1/5041 2692/1/5042 2693/1/5043
f 2693/1/5043 2694/1/5044 2691/1/5041
f 2668/1/5045 2695/1/5046 2696/1/5047
f 2696/1/5047 2667/1/5048 2668/1/5045
f 2697/1/5049 2660/1/5050 2659/1/5051
f 2659/1/5051 2669/1/5049 2697/1/5049
f 2670/1/5052 2698/1/5053 2695/1/5054
f 2695/1/5054 2668/1/5055 2670/1/5052
f 2671/1/5056 2694/1/5057 2697/1/5058
f 2697/1/5058 2669/1/5059 2671/1/5056
f 2698/1/5060 2670/1/5061 2672/1/5062
f 2672/1/5062 2699/1/5063 2698/1/5060
f 2673/1/5064 2691/1/5065 2694/1/5066
f 2694/1/5066 2671/1/5067 2673/1/5064
f 2674/1/5068 2700/1/5068 2699/1/5069
f 2699/1/5069 2672/1/5070 2674/1/5068
f 2691/1/5071 2673/1/5071 2675/1/5072
f 2675/1/5072 2701/1/5073 2691/1/5071
f 2677/1/5074 2676/1/5075 2702/1/5074
f 2702/1/5074 2703/1/5075 2677/1/5074
f 2678/1/5076 2704/1/5077 2700/1/5078
f 2700/1/5078 2674/1/5079 2678/1/5076
f 2679/1/5080 2705/1/5080 2701/1/5081
f 2701/1/5081 2675/1/5080 2679/1/5080
f 2680/1/5082 2706/1/5083 2702/1/5082
f 2702/1/5082 2676/1/5084 2680/1/5082
f 2707/1/5085 2704/1/5085 2678/1/5085
f 2678/1/5085 2681/1/5086 2707/1/5085
f 2682/1/5087 2708/1/5087 2705/1/5088
f 2705/1/5088 2679/1/5089 2682/1/5087
f 2683/1/5090 2709/1/5091 2706/1/5092
f 2706/1/5092 2680/1/5090 2683/1/5090
f 2684/1/5093 2710/1/5094 2707/1/5093
f 2707/1/5093 2681/1/5095 2684/1/5093
f 2711/1/5096 2708/1/5097 2682/1/5098
f 2682/1/5098 2685/1/5099 2711/1/5096
f 2686/1/5100 2712/1/5101 2709/1/5100
f 2709/1/5100 2683/1/5102 2686/1/5100
f 2687/1/5103 2713/1/5104 2710/1/5105
f 2710/1/5105 2684/1/5106 2687/1/5103
f 2688/1/5107 2714/1/5108 2711/1/5107
f 2711/1/5107 2685/1/5109 2688/1/5107
f 2712/1/5110 2686/1/5111 2689/1/5112
f 2689/1/5112 2715/1/5113 2712/1/5110
f 2703/1/5114 2713/1/5115 2687/1/5116
f 2687/1/5116 2677/1/5117 2703/1/5114
f 2690/1/5118 2716/1/5119 2714/1/5118
f 2714/1/5118 2688/1/5120 2690/1/5118
f 2628/1/5121 2717/1/5122 2715/1/5123
f 2715/1/5123 2689/1/5124 2628/1/5121
f 2718/1/5125 2716/1/5126 2690/1/5127
f 2690/1/5127 2664/1/5128 2718/1/5125
f 2627/1/5129 2719/1/5130 2717/1/5131
f 2717/1/5131 2628/1/5132 2627/1/5129
f 2663/1/5133 2720/1/5134 2718/1/5135
f 2718/1/5135 2664/1/5136 2663/1/5133
f 2721/1/5137 2719/1/5138 2627/1/5137
f 2627/1/5137 2665/1/5137 2721/1/5137
f 2666/1/5139 2722/1/5140 2720/1/5141
f 2720/1/5141 2663/1/5142 2666/1/5139
f 2662/1/5143 2661/1/5144 2721/1/5143
f 2721/1/5143 2665/1/5143 2662/1/5143
f 2722/1/5145 2666/1/5146 2667/1/5147
f 2667/1/5147 2696/1/5148 2722/1/5145
f 2723/1/5149 2724/1/5150 2725/1/5151
f 2725/1/5151 2726/1/5150 2723/1/5149
f 2699/1/5152 2700/1/5152 2727/1/5152
f 2727/1/5152 2728/1/5152 2699/1/5152
f 2701/1/5153 2729/1/5154 2692/1/5155
f 2692/1/5155 2691/1/5153 2701/1/5153
f 2703/1/5156 2702/1/5156 2730/1/5157
f 2730/1/5157 2731/1/5157 2703/1/5156
f 2727/1/5158 2700/1/5158 2704/1/5158
f 2704/1/5158 2732/1/5158 2727/1/5158
f 2701/1/5159 2705/1/5160 2726/1/5161
f 2726/1/5161 2729/1/5162 2701/1/5159
f 2730/1/5163 2702/1/5164 2706/1/5165
f 2706/1/5165 2733/1/5166 2730/1/5163
f 2707/1/5167 2734/1/5168 2732/1/5169
f 2732/1/5169 2704/1/5170 2707/1/5167
f 2726/1/5171 2705/1/5172 2708/1/5171
f 2708/1/5171 2723/1/5173 2726/1/5171
f 2735/1/5174 2733/1/5175 2706/1/5176
f 2706/1/5176 2709/1/5176 2735/1/5174
f 2707/1/5177 2710/1/5178 2736/1/5179
f 2736/1/5179 2734/1/5177 2707/1/5177
f 2711/1/5180 2737/1/5180 2723/1/5180
f 2723/1/5180 2708/1/5180 2711/1/5180
f 2712/1/5181 2738/1/5182 2735/1/5183
f 2735/1/5183 2709/1/5183 2712/1/5181
f 2736/1/5184 2710/1/5185 2713/1/5186
f 2713/1/5186 2739/1/5187 2736/1/5184
f 2711/1/5188 2714/1/5189 2740/1/5190
f 2740/1/5190 2737/1/5191 2711/1/5188
f 2715/1/5192 2741/1/5193 2738/1/5192
f 2738/1/5192 2712/1/5193 2715/1/5192
f 2713/1/5194 2703/1/5194 2731/1/5195
f 2731/1/5195 2739/1/5196 2713/1/5194
f 2740/1/5197 2714/1/5198 2716/1/5199
f 2716/1/5199 2742/1/5200 2740/1/5197
f 2743/1/5201 2741/1/5202 2715/1/5201
f 2715/1/5201 2717/1/5203 2743/1/5201
f 2718/1/5204 2744/1/5205 2742/1/5205
f 2742/1/5205 2716/1/5206 2718/1/5204
f 2719/1/5207 2745/1/5208 2743/1/5209
f 2743/1/5209 2717/1/5209 2719/1/5207
f 2718/1/5210 2720/1/5210 2746/1/5211
f 2746/1/5211 2744/1/5212 2718/1/5210
f 2721/1/5213 2747/1/5214 2745/1/5215
f 2745/1/5215 2719/1/5214 2721/1/5213
f 2746/1/5216 2720/1/5217 2722/1/5218
f 2722/1/5218 2748/1/5219 2746/1/5216
f 2721/1/5220 2661/1/5220 2749/1/5221
f 2749/1/5221 2747/1/5222 2721/1/5220
f 2696/1/5223 2750/1/5223 2748/1/5223
f 2748/1/5223 2722/1/5223 2696/1/5223
f 2749/1/5224 2661/1/5225 2660/1/5226
f 2660/1/5226 2751/1/5224 2749/1/5224
f 2696/1/5227 2695/1/5228 2752/1/5229
f 2752/1/5229 2750/1/5230 2696/1/5227
f 2753/1/5231 2751/1/5231 2660/1/5231
f 2660/1/5231 2697/1/5232 2753/1/5231
f 2752/1/5233 2695/1/5234 2698/1/5235
f 2698/1/5235 2754/1/5236 2752/1/5233
f 2753/1/5237 2697/1/5237 2694/1/5237
f 2694/1/5237 2693/1/5237 2753/1/5237
f 2699/1/5238 2728/1/5239 2754/1/5240
f 2754/1/5240 2698/1/5240 2699/1/5238
f 2755/1/5241 2756/1/5241 2757/1/5241
f 2757/1/5241 2758/1/5241 2755/1/5241
f 2735/1/5242 2759/1/5242 2760/1/5242
f 2760/1/5242 2733/1/5242 2735/1/5242
f 2736/1/5243 2761/1/5243 2762/1/5243
f 2762/1/5243 2734/1/5243 2736/1/5243
f 2724/1/5244 2723/1/5244 2737/1/5244
f 2737/1/5244 2763/1/5244 2724/1/5244
f 2735/1/5245 2738/1/5245 2764/1/5245
f 2764/1/5245 2759/1/5245 2735/1/5245
f 2739/1/5246 2765/1/5246 2761/1/5246
f 2761/1/5246 2736/1/5246 2739/1/5246
f 2740/1/5247 2758/1/5248 2763/1/5248
f 2763/1/5248 2737/1/5248 2740/1/5247
f 2764/1/5249 2738/1/5249 2741/1/5249
f 2741/1/5249 2766/1/5249 2764/1/5249
f 2767/1/5250 2765/1/5250 2739/1/5250
f 2739/1/5250 2731/1/5250 2767/1/5250
f 2742/1/5251 2755/1/5251 2758/1/5251
f 2758/1/5251 2740/1/5251 2742/1/5251
f 2743/1/5252 2768/1/5252 2766/1/5252
f 2766/1/5252 2741/1/5252 2743/1/5252
f 2755/1/5253 2742/1/5253 2744/1/5253
f 2744/1/5253 2769/1/5253 2755/1/5253
f 2743/1/5254 2745/1/5254 2770/1/5254
f 2770/1/5254 2768/1/5254 2743/1/5254
f 2746/1/5255 2771/1/5255 2769/1/5255
f 2769/1/5255 2744/1/5255 2746/1/5255
f 2770/1/5256 2745/1/5256 2747/1/5257
f 2747/1/5257 2772/1/5256 2770/1/5256
f 2748/1/5258 2773/1/5258 2771/1/5258
f 2771/1/5258 2746/1/5258 2748/1/5258
f 2749/1/5259 2774/1/5260 2772/1/5260
f 2772/1/5260 2747/1/5260 2749/1/5259
f 2773/1/5261 2748/1/5261 2750/1/5261
f 2750/1/5261 2775/1/5261 2773/1/5261
f 2751/1/5262 2776/1/5262 2774/1/5262
f 2774/1/5262 2749/1/5262 2751/1/5262
f 2752/1/5263 2777/1/5264 2775/1/5265
f 2775/1/5265 2750/1/5263 2752/1/5263
f 2751/1/5266 2753/1/5266 2778/1/5266
f 2778/1/5266 2776/1/5266 2751/1/5266
f 2754/1/5267 2779/1/5268 2777/1/5269
f 2777/1/5269 2752/1/5270 2754/1/5267
f 2780/1/5271 2778/1/5271 2753/1/5271
f 2753/1/5271 2693/1/5271 2780/1/5271
f 2779/1/5272 2754/1/5272 2728/1/5272
f 2728/1/5272 2781/1/5272 2779/1/5272
f 2780/1/5273 2693/1/5273 2692/1/5273
f 2692/1/5273 2782/1/5273 2780/1/5273
f 2727/1/5274 2783/1/5274 2781/1/5274
f 2781/1/5274 2728/1/5274 2727/1/5274
f 2782/1/5275 2692/1/5275 2729/1/5275
f 2729/1/5275 2784/1/5275 2782/1/5275
f 2730/1/5276 2785/1/5276 2767/1/5277
f 2767/1/5277 2731/1/5276 2730/1/5276
f 2732/1/5278 2786/1/5278 2783/1/5278
f 2783/1/5278 2727/1/5278 2732/1/5278
f 2726/1/5279 2725/1/5279 2784/1/5279
f 2784/1/5279 2729/1/5279 2726/1/5279
f 2785/1/5280 2730/1/5280 2733/1/5280
f 2733/1/5280 2760/1/5280 2785/1/5280
f 2786/1/5281 2732/1/5281 2734/1/5281
f 2734/1/5281 2762/1/5281 2786/1/5281
f 2787/1/5282 2788/1/5282 2789/1/5282
f 2789/1/5282 2790/1/5282 2787/1/5282
f 2791/1/5283 2766/1/5284 2768/1/5285
f 2768/1/5285 2792/1/5286 2791/1/5283
f 2769/1/5287 2793/1/5288 2756/1/5288
f 2756/1/5288 2755/1/5288 2769/1/5287
f 2770/1/5289 2794/1/5290 2792/1/5291
f 2792/1/5291 2768/1/5292 2770/1/5289
f 2793/1/5293 2769/1/5294 2771/1/5295
f 2771/1/5295 2790/1/5296 2793/1/5293
f 2772/1/5297 2795/1/5298 2794/1/5299
f 2794/1/5299 2770/1/5299 2772/1/5297
f 2773/1/5300 2787/1/5301 2790/1/5300
f 2790/1/5300 2771/1/5301 2773/1/5300
f 2795/1/5302 2772/1/5302 2774/1/5303
f 2774/1/5303 2796/1/5304 2795/1/5302
f 2775/1/5305 2797/1/5306 2787/1/5307
f 2787/1/5307 2773/1/5307 2775/1/5305
f 2776/1/5308 2798/1/5309 2796/1/5310
f 2796/1/5310 2774/1/5311 2776/1/5308
f 2797/1/5312 2775/1/5313 2777/1/5313
f 2777/1/5313 2799/1/5314 2797/1/5312
f 2778/1/5315 2800/1/5315 2798/1/5316
f 2798/1/5316 2776/1/5316 2778/1/5315
f 2779/1/5317 2801/1/5318 2799/1/5319
f 2799/1/5319 2777/1/5320 2779/1/5317
f 2800/1/5321 2778/1/5321 2780/1/5321
f 2780/1/5321 2802/1/5321 2800/1/5321
f 2781/1/5322 2803/1/5322 2801/1/5323
f 2801/1/5323 2779/1/5322 2781/1/5322
f 2782/1/5324 2804/1/5325 2802/1/5326
f 2802/1/5326 2780/1/5327 2782/1/5324
f 2803/1/5328 2781/1/5329 2783/1/5330
f 2783/1/5330 2805/1/5331 2803/1/5328
f 2784/1/5332 2806/1/5333 2804/1/5334
f 2804/1/5334 2782/1/5335 2784/1/5332
f 2767/1/5336 2785/1/5337 2807/1/5336
f 2807/1/5336 2808/1/5338 2767/1/5336
f 2786/1/5339 2809/1/5340 2805/1/5341
f 2805/1/5341 2783/1/5342 2786/1/5339
f 2806/1/5343 2784/1/5344 2725/1/5345
f 2725/1/5345 2810/1/5346 2806/1/5343
f 2760/1/5347 2811/1/5347 2807/1/5348
f 2807/1/5348 2785/1/5349 2760/1/5347
f 2762/1/5350 2812/1/5350 2809/1/5351
f 2809/1/5351 2786/1/5352 2762/1/5350
f 2724/1/5353 2813/1/5354 2810/1/5355
f 2810/1/5355 2725/1/5356 2724/1/5353
f 2811/1/5357 2760/1/5358 2759/1/5358
f 2759/1/5358 2814/1/5358 2811/1/5357
f 2812/1/5359 2762/1/5359 2761/1/5360
f 2761/1/5360 2815/1/5361 2812/1/5359
f 2763/1/5362 2816/1/5363 2813/1/5364
f 2813/1/5364 2724/1/5362 2763/1/5362
f 2764/1/5365 2817/1/5366 2814/1/5367
f 2814/1/5367 2759/1/5368 2764/1/5365
f 2765/1/5369 2818/1/5370 2815/1/5371
f 2815/1/5371 2761/1/5372 2765/1/5369
f 2816/1/5373 2763/1/5374 2758/1/5375
f 2758/1/5375 2757/1/5376 2816/1/5373
f 2766/1/5377 2791/1/5378 2817/1/5377
f 2817/1/5377 2764/1/5377 2766/1/5377
f 2808/1/5379 2818/1/5380 2765/1/5379
f 2765/1/5379 2767/1/5381 2808/1/5379
f 2819/1/5382 2820/1/5383 2821/1/5384
f 2821/1/5384 2822/1/5383 2819/1/5382
f 2796/1/5385 2823/1/5386 2824/1/5385
f 2824/1/5385 2795/1/5385 2796/1/5385
f 2797/1/5387 2825/1/5388 2788/1/5388
f 2788/1/5388 2787/1/5387 2797/1/5387
f 2798/1/5389 2826/1/5390 2823/1/5389
f 2823/1/5389 2796/1/5391 2798/1/5389
f 2799/1/5392 2822/1/5393 2825/1/5394
f 2825/1/5394 2797/1/5394 2799/1/5392
f 2827/1/5395 2826/1/5395 2798/1/5395
f 2798/1/5395 2800/1/5395 2827/1/5395
f 2801/1/5396 2819/1/5397 2822/1/5398
f 2822/1/5398 2799/1/5399 2801/1/5396
f 2802/1/5400 2828/1/5400 2827/1/5401
f 2827/1/5401 2800/1/5402 2802/1/5400
f 2829/1/5403 2819/1/5404 2801/1/5405
f 2801/1/5405 2803/1/5403 2829/1/5403
f 2828/1/5406 2802/1/5406 2804/1/5406
f 2804/1/5406 2830/1/5407 2828/1/5406
f 2831/1/5408 2829/1/5408 2803/1/5408
f 2803/1/5408 2805/1/5408 2831/1/5408
f 2806/1/5409 2832/1/5409 2830/1/5410
f 2830/1/5410 2804/1/5411 2806/1/5409
f 2833/1/5412 2808/1/5413 2807/1/5414
f 2807/1/5414 2834/1/5413 2833/1/5412
f 2835/1/5415 2831/1/5415 2805/1/5415
f 2805/1/5415 2809/1/5415 2835/1/5415
f 2810/1/5416 2836/1/5417 2832/1/5416
f 2832/1/5416 2806/1/5418 2810/1/5416
f 2834/1/5419 2807/1/5419 2811/1/5419
f 2811/1/5419 2837/1/5419 2834/1/5419
f 2835/1/5420 2809/1/5421 2812/1/5420
f 2812/1/5420 2838/1/5422 2835/1/5420
f 2813/1/5423 2839/1/5423 2836/1/5423
f 2836/1/5423 2810/1/5424 2813/1/5423
f 2814/1/5425 2840/1/5426 2837/1/5425
f 2837/1/5425 2811/1/5427 2814/1/5425
f 2815/1/5428 2841/1/5429 2838/1/5430
f 2838/1/5430 2812/1/5431 2815/1/5428
f 2816/1/5432 2842/1/5433 2839/1/5432
f 2839/1/5432 2813/1/5432 2816/1/5432
f 2840/1/5434 2814/1/5434 2817/1/5434
f 2817/1/5434 2843/1/5434 2840/1/5434
f 2818/1/5435 2844/1/5435 2841/1/5435
f 2841/1/5435 2815/1/5435 2818/1/5435
f 2757/1/5436 2845/1/5436 2842/1/5437
f 2842/1/5437 2816/1/5438 2757/1/5436
f 2791/1/5439 2846/1/5439 2843/1/5439
f 2843/1/5439 2817/1/5439 2791/1/5439
f 2833/1/5440 2844/1/5441 2818/1/5442
f 2818/1/5442 2808/1/5440 2833/1/5440
f 2756/1/5443 2847/1/5443 2845/1/5443
f 2845/1/5443 2757/1/5443 2756/1/5443
f 2792/1/5444 2848/1/5444 2846/1/5444
f 2846/1/5444 2791/1/5444 2792/1/5444
f 2793/1/5445 2849/1/5445 2847/1/5445
f 2847/1/5445 2756/1/5446 2793/1/5445
f 2848/1/5447 2792/1/5448 2794/1/5449
f 2794/1/5449 2850/1/5447 2848/1/5447
f 2790/1/5450 2789/1/5450 2849/1/5450
f 2849/1/5450 2793/1/5450 2790/1/5450
f 2824/1/5451 2850/1/5451 2794/1/5451
f 2794/1/5451 2795/1/5452 2824/1/5451
f 2851/1/5453 2852/1/5454 2853/1/5455
f 2853/1/5455 2854/1/5454 2851/1/5453
f 2855/1/5456 2856/1/5456 2827/1/5456
f 2827/1/5456 2828/1/5456 2855/1/5456
f 2857/1/5457 2820/1/5458 2819/1/5459
f 2819/1/5459 2829/1/5458 2857/1/5457
f 2830/1/5460 2858/1/5460 2855/1/5460
f 2855/1/5460 2828/1/5460 2830/1/5460
f 2859/1/5461 2857/1/5462 2829/1/5463
f 2829/1/5463 2831/1/5462 2859/1/5461
f 2832/1/5464 2860/1/5464 2858/1/5464
f 2858/1/5464 2830/1/5464 2832/1/5464
f 2833/1/5465 2834/1/5465 2861/1/5465
f 2861/1/5465 2862/1/5465 2833/1/5465
f 2835/1/5466 2863/1/5466 2859/1/5467
f 2859/1/5467 2831/1/5466 2835/1/5466
f 2860/1/5468 2832/1/5468 2836/1/5468
f 2836/1/5468 2864/1/5468 2860/1/5468
f 2837/1/5469 2865/1/5469 2861/1/5469
f 2861/1/5469 2834/1/5469 2837/1/5469
f 2863/1/5470 2835/1/5471 2838/1/5472
f 2838/1/5472 2866/1/5471 2863/1/5470
f 2839/1/5473 2867/1/5473 2864/1/5473
f 2864/1/5473 2836/1/5473 2839/1/5473
f 2840/1/5474 2868/1/5474 2865/1/5474
f 2865/1/5474 2837/1/5474 2840/1/5474
f 2869/1/5475 2866/1/5476 2838/1/5477
f 2838/1/5477 2841/1/5476 2869/1/5475
f 2870/1/5478 2867/1/5478 2839/1/5478
f 2839/1/5478 2842/1/5478 2870/1/5478
f 2843/1/5479 2871/1/5479 2868/1/5479
f 2868/1/5479 2840/1/5479 2843/1/5479
f 2844/1/5480 2872/1/5480 2869/1/5481
f 2869/1/5481 2841/1/5480 2844/1/5480
f 2870/1/5482 2842/1/5483 2845/1/5484
f 2845/1/5484 2853/1/5484 2870/1/5482
f 2846/1/5485 2873/1/5485 2871/1/5485
f 2871/1/5485 2843/1/5485 2846/1/5485
f 2862/1/5486 2872/1/5486 2844/1/5486
f 2844/1/5486 2833/1/5486 2862/1/5486
f 2847/1/5487 2854/1/5487 2853/1/5488
f 2853/1/5488 2845/1/5487 2847/1/5487
f 2873/1/5489 2846/1/5489 2848/1/5489
f 2848/1/5489 2874/1/5489 2873/1/5489
f 2854/1/5490 2847/1/5491 2849/1/5492
f 2849/1/5492 2875/1/5491 2854/1/5490
f 2850/1/5493 2876/1/5493 2874/1/5494
f 2874/1/5494 2848/1/5494 2850/1/5493
f 2875/1/5495 2849/1/5496 2789/1/5497
f 2789/1/5497 2877/1/5496 2875/1/5495
f 2878/1/5498 2876/1/5498 2850/1/5498
f 2850/1/5498 2824/1/5498 2878/1/5498
f 2879/1/5499 2877/1/5500 2789/1/5500
f 2789/1/5500 2788/1/5500 2879/1/5499
f 2880/1/5501 2878/1/5501 2824/1/5502
f 2824/1/5502 2823/1/5501 2880/1/5501
f 2825/1/5503 2881/1/5504 2879/1/5505
f 2879/1/5505 2788/1/5504 2825/1/5503
f 2826/1/5506 2882/1/5506 2880/1/5506
f 2880/1/5506 2823/1/5506 2826/1/5506
f 2881/1/5507 2825/1/5508 2822/1/5509
f 2822/1/5509 2821/1/5510 2881/1/5507
f 2826/1/5511 2827/1/5511 2856/1/5511
f 2856/1/5511 2882/1/5511 2826/1/5511
f 2883/1/5512 2884/1/5512 2885/1/5512
f 2885/1/5512 2886/1/5512 2883/1/5512
f 2873/1/5513 2874/1/5513 2887/1/5513
f 2887/1/5513 2888/1/5514 2873/1/5513
f 2875/1/5515 2889/1/5516 2851/1/5517
f 2851/1/5517 2854/1/5516 2875/1/5515
f 2890/1/5518 2887/1/5519 2874/1/5520
f 2874/1/5520 2876/1/5521 2890/1/5518
f 2877/1/5522 2883/1/5522 2889/1/5522
f 2889/1/5522 2875/1/5522 2877/1/5522
f 2878/1/5523 2891/1/5524 2890/1/5525
f 2890/1/5525 2876/1/5526 2878/1/5523
f 2883/1/5527 2877/1/5527 2879/1/5528
f 2879/1/5528 2884/1/5529 2883/1/5527
f 2880/1/5530 2892/1/5531 2891/1/5532
f 2891/1/5532 2878/1/5533 2880/1/5530
f 2881/1/5534 2893/1/5535 2884/1/5536
f 2884/1/5536 2879/1/5537 2881/1/5534
f 2880/1/5538 2882/1/5539 2894/1/5540
f 2894/1/5540 2892/1/5541 2880/1/5538
f 2881/1/5542 2821/1/5543 2895/1/5544
f 2895/1/5544 2893/1/5545 2881/1/5542
f 2856/1/5546 2896/1/5547 2894/1/5548
f 2894/1/5548 2882/1/5548 2856/1/5546
f 2897/1/5549 2895/1/5550 2821/1/5551
f 2821/1/5551 2820/1/5552 2897/1/5549
f 2898/1/5553 2896/1/5554 2856/1/5555
f 2856/1/5555 2855/1/5556 2898/1/5553
f 2897/1/5557 2820/1/5557 2857/1/5557
f 2857/1/5557 2899/1/5558 2897/1/5557
f 2900/1/5559 2898/1/5560 2855/1/5561
f 2855/1/5561 2858/1/5562 2900/1/5559
f 2859/1/5563 2901/1/5563 2899/1/5564
f 2899/1/5564 2857/1/5565 2859/1/5563
f 2858/1/5566 2860/1/5567 2902/1/5566
f 2902/1/5566 2900/1/5568 2858/1/5566
f 2903/1/5569 2904/1/5570 2862/1/5571
f 2862/1/5571 2861/1/5570 2903/1/5569
f 2859/1/5572 2863/1/5572 2905/1/5572
f 2905/1/5572 2901/1/5572 2859/1/5572
f 2902/1/5573 2860/1/5574 2864/1/5575
f 2864/1/5575 2906/1/5576 2902/1/5573
f 2903/1/5577 2861/1/5577 2865/1/5577
f 2865/1/5577 2907/1/5578 2903/1/5577
f 2866/1/5579 2908/1/5579 2905/1/5580
f 2905/1/5580 2863/1/5579 2866/1/5579
f 2864/1/5581 2867/1/5582 2909/1/5583
f 2909/1/5583 2906/1/5584 2864/1/5581
f 2865/1/5585 2868/1/5586 2910/1/5587
f 2910/1/5587 2907/1/5588 2865/1/5585
f 2911/1/5589 2908/1/5590 2866/1/5591
f 2866/1/5591 2869/1/5592 2911/1/5589
f 2870/1/5593 2912/1/5594 2909/1/5595
f 2909/1/5595 2867/1/5596 2870/1/5593
f 2913/1/5597 2910/1/5598 2868/1/5598
f 2868/1/5598 2871/1/5597 2913/1/5597
f 2914/1/5599 2911/1/5600 2869/1/5601
f 2869/1/5601 2872/1/5602 2914/1/5599
f 2912/1/5603 2870/1/5604 2853/1/5604
f 2853/1/5604 2852/1/5605 2912/1/5603
f 2873/1/5606 2888/1/5607 2913/1/5608
f 2913/1/5608 2871/1/5609 2873/1/5606
f 2872/1/5610 2862/1/5611 2904/1/5612
f 2904/1/5612 2914/1/5613 2872/1/5610
f 2915/1/5614 2916/1/5614 2917/1/5615
f 2917/1/5615 2918/1/5614 2919/1/5616
f 2917/1/5615 2919/1/5616 2920/1/5617
f 2915/1/5614 2917/1/5615 2920/1/5617
f 2921/1/5614 2922/1/5614 2923/1/5618
f 2920/1/5617 2921/1/5614 2923/1/5618
f 2923/1/5618 2924/1/5614 2925/1/5619
f 2923/1/5618 2925/1/5619 2926/1/5620
f 2920/1/5617 2923/1/5618 2926/1/5620
f 2920/1/5617 2926/1/5620 2927/1/5621
f 2920/1/5617 2927/1/5621 2928/1/5622
f 2929/1/5614 2930/1/5614 2931/1/5623
f 2928/1/5622 2929/1/5614 2931/1/5623
f 2928/1/5622 2931/1/5623 2932/1/5614
f 2928/1/5622 2932/1/5614 2933/1/5624
f 2920/1/5617 2928/1/5622 2933/1/5624
f 2920/1/5617 2933/1/5624 2934/1/5625
f 2886/1/5626 2885/1/5614 2935/1/5627
f 2934/1/5625 2886/1/5626 2935/1/5627
f 2934/1/5625 2935/1/5627 2936/1/5628
f 2934/1/5625 2936/1/5628 2937/1/5614
f 2920/1/5617 2934/1/5625 2937/1/5614
f 2920/1/5617 2937/1/5614 2938/1/5629
f 2939/1/5616 2940/1/5614 2941/1/5614
f 2938/1/5629 2939/1/5616 2941/1/5614
f 2938/1/5629 2941/1/5614 2942/1/5630
f 2920/1/5617 2938/1/5629 2942/1/5630
f 2920/1/5617 2942/1/5630 2943/1/5631
f 2920/1/5617 2943/1/5631 2944/1/5632
f 2915/1/5614 2920/1/5617 2944/1/5632
f 2923/1/5633 2922/1/5634 2891/1/5633
f 2891/1/5633 2892/1/5635 2923/1/5633
f 2935/1/5636 2885/1/5636 2884/1/5636
f 2884/1/5636 2893/1/5636 2935/1/5636
f 2892/1/5637 2894/1/5637 2924/1/5637
f 2924/1/5637 2923/1/5637 2892/1/5637
f 2895/1/5638 2936/1/5639 2935/1/5638
f 2935/1/5638 2893/1/5638 2895/1/5638
f 2925/1/5640 2924/1/5640 2894/1/5640
f 2894/1/5640 2896/1/5641 2925/1/5640
f 2897/1/5642 2937/1/5643 2936/1/5642
f 2936/1/5642 2895/1/5643 2897/1/5642
f 2898/1/5644 2926/1/5645 2925/1/5646
f 2925/1/5646 2896/1/5647 2898/1/5644
f 2937/1/5648 2897/1/5648 2899/1/5648
f 2899/1/5648 2938/1/5648 2937/1/5648
f 2900/1/5649 2927/1/5650 2926/1/5651
f 2926/1/5651 2898/1/5652 2900/1/5649
f 2938/1/5653 2899/1/5654 2901/1/5653
f 2901/1/5653 2939/1/5653 2938/1/5653
f 2927/1/5655 2900/1/5656 2902/1/5657
f 2902/1/5657 2928/1/5657 2927/1/5655
f 2915/1/5658 2944/1/5658 2904/1/5659
f 2904/1/5659 2903/1/5658 2915/1/5658
f 2901/1/5660 2905/1/5660 2940/1/5660
f 2940/1/5660 2939/1/5660 2901/1/5660
f 2929/1/5661 2928/1/5662 2902/1/5661
f 2902/1/5661 2906/1/5663 2929/1/5661
f 2916/1/5664 2915/1/5665 2903/1/5664
f 2903/1/5664 2907/1/5666 2916/1/5664
f 2941/1/5667 2940/1/5667 2905/1/5667
f 2905/1/5667 2908/1/5668 2941/1/5667
f 2906/1/5669 2909/1/5669 2930/1/5669
f 2930/1/5669 2929/1/5669 2906/1/5669
f 2910/1/5670 2917/1/5671 2916/1/5670
f 2916/1/5670 2907/1/5672 2910/1/5670
f 2911/1/5673 2942/1/5674 2941/1/5675
f 2941/1/5675 2908/1/5673 2911/1/5673
f 2931/1/5676 2930/1/5677 2909/1/5676
f 2909/1/5676 2912/1/5677 2931/1/5676
f 2917/1/5678 2910/1/5679 2913/1/5678
f 2913/1/5678 2918/1/5680 2917/1/5678
f 2914/1/5681 2943/1/5681 2942/1/5681
f 2942/1/5681 2911/1/5681 2914/1/5681
f 2852/1/5682 2932/1/5682 2931/1/5682
f 2931/1/5682 2912/1/5682 2852/1/5682
f 2919/1/5683 2918/1/5684 2913/1/5685
f 2913/1/5685 2888/1/5686 2919/1/5683
f 2943/1/5687 2914/1/5688 2904/1/5689
f 2904/1/5689 2944/1/5688 2943/1/5687
f 2851/1/5690 2933/1/5690 2932/1/5690
f 2932/1/5690 2852/1/5691 2851/1/5690
f 2887/1/5692 2920/1/5693 2919/1/5693
f 2919/1/5693 2888/1/5692 2887/1/5692
f 2933/1/5694 2851/1/5695 2889/1/5696
f 2889/1/5696 2934/1/5694 2933/1/5694
f 2890/1/5697 2921/1/5697 2920/1/5697
f 2920/1/5697 2887/1/5697 2890/1/5697
f 2934/1/5698 2889/1/5699 2883/1/5699
f 2883/1/5699 2886/1/5699 2934/1/5698
f 2921/1/5700 2890/1/5700 2891/1/5700
f 2891/1/5700 2922/1/5700 2921/1/5700
f 2945/1/1 2946/1/1 2947/1/1
f 2947/1/1 2948/1/1 2949/1/1
f 2945/1/1 2947/1/1 2949/1/1
f 2949/1/1 2950/1/1 2951/1/1
f 2951/1/1 2952/1/1 2953/1/1
f 2949/1/1 2951/1/1 2953/1/1
f 2945/1/1 2949/1/1 2953/1/1
f 2953/1/1 2954/1/1 2955/1/1
f 2955/1/1 2956/1/1 2957/1/1
f 2953/1/1 2955/1/1 2957/1/1
f 2957/1/1 2958/1/1 2959/1/1
f 2959/1/1 2960/1/1 2961/1/1
f 2957/1/1 2959/1/1 2961/1/1
f 2953/1/1 2957/1/1 2961/1/1
f 2961/1/1 2962/1/1 2963/1/1
f 2963/1/1 2964/1/1 2965/1/1
f 2961/1/1 2963/1/1 2965/1/1
f 2965/1/1 2966/1/1 2967/1/1
f 2967/1/1 2968/1/1 2969/1/1
f 2965/1/1 2967/1/1 2969/1/1
f 2961/1/1 2965/1/1 2969/1/1
f 2953/1/1 2961/1/1 2969/1/1
f 2945/1/1 2953/1/1 2969/1/1
f 2970/1/1 2971/1/1 2972/1/1
f 2969/1/1 2970/1/1 2972/1/1
f 2969/1/1 2972/1/1 2973/1/1
f 2945/1/1 2969/1/1 2973/1/1
f 2974/1/1 2945/1/1 2973/1/1
f 2974/1/1 2973/1/1 2975/1/1
f 2974/1/1 2975/1/1 2976/1/1
f 2977/1/5701 2978/1/5701 2979/1/5701
f 2979/1/5701 2980/1/5701 2977/1/5701
f 2947/1/5702 2981/1/5703 2982/1/5704
f 2982/1/5704 2948/1/5705 2947/1/5702
f 2960/1/5706 2983/1/5707 2984/1/5708
f 2984/1/5708 2961/1/5707 2960/1/5706
f 2975/1/5709 2973/1/5710 2985/1/5709
f 2985/1/5709 2986/1/5711 2975/1/5709
f 2946/1/5712 2987/1/5713 2981/1/5714
f 2981/1/5714 2947/1/5715 2946/1/5712
f 2959/1/5716 2988/1/5717 2983/1/5718
f 2983/1/5718 2960/1/5717 2959/1/5716
f 2972/1/5719 2989/1/5720 2985/1/5721
f 2985/1/5721 2973/1/5722 2972/1/5719
f 2946/1/5723 2945/1/5723 2990/1/5724
f 2990/1/5724 2987/1/5724 2946/1/5723
f 2958/1/5725 2991/1/5726 2988/1/5727
f 2988/1/5727 2959/1/5728 2958/1/5725
f 2992/1/5729 2989/1/5730 2972/1/5731
f 2972/1/5731 2971/1/5732 2992/1/5729
f 2957/1/5733 2993/1/5734 2991/1/5735
f 2991/1/5735 2958/1/5736 2957/1/5733
f 2970/1/5737 2994/1/5738 2992/1/5739
f 2992/1/5739 2971/1/5739 2970/1/5737
f 2956/1/5740 2995/1/5741 2993/1/5742
f 2993/1/5742 2957/1/5743 2956/1/5740
f 2996/1/5744 2994/1/5745 2970/1/5746
f 2970/1/5746 2969/1/5747 2996/1/5744
f 2955/1/5748 2997/1/5749 2995/1/5750
f 2995/1/5750 2956/1/5751 2955/1/5748
f 2996/1/5752 2969/1/5753 2968/1/5754
f 2968/1/5754 2998/1/5755 2996/1/5752
f 2954/1/5756 2999/1/5757 2997/1/5758
f 2997/1/5758 2955/1/5759 2954/1/5756
f 2968/1/5760 2967/1/5761 3000/1/5762
f 3000/1/5762 2998/1/5763 2968/1/5760
f 2953/1/5764 2980/1/5765 2999/1/5766
f 2999/1/5766 2954/1/5767 2953/1/5764
f 2966/1/5768 3001/1/5769 3000/1/5770
f 3000/1/5770 2967/1/5771 2966/1/5768
f 2952/1/5772 2977/1/5773 2980/1/5774
f 2980/1/5774 2953/1/5775 2952/1/5772
f 2965/1/5776 3002/1/5777 3001/1/5778
f 3001/1/5778 2966/1/5779 2965/1/5776
f 2951/1/5780 3003/1/5781 2977/1/5782
f 2977/1/5782 2952/1/5782 2951/1/5780
f 2964/1/5783 3004/1/5784 3002/1/5785
f 3002/1/5785 2965/1/5786 2964/1/5783
f 2950/1/5787 3005/1/5788 3003/1/5789
f 3003/1/5789 2951/1/5790 2950/1/5787
f 2963/1/5791 3006/1/5792 3004/1/5793
f 3004/1/5793 2964/1/5793 2963/1/5791
f 2990/1/5794 2945/1/5794 2974/1/5794
f 2974/1/5794 3007/1/5795 2990/1/5794
f 2949/1/5796 3008/1/5797 3005/1/5798
f 3005/1/5798 2950/1/5799 2949/1/5796
f 2962/1/5800 3009/1/5801 3006/1/5802
f 3006/1/5802 2963/1/5801 2962/1/5800
f 3007/1/5803 2974/1/5804 2976/1/5805
f 2976/1/5805 3010/1/5804 3007/1/5803
f 2948/1/5806 2982/1/5807 3008/1/5806
f 3008/1/5806 2949/1/5808 2948/1/5806
f 2961/1/5809 2984/1/5810 3009/1/5811
f 3009/1/5811 2962/1/5812 2961/1/5809
f 3010/1/5813 2976/1/5814 2975/1/5815
f 2975/1/5815 2986/1/5816 3010/1/5813
f 3011/1/2 3012/1/2 3013/1/2
f 3013/1/2 3014/1/2 3015/1/2
f 3011/1/2 3013/1/2 3015/1/2
f 3015/1/2 3016/1/2 3017/1/2
f 3015/1/2 3017/1/2 3018/1/2
f 3011/1/2 3015/1/2 3018/1/2
f 3011/1/2 3018/1/2 3019/1/2
f 3019/1/2 3020/1/2 3021/1/2
f 3021/1/2 3022/1/2 3023/1/2
f 3019/1/2 3021/1/2 3023/1/2
f 3023/1/2 3024/1/2 3025/1/2
f 3025/1/2 3026/1/2 3027/1/2
f 3023/1/2 3025/1/2 3027/1/2
f 3019/1/2 3023/1/2 3027/1/2
f 3027/1/2 3028/1/2 3029/1/2
f 3029/1/2 3030/1/2 3031/1/2
f 3027/1/2 3029/1/2 3031/1/2
f 3031/1/2 3032/1/2 3033/1/2
f 3033/1/2 2979/1/2 2978/1/2
f 3031/1/2 3033/1/2 2978/1/2
f 3027/1/2 3031/1/2 2978/1/2
f 3019/1/2 3027/1/2 2978/1/2
f 2978/1/2 3034/1/2 3035/1/2
f 3035/1/2 3036/1/2 3037/1/2
f 2978/1/2 3035/1/2 3037/1/2
f 3037/1/2 3038/1/2 3039/1/2
f 3037/1/2 3039/1/2 3040/1/2
f 2978/1/2 3037/1/2 3040/1/2
f 3019/1/2 2978/1/2 3040/1/2
f 3011/1/2 3019/1/2 3040/1/2
f 3002/1/5817 3022/1/5817 3021/1/5817
f 3021/1/5817 3001/1/5817 3002/1/5817
f 3003/1/5818 3034/1/5818 2978/1/5818
f 2978/1/5818 2977/1/5818 3003/1/5818
f 3004/1/5819 3023/1/5819 3022/1/5819
f 3022/1/5819 3002/1/5820 3004/1/5819
f 3005/1/5821 3035/1/5821 3034/1/5821
f 3034/1/5821 3003/1/5821 3005/1/5821
f 3006/1/5822 3024/1/5822 3023/1/5822
f 3023/1/5822 3004/1/5822 3006/1/5822
f 3007/1/5823 3011/1/5823 3040/1/5823
f 3040/1/5823 2990/1/5823 3007/1/5823
f 3008/1/5824 3036/1/5824 3035/1/5824
f 3035/1/5824 3005/1/5824 3008/1/5824
f 3009/1/5825 3025/1/5825 3024/1/5825
f 3024/1/5825 3006/1/5825 3009/1/5825
f 3010/1/5826 3012/1/5826 3011/1/5826
f 3011/1/5826 3007/1/5826 3010/1/5826
f 2982/1/5827 3037/1/5827 3036/1/5827
f 3036/1/5827 3008/1/5827 2982/1/5827
f 2984/1/5828 3026/1/5828 3025/1/5828
f 3025/1/5828 3009/1/5828 2984/1/5828
f 2986/1/5829 3013/1/5830 3012/1/5829
f 3012/1/5829 3010/1/5831 2986/1/5829
f 2981/1/5832 3038/1/5832 3037/1/5832
f 3037/1/5832 2982/1/5832 2981/1/5832
f 2983/1/5833 3027/1/5833 3026/1/5833
f 3026/1/5833 2984/1/5833 2983/1/5833
f 2985/1/5834 3014/1/5834 3013/1/5834
f 3013/1/5834 2986/1/5834 2985/1/5834
f 2987/1/5835 3039/1/5835 3038/1/5835
f 3038/1/5835 2981/1/5835 2987/1/5835
f 2988/1/5836 3028/1/5836 3027/1/5836
f 3027/1/5836 2983/1/5836 2988/1/5836
f 2989/1/5837 3015/1/5837 3014/1/5837
f 3014/1/5837 2985/1/5837 2989/1/5837
f 2987/1/5838 2990/1/5838 3040/1/5838
f 3040/1/5838 3039/1/5838 2987/1/5838
f 2991/1/5839 3029/1/5839 3028/1/5839
f 3028/1/5839 2988/1/5839 2991/1/5839
f 2992/1/5840 3016/1/5840 3015/1/5840
f 3015/1/5840 2989/1/5840 2992/1/5840
f 2993/1/5841 3030/1/5842 3029/1/5843
f 3029/1/5843 2991/1/5843 2993/1/5841
f 2994/1/5844 3017/1/5844 3016/1/5844
f 3016/1/5844 2992/1/5844 2994/1/5844
f 2995/1/5845 3031/1/5845 3030/1/5845
f 3030/1/5845 2993/1/5845 2995/1/5845
f 2996/1/5846 3018/1/5846 3017/1/5846
f 3017/1/5846 2994/1/5846 2996/1/5846
f 2997/1/5847 3032/1/5848 3031/1/5848
f 3031/1/5848 2995/1/5849 2997/1/5847
f 2998/1/5850 3019/1/5850 3018/1/5850
f 3018/1/5850 2996/1/5850 2998/1/5850
f 2999/1/5851 3033/1/5851 3032/1/5851
f 3032/1/5851 2997/1/5851 2999/1/5851
f 3000/1/5852 3020/1/5852 3019/1/5852
f 3019/1/5852 2998/1/5852 3000/1/5852
f 2980/1/5853 2979/1/5853 3033/1/5853
f 3033/1/5853 2999/1/5853 2980/1/5853
f 3001/1/5854 3021/1/5855 3020/1/5856
f 3020/1/5856 3000/1/5854 3001/1/5854
f 3041/1/1 3042/1/1 3043/1/1
f 3043/1/1 3044/1/1 3045/1/1
f 3041/1/1 3043/1/1 3045/1/1
f 3045/1/1 3046/1/1 3047/1/1
f 3047/1/1 3048/1/1 3049/1/1
f 3045/1/1 3047/1/1 3049/1/1
f 3041/1/1 3045/1/1 3049/1/1
f 3049/1/1 3050/1/1 3051/1/1
f 3051/1/1 3052/1/1 3053/1/1
f 3049/1/1 3051/1/1 3053/1/1
f 3053/1/1 3054/1/1 3055/1/1
f 3055/1/1 3056/1/1 3057/1/1
f 3053/1/1 3055/1/1 3057/1/1
f 3049/1/1 3053/1/1 3057/1/1
f 3057/1/1 3058/1/1 3059/1/1
f 3059/1/1 3060/1/1 3061/1/1
f 3057/1/1 3059/1/1 3061/1/1
f 3061/1/1 3062/1/1 3063/1/1
f 3063/1/1 3064/1/1 3065/1/1
f 3061/1/1 3063/1/1 3065/1/1
f 3057/1/1 3061/1/1 3065/1/1
f 3049/1/1 3057/1/1 3065/1/1
f 3041/1/1 3049/1/1 3065/1/1
f 3066/1/1 3067/1/1 3068/1/1
f 3065/1/1 3066/1/1 3068/1/1
f 3065/1/1 3068/1/1 3069/1/1
f 3041/1/1 3065/1/1 3069/1/1
f 3070/1/1 3041/1/1 3069/1/1
f 3070/1/1 3069/1/1 3071/1/1
f 3070/1/1 3071/1/1 3072/1/1
f 3073/1/5857 3074/1/5857 3075/1/5857
f 3075/1/5857 3076/1/5857 3073/1/5857
f 3077/1/5858 3065/1/5859 3064/1/5860
f 3064/1/5860 3078/1/5860 3077/1/5858
f 3050/1/5861 3079/1/5862 3080/1/5863
f 3080/1/5863 3051/1/5864 3050/1/5861
f 3064/1/5865 3063/1/5866 3081/1/5867
f 3081/1/5867 3078/1/5868 3064/1/5865
f 3049/1/5869 3082/1/5870 3079/1/5869
f 3079/1/5869 3050/1/5871 3049/1/5869
f 3062/1/5872 3083/1/5873 3081/1/5872
f 3081/1/5872 3063/1/5874 3062/1/5872
f 3048/1/5875 3084/1/5876 3082/1/5877
f 3082/1/5877 3049/1/5878 3048/1/5875
f 3061/1/5879 3085/1/5880 3083/1/5879
f 3083/1/5879 3062/1/5881 3061/1/5879
f 3047/1/5882 3086/1/5882 3084/1/5882
f 3084/1/5882 3048/1/5882 3047/1/5882
f 3060/1/5883 3087/1/5884 3085/1/5883
f 3085/1/5883 3061/1/5883 3060/1/5883
f 3046/1/5885 3088/1/5886 3086/1/5887
f 3086/1/5887 3047/1/5888 3046/1/5885
f 3059/1/5889 3089/1/5890 3087/1/5891
f 3087/1/5891 3060/1/5892 3059/1/5889
f 3090/1/5893 3041/1/5894 3070/1/5893
f 3070/1/5893 3091/1/5895 3090/1/5893
f 3045/1/5896 3092/1/5896 3088/1/5897
f 3088/1/5897 3046/1/5898 3045/1/5896
f 3058/1/5899 3093/1/5900 3089/1/5901
f 3089/1/5901 3059/1/5902 3058/1/5899
f 3091/1/5903 3070/1/5904 3072/1/5905
f 3072/1/5905 3094/1/5903 3091/1/5903
f 3044/1/5906 3095/1/5907 3092/1/5908
f 3092/1/5908 3045/1/5909 3044/1/5906
f 3057/1/5910 3096/1/5911 3093/1/5910
f 3093/1/5910 3058/1/5912 3057/1/5910
f 3094/1/5913 3072/1/5914 3071/1/5915
f 3071/1/5915 3076/1/5916 3094/1/5913
f 3043/1/5917 3097/1/5918 3095/1/5919
f 3095/1/5919 3044/1/5920 3043/1/5917
f 3056/1/5921 3098/1/5921 3096/1/5922
f 3096/1/5922 3057/1/5923 3056/1/5921
f 3071/1/5924 3069/1/5925 3073/1/5926
f 3073/1/5926 3076/1/5925 3071/1/5924
f 3042/1/5927 3099/1/5928 3097/1/5929
f 3097/1/5929 3043/1/5930 3042/1/5927
f 3055/1/5931 3100/1/5932 3098/1/5933
f 3098/1/5933 3056/1/5934 3055/1/5931
f 3068/1/5935 3101/1/5936 3073/1/5937
f 3073/1/5937 3069/1/5938 3068/1/5935
f 3042/1/5939 3041/1/5940 3090/1/5941
f 3090/1/5941 3099/1/5942 3042/1/5939
f 3054/1/5943 3102/1/5944 3100/1/5945
f 3100/1/5945 3055/1/5946 3054/1/5943
f 3103/1/5947 3101/1/5948 3068/1/5947
f 3068/1/5947 3067/1/5947 3103/1/5947
f 3053/1/5949 3104/1/5950 3102/1/5951
f 3102/1/5951 3054/1/5952 3053/1/5949
f 3066/1/5953 3105/1/5954 3103/1/5954
f 3103/1/5954 3067/1/5955 3066/1/5953
f 3052/1/5956 3106/1/5957 3104/1/5958
f 3104/1/5958 3053/1/5959 3052/1/5956
f 3077/1/5960 3105/1/5961 3066/1/5960
f 3066/1/5960 3065/1/5962 3077/1/5960
f 3051/1/5963 3080/1/5964 3106/1/5965
f 3106/1/5965 3052/1/5966 3051/1/5963
f 3107/1/2 3108/1/2 3075/1/2
f 3075/1/2 3074/1/2 3109/1/2
f 3107/1/2 3075/1/2 3109/1/2
f 3109/1/2 3110/1/2 3111/1/2
f 3109/1/2 3111/1/2 3112/1/2
f 3107/1/2 3109/1/2 3112/1/2
f 3107/1/2 3112/1/2 3113/1/2
f 3113/1/2 3114/1/2 3115/1/2
f 3115/1/2 3116/1/2 3117/1/2
f 3113/1/2 3115/1/2 3117/1/2
f 3117/1/2 3118/1/2 3119/1/2
f 3119/1/2 3120/1/2 3121/1/2
f 3117/1/2 3119/1/2 3121/1/2
f 3113/1/2 3117/1/2 3121/1/2
f 3121/1/2 3122/1/2 3123/1/2
f 3123/1/2 3124/1/2 3125/1/2
f 3121/1/2 3123/1/2 3125/1/2
f 3125/1/2 3126/1/2 3127/1/2
f 3127/1/2 3128/1/2 3129/1/2
f 3125/1/2 3127/1/2 3129/1/2
f 3121/1/2 3125/1/2 3129/1/2
f 3113/1/2 3121/1/2 3129/1/2
f 3129/1/2 3130/1/2 3131/1/2
f 3131/1/2 3132/1/2 3133/1/2
f 3129/1/2 3131/1/2 3133/1/2
f 3133/1/2 3134/1/2 3135/1/2
f 3133/1/2 3135/1/2 3136/1/2
f 3129/1/2 3133/1/2 3136/1/2
f 3113/1/2 3129/1/2 3136/1/2
f 3107/1/2 3113/1/2 3136/1/2
f 3099/1/5967 3135/1/5967 3134/1/5967
f 3134/1/5967 3097/1/5967 3099/1/5967
f 3100/1/5968 3122/1/5968 3121/1/5968
f 3121/1/5968 3098/1/5968 3100/1/5968
f 3101/1/5837 3109/1/5837 3074/1/5837
f 3074/1/5837 3073/1/5969 3101/1/5837
f 3099/1/5970 3090/1/5970 3136/1/5970
f 3136/1/5970 3135/1/5838 3099/1/5970
f 3102/1/5971 3123/1/5971 3122/1/5971
f 3122/1/5971 3100/1/5971 3102/1/5971
f 3103/1/5972 3110/1/5972 3109/1/5972
f 3109/1/5972 3101/1/5972 3103/1/5972
f 3104/1/5843 3124/1/5973 3123/1/5974
f 3123/1/5974 3102/1/5973 3104/1/5843
f 3105/1/5975 3111/1/5975 3110/1/5975
f 3110/1/5975 3103/1/5844 3105/1/5975
f 3106/1/5845 3125/1/5845 3124/1/5845
f 3124/1/5845 3104/1/5845 3106/1/5845
f 3077/1/5976 3112/1/5977 3111/1/5976
f 3111/1/5976 3105/1/5976 3077/1/5976
f 3080/1/5847 3126/1/5847 3125/1/5847
f 3125/1/5847 3106/1/5847 3080/1/5847
f 3078/1/5978 3113/1/5979 3112/1/5978
f 3112/1/5978 3077/1/5978 3078/1/5978
f 3079/1/5980 3127/1/5980 3126/1/5980
f 3126/1/5980 3080/1/5980 3079/1/5980
f 3081/1/5852 3114/1/5981 3113/1/5981
f 3113/1/5981 3078/1/5852 3081/1/5852
f 3082/1/5982 3128/1/5853 3127/1/5982
f 3127/1/5982 3079/1/5853 3082/1/5982
f 3083/1/5983 3115/1/5983 3114/1/5983
f 3114/1/5983 3081/1/5983 3083/1/5983
f 3084/1/5984 3129/1/5984 3128/1/5984
f 3128/1/5984 3082/1/5985 3084/1/5984
f 3085/1/5817 3116/1/5817 3115/1/5817
f 3115/1/5817 3083/1/5817 3085/1/5817
f 3086/1/5986 3130/1/5986 3129/1/5986
f 3129/1/5986 3084/1/5987 3086/1/5986
f 3087/1/5988 3117/1/5989 3116/1/5989
f 3116/1/5989 3085/1/5989 3087/1/5988
f 3088/1/5990 3131/1/5990 3130/1/5990
f 3130/1/5990 3086/1/5990 3088/1/5990
f 3089/1/5991 3118/1/5991 3117/1/5991
f 3117/1/5991 3087/1/5991 3089/1/5991
f 3091/1/5992 3107/1/5992 3136/1/5992
f 3136/1/5992 3090/1/5992 3091/1/5992
f 3092/1/5824 3132/1/5993 3131/1/5824
f 3131/1/5824 3088/1/5824 3092/1/5824
f 3093/1/5994 3119/1/5994 3118/1/5995
f 3118/1/5995 3089/1/5996 3093/1/5994
f 3094/1/5997 3108/1/5997 3107/1/5998
f 3107/1/5998 3091/1/5826 3094/1/5997
f 3095/1/5999 3133/1/5999 3132/1/5999
f 3132/1/5999 3092/1/5999 3095/1/5999
f 3096/1/6000 3120/1/6000 3119/1/6000
f 3119/1/6000 3093/1/6000 3096/1/6000
f 3076/1/5829 3075/1/5829 3108/1/5829
f 3108/1/5829 3094/1/5829 3076/1/5829
f 3097/1/6001 3134/1/6001 3133/1/6001
f 3133/1/6001 3095/1/6001 3097/1/6001
f 3098/1/6002 3121/1/6002 3120/1/6002
f 3120/1/6002 3096/1/6002 3098/1/6002
f 3137/2/6003 3138/3/6003 3139/4/6003
f 3139/4/6003 3140/5/6003 3137/2/6003
f 3138/3/6004 3141/6/6004 3142/7/6004
f 3142/7/6004 3139/4/6004 3138/3/6004
f 3141/6/6005 3143/8/6005 3144/9/6005
f 3144/9/6005 3142/7/6005 3141/6/6005
f 3143/8/6006 3145/10/6006 3146/11/6006
f 3146/11/6006 3144/9/6006 3143/8/6006
f 3147/12/6007 3148/13/6008 3146/11/6008
f 3146/11/6008 3145/10/6007 3147/12/6007
f 3149/14/6009 3148/13/6010 3147/12/6010
f 3147/12/6010 3150/15/6010 3149/14/6009
f 3151/16/6011 3149/14/6011 3150/15/6011
f 3150/15/6011 3152/17/6011 3151/16/6011
f 3153/18/6012 3154/19/6012 3151/16/6012
f 3151/16/6012 3152/17/6012 3153/18/6012
f 3155/20/6013 3154/19/6013 3153/18/6013
f 3153/18/6013 3156/21/6013 3155/20/6013
f 3157/22/6014 3155/20/6014 3156/21/6014
f 3156/21/6014 3158/23/6014 3157/22/6014
f 3159/24/6015 3157/22/6015 3158/23/6015
f 3158/23/6015 3160/25/6015 3159/24/6015
f 3161/26/6016 3162/27/6016 3159/24/6016
f 3159/24/6016 3160/25/6016 3161/26/6016
f 3163/28/6017 3162/27/6018 3161/26/6017
f 3161/26/6017 3164/29/6017 3163/28/6017
f 3165/30/6019 3163/28/6019 3164/29/6019
f 3164/29/6019 3166/31/6019 3165/30/6019
f 3167/32/6020 3165/30/6020 3166/31/6020
f 3166/31/6020 3168/33/6020 3167/32/6020
f 3169/34/6021 3167/32/6021 3168/33/6021
f 3168/33/6021 3170/35/6021 3169/34/6021
f 3171/36/6022 3169/34/6022 3170/35/6022
f 3170/35/6022 3172/37/6023 3171/36/6022
f 3173/38/6024 3171/36/6024 3172/37/6025
f 3172/37/6025 3174/39/6025 3173/38/6024
f 3175/40/6026 3173/38/6026 3174/39/6026
f 3174/39/6026 3176/41/6026 3175/40/6026
f 3177/42/6027 3178/43/6027 3175/40/6027
f 3175/40/6027 3176/41/6027 3177/42/6027
f 3177/42/6028 3179/44/6028 3180/45/6029
f 3180/45/6029 3178/43/6030 3177/42/6028
f 3181/46/6031 3180/45/6031 3179/44/6031
f 3179/44/6031 3182/47/6031 3181/46/6031
f 3183/48/6032 3181/46/6032 3182/47/6032
f 3182/47/6032 3184/49/6032 3183/48/6032
f 3185/50/6033 3186/51/6033 3183/48/6033
f 3183/48/6033 3184/49/6033 3185/50/6033
f 3187/52/6034 3188/53/6035 3186/51/6034
f 3186/51/6034 3185/50/6034 3187/52/6034
f 3189/54/6036 3188/53/6037 3187/52/6037
f 3187/52/6037 3190/55/6036 3189/54/6036
f 3191/56/6038 3192/57/6038 3189/54/6038
f 3189/54/6038 3190/55/6038 3191/56/6038
f 3193/58/6039 3192/57/6039 3191/56/6039
f 3191/56/6039 3194/59/6039 3193/58/6039
f 3195/60/6040 3193/58/6040 3194/59/6040
f 3194/59/6040 3196/61/6040 3195/60/6040
f 3197/62/6041 3198/63/6041 3195/60/6041
f 3195/60/6041 3196/61/6042 3197/62/6041
f 3153/18/6043 3199/18/6043 3200/21/6043
f 3200/21/6043 3156/21/6043 3153/18/6043
f 3201/64/6044 3202/65/6044 3198/63/6044
f 3198/63/6044 3197/62/6044 3201/64/6044
f 3202/65/6045 3201/64/6046 3137/66/6046
f 3137/66/6046 3140/67/6045 3202/65/6045
f 3139/68/1 3142/69/1 3144/70/1
f 3139/68/1 3144/70/1 3146/71/1
f 3146/71/1 3148/72/6047 3149/73/1
f 3149/73/1 3151/74/6048 3154/75/1
f 3154/75/1 3155/76/1 3157/77/1
f 3149/73/1 3154/75/1 3157/77/1
f 3146/71/1 3149/73/1 3157/77/1
f 3157/77/1 3159/78/1 3162/79/1
f 3162/79/1 3163/80/1 3165/81/1
f 3157/77/1 3162/79/1 3165/81/1
f 3165/81/1 3167/82/1 3169/83/1
f 3169/83/1 3171/84/1 3173/85/1
f 3165/81/1 3169/83/1 3173/85/1
f 3173/85/1 3175/86/6049 3178/87/1
f 3178/87/1 3180/88/1 3181/89/1
f 3173/85/1 3178/87/1 3181/89/1
f 3181/89/1 3183/90/1 3186/91/6049
f 3186/91/6049 3188/92/1 3189/93/1
f 3181/89/1 3186/91/6049 3189/93/1
f 3173/85/1 3181/89/1 3189/93/1
f 3165/81/1 3173/85/1 3189/93/1
f 3157/77/1 3165/81/1 3189/93/1
f 3146/71/1 3157/77/1 3189/93/1
f 3189/93/1 3192/94/1 3193/95/1
f 3193/95/1 3195/96/1 3198/97/1
f 3189/93/1 3193/95/1 3198/97/1
f 3146/71/1 3189/93/1 3198/97/1
f 3139/68/1 3146/71/1 3198/97/1
f 3140/98/1 3139/68/1 3198/97/1
f 3140/98/1 3198/97/1 3202/99/1
f 3203/8/6050 3204/8/6051 3205/10/6050
f 3205/10/6050 3206/10/6050 3203/8/6050
f 3207/39/6052 3174/39/6052 3172/37/6052
f 3172/37/6052 3208/37/6053 3207/39/6052
f 3209/56/6054 3191/56/6054 3190/55/6054
f 3190/55/6054 3210/55/6054 3209/56/6054
f 3211/12/6055 3147/12/6055 3145/10/6055
f 3145/10/6055 3206/10/6055 3211/12/6055
f 3212/31/6056 3166/31/6056 3164/29/6056
f 3164/29/6056 3213/29/6056 3212/31/6056
f 3214/49/6057 3184/49/6057 3182/47/6057
f 3182/47/6057 3215/47/6057 3214/49/6057
f 3138/3/6058 3137/2/6058 3216/2/6058
f 3216/2/6058 3217/3/6058 3138/3/6058
f 3201/64/6059 3218/64/6060 3216/66/6060
f 3216/66/6060 3137/66/6061 3201/64/6059
f 3219/23/6062 3158/23/6063 3156/21/6063
f 3156/21/6063 3200/21/6062 3219/23/6062
f 3220/41/6064 3176/41/6065 3174/39/6065
f 3174/39/6065 3207/39/6064 3220/41/6064
f 3209/56/6066 3221/59/6067 3194/59/6068
f 3194/59/6068 3191/56/6068 3209/56/6066
f 3222/15/6069 3150/15/6069 3147/12/6069
f 3147/12/6069 3211/12/6069 3222/15/6069
f 3223/33/6070 3168/33/6071 3166/31/6071
f 3166/31/6071 3212/31/6070 3223/33/6070
f 3224/50/6072 3185/50/6072 3184/49/6072
f 3184/49/6072 3214/49/6072 3224/50/6072
f 3217/3/6073 3225/6/6073 3141/6/6074
f 3141/6/6074 3138/3/6074 3217/3/6073
f 3226/25/6075 3160/25/6075 3158/23/6075
f 3158/23/6075 3219/23/6075 3226/25/6075
f 3220/41/6076 3227/42/6076 3177/42/6076
f 3177/42/6076 3176/41/6077 3220/41/6076
f 3196/61/6078 3194/59/6079 3221/59/6080
f 3221/59/6080 3228/61/6080 3196/61/6078
f 3229/17/6081 3152/17/6081 3150/15/6081
f 3150/15/6081 3222/15/6081 3229/17/6081
f 3230/35/6082 3170/35/6082 3168/33/6082
f 3168/33/6082 3223/33/6082 3230/35/6082
f 3231/52/6083 3187/52/6083 3185/50/6083
f 3185/50/6083 3224/50/6083 3231/52/6083
f 3203/8/6084 3143/8/6084 3141/6/6084
f 3141/6/6084 3225/6/6084 3203/8/6084
f 3232/26/6085 3161/26/6085 3160/25/6085
f 3160/25/6085 3226/25/6086 3232/26/6085
f 3233/44/6087 3179/44/6088 3177/42/6088
f 3177/42/6088 3227/42/6087 3233/44/6087
f 3197/62/6089 3196/61/6089 3228/61/6090
f 3228/61/6090 3234/62/6091 3197/62/6089
f 3152/17/6092 3229/17/6093 3199/18/6092
f 3199/18/6092 3153/18/6092 3152/17/6092
f 3208/37/6094 3172/37/6095 3170/35/6096
f 3170/35/6096 3230/35/6094 3208/37/6094
f 3210/55/6097 3190/55/6097 3187/52/6097
f 3187/52/6097 3231/52/6098 3210/55/6097
f 3145/10/6099 3143/8/6099 3203/8/6099
f 3203/8/6099 3206/10/6099 3145/10/6099
f 3213/29/6100 3164/29/6100 3161/26/6100
f 3161/26/6100 3232/26/6100 3213/29/6100
f 3215/47/6101 3182/47/6102 3179/44/6102
f 3179/44/6102 3233/44/6101 3215/47/6101
f 3201/64/6103 3197/62/6103 3234/62/6104
f 3234/62/6104 3218/64/6105 3201/64/6103
f 3235/100/6106 3236/101/6107 3237/102/6106
f 3237/102/6106 3238/103/6108 3239/104/6106
f 3235/100/6106 3237/102/6106 3239/104/6106
f 3239/104/6106 3240/105/6109 3241/106/6110
f 3241/106/6110 3242/107/6111 3243/108/6106
f 3239/104/6106 3241/106/6110 3243/108/6106
f 3243/108/6106 3244/109/6112 3245/110/6113
f 3245/110/6113 3246/111/6114 3247/112/6106
f 3243/108/6106 3245/110/6113 3247/112/6106
f 3239/104/6106 3243/108/6106 3247/112/6106
f 3247/112/6106 3248/113/6115 3249/114/6106
f 3249/114/6106 3250/115/6116 3251/116/6106
f 3247/112/6106 3249/114/6106 3251/116/6106
f 3251/116/6106 3252/117/6106 3253/118/6106
f 3253/118/6106 3254/119/6106 3255/120/6106
f 3251/116/6106 3253/118/6106 3255/120/6106
f 3247/112/6106 3251/116/6106 3255/120/6106
f 3239/104/6106 3247/112/6106 3255/120/6106
f 3255/120/6106 3256/121/6117 3257/122/6110
f 3257/122/6110 3258/123/6113 3259/124/6106
f 3255/120/6106 3257/122/6110 3259/124/6106
f 3255/120/6106 3259/124/6106 3260/125/6106
f 3239/104/6106 3255/120/6106 3260/125/6106
f 3260/125/6106 3261/126/6118 3262/127/6106
f 3262/127/6106 3263/128/6110 3205/129/6110
f 3260/125/6106 3262/127/6106 3205/129/6110
f 3239/104/6106 3260/125/6106 3205/129/6110
f 3235/100/6106 3239/104/6106 3205/129/6110
f 3235/100/6106 3205/129/6110 3204/130/6106
f 3235/100/6106 3204/130/6106 3264/131/6119
f 3234/62/6120 3238/62/6121 3237/64/6122
f 3237/64/6122 3218/64/6121 3234/62/6120
f 3208/37/6123 3251/37/6124 3250/39/6125
f 3250/39/6125 3207/39/6125 3208/37/6123
f 3206/10/6126 3205/10/6127 3263/12/6127
f 3263/12/6127 3211/12/6126 3206/10/6126
f 3218/64/6128 3237/64/6129 3236/66/6130
f 3236/66/6130 3216/66/6130 3218/64/6128
f 3207/39/6131 3250/39/6131 3249/41/6131
f 3249/41/6131 3220/41/6132 3207/39/6131
f 3211/12/6133 3263/12/6133 3262/15/6133
f 3262/15/6133 3222/15/6133 3211/12/6133
f 3220/41/6134 3249/41/6135 3248/42/6136
f 3248/42/6136 3227/42/6137 3220/41/6134
f 3222/15/6138 3262/15/6138 3261/17/6138
f 3261/17/6138 3229/17/6138 3222/15/6138
f 3227/42/6139 3248/42/6140 3247/44/6139
f 3247/44/6139 3233/44/6139 3227/42/6139
f 3199/18/6141 3229/17/6141 3261/17/6141
f 3261/17/6141 3260/18/6141 3199/18/6141
f 3233/44/6142 3247/44/6143 3246/47/6143
f 3246/47/6143 3215/47/6144 3233/44/6142
f 3199/18/6145 3260/18/6145 3259/21/6145
f 3259/21/6145 3200/21/6145 3199/18/6145
f 3215/47/6146 3246/47/6147 3245/49/6146
f 3245/49/6146 3214/49/6146 3215/47/6146
f 3200/21/6148 3259/21/6148 3258/23/6148
f 3258/23/6148 3219/23/6148 3200/21/6148
f 3214/49/6149 3245/49/6149 3244/50/6149
f 3244/50/6149 3224/50/6150 3214/49/6149
f 3219/23/6151 3258/23/6151 3257/25/6151
f 3257/25/6151 3226/25/6151 3219/23/6151
f 3224/50/6152 3244/50/6152 3243/52/6152
f 3243/52/6152 3231/52/6152 3224/50/6152
f 3226/25/6153 3257/25/6153 3256/26/6153
f 3256/26/6153 3232/26/6154 3226/25/6153
f 3231/52/6155 3243/52/6155 3242/55/6155
f 3242/55/6155 3210/55/6155 3231/52/6155
f 3232/26/6156 3256/26/6156 3255/29/6157
f 3255/29/6157 3213/29/6156 3232/26/6156
f 3210/55/6158 3242/55/6159 3241/56/6158
f 3241/56/6158 3209/56/6158 3210/55/6158
f 3213/29/6160 3255/29/6161 3254/31/6160
f 3254/31/6160 3212/31/6160 3213/29/6160
f 3216/2/6162 3236/2/6163 3235/3/6164
f 3235/3/6164 3217/3/6162 3216/2/6162
f 3209/56/6165 3241/56/6165 3240/59/6166
f 3240/59/6166 3221/59/6165 3209/56/6165
f 3212/31/6167 3254/31/6168 3253/33/6169
f 3253/33/6169 3223/33/6170 3212/31/6167
f 3217/3/6171 3235/3/6172 3264/6/6172
f 3264/6/6172 3225/6/6173 3217/3/6171
f 3221/59/6174 3240/59/6175 3239/61/6175
f 3239/61/6175 3228/61/6175 3221/59/6174
f 3223/33/6176 3253/33/6177 3252/35/6178
f 3252/35/6178 3230/35/6179 3223/33/6176
f 3225/6/6180 3264/6/6180 3204/8/6180
f 3204/8/6180 3203/8/6180 3225/6/6180
f 3228/61/6181 3239/61/6182 3238/62/6183
f 3238/62/6183 3234/62/6184 3228/61/6181
f 3230/35/6185 3252/35/6186 3251/37/6186
f 3251/37/6186 3208/37/6185 3230/35/6185
f 3265/3/6187 3266/4/6188 3267/5/6189
f 3267/5/6189 3268/2/6187 3265/3/6187
f 3269/7/6190 3266/4/6191 3265/3/6192
f 3265/3/6192 3270/6/6192 3269/7/6190
f 3271/8/6193 3272/9/6193 3269/7/6193
f 3269/7/6193 3270/6/6193 3271/8/6193
f 3273/11/6194 3272/9/6194 3271/8/6194
f 3271/8/6194 3274/10/6194 3273/11/6194
f 3275/12/6195 3276/13/6195 3273/11/6195
f 3273/11/6195 3274/10/6195 3275/12/6195
f 3277/14/6196 3276/13/6196 3275/12/6196
f 3275/12/6196 3278/15/6196 3277/14/6196
f 3279/16/6197 3277/14/6197 3278/15/6197
f 3278/15/6197 3280/17/6197 3279/16/6197
f 3281/18/6198 3282/19/6198 3279/16/6198
f 3279/16/6198 3280/17/6198 3281/18/6198
f 3283/20/6199 3282/19/6199 3281/18/6199
f 3281/18/6199 3284/21/6199 3283/20/6199
f 3285/23/6200 3286/22/6200 3283/20/6200
f 3283/20/6200 3284/21/6200 3285/23/6200
f 3287/25/6201 3288/24/6201 3286/22/6201
f 3286/22/6201 3285/23/6201 3287/25/6201
f 3289/27/6202 3288/24/6202 3287/25/6202
f 3287/25/6202 3290/26/6202 3289/27/6202
f 3291/29/6203 3292/28/6203 3289/27/6203
f 3289/27/6203 3290/26/6203 3291/29/6203
f 3293/31/6204 3294/30/6204 3292/28/6204
f 3292/28/6204 3291/29/6204 3293/31/6204
f 3295/32/6205 3294/30/6205 3293/31/6205
f 3293/31/6205 3296/33/6205 3295/32/6205
f 3296/33/6206 3297/35/6206 3298/34/6206
f 3298/34/6206 3295/32/6206 3296/33/6206
f 3299/37/6207 3300/36/6207 3298/34/6207
f 3298/34/6207 3297/35/6207 3299/37/6207
f 3301/38/6208 3300/36/6208 3299/37/6209
f 3299/37/6209 3302/39/6208 3301/38/6208
f 3303/40/6210 3301/38/6210 3302/39/6210
f 3302/39/6210 3304/41/6210 3303/40/6210
f 3305/42/6211 3306/43/6211 3303/40/6211
f 3303/40/6211 3304/41/6211 3305/42/6211
f 3307/45/6212 3306/43/6212 3305/42/6212
f 3305/42/6212 3308/44/6212 3307/45/6212
f 3309/47/6213 3310/46/6213 3307/45/6213
f 3307/45/6213 3308/44/6213 3309/47/6213
f 3311/49/6214 3312/48/6214 3310/46/6214
f 3310/46/6214 3309/47/6214 3311/49/6214
f 3313/51/6215 3312/48/6215 3311/49/6215
f 3311/49/6215 3314/50/6215 3313/51/6215
f 3315/53/6216 3313/51/6216 3314/50/6216
f 3314/50/6216 3316/52/6216 3315/53/6216
f 3317/55/6217 3318/54/6218 3315/53/6217
f 3315/53/6217 3316/52/6217 3317/55/6217
f 3319/57/6219 3318/54/6219 3317/55/6219
f 3317/55/6219 3320/56/6219 3319/57/6219
f 3321/59/6220 3322/58/6220 3319/57/6220
f 3319/57/6220 3320/56/6220 3321/59/6220
f 3323/61/6221 3324/60/6221 3322/58/6221
f 3322/58/6221 3321/59/6221 3323/61/6221
f 3325/63/6222 3324/60/6222 3323/61/6222
f 3323/61/6222 3326/62/6222 3325/63/6222
f 3327/21/6223 3284/21/6223 3281/18/6223
f 3281/18/6223 3328/18/6224 3327/21/6223
f 3329/64/6225 3330/65/6225 3325/63/6225
f 3325/63/6225 3326/62/6225 3329/64/6225
f 3329/64/6226 3268/66/6226 3267/67/6227
f 3267/67/6227 3330/65/6226 3329/64/6226
f 3267/98/1 3266/68/1 3269/69/1
f 3269/69/1 3272/70/1 3273/71/1
f 3267/98/1 3269/69/1 3273/71/1
f 3276/72/1 3277/73/1 3279/74/1
f 3273/71/1 3276/72/1 3279/74/1
f 3273/71/1 3279/74/1 3282/75/1
f 3282/75/1 3283/76/1 3286/77/1
f 3273/71/1 3282/75/1 3286/77/1
f 3273/71/1 3286/77/1 3288/78/1
f 3288/78/1 3289/79/1 3292/80/1
f 3273/71/1 3288/78/1 3292/80/1
f 3273/71/1 3292/80/1 3294/81/1
f 3294/81/1 3295/82/6228 3298/83/1
f 3273/71/1 3294/81/1 3298/83/1
f 3273/71/1 3298/83/1 3300/84/1
f 3300/84/1 3301/85/6229 3303/86/1
f 3273/71/1 3300/84/1 3303/86/1
f 3273/71/1 3303/86/1 3306/87/1
f 3306/87/1 3307/88/1 3310/89/1
f 3273/71/1 3306/87/1 3310/89/1
f 3273/71/1 3310/89/1 3312/90/1
f 3312/90/1 3313/91/6048 3315/92/1
f 3273/71/1 3312/90/1 3315/92/1
f 3273/71/1 3315/92/1 3318/93/1
f 3318/93/1 3319/94/1 3322/95/1
f 3273/71/1 3318/93/1 3322/95/1
f 3273/71/1 3322/95/1 3324/96/1
f 3267/98/1 3273/71/1 3324/96/1
f 3267/98/1 3324/96/1 3325/97/1
f 3267/98/1 3325/97/1 3330/99/1
f 3331/10/6230 3332/8/6230 3333/8/6230
f 3333/8/6230 3334/10/6231 3331/10/6230
f 3335/39/6232 3302/39/6232 3299/37/6232
f 3299/37/6232 3336/37/6232 3335/39/6232
f 3337/56/6233 3320/56/6233 3317/55/6233
f 3317/55/6233 3338/55/6233 3337/56/6233
f 3274/10/6234 3331/10/6234 3339/12/6234
f 3339/12/6234 3275/12/6234 3274/10/6234
f 3291/29/6235 3340/29/6235 3341/31/6235
f 3341/31/6235 3293/31/6235 3291/29/6235
f 3311/49/6236 3309/47/6236 3342/47/6236
f 3342/47/6236 3343/49/6236 3311/49/6236
f 3268/2/6237 3344/2/6237 3345/3/6238
f 3345/3/6238 3265/3/6237 3268/2/6237
f 3268/66/6239 3329/64/6239 3346/64/6240
f 3346/64/6240 3344/66/6240 3268/66/6239
f 3327/21/6241 3347/23/6241 3285/23/6241
f 3285/23/6241 3284/21/6241 3327/21/6241
f 3335/39/6242 3348/41/6243 3304/41/6243
f 3304/41/6243 3302/39/6244 3335/39/6242
f 3337/56/6245 3349/59/6246 3321/59/6245
f 3321/59/6245 3320/56/6247 3337/56/6245
f 3350/15/6248 3278/15/6248 3275/12/6248
f 3275/12/6248 3339/12/6248 3350/15/6248
f 3351/33/6249 3296/33/6249 3293/31/6249
f 3293/31/6249 3341/31/6250 3351/33/6249
f 3352/50/6251 3314/50/6251 3311/49/6251
f 3311/49/6251 3343/49/6251 3352/50/6251
f 3353/6/6252 3270/6/6253 3265/3/6252
f 3265/3/6252 3345/3/6254 3353/6/6252
f 3285/23/6255 3347/23/6255 3354/25/6255
f 3354/25/6255 3287/25/6255 3285/23/6255
f 3305/42/6256 3304/41/6256 3348/41/6257
f 3348/41/6257 3355/42/6257 3305/42/6256
f 3323/61/6258 3321/59/6259 3349/59/6258
f 3349/59/6258 3356/61/6260 3323/61/6258
f 3350/15/6261 3357/17/6261 3280/17/6261
f 3280/17/6261 3278/15/6262 3350/15/6261
f 3351/33/6263 3358/35/6264 3297/35/6265
f 3297/35/6265 3296/33/6265 3351/33/6263
f 3352/50/6266 3359/52/6266 3316/52/6266
f 3316/52/6266 3314/50/6266 3352/50/6266
f 3270/6/6267 3353/6/6268 3332/8/6267
f 3332/8/6267 3271/8/6267 3270/6/6267
f 3360/26/6269 3290/26/6269 3287/25/6269
f 3287/25/6269 3354/25/6269 3360/26/6269
f 3361/44/6270 3308/44/6271 3305/42/6271
f 3305/42/6271 3355/42/6271 3361/44/6270
f 3362/62/6272 3326/62/6273 3323/61/6274
f 3323/61/6274 3356/61/6272 3362/62/6272
f 3280/17/6275 3357/17/6275 3328/18/6276
f 3328/18/6276 3281/18/6275 3280/17/6275
f 3297/35/6277 3358/35/6277 3336/37/6277
f 3336/37/6277 3299/37/6278 3297/35/6277
f 3317/55/6279 3316/52/6279 3359/52/6279
f 3359/52/6279 3338/55/6279 3317/55/6279
f 3331/10/6280 3274/10/6280 3271/8/6280
f 3271/8/6280 3332/8/6280 3331/10/6280
f 3360/26/6281 3340/29/6281 3291/29/6281
f 3291/29/6281 3290/26/6281 3360/26/6281
f 3361/44/6282 3342/47/6282 3309/47/6282
f 3309/47/6282 3308/44/6282 3361/44/6282
f 3362/62/6283 3346/64/6284 3329/64/6285
f 3329/64/6285 3326/62/6286 3362/62/6283
f 3363/102/6287 3364/103/6288 3365/104/6289
f 3363/102/6287 3365/104/6289 3366/105/6290
f 3366/105/6290 3367/106/6291 3368/107/6287
f 3363/102/6287 3366/105/6290 3368/107/6287
f 3363/102/6287 3368/107/6287 3369/108/6292
f 3369/108/6292 3370/109/6293 3371/110/6294
f 3363/102/6287 3369/108/6292 3371/110/6294
f 3363/102/6287 3371/110/6294 3372/111/6287
f 3372/111/6287 3373/112/6295 3374/113/6287
f 3363/102/6287 3372/111/6287 3374/113/6287
f 3363/102/6287 3374/113/6287 3375/114/6287
f 3375/114/6287 3376/115/6296 3377/116/6287
f 3363/102/6287 3375/114/6287 3377/116/6287
f 3363/102/6287 3377/116/6287 3378/117/6287
f 3378/117/6287 3379/118/6297 3380/119/6287
f 3363/102/6287 3378/117/6287 3380/119/6287
f 3363/102/6287 3380/119/6287 3381/120/6290
f 3381/120/6290 3382/121/6294 3383/122/6287
f 3363/102/6287 3381/120/6290 3383/122/6287
f 3363/102/6287 3383/122/6287 3384/123/6287
f 3384/123/6287 3385/124/6298 3386/125/6287
f 3363/102/6287 3384/123/6287 3386/125/6287
f 3386/125/6287 3387/126/6299 3388/127/6298
f 3386/125/6287 3388/127/6298 3389/128/6287
f 3363/102/6287 3386/125/6287 3389/128/6287
f 3363/102/6287 3389/128/6287 3334/129/6287
f 3334/129/6287 3333/130/6298 3390/131/6287
f 3363/102/6287 3334/129/6287 3390/131/6287
f 3391/101/6298 3363/102/6287 3390/131/6287
f 3392/100/6292 3391/101/6298 3390/131/6287
f 3346/64/6300 3362/62/6300 3364/62/6301
f 3364/62/6301 3363/64/6301 3346/64/6300
f 3377/37/6302 3376/39/6303 3335/39/6303
f 3335/39/6303 3336/37/6303 3377/37/6302
f 3339/12/6304 3331/10/6304 3334/10/6305
f 3334/10/6305 3389/12/6306 3339/12/6304
f 3344/66/6307 3346/64/6307 3363/64/6308
f 3363/64/6308 3391/66/6308 3344/66/6307
f 3348/41/6309 3335/39/6310 3376/39/6311
f 3376/39/6311 3375/41/6312 3348/41/6309
f 3388/15/6313 3350/15/6314 3339/12/6314
f 3339/12/6314 3389/12/6313 3388/15/6313
f 3355/42/6315 3348/41/6316 3375/41/6316
f 3375/41/6316 3374/42/6317 3355/42/6315
f 3357/17/6318 3350/15/6318 3388/15/6319
f 3388/15/6319 3387/17/6319 3357/17/6318
f 3374/42/6320 3373/44/6320 3361/44/6320
f 3361/44/6320 3355/42/6320 3374/42/6320
f 3328/18/6321 3357/17/6321 3387/17/6322
f 3387/17/6322 3386/18/6323 3328/18/6321
f 3342/47/6324 3361/44/6324 3373/44/6324
f 3373/44/6324 3372/47/6324 3342/47/6324
f 3386/18/6325 3385/21/6326 3327/21/6325
f 3327/21/6325 3328/18/6325 3386/18/6325
f 3343/49/6327 3342/47/6327 3372/47/6328
f 3372/47/6328 3371/49/6328 3343/49/6327
f 3347/23/6329 3327/21/6329 3385/21/6329
f 3385/21/6329 3384/23/6329 3347/23/6329
f 3371/49/6330 3370/50/6330 3352/50/6330
f 3352/50/6330 3343/49/6330 3371/49/6330
f 3354/25/6331 3347/23/6331 3384/23/6331
f 3384/23/6331 3383/25/6331 3354/25/6331
f 3359/52/6332 3352/50/6332 3370/50/6332
f 3370/50/6332 3369/52/6332 3359/52/6332
f 3383/25/6333 3382/26/6333 3360/26/6333
f 3360/26/6333 3354/25/6334 3383/25/6333
f 3338/55/6335 3359/52/6336 3369/52/6336
f 3369/52/6336 3368/55/6336 3338/55/6335
f 3340/29/6337 3360/26/6337 3382/26/6337
f 3382/26/6337 3381/29/6338 3340/29/6337
f 3368/55/6339 3367/56/6339 3337/56/6339
f 3337/56/6339 3338/55/6340 3368/55/6339
f 3341/31/6341 3340/29/6341 3381/29/6342
f 3381/29/6342 3380/31/6341 3341/31/6341
f 3344/2/6343 3391/2/6344 3392/3/6345
f 3392/3/6345 3345/3/6343 3344/2/6343
f 3349/59/6346 3337/56/6346 3367/56/6346
f 3367/56/6346 3366/59/6346 3349/59/6346
f 3380/31/6347 3379/33/6348 3351/33/6347
f 3351/33/6347 3341/31/6349 3380/31/6347
f 3390/6/6350 3353/6/6351 3345/3/6351
f 3345/3/6351 3392/3/6352 3390/6/6350
f 3356/61/6353 3349/59/6354 3366/59/6355
f 3366/59/6355 3365/61/6356 3356/61/6353
f 3358/35/6357 3351/33/6357 3379/33/6357
f 3379/33/6357 3378/35/6357 3358/35/6357
f 3333/8/6358 3332/8/6358 3353/6/6358
f 3353/6/6358 3390/6/6358 3333/8/6358
f 3365/61/6359 3364/62/6359 3362/62/6359
f 3362/62/6359 3356/61/6360 3365/61/6359
f 3336/37/6361 3358/35/6362 3378/35/6361
f 3378/35/6361 3377/37/6363 3336/37/6361
f 3393/3/6364 3394/4/6364 3395/5/6364
f 3395/5/6364 3396/2/6364 3393/3/6364
f 3397/7/6365 3394/4/6365 3393/3/6365
f 3393/3/6365 3398/6/6365 3397/7/6365
f 3399/8/6366 3400/9/6366 3397/7/6366
f 3397/7/6366 3398/6/6366 3399/8/6366
f 3401/10/6367 3402/11/6368 3400/9/6369
f 3400/9/6369 3399/8/6370 3401/10/6367
f 3403/13/6371 3402/11/6371 3401/10/6372
f 3401/10/6372 3404/12/6371 3403/13/6371
f 3405/15/6373 3406/14/6373 3403/13/6373
f 3403/13/6373 3404/12/6373 3405/15/6373
f 3407/17/6374 3408/16/6374 3406/14/6374
f 3406/14/6374 3405/15/6374 3407/17/6374
f 3409/19/6375 3408/16/6375 3407/17/6375
f 3407/17/6375 3410/18/6375 3409/19/6375
f 3411/21/6376 3412/20/6376 3409/19/6376
f 3409/19/6376 3410/18/6376 3411/21/6376
f 3413/23/6377 3414/22/6377 3412/20/6377
f 3412/20/6377 3411/21/6377 3413/23/6377
f 3415/24/6378 3414/22/6378 3413/23/6378
f 3413/23/6378 3416/25/6378 3415/24/6378
f 3417/26/6379 3418/27/6379 3415/24/6379
f 3415/24/6379 3416/25/6379 3417/26/6379
f 3419/29/6380 3420/28/6380 3418/27/6380
f 3418/27/6380 3417/26/6380 3419/29/6380
f 3421/30/6381 3420/28/6382 3419/29/6383
f 3419/29/6383 3422/31/6382 3421/30/6381
f 3423/32/6384 3421/30/6384 3422/31/6385
f 3422/31/6385 3424/33/6384 3423/32/6384
f 3425/35/6386 3426/34/6386 3423/32/6386
f 3423/32/6386 3424/33/6386 3425/35/6386
f 3427/36/6387 3426/34/6387 3425/35/6387
f 3425/35/6387 3428/37/6387 3427/36/6387
f 3429/38/6388 3427/36/6388 3428/37/6388
f 3428/37/6388 3430/39/6388 3429/38/6388
f 3431/41/6389 3432/40/6389 3429/38/6389
f 3429/38/6389 3430/39/6389 3431/41/6389
f 3433/43/6390 3432/40/6391 3431/41/6392
f 3431/41/6392 3434/42/6393 3433/43/6390
f 3435/44/6394 3436/45/6394 3433/43/6395
f 3433/43/6395 3434/42/6394 3435/44/6394
f 3437/47/6396 3438/46/6397 3436/45/6398
f 3436/45/6398 3435/44/6396 3437/47/6396
f 3439/48/6399 3438/46/6399 3437/47/6399
f 3437/47/6399 3440/49/6399 3439/48/6399
f 3441/51/6400 3439/48/6400 3440/49/6400
f 3440/49/6400 3442/50/6400 3441/51/6400
f 3443/52/6401 3444/53/6401 3441/51/6401
f 3441/51/6401 3442/50/6401 3443/52/6401
f 3445/54/6402 3444/53/6402 3443/52/6402
f 3443/52/6402 3446/55/6402 3445/54/6402
f 3447/56/6403 3448/57/6403 3445/54/6403
f 3445/54/6403 3446/55/6403 3447/56/6403
f 3449/59/6404 3450/58/6405 3448/57/6406
f 3448/57/6406 3447/56/6407 3449/59/6404
f 3451/60/6408 3450/58/6408 3449/59/6408
f 3449/59/6408 3452/61/6409 3451/60/6408
f 3453/62/6410 3454/63/6411 3451/60/6412
f 3451/60/6412 3452/61/6413 3453/62/6410
f 3410/18/6414 3455/18/6414 3456/21/6414
f 3456/21/6414 3411/21/6414 3410/18/6414
f 3457/64/6415 3458/65/6415 3454/63/6415
f 3454/63/6415 3453/62/6415 3457/64/6415
f 3457/64/6416 3396/66/6416 3395/67/6416
f 3395/67/6416 3458/65/6416 3457/64/6416
f 3394/68/1 3397/69/1 3400/70/1
f 3395/98/1 3394/68/1 3400/70/1
f 3395/98/1 3400/70/1 3402/71/1
f 3402/71/1 3403/72/1 3406/73/1
f 3395/98/1 3402/71/1 3406/73/1
f 3395/98/1 3406/73/1 3408/74/1
f 3408/74/1 3409/75/1 3412/76/1
f 3395/98/1 3408/74/1 3412/76/1
f 3395/98/1 3412/76/1 3414/77/1
f 3414/77/1 3415/78/6049 3418/79/1
f 3395/98/1 3414/77/1 3418/79/1
f 3395/98/1 3418/79/1 3420/80/1
f 3420/80/1 3421/81/1 3423/82/1
f 3395/98/1 3420/80/1 3423/82/1
f 3395/98/1 3423/82/1 3426/83/1
f 3426/83/1 3427/84/1 3429/85/1
f 3395/98/1 3426/83/1 3429/85/1
f 3395/98/1 3429/85/1 3432/86/1
f 3432/86/1 3433/87/1 3436/88/1
f 3395/98/1 3432/86/1 3436/88/1
f 3395/98/1 3436/88/1 3438/89/1
f 3438/89/1 3439/90/1 3441/91/1
f 3395/98/1 3438/89/1 3441/91/1
f 3395/98/1 3441/91/1 3444/92/1
f 3444/92/1 3445/93/1 3448/94/1
f 3395/98/1 3444/92/1 3448/94/1
f 3395/98/1 3448/94/1 3450/95/1
f 3450/95/1 3451/96/1 3454/97/1
f 3395/98/1 3450/95/1 3454/97/1
f 3395/98/1 3454/97/1 3458/99/6048
f 3459/8/6417 3460/8/6418 3461/10/6419
f 3461/10/6419 3462/10/6417 3459/8/6417
f 3463/39/6420 3430/39/6421 3428/37/6422
f 3428/37/6422 3464/37/6423 3463/39/6420
f 3465/56/6424 3447/56/6424 3446/55/6424
f 3446/55/6424 3466/55/6425 3465/56/6424
f 3401/10/6426 3462/10/6426 3467/12/6426
f 3467/12/6426 3404/12/6426 3401/10/6426
f 3422/31/6427 3419/29/6427 3468/29/6427
f 3468/29/6427 3469/31/6427 3422/31/6427
f 3440/49/6428 3437/47/6428 3470/47/6429
f 3470/47/6429 3471/49/6429 3440/49/6428
f 3472/3/6430 3393/3/6430 3396/2/6430
f 3396/2/6430 3473/2/6431 3472/3/6430
f 3474/64/6432 3473/66/6433 3396/66/6434
f 3396/66/6434 3457/64/6432 3474/64/6432
f 3411/21/6435 3456/21/6435 3475/23/6436
f 3475/23/6436 3413/23/6437 3411/21/6435
f 3476/41/6438 3431/41/6439 3430/39/6438
f 3430/39/6438 3463/39/6438 3476/41/6438
f 3477/59/6440 3449/59/6440 3447/56/6440
f 3447/56/6440 3465/56/6441 3477/59/6440
f 3404/12/6442 3467/12/6442 3478/15/6442
f 3478/15/6442 3405/15/6442 3404/12/6442
f 3479/33/6443 3424/33/6443 3422/31/6444
f 3422/31/6444 3469/31/6443 3479/33/6443
f 3480/50/6445 3442/50/6445 3440/49/6445
f 3440/49/6445 3471/49/6445 3480/50/6445
f 3393/3/6446 3472/3/6447 3481/6/6446
f 3481/6/6446 3398/6/6446 3393/3/6446
f 3475/23/6448 3482/25/6448 3416/25/6448
f 3416/25/6448 3413/23/6448 3475/23/6448
f 3434/42/6449 3431/41/6449 3476/41/6450
f 3476/41/6450 3483/42/6450 3434/42/6449
f 3452/61/6451 3449/59/6452 3477/59/6452
f 3477/59/6452 3484/61/6452 3452/61/6451
f 3405/15/6453 3478/15/6453 3485/17/6453
f 3485/17/6453 3407/17/6453 3405/15/6453
f 3486/35/6454 3425/35/6454 3424/33/6454
f 3424/33/6454 3479/33/6455 3486/35/6454
f 3487/52/6456 3443/52/6457 3442/50/6457
f 3442/50/6457 3480/50/6457 3487/52/6456
f 3398/6/6458 3481/6/6459 3459/8/6460
f 3459/8/6460 3399/8/6458 3398/6/6458
f 3482/25/6461 3488/26/6461 3417/26/6461
f 3417/26/6461 3416/25/6461 3482/25/6461
f 3489/44/6462 3435/44/6463 3434/42/6463
f 3434/42/6463 3483/42/6464 3489/44/6462
f 3490/62/6465 3453/62/6465 3452/61/6465
f 3452/61/6465 3484/61/6465 3490/62/6465
f 3407/17/6466 3485/17/6467 3455/18/6467
f 3455/18/6467 3410/18/6466 3407/17/6466
f 3428/37/6468 3425/35/6468 3486/35/6469
f 3486/35/6469 3464/37/6470 3428/37/6468
f 3446/55/6471 3443/52/6471 3487/52/6471
f 3487/52/6471 3466/55/6471 3446/55/6471
f 3399/8/6472 3459/8/6472 3462/10/6472
f 3462/10/6472 3401/10/6472 3399/8/6472
f 3419/29/6473 3417/26/6474 3488/26/6475
f 3488/26/6475 3468/29/6475 3419/29/6473
f 3470/47/6476 3437/47/6476 3435/44/6476
f 3435/44/6476 3489/44/6476 3470/47/6476
f 3474/64/6477 3457/64/6478 3453/62/6478
f 3453/62/6478 3490/62/6478 3474/64/6477
f 3491/100/6479 3492/101/6480 3493/102/6481
f 3493/102/6481 3494/103/6482 3495/104/6481
f 3491/100/6479 3493/102/6481 3495/104/6481
f 3496/105/6481 3497/106/6483 3498/107/6479
f 3495/104/6481 3496/105/6481 3498/107/6479
f 3491/100/6479 3495/104/6481 3498/107/6479
f 3499/108/6483 3500/109/6481 3501/110/6481
f 3498/107/6479 3499/108/6483 3501/110/6481
f 3502/111/6484 3503/112/6485 3504/113/6481
f 3501/110/6481 3502/111/6484 3504/113/6481
f 3498/107/6479 3501/110/6481 3504/113/6481
f 3491/100/6479 3498/107/6479 3504/113/6481
f 3505/114/6486 3506/115/6480 3507/116/6481
f 3504/113/6481 3505/114/6486 3507/116/6481
f 3508/117/6481 3509/118/6479 3510/119/6481
f 3507/116/6481 3508/117/6481 3510/119/6481
f 3504/113/6481 3507/116/6481 3510/119/6481
f 3511/120/6484 3512/121/6487 3513/122/6481
f 3510/119/6481 3511/120/6484 3513/122/6481
f 3514/123/6480 3515/124/6486 3516/125/6481
f 3513/122/6481 3514/123/6480 3516/125/6481
f 3510/119/6481 3513/122/6481 3516/125/6481
f 3504/113/6481 3510/119/6481 3516/125/6481
f 3491/100/6479 3504/113/6481 3516/125/6481
f 3517/126/6488 3518/127/6489 3519/128/6480
f 3516/125/6481 3517/126/6488 3519/128/6480
f 3461/129/6481 3460/130/6483 3520/131/6490
f 3519/128/6480 3461/129/6481 3520/131/6490
f 3516/125/6481 3519/128/6480 3520/131/6490
f 3491/100/6479 3516/125/6481 3520/131/6490
f 3490/62/6491 3494/62/6492 3493/64/6493
f 3493/64/6493 3474/64/6494 3490/62/6491
f 3463/39/6495 3464/37/6495 3507/37/6495
f 3507/37/6495 3506/39/6495 3463/39/6495
f 3519/12/6496 3467/12/6497 3462/10/6497
f 3462/10/6497 3461/10/6496 3519/12/6496
f 3493/64/6498 3492/66/6498 3473/66/6499
f 3473/66/6499 3474/64/6499 3493/64/6498
f 3463/39/6500 3506/39/6501 3505/41/6500
f 3505/41/6500 3476/41/6502 3463/39/6500
f 3478/15/6503 3467/12/6503 3519/12/6503
f 3519/12/6503 3518/15/6503 3478/15/6503
f 3504/42/6504 3483/42/6505 3476/41/6506
f 3476/41/6506 3505/41/6504 3504/42/6504
f 3478/15/6507 3518/15/6507 3517/17/6507
f 3517/17/6507 3485/17/6507 3478/15/6507
f 3489/44/6508 3483/42/6508 3504/42/6509
f 3504/42/6509 3503/44/6509 3489/44/6508
f 3516/18/6510 3455/18/6510 3485/17/6510
f 3485/17/6510 3517/17/6510 3516/18/6510
f 3489/44/6511 3503/44/6512 3502/47/6511
f 3502/47/6511 3470/47/6513 3489/44/6511
f 3456/21/6514 3455/18/6515 3516/18/6516
f 3516/18/6516 3515/21/6514 3456/21/6514
f 3501/49/6517 3471/49/6518 3470/47/6517
f 3470/47/6517 3502/47/6517 3501/49/6517
f 3456/21/6519 3515/21/6519 3514/23/6519
f 3514/23/6519 3475/23/6519 3456/21/6519
f 3480/50/6520 3471/49/6521 3501/49/6521
f 3501/49/6521 3500/50/6521 3480/50/6520
f 3475/23/6522 3514/23/6522 3513/25/6522
f 3513/25/6522 3482/25/6522 3475/23/6522
f 3480/50/6523 3500/50/6524 3499/52/6523
f 3499/52/6523 3487/52/6523 3480/50/6523
f 3513/25/6525 3512/26/6525 3488/26/6525
f 3488/26/6525 3482/25/6526 3513/25/6525
f 3498/55/6527 3466/55/6527 3487/52/6527
f 3487/52/6527 3499/52/6527 3498/55/6527
f 3511/29/6528 3468/29/6529 3488/26/6530
f 3488/26/6530 3512/26/6531 3511/29/6528
f 3465/56/6532 3466/55/6532 3498/55/6532
f 3498/55/6532 3497/56/6532 3465/56/6532
f 3510/31/6533 3469/31/6533 3468/29/6533
f 3468/29/6533 3511/29/6533 3510/31/6533
f 3472/3/6534 3473/2/6534 3492/2/6534
f 3492/2/6534 3491/3/6534 3472/3/6534
f 3465/56/6535 3497/56/6536 3496/59/6536
f 3496/59/6536 3477/59/6535 3465/56/6535
f 3479/33/6537 3469/31/6538 3510/31/6537
f 3510/31/6537 3509/33/6539 3479/33/6537
f 3520/6/6540 3481/6/6540 3472/3/6540
f 3472/3/6540 3491/3/6540 3520/6/6540
f 3495/61/6541 3484/61/6541 3477/59/6542
f 3477/59/6542 3496/59/6541 3495/61/6541
f 3479/33/6543 3509/33/6543 3508/35/6544
f 3508/35/6544 3486/35/6543 3479/33/6543
f 3459/8/6545 3481/6/6545 3520/6/6546
f 3520/6/6546 3460/8/6546 3459/8/6545
f 3490/62/6547 3484/61/6548 3495/61/6547
f 3495/61/6547 3494/62/6549 3490/62/6547
f 3507/37/6550 3464/37/6550 3486/35/6550
f 3486/35/6550 3508/35/6551 3507/37/6550
