# Blender 5.0.1
# www.blender.org
o C_rculo_010_C_rculo_011
v 0.109049 -1.091204 -0.471756
v 0.202550 -1.091204 -0.462556
v 0.292450 -1.091204 -0.435256
v 0.375349 -1.091204 -0.391056
v 0.447949 -1.091204 -0.331356
v 0.507649 -1.091204 -0.258756
v 0.551849 -1.091204 -0.175856
v 0.579149 -1.091204 -0.085956
v 0.588350 -1.091204 0.007544
v 0.579149 -1.091204 0.101044
v 0.551849 -1.091204 0.190944
v 0.507649 -1.091204 0.273844
v 0.447949 -1.091204 0.346544
v 0.375349 -1.091204 0.406144
v 0.292450 -1.091204 0.450444
v 0.202550 -1.091204 0.477644
v 0.109049 -1.091204 0.486844
v 0.015549 -1.091204 0.477644
v -0.074351 -1.091204 0.450444
v -0.157251 -1.091204 0.406144
v -0.229851 -1.091204 0.346544
v -0.289551 -1.091204 0.273844
v -0.333851 -1.091204 0.190944
v -0.361051 -1.091204 0.101044
v -0.370251 -1.091204 0.007544
v -0.361051 -1.091204 -0.085956
v -0.333851 -1.091204 -0.175856
v -0.289551 -1.091204 -0.258756
v -0.229851 -1.091204 -0.331356
v 0.015549 -1.091204 -0.462556
v -0.157251 -1.091204 -0.391056
v -0.074351 -1.091204 -0.435256
v 0.614049 -1.112604 -0.092856
v 0.614049 -1.213404 -0.092856
v 0.623949 -1.213404 0.007544
v 0.623949 -1.112604 0.007544
v 0.306050 -1.112604 -0.468156
v 0.395050 -1.112604 -0.420556
v 0.209449 -1.112604 0.512544
v 0.109049 -1.112604 0.522444
v -0.255051 -1.112604 -0.356556
v -0.176951 -1.112604 -0.420556
v 0.209449 -1.112604 -0.497456
v 0.306050 -1.112604 0.483244
v -0.319050 -1.112604 -0.278456
v 0.109049 -1.112604 -0.507356
v 0.395050 -1.112604 0.435644
v -0.366651 -1.112604 -0.189456
v 0.473149 -1.112604 0.371644
v -0.395950 -1.112604 -0.092856
v 0.537149 -1.112604 0.293544
v -0.405851 -1.112604 0.007544
v 0.584750 -1.112604 0.204544
v -0.395950 -1.112604 0.107944
v 0.614049 -1.112604 0.107944
v -0.366651 -1.112604 0.204544
v -0.319050 -1.112604 0.293544
v -0.255051 -1.112604 0.371644
v 0.584750 -1.112604 -0.189456
v -0.176951 -1.112604 0.435644
v 0.537149 -1.112604 -0.278456
v -0.087951 -1.112604 0.483244
v 0.008650 -1.112604 -0.497456
v 0.473149 -1.112604 -0.356556
v 0.008650 -1.112604 0.512544
v -0.087951 -1.112604 -0.468156
v 0.008650 -1.213404 -0.497456
v -0.087951 -1.213404 -0.468156
v -0.176951 -1.213404 -0.420556
v -0.255051 -1.213404 -0.356556
v -0.319050 -1.213404 -0.278456
v -0.366651 -1.213404 -0.189456
v -0.395950 -1.213404 -0.092856
v -0.405851 -1.213404 0.007544
v -0.395950 -1.213404 0.107944
v -0.366651 -1.213404 0.204544
v -0.319050 -1.213404 0.293544
v -0.255051 -1.213404 0.371644
v -0.176951 -1.213404 0.435644
v -0.087951 -1.213404 0.483244
v 0.008650 -1.213404 0.512544
v 0.109049 -1.213404 0.522444
v 0.209449 -1.213404 0.512544
v 0.306050 -1.213404 0.483244
v 0.395050 -1.213404 0.435644
v 0.473149 -1.213404 0.371644
v 0.537149 -1.213404 0.293544
v 0.584750 -1.213404 0.204544
v 0.614049 -1.213404 0.107944
v 0.584750 -1.213404 -0.189456
v 0.537149 -1.213404 -0.278456
v 0.473149 -1.213404 -0.356556
v 0.395050 -1.213404 -0.420556
v 0.306050 -1.213404 -0.468156
v 0.209449 -1.213404 -0.497456
v 0.109049 -1.213404 -0.507356
v -0.377651 0.863096 -0.396156
v -0.305751 0.893896 -0.388456
v -0.236651 0.923396 -0.365656
v -0.172951 0.950696 -0.328656
v -0.117051 0.974596 -0.278756
v -0.071250 0.994196 -0.218056
v -0.037151 1.008796 -0.148756
v -0.016251 1.017696 -0.073556
v -0.009151 1.020796 0.004644
v -0.016251 1.017696 0.082844
v -0.037151 1.008796 0.158044
v -0.071250 0.994196 0.227344
v -0.117051 0.974596 0.288144
v -0.172951 0.950696 0.337944
v -0.236651 0.923396 0.375044
v -0.305751 0.893896 0.397844
v -0.377651 0.863096 0.405544
v -0.449551 0.832296 0.397844
v -0.518751 0.802796 0.375044
v -0.582451 0.775496 0.337944
v -0.638251 0.751596 0.288144
v -0.684151 0.731996 0.227344
v -0.718151 0.717396 0.158044
v -0.739151 0.708496 0.082844
v -0.746251 0.705396 0.004644
v -0.739151 0.708496 -0.073556
v -0.718151 0.717396 -0.148756
v -0.684151 0.731996 -0.218056
v -0.638251 0.751596 -0.278756
v -0.449551 0.832296 -0.388456
v -0.582451 0.775496 -0.328656
v -0.518751 0.802796 -0.365656
v -0.687451 0.587596 0.082844
v -0.640851 0.568396 0.075844
v -0.647251 0.565596 0.004644
v -0.694451 0.584496 0.004644
v -0.466951 0.681896 0.375044
v -0.530751 0.654596 0.337944
v -0.325951 0.742196 -0.396156
v -0.397851 0.711496 -0.388456
v -0.065351 0.853696 -0.278756
v -0.019551 0.873296 -0.218056
v -0.397851 0.711496 0.397844
v -0.466951 0.681896 -0.365656
v -0.121151 0.829796 -0.328656
v -0.325951 0.742196 0.405544
v -0.530751 0.654596 -0.328656
v -0.184951 0.802596 -0.365656
v -0.254051 0.772996 0.397844
v -0.586551 0.630696 -0.278756
v -0.254051 0.772996 -0.388456
v -0.184951 0.802596 0.375044
v -0.632351 0.611096 -0.218056
v -0.121151 0.829796 0.337944
v -0.666451 0.596496 -0.148756
v -0.065351 0.853696 0.288144
v -0.687451 0.587596 -0.073556
v -0.019551 0.873296 0.227344
v 0.014549 0.887896 0.158044
v 0.035549 0.896896 0.082844
v -0.666451 0.596496 0.158044
v 0.042549 0.899896 0.004644
v -0.632351 0.611096 0.227344
v 0.035549 0.896896 -0.073556
v -0.586551 0.630696 0.288144
v 0.014549 0.887896 -0.148756
v -0.549051 0.607696 0.262744
v -0.560651 0.581596 0.283644
v -0.605751 0.562296 0.223844
v -0.590751 0.589796 0.207444
v 0.017250 0.849896 0.075844
v -0.001851 0.841796 0.144344
v -0.621751 0.576496 0.144344
v 0.023650 0.852696 0.004644
v 0.017250 0.849896 -0.066556
v -0.001851 0.841796 -0.134956
v -0.498151 0.629396 0.308044
v -0.032851 0.828496 -0.198056
v -0.440151 0.654196 0.341844
v -0.377250 0.681096 -0.353256
v -0.311851 0.709096 -0.360256
v -0.074551 0.810596 -0.253356
v -0.377250 0.681096 0.362544
v -0.440151 0.654196 -0.332456
v -0.125451 0.788896 -0.298756
v -0.311851 0.709096 0.369544
v -0.498151 0.629396 -0.298756
v -0.183451 0.764096 -0.332456
v -0.246351 0.737196 0.362544
v -0.549051 0.607696 -0.253356
v -0.246351 0.737196 -0.353256
v -0.183451 0.764096 0.341844
v -0.590751 0.589796 -0.198056
v -0.125451 0.788896 0.308044
v -0.621751 0.576496 -0.134956
v -0.074551 0.810596 0.262744
v -0.640851 0.568396 -0.066556
v -0.032851 0.828496 0.207444
v -0.442951 0.631996 0.369144
v -0.374951 0.661096 0.391544
v -0.315351 0.521695 0.391544
v -0.383351 0.492596 0.369144
v 0.030850 0.834696 -0.146256
v 0.051549 0.843496 -0.072256
v -0.505651 0.605096 0.332644
v -0.002651 0.820296 -0.214456
v -0.374951 0.661096 -0.382156
v -0.304151 0.691296 -0.389756
v -0.047751 0.800996 -0.274256
v -0.442951 0.631996 -0.359756
v -0.102651 0.777496 -0.323256
v -0.304151 0.691296 0.399144
v -0.505651 0.605096 -0.323256
v -0.165350 0.750696 -0.359756
v -0.233451 0.721596 0.391544
v -0.560651 0.581596 -0.274256
v -0.233451 0.721596 -0.382156
v -0.165350 0.750696 0.369144
v -0.605751 0.562296 -0.214456
v -0.102651 0.777496 0.332644
v -0.639251 0.547996 -0.146256
v -0.047751 0.800996 0.283644
v -0.659851 0.539196 -0.072256
v -0.002651 0.820296 0.223844
v -0.666851 0.536196 0.004644
v 0.030850 0.834696 0.155644
v -0.659851 0.539196 0.081644
v 0.051549 0.843496 0.081644
v -0.639251 0.547996 0.155644
v 0.058449 0.846496 0.004644
v -0.105751 0.611296 0.369144
v -0.104250 0.566596 0.330144
v -0.164951 0.540596 0.350144
v -0.173751 0.582196 0.391544
v -0.383351 0.492596 -0.359756
v -0.315351 0.521695 -0.382156
v -0.043051 0.638196 -0.323256
v 0.011849 0.661696 -0.274256
v -0.244551 0.551996 0.399144
v -0.446051 0.465795 -0.323256
v -0.105751 0.611296 -0.359756
v -0.500951 0.442196 -0.274256
v -0.173751 0.582196 -0.382156
v -0.546051 0.422896 -0.214456
v -0.244551 0.551996 -0.389756
v -0.043051 0.638196 0.332644
v -0.579651 0.408596 -0.146256
v 0.011849 0.661696 0.283644
v -0.600251 0.399795 -0.072256
v 0.056949 0.680996 0.223844
v -0.607251 0.396795 0.004644
v 0.090550 0.695296 0.155644
v -0.600251 0.399795 0.081644
v 0.111149 0.704096 0.081644
v -0.579651 0.408596 0.155644
v 0.118149 0.707096 0.004644
v -0.546051 0.422896 0.223844
v 0.111149 0.704096 -0.072256
v -0.500951 0.442196 0.283644
v 0.090550 0.695296 -0.146256
v -0.446051 0.465795 0.332644
v 0.056949 0.680996 -0.214456
v 0.041149 0.628796 0.200344
v 0.091950 0.597095 0.223244
v 0.046949 0.577896 0.282844
v 0.000849 0.611596 0.253744
v -0.497451 0.398395 -0.191056
v -0.457151 0.415595 -0.244456
v -0.164951 0.540596 -0.340856
v -0.228151 0.513595 -0.347556
v -0.048250 0.590595 0.297544
v -0.527351 0.385596 -0.130156
v -0.545751 0.377696 -0.064056
v -0.552051 0.375095 0.004644
v 0.071050 0.641596 0.139444
v -0.545751 0.377696 0.073444
v 0.089449 0.649496 0.073444
v -0.527351 0.385596 0.139444
v 0.095749 0.652196 0.004644
v -0.497451 0.398395 0.200344
v 0.089449 0.649496 -0.064056
v -0.457151 0.415595 0.253744
v 0.071050 0.641596 -0.130156
v -0.408051 0.436596 0.297544
v 0.041149 0.628796 -0.191056
v -0.352051 0.460595 0.330144
v -0.291351 0.486595 -0.340856
v 0.000849 0.611596 -0.244456
v -0.291351 0.486595 0.350144
v -0.352051 0.460595 -0.320756
v -0.048250 0.590595 -0.288256
v -0.228151 0.513595 0.356944
v -0.408051 0.436596 -0.288256
v -0.104250 0.566596 -0.320756
v 0.211850 0.485495 0.004644
v 0.204849 0.482495 0.081444
v 0.145949 0.620196 0.081444
v 0.152849 0.623196 0.004644
v -0.563551 0.316696 -0.072056
v -0.570551 0.313695 0.004644
v 0.125349 0.611396 0.155244
v -0.563551 0.316696 0.081444
v -0.543051 0.325495 0.155244
v -0.509551 0.339796 0.223244
v 0.145949 0.620196 -0.072056
v -0.464551 0.358995 0.282844
v 0.125349 0.611396 -0.145856
v -0.409751 0.382495 0.331844
v 0.091950 0.597095 -0.213856
v -0.347251 0.409195 0.368144
v -0.279351 0.438295 -0.381156
v -0.208851 0.468396 -0.388756
v 0.046949 0.577896 -0.273556
v -0.279351 0.438295 0.390544
v -0.347251 0.409195 -0.358756
v -0.007851 0.554396 -0.322456
v -0.208851 0.468396 0.398144
v -0.409751 0.382495 -0.322456
v -0.070351 0.527696 -0.358756
v -0.138251 0.498596 0.390544
v -0.464551 0.358995 -0.273556
v -0.138251 0.498596 -0.381156
v -0.070351 0.527696 0.368144
v -0.509551 0.339796 -0.213856
v -0.007851 0.554396 0.331844
v -0.543051 0.325495 -0.145856
v 0.150850 0.459396 -0.213856
v 0.134849 0.379495 -0.183256
v 0.164149 0.390195 -0.124756
v 0.184249 0.473695 -0.145856
v -0.450651 0.202095 0.223244
v -0.484051 0.187795 0.155244
v 0.204849 0.482495 -0.072056
v -0.405651 0.221296 0.282844
v -0.350851 0.244796 0.331844
v -0.288351 0.271496 0.368144
v -0.220451 0.300495 -0.381156
v -0.149951 0.330695 -0.388756
v 0.105849 0.440195 -0.273556
v -0.220451 0.300495 0.390544
v -0.288351 0.271496 -0.358756
v 0.051050 0.416695 -0.322456
v -0.149951 0.330695 0.398144
v -0.350851 0.244796 -0.322456
v -0.011451 0.389996 -0.358756
v -0.079351 0.360895 0.390544
v -0.405651 0.221296 -0.273556
v -0.079351 0.360895 -0.381156
v -0.011451 0.389996 0.368144
v -0.450651 0.202095 -0.213856
v 0.051050 0.416695 0.331844
v -0.484051 0.187795 -0.145856
v 0.105849 0.440195 0.282844
v -0.504651 0.178995 -0.072056
v 0.150850 0.459396 0.223244
v -0.511651 0.175996 0.004644
v 0.184249 0.473695 0.155244
v -0.504651 0.178995 0.081444
v 0.243550 0.375395 0.080644
v 0.222750 0.367696 0.153744
v 0.164149 0.390195 0.134144
v 0.182249 0.396795 0.070644
v -0.250850 0.237995 0.317244
v -0.305851 0.217895 0.286044
v -0.191251 0.259896 -0.327156
v -0.129351 0.282595 -0.333656
v 0.095349 0.364995 -0.234556
v -0.191251 0.259896 0.336544
v -0.250850 0.237995 -0.307956
v 0.047149 0.347295 -0.276656
v -0.129351 0.282595 0.343044
v -0.305851 0.217895 -0.276656
v -0.007751 0.327195 -0.307956
v -0.067351 0.305296 0.336544
v -0.353951 0.200296 -0.234556
v -0.067351 0.305296 -0.327156
v -0.007751 0.327195 0.317244
v -0.393451 0.185795 -0.183256
v 0.047149 0.347295 0.286044
v -0.422851 0.174995 -0.124756
v 0.095349 0.364995 0.243944
v -0.440851 0.168395 -0.061356
v 0.134849 0.379495 0.192644
v -0.446950 0.166195 0.004644
v -0.440851 0.168395 0.070644
v -0.422851 0.174995 0.134144
v 0.188349 0.399095 0.004644
v -0.393451 0.185795 0.192644
v 0.182249 0.396795 -0.061356
v -0.353951 0.200296 0.243944
v 0.222750 0.367696 -0.144356
v 0.271049 0.235795 -0.144356
v 0.291849 0.243496 -0.071256
v 0.243550 0.375395 -0.071256
v -0.452951 0.119996 0.153744
v -0.473751 0.112395 0.080644
v 0.250549 0.377995 0.004644
v -0.419151 0.132395 0.221044
v -0.373650 0.149095 0.280044
v -0.318251 0.169396 0.328544
v 0.188950 0.355395 -0.211656
v -0.255051 0.192595 0.364544
v -0.186451 0.217696 -0.377356
v -0.115151 0.243895 -0.384756
v 0.143449 0.338695 -0.270756
v -0.186451 0.217696 0.386644
v -0.255051 0.192595 -0.355156
v 0.088049 0.318395 -0.319156
v -0.115151 0.243895 0.394144
v -0.318251 0.169396 -0.319156
v 0.024849 0.295196 -0.355156
v -0.043751 0.269996 0.386644
v -0.373650 0.149095 -0.270756
v -0.043751 0.269996 -0.377356
v 0.024849 0.295196 0.364544
v -0.419151 0.132395 -0.211656
v 0.088049 0.318395 0.328544
v -0.452951 0.119996 -0.144356
v 0.143449 0.338695 0.280044
v -0.473751 0.112395 -0.071256
v 0.188950 0.355395 0.221044
v -0.480851 0.109796 0.004644
v 0.179449 0.124296 -0.231156
v 0.191850 0.206796 -0.270756
v 0.136450 0.186395 -0.319156
v 0.131049 0.109695 -0.272556
v -0.269951 0.037495 0.328544
v -0.325351 0.017196 0.280044
v 0.237249 0.223396 -0.211656
v -0.206651 0.060695 0.364544
v -0.138050 0.085795 -0.377356
v -0.066751 0.111996 -0.384756
v -0.138050 0.085795 0.386644
v -0.206651 0.060695 -0.355156
v -0.066751 0.111996 0.394144
v -0.269951 0.037495 -0.319156
v 0.073150 0.163295 -0.355156
v 0.004549 0.138095 0.386644
v -0.325351 0.017196 -0.270756
v 0.004549 0.138095 -0.377356
v 0.073150 0.163295 0.364544
v -0.370851 0.000495 -0.211656
v 0.136450 0.186395 0.328544
v -0.404651 -0.011905 -0.144356
v 0.191850 0.206796 0.280044
v -0.425451 -0.019504 -0.071256
v 0.237249 0.223396 0.221044
v -0.432451 -0.022105 0.004644
v 0.271049 0.235795 0.153744
v -0.425451 -0.019504 0.080644
v 0.291849 0.243496 0.080644
v -0.404651 -0.011905 0.153744
v 0.298950 0.245995 0.004644
v -0.370851 0.000495 0.221044
v -0.034951 0.018395 -0.372456
v 0.035549 0.039695 -0.365256
v 0.015949 0.074995 -0.322356
v -0.046351 0.056195 -0.328756
v -0.046351 0.056195 0.338144
v -0.108651 0.037495 0.331744
v -0.223751 0.002796 -0.272556
v -0.168551 0.019396 -0.303356
v 0.075849 0.093095 -0.303356
v 0.015949 0.074995 0.331744
v -0.272051 -0.011805 -0.231156
v 0.075849 0.093095 0.312744
v -0.311751 -0.023804 -0.180556
v 0.131049 0.109695 0.281944
v -0.341251 -0.032705 -0.122956
v 0.179449 0.124296 0.240444
v -0.359451 -0.038104 -0.060356
v 0.219150 0.136195 0.189944
v -0.365651 -0.040005 0.004644
v 0.248650 0.145096 0.132244
v -0.359451 -0.038104 0.069744
v 0.266849 0.150595 0.069744
v -0.341251 -0.032705 0.132244
v 0.272950 0.152495 0.004644
v -0.311751 -0.023804 0.189944
v 0.266849 0.150595 -0.060356
v -0.272051 -0.011805 0.240444
v 0.248650 0.145096 -0.122956
v -0.223751 0.002796 0.281944
v 0.219150 0.136195 -0.180556
v -0.168551 0.019396 0.312744
v -0.108651 0.037495 -0.322356
v 0.298649 0.118995 0.149044
v 0.335949 -0.004705 0.149044
v 0.302549 -0.014805 0.214244
v 0.265349 0.108895 0.214244
v 0.165649 0.078896 0.318244
v 0.103249 0.060095 0.353144
v -0.335151 -0.072105 -0.204856
v -0.368551 -0.082105 -0.139656
v 0.220450 0.095396 0.271344
v -0.389051 -0.088305 -0.068856
v -0.396051 -0.090405 0.004644
v -0.389051 -0.088305 0.078244
v 0.319249 0.125195 0.078244
v -0.368551 -0.082105 0.149044
v 0.326150 0.127295 0.004644
v -0.335151 -0.072105 0.214244
v 0.319249 0.125195 -0.068856
v -0.290251 -0.058505 0.271344
v 0.298649 0.118995 -0.139656
v -0.235551 -0.042005 0.318244
v 0.265349 0.108895 -0.204856
v -0.173151 -0.023205 0.353144
v -0.105351 -0.002805 -0.365256
v 0.220450 0.095396 -0.261956
v -0.105351 -0.002805 0.374544
v -0.173151 -0.023205 -0.343756
v 0.165649 0.078896 -0.308856
v -0.034951 0.018395 0.381844
v -0.235551 -0.042005 -0.308856
v 0.103249 0.060095 -0.343756
v 0.035549 0.039695 0.374544
v -0.290251 -0.058505 -0.261956
v 0.324549 -0.084104 0.004644
v 0.363450 0.003596 0.004644
v 0.356549 0.001495 -0.068856
v 0.318649 -0.085405 -0.056856
v -0.351851 -0.212004 0.078244
v -0.358751 -0.214104 0.004644
v 0.356549 0.001495 0.078244
v -0.331251 -0.205805 0.149044
v -0.297851 -0.195705 0.214244
v -0.252950 -0.182205 0.271344
v 0.335949 -0.004705 -0.139656
v -0.198251 -0.165705 0.318244
v 0.302549 -0.014805 -0.204856
v -0.135850 -0.146905 0.353144
v 0.002349 -0.105305 -0.372456
v -0.068051 -0.126504 -0.365256
v 0.257649 -0.028305 -0.261956
v -0.068051 -0.126504 0.374544
v -0.135850 -0.146905 -0.343756
v 0.202949 -0.044805 -0.308856
v 0.002349 -0.105305 0.381844
v -0.198251 -0.165705 -0.308856
v 0.140549 -0.063605 -0.343756
v 0.072749 -0.084004 0.374544
v -0.252950 -0.182205 -0.261956
v 0.072749 -0.084004 -0.365256
v 0.140549 -0.063605 0.353144
v -0.297851 -0.195705 -0.204856
v 0.202949 -0.044805 0.318244
v -0.331251 -0.205805 -0.139656
v 0.257649 -0.028305 0.271344
v -0.351851 -0.212004 -0.068856
v 0.016049 -0.150605 -0.310956
v -0.044151 -0.163605 -0.304856
v -0.041151 -0.223205 -0.352956
v 0.028449 -0.208205 -0.360056
v -0.202151 -0.197704 0.227844
v -0.240551 -0.205905 0.180044
v 0.301050 -0.089204 -0.116056
v -0.155351 -0.187604 0.267144
v 0.272549 -0.095305 -0.170656
v -0.102051 -0.176104 0.296244
v 0.234150 -0.103604 -0.218456
v -0.044151 -0.163605 0.314244
v -0.102051 -0.176104 -0.286856
v 0.187450 -0.113705 -0.257756
v 0.016049 -0.150605 0.320244
v -0.155351 -0.187604 -0.257756
v 0.134049 -0.125205 -0.286856
v 0.076250 -0.137705 0.314244
v -0.202151 -0.197704 -0.218456
v 0.076250 -0.137705 -0.304856
v 0.134049 -0.125205 0.296244
v -0.240551 -0.205905 -0.170656
v 0.187450 -0.113705 0.267144
v -0.269051 -0.212104 -0.116056
v 0.234150 -0.103604 0.227844
v -0.286551 -0.215905 -0.056856
v 0.272549 -0.095305 0.180044
v -0.292451 -0.217104 0.004644
v 0.301050 -0.089204 0.125444
v -0.286551 -0.215905 0.066244
v 0.318649 -0.085405 0.066244
v -0.269051 -0.212104 0.125444
v -0.223651 -0.262505 -0.253156
v -0.196451 -0.388505 -0.253156
v -0.142451 -0.376905 -0.298556
v -0.169650 -0.250905 -0.298556
v 0.280549 -0.153804 -0.253156
v 0.324849 -0.144305 -0.197956
v -0.041151 -0.223205 0.362344
v -0.107951 -0.237605 0.341644
v -0.107951 -0.237605 -0.332256
v 0.226449 -0.165505 -0.298556
v 0.028449 -0.208205 0.369344
v 0.164849 -0.178805 -0.332256
v 0.097949 -0.193204 0.362344
v 0.097949 -0.193204 -0.352956
v 0.164849 -0.178805 0.341644
v -0.267951 -0.272105 -0.197956
v 0.226449 -0.165505 0.307944
v -0.300951 -0.279205 -0.134856
v 0.280549 -0.153804 0.262544
v -0.321250 -0.283605 -0.066456
v 0.324849 -0.144305 0.207244
v -0.328051 -0.285105 0.004644
v 0.357750 -0.137204 0.144244
v -0.321250 -0.283605 0.075844
v 0.378049 -0.132805 0.075844
v -0.300951 -0.279205 0.144244
v 0.384950 -0.131305 0.004644
v -0.267951 -0.272105 0.207244
v 0.378049 -0.132805 -0.066456
v -0.223651 -0.262505 0.262544
v 0.357750 -0.137204 -0.134856
v -0.169650 -0.250905 0.307944
v -0.234251 -0.411204 -0.054956
v -0.217151 -0.408204 -0.112256
v -0.273751 -0.405204 -0.134856
v -0.294051 -0.409504 -0.066456
v 0.125149 -0.319205 -0.352956
v 0.192049 -0.304705 -0.332256
v 0.192049 -0.304705 0.341644
v 0.125149 -0.319205 0.362344
v -0.240851 -0.398105 -0.197956
v 0.055549 -0.334204 -0.360056
v 0.253650 -0.291405 0.307944
v 0.307649 -0.279805 0.262544
v 0.352050 -0.270204 0.207244
v -0.300951 -0.411004 0.004644
v 0.384950 -0.263104 0.144244
v -0.294051 -0.409504 0.075844
v 0.405250 -0.258805 0.075844
v -0.273751 -0.405204 0.144244
v 0.412049 -0.257304 0.004644
v -0.240851 -0.398105 0.207244
v 0.405250 -0.258805 -0.066456
v -0.196451 -0.388505 0.262544
v 0.384950 -0.263104 -0.134856
v -0.142451 -0.376905 0.307944
v 0.352050 -0.270204 -0.197956
v -0.080851 -0.363605 0.341644
v -0.013951 -0.349105 -0.352956
v 0.307649 -0.279805 -0.253156
v -0.013951 -0.349105 0.362344
v -0.080851 -0.363605 -0.332256
v 0.253650 -0.291405 -0.298556
v 0.055549 -0.334204 0.369344
v -0.217151 -0.408204 0.121644
v -0.257051 -0.449104 0.140844
v -0.276951 -0.452604 0.074044
v -0.234251 -0.411204 0.064344
v 0.311549 -0.316505 0.174544
v 0.274149 -0.323005 0.220844
v -0.240050 -0.412204 0.004644
v 0.339449 -0.311705 0.121644
v 0.356549 -0.308704 0.064344
v 0.362349 -0.307705 0.004644
v -0.189251 -0.403404 0.174544
v 0.356549 -0.308704 -0.054956
v -0.151851 -0.396905 0.220844
v 0.339449 -0.311705 -0.112256
v -0.106151 -0.389005 0.258844
v 0.311549 -0.316505 -0.165156
v -0.054151 -0.379905 0.287044
v 0.002349 -0.370104 -0.295156
v 0.061150 -0.359905 -0.301056
v 0.274149 -0.323005 -0.211456
v 0.002349 -0.370104 0.304444
v -0.054151 -0.379905 -0.277756
v 0.228450 -0.330905 -0.249456
v 0.061150 -0.359905 0.310344
v -0.106151 -0.389005 -0.249456
v 0.176449 -0.340005 -0.277756
v 0.119950 -0.349805 0.304444
v -0.151851 -0.396905 -0.211456
v 0.119950 -0.349805 -0.295156
v 0.176449 -0.340005 0.287044
v -0.189251 -0.403404 -0.165156
v 0.228450 -0.330905 0.258844
v -0.127851 -0.426704 0.300544
v -0.106251 -0.551704 0.300544
v -0.159351 -0.560904 0.256244
v -0.181051 -0.436004 0.256244
v 0.417450 -0.332205 0.004644
v 0.410749 -0.333305 0.074044
v -0.224651 -0.443504 0.202344
v 0.410749 -0.333305 -0.064756
v 0.390750 -0.336805 -0.131456
v 0.358350 -0.342405 -0.192956
v -0.067251 -0.416204 0.333444
v -0.001550 -0.404804 -0.344256
v 0.066850 -0.393005 -0.351156
v 0.314750 -0.350004 -0.246956
v -0.001550 -0.404804 0.353644
v -0.067251 -0.416204 -0.324056
v 0.261649 -0.359205 -0.291156
v 0.066850 -0.393005 0.360444
v -0.127851 -0.426704 -0.291156
v 0.201050 -0.369705 -0.324056
v 0.135249 -0.381105 0.353644
v -0.181051 -0.436004 -0.246956
v 0.135249 -0.381105 -0.344256
v 0.201050 -0.369705 0.333444
v -0.224651 -0.443504 -0.192956
v 0.261649 -0.359205 0.300544
v -0.257051 -0.449104 -0.131456
v 0.314750 -0.350004 0.256244
v -0.276951 -0.452604 -0.064756
v 0.358350 -0.342405 0.202344
v -0.283751 -0.453804 0.004644
v 0.390750 -0.336805 0.140844
v 0.088549 -0.517904 0.360444
v 0.096950 -0.566604 0.314744
v 0.036650 -0.570104 0.308744
v 0.020150 -0.529704 0.353644
v 0.380050 -0.467304 -0.192956
v 0.412450 -0.461704 -0.131456
v -0.045651 -0.541104 0.333444
v 0.020150 -0.529704 -0.344256
v 0.088549 -0.517904 -0.351156
v 0.336449 -0.474904 -0.246956
v -0.045651 -0.541104 -0.324056
v 0.283349 -0.484104 -0.291156
v -0.106251 -0.551704 -0.291156
v 0.222650 -0.494604 -0.324056
v 0.156949 -0.506004 0.353644
v -0.159351 -0.560904 -0.246956
v 0.156949 -0.506004 -0.344256
v 0.222650 -0.494604 0.333444
v -0.202951 -0.568404 -0.192956
v 0.283349 -0.484104 0.300544
v -0.235351 -0.574004 -0.131456
v 0.336449 -0.474904 0.256244
v -0.255351 -0.577504 -0.064756
v 0.380050 -0.467304 0.202344
v -0.262051 -0.578704 0.004644
v 0.412450 -0.461704 0.140844
v -0.255351 -0.577504 0.074044
v 0.432350 -0.458304 0.074044
v -0.235351 -0.574004 0.140844
v 0.439149 -0.457104 0.004644
v -0.202951 -0.568404 0.202344
v 0.432350 -0.458304 -0.064756
v 0.268949 -0.556904 0.262444
v 0.293050 -0.579204 0.296544
v 0.232449 -0.582604 0.328944
v 0.215450 -0.559904 0.291144
v -0.074951 -0.576404 -0.253156
v -0.021451 -0.573404 -0.281756
v 0.215450 -0.559904 -0.281756
v 0.268949 -0.556904 -0.253156
v 0.157350 -0.563204 0.308744
v -0.121851 -0.579104 -0.214556
v 0.157350 -0.563204 -0.299456
v -0.160351 -0.581304 -0.167556
v 0.096950 -0.566604 -0.305356
v -0.188951 -0.582904 -0.113956
v 0.315849 -0.554204 0.223944
v -0.206651 -0.583904 -0.055856
v 0.354349 -0.552004 0.176944
v -0.212551 -0.584304 0.004644
v 0.382950 -0.550404 0.123344
v -0.206651 -0.583904 0.065144
v 0.400549 -0.549404 0.065144
v -0.188951 -0.582904 0.123344
v 0.406550 -0.549004 0.004644
v -0.160351 -0.581304 0.176944
v 0.400549 -0.549404 -0.055856
v -0.121851 -0.579104 0.223944
v 0.382950 -0.550404 -0.113956
v -0.074951 -0.576404 0.262444
v 0.354349 -0.552004 -0.167556
v -0.021451 -0.573404 0.291144
v 0.036650 -0.570104 -0.299456
v 0.315849 -0.554204 -0.214556
v 0.422149 -0.571804 0.139044
v 0.429149 -0.694804 0.139044
v 0.396749 -0.696704 0.199744
v 0.389749 -0.573704 0.199744
v -0.193051 -0.606904 -0.190356
v -0.225451 -0.608704 -0.129656
v 0.346150 -0.576204 0.252844
v -0.245351 -0.609804 -0.063756
v -0.252151 -0.610204 0.004644
v -0.245351 -0.609804 0.073144
v 0.442049 -0.570704 0.073144
v -0.225451 -0.608704 0.139044
v 0.448749 -0.570304 0.004644
v -0.193051 -0.606904 0.199744
v 0.442049 -0.570704 -0.063756
v -0.149451 -0.604404 0.252844
v 0.422149 -0.571804 -0.129656
v -0.096350 -0.601404 0.296544
v 0.389749 -0.573704 -0.190356
v -0.035751 -0.597904 0.328944
v 0.029949 -0.594204 -0.339556
v 0.098350 -0.590304 -0.346356
v 0.346150 -0.576204 -0.243556
v 0.029949 -0.594204 0.348944
v -0.035751 -0.597904 -0.319656
v 0.293050 -0.579204 -0.287156
v 0.098350 -0.590304 0.355744
v -0.096350 -0.601404 -0.287156
v 0.232449 -0.582604 -0.319656
v 0.166750 -0.586404 0.348944
v -0.149451 -0.604404 -0.243556
v 0.166750 -0.586404 -0.339556
v 0.449050 -0.693704 -0.063756
v 0.413549 -0.748704 -0.056256
v 0.419550 -0.748704 0.004644
v 0.455849 -0.693304 0.004644
v -0.238351 -0.732804 0.073144
v -0.245151 -0.733204 0.004644
v 0.449050 -0.693704 0.073144
v -0.218451 -0.731704 0.139044
v -0.186051 -0.729904 0.199744
v -0.142451 -0.727404 0.252844
v 0.429149 -0.694804 -0.129656
v -0.089351 -0.724404 0.296544
v 0.396749 -0.696704 -0.190356
v -0.028751 -0.720904 0.328944
v 0.105349 -0.713304 -0.346356
v 0.036949 -0.717204 -0.339556
v 0.353149 -0.699204 -0.243556
v 0.036949 -0.717204 0.348944
v -0.028751 -0.720904 -0.319656
v 0.300049 -0.702204 -0.287156
v 0.105349 -0.713304 0.355744
v -0.089351 -0.724404 -0.287156
v 0.239449 -0.705604 -0.319656
v 0.173750 -0.709404 0.348944
v -0.142451 -0.727404 -0.243556
v 0.173750 -0.709404 -0.339556
v 0.239449 -0.705604 0.328944
v -0.186051 -0.729904 -0.190356
v 0.300049 -0.702204 0.296544
v -0.218451 -0.731704 -0.129656
v 0.353149 -0.699204 0.252844
v -0.238351 -0.732804 -0.063756
v 0.298950 -0.782604 0.291244
v 0.239349 -0.782804 0.323044
v 0.226849 -0.749204 0.293044
v 0.280850 -0.749104 0.264244
v -0.113351 -0.750104 0.225444
v -0.152151 -0.750204 0.178144
v 0.395750 -0.748804 -0.114756
v -0.066051 -0.749904 0.264244
v 0.366949 -0.748804 -0.168756
v -0.012051 -0.749804 0.293044
v 0.046549 -0.749704 -0.301456
v 0.107449 -0.749504 -0.307456
v 0.328149 -0.748904 -0.216056
v 0.046549 -0.749704 0.310844
v -0.012051 -0.749804 -0.283756
v 0.280850 -0.749104 -0.254856
v 0.107449 -0.749504 0.316844
v -0.066051 -0.749904 -0.254856
v 0.226849 -0.749204 -0.283756
v 0.168349 -0.749304 0.310844
v -0.113351 -0.750104 -0.216056
v 0.168349 -0.749304 -0.301456
v -0.152151 -0.750204 -0.168756
v -0.180951 -0.750204 -0.114756
v 0.328149 -0.748904 0.225444
v -0.198751 -0.750304 -0.056256
v 0.366949 -0.748804 0.178144
v -0.204751 -0.750304 0.004644
v 0.395750 -0.748804 0.124144
v -0.198751 -0.750304 0.065544
v 0.413549 -0.748704 0.065544
v -0.180951 -0.750204 0.124144
v 0.394049 -0.782404 0.196144
v 0.425849 -0.782304 0.136544
v 0.426149 -0.847904 0.136544
v 0.394350 -0.848004 0.196144
v -0.210951 -0.783904 -0.127156
v -0.179051 -0.783804 -0.186756
v 0.351149 -0.782504 0.248344
v -0.230551 -0.784004 -0.062556
v -0.237150 -0.784004 0.004644
v -0.230551 -0.784004 0.071944
v 0.445450 -0.782204 0.071944
v -0.210951 -0.783904 0.136544
v 0.452149 -0.782204 0.004644
v -0.179051 -0.783804 0.196144
v 0.445450 -0.782204 -0.062556
v -0.136151 -0.783704 0.248344
v 0.425849 -0.782304 -0.127156
v -0.083951 -0.783604 0.291244
v 0.394049 -0.782404 -0.186756
v -0.024351 -0.783404 0.323044
v 0.040250 -0.783304 -0.333356
v 0.107449 -0.783104 -0.339956
v 0.351149 -0.782504 -0.239056
v 0.040250 -0.783304 0.342644
v -0.024351 -0.783404 -0.313756
v 0.298950 -0.782604 -0.281856
v 0.107449 -0.783104 0.349344
v -0.083951 -0.783604 -0.281856
v 0.239349 -0.782804 -0.313756
v 0.174749 -0.782904 0.342644
v -0.136151 -0.783704 -0.239056
v 0.174749 -0.782904 -0.333356
v 0.040549 -0.848904 -0.333356
v -0.024151 -0.849104 -0.313756
v -0.083651 -0.849204 -0.281856
v -0.135951 -0.849404 -0.239056
v -0.178751 -0.849504 -0.186756
v -0.210651 -0.849604 -0.127156
v -0.230251 -0.849604 -0.062556
v -0.236851 -0.849604 0.004644
v -0.230251 -0.849604 0.071944
v -0.210651 -0.849604 0.136544
v -0.178751 -0.849504 0.196144
v -0.135951 -0.849404 0.248344
v -0.083651 -0.849204 0.291244
v -0.024151 -0.849104 0.323044
v 0.040549 -0.848904 0.342644
v 0.107750 -0.848804 0.349344
v 0.175049 -0.848604 0.342644
v 0.239649 -0.848404 0.323044
v 0.299249 -0.848304 0.291244
v 0.351449 -0.848104 0.248344
v 0.445749 -0.847904 0.071944
v 0.452450 -0.847904 0.004644
v 0.445749 -0.847904 -0.062556
v 0.426149 -0.847904 -0.127156
v 0.394350 -0.848004 -0.186756
v 0.351449 -0.848104 -0.239056
v 0.299249 -0.848304 -0.281856
v 0.239649 -0.848404 -0.313756
v 0.175049 -0.848604 -0.333356
v 0.107750 -0.848804 -0.339956
v -0.442051 0.879596 -0.419256
v -0.439451 0.878196 -0.406956
v -0.420751 0.886196 -0.409456
v -0.422751 0.887896 -0.421856
v -0.401951 0.894196 -0.411056
v -0.403351 0.896096 -0.423456
v -0.422951 0.885196 -0.434256
v -0.442851 0.876696 -0.431556
v -0.403051 0.893696 -0.435856
v -0.458051 0.870196 -0.403456
v -0.453451 0.864496 -0.393356
v -0.435351 0.872296 -0.396756
v -0.417051 0.880096 -0.399256
v -0.398651 0.887896 -0.400756
v -0.380251 0.895696 -0.401256
v -0.383051 0.902196 -0.411556
v -0.383951 0.904396 -0.423956
v -0.383051 0.902196 -0.436356
v -0.400751 0.886996 -0.446156
v -0.380251 0.895696 -0.446656
v -0.421151 0.878296 -0.444456
v -0.441451 0.869596 -0.441756
v -0.461651 0.860996 -0.437956
v -0.462551 0.868296 -0.427856
v -0.461251 0.871496 -0.415656
v -0.414951 0.816096 -0.419256
v -0.395651 0.824296 -0.421856
v -0.395451 0.826896 -0.409456
v -0.414251 0.818896 -0.406956
v -0.417551 0.817496 -0.431556
v -0.397751 0.825996 -0.434256
v -0.376251 0.832596 -0.423456
v -0.376651 0.834996 -0.411056
v -0.377751 0.834496 -0.435856
v -0.432851 0.810996 -0.403456
v -0.415651 0.825996 -0.396756
v -0.433751 0.818296 -0.393356
v -0.434151 0.807896 -0.415656
v -0.437251 0.809096 -0.427856
v -0.441951 0.814796 -0.437956
v -0.421751 0.823396 -0.441756
v -0.401451 0.832096 -0.444456
v -0.381051 0.840796 -0.446156
v -0.357751 0.842996 -0.436356
v -0.360551 0.849496 -0.446656
v -0.356851 0.840796 -0.423956
v -0.357751 0.842996 -0.411556
v -0.378951 0.841696 -0.400756
v -0.360551 0.849496 -0.401256
v -0.397350 0.833796 -0.399256
v -0.490351 0.783896 -0.398756
v -0.471851 0.791796 -0.405356
v -0.469451 0.795396 -0.393456
v -0.487351 0.787696 -0.387056
v -0.495151 0.784496 -0.410456
v -0.476151 0.792596 -0.417256
v -0.453151 0.799796 -0.411056
v -0.451250 0.803096 -0.398956
v -0.456851 0.800796 -0.423056
v -0.486951 0.795596 -0.377356
v -0.504151 0.788296 -0.370156
v -0.505051 0.780196 -0.379656
v -0.508451 0.776196 -0.391156
v -0.513751 0.776496 -0.402656
v -0.520151 0.781496 -0.412156
v -0.501051 0.789596 -0.420156
v -0.481651 0.797896 -0.427156
v -0.461851 0.806296 -0.433056
v -0.451751 0.810596 -0.388956
v -0.469451 0.803096 -0.383656
v -0.560551 0.753996 -0.362656
v -0.543651 0.761196 -0.373056
v -0.539151 0.765696 -0.362156
v -0.555551 0.758696 -0.351956
v -0.567351 0.753696 -0.373356
v -0.549951 0.761096 -0.384056
v -0.526251 0.768596 -0.382556
v -0.522251 0.772896 -0.371356
v -0.532051 0.768696 -0.393856
v -0.553451 0.767196 -0.343156
v -0.569051 0.760596 -0.332456
v -0.571551 0.751896 -0.341056
v -0.576951 0.746996 -0.351356
v -0.584251 0.746396 -0.361656
v -0.592251 0.750696 -0.370256
v -0.574951 0.758096 -0.382156
v -0.557151 0.765696 -0.393156
v -0.538851 0.773496 -0.403156
v -0.520951 0.781096 -0.362056
v -0.537451 0.774096 -0.353056
v -0.622951 0.727396 -0.312356
v -0.608151 0.733696 -0.326156
v -0.601851 0.738896 -0.316556
v -0.616151 0.732796 -0.303156
v -0.631551 0.726296 -0.321556
v -0.616351 0.732696 -0.335756
v -0.592851 0.740196 -0.339156
v -0.586951 0.745296 -0.329156
v -0.600551 0.739496 -0.349156
v -0.612551 0.742096 -0.295556
v -0.625951 0.736396 -0.281756
v -0.629851 0.726996 -0.288956
v -0.637051 0.721396 -0.297756
v -0.646051 0.720096 -0.306556
v -0.640651 0.730096 -0.329256
v -0.655451 0.723796 -0.313856
v -0.625151 0.736696 -0.343756
v -0.609051 0.743596 -0.357456
v -0.584051 0.754196 -0.320956
v -0.598651 0.747996 -0.308556
v -0.675051 0.705196 -0.249856
v -0.663151 0.710296 -0.266456
v -0.655151 0.716196 -0.258556
v -0.666851 0.711196 -0.242356
v -0.685151 0.703396 -0.257256
v -0.672851 0.708696 -0.274356
v -0.650451 0.715696 -0.282456
v -0.642851 0.721496 -0.274156
v -0.659851 0.714196 -0.290856
v -0.661951 0.720996 -0.236256
v -0.672551 0.716496 -0.219856
v -0.677651 0.706596 -0.225656
v -0.686251 0.700396 -0.232556
v -0.696751 0.698496 -0.239456
v -0.707351 0.701596 -0.245156
v -0.695551 0.706696 -0.263356
v -0.682951 0.711996 -0.280856
v -0.669651 0.717696 -0.297756
v -0.638651 0.730896 -0.267256
v -0.650651 0.725796 -0.252056
v -0.715051 0.688096 -0.177356
v -0.706251 0.691896 -0.196256
v -0.697051 0.698296 -0.190456
v -0.705551 0.694696 -0.172056
v -0.726251 0.685896 -0.182656
v -0.717251 0.689696 -0.202156
v -0.696651 0.695896 -0.214656
v -0.687751 0.702296 -0.208256
v -0.707451 0.693896 -0.221056
v -0.699751 0.704896 -0.167656
v -0.707251 0.701696 -0.149356
v -0.713251 0.691396 -0.153256
v -0.722851 0.684796 -0.158056
v -0.734351 0.682396 -0.162856
v -0.745951 0.685196 -0.166756
v -0.737651 0.688696 -0.187156
v -0.728451 0.692696 -0.206956
v -0.718351 0.696996 -0.226356
v -0.682451 0.712296 -0.202956
v -0.691551 0.708396 -0.185556
v -0.741151 0.676996 -0.097856
v -0.735951 0.679196 -0.118256
v -0.725951 0.685996 -0.114656
v -0.731051 0.683896 -0.094856
v -0.753151 0.674396 -0.100956
v -0.747851 0.676696 -0.121856
v -0.729851 0.681796 -0.138356
v -0.720051 0.688496 -0.134156
v -0.741551 0.679396 -0.142556
v -0.724551 0.694296 -0.092356
v -0.728651 0.692596 -0.072856
v -0.735151 0.682096 -0.074856
v -0.745451 0.675196 -0.077256
v -0.757551 0.672496 -0.079656
v -0.769651 0.675096 -0.081656
v -0.765151 0.676996 -0.103456
v -0.759651 0.679296 -0.124856
v -0.753251 0.682096 -0.145956
v -0.713851 0.698896 -0.130656
v -0.719651 0.696396 -0.111656
v -0.752551 0.672096 -0.014356
v -0.751151 0.672696 -0.035456
v -0.740651 0.679696 -0.034256
v -0.742051 0.679196 -0.013756
v -0.764951 0.669396 -0.014956
v -0.763451 0.669996 -0.036656
v -0.748751 0.673696 -0.056456
v -0.738351 0.680696 -0.054656
v -0.760951 0.671096 -0.058256
v -0.735351 0.689696 -0.013256
v -0.735851 0.689496 0.006744
v -0.742551 0.678996 0.006744
v -0.753051 0.671896 0.006744
v -0.765451 0.669196 0.006744
v -0.777151 0.671896 -0.015456
v -0.777651 0.671696 0.006744
v -0.775651 0.672496 -0.037656
v -0.773151 0.673596 -0.059756
v -0.731751 0.691196 -0.053056
v -0.734051 0.690296 -0.033256
v -0.748751 0.673696 0.069944
v -0.751151 0.672696 0.048944
v -0.740651 0.679696 0.047744
v -0.738351 0.680696 0.068144
v -0.760951 0.671096 0.071744
v -0.763451 0.669996 0.050244
v -0.752551 0.672096 0.027944
v -0.742051 0.679196 0.027244
v -0.764951 0.669396 0.028544
v -0.731751 0.691196 0.066644
v -0.728651 0.692596 0.086344
v -0.735151 0.682096 0.088344
v -0.745451 0.675196 0.090744
v -0.757551 0.672496 0.093244
v -0.773151 0.673596 0.073344
v -0.769651 0.675096 0.095244
v -0.775651 0.672496 0.051244
v -0.777151 0.671896 0.029044
v -0.735351 0.689696 0.026744
v -0.734051 0.690296 0.046744
v -0.729851 0.681796 0.151844
v -0.735951 0.679196 0.131744
v -0.725951 0.685996 0.128144
v -0.720051 0.688496 0.147644
v -0.741551 0.679396 0.156044
v -0.747851 0.676696 0.135444
v -0.741151 0.676996 0.111444
v -0.731051 0.683896 0.108444
v -0.753151 0.674396 0.114444
v -0.713851 0.698896 0.144244
v -0.707251 0.701696 0.162844
v -0.713251 0.691396 0.166844
v -0.722851 0.684796 0.171544
v -0.734351 0.682396 0.176344
v -0.753251 0.682096 0.159544
v -0.745951 0.685196 0.180244
v -0.759651 0.679296 0.138344
v -0.765151 0.676996 0.116944
v -0.724551 0.694296 0.105844
v -0.719651 0.696396 0.125144
v -0.696651 0.695896 0.228144
v -0.706251 0.691896 0.209844
v -0.697051 0.698296 0.203944
v -0.687751 0.702296 0.221844
v -0.707451 0.693896 0.234544
v -0.717251 0.689696 0.215644
v -0.715051 0.688096 0.190944
v -0.705551 0.694696 0.185644
v -0.726251 0.685896 0.196244
v -0.682451 0.712296 0.216544
v -0.672551 0.716496 0.233444
v -0.677651 0.706596 0.239144
v -0.686251 0.700396 0.246044
v -0.696751 0.698496 0.252944
v -0.718351 0.696996 0.239844
v -0.707351 0.701596 0.258644
v -0.728451 0.692696 0.220544
v -0.737651 0.688696 0.200644
v -0.699751 0.704896 0.181244
v -0.691551 0.708396 0.199044
v -0.650451 0.715696 0.296044
v -0.663151 0.710296 0.280044
v -0.655151 0.716196 0.272144
v -0.642851 0.721496 0.287644
v -0.659851 0.714196 0.304344
v -0.672851 0.708696 0.287844
v -0.675051 0.705196 0.263344
v -0.666851 0.711196 0.255944
v -0.685151 0.703396 0.270744
v -0.638651 0.730896 0.280744
v -0.625951 0.736396 0.295244
v -0.629851 0.726996 0.302544
v -0.637051 0.721396 0.311344
v -0.646051 0.720096 0.320144
v -0.669651 0.717696 0.311244
v -0.655451 0.723796 0.327444
v -0.682951 0.711996 0.294444
v -0.695551 0.706696 0.276844
v -0.661951 0.720996 0.249744
v -0.650651 0.725796 0.265544
v -0.592851 0.740196 0.352744
v -0.608151 0.733696 0.339744
v -0.601851 0.738896 0.330044
v -0.586951 0.745296 0.342744
v -0.600551 0.739496 0.362744
v -0.616351 0.732696 0.349344
v -0.622951 0.727396 0.325944
v -0.616151 0.732796 0.316644
v -0.631551 0.726296 0.335144
v -0.584051 0.754196 0.334444
v -0.569051 0.760596 0.345944
v -0.571551 0.751896 0.354544
v -0.576951 0.746996 0.364844
v -0.584251 0.746396 0.375244
v -0.609051 0.743596 0.370944
v -0.592251 0.750696 0.383744
v -0.625151 0.736696 0.357244
v -0.640651 0.730096 0.342744
v -0.612551 0.742096 0.309044
v -0.598651 0.747996 0.322144
v -0.526251 0.768596 0.396144
v -0.543651 0.761196 0.386644
v -0.539151 0.765696 0.375644
v -0.522251 0.772896 0.384844
v -0.532051 0.768696 0.407344
v -0.549951 0.761096 0.397544
v -0.560551 0.753996 0.376144
v -0.555551 0.758696 0.365544
v -0.567351 0.753696 0.386844
v -0.520951 0.781096 0.375544
v -0.504151 0.788296 0.383644
v -0.505051 0.780196 0.393244
v -0.508451 0.776196 0.404644
v -0.513751 0.776496 0.416144
v -0.538851 0.773496 0.416644
v -0.520151 0.781496 0.425644
v -0.557151 0.765696 0.406644
v -0.574951 0.758096 0.395744
v -0.553451 0.767196 0.356644
v -0.537451 0.774096 0.366544
v -0.453151 0.799796 0.424544
v -0.471851 0.791796 0.418944
v -0.469451 0.795396 0.407044
v -0.451250 0.803096 0.412544
v -0.456851 0.800796 0.436644
v -0.476151 0.792596 0.430844
v -0.490351 0.783896 0.412244
v -0.487351 0.787696 0.400544
v -0.495151 0.784496 0.424044
v -0.451751 0.810596 0.402544
v -0.433751 0.818296 0.406944
v -0.432851 0.810996 0.417044
v -0.434151 0.807896 0.429244
v -0.437251 0.809096 0.441344
v -0.461851 0.806296 0.446644
v -0.441951 0.814796 0.451544
v -0.481651 0.797896 0.440644
v -0.501051 0.789596 0.433744
v -0.486951 0.795596 0.390844
v -0.469451 0.803096 0.397144
v -0.376251 0.832596 0.436944
v -0.395651 0.824296 0.435444
v -0.395451 0.826896 0.423044
v -0.376651 0.834996 0.424544
v -0.377751 0.834496 0.449344
v -0.397751 0.825996 0.447744
v -0.414951 0.816096 0.432844
v -0.414251 0.818896 0.420544
v -0.417551 0.817496 0.445144
v -0.378951 0.841696 0.414244
v -0.360551 0.849496 0.414744
v -0.357751 0.842996 0.425044
v -0.356851 0.840796 0.437444
v -0.357751 0.842996 0.449944
v -0.381051 0.840796 0.459644
v -0.360551 0.849496 0.460244
v -0.401451 0.832096 0.458044
v -0.421751 0.823396 0.455344
v -0.415651 0.825996 0.410344
v -0.397350 0.833796 0.412744
v -0.298751 0.865596 0.432844
v -0.318051 0.857396 0.435444
v -0.320051 0.859096 0.423044
v -0.301351 0.867096 0.420544
v -0.297951 0.868496 0.445144
v -0.317851 0.859996 0.447744
v -0.337451 0.849096 0.436944
v -0.338851 0.851096 0.424544
v -0.337750 0.851496 0.449344
v -0.305450 0.872996 0.410344
v -0.287351 0.880696 0.406944
v -0.282751 0.874996 0.417044
v -0.279550 0.873796 0.429244
v -0.278251 0.876896 0.441344
v -0.299351 0.875596 0.455344
v -0.279151 0.884196 0.451544
v -0.319651 0.866896 0.458044
v -0.340051 0.858196 0.459644
v -0.342151 0.857396 0.414244
v -0.323751 0.865196 0.412744
v -0.223351 0.897796 0.412244
v -0.241851 0.889896 0.418944
v -0.246051 0.890596 0.407044
v -0.228151 0.898296 0.400544
v -0.220451 0.901596 0.424044
v -0.239451 0.893496 0.430844
v -0.260551 0.881896 0.424544
v -0.264251 0.882896 0.412544
v -0.258750 0.885196 0.436644
v -0.234151 0.903396 0.390844
v -0.216951 0.910696 0.383644
v -0.210551 0.905796 0.393244
v -0.205251 0.905496 0.404644
v -0.201751 0.909496 0.416144
v -0.220051 0.909396 0.433744
v -0.200951 0.917596 0.425644
v -0.239451 0.901096 0.440644
v -0.259151 0.892696 0.446644
v -0.269351 0.888396 0.402544
v -0.251651 0.895996 0.397144
v -0.153150 0.927696 0.376144
v -0.170051 0.920496 0.386644
v -0.176351 0.920296 0.375644
v -0.159951 0.927296 0.365544
v -0.148251 0.932396 0.386844
v -0.165651 0.924896 0.397544
v -0.187451 0.913096 0.396144
v -0.193251 0.913096 0.384844
v -0.183451 0.917296 0.407344
v -0.167651 0.931796 0.356644
v -0.152051 0.938396 0.345944
v -0.144051 0.934096 0.354544
v -0.136751 0.934696 0.364844
v -0.131351 0.939596 0.375244
v -0.146151 0.940896 0.395744
v -0.128851 0.948296 0.383744
v -0.163951 0.933296 0.406644
v -0.182251 0.925496 0.416644
v -0.200051 0.917896 0.375544
v -0.183651 0.924896 0.366544
v -0.090751 0.954296 0.325944
v -0.105551 0.947996 0.339744
v -0.113651 0.947096 0.330044
v -0.099351 0.953196 0.316644
v -0.084051 0.959696 0.335144
v -0.099151 0.953296 0.349344
v -0.120851 0.941496 0.352744
v -0.128551 0.940696 0.342744
v -0.114951 0.946496 0.362744
v -0.108550 0.956996 0.309044
v -0.095151 0.962696 0.295244
v -0.085751 0.958996 0.302544
v -0.076651 0.960296 0.311344
v -0.069551 0.965896 0.320144
v -0.080451 0.968896 0.342744
v -0.065651 0.975296 0.327444
v -0.095951 0.962296 0.357244
v -0.112051 0.955496 0.370944
v -0.136951 0.944796 0.334444
v -0.122451 0.950996 0.322144
v -0.038651 0.976496 0.263344
v -0.050551 0.971396 0.280044
v -0.060351 0.969796 0.272144
v -0.048751 0.974796 0.255944
v -0.030351 0.982596 0.270744
v -0.042651 0.977396 0.287844
v -0.063251 0.965996 0.296044
v -0.072650 0.964596 0.287644
v -0.055751 0.971796 0.304344
v -0.059151 0.977996 0.249744
v -0.048551 0.982596 0.233444
v -0.037851 0.979396 0.239144
v -0.027451 0.981296 0.246044
v -0.018851 0.987496 0.252944
v -0.025551 0.992396 0.276844
v -0.013750 0.997396 0.258644
v -0.038150 0.986996 0.294444
v -0.051451 0.981296 0.311244
v -0.082451 0.968096 0.280744
v -0.070451 0.973196 0.265544
v 0.001350 0.993496 0.190944
v -0.007451 0.989796 0.209844
v -0.018451 0.987696 0.203944
v -0.009951 0.991296 0.185644
v 0.010750 1.000096 0.196244
v 0.001749 0.996296 0.215644
v -0.017051 0.985696 0.228144
v -0.027751 0.983696 0.221844
v -0.008151 0.992096 0.234544
v -0.021251 0.994196 0.181244
v -0.013851 0.997296 0.162844
v -0.002250 0.994596 0.166844
v 0.009149 0.996896 0.171544
v 0.018849 1.003596 0.176344
v 0.016550 1.010296 0.200644
v 0.024849 1.013796 0.180244
v 0.007349 1.006396 0.220544
v -0.002751 1.002096 0.239844
v -0.038651 0.986796 0.216544
v -0.029550 0.990596 0.199044
v 0.027449 1.004696 0.111444
v 0.022250 1.002496 0.131744
v 0.010449 0.999996 0.128144
v 0.015449 1.002096 0.108444
v 0.037649 1.011596 0.114444
v 0.032350 1.009296 0.135444
v 0.016149 0.999896 0.151844
v 0.004449 0.997496 0.147644
v 0.026049 1.006696 0.156044
v 0.003449 1.004696 0.105844
v 0.007549 1.006396 0.086344
v 0.019549 1.003896 0.088344
v 0.031749 1.006496 0.090744
v 0.042049 1.013496 0.093244
v 0.044049 1.021996 0.116944
v 0.048549 1.023896 0.095244
v 0.038649 1.019696 0.138344
v 0.032149 1.016996 0.159544
v -0.007151 1.000196 0.144244
v -0.001451 1.002596 0.125144
v 0.038850 1.009596 0.027944
v 0.037450 1.008996 0.048944
v 0.025150 1.006296 0.047744
v 0.026550 1.006896 0.027244
v 0.049349 1.016596 0.028544
v 0.047849 1.015996 0.050244
v 0.035049 1.007896 0.069944
v 0.022850 1.005296 0.068144
v 0.045449 1.014896 0.071744
v 0.014250 1.009296 0.026744
v 0.014749 1.009496 0.006744
v 0.026949 1.007096 0.006744
v 0.039349 1.009796 0.006744
v 0.049849 1.016796 0.006744
v 0.056050 1.027096 0.029044
v 0.056549 1.027396 0.006744
v 0.054550 1.026496 0.051244
v 0.052049 1.025396 0.073344
v 0.010650 1.007796 0.066644
v 0.012950 1.008696 0.046744
v 0.035049 1.007896 -0.056456
v 0.037450 1.008996 -0.035456
v 0.025150 1.006296 -0.034256
v 0.022850 1.005296 -0.054656
v 0.045449 1.014896 -0.058256
v 0.047849 1.015996 -0.036656
v 0.038850 1.009596 -0.014356
v 0.026550 1.006896 -0.013756
v 0.049349 1.016596 -0.014956
v 0.010650 1.007796 -0.053056
v 0.007549 1.006396 -0.072856
v 0.019549 1.003896 -0.074856
v 0.031749 1.006496 -0.077256
v 0.042049 1.013496 -0.079656
v 0.052049 1.025396 -0.059756
v 0.048549 1.023896 -0.081656
v 0.054550 1.026496 -0.037656
v 0.056050 1.027096 -0.015456
v 0.014250 1.009296 -0.013256
v 0.012950 1.008696 -0.033256
v 0.016149 0.999896 -0.138356
v 0.022250 1.002496 -0.118256
v 0.010449 0.999996 -0.114656
v 0.004449 0.997496 -0.134156
v 0.026049 1.006696 -0.142556
v 0.032350 1.009296 -0.121856
v 0.027449 1.004696 -0.097856
v 0.015449 1.002096 -0.094856
v 0.037649 1.011596 -0.100956
v -0.007151 1.000196 -0.130656
v -0.013851 0.997296 -0.149356
v -0.002250 0.994596 -0.153256
v 0.009149 0.996896 -0.158056
v 0.018849 1.003596 -0.162856
v 0.032149 1.016996 -0.145956
v 0.024849 1.013796 -0.166756
v 0.038649 1.019696 -0.124856
v 0.044049 1.021996 -0.103456
v 0.003449 1.004696 -0.092356
v -0.001451 1.002596 -0.111656
v -0.017051 0.985696 -0.214656
v -0.007451 0.989796 -0.196256
v -0.018451 0.987696 -0.190456
v -0.027751 0.983696 -0.208256
v -0.008151 0.992096 -0.221056
v 0.001749 0.996296 -0.202156
v 0.001350 0.993496 -0.177356
v -0.009951 0.991296 -0.172056
v 0.010750 1.000096 -0.182656
v -0.038651 0.986796 -0.202956
v -0.048551 0.982596 -0.219856
v -0.037851 0.979396 -0.225656
v -0.027451 0.981296 -0.232556
v -0.018851 0.987496 -0.239456
v -0.002751 1.002096 -0.226356
v -0.013750 0.997396 -0.245156
v 0.007349 1.006396 -0.206956
v 0.016550 1.010296 -0.187156
v -0.021251 0.994196 -0.167656
v -0.029550 0.990596 -0.185556
v -0.063251 0.965996 -0.282456
v -0.050551 0.971396 -0.266456
v -0.060351 0.969796 -0.258556
v -0.072650 0.964596 -0.274156
v -0.055751 0.971796 -0.290856
v -0.042651 0.977396 -0.274356
v -0.038651 0.976496 -0.249856
v -0.048751 0.974796 -0.242356
v -0.030351 0.982596 -0.257256
v -0.082451 0.968096 -0.267256
v -0.095151 0.962696 -0.281756
v -0.085751 0.958996 -0.288956
v -0.076651 0.960296 -0.297756
v -0.069551 0.965896 -0.306556
v -0.051451 0.981296 -0.297756
v -0.065651 0.975296 -0.313856
v -0.038150 0.986996 -0.280856
v -0.025551 0.992396 -0.263356
v -0.059151 0.977996 -0.236256
v -0.070451 0.973196 -0.252056
v -0.120851 0.941496 -0.339156
v -0.105551 0.947996 -0.326156
v -0.113651 0.947096 -0.316556
v -0.128551 0.940696 -0.329156
v -0.114951 0.946496 -0.349156
v -0.099151 0.953296 -0.335756
v -0.090751 0.954296 -0.312356
v -0.099351 0.953196 -0.303156
v -0.084051 0.959696 -0.321556
v -0.136951 0.944796 -0.320956
v -0.152051 0.938396 -0.332456
v -0.144051 0.934096 -0.341056
v -0.136751 0.934696 -0.351356
v -0.131351 0.939596 -0.361656
v -0.112051 0.955496 -0.357456
v -0.128851 0.948296 -0.370256
v -0.095951 0.962296 -0.343756
v -0.080451 0.968896 -0.329256
v -0.108550 0.956996 -0.295556
v -0.122451 0.950996 -0.308556
v -0.187451 0.913096 -0.382556
v -0.170051 0.920496 -0.373056
v -0.176351 0.920296 -0.362156
v -0.193251 0.913096 -0.371356
v -0.183451 0.917296 -0.393856
v -0.165651 0.924896 -0.384056
v -0.153150 0.927696 -0.362656
v -0.159951 0.927296 -0.351956
v -0.148251 0.932396 -0.373356
v -0.200051 0.917896 -0.362056
v -0.216951 0.910696 -0.370156
v -0.210551 0.905796 -0.379656
v -0.205251 0.905496 -0.391156
v -0.201751 0.909496 -0.402656
v -0.182251 0.925496 -0.403156
v -0.200951 0.917596 -0.412156
v -0.163951 0.933296 -0.393156
v -0.146151 0.940896 -0.382156
v -0.167651 0.931796 -0.343156
v -0.183651 0.924896 -0.353056
v -0.260551 0.881896 -0.411056
v -0.241851 0.889896 -0.405356
v -0.246051 0.890596 -0.393456
v -0.264251 0.882896 -0.398956
v -0.258750 0.885196 -0.423056
v -0.239451 0.893496 -0.417256
v -0.223351 0.897796 -0.398756
v -0.228151 0.898296 -0.387056
v -0.220451 0.901596 -0.410456
v -0.269351 0.888396 -0.388956
v -0.287351 0.880696 -0.393356
v -0.282751 0.874996 -0.403456
v -0.279550 0.873796 -0.415656
v -0.278251 0.876896 -0.427856
v -0.259151 0.892696 -0.433056
v -0.279151 0.884196 -0.437956
v -0.239451 0.901096 -0.427156
v -0.220051 0.909396 -0.420156
v -0.234151 0.903396 -0.377356
v -0.251651 0.895996 -0.383656
v -0.337451 0.849096 -0.423456
v -0.318051 0.857396 -0.421856
v -0.320051 0.859096 -0.409456
v -0.338851 0.851096 -0.411056
v -0.337750 0.851496 -0.435856
v -0.317851 0.859996 -0.434256
v -0.298751 0.865596 -0.419256
v -0.301351 0.867096 -0.406956
v -0.297951 0.868496 -0.431556
v -0.342151 0.857396 -0.400756
v -0.340051 0.858196 -0.446156
v -0.319651 0.866896 -0.444456
v -0.299351 0.875596 -0.441756
v -0.305450 0.872996 -0.396756
v -0.323751 0.865196 -0.399256
v -0.494751 0.854596 -0.393456
v -0.498951 0.855396 -0.405356
v -0.517451 0.847496 -0.398756
v -0.512651 0.846996 -0.387056
v -0.476551 0.862396 -0.398956
v -0.480251 0.863396 -0.411056
v -0.501351 0.851796 -0.417256
v -0.520351 0.843696 -0.410456
v -0.482051 0.859996 -0.423056
v -0.506651 0.841796 -0.377356
v -0.530251 0.839496 -0.379656
v -0.523851 0.834496 -0.370156
v -0.489151 0.849296 -0.383656
v -0.471451 0.856896 -0.388956
v -0.481651 0.852496 -0.433056
v -0.501351 0.844096 -0.427156
v -0.520751 0.835796 -0.420156
v -0.539851 0.827696 -0.412156
v -0.539051 0.835696 -0.402656
v -0.535551 0.839796 -0.391156
v -0.564451 0.824896 -0.362156
v -0.570751 0.824796 -0.373056
v -0.587651 0.817596 -0.362656
v -0.580851 0.817896 -0.351956
v -0.547551 0.832096 -0.371356
v -0.553351 0.832196 -0.382556
v -0.575151 0.820296 -0.384056
v -0.592551 0.812896 -0.373356
v -0.557351 0.827896 -0.393856
v -0.596751 0.811096 -0.341056
v -0.588751 0.806796 -0.332456
v -0.573151 0.813496 -0.343156
v -0.557151 0.820296 -0.353056
v -0.540751 0.827296 -0.362056
v -0.558551 0.819696 -0.403156
v -0.576851 0.811896 -0.393156
v -0.594651 0.804296 -0.382156
v -0.611951 0.796896 -0.370256
v -0.609451 0.805696 -0.361656
v -0.604051 0.810596 -0.351356
v -0.627151 0.798196 -0.316556
v -0.635251 0.797196 -0.326156
v -0.650051 0.790996 -0.312356
v -0.641451 0.792096 -0.303156
v -0.612251 0.804496 -0.329156
v -0.619951 0.803796 -0.339156
v -0.641651 0.791996 -0.335756
v -0.656751 0.785496 -0.321556
v -0.625851 0.798696 -0.349156
v -0.655051 0.786196 -0.288956
v -0.645651 0.782596 -0.281756
v -0.632251 0.788296 -0.295556
v -0.618351 0.794196 -0.308556
v -0.603851 0.800396 -0.320956
v -0.628751 0.789796 -0.357456
v -0.644851 0.782896 -0.343756
v -0.660351 0.776296 -0.329256
v -0.675151 0.769996 -0.313856
v -0.671251 0.779296 -0.306556
v -0.664151 0.784996 -0.297756
v -0.680451 0.775396 -0.258556
v -0.690251 0.773796 -0.266456
v -0.702151 0.768696 -0.249856
v -0.692051 0.770496 -0.242356
v -0.668151 0.780696 -0.274156
v -0.677551 0.779196 -0.282456
v -0.698151 0.767896 -0.274356
v -0.710451 0.762596 -0.257256
v -0.685051 0.773496 -0.290856
v -0.702951 0.765796 -0.225656
v -0.692251 0.762696 -0.219856
v -0.681651 0.767196 -0.236256
v -0.670351 0.772096 -0.252056
v -0.658351 0.777196 -0.267256
v -0.689351 0.763996 -0.297756
v -0.702651 0.758296 -0.280856
v -0.715251 0.752896 -0.263356
v -0.727051 0.747896 -0.245156
v -0.721951 0.757696 -0.239456
v -0.713351 0.763996 -0.232556
v -0.722351 0.757596 -0.190456
v -0.733351 0.755396 -0.196256
v -0.742151 0.751696 -0.177356
v -0.730851 0.753896 -0.172056
v -0.713051 0.761496 -0.208256
v -0.723751 0.759496 -0.214656
v -0.742551 0.748996 -0.202156
v -0.751551 0.745096 -0.182656
v -0.732651 0.753196 -0.221056
v -0.738551 0.750696 -0.153256
v -0.726951 0.747896 -0.149356
v -0.719551 0.751096 -0.167656
v -0.711251 0.754596 -0.185556
v -0.702151 0.758496 -0.202956
v -0.738051 0.743196 -0.226356
v -0.748151 0.738896 -0.206956
v -0.757351 0.734996 -0.187156
v -0.765651 0.731396 -0.166756
v -0.759651 0.741696 -0.162856
v -0.749951 0.748296 -0.158056
v -0.751251 0.745296 -0.114656
v -0.763051 0.742796 -0.118256
v -0.768251 0.740496 -0.097856
v -0.756251 0.743096 -0.094856
v -0.745251 0.747796 -0.134156
v -0.756951 0.745396 -0.138356
v -0.773151 0.735896 -0.121856
v -0.778451 0.733596 -0.100956
v -0.766851 0.738596 -0.142556
v -0.760351 0.741296 -0.074856
v -0.748351 0.738796 -0.072856
v -0.744251 0.740496 -0.092356
v -0.739351 0.742596 -0.111656
v -0.733651 0.745096 -0.130656
v -0.772951 0.728296 -0.145956
v -0.779451 0.725596 -0.124856
v -0.784851 0.723196 -0.103456
v -0.789351 0.721296 -0.081656
v -0.782851 0.731796 -0.079656
v -0.772551 0.738696 -0.077256
v -0.765951 0.738996 -0.034256
v -0.778251 0.736296 -0.035456
v -0.779651 0.735696 -0.014356
v -0.767351 0.738396 -0.013756
v -0.763651 0.739996 -0.054656
v -0.775851 0.737296 -0.056456
v -0.788751 0.729296 -0.036656
v -0.790151 0.728596 -0.014956
v -0.786251 0.730296 -0.058256
v -0.767751 0.738196 0.006744
v -0.755551 0.735696 0.006744
v -0.755051 0.735896 -0.013256
v -0.753751 0.736496 -0.033256
v -0.751451 0.737496 -0.053056
v -0.792851 0.719796 -0.059756
v -0.795351 0.718796 -0.037656
v -0.796851 0.718096 -0.015456
v -0.797351 0.717896 0.006744
v -0.790651 0.728396 0.006744
v -0.780151 0.735496 0.006744
v -0.765951 0.738996 0.047744
v -0.778251 0.736296 0.048944
v -0.775851 0.737296 0.069944
v -0.763651 0.739996 0.068144
v -0.767351 0.738396 0.027244
v -0.779651 0.735696 0.027944
v -0.788751 0.729296 0.050244
v -0.786251 0.730296 0.071744
v -0.790151 0.728596 0.028544
v -0.760351 0.741296 0.088344
v -0.748351 0.738796 0.086344
v -0.751451 0.737496 0.066644
v -0.753751 0.736496 0.046744
v -0.755051 0.735896 0.026744
v -0.796851 0.718096 0.029044
v -0.795351 0.718796 0.051244
v -0.792851 0.719796 0.073344
v -0.789351 0.721296 0.095244
v -0.782851 0.731796 0.093244
v -0.772551 0.738696 0.090744
v -0.751251 0.745296 0.128144
v -0.763051 0.742796 0.131744
v -0.756951 0.745396 0.151844
v -0.745251 0.747796 0.147644
v -0.756251 0.743096 0.108444
v -0.768251 0.740496 0.111444
v -0.773151 0.735896 0.135444
v -0.766851 0.738596 0.156044
v -0.778451 0.733596 0.114444
v -0.738551 0.750696 0.166844
v -0.726951 0.747896 0.162844
v -0.733651 0.745096 0.144244
v -0.739351 0.742596 0.125144
v -0.744251 0.740496 0.105844
v -0.784851 0.723196 0.116944
v -0.779451 0.725596 0.138344
v -0.772951 0.728296 0.159544
v -0.765651 0.731396 0.180244
v -0.759651 0.741696 0.176344
v -0.749951 0.748296 0.171544
v -0.722351 0.757596 0.203944
v -0.733351 0.755396 0.209844
v -0.723751 0.759496 0.228144
v -0.713051 0.761496 0.221844
v -0.730851 0.753896 0.185644
v -0.742151 0.751696 0.190944
v -0.742551 0.748996 0.215644
v -0.732651 0.753196 0.234544
v -0.751551 0.745096 0.196244
v -0.702951 0.765796 0.239144
v -0.692251 0.762696 0.233444
v -0.702151 0.758496 0.216544
v -0.711251 0.754596 0.199044
v -0.719551 0.751096 0.181244
v -0.757351 0.734996 0.200644
v -0.748151 0.738896 0.220544
v -0.738051 0.743196 0.239844
v -0.727051 0.747896 0.258644
v -0.721951 0.757696 0.252944
v -0.713351 0.763996 0.246044
v -0.680451 0.775396 0.272144
v -0.690251 0.773796 0.280044
v -0.677551 0.779196 0.296044
v -0.668151 0.780696 0.287644
v -0.692051 0.770496 0.255944
v -0.702151 0.768696 0.263344
v -0.698151 0.767896 0.287844
v -0.685051 0.773496 0.304344
v -0.710451 0.762596 0.270744
v -0.655051 0.786196 0.302544
v -0.645651 0.782596 0.295244
v -0.658351 0.777196 0.280744
v -0.670351 0.772096 0.265544
v -0.681651 0.767196 0.249744
v -0.715251 0.752896 0.276844
v -0.702651 0.758296 0.294444
v -0.689351 0.763996 0.311244
v -0.675151 0.769996 0.327444
v -0.671251 0.779296 0.320144
v -0.664151 0.784996 0.311344
v -0.627151 0.798196 0.330044
v -0.635251 0.797196 0.339744
v -0.619951 0.803796 0.352744
v -0.612251 0.804496 0.342744
v -0.641451 0.792096 0.316644
v -0.650051 0.790996 0.325944
v -0.641651 0.791996 0.349344
v -0.625851 0.798696 0.362744
v -0.656751 0.785496 0.335144
v -0.596751 0.811096 0.354544
v -0.588751 0.806796 0.345944
v -0.603851 0.800396 0.334444
v -0.618351 0.794196 0.322144
v -0.632251 0.788296 0.309044
v -0.660351 0.776296 0.342744
v -0.644851 0.782896 0.357244
v -0.628751 0.789796 0.370944
v -0.611951 0.796896 0.383744
v -0.609451 0.805696 0.375244
v -0.604051 0.810596 0.364844
v -0.564451 0.824896 0.375644
v -0.570751 0.824796 0.386644
v -0.553351 0.832196 0.396144
v -0.547551 0.832096 0.384844
v -0.580851 0.817896 0.365544
v -0.587651 0.817596 0.376144
v -0.575151 0.820296 0.397544
v -0.557351 0.827896 0.407344
v -0.592551 0.812896 0.386844
v -0.530251 0.839496 0.393244
v -0.523851 0.834496 0.383644
v -0.540751 0.827296 0.375544
v -0.557151 0.820296 0.366544
v -0.573151 0.813496 0.356644
v -0.594651 0.804296 0.395744
v -0.576851 0.811896 0.406644
v -0.558551 0.819696 0.416644
v -0.539851 0.827696 0.425644
v -0.539051 0.835696 0.416144
v -0.535551 0.839796 0.404644
v -0.494751 0.854596 0.407044
v -0.498951 0.855396 0.418944
v -0.480251 0.863396 0.424544
v -0.476551 0.862396 0.412544
v -0.512651 0.846996 0.400544
v -0.517451 0.847496 0.412244
v -0.501351 0.851796 0.430844
v -0.482051 0.859996 0.436644
v -0.520351 0.843696 0.424044
v -0.458051 0.870196 0.417044
v -0.453451 0.864496 0.406944
v -0.471451 0.856896 0.402544
v -0.489151 0.849296 0.397144
v -0.506651 0.841796 0.390844
v -0.520751 0.835796 0.433744
v -0.501351 0.844096 0.440644
v -0.481651 0.852496 0.446644
v -0.461651 0.860996 0.451544
v -0.462551 0.868296 0.441344
v -0.461251 0.871496 0.429244
v -0.420751 0.886196 0.423044
v -0.422751 0.887896 0.435444
v -0.403351 0.896096 0.436944
v -0.401951 0.894196 0.424544
v -0.439451 0.878196 0.420544
v -0.442051 0.879596 0.432844
v -0.422951 0.885196 0.447744
v -0.403051 0.893696 0.449344
v -0.442851 0.876696 0.445144
v -0.383051 0.902196 0.425044
v -0.380251 0.895696 0.414744
v -0.398651 0.887896 0.414244
v -0.417051 0.880096 0.412744
v -0.435351 0.872296 0.410344
v -0.441451 0.869596 0.455344
v -0.421151 0.878296 0.458044
v -0.400751 0.886996 0.459644
v -0.380251 0.895696 0.460244
v -0.383051 0.902196 0.449944
v -0.383951 0.904396 0.437444
v -0.345351 0.918296 0.423044
v -0.345151 0.920996 0.435444
v -0.325851 0.929196 0.432844
v -0.326551 0.926296 0.420544
v -0.364151 0.910296 0.424544
v -0.364551 0.912696 0.436944
v -0.343051 0.919296 0.447744
v -0.323251 0.927696 0.445144
v -0.363051 0.910796 0.449344
v -0.307951 0.934296 0.417044
v -0.307051 0.926996 0.406944
v -0.325151 0.919196 0.410344
v -0.343451 0.911396 0.412744
v -0.361851 0.903596 0.414244
v -0.359751 0.904496 0.459644
v -0.339351 0.913196 0.458044
v -0.319050 0.921796 0.455344
v -0.298851 0.930396 0.451544
v -0.303551 0.936196 0.441344
v -0.306651 0.937396 0.429244
v -0.271351 0.949896 0.407044
v -0.268951 0.953396 0.418944
v -0.250451 0.961296 0.412244
v -0.253451 0.957496 0.400544
v -0.289551 0.942096 0.412544
v -0.287651 0.945496 0.424544
v -0.264651 0.952696 0.430844
v -0.245751 0.960796 0.424044
v -0.283951 0.944496 0.436644
v -0.235750 0.964996 0.393244
v -0.236651 0.956996 0.383644
v -0.253851 0.949596 0.390844
v -0.271351 0.942196 0.397144
v -0.289051 0.934596 0.402544
v -0.278951 0.938996 0.446644
v -0.259151 0.947396 0.440644
v -0.239751 0.955696 0.433744
v -0.220650 0.963796 0.425644
v -0.227051 0.968796 0.416144
v -0.232351 0.969096 0.404644
v -0.201651 0.979596 0.375644
v -0.197151 0.983996 0.386644
v -0.180251 0.991296 0.376144
v -0.185251 0.986596 0.365544
v -0.218551 0.972396 0.384844
v -0.214551 0.976596 0.396144
v -0.190851 0.984196 0.397544
v -0.173451 0.991596 0.386844
v -0.208751 0.976596 0.407344
v -0.169251 0.993396 0.354544
v -0.171751 0.984596 0.345944
v -0.187351 0.977996 0.356644
v -0.203351 0.971196 0.366544
v -0.219851 0.964196 0.375544
v -0.201950 0.971796 0.416644
v -0.183651 0.979596 0.406644
v -0.165851 0.987196 0.395744
v -0.148551 0.994496 0.383744
v -0.156551 0.998796 0.375244
v -0.163851 0.998296 0.364844
v -0.138951 1.006296 0.330044
v -0.132651 1.011596 0.339744
v -0.117851 1.017896 0.325944
v -0.124651 1.012396 0.316644
v -0.153850 0.999996 0.342744
v -0.147951 1.004996 0.352744
v -0.124451 1.012496 0.349344
v -0.109251 1.018996 0.335144
v -0.140251 1.005796 0.362744
v -0.110951 1.018196 0.302544
v -0.114851 1.008896 0.295244
v -0.128251 1.003196 0.309044
v -0.142151 0.997296 0.322144
v -0.156751 0.991096 0.334444
v -0.131751 1.001696 0.370944
v -0.115651 1.008596 0.357244
v -0.100151 1.015196 0.342744
v -0.085351 1.021496 0.327444
v -0.094751 1.025096 0.320144
v -0.103751 1.023896 0.311344
v -0.085651 1.029096 0.272144
v -0.077651 1.034996 0.280044
v -0.065751 1.040096 0.263344
v -0.073951 1.033996 0.255944
v -0.097951 1.023796 0.287644
v -0.090351 1.029596 0.296044
v -0.067951 1.036596 0.287844
v -0.055651 1.041796 0.270744
v -0.080951 1.030996 0.304344
v -0.063151 1.038596 0.239144
v -0.068251 1.028796 0.233444
v -0.078851 1.024296 0.249744
v -0.090151 1.019396 0.265544
v -0.102150 1.014296 0.280744
v -0.071151 1.027496 0.311244
v -0.057851 1.033196 0.294444
v -0.045251 1.038596 0.276844
v -0.033451 1.043596 0.258644
v -0.044051 1.046796 0.252944
v -0.054551 1.044896 0.246044
v -0.043751 1.046896 0.203944
v -0.034551 1.053396 0.209844
v -0.025751 1.057096 0.190944
v -0.035251 1.050496 0.185644
v -0.053051 1.042996 0.221844
v -0.044151 1.049296 0.228144
v -0.023551 1.055496 0.215644
v -0.014551 1.059396 0.196244
v -0.033351 1.051296 0.234544
v -0.027551 1.053796 0.166844
v -0.033551 1.043596 0.162844
v -0.041050 1.040396 0.181244
v -0.049251 1.036896 0.199044
v -0.058351 1.032996 0.216544
v -0.022451 1.048296 0.239844
v -0.012350 1.052596 0.220544
v -0.003151 1.056496 0.200644
v 0.005149 1.060096 0.180244
v -0.006451 1.062796 0.176344
v -0.017951 1.060496 0.171544
v -0.014851 1.059196 0.128144
v -0.004851 1.066096 0.131744
v 0.000349 1.068296 0.111444
v -0.009751 1.061396 0.108444
v -0.020751 1.056696 0.147644
v -0.010951 1.063496 0.151844
v 0.007050 1.068596 0.135444
v 0.012349 1.070796 0.114444
v 0.000749 1.065896 0.156044
v -0.005651 1.063096 0.088344
v -0.012151 1.052696 0.086344
v -0.016251 1.050996 0.105844
v -0.021151 1.048896 0.125144
v -0.026951 1.046396 0.144244
v 0.012449 1.063196 0.159544
v 0.018849 1.065896 0.138344
v 0.024350 1.068296 0.116944
v 0.028849 1.070196 0.095244
v 0.016749 1.072696 0.093244
v 0.004649 1.070096 0.090744
v -0.000151 1.065496 0.047744
v 0.010349 1.072496 0.048944
v 0.011749 1.073096 0.027944
v 0.001249 1.066096 0.027244
v -0.002451 1.064496 0.068144
v 0.007950 1.071496 0.069944
v 0.022649 1.075196 0.050244
v 0.024149 1.075796 0.028544
v 0.020150 1.074196 0.071744
v 0.001749 1.066296 0.006744
v -0.004951 1.055796 0.006744
v -0.005451 1.055596 0.026744
v -0.006751 1.054996 0.046744
v -0.009051 1.053996 0.066644
v 0.032350 1.071696 0.073344
v 0.034849 1.072696 0.051244
v 0.036349 1.073396 0.029044
v 0.036849 1.073596 0.006744
v 0.024649 1.075996 0.006744
v 0.012250 1.073296 0.006744
v -0.000151 1.065496 -0.034256
v 0.010349 1.072496 -0.035456
v 0.007950 1.071496 -0.056456
v -0.002451 1.064496 -0.054656
v 0.001249 1.066096 -0.013756
v 0.011749 1.073096 -0.014356
v 0.022649 1.075196 -0.036656
v 0.020150 1.074196 -0.058256
v 0.024149 1.075796 -0.014956
v -0.005651 1.063096 -0.074856
v -0.012151 1.052696 -0.072856
v -0.009051 1.053996 -0.053056
v -0.006751 1.054996 -0.033256
v -0.005451 1.055596 -0.013256
v 0.036349 1.073396 -0.015456
v 0.034849 1.072696 -0.037656
v 0.032350 1.071696 -0.059756
v 0.028849 1.070196 -0.081656
v 0.016749 1.072696 -0.079656
v 0.004649 1.070096 -0.077256
v -0.014851 1.059196 -0.114656
v -0.004851 1.066096 -0.118256
v -0.010951 1.063496 -0.138356
v -0.020751 1.056696 -0.134156
v -0.009751 1.061396 -0.094856
v 0.000349 1.068296 -0.097856
v 0.007050 1.068596 -0.121856
v 0.000749 1.065896 -0.142556
v 0.012349 1.070796 -0.100956
v -0.027551 1.053796 -0.153256
v -0.033551 1.043596 -0.149356
v -0.026951 1.046396 -0.130656
v -0.021151 1.048896 -0.111656
v -0.016251 1.050996 -0.092356
v 0.024350 1.068296 -0.103456
v 0.018849 1.065896 -0.124856
v 0.012449 1.063196 -0.145956
v 0.005149 1.060096 -0.166756
v -0.006451 1.062796 -0.162856
v -0.017951 1.060496 -0.158056
v -0.043751 1.046896 -0.190456
v -0.034551 1.053396 -0.196256
v -0.044151 1.049296 -0.214656
v -0.053051 1.042996 -0.208256
v -0.035251 1.050496 -0.172056
v -0.025751 1.057096 -0.177356
v -0.023551 1.055496 -0.202156
v -0.033351 1.051296 -0.221056
v -0.014551 1.059396 -0.182656
v -0.063151 1.038596 -0.225656
v -0.068251 1.028796 -0.219856
v -0.058351 1.032996 -0.202956
v -0.049251 1.036896 -0.185556
v -0.041050 1.040396 -0.167656
v -0.003151 1.056496 -0.187156
v -0.012350 1.052596 -0.206956
v -0.022451 1.048296 -0.226356
v -0.033451 1.043596 -0.245156
v -0.044051 1.046796 -0.239456
v -0.054551 1.044896 -0.232556
v -0.085651 1.029096 -0.258556
v -0.077651 1.034996 -0.266456
v -0.090351 1.029596 -0.282456
v -0.097951 1.023796 -0.274156
v -0.073951 1.033996 -0.242356
v -0.065751 1.040096 -0.249856
v -0.067951 1.036596 -0.274356
v -0.080951 1.030996 -0.290856
v -0.055651 1.041796 -0.257256
v -0.110951 1.018196 -0.288956
v -0.114851 1.008896 -0.281756
v -0.102150 1.014296 -0.267256
v -0.090151 1.019396 -0.252056
v -0.078851 1.024296 -0.236256
v -0.045251 1.038596 -0.263356
v -0.057851 1.033196 -0.280856
v -0.071151 1.027496 -0.297756
v -0.085351 1.021496 -0.313856
v -0.094751 1.025096 -0.306556
v -0.103751 1.023896 -0.297756
v -0.138951 1.006296 -0.316556
v -0.132651 1.011596 -0.326156
v -0.147951 1.004996 -0.339156
v -0.153850 0.999996 -0.329156
v -0.124651 1.012396 -0.303156
v -0.117851 1.017896 -0.312356
v -0.124451 1.012496 -0.335756
v -0.140251 1.005796 -0.349156
v -0.109251 1.018996 -0.321556
v -0.169251 0.993396 -0.341056
v -0.171751 0.984596 -0.332456
v -0.156751 0.991096 -0.320956
v -0.142151 0.997296 -0.308556
v -0.128251 1.003196 -0.295556
v -0.100151 1.015196 -0.329256
v -0.115651 1.008596 -0.343756
v -0.131751 1.001696 -0.357456
v -0.148551 0.994496 -0.370256
v -0.156551 0.998796 -0.361656
v -0.163851 0.998296 -0.351356
v -0.201651 0.979596 -0.362156
v -0.197151 0.983996 -0.373056
v -0.214551 0.976596 -0.382556
v -0.218551 0.972396 -0.371356
v -0.185251 0.986596 -0.351956
v -0.180251 0.991296 -0.362656
v -0.190851 0.984196 -0.384056
v -0.208751 0.976596 -0.393856
v -0.173451 0.991596 -0.373356
v -0.235750 0.964996 -0.379656
v -0.236651 0.956996 -0.370156
v -0.219851 0.964196 -0.362056
v -0.203351 0.971196 -0.353056
v -0.187351 0.977996 -0.343156
v -0.165851 0.987196 -0.382156
v -0.183651 0.979596 -0.393156
v -0.201950 0.971796 -0.403156
v -0.220650 0.963796 -0.412156
v -0.227051 0.968796 -0.402656
v -0.232351 0.969096 -0.391156
v -0.271351 0.949896 -0.393456
v -0.268951 0.953396 -0.405356
v -0.287651 0.945496 -0.411056
v -0.289551 0.942096 -0.398956
v -0.253451 0.957496 -0.387056
v -0.250451 0.961296 -0.398756
v -0.264651 0.952696 -0.417256
v -0.283951 0.944496 -0.423056
v -0.245751 0.960796 -0.410456
v -0.307951 0.934296 -0.403456
v -0.307051 0.926996 -0.393356
v -0.289051 0.934596 -0.388956
v -0.271351 0.942196 -0.383656
v -0.253851 0.949596 -0.377356
v -0.239751 0.955696 -0.420156
v -0.259151 0.947396 -0.427156
v -0.278951 0.938996 -0.433056
v -0.298851 0.930396 -0.437956
v -0.303551 0.936196 -0.427856
v -0.306651 0.937396 -0.415656
v -0.345351 0.918296 -0.409456
v -0.345151 0.920996 -0.421856
v -0.364551 0.912696 -0.423456
v -0.364151 0.910296 -0.411056
v -0.326551 0.926296 -0.406956
v -0.325851 0.929196 -0.419256
v -0.343051 0.919296 -0.434256
v -0.363051 0.910796 -0.435856
v -0.323251 0.927696 -0.431556
v -0.361851 0.903596 -0.400756
v -0.343451 0.911396 -0.399256
v -0.325151 0.919196 -0.396756
v -0.319050 0.921796 -0.441756
v -0.339351 0.913196 -0.444456
v -0.359751 0.904496 -0.446156
v 0.039749 1.032596 -0.126756
v 0.036249 1.045996 -0.127356
v 0.041849 1.048396 -0.105456
v 0.045350 1.034896 -0.104956
v 0.033249 1.029796 -0.148156
v 0.029749 1.043196 -0.148856
v 0.028949 1.057896 -0.126756
v 0.034550 1.060196 -0.104956
v 0.022449 1.055096 -0.148156
v 0.049849 1.036896 -0.082956
v 0.025750 1.026596 -0.169256
v 0.022250 1.039996 -0.170056
v 0.015050 1.051896 -0.169256
v 0.039049 1.062196 -0.082956
v 0.046349 1.050296 -0.083356
v -0.328851 0.875396 -0.392856
v -0.334351 0.887996 -0.390756
v -0.352351 0.880296 -0.392156
v -0.346851 0.867696 -0.394356
v -0.310851 0.883096 -0.390456
v -0.316451 0.895596 -0.388356
v -0.339551 0.900696 -0.392856
v -0.357651 0.892996 -0.394356
v -0.321551 0.908396 -0.390456
v -0.365050 0.859996 -0.394856
v -0.292951 0.890696 -0.387056
v -0.298751 0.903196 -0.385056
v -0.303751 0.915996 -0.387056
v -0.375751 0.885296 -0.394856
v -0.370451 0.872596 -0.392656
v -0.690751 0.721096 -0.182556
v -0.694451 0.734496 -0.181556
v -0.702551 0.730996 -0.164056
v -0.698951 0.717596 -0.164956
v -0.681851 0.724896 -0.199656
v -0.685551 0.738196 -0.198556
v -0.701551 0.746396 -0.182556
v -0.709751 0.742896 -0.164956
v -0.692651 0.750196 -0.199656
v -0.706251 0.714496 -0.146956
v -0.672151 0.728996 -0.216356
v -0.675951 0.742396 -0.215156
v -0.682951 0.754296 -0.216356
v -0.717051 0.739796 -0.146956
v -0.709851 0.727896 -0.146056
v 0.008049 1.018996 -0.209956
v 0.004349 1.032396 -0.211056
v 0.013750 1.036396 -0.190756
v 0.017349 1.022996 -0.189856
v -0.002151 1.014696 -0.229656
v -0.005951 1.027996 -0.230756
v -0.002751 1.044296 -0.209956
v 0.006549 1.048296 -0.189856
v -0.012951 1.039996 -0.229656
v -0.013351 1.009896 -0.248756
v -0.017051 1.023296 -0.249856
v -0.024051 1.035196 -0.248756
v -0.406451 0.842296 -0.450856
v -0.412051 0.854896 -0.452956
v -0.391251 0.863696 -0.454656
v -0.385751 0.851096 -0.452556
v -0.427051 0.833496 -0.448056
v -0.432751 0.845996 -0.450156
v -0.417251 0.867596 -0.450856
v -0.396551 0.876396 -0.452556
v -0.437851 0.858796 -0.448056
v -0.365050 0.859996 -0.453056
v -0.447551 0.824796 -0.444256
v -0.453351 0.837296 -0.446356
v -0.458351 0.850096 -0.444256
v -0.375751 0.885296 -0.453056
v -0.370451 0.872596 -0.455256
v -0.718551 0.709296 -0.109856
v -0.722051 0.722696 -0.109156
v -0.726851 0.720696 -0.090256
v -0.723351 0.707196 -0.090856
v -0.712851 0.711696 -0.128556
v -0.716351 0.725096 -0.127756
v -0.729251 0.734496 -0.109856
v -0.734151 0.732496 -0.090856
v -0.723551 0.736996 -0.128556
v -0.727351 0.705496 -0.071556
v -0.738051 0.730796 -0.071556
v -0.730751 0.718996 -0.071156
v -0.038051 0.999396 -0.284956
v -0.041951 1.012696 -0.286256
v -0.029051 1.018196 -0.268456
v -0.025250 1.004796 -0.267156
v -0.051551 0.993596 -0.302056
v -0.055551 1.006896 -0.303456
v -0.048851 1.024696 -0.284956
v -0.036050 1.030096 -0.267156
v -0.062351 1.018896 -0.302056
v -0.065951 0.987496 -0.318356
v -0.069951 1.000696 -0.319856
v -0.076651 1.012796 -0.318356
v -0.487751 0.807596 -0.433256
v -0.493751 0.819996 -0.435356
v -0.473651 0.828596 -0.441356
v -0.467750 0.816196 -0.439256
v -0.507551 0.799196 -0.426156
v -0.513551 0.811596 -0.428156
v -0.498551 0.832896 -0.433256
v -0.478550 0.841396 -0.439256
v -0.518251 0.824496 -0.426156
v -0.526851 0.790996 -0.418056
v -0.533051 0.803296 -0.420056
v -0.537651 0.816296 -0.418056
v -0.732651 0.703196 -0.032556
v -0.736051 0.716696 -0.032356
v -0.737351 0.716096 -0.012856
v -0.733951 0.702696 -0.012956
v -0.730451 0.704196 -0.052156
v -0.733851 0.717696 -0.051856
v -0.743451 0.728496 -0.032556
v -0.744751 0.727996 -0.012956
v -0.741151 0.729496 -0.052156
v -0.734451 0.702496 0.006744
v -0.745151 0.727796 0.006744
v -0.737851 0.715996 0.006744
v -0.096651 0.974396 -0.348656
v -0.100851 0.987596 -0.350356
v -0.085051 0.994296 -0.335556
v -0.080951 0.981096 -0.333956
v -0.113051 0.967396 -0.362556
v -0.117251 0.980596 -0.364256
v -0.107451 0.999696 -0.348656
v -0.091751 1.006396 -0.333956
v -0.123851 0.992696 -0.362556
v -0.130051 0.960196 -0.375556
v -0.134351 0.973296 -0.377356
v -0.140751 0.985496 -0.375556
v -0.564451 0.774996 -0.398756
v -0.570751 0.787196 -0.400656
v -0.552051 0.795196 -0.410856
v -0.545851 0.782896 -0.408956
v -0.582451 0.767296 -0.387656
v -0.588851 0.779496 -0.389456
v -0.575151 0.800196 -0.398756
v -0.556651 0.808196 -0.408956
v -0.593251 0.792496 -0.387656
v -0.600051 0.759796 -0.375556
v -0.606451 0.771996 -0.377356
v -0.610751 0.785096 -0.375556
v -0.732651 0.703196 0.046144
v -0.736051 0.716696 0.045944
v -0.733851 0.717696 0.065344
v -0.730451 0.704196 0.065644
v -0.733951 0.702696 0.026444
v -0.737351 0.716096 0.026344
v -0.743451 0.728496 0.046144
v -0.741151 0.729496 0.065644
v -0.744751 0.727996 0.026444
v -0.727351 0.705496 0.085144
v -0.738051 0.730796 0.085144
v -0.730751 0.718996 0.084644
v -0.165651 0.944996 -0.398756
v -0.170051 0.957996 -0.400656
v -0.151951 0.965796 -0.389456
v -0.147551 0.952696 -0.387656
v -0.184151 0.937096 -0.408956
v -0.188751 0.950096 -0.410856
v -0.176351 0.970296 -0.398756
v -0.158351 0.977996 -0.387656
v -0.194951 0.962396 -0.408956
v -0.203151 0.928996 -0.418056
v -0.207750 0.941996 -0.420056
v -0.213951 0.954296 -0.418056
v -0.633351 0.745596 -0.348656
v -0.639951 0.757696 -0.350356
v -0.623551 0.764696 -0.364256
v -0.616951 0.752496 -0.362556
v -0.649051 0.738896 -0.333956
v -0.655751 0.750896 -0.335556
v -0.644151 0.770896 -0.348656
v -0.627751 0.777796 -0.362556
v -0.659851 0.764196 -0.333956
v -0.664151 0.732496 -0.318356
v -0.670851 0.744496 -0.319856
v -0.674851 0.757696 -0.318356
v -0.718551 0.709296 0.123344
v -0.722051 0.722696 0.122744
v -0.716351 0.725096 0.141344
v -0.712851 0.711696 0.142044
v -0.723351 0.707196 0.104344
v -0.726851 0.720696 0.103844
v -0.729251 0.734496 0.123344
v -0.723551 0.736996 0.142044
v -0.734151 0.732496 0.104344
v -0.706251 0.714496 0.160444
v -0.717051 0.739796 0.160444
v -0.709851 0.727896 0.159644
v -0.242251 0.912296 -0.433256
v -0.247051 0.925196 -0.435356
v -0.227251 0.933696 -0.428156
v -0.222551 0.920696 -0.426156
v -0.262251 0.903796 -0.439256
v -0.267151 0.916696 -0.441356
v -0.253051 0.937596 -0.433256
v -0.233251 0.945996 -0.426156
v -0.273051 0.929096 -0.439256
v -0.282450 0.895196 -0.444256
v -0.287450 0.907996 -0.446356
v -0.293251 0.920496 -0.444256
v -0.691951 0.720596 -0.284956
v -0.698851 0.732596 -0.286256
v -0.685251 0.738396 -0.303456
v -0.678451 0.726396 -0.302056
v -0.704751 0.715096 -0.267156
v -0.711751 0.727096 -0.268456
v -0.702751 0.745896 -0.284956
v -0.689251 0.751596 -0.302056
v -0.715551 0.740396 -0.267156
v -0.716751 0.709996 -0.248756
v -0.723751 0.721996 -0.249856
v -0.727451 0.735296 -0.248756
v -0.690751 0.721096 0.196044
v -0.694451 0.734496 0.195044
v -0.685551 0.738196 0.212144
v -0.681851 0.724896 0.213244
v -0.698951 0.717596 0.178444
v -0.702551 0.730996 0.177544
v -0.701551 0.746396 0.196044
v -0.692651 0.750196 0.213244
v -0.709751 0.742896 0.178444
v -0.672151 0.728996 0.229844
v -0.682951 0.754296 0.229844
v -0.675951 0.742396 0.228644
v -0.323551 0.877696 -0.450856
v -0.328751 0.890396 -0.452956
v -0.308051 0.899196 -0.450156
v -0.302951 0.886396 -0.448056
v -0.344251 0.868796 -0.452556
v -0.349551 0.881496 -0.454656
v -0.334351 0.902896 -0.450856
v -0.313751 0.911696 -0.448056
v -0.355051 0.894096 -0.452556
v -0.738051 0.700896 -0.209956
v -0.745151 0.712796 -0.211056
v -0.734851 0.717196 -0.230756
v -0.727851 0.705296 -0.229656
v -0.747351 0.696896 -0.189856
v -0.754551 0.708796 -0.190756
v -0.748851 0.726196 -0.209956
v -0.738651 0.730596 -0.229656
v -0.758151 0.722196 -0.189856
v -0.755851 0.693396 -0.169256
v -0.763051 0.705196 -0.170056
v -0.766551 0.718596 -0.169256
v -0.650551 0.738196 0.261544
v -0.654451 0.751496 0.260144
v -0.642651 0.756496 0.275044
v -0.638751 0.743296 0.276444
v -0.661751 0.733496 0.245944
v -0.665551 0.746796 0.244744
v -0.661351 0.763496 0.261544
v -0.649451 0.768596 0.276444
v -0.672451 0.758796 0.245944
v -0.626251 0.748596 0.290744
v -0.636951 0.773896 0.290744
v -0.630251 0.761796 0.289244
v -0.769751 0.687396 -0.126756
v -0.777051 0.699196 -0.127356
v -0.770551 0.701996 -0.148856
v -0.763251 0.690196 -0.148156
v -0.775351 0.684996 -0.104956
v -0.782651 0.696896 -0.105456
v -0.780551 0.712696 -0.126756
v -0.774051 0.715496 -0.148156
v -0.786151 0.710296 -0.104956
v -0.779851 0.683096 -0.082956
v -0.787151 0.694896 -0.083356
v -0.790651 0.708396 -0.082956
v -0.599351 0.760096 0.317144
v -0.603551 0.773196 0.315544
v -0.589251 0.779296 0.327644
v -0.585051 0.766196 0.329344
v -0.613051 0.754196 0.304344
v -0.617151 0.767396 0.302744
v -0.610151 0.785396 0.317144
v -0.595851 0.791396 0.329344
v -0.623851 0.779496 0.304344
v -0.570251 0.772496 0.340644
v -0.581051 0.797796 0.340644
v -0.574551 0.785596 0.338844
v -0.785951 0.680496 -0.038356
v -0.793351 0.692296 -0.038556
v -0.790751 0.693396 -0.061056
v -0.783451 0.681596 -0.060756
v -0.787451 0.679796 -0.015756
v -0.794851 0.691696 -0.015856
v -0.796751 0.705796 -0.038356
v -0.794251 0.706896 -0.060756
v -0.798251 0.705096 -0.015756
v -0.788051 0.679596 0.006744
v -0.795351 0.691396 0.006744
v -0.798751 0.704896 0.006744
v -0.539151 0.785696 0.360944
v -0.543651 0.798796 0.359044
v -0.527551 0.805596 0.367844
v -0.522951 0.792596 0.369744
v -0.554951 0.778996 0.351244
v -0.559351 0.792096 0.349344
v -0.549951 0.810996 0.360944
v -0.533751 0.817896 0.369744
v -0.565751 0.804296 0.351244
v -0.506351 0.799696 0.377744
v -0.517151 0.824996 0.377744
v -0.511051 0.812696 0.375844
v -0.785951 0.680496 0.051844
v -0.793351 0.692296 0.052044
v -0.794851 0.691696 0.029444
v -0.787451 0.679796 0.029344
v -0.783451 0.681596 0.074244
v -0.790751 0.693396 0.074544
v -0.796751 0.705796 0.051844
v -0.798251 0.705096 0.029344
v -0.794251 0.706896 0.074244
v -0.779851 0.683096 0.096444
v -0.787151 0.694896 0.096844
v -0.790651 0.708396 0.096444
v -0.472251 0.814296 0.391044
v -0.477051 0.827096 0.389044
v -0.459651 0.834596 0.394244
v -0.454751 0.821696 0.396344
v -0.489451 0.806896 0.384844
v -0.494151 0.819796 0.382844
v -0.483051 0.839496 0.391044
v -0.465551 0.846996 0.396344
v -0.500251 0.832196 0.384844
v -0.437051 0.829296 0.400644
v -0.447851 0.854496 0.400644
v -0.442051 0.842096 0.398544
v -0.769751 0.687396 0.140244
v -0.777051 0.699196 0.140844
v -0.782651 0.696896 0.119044
v -0.775351 0.684996 0.118544
v -0.763251 0.690196 0.161644
v -0.770551 0.701996 0.162444
v -0.780551 0.712696 0.140244
v -0.786151 0.710296 0.118544
v -0.774051 0.715496 0.161644
v -0.755851 0.693396 0.182744
v -0.763051 0.705196 0.183544
v -0.766551 0.718596 0.182744
v -0.401251 0.844496 0.406444
v -0.406451 0.857296 0.404244
v -0.388451 0.864896 0.405744
v -0.383151 0.852296 0.407844
v -0.419251 0.836896 0.404044
v -0.424351 0.849596 0.401844
v -0.411951 0.869796 0.406444
v -0.393951 0.877496 0.407844
v -0.429951 0.862196 0.404044
v -0.365050 0.859996 0.408344
v -0.375751 0.885296 0.408344
v -0.370451 0.872596 0.406244
v -0.738051 0.700896 0.223544
v -0.745151 0.712796 0.224544
v -0.754551 0.708796 0.204244
v -0.747351 0.696896 0.203344
v -0.727851 0.705296 0.243144
v -0.734851 0.717196 0.244244
v -0.748851 0.726196 0.223544
v -0.758151 0.722196 0.203344
v -0.738651 0.730596 0.243144
v -0.716751 0.709996 0.262244
v -0.723751 0.721996 0.263444
v -0.727451 0.735296 0.262244
v -0.328851 0.875396 0.406444
v -0.334351 0.887996 0.404244
v -0.316451 0.895596 0.401844
v -0.310851 0.883096 0.404044
v -0.346851 0.867696 0.407844
v -0.352351 0.880296 0.405744
v -0.339551 0.900696 0.406444
v -0.321551 0.908396 0.404044
v -0.357651 0.892996 0.407844
v -0.292951 0.890696 0.400644
v -0.303751 0.915996 0.400644
v -0.298751 0.903196 0.398544
v -0.691951 0.720596 0.298444
v -0.698851 0.732596 0.299844
v -0.711751 0.727096 0.281944
v -0.704751 0.715096 0.280644
v -0.678451 0.726396 0.315544
v -0.685251 0.738396 0.317044
v -0.702751 0.745896 0.298444
v -0.715551 0.740396 0.280644
v -0.689251 0.751596 0.315544
v -0.664151 0.732496 0.331944
v -0.670851 0.744496 0.333444
v -0.674851 0.757696 0.331944
v -0.257751 0.905696 0.391044
v -0.263750 0.918096 0.389044
v -0.246651 0.925396 0.382844
v -0.240551 0.912996 0.384844
v -0.275250 0.898296 0.396344
v -0.281151 0.910696 0.394244
v -0.268551 0.930996 0.391044
v -0.251351 0.938296 0.384844
v -0.286050 0.923496 0.396344
v -0.223651 0.920296 0.377744
v -0.234451 0.945496 0.377744
v -0.229751 0.932596 0.375844
v -0.633351 0.745596 0.362244
v -0.639951 0.757696 0.363844
v -0.655751 0.750896 0.349044
v -0.649051 0.738896 0.347444
v -0.616951 0.752496 0.376144
v -0.623551 0.764696 0.377844
v -0.644151 0.770896 0.362244
v -0.659851 0.764196 0.347444
v -0.627751 0.777796 0.376144
v -0.600051 0.759796 0.389144
v -0.606451 0.771996 0.390844
v -0.610751 0.785096 0.389144
v -0.190851 0.934196 0.360944
v -0.197151 0.946496 0.359044
v -0.181451 0.953196 0.349344
v -0.175051 0.940996 0.351244
v -0.207051 0.927296 0.369744
v -0.213251 0.939596 0.367844
v -0.201651 0.959496 0.360944
v -0.185851 0.966196 0.351244
v -0.217851 0.952596 0.369744
v -0.159751 0.947496 0.340644
v -0.170551 0.972796 0.340644
v -0.166251 0.959696 0.338844
v -0.564451 0.774996 0.412344
v -0.570751 0.787196 0.414144
v -0.588851 0.779496 0.403044
v -0.582451 0.767296 0.401144
v -0.545851 0.782896 0.422444
v -0.552051 0.795196 0.424344
v -0.575151 0.800196 0.412344
v -0.593251 0.792496 0.401144
v -0.556651 0.808196 0.422444
v -0.526851 0.790996 0.431644
v -0.533051 0.803296 0.433544
v -0.537651 0.816296 0.431644
v -0.130651 0.959896 0.317144
v -0.137251 0.971996 0.315544
v -0.123650 0.977796 0.302744
v -0.116951 0.965796 0.304344
v -0.144951 0.953796 0.329344
v -0.151551 0.965996 0.327644
v -0.141451 0.985196 0.317144
v -0.127751 0.990996 0.304344
v -0.155751 0.979096 0.329344
v -0.103851 0.971396 0.290744
v -0.114551 0.996596 0.290744
v -0.110551 0.983396 0.289244
v -0.487751 0.807596 0.446844
v -0.493751 0.819996 0.448844
v -0.513551 0.811596 0.441744
v -0.507551 0.799196 0.439744
v -0.467750 0.816196 0.452844
v -0.473651 0.828596 0.454844
v -0.498551 0.832896 0.446844
v -0.518251 0.824496 0.439744
v -0.478550 0.841396 0.452844
v -0.447551 0.824796 0.457744
v -0.453351 0.837296 0.459844
v -0.458351 0.850096 0.457744
v -0.079451 0.981696 0.261544
v -0.086351 0.993696 0.260144
v -0.075251 0.998496 0.244744
v -0.068350 0.986496 0.245944
v -0.091350 0.976696 0.276444
v -0.098151 0.988696 0.275044
v -0.090251 1.006996 0.261544
v -0.079051 1.011796 0.245944
v -0.102051 1.001996 0.276444
v -0.057851 0.990896 0.229844
v -0.068651 1.016196 0.229844
v -0.064851 1.002896 0.228644
v -0.406451 0.842296 0.464344
v -0.412051 0.854896 0.466544
v -0.432751 0.845996 0.463744
v -0.427051 0.833496 0.461644
v -0.385751 0.851096 0.466044
v -0.391251 0.863696 0.468144
v -0.417251 0.867596 0.464344
v -0.437851 0.858796 0.461644
v -0.396551 0.876396 0.466044
v -0.365050 0.859996 0.466644
v -0.370451 0.872596 0.468744
v -0.375751 0.885296 0.466644
v -0.039251 0.998896 0.196044
v -0.046351 1.010796 0.195044
v -0.038251 1.014296 0.177544
v -0.031051 1.002396 0.178444
v -0.048151 0.995096 0.213244
v -0.055251 1.006996 0.212144
v -0.050051 1.024196 0.196044
v -0.041851 1.027596 0.178444
v -0.058951 1.020396 0.213244
v -0.023751 1.005496 0.160444
v -0.034551 1.030796 0.160444
v -0.030951 1.017396 0.159644
v -0.323551 0.877696 0.464344
v -0.328751 0.890396 0.466544
v -0.349551 0.881496 0.468144
v -0.344251 0.868796 0.466044
v -0.302951 0.886396 0.461644
v -0.308051 0.899196 0.463744
v -0.334351 0.902896 0.464344
v -0.355051 0.894096 0.466044
v -0.313751 0.911696 0.461644
v -0.282450 0.895196 0.457744
v -0.287450 0.907996 0.459844
v -0.293251 0.920496 0.457744
v -0.011551 1.010696 0.123344
v -0.018751 1.022496 0.122744
v -0.013951 1.024596 0.103844
v -0.006651 1.012796 0.104344
v -0.017251 1.008296 0.142044
v -0.024451 1.020096 0.141344
v -0.022251 1.035996 0.123344
v -0.017451 1.038096 0.104344
v -0.027951 1.033596 0.142044
v -0.002751 1.014496 0.085144
v -0.013451 1.039696 0.085144
v -0.010051 1.026296 0.084644
v -0.242251 0.912296 0.446844
v -0.247051 0.925196 0.448844
v -0.267151 0.916696 0.454844
v -0.262251 0.903796 0.452844
v -0.222551 0.920696 0.439744
v -0.227251 0.933696 0.441744
v -0.253051 0.937596 0.446844
v -0.273051 0.929096 0.452844
v -0.233251 0.945996 0.439744
v -0.203151 0.928996 0.431644
v -0.207750 0.941996 0.433544
v -0.213951 0.954296 0.431644
v 0.002649 1.016696 0.046144
v -0.004751 1.028496 0.045944
v -0.003451 1.029096 0.026344
v 0.003949 1.017296 0.026444
v 0.000349 1.015796 0.065644
v -0.006951 1.027596 0.065344
v -0.008151 1.041996 0.046144
v -0.006851 1.042596 0.026444
v -0.010351 1.041096 0.065644
v 0.004349 1.017496 0.006744
v -0.006351 1.042796 0.006744
v -0.002950 1.029296 0.006744
v -0.165651 0.944996 0.412344
v -0.170051 0.957996 0.414144
v -0.188751 0.950096 0.424344
v -0.184151 0.937096 0.422444
v -0.147551 0.952696 0.401144
v -0.151951 0.965796 0.403044
v -0.176351 0.970296 0.412344
v -0.194951 0.962396 0.422444
v -0.158351 0.977996 0.401144
v -0.130051 0.960196 0.389144
v -0.134351 0.973296 0.390844
v -0.140751 0.985496 0.389144
v 0.002649 1.016696 -0.032556
v -0.004751 1.028496 -0.032356
v -0.006951 1.027596 -0.051856
v 0.000349 1.015796 -0.052156
v 0.003949 1.017296 -0.012956
v -0.003451 1.029096 -0.012856
v -0.008151 1.041996 -0.032556
v -0.010351 1.041096 -0.052156
v -0.006851 1.042596 -0.012956
v -0.002751 1.014496 -0.071556
v -0.013451 1.039696 -0.071556
v -0.010051 1.026296 -0.071156
v -0.096651 0.974396 0.362244
v -0.100851 0.987596 0.363844
v -0.117251 0.980596 0.377844
v -0.113051 0.967396 0.376144
v -0.080951 0.981096 0.347444
v -0.085051 0.994296 0.349044
v -0.107451 0.999696 0.362244
v -0.123851 0.992696 0.376144
v -0.091751 1.006396 0.347444
v -0.065951 0.987496 0.331944
v -0.069951 1.000696 0.333444
v -0.076651 1.012796 0.331944
v -0.011551 1.010696 -0.109856
v -0.018751 1.022496 -0.109156
v -0.024451 1.020096 -0.127756
v -0.017251 1.008296 -0.128556
v -0.006651 1.012796 -0.090856
v -0.013951 1.024596 -0.090256
v -0.022251 1.035996 -0.109856
v -0.027951 1.033596 -0.128556
v -0.017451 1.038096 -0.090856
v -0.023751 1.005496 -0.146956
v -0.034551 1.030796 -0.146956
v -0.030951 1.017396 -0.146056
v -0.038051 0.999396 0.298444
v -0.041951 1.012696 0.299844
v -0.055551 1.006896 0.317044
v -0.051551 0.993596 0.315544
v -0.025250 1.004796 0.280644
v -0.029051 1.018196 0.281944
v -0.048851 1.024696 0.298444
v -0.062351 1.018896 0.315544
v -0.036050 1.030096 0.280644
v -0.013351 1.009896 0.262244
v -0.017051 1.023296 0.263444
v -0.024051 1.035196 0.262244
v -0.039251 0.998896 -0.182556
v -0.046351 1.010796 -0.181556
v -0.055251 1.006996 -0.198556
v -0.048151 0.995096 -0.199656
v -0.031051 1.002396 -0.164956
v -0.038251 1.014296 -0.164056
v -0.050051 1.024196 -0.182556
v -0.058951 1.020396 -0.199656
v -0.041851 1.027596 -0.164956
v -0.057851 0.990896 -0.216356
v -0.068651 1.016196 -0.216356
v -0.064851 1.002896 -0.215156
v -0.401251 0.844496 -0.392856
v -0.406451 0.857296 -0.390756
v -0.424351 0.849596 -0.388356
v -0.419251 0.836896 -0.390456
v -0.383151 0.852296 -0.394356
v -0.388451 0.864896 -0.392156
v -0.411951 0.869796 -0.392856
v -0.429951 0.862196 -0.390456
v -0.393951 0.877496 -0.394356
v -0.437051 0.829296 -0.387056
v -0.447851 0.854496 -0.387056
v -0.442051 0.842096 -0.385056
v 0.008049 1.018996 0.223544
v 0.004349 1.032396 0.224544
v -0.005951 1.027996 0.244244
v -0.002151 1.014696 0.243144
v 0.017349 1.022996 0.203344
v 0.013750 1.036396 0.204244
v -0.002751 1.044296 0.223544
v -0.012951 1.039996 0.243144
v 0.006549 1.048296 0.203344
v 0.025750 1.026596 0.182744
v 0.022250 1.039996 0.183544
v 0.015050 1.051896 0.182744
v -0.079451 0.981696 -0.247956
v -0.086351 0.993696 -0.246656
v -0.098151 0.988696 -0.261456
v -0.091350 0.976696 -0.262956
v -0.068350 0.986496 -0.232456
v -0.075251 0.998496 -0.231156
v -0.090251 1.006996 -0.247956
v -0.102051 1.001996 -0.262956
v -0.079051 1.011796 -0.232456
v -0.103851 0.971396 -0.277156
v -0.114551 0.996596 -0.277156
v -0.110551 0.983396 -0.275656
v -0.472251 0.814296 -0.377556
v -0.477051 0.827096 -0.375456
v -0.494151 0.819796 -0.369356
v -0.489451 0.806896 -0.371356
v -0.454751 0.821696 -0.382756
v -0.459651 0.834596 -0.380756
v -0.483051 0.839496 -0.377556
v -0.500251 0.832196 -0.371356
v -0.465551 0.846996 -0.382756
v -0.506351 0.799696 -0.364256
v -0.517151 0.824996 -0.364256
v -0.511051 0.812696 -0.362256
v 0.039749 1.032596 0.140244
v 0.036249 1.045996 0.140844
v 0.029749 1.043196 0.162444
v 0.033249 1.029796 0.161644
v 0.045350 1.034896 0.118544
v 0.041849 1.048396 0.119044
v 0.028949 1.057896 0.140244
v 0.022449 1.055096 0.161644
v 0.034550 1.060196 0.118544
v 0.049849 1.036896 0.096444
v 0.046349 1.050296 0.096844
v 0.039049 1.062196 0.096444
v -0.130651 0.959896 -0.303656
v -0.137251 0.971996 -0.302056
v -0.151551 0.965996 -0.314056
v -0.144951 0.953796 -0.315756
v -0.116951 0.965796 -0.290756
v -0.123650 0.977796 -0.289156
v -0.141451 0.985196 -0.303656
v -0.155751 0.979096 -0.315756
v -0.127751 0.990996 -0.290756
v -0.159751 0.947496 -0.327156
v -0.170551 0.972796 -0.327156
v -0.166251 0.959696 -0.325356
v -0.539151 0.785696 -0.347356
v -0.543651 0.798796 -0.345556
v -0.559351 0.792096 -0.335856
v -0.554951 0.778996 -0.337656
v -0.522951 0.792596 -0.356256
v -0.527551 0.805596 -0.354356
v -0.549951 0.810996 -0.347356
v -0.565751 0.804296 -0.337656
v -0.533751 0.817896 -0.356256
v -0.570251 0.772496 -0.327156
v -0.581051 0.797796 -0.327156
v -0.574551 0.785596 -0.325356
v 0.055950 1.039496 0.051844
v 0.052549 1.052896 0.052044
v 0.049949 1.051896 0.074544
v 0.053449 1.038396 0.074244
v 0.057450 1.040096 0.029344
v 0.054049 1.053596 0.029444
v 0.045150 1.064796 0.051844
v 0.042649 1.063696 0.074244
v 0.046650 1.065396 0.029344
v 0.057949 1.040296 0.006744
v 0.054550 1.053796 0.006744
v 0.047249 1.065596 0.006744
v -0.190851 0.934196 -0.347356
v -0.197151 0.946496 -0.345556
v -0.213251 0.939596 -0.354356
v -0.207051 0.927296 -0.356256
v -0.175051 0.940996 -0.337656
v -0.181451 0.953196 -0.335856
v -0.201651 0.959496 -0.347356
v -0.217851 0.952596 -0.356256
v -0.185851 0.966196 -0.337656
v -0.223651 0.920296 -0.364256
v -0.234451 0.945496 -0.364256
v -0.229751 0.932596 -0.362256
v -0.599351 0.760096 -0.303656
v -0.603551 0.773196 -0.302056
v -0.617151 0.767396 -0.289156
v -0.613051 0.754196 -0.290756
v -0.585051 0.766196 -0.315756
v -0.589251 0.779296 -0.314056
v -0.610151 0.785396 -0.303656
v -0.623851 0.779496 -0.290756
v -0.595851 0.791396 -0.315756
v -0.626251 0.748596 -0.277156
v -0.636951 0.773896 -0.277156
v -0.630251 0.761796 -0.275656
v 0.055950 1.039496 -0.038356
v 0.052549 1.052896 -0.038556
v 0.054049 1.053596 -0.015856
v 0.057450 1.040096 -0.015756
v 0.053449 1.038396 -0.060756
v 0.049949 1.051896 -0.061056
v 0.045150 1.064796 -0.038356
v 0.046650 1.065396 -0.015756
v 0.042649 1.063696 -0.060756
v -0.257751 0.905696 -0.377556
v -0.263750 0.918096 -0.375456
v -0.281151 0.910696 -0.380756
v -0.275250 0.898296 -0.382756
v -0.240551 0.912996 -0.371356
v -0.246651 0.925396 -0.369356
v -0.268551 0.930996 -0.377556
v -0.286050 0.923496 -0.382756
v -0.251351 0.938296 -0.371356
v -0.650551 0.738196 -0.247956
v -0.654451 0.751496 -0.246656
v -0.665551 0.746796 -0.231156
v -0.661751 0.733496 -0.232456
v -0.638751 0.743296 -0.262956
v -0.642651 0.756496 -0.261456
v -0.661351 0.763496 -0.247956
v -0.672451 0.758796 -0.232456
v -0.649451 0.768596 -0.262956
v 0.108450 -0.848704 -0.352656
v 0.178250 -0.848704 -0.345756
v 0.245449 -0.848704 -0.325356
v 0.307350 -0.848704 -0.292256
v 0.361649 -0.848704 -0.247756
v 0.406249 -0.848704 -0.193456
v 0.439349 -0.848704 -0.131556
v 0.459650 -0.848704 -0.064356
v 0.466549 -0.848704 0.005544
v 0.459650 -0.848704 0.075344
v 0.439349 -0.848704 0.142544
v 0.406249 -0.848704 0.204544
v 0.361649 -0.848704 0.258744
v 0.307350 -0.848704 0.303344
v 0.245449 -0.848704 0.336444
v 0.178250 -0.848704 0.356844
v 0.108450 -0.848704 0.363644
v 0.038549 -0.848704 0.356844
v -0.028651 -0.848704 0.336444
v -0.090551 -0.848704 0.303344
v -0.144851 -0.848704 0.258744
v -0.189351 -0.848704 0.204544
v -0.222451 -0.848704 0.142544
v -0.242851 -0.848704 0.075344
v -0.249751 -0.848704 0.005544
v -0.242851 -0.848704 -0.064356
v -0.222451 -0.848704 -0.131556
v -0.189351 -0.848704 -0.193456
v -0.144851 -0.848704 -0.247756
v 0.038549 -0.848704 -0.345756
v -0.090551 -0.848704 -0.292256
v -0.028651 -0.848704 -0.325356
v -0.159351 -0.879604 -0.262256
v -0.159351 -0.914404 -0.262256
v -0.101951 -0.914404 -0.309356
v -0.101951 -0.879604 -0.309356
v -0.270250 -0.879604 0.005544
v -0.262951 -0.879604 0.079344
v 0.479750 -0.879604 0.079344
v 0.458250 -0.879604 0.150444
v -0.241451 -0.879604 0.150444
v 0.487050 -0.879604 0.005544
v -0.206451 -0.879604 0.215844
v 0.479750 -0.879604 -0.068356
v -0.159351 -0.879604 0.273244
v 0.458250 -0.879604 -0.139356
v -0.101951 -0.879604 0.320344
v 0.423249 -0.879604 -0.204856
v -0.036451 -0.879604 0.355344
v 0.108450 -0.879604 -0.373156
v 0.034550 -0.879604 -0.365856
v 0.376149 -0.879604 -0.262256
v 0.034550 -0.879604 0.376844
v -0.036451 -0.879604 -0.344356
v 0.318749 -0.879604 -0.309356
v 0.108450 -0.879604 0.384144
v 0.253349 -0.879604 -0.344356
v 0.182249 -0.879604 0.376844
v 0.182249 -0.879604 -0.365856
v 0.253349 -0.879604 0.355344
v -0.206451 -0.879604 -0.204856
v 0.318749 -0.879604 0.320344
v -0.241451 -0.879604 -0.139356
v 0.376149 -0.879604 0.273244
v -0.262951 -0.879604 -0.068356
v 0.423249 -0.879604 0.215844
v 0.034550 -0.914404 -0.365856
v -0.036451 -0.914404 -0.344356
v -0.206451 -0.914404 -0.204856
v -0.241451 -0.914404 -0.139356
v -0.262951 -0.914404 -0.068356
v -0.270250 -0.914404 0.005544
v -0.262951 -0.914404 0.079344
v -0.241451 -0.914404 0.150444
v -0.206451 -0.914404 0.215844
v -0.159351 -0.914404 0.273244
v -0.101951 -0.914404 0.320344
v -0.036451 -0.914404 0.355344
v 0.034550 -0.914404 0.376844
v 0.108450 -0.914404 0.384144
v 0.182249 -0.914404 0.376844
v 0.253349 -0.914404 0.355344
v 0.318749 -0.914404 0.320344
v 0.376149 -0.914404 0.273244
v 0.423249 -0.914404 0.215844
v 0.458250 -0.914404 0.150444
v 0.479750 -0.914404 0.079344
v 0.487050 -0.914404 0.005544
v 0.479750 -0.914404 -0.068356
v 0.458250 -0.914404 -0.139356
v 0.423249 -0.914404 -0.204856
v 0.376149 -0.914404 -0.262256
v 0.318749 -0.914404 -0.309356
v 0.253349 -0.914404 -0.344356
v 0.182249 -0.914404 -0.365856
v 0.108450 -0.914404 -0.373156
v 0.107850 -0.913304 -0.370156
v 0.181449 -0.913304 -0.362956
v 0.252250 -0.913304 -0.341456
v 0.317450 -0.913304 -0.306556
v 0.374649 -0.913304 -0.259656
v 0.421549 -0.913304 -0.202456
v 0.456449 -0.913304 -0.137256
v 0.477949 -0.913304 -0.066456
v 0.485149 -0.913304 0.007144
v 0.477949 -0.913304 0.080844
v 0.456449 -0.913304 0.151644
v 0.421549 -0.913304 0.216844
v 0.374649 -0.913304 0.274044
v 0.317450 -0.913304 0.320944
v 0.252250 -0.913304 0.355844
v 0.181449 -0.913304 0.377344
v 0.107850 -0.913304 0.384544
v 0.034149 -0.913304 0.377344
v -0.036651 -0.913304 0.355844
v -0.101851 -0.913304 0.320944
v -0.159051 -0.913304 0.274044
v -0.205951 -0.913304 0.216844
v -0.240851 -0.913304 0.151644
v -0.262350 -0.913304 0.080844
v -0.269551 -0.913304 0.007144
v -0.262350 -0.913304 -0.066456
v -0.240851 -0.913304 -0.137256
v -0.205951 -0.913304 -0.202456
v -0.159051 -0.913304 -0.259656
v 0.034149 -0.913304 -0.362956
v -0.101851 -0.913304 -0.306556
v -0.036651 -0.913304 -0.341456
v 0.014749 -1.092504 -0.460556
v -0.074651 -1.092504 -0.433356
v -0.157151 -1.092504 -0.389356
v -0.229351 -1.092504 -0.329956
v -0.288651 -1.092504 -0.257756
v -0.332750 -1.092504 -0.175256
v -0.359851 -1.092504 -0.085856
v -0.369051 -1.092504 0.007144
v -0.359851 -1.092504 0.100244
v -0.332750 -1.092504 0.189644
v -0.288651 -1.092504 0.272144
v -0.229351 -1.092504 0.344344
v -0.157151 -1.092504 0.403644
v -0.074651 -1.092504 0.447744
v 0.014749 -1.092504 0.474844
v 0.107850 -1.092504 0.484044
v 0.200849 -1.092504 0.474844
v 0.290250 -1.092504 0.447744
v 0.372750 -1.092504 0.403644
v 0.444949 -1.092504 0.344344
v 0.504350 -1.092504 0.272144
v 0.548349 -1.092504 0.189644
v 0.575549 -1.092504 0.100244
v 0.584650 -1.092504 0.007144
v 0.575549 -1.092504 -0.085856
v 0.548349 -1.092504 -0.175256
v 0.504350 -1.092504 -0.257756
v 0.444949 -1.092504 -0.329956
v 0.372750 -1.092504 -0.389356
v 0.290250 -1.092504 -0.433356
v 0.200849 -1.092504 -0.460556
v 0.107850 -1.092504 -0.469656
v 0.556549 -1.140304 -0.252556
v 0.560450 -1.140304 -0.254056
v 0.560450 -1.214704 -0.254056
v 0.556549 -1.214704 -0.252556
v 0.564550 -1.140304 -0.254756
v 0.564550 -1.214704 -0.254756
v 0.568749 -1.140304 -0.254656
v 0.568749 -1.214704 -0.254656
v 0.572849 -1.140304 -0.253656
v 0.572849 -1.214704 -0.253656
v 0.576649 -1.140304 -0.251956
v 0.576649 -1.214704 -0.251956
v 0.580049 -1.214704 -0.249556
v 0.580049 -1.140304 -0.249556
v 0.582949 -1.214704 -0.246456
v 0.582949 -1.140304 -0.246456
v 0.585149 -1.140304 -0.242956
v 0.585149 -1.214704 -0.242956
v 0.586649 -1.214704 -0.239056
v 0.586649 -1.140304 -0.239056
v 0.587349 -1.214704 -0.234956
v 0.587349 -1.140304 -0.234956
v 0.587249 -1.214704 -0.230756
v 0.587249 -1.140304 -0.230756
v 0.586250 -1.140304 -0.226656
v 0.586250 -1.214704 -0.226656
v 0.584549 -1.214704 -0.222856
v 0.584549 -1.140304 -0.222856
v 0.582149 -1.214704 -0.219456
v 0.582149 -1.140304 -0.219456
v 0.579050 -1.214704 -0.216556
v 0.579050 -1.140304 -0.216556
v 0.575549 -1.214704 -0.214356
v 0.575549 -1.140304 -0.214356
v 0.571649 -1.214704 -0.212856
v 0.571649 -1.140304 -0.212856
v 0.567550 -1.214704 -0.212156
v 0.567550 -1.140304 -0.212156
v 0.563349 -1.214704 -0.212256
v 0.563349 -1.140304 -0.212256
v 0.559249 -1.140304 -0.213256
v 0.559249 -1.214704 -0.213256
v 0.555449 -1.140304 -0.214956
v 0.555449 -1.214704 -0.214956
v 0.552049 -1.214704 -0.217356
v 0.552049 -1.140304 -0.217356
v 0.549149 -1.214704 -0.220456
v 0.549149 -1.140304 -0.220456
v 0.546949 -1.140304 -0.223956
v 0.546949 -1.214704 -0.223956
v 0.545449 -1.140304 -0.227856
v 0.545449 -1.214704 -0.227856
v 0.544749 -1.214704 -0.231956
v 0.544749 -1.140304 -0.231956
v 0.544849 -1.140304 -0.236156
v 0.544849 -1.214704 -0.236156
v 0.545850 -1.214704 -0.240256
v 0.545850 -1.140304 -0.240256
v 0.547549 -1.214704 -0.244056
v 0.547549 -1.140304 -0.244056
v 0.549949 -1.140304 -0.247456
v 0.549949 -1.214704 -0.247456
v 0.576649 -1.121904 -0.238756
v 0.577749 -1.122104 -0.236056
v 0.553050 -1.140304 -0.250356
v 0.553050 -1.214704 -0.250356
v 0.566449 -1.125904 -0.247356
v 0.552049 -1.115104 -0.240256
v 0.552149 -1.113104 -0.238256
v 0.568850 -1.124604 -0.246556
v 0.568049 -1.134304 -0.219256
v 0.570450 -1.132604 -0.219456
v 0.553549 -1.138304 -0.236456
v 0.553750 -1.139104 -0.233656
v 0.571150 -1.123404 -0.245156
v 0.576150 -1.127404 -0.223256
v 0.577349 -1.125904 -0.225356
v 0.556949 -1.139604 -0.225756
v 0.558749 -1.139104 -0.223556
v 0.559449 -1.130804 -0.246756
v 0.561650 -1.129104 -0.247456
v 0.557550 -1.132604 -0.245456
v 0.578350 -1.122604 -0.233256
v 0.565649 -1.135804 -0.219556
v 0.553950 -1.137104 -0.239156
v 0.573350 -1.122604 -0.243356
v 0.574549 -1.129104 -0.221456
v 0.555449 -1.139804 -0.228256
v 0.564049 -1.127404 -0.247756
v 0.578449 -1.123404 -0.230456
v 0.563250 -1.137104 -0.220356
v 0.554650 -1.135804 -0.241556
v 0.575149 -1.122104 -0.241156
v 0.572650 -1.130804 -0.220256
v 0.554349 -1.139604 -0.230856
v 0.578149 -1.124604 -0.227856
v 0.560950 -1.138304 -0.221756
v 0.555950 -1.134304 -0.243656
v 0.553050 -1.120004 -0.243156
v 0.553950 -1.122704 -0.243956
v 0.555149 -1.125304 -0.244256
v 0.556449 -1.127804 -0.243956
v 0.558049 -1.130204 -0.243156
v 0.559650 -1.132204 -0.241956
v 0.561249 -1.133904 -0.240256
v 0.562949 -1.135204 -0.238256
v 0.564449 -1.135904 -0.235856
v 0.565849 -1.136204 -0.233356
v 0.567049 -1.135904 -0.230756
v 0.567949 -1.135204 -0.228056
v 0.568549 -1.133904 -0.225556
v 0.568950 -1.132204 -0.223256
v 0.568950 -1.130204 -0.221156
v 0.568649 -1.127804 -0.219456
v 0.568049 -1.125304 -0.218256
v 0.567049 -1.122704 -0.217456
v 0.565949 -1.120004 -0.217156
v 0.564550 -1.117504 -0.217456
v 0.563049 -1.115104 -0.218256
v 0.561449 -1.113104 -0.219456
v 0.559749 -1.111404 -0.221156
v 0.558150 -1.110104 -0.223156
v 0.556549 -1.109404 -0.225556
v 0.555149 -1.109104 -0.228056
v 0.554049 -1.109404 -0.230756
v 0.553050 -1.110104 -0.233356
v 0.552450 -1.111404 -0.235856
v 0.552450 -1.117504 -0.241956
v 0.597849 -1.140304 0.205544
v 0.597849 -1.214704 0.205544
v 0.594949 -1.214704 0.202544
v 0.594949 -1.140304 0.202544
v 0.600149 -1.214704 0.209044
v 0.600149 -1.140304 0.209044
v 0.601749 -1.140304 0.212944
v 0.601749 -1.214704 0.212944
v 0.602449 -1.214704 0.217044
v 0.602449 -1.140304 0.217044
v 0.602449 -1.140304 0.221244
v 0.602449 -1.214704 0.221244
v 0.601549 -1.214704 0.225244
v 0.601549 -1.140304 0.225244
v 0.599950 -1.214704 0.229144
v 0.599950 -1.140304 0.229144
v 0.597549 -1.140304 0.232544
v 0.597549 -1.214704 0.232544
v 0.594549 -1.214704 0.235544
v 0.594549 -1.140304 0.235544
v 0.591049 -1.140304 0.237844
v 0.591049 -1.214704 0.237844
v 0.587149 -1.140304 0.239344
v 0.587149 -1.214704 0.239344
v 0.583049 -1.214704 0.240144
v 0.583049 -1.140304 0.240144
v 0.578849 -1.140304 0.240044
v 0.578849 -1.214704 0.240044
v 0.574750 -1.140304 0.239244
v 0.574750 -1.214704 0.239244
v 0.570949 -1.214704 0.237544
v 0.570949 -1.140304 0.237544
v 0.567450 -1.140304 0.235244
v 0.567450 -1.214704 0.235244
v 0.564550 -1.140304 0.232244
v 0.564550 -1.214704 0.232244
v 0.562249 -1.214704 0.228744
v 0.562249 -1.140304 0.228744
v 0.560749 -1.214704 0.224844
v 0.560749 -1.140304 0.224844
v 0.559949 -1.140304 0.220744
v 0.559949 -1.214704 0.220744
v 0.560049 -1.214704 0.216544
v 0.560049 -1.140304 0.216544
v 0.560849 -1.140304 0.212444
v 0.560849 -1.214704 0.212444
v 0.562550 -1.140304 0.208644
v 0.562550 -1.214704 0.208644
v 0.564849 -1.214704 0.205144
v 0.564849 -1.140304 0.205144
v 0.567849 -1.214704 0.202244
v 0.567849 -1.140304 0.202244
v 0.571349 -1.140304 0.199944
v 0.571349 -1.214704 0.199944
v 0.575249 -1.214704 0.198344
v 0.575249 -1.140304 0.198344
v 0.579349 -1.140304 0.197644
v 0.579349 -1.214704 0.197644
v 0.583549 -1.140304 0.197644
v 0.583549 -1.214704 0.197644
v 0.587650 -1.214704 0.198544
v 0.587650 -1.140304 0.198544
v 0.588250 -1.122104 0.228544
v 0.590249 -1.121904 0.226444
v 0.591449 -1.140304 0.200144
v 0.591449 -1.214704 0.200144
v 0.594349 -1.124604 0.216244
v 0.594150 -1.125904 0.213644
v 0.581850 -1.115104 0.203344
v 0.579949 -1.113104 0.204144
v 0.568950 -1.134304 0.226444
v 0.570149 -1.132604 0.228544
v 0.578950 -1.138304 0.206244
v 0.576449 -1.139104 0.207544
v 0.594050 -1.123404 0.218844
v 0.578350 -1.125904 0.232544
v 0.575849 -1.127404 0.232244
v 0.569249 -1.139104 0.216144
v 0.570450 -1.139604 0.213644
v 0.590749 -1.130804 0.207544
v 0.592349 -1.129104 0.209244
v 0.588749 -1.132604 0.206244
v 0.585949 -1.122604 0.230244
v 0.568250 -1.135804 0.224044
v 0.581549 -1.137104 0.205444
v 0.593249 -1.122604 0.221544
v 0.573649 -1.129104 0.231444
v 0.572149 -1.139804 0.211244
v 0.593450 -1.127404 0.211344
v 0.583449 -1.123404 0.231444
v 0.568049 -1.137104 0.221544
v 0.584050 -1.135804 0.205244
v 0.591950 -1.122104 0.224144
v 0.571750 -1.130804 0.230244
v 0.574149 -1.139604 0.209244
v 0.580849 -1.124604 0.232244
v 0.568449 -1.138304 0.218844
v 0.586549 -1.134304 0.205544
v 0.586749 -1.125304 0.204544
v 0.587049 -1.127804 0.205844
v 0.586950 -1.130204 0.207644
v 0.586449 -1.132204 0.209544
v 0.585550 -1.133904 0.211744
v 0.584349 -1.135204 0.214044
v 0.582849 -1.135904 0.216444
v 0.581050 -1.136204 0.218744
v 0.579050 -1.135904 0.220844
v 0.577049 -1.135204 0.222744
v 0.574949 -1.133904 0.224344
v 0.572949 -1.132204 0.225644
v 0.571150 -1.130204 0.226444
v 0.569449 -1.127804 0.226844
v 0.568049 -1.125304 0.226744
v 0.566949 -1.122704 0.226244
v 0.566249 -1.120004 0.225244
v 0.565949 -1.117504 0.223944
v 0.566050 -1.115104 0.222244
v 0.566549 -1.113104 0.220244
v 0.567450 -1.111404 0.218044
v 0.568649 -1.110104 0.215744
v 0.570149 -1.109404 0.213344
v 0.571949 -1.109104 0.211044
v 0.573849 -1.109404 0.208944
v 0.575949 -1.110104 0.207044
v 0.577949 -1.111404 0.205444
v 0.583549 -1.117504 0.202944
v 0.585949 -1.122704 0.203544
v 0.584949 -1.120004 0.203044
v 0.629549 -1.140304 -0.032756
v 0.629549 -1.214704 -0.032756
v 0.625349 -1.214704 -0.032956
v 0.625349 -1.140304 -0.032956
v 0.633550 -1.214704 -0.031656
v 0.633550 -1.140304 -0.031656
v 0.637349 -1.140304 -0.029856
v 0.637349 -1.214704 -0.029856
v 0.640649 -1.140304 -0.027256
v 0.640649 -1.214704 -0.027256
v 0.643449 -1.214704 -0.024156
v 0.643449 -1.140304 -0.024156
v 0.645549 -1.140304 -0.020556
v 0.645549 -1.214704 -0.020556
v 0.646949 -1.140304 -0.016556
v 0.646949 -1.214704 -0.016556
v 0.647449 -1.214704 -0.012456
v 0.647449 -1.140304 -0.012456
v 0.647250 -1.140304 -0.008256
v 0.647250 -1.214704 -0.008256
v 0.646149 -1.140304 -0.004256
v 0.646149 -1.214704 -0.004256
v 0.644350 -1.214704 -0.000456
v 0.644350 -1.140304 -0.000456
v 0.641749 -1.140304 0.002844
v 0.641749 -1.214704 0.002844
v 0.638650 -1.140304 0.005644
v 0.638650 -1.214704 0.005644
v 0.635050 -1.214704 0.007744
v 0.635050 -1.140304 0.007744
v 0.631049 -1.214704 0.009144
v 0.631049 -1.140304 0.009144
v 0.626949 -1.140304 0.009644
v 0.626949 -1.214704 0.009644
v 0.622750 -1.214704 0.009444
v 0.622750 -1.140304 0.009444
v 0.618749 -1.214704 0.008344
v 0.618749 -1.140304 0.008344
v 0.614950 -1.140304 0.006544
v 0.614950 -1.214704 0.006544
v 0.611649 -1.214704 0.004044
v 0.611649 -1.140304 0.004044
v 0.608849 -1.140304 0.000844
v 0.608849 -1.214704 0.000844
v 0.606749 -1.140304 -0.002756
v 0.606749 -1.214704 -0.002756
v 0.605349 -1.214704 -0.006656
v 0.605349 -1.140304 -0.006656
v 0.604850 -1.214704 -0.010856
v 0.604850 -1.140304 -0.010856
v 0.605049 -1.140304 -0.015056
v 0.605049 -1.214704 -0.015056
v 0.606149 -1.214704 -0.019056
v 0.606149 -1.140304 -0.019056
v 0.607949 -1.140304 -0.022856
v 0.607949 -1.214704 -0.022856
v 0.610449 -1.140304 -0.026156
v 0.610449 -1.214704 -0.026156
v 0.613649 -1.214704 -0.028956
v 0.613649 -1.140304 -0.028956
v 0.617249 -1.140304 -0.031056
v 0.617249 -1.214704 -0.031056
v 0.637950 -1.121904 -0.012056
v 0.637850 -1.122104 -0.009156
v 0.621149 -1.140304 -0.032356
v 0.621149 -1.214704 -0.032356
v 0.632250 -1.125904 -0.024156
v 0.616250 -1.115104 -0.023556
v 0.615349 -1.113104 -0.021656
v 0.634049 -1.124604 -0.022456
v 0.622150 -1.134304 0.002144
v 0.624350 -1.132604 0.002944
v 0.616049 -1.138304 -0.019456
v 0.615049 -1.139104 -0.016856
v 0.635650 -1.123404 -0.020256
v 0.633149 -1.125904 0.000444
v 0.631149 -1.127404 0.001844
v 0.615449 -1.139104 -0.005556
v 0.614649 -1.139604 -0.008356
v 0.627850 -1.129104 -0.026256
v 0.625549 -1.130804 -0.026456
v 0.623249 -1.132604 -0.026056
v 0.637250 -1.122604 -0.006356
v 0.620050 -1.135804 0.000944
v 0.617349 -1.137104 -0.021756
v 0.636849 -1.122604 -0.017756
v 0.628949 -1.129104 0.002744
v 0.614349 -1.139804 -0.011156
v 0.630149 -1.127404 -0.025456
v 0.636249 -1.123404 -0.003756
v 0.618149 -1.137104 -0.000856
v 0.619150 -1.135804 -0.023656
v 0.637649 -1.122104 -0.014956
v 0.626749 -1.130804 0.003144
v 0.614449 -1.139604 -0.014056
v 0.634849 -1.124604 -0.001456
v 0.616649 -1.138304 -0.003056
v 0.621149 -1.134304 -0.025156
v 0.618249 -1.120004 -0.025856
v 0.619449 -1.122704 -0.026156
v 0.620549 -1.125304 -0.025956
v 0.621749 -1.127804 -0.025156
v 0.622850 -1.130204 -0.023856
v 0.623749 -1.132204 -0.022056
v 0.624549 -1.133904 -0.019756
v 0.625249 -1.135204 -0.017256
v 0.625650 -1.135904 -0.014556
v 0.625949 -1.136204 -0.011656
v 0.625949 -1.135904 -0.008756
v 0.625650 -1.135204 -0.005956
v 0.625249 -1.133904 -0.003356
v 0.624549 -1.132204 -0.001156
v 0.623749 -1.130204 0.000744
v 0.622750 -1.127804 0.002144
v 0.621649 -1.125304 0.003044
v 0.620549 -1.122704 0.003344
v 0.619350 -1.120004 0.003144
v 0.618249 -1.117504 0.002344
v 0.617150 -1.115104 0.001044
v 0.616149 -1.113104 -0.000756
v 0.615349 -1.111404 -0.003056
v 0.614749 -1.110104 -0.005556
v 0.614250 -1.109404 -0.008256
v 0.614049 -1.109104 -0.011156
v 0.614049 -1.109404 -0.014056
v 0.614250 -1.110104 -0.016856
v 0.614749 -1.111404 -0.019456
v 0.617150 -1.117504 -0.024956
vn -0.0000 -1.0000 -0.0000
vn -0.9952 -0.0000 0.0981
vn -0.2439 -0.8557 0.4563
vn -0.2439 -0.8559 0.4559
vn -0.2440 -0.8556 0.4566
vn -0.2440 -0.8556 0.4565
vn -0.0507 -0.8559 -0.5147
vn -0.0508 -0.8558 -0.5147
vn -0.0507 -0.8559 -0.5146
vn -0.0506 -0.8560 -0.5145
vn 0.3284 -0.8556 0.4002
vn 0.3283 -0.8557 0.4000
vn 0.3285 -0.8554 0.4005
vn -0.1502 -0.8556 0.4954
vn -0.1502 -0.8558 0.4951
vn -0.1502 -0.8556 0.4953
vn -0.1502 -0.8557 0.4953
vn -0.1502 -0.8555 -0.4956
vn -0.1503 -0.8555 -0.4955
vn -0.1500 -0.8557 -0.4953
vn -0.1504 -0.8556 -0.4953
vn 0.4005 -0.8554 0.3284
vn 0.4002 -0.8556 0.3283
vn 0.3998 -0.8558 0.3283
vn 0.4001 -0.8557 0.3283
vn -0.0507 -0.8559 0.5147
vn -0.0507 -0.8557 0.5149
vn -0.0507 -0.8559 0.5146
vn -0.0508 -0.8558 0.5147
vn -0.2441 -0.8556 -0.4565
vn -0.2443 -0.8554 -0.4567
vn -0.2441 -0.8554 -0.4569
vn 0.4565 -0.8556 0.2441
vn 0.4566 -0.8555 0.2442
vn 0.4566 -0.8556 0.2441
vn 0.4569 -0.8554 0.2441
vn -0.3282 -0.8556 -0.4004
vn -0.3280 -0.8557 -0.4003
vn -0.3287 -0.8553 -0.4006
vn -0.3285 -0.8555 -0.4003
vn 0.4950 -0.8558 0.1503
vn 0.4951 -0.8558 0.1502
vn 0.4952 -0.8557 0.1502
vn 0.4951 -0.8557 0.1502
vn -0.4003 -0.8555 -0.3284
vn -0.4001 -0.8556 -0.3283
vn -0.4001 -0.8556 -0.3284
vn -0.3998 -0.8558 -0.3283
vn 0.5146 -0.8559 0.0507
vn 0.5148 -0.8558 0.0508
vn 0.5147 -0.8559 0.0507
vn 0.5151 -0.8556 0.0507
vn -0.4563 -0.8558 -0.2439
vn -0.4559 -0.8560 -0.2439
vn -0.4565 -0.8557 -0.2439
vn -0.4566 -0.8555 -0.2440
vn 0.5149 -0.8558 -0.0508
vn 0.5145 -0.8560 -0.0506
vn 0.5150 -0.8557 -0.0508
vn 0.5148 -0.8558 -0.0508
vn -0.4950 -0.8558 -0.1502
vn -0.4951 -0.8558 -0.1502
vn -0.4948 -0.8559 -0.1502
vn 0.4953 -0.8557 -0.1501
vn 0.4956 -0.8555 -0.1501
vn 0.4952 -0.8557 -0.1502
vn 0.4951 -0.8558 -0.1502
vn -0.5146 -0.8559 -0.0507
vn -0.5150 -0.8557 -0.0507
vn -0.5147 -0.8559 -0.0507
vn -0.5148 -0.8558 -0.0507
vn 0.4565 -0.8556 -0.2441
vn 0.4569 -0.8553 -0.2442
vn 0.4569 -0.8554 -0.2441
vn -0.5147 -0.8559 0.0507
vn -0.5147 -0.8558 0.0508
vn -0.5146 -0.8559 0.0507
vn -0.5146 -0.8560 0.0506
vn 0.4003 -0.8556 -0.3282
vn 0.4001 -0.8556 -0.3285
vn 0.4002 -0.8556 -0.3284
vn 0.4001 -0.8557 -0.3282
vn -0.4948 -0.8559 0.1501
vn -0.4950 -0.8558 0.1502
vn -0.4949 -0.8558 0.1503
vn -0.4950 -0.8558 0.1503
vn 0.3283 -0.8557 -0.4000
vn 0.3284 -0.8556 -0.4002
vn 0.3283 -0.8557 -0.3999
vn -0.4564 -0.8557 0.2439
vn -0.4564 -0.8557 0.2440
vn -0.4565 -0.8558 0.2436
vn -0.4564 -0.8557 0.2438
vn 0.2441 -0.8556 -0.4565
vn 0.2443 -0.8554 -0.4568
vn 0.2441 -0.8555 -0.4566
vn 0.2440 -0.8556 -0.4564
vn 0.0507 -0.8559 0.5146
vn 0.0506 -0.8560 0.5145
vn 0.0507 -0.8559 0.5147
vn 0.0508 -0.8558 0.5147
vn -0.3998 -0.8559 0.3279
vn -0.4000 -0.8557 0.3282
vn -0.4001 -0.8557 0.3283
vn 0.1501 -0.8557 -0.4953
vn 0.1502 -0.8558 -0.4951
vn 0.1502 -0.8556 -0.4954
vn 0.1503 -0.8558 0.4950
vn 0.1502 -0.8556 0.4953
vn 0.1501 -0.8560 0.4947
vn -0.3284 -0.8554 0.4005
vn -0.3283 -0.8556 0.4001
vn -0.3283 -0.8557 0.3999
vn -0.3283 -0.8557 0.4000
vn 0.0507 -0.8559 -0.5146
vn 0.0507 -0.8560 -0.5145
vn 0.0507 -0.8559 -0.5147
vn 0.0507 -0.8558 -0.5148
vn 0.2440 -0.8556 0.4564
vn 0.2437 -0.8558 0.4564
vn 0.2440 -0.8556 0.4565
vn 0.2441 -0.8556 0.4565
vn -0.0000 1.0000 -0.0000
vn 0.7731 -0.0000 -0.6343
vn 0.7732 -0.0000 -0.6342
vn 0.7733 -0.0000 -0.6341
vn -0.9570 -0.0000 0.2902
vn 0.6342 -0.0000 -0.7732
vn 0.6338 -0.0000 -0.7735
vn 0.6344 -0.0000 -0.7730
vn -0.8818 -0.0000 0.4716
vn 0.4716 -0.0000 -0.8818
vn 0.0981 -0.0000 0.9952
vn 0.0976 -0.0000 0.9952
vn -0.7731 -0.0000 0.6343
vn -0.7735 -0.0000 0.6338
vn -0.7732 -0.0000 0.6342
vn 0.2903 -0.0000 -0.9570
vn 0.2903 -0.0000 0.9570
vn -0.6343 -0.0000 0.7731
vn -0.6344 -0.0000 0.7730
vn -0.6345 -0.0000 0.7729
vn 0.0981 -0.0000 -0.9952
vn 0.0977 -0.0000 -0.9952
vn 0.4716 -0.0000 0.8818
vn -0.4716 -0.0000 0.8818
vn -0.0981 -0.0000 -0.9952
vn -0.0977 -0.0000 -0.9952
vn 0.6345 -0.0000 0.7729
vn 0.6342 -0.0000 0.7732
vn 0.6346 -0.0000 0.7729
vn -0.2903 -0.0000 0.9570
vn -0.2903 -0.0000 -0.9570
vn 0.7733 -0.0000 0.6341
vn 0.7732 -0.0000 0.6342
vn -0.0981 -0.0000 0.9952
vn -0.0977 -0.0000 0.9952
vn -0.4716 -0.0000 -0.8818
vn 0.8818 -0.0000 0.4716
vn -0.6344 -0.0000 -0.7730
vn -0.6345 -0.0000 -0.7729
vn 0.9570 -0.0000 0.2902
vn -0.7729 -0.0000 -0.6346
vn -0.7728 -0.0000 -0.6346
vn 0.9952 -0.0000 0.0981
vn -0.8818 -0.0000 -0.4716
vn 0.9952 -0.0000 -0.0981
vn -0.9570 -0.0000 -0.2902
vn 0.9570 -0.0000 -0.2902
vn -0.9952 -0.0000 -0.0981
vn 0.8818 -0.0000 -0.4716
vn 0.3934 -0.9194 -0.0000
vn 0.3933 -0.9194 -0.0000
vn 0.3932 -0.9195 0.0004
vn 0.3933 -0.9194 -0.0003
vn 0.3934 -0.9194 -0.0002
vn 0.3931 -0.9195 0.0002
vn 0.3930 -0.9195 -0.0000
vn 0.3931 -0.9195 -0.0002
vn 0.3934 -0.9194 0.0001
vn 0.3934 -0.9194 -0.0001
vn 0.3932 -0.9195 -0.0004
vn 0.3933 -0.9194 0.0002
vn 0.3932 -0.9194 0.0002
vn 0.3932 -0.9194 -0.0000
vn 0.3932 -0.9195 -0.0001
vn 0.3933 -0.9194 0.0001
vn 0.3710 0.9260 -0.0698
vn 0.3709 0.9260 -0.0699
vn 0.3714 0.9259 -0.0693
vn 0.4334 0.1853 -0.8819
vn 0.4334 0.1852 -0.8820
vn 0.4334 0.1854 -0.8819
vn 0.4335 0.1854 -0.8819
vn 0.0901 0.0385 0.9952
vn 0.0901 0.0386 0.9952
vn -0.7107 -0.3039 0.6344
vn 0.2667 0.1142 -0.9570
vn 0.2668 0.1142 -0.9570
vn 0.2671 0.1142 -0.9569
vn 0.2667 0.1142 0.9570
vn 0.2667 0.1141 0.9570
vn 0.2668 0.1143 0.9570
vn -0.5835 -0.2497 0.7728
vn -0.5833 -0.2495 0.7730
vn -0.5833 -0.2496 0.7729
vn 0.0901 0.0385 -0.9952
vn 0.4337 0.1854 0.8818
vn 0.4336 0.1854 0.8818
vn 0.4335 0.1854 0.8819
vn -0.4334 -0.1854 0.8819
vn -0.4335 -0.1854 0.8819
vn -0.0901 -0.0385 -0.9952
vn 0.5834 0.2495 0.7729
vn 0.5836 0.2496 0.7727
vn 0.5835 0.2495 0.7728
vn 0.5833 0.2495 0.7730
vn -0.2669 -0.1142 0.9569
vn -0.2669 -0.1141 0.9570
vn -0.2670 -0.1143 0.9569
vn -0.2669 -0.1142 -0.9569
vn -0.2668 -0.1142 -0.9570
vn -0.2670 -0.1142 -0.9569
vn 0.7106 0.3041 0.6345
vn 0.7105 0.3044 0.6344
vn 0.7104 0.3042 0.6347
vn 0.7104 0.3039 0.6348
vn -0.0901 -0.0385 0.9952
vn -0.4334 -0.1853 -0.8819
vn -0.4336 -0.1858 -0.8818
vn -0.4335 -0.1855 -0.8819
vn -0.4334 -0.1854 -0.8819
vn 0.8106 0.3471 0.4716
vn 0.8109 0.3469 0.4713
vn 0.8108 0.3470 0.4713
vn 0.8111 0.3468 0.4710
vn -0.5827 -0.2495 -0.7734
vn -0.5832 -0.2494 -0.7731
vn -0.5832 -0.2495 -0.7731
vn -0.5834 -0.2495 -0.7729
vn 0.8799 0.3763 0.2902
vn -0.7109 -0.3041 -0.6342
vn -0.7110 -0.3041 -0.6340
vn -0.7108 -0.3041 -0.6342
vn -0.7107 -0.3041 -0.6344
vn 0.9150 0.3915 0.0978
vn 0.9150 0.3914 0.0979
vn 0.9150 0.3914 0.0980
vn -0.8108 -0.3469 -0.4715
vn -0.8107 -0.3468 -0.4716
vn -0.8106 -0.3466 -0.4719
vn 0.9150 0.3913 -0.0981
vn 0.9150 0.3914 -0.0980
vn 0.9150 0.3915 -0.0980
vn 0.9151 0.3913 -0.0974
vn -0.8798 -0.3764 -0.2901
vn -0.8798 -0.3764 -0.2903
vn -0.8797 -0.3768 -0.2902
vn 0.8799 0.3763 -0.2902
vn -0.9148 -0.3919 -0.0980
vn -0.9150 -0.3914 -0.0978
vn -0.9149 -0.3916 -0.0975
vn -0.9150 -0.3914 -0.0980
vn 0.8108 0.3470 -0.4713
vn 0.8107 0.3470 -0.4716
vn 0.8106 0.3471 -0.4716
vn 0.8111 0.3468 -0.4710
vn -0.9149 -0.3916 0.0980
vn -0.9150 -0.3915 0.0978
vn -0.9150 -0.3913 0.0982
vn -0.9150 -0.3913 0.0986
vn 0.7107 0.3043 -0.6342
vn 0.7110 0.3041 -0.6340
vn 0.7106 0.3042 -0.6345
vn 0.7105 0.3044 -0.6345
vn -0.8798 -0.3764 0.2904
vn -0.8798 -0.3765 0.2903
vn -0.8798 -0.3766 0.2902
vn 0.5832 0.2494 -0.7731
vn -0.8108 -0.3468 0.4715
vn -0.8107 -0.3468 0.4716
vn -0.8106 -0.3466 0.4719
vn -0.8109 -0.3470 0.4712
vn 0.7199 -0.5999 -0.3491
vn 0.7197 -0.6001 -0.3492
vn 0.7198 -0.6002 -0.3487
vn 0.7196 -0.6004 -0.3489
vn -0.9011 0.3816 -0.2061
vn -0.9011 0.3817 -0.2057
vn -0.9011 0.3817 -0.2060
vn -0.9013 0.3813 -0.2055
vn 0.3463 0.9153 -0.2058
vn 0.3463 0.9152 -0.2060
vn 0.3463 0.9153 -0.2055
vn -0.9261 0.3709 -0.0692
vn -0.9261 0.3709 -0.0694
vn -0.9261 0.3709 -0.0696
vn 0.2976 0.8941 -0.3347
vn 0.2976 0.8942 -0.3344
vn 0.2975 0.8941 -0.3347
vn 0.2974 0.8944 -0.3342
vn -0.9261 0.3709 0.0691
vn -0.9261 0.3709 0.0692
vn 0.2261 0.8641 -0.4497
vn 0.2264 0.8640 -0.4497
vn 0.2266 0.8640 -0.4497
vn 0.2267 0.8639 -0.4497
vn -0.9009 0.3819 0.2062
vn -0.9011 0.3817 0.2058
vn -0.9010 0.3818 0.2061
vn -0.9011 0.3815 0.2060
vn 0.1359 0.8254 -0.5480
vn 0.1356 0.8255 -0.5479
vn 0.1361 0.8253 -0.5480
vn -0.8522 0.4026 0.3341
vn -0.8525 0.4022 0.3340
vn -0.8521 0.4028 0.3342
vn -0.8519 0.4031 0.3343
vn 0.0297 0.7800 -0.6251
vn 0.0300 0.7799 -0.6252
vn 0.0299 0.7800 -0.6251
vn 0.0297 0.7800 -0.6250
vn -0.2135 0.6758 0.7055
vn -0.7813 0.4330 0.4496
vn -0.7813 0.4328 0.4497
vn -0.7815 0.4324 0.4498
vn -0.7813 0.4327 0.4498
vn -0.0882 0.7292 -0.6786
vn -0.0882 0.7293 -0.6784
vn -0.0882 0.7294 -0.6784
vn -0.0881 0.7293 0.6785
vn -0.0881 0.7294 0.6784
vn -0.0882 0.7294 0.6784
vn -0.6909 0.4716 0.5480
vn -0.6909 0.4715 0.5480
vn -0.6911 0.4714 0.5479
vn -0.2135 0.6758 -0.7055
vn -0.2132 0.6757 -0.7057
vn -0.2132 0.6757 -0.7056
vn 0.0297 0.7797 0.6255
vn 0.0301 0.7797 0.6255
vn 0.0299 0.7799 0.6252
vn 0.0298 0.7799 0.6252
vn -0.5847 0.5167 0.6254
vn -0.5845 0.5167 0.6256
vn -0.5846 0.5168 0.6254
vn -0.5847 0.5170 0.6252
vn -0.3415 0.6213 -0.7053
vn -0.3412 0.6210 -0.7056
vn -0.3414 0.6212 -0.7054
vn -0.3417 0.6213 -0.7051
vn 0.1361 0.8253 0.5480
vn 0.1361 0.8254 0.5479
vn 0.1361 0.8254 0.5480
vn 0.1361 0.8252 0.5483
vn -0.4665 0.5677 0.6783
vn -0.4664 0.5679 0.6782
vn -0.4666 0.5674 0.6784
vn -0.4664 0.5676 -0.6785
vn -0.4666 0.5675 -0.6784
vn -0.4667 0.5674 -0.6784
vn -0.4667 0.5677 -0.6782
vn 0.2262 0.8641 0.4497
vn 0.2264 0.8640 0.4497
vn 0.2263 0.8640 0.4497
vn 0.2260 0.8642 0.4495
vn -0.3412 0.6212 0.7055
vn -0.3413 0.6211 0.7055
vn -0.3412 0.6211 0.7055
vn -0.5847 0.5171 -0.6251
vn -0.5847 0.5170 -0.6251
vn -0.5845 0.5172 -0.6252
vn -0.5846 0.5170 -0.6252
vn 0.2970 0.8944 0.3345
vn 0.2969 0.8944 0.3344
vn 0.2975 0.8944 0.3341
vn -0.6908 0.4716 -0.5482
vn -0.6909 0.4715 -0.5480
vn -0.6909 0.4716 -0.5480
vn 0.3463 0.9152 0.2059
vn 0.3463 0.9153 0.2059
vn 0.3463 0.9153 0.2058
vn -0.7813 0.4329 -0.4497
vn -0.7813 0.4328 -0.4497
vn 0.3709 0.9260 0.0698
vn 0.3708 0.9261 0.0698
vn 0.3709 0.9260 0.0699
vn 0.3712 0.9259 0.0695
vn -0.8523 0.4025 -0.3341
vn -0.8524 0.4025 -0.3339
vn -0.8523 0.4024 -0.3341
vn -0.8522 0.4024 -0.3343
vn 0.2669 0.1142 -0.9569
vn 0.2668 0.1141 -0.9570
vn -0.1562 -0.9748 0.1595
vn -0.1561 -0.9747 0.1597
vn -0.1558 -0.9748 0.1595
vn -0.1555 -0.9750 0.1589
vn 0.6493 -0.6304 -0.4254
vn 0.6494 -0.6304 -0.4254
vn -0.1177 -0.9586 0.2594
vn 0.5669 -0.6657 -0.4853
vn 0.3780 -0.7465 0.5476
vn 0.3782 -0.7464 0.5476
vn 0.3779 -0.7463 0.5479
vn -0.0629 -0.9349 0.3494
vn -0.0627 -0.9350 0.3491
vn -0.0626 -0.9350 0.3492
vn 0.4753 -0.7048 -0.5266
vn 0.4753 -0.7049 -0.5265
vn 0.4752 -0.7049 0.5266
vn 0.4753 -0.7048 0.5266
vn 0.4753 -0.7049 0.5265
vn 0.4752 -0.7048 0.5267
vn 0.0074 -0.9050 0.4254
vn 0.0075 -0.9050 0.4254
vn 0.0074 -0.9050 0.4253
vn 0.3780 -0.7464 -0.5477
vn 0.3780 -0.7465 -0.5476
vn 0.3780 -0.7466 -0.5475
vn 0.5669 -0.6657 0.4852
vn 0.5669 -0.6657 0.4853
vn 0.5669 -0.6658 0.4852
vn 0.0899 -0.8697 0.4853
vn 0.0900 -0.8697 0.4853
vn 0.0900 -0.8696 0.4854
vn 0.2790 -0.7887 -0.5478
vn 0.2789 -0.7886 -0.5480
vn 0.2793 -0.7888 -0.5476
vn 0.2789 -0.7889 -0.5476
vn 0.6494 -0.6304 0.4253
vn 0.6494 -0.6304 0.4254
vn 0.1816 -0.8305 0.5266
vn 0.1816 -0.8306 -0.5265
vn 0.1816 -0.8304 -0.5267
vn 0.7197 -0.6003 0.3489
vn 0.7195 -0.6005 0.3488
vn 0.7197 -0.6002 0.3489
vn 0.7196 -0.6003 0.3491
vn 0.2789 -0.7889 0.5476
vn 0.2789 -0.7888 0.5476
vn 0.0898 -0.8697 -0.4853
vn 0.0899 -0.8697 -0.4853
vn 0.7746 -0.5769 0.2593
vn 0.7746 -0.5768 0.2594
vn 0.7746 -0.5770 0.2590
vn 0.0077 -0.9050 -0.4254
vn 0.0076 -0.9049 -0.4255
vn 0.0071 -0.9049 -0.4256
vn 0.0074 -0.9050 -0.4254
vn 0.8125 -0.5606 0.1598
vn 0.8129 -0.5601 0.1597
vn 0.8125 -0.5606 0.1597
vn 0.8125 -0.5607 0.1597
vn -0.0626 -0.9350 -0.3491
vn -0.0626 -0.9350 -0.3492
vn 0.8318 -0.5524 0.0539
vn 0.8319 -0.5523 0.0538
vn 0.8319 -0.5523 0.0539
vn -0.1177 -0.9586 -0.2594
vn 0.8319 -0.5522 -0.0540
vn 0.8320 -0.5521 -0.0541
vn 0.8319 -0.5523 -0.0539
vn -0.1556 -0.9749 -0.1595
vn -0.1555 -0.9749 -0.1596
vn -0.1557 -0.9748 -0.1596
vn -0.1556 -0.9748 -0.1598
vn 0.8124 -0.5608 -0.1597
vn 0.8124 -0.5608 -0.1596
vn 0.8126 -0.5606 -0.1595
vn 0.8125 -0.5606 -0.1598
vn -0.1749 -0.9831 -0.0541
vn -0.1751 -0.9831 -0.0540
vn -0.1745 -0.9832 -0.0542
vn -0.1748 -0.9831 -0.0540
vn 0.7743 -0.5773 -0.2592
vn 0.7744 -0.5771 -0.2594
vn 0.7745 -0.5769 -0.2594
vn 0.7746 -0.5768 -0.2594
vn -0.1747 -0.9831 0.0541
vn -0.1745 -0.9832 0.0540
vn -0.1749 -0.9831 0.0543
vn -0.1750 -0.9831 0.0539
vn -0.4673 0.5717 -0.6744
vn -0.4672 0.5719 -0.6742
vn -0.4671 0.5722 -0.6741
vn -0.4672 0.5719 -0.6743
vn 0.2671 0.1142 0.9569
vn 0.2670 0.1142 0.9569
vn 0.2669 0.1142 0.9569
vn -0.5832 -0.2495 0.7731
vn -0.5835 -0.2495 0.7729
vn -0.5837 -0.2495 0.7727
vn 0.0903 0.0386 -0.9952
vn 0.0903 0.0387 -0.9952
vn 0.0900 0.0386 -0.9952
vn 0.4334 0.1854 0.8819
vn 0.4333 0.1854 0.8820
vn -0.4333 -0.1854 0.8820
vn -0.0904 -0.0387 -0.9952
vn -0.0903 -0.0387 -0.9952
vn 0.5832 0.2495 0.7730
vn -0.2667 -0.1142 0.9570
vn -0.2670 -0.1143 -0.9569
vn -0.2668 -0.1141 -0.9570
vn -0.2671 -0.1142 -0.9569
vn -0.2664 -0.1141 -0.9571
vn 0.7107 0.3044 0.6342
vn 0.7107 0.3041 0.6344
vn -0.0900 -0.0386 0.9952
vn -0.0901 -0.0386 0.9952
vn -0.0904 -0.0387 0.9952
vn -0.0903 -0.0387 0.9952
vn -0.4335 -0.1854 -0.8819
vn -0.4333 -0.1854 -0.8820
vn 0.8108 0.3471 0.4714
vn 0.8109 0.3469 0.4714
vn 0.8107 0.3468 0.4717
vn 0.8108 0.3473 0.4711
vn -0.5836 -0.2495 -0.7728
vn 0.8800 0.3763 0.2897
vn 0.8798 0.3764 0.2901
vn 0.8799 0.3763 0.2900
vn 0.9150 0.3914 0.0981
vn 0.9150 0.3915 0.0979
vn 0.9149 0.3915 0.0979
vn -0.8106 -0.3471 -0.4717
vn -0.8109 -0.3468 -0.4714
vn -0.8106 -0.3469 -0.4719
vn 0.9150 0.3912 -0.0984
vn -0.8798 -0.3766 -0.2900
vn -0.8798 -0.3765 -0.2902
vn -0.8798 -0.3763 -0.2905
vn -0.8797 -0.3761 -0.2908
vn 0.8799 0.3763 -0.2900
vn 0.8800 0.3763 -0.2897
vn 0.8799 0.3764 -0.2902
vn 0.8798 0.3764 -0.2902
vn -0.9149 -0.3916 -0.0976
vn -0.9150 -0.3915 -0.0977
vn -0.9150 -0.3914 -0.0981
vn -0.9150 -0.3912 -0.0984
vn 0.8108 0.3471 -0.4714
vn 0.8108 0.3473 -0.4711
vn 0.8107 0.3468 -0.4717
vn 0.8108 0.3468 -0.4714
vn -0.9150 -0.3914 0.0982
vn -0.9150 -0.3914 0.0978
vn -0.9149 -0.3916 0.0982
vn -0.9149 -0.3915 0.0982
vn 0.7107 0.3044 -0.6342
vn -0.8799 -0.3764 0.2900
vn -0.8801 -0.3763 0.2897
vn -0.8797 -0.3765 0.2905
vn 0.5832 0.2495 -0.7731
vn 0.5833 0.2495 -0.7730
vn 0.5831 0.2494 -0.7731
vn 0.5830 0.2494 -0.7733
vn -0.8107 -0.3469 0.4717
vn -0.8108 -0.3469 0.4715
vn -0.8107 -0.3470 0.4716
vn -0.8110 -0.3469 0.4712
vn 0.0903 0.0386 0.9952
vn 0.0903 0.0387 0.9952
vn -0.7108 -0.3041 0.6342
vn -0.2939 -0.8226 -0.4868
vn -0.2939 -0.8223 -0.4872
vn -0.2940 -0.8225 -0.4868
vn 0.2216 0.8667 0.4469
vn 0.2219 0.8668 0.4466
vn 0.2220 0.8666 0.4469
vn 0.2215 0.8667 0.4470
vn -0.3426 0.6252 0.7012
vn -0.3426 0.6252 0.7013
vn -0.3427 0.6252 0.7012
vn -0.3424 0.6252 0.7014
vn -0.5845 0.5217 -0.6215
vn -0.5845 0.5217 -0.6214
vn -0.5844 0.5217 -0.6215
vn 0.2922 0.8969 0.3320
vn 0.2923 0.8969 0.3320
vn -0.6900 0.4767 -0.5447
vn -0.6899 0.4766 -0.5448
vn -0.6900 0.4768 -0.5446
vn -0.6901 0.4765 -0.5447
vn 0.3410 0.9176 0.2044
vn 0.3412 0.9174 0.2046
vn 0.3410 0.9176 0.2043
vn 0.3409 0.9176 0.2046
vn -0.7799 0.4378 -0.4473
vn -0.7799 0.4379 -0.4472
vn -0.7800 0.4378 -0.4472
vn -0.7800 0.4380 -0.4469
vn 0.3657 0.9282 0.0691
vn 0.3653 0.9284 0.0688
vn 0.3655 0.9282 0.0691
vn 0.3659 0.9281 0.0695
vn -0.8506 0.4078 -0.3321
vn -0.8506 0.4076 -0.3322
vn -0.8503 0.4079 -0.3325
vn -0.8505 0.4079 -0.3322
vn 0.3655 0.9282 -0.0689
vn 0.3657 0.9282 -0.0691
vn 0.3654 0.9283 -0.0690
vn 0.3655 0.9283 -0.0691
vn -0.8990 0.3871 -0.2046
vn -0.8991 0.3871 -0.2046
vn -0.8990 0.3872 -0.2046
vn -0.8990 0.3872 -0.2045
vn 0.3408 0.9177 -0.2044
vn 0.3412 0.9174 -0.2049
vn 0.3408 0.9176 -0.2045
vn 0.3407 0.9177 -0.2043
vn -0.9238 0.3766 -0.0691
vn -0.9239 0.3765 -0.0688
vn -0.9238 0.3767 -0.0691
vn -0.9237 0.3768 -0.0692
vn 0.2918 0.8971 -0.3318
vn 0.2920 0.8969 -0.3320
vn 0.2920 0.8970 -0.3320
vn -0.9238 0.3765 0.0691
vn -0.9238 0.3766 0.0693
vn -0.9238 0.3766 0.0691
vn -0.9238 0.3767 0.0691
vn 0.2217 0.8666 -0.4470
vn 0.2218 0.8666 -0.4470
vn -0.8991 0.3871 0.2046
vn -0.8991 0.3870 0.2047
vn 0.1319 0.8282 -0.5447
vn 0.1317 0.8283 -0.5446
vn 0.1317 0.8282 -0.5448
vn -0.8504 0.4080 0.3321
vn -0.8504 0.4080 0.3322
vn -0.8504 0.4079 0.3323
vn 0.0262 0.7830 -0.6215
vn 0.0264 0.7830 -0.6215
vn -0.2156 0.6794 0.7014
vn -0.2156 0.6795 0.7013
vn -0.2154 0.6790 0.7019
vn -0.2153 0.6792 0.7017
vn -0.7799 0.4381 0.4470
vn -0.7799 0.4380 0.4470
vn -0.7799 0.4380 0.4471
vn -0.7799 0.4383 0.4468
vn -0.0915 0.7327 -0.6744
vn -0.0917 0.7327 -0.6743
vn -0.0913 0.7326 -0.6745
vn -0.0908 0.7326 0.6746
vn -0.0907 0.7330 0.6742
vn -0.0908 0.7325 0.6747
vn -0.0910 0.7327 0.6744
vn -0.6901 0.4763 0.5449
vn -0.6900 0.4764 0.5449
vn -0.6901 0.4764 0.5448
vn -0.2157 0.6795 -0.7013
vn -0.2157 0.6794 -0.7013
vn -0.2155 0.6795 -0.7013
vn -0.2155 0.6794 -0.7014
vn 0.0264 0.7829 0.6216
vn 0.0264 0.7830 0.6215
vn 0.0263 0.7831 0.6214
vn 0.0263 0.7830 0.6215
vn -0.5847 0.5216 0.6213
vn -0.5845 0.5218 0.6213
vn -0.5845 0.5217 0.6215
vn -0.3423 0.6252 -0.7014
vn -0.3426 0.6250 -0.7015
vn -0.3425 0.6251 -0.7014
vn -0.3427 0.6252 -0.7012
vn 0.1319 0.8282 0.5447
vn 0.1319 0.8282 0.5446
vn -0.4674 0.5716 0.6744
vn -0.4672 0.5719 0.6743
vn -0.4671 0.5719 0.6743
vn -0.4672 0.5718 0.6744
vn -0.9149 -0.3915 -0.0983
vn -0.9148 -0.3918 -0.0979
vn -0.9149 -0.3916 -0.0978
vn 0.9546 -0.2881 0.0753
vn 0.9546 -0.2881 0.0752
vn 0.9546 -0.2882 0.0754
vn -0.3706 -0.8554 -0.3618
vn -0.3705 -0.8554 -0.3619
vn -0.3707 -0.8554 -0.3618
vn 0.9546 -0.2882 -0.0754
vn 0.9546 -0.2881 -0.0752
vn -0.4236 -0.8780 -0.2230
vn -0.4238 -0.8779 -0.2229
vn -0.4237 -0.8779 -0.2230
vn 0.9276 -0.3000 -0.2226
vn 0.9276 -0.2997 -0.2229
vn 0.9276 -0.3002 -0.2223
vn 0.9276 -0.2999 -0.2227
vn -0.4511 -0.8893 -0.0757
vn -0.4511 -0.8893 -0.0753
vn -0.4510 -0.8893 -0.0757
vn -0.4508 -0.8894 -0.0754
vn 0.8748 -0.3222 -0.3619
vn 0.8747 -0.3224 -0.3620
vn 0.8748 -0.3221 -0.3619
vn 0.8748 -0.3220 -0.3618
vn -0.4510 -0.8893 0.0758
vn -0.4506 -0.8895 0.0753
vn -0.4507 -0.8895 0.0753
vn -0.4509 -0.8894 0.0754
vn 0.7975 -0.3551 -0.4877
vn 0.7977 -0.3552 -0.4874
vn 0.7976 -0.3551 -0.4876
vn 0.7977 -0.3553 -0.4872
vn -0.4238 -0.8779 0.2229
vn -0.4237 -0.8779 0.2229
vn -0.4238 -0.8779 0.2230
vn 0.7000 -0.3972 -0.5935
vn 0.6999 -0.3971 -0.5937
vn 0.7001 -0.3973 -0.5934
vn 0.6997 -0.3969 -0.5941
vn -0.3710 -0.8551 0.3620
vn -0.3707 -0.8553 0.3620
vn -0.3710 -0.8552 0.3620
vn -0.3710 -0.8552 0.3619
vn 0.5848 -0.4463 -0.6773
vn 0.5848 -0.4464 -0.6773
vn 0.3209 -0.5593 0.7644
vn 0.3211 -0.5592 0.7643
vn 0.3211 -0.5593 0.7643
vn 0.3212 -0.5594 0.7641
vn -0.2939 -0.8223 0.4874
vn -0.2940 -0.8224 0.4871
vn -0.2941 -0.8223 0.4871
vn -0.2942 -0.8223 0.4872
vn 0.4570 -0.5010 -0.7350
vn 0.4572 -0.5011 -0.7348
vn 0.4568 -0.5009 -0.7352
vn 0.4568 -0.5011 0.7349
vn 0.4569 -0.5010 0.7350
vn 0.4569 -0.5011 0.7350
vn 0.4568 -0.5011 0.7350
vn -0.1962 -0.7805 0.5936
vn -0.1961 -0.7804 0.5937
vn -0.1962 -0.7802 0.5940
vn 0.3212 -0.5594 -0.7642
vn 0.3212 -0.5594 -0.7641
vn 0.5848 -0.4464 0.6773
vn 0.5849 -0.4464 0.6773
vn 0.5849 -0.4464 0.6772
vn 0.5850 -0.4464 0.6771
vn -0.0810 -0.7313 0.6773
vn -0.0806 -0.7316 0.6770
vn -0.0810 -0.7312 0.6774
vn 0.1826 -0.6185 -0.7643
vn 0.1827 -0.6184 -0.7643
vn 0.1827 -0.6184 -0.7644
vn 0.6998 -0.3970 0.5938
vn 0.7000 -0.3968 0.5938
vn 0.6998 -0.3971 0.5938
vn 0.6997 -0.3974 0.5938
vn 0.0469 -0.6763 0.7351
vn 0.0469 -0.6764 0.7350
vn 0.0468 -0.6764 0.7350
vn 0.0467 -0.6769 0.7346
vn 0.0476 -0.6765 -0.7349
vn 0.0469 -0.6765 -0.7350
vn 0.0477 -0.6766 -0.7348
vn 0.7978 -0.3547 0.4876
vn 0.7976 -0.3550 0.4876
vn 0.7978 -0.3547 0.4875
vn 0.7978 -0.3552 0.4873
vn 0.1826 -0.6182 0.7645
vn 0.1827 -0.6184 0.7643
vn -0.0810 -0.7313 -0.6772
vn -0.0807 -0.7315 -0.6770
vn -0.0806 -0.7316 -0.6770
vn -0.0809 -0.7313 -0.6772
vn 0.8745 -0.3224 0.3624
vn 0.8746 -0.3224 0.3621
vn 0.8746 -0.3223 0.3623
vn -0.1962 -0.7804 -0.5937
vn -0.1961 -0.7805 -0.5936
vn -0.1962 -0.7803 -0.5938
vn 0.9277 -0.2998 0.2227
vn 0.9277 -0.2997 0.2225
vn 0.9276 -0.3001 0.2225
vn -0.8745 0.3110 0.3723
vn 0.8105 0.3471 -0.4719
vn 0.8107 0.3470 -0.4715
vn 0.8108 0.3469 -0.4715
vn -0.9148 -0.3918 0.0980
vn -0.9150 -0.3914 0.0980
vn -0.9150 -0.3913 0.0979
vn 0.7106 0.3040 -0.6345
vn 0.7107 0.3040 -0.6345
vn -0.8798 -0.3763 0.2904
vn -0.8798 -0.3765 0.2902
vn 0.5834 0.2495 -0.7729
vn 0.5834 0.2496 -0.7729
vn -0.8109 -0.3469 0.4712
vn -0.8107 -0.3470 0.4715
vn -0.8107 -0.3469 0.4715
vn 0.4332 0.1853 -0.8821
vn 0.4338 0.1857 -0.8817
vn 0.0904 0.0387 0.9952
vn 0.0902 0.0386 0.9952
vn -0.7108 -0.3041 0.6343
vn -0.7107 -0.3041 0.6344
vn 0.2669 0.1141 -0.9569
vn 0.2669 0.1141 -0.9570
vn 0.2670 0.1143 -0.9569
vn 0.2669 0.1141 0.9569
vn 0.2668 0.1140 0.9570
vn 0.2669 0.1141 0.9570
vn -0.5830 -0.2494 0.7732
vn -0.5835 -0.2495 0.7728
vn 0.0904 0.0387 -0.9952
vn 0.4332 0.1853 0.8821
vn 0.4336 0.1855 0.8818
vn -0.4332 -0.1853 0.8821
vn -0.0901 -0.0386 -0.9952
vn -0.0906 -0.0387 -0.9951
vn 0.5830 0.2494 0.7732
vn -0.2668 -0.1141 0.9570
vn -0.2673 -0.1146 -0.9568
vn -0.2673 -0.1145 -0.9568
vn -0.2672 -0.1145 -0.9568
vn 0.7109 0.3041 0.6341
vn 0.7111 0.3042 0.6339
vn -0.0902 -0.0386 0.9952
vn -0.0906 -0.0387 0.9951
vn -0.4332 -0.1853 -0.8821
vn -0.4335 -0.1855 -0.8818
vn 0.8106 0.3472 0.4715
vn 0.8106 0.3468 0.4719
vn 0.8108 0.3469 0.4715
vn 0.8108 0.3469 0.4714
vn -0.5833 -0.2495 -0.7730
vn -0.5833 -0.2494 -0.7730
vn 0.8798 0.3764 0.2903
vn 0.8798 0.3763 0.2905
vn 0.8798 0.3765 0.2901
vn -0.7106 -0.3040 -0.6345
vn 0.9149 0.3914 0.0988
vn -0.8109 -0.3469 -0.4712
vn 0.9150 0.3914 -0.0982
vn 0.9149 0.3914 -0.0987
vn -0.8798 -0.3763 -0.2904
vn 0.8798 0.3765 -0.2901
vn 0.8796 0.3769 -0.2905
vn 0.8797 0.3767 -0.2901
vn 0.8798 0.3764 -0.2903
vn -0.2983 -0.9368 -0.1830
vn -0.2982 -0.9367 -0.1835
vn -0.2979 -0.9369 -0.1829
vn -0.2983 -0.9368 -0.1828
vn -0.0225 0.8395 -0.5429
vn -0.2114 0.7087 0.6731
vn -0.2115 0.7087 0.6731
vn -0.2117 0.7089 0.6728
vn -0.7921 0.3575 0.4947
vn -0.7921 0.3575 0.4948
vn -0.1083 0.7781 -0.6187
vn -0.1085 0.7781 -0.6187
vn -0.1083 0.7782 0.6186
vn -0.1085 0.7781 0.6187
vn -0.1084 0.7782 0.6186
vn -0.6898 0.4161 0.5925
vn -0.2115 0.7087 -0.6731
vn -0.2115 0.7090 -0.6728
vn -0.0223 0.8395 0.5429
vn -0.0225 0.8395 0.5429
vn -0.0226 0.8395 0.5429
vn -0.5737 0.4839 0.6608
vn -0.5737 0.4840 0.6608
vn -0.5736 0.4840 0.6608
vn -0.3274 0.6340 -0.7006
vn 0.0443 0.8907 0.4525
vn 0.0445 0.8906 0.4525
vn -0.4505 0.5579 0.6970
vn -0.4505 0.5579 -0.6970
vn 0.0930 0.9306 0.3539
vn 0.0930 0.9307 0.3539
vn -0.3274 0.6340 0.7006
vn -0.5736 0.4840 -0.6608
vn -0.5737 0.4840 -0.6608
vn -0.5737 0.4841 -0.6607
vn 0.1251 0.9596 0.2521
vn 0.1251 0.9596 0.2522
vn 0.1251 0.9595 0.2522
vn -0.6899 0.4161 -0.5924
vn -0.6898 0.4161 -0.5925
vn 0.1440 0.9781 0.1505
vn -0.7921 0.3575 -0.4948
vn 0.1523 0.9871 0.0497
vn 0.1526 0.9870 0.0500
vn 0.1526 0.9870 0.0501
vn -0.8745 0.3110 -0.3723
vn -0.8744 0.3110 -0.3723
vn 0.1528 0.9870 -0.0497
vn 0.1526 0.9870 -0.0500
vn 0.1524 0.9871 -0.0500
vn -0.9321 0.2788 -0.2312
vn -0.9321 0.2788 -0.2313
vn 0.1441 0.9781 -0.1505
vn 0.1440 0.9781 -0.1505
vn -0.9618 0.2623 -0.0784
vn -0.9617 0.2624 -0.0787
vn -0.9618 0.2625 -0.0782
vn 0.1251 0.9596 -0.2522
vn 0.1251 0.9595 -0.2523
vn -0.9618 0.2623 0.0784
vn -0.9619 0.2622 0.0781
vn -0.9618 0.2624 0.0784
vn 0.0930 0.9306 -0.3539
vn 0.0933 0.9305 -0.3541
vn -0.9321 0.2788 0.2312
vn 0.0446 0.8907 -0.4525
vn 0.0445 0.8907 -0.4525
vn 0.0445 0.8906 -0.4525
vn -0.8986 -0.3290 0.2903
vn 0.8334 -0.5217 -0.1825
vn 0.8333 -0.5216 -0.1829
vn 0.8332 -0.5220 -0.1828
vn 0.8331 -0.5220 -0.1828
vn -0.3210 -0.9451 -0.0617
vn -0.3212 -0.9450 -0.0617
vn 0.7888 -0.5381 -0.2969
vn 0.7889 -0.5381 -0.2969
vn 0.7888 -0.5381 -0.2970
vn -0.3210 -0.9451 0.0617
vn -0.3211 -0.9450 0.0617
vn -0.3210 -0.9451 0.0616
vn 0.7245 -0.5617 -0.3996
vn 0.7246 -0.5614 -0.3998
vn 0.7246 -0.5615 -0.3996
vn 0.7245 -0.5617 -0.3995
vn -0.2983 -0.9368 0.1830
vn -0.2983 -0.9368 0.1827
vn -0.2980 -0.9369 0.1831
vn -0.2982 -0.9367 0.1835
vn 0.6425 -0.5918 -0.4868
vn 0.6424 -0.5919 -0.4868
vn 0.6425 -0.5919 -0.4868
vn -0.2542 -0.9205 0.2966
vn -0.2543 -0.9205 0.2966
vn -0.2541 -0.9205 0.2967
vn 0.5461 -0.6272 -0.5553
vn 0.5461 -0.6272 -0.5554
vn 0.3254 -0.7082 0.6266
vn 0.3255 -0.7082 0.6265
vn 0.3252 -0.7081 0.6267
vn -0.1897 -0.8969 0.3995
vn -0.1897 -0.8968 0.3996
vn 0.4389 -0.6667 -0.6024
vn 0.4389 -0.6664 -0.6027
vn 0.4390 -0.6665 -0.6025
vn 0.4390 -0.6664 -0.6026
vn 0.4390 -0.6667 0.6023
vn 0.4389 -0.6668 0.6023
vn 0.4390 -0.6666 0.6024
vn -0.1072 -0.8669 0.4868
vn -0.1076 -0.8669 0.4868
vn -0.1073 -0.8669 0.4868
vn 0.3254 -0.7080 -0.6268
vn 0.3254 -0.7081 -0.6267
vn 0.3253 -0.7081 -0.6267
vn 0.3253 -0.7080 -0.6269
vn 0.5460 -0.6271 0.5555
vn 0.5462 -0.6271 0.5553
vn 0.5460 -0.6272 0.5555
vn 0.5461 -0.6272 0.5553
vn -0.0115 -0.8316 0.5552
vn -0.0114 -0.8313 0.5557
vn -0.0113 -0.8314 0.5555
vn -0.0113 -0.8315 0.5553
vn 0.2093 -0.7506 -0.6268
vn 0.2095 -0.7506 -0.6267
vn 0.2090 -0.7503 -0.6271
vn 0.6425 -0.5918 0.4868
vn 0.6424 -0.5916 0.4872
vn 0.6425 -0.5917 0.4870
vn 0.6424 -0.5920 0.4867
vn 0.0956 -0.7923 0.6026
vn 0.0961 -0.7924 0.6024
vn 0.0958 -0.7923 0.6026
vn 0.0958 -0.7923 0.6025
vn 0.0958 -0.7923 -0.6026
vn 0.0958 -0.7923 -0.6025
vn 0.7245 -0.5617 0.3995
vn 0.2093 -0.7507 0.6266
vn 0.2095 -0.7508 0.6264
vn 0.2094 -0.7507 0.6265
vn 0.2092 -0.7507 0.6267
vn -0.0109 -0.8317 -0.5551
vn -0.0110 -0.8317 -0.5551
vn 0.7889 -0.5381 0.2969
vn 0.7888 -0.5382 0.2968
vn 0.7889 -0.5380 0.2970
vn -0.1077 -0.8669 -0.4868
vn -0.1078 -0.8668 -0.4868
vn 0.8334 -0.5216 0.1826
vn 0.8332 -0.5218 0.1828
vn 0.8332 -0.5219 0.1827
vn 0.8335 -0.5215 0.1826
vn -0.1898 -0.8967 -0.3999
vn -0.1895 -0.8967 -0.4000
vn -0.1902 -0.8966 -0.3999
vn 0.8558 -0.5136 0.0616
vn 0.8557 -0.5137 0.0625
vn 0.8557 -0.5138 0.0619
vn 0.8557 -0.5138 0.0618
vn -0.2541 -0.9205 -0.2967
vn -0.2542 -0.9206 -0.2966
vn -0.2540 -0.9206 -0.2967
vn -0.2543 -0.9206 -0.2965
vn 0.8557 -0.5138 -0.0619
vn 0.8557 -0.5137 -0.0619
vn 0.8555 -0.5140 -0.0621
vn 0.8557 -0.5138 -0.0618
vn -0.6722 0.4089 0.6172
vn -0.6723 0.4089 0.6172
vn 0.5956 0.2184 -0.7730
vn 0.5959 0.2184 -0.7728
vn 0.5957 0.2184 -0.7730
vn -0.8282 -0.3031 0.4715
vn -0.8282 -0.3031 0.4714
vn -0.8281 -0.3031 0.4716
vn -0.8280 -0.3037 0.4713
vn 0.4426 0.1622 -0.8819
vn 0.4422 0.1623 -0.8821
vn 0.4427 0.1622 -0.8819
vn 0.4428 0.1621 -0.8818
vn 0.0921 0.0337 0.9952
vn 0.0919 0.0337 0.9952
vn -0.7258 -0.2661 0.6344
vn -0.7259 -0.2659 0.6343
vn 0.2725 0.0999 -0.9570
vn 0.2719 0.0998 -0.9572
vn 0.2727 0.0999 -0.9569
vn 0.2730 0.1002 0.9568
vn 0.2727 0.1000 0.9569
vn -0.5956 -0.2184 0.7730
vn -0.5957 -0.2184 0.7730
vn -0.5960 -0.2183 0.7727
vn 0.0922 0.0338 -0.9952
vn 0.4424 0.1621 0.8820
vn 0.4427 0.1624 0.8818
vn 0.4426 0.1623 0.8819
vn 0.4423 0.1620 0.8821
vn -0.4427 -0.1622 0.8819
vn -0.4428 -0.1621 0.8818
vn -0.4425 -0.1622 0.8820
vn -0.4424 -0.1622 0.8820
vn -0.0922 -0.0338 -0.9952
vn -0.0923 -0.0338 -0.9952
vn 0.5956 0.2181 0.7731
vn -0.2729 -0.0999 0.9568
vn -0.2726 -0.0999 0.9569
vn -0.2723 -0.0998 -0.9570
vn -0.2725 -0.0999 -0.9569
vn -0.2721 -0.0997 -0.9571
vn 0.7261 0.2659 0.6341
vn -0.0920 -0.0337 0.9952
vn -0.0919 -0.0337 0.9952
vn -0.4425 -0.1622 -0.8820
vn -0.4428 -0.1621 -0.8818
vn -0.4427 -0.1622 -0.8819
vn -0.4424 -0.1622 -0.8820
vn 0.8280 0.3037 0.4714
vn 0.8280 0.3036 0.4714
vn -0.5959 -0.2185 -0.7728
vn -0.5959 -0.2187 -0.7727
vn -0.5958 -0.2185 -0.7728
vn -0.5962 -0.2186 -0.7725
vn 0.8987 0.3291 0.2899
vn -0.7258 -0.2658 -0.6345
vn -0.7258 -0.2660 -0.6345
vn -0.7260 -0.2662 -0.6341
vn -0.7259 -0.2661 -0.6342
vn 0.9344 0.3425 0.0983
vn 0.9344 0.3425 0.0980
vn 0.9343 0.3426 0.0983
vn -0.8280 -0.3036 -0.4714
vn -0.8280 -0.3037 -0.4714
vn 0.9344 0.3425 -0.0981
vn 0.9344 0.3425 -0.0982
vn 0.9343 0.3426 -0.0982
vn 0.9343 0.3428 -0.0978
vn -0.8986 -0.3290 -0.2903
vn 0.8987 0.3291 -0.2899
vn 0.8985 0.3293 -0.2902
vn -0.9344 -0.3425 -0.0980
vn -0.9344 -0.3426 -0.0978
vn -0.9344 -0.3423 -0.0983
vn -0.9344 -0.3425 -0.0982
vn 0.8280 0.3036 -0.4714
vn 0.8280 0.3035 -0.4715
vn 0.8280 0.3037 -0.4714
vn -0.9344 -0.3425 0.0981
vn -0.9344 -0.3426 0.0979
vn -0.9344 -0.3423 0.0984
vn 0.7256 0.2657 -0.6348
vn 0.1506 -0.7276 0.6692
vn 0.1505 -0.7276 0.6693
vn 0.1509 -0.7278 0.6689
vn -0.1561 0.6844 -0.7122
vn 0.0545 0.8122 0.5808
vn 0.0545 0.8123 0.5807
vn -0.5483 0.4719 0.6904
vn -0.5482 0.4720 0.6904
vn -0.2828 0.6131 -0.7377
vn 0.1311 0.8636 0.4869
vn 0.1312 0.8636 0.4867
vn -0.4159 0.5411 0.7309
vn -0.4159 0.5411 -0.7309
vn 0.1880 0.9046 0.3826
vn 0.1880 0.9046 0.3827
vn 0.1881 0.9047 0.3823
vn -0.2828 0.6131 0.7377
vn -0.2828 0.6131 0.7376
vn -0.5482 0.4720 -0.6904
vn 0.2264 0.9348 0.2737
vn 0.2266 0.9347 0.2739
vn 0.2264 0.9348 0.2738
vn -0.6721 0.4089 -0.6173
vn -0.6722 0.4089 -0.6172
vn 0.2499 0.9543 0.1639
vn 0.2499 0.9543 0.1640
vn -0.7807 0.3549 -0.5143
vn 0.2606 0.9639 0.0547
vn 0.2606 0.9639 0.0546
vn -0.8679 0.3122 -0.3863
vn -0.8679 0.3122 -0.3864
vn 0.2605 0.9639 -0.0550
vn 0.2606 0.9639 -0.0546
vn 0.2604 0.9639 -0.0551
vn -0.9288 0.2828 -0.2396
vn -0.9288 0.2828 -0.2395
vn 0.2499 0.9543 -0.1639
vn 0.2499 0.9543 -0.1640
vn 0.2499 0.9544 -0.1636
vn -0.9601 0.2675 -0.0814
vn -0.9601 0.2677 -0.0812
vn -0.9601 0.2676 -0.0814
vn 0.2266 0.9347 -0.2740
vn 0.2266 0.9347 -0.2739
vn -0.9601 0.2674 0.0815
vn -0.9601 0.2677 0.0813
vn -0.9601 0.2676 0.0813
vn -0.9602 0.2673 0.0811
vn 0.1877 0.9047 -0.3824
vn 0.1880 0.9045 -0.3827
vn 0.1878 0.9046 -0.3827
vn -0.9288 0.2828 0.2396
vn 0.1313 0.8636 -0.4867
vn -0.8679 0.3122 0.3864
vn -0.8679 0.3122 0.3863
vn 0.0545 0.8123 -0.5807
vn 0.0541 0.8124 -0.5806
vn -0.1561 0.6844 0.7122
vn -0.7807 0.3549 0.5143
vn -0.7808 0.3549 0.5143
vn -0.0422 0.7518 -0.6580
vn -0.0421 0.7518 -0.6580
vn -0.0421 0.7518 0.6580
vn -0.0423 0.7518 0.6580
vn -0.8444 -0.2544 -0.4714
vn -0.8441 -0.2545 -0.4719
vn -0.8444 -0.2544 -0.4715
vn -0.8445 -0.2544 -0.4713
vn -0.0901 -0.8002 -0.5930
vn -0.0901 -0.8001 -0.5931
vn -0.0900 -0.8001 -0.5931
vn -0.0900 -0.8002 -0.5930
vn 0.7813 -0.5376 0.3170
vn 0.7812 -0.5379 0.3170
vn 0.7814 -0.5375 0.3170
vn -0.1947 -0.8318 -0.5199
vn -0.1945 -0.8318 -0.5199
vn -0.1947 -0.8317 -0.5199
vn -0.1949 -0.8317 -0.5199
vn 0.8296 -0.5232 0.1951
vn 0.8297 -0.5229 0.1952
vn 0.8297 -0.5230 0.1951
vn -0.2842 -0.8587 -0.4266
vn -0.2842 -0.8586 -0.4266
vn -0.2842 -0.8587 -0.4265
vn -0.2841 -0.8587 -0.4265
vn 0.8543 -0.5155 0.0662
vn 0.8544 -0.5153 0.0666
vn 0.8544 -0.5154 0.0662
vn 0.8545 -0.5151 0.0664
vn -0.3543 -0.8797 -0.3170
vn -0.3545 -0.8797 -0.3170
vn -0.3544 -0.8797 -0.3170
vn -0.3542 -0.8798 -0.3169
vn 0.8544 -0.5155 -0.0659
vn 0.8544 -0.5154 -0.0663
vn 0.8544 -0.5154 -0.0660
vn -0.4025 -0.8943 -0.1952
vn -0.4024 -0.8944 -0.1952
vn -0.4025 -0.8944 -0.1952
vn 0.8297 -0.5229 -0.1953
vn 0.8297 -0.5230 -0.1952
vn 0.8297 -0.5229 -0.1952
vn -0.4272 -0.9018 -0.0659
vn -0.4272 -0.9017 -0.0659
vn -0.4273 -0.9017 -0.0658
vn -0.4272 -0.9018 -0.0658
vn 0.7814 -0.5375 -0.3170
vn 0.7812 -0.5377 -0.3172
vn 0.7814 -0.5375 -0.3171
vn -0.4272 -0.9017 0.0659
vn -0.4266 -0.9021 0.0658
vn -0.4269 -0.9019 0.0662
vn -0.4271 -0.9017 0.0665
vn 0.7112 -0.5591 -0.4262
vn 0.7112 -0.5590 -0.4263
vn 0.7113 -0.5587 -0.4265
vn -0.4023 -0.8944 0.1952
vn -0.4024 -0.8944 0.1952
vn -0.4022 -0.8945 0.1953
vn -0.4019 -0.8946 0.1954
vn 0.6222 -0.5853 -0.5199
vn 0.6223 -0.5852 -0.5199
vn 0.6222 -0.5854 -0.5197
vn 0.6221 -0.5855 -0.5198
vn -0.3543 -0.8798 0.3170
vn -0.3541 -0.8799 0.3170
vn -0.3542 -0.8798 0.3170
vn -0.3545 -0.8797 0.3170
vn 0.5170 -0.6172 -0.5931
vn 0.5171 -0.6171 -0.5931
vn 0.5170 -0.6173 -0.5930
vn 0.5167 -0.6170 -0.5935
vn 0.2766 -0.6896 0.6693
vn 0.2764 -0.6897 0.6693
vn 0.2765 -0.6897 0.6692
vn -0.2843 -0.8587 0.4264
vn -0.2846 -0.8585 0.4267
vn -0.2843 -0.8587 0.4265
vn -0.2842 -0.8586 0.4266
vn 0.4004 -0.6523 -0.6436
vn 0.4006 -0.6524 -0.6434
vn 0.4002 -0.6522 -0.6438
vn 0.4005 -0.6523 -0.6436
vn 0.4007 -0.6526 0.6431
vn 0.4005 -0.6525 0.6433
vn 0.4005 -0.6522 0.6435
vn 0.4011 -0.6521 0.6434
vn -0.1948 -0.8316 0.5201
vn -0.1947 -0.8316 0.5201
vn -0.1948 -0.8316 0.5200
vn -0.1949 -0.8317 0.5199
vn 0.2768 -0.6897 -0.6691
vn 0.2771 -0.6898 -0.6689
vn 0.2763 -0.6894 -0.6696
vn 0.2766 -0.6895 -0.6694
vn 0.5170 -0.6174 0.5929
vn 0.5170 -0.6172 0.5930
vn 0.5171 -0.6173 0.5929
vn 0.5175 -0.6168 0.5930
vn -0.0902 -0.8003 0.5928
vn -0.0902 -0.8002 0.5929
vn -0.0901 -0.8002 0.5930
vn -0.0903 -0.8004 0.5926
vn 0.1507 -0.7278 -0.6691
vn 0.1505 -0.7274 -0.6695
vn 0.1505 -0.7276 -0.6693
vn 0.6223 -0.5852 0.5198
vn 0.6222 -0.5853 0.5198
vn 0.6221 -0.5854 0.5199
vn 0.0269 -0.7650 0.6435
vn 0.0267 -0.7649 0.6436
vn 0.0269 -0.7651 0.6434
vn 0.0271 -0.7651 0.6433
vn 0.0271 -0.7651 -0.6434
vn 0.0269 -0.7650 -0.6435
vn 0.7114 -0.5586 0.4265
vn 0.7113 -0.5586 0.4266
vn 0.7113 -0.5586 0.4265
vn 0.7115 -0.5585 0.4264
vn -0.9107 0.4059 0.0766
vn -0.9107 0.4059 0.0767
vn 0.9529 0.2871 -0.0980
vn 0.9528 0.2872 -0.0983
vn 0.9529 0.2871 -0.0982
vn 0.9529 0.2870 -0.0983
vn -0.9163 -0.2761 -0.2902
vn -0.9163 -0.2761 -0.2901
vn -0.9161 -0.2762 -0.2907
vn 0.9164 0.2758 -0.2899
vn 0.9161 0.2762 -0.2907
vn 0.9162 0.2760 -0.2903
vn 0.9162 0.2761 -0.2903
vn -0.9528 -0.2872 -0.0979
vn -0.9529 -0.2873 -0.0975
vn -0.9529 -0.2872 -0.0979
vn -0.9528 -0.2872 -0.0980
vn 0.8442 0.2546 -0.4717
vn 0.8441 0.2547 -0.4719
vn 0.8441 0.2547 -0.4718
vn 0.8443 0.2546 -0.4716
vn -0.9528 -0.2873 0.0977
vn 0.7398 0.2232 -0.6347
vn 0.7401 0.2231 -0.6344
vn 0.7398 0.2231 -0.6348
vn -0.9162 -0.2761 0.2903
vn -0.9163 -0.2761 0.2901
vn -0.9162 -0.2761 0.2904
vn -0.9161 -0.2762 0.2907
vn 0.6075 0.1832 -0.7729
vn -0.8444 -0.2544 0.4715
vn -0.8443 -0.2545 0.4716
vn -0.8443 -0.2546 0.4715
vn -0.8444 -0.2544 0.4714
vn 0.4515 0.1361 -0.8818
vn 0.4516 0.1361 -0.8818
vn 0.0938 0.0283 0.9952
vn 0.0939 0.0283 0.9952
vn 0.0933 0.0281 0.9952
vn -0.7401 -0.2230 0.6344
vn 0.2778 0.0838 -0.9570
vn 0.2782 0.0838 -0.9569
vn 0.2782 0.0839 0.9569
vn -0.6073 -0.1830 0.7731
vn -0.6075 -0.1832 0.7729
vn -0.6073 -0.1829 0.7731
vn 0.0937 0.0283 -0.9952
vn 0.4520 0.1363 0.8816
vn 0.4517 0.1362 0.8817
vn 0.4516 0.1361 0.8818
vn -0.4515 -0.1360 0.8819
vn -0.4514 -0.1360 0.8819
vn -0.4515 -0.1360 0.8818
vn -0.0936 -0.0283 -0.9952
vn -0.0937 -0.0283 -0.9952
vn -0.0940 -0.0283 -0.9952
vn 0.6075 0.1832 0.7729
vn -0.2780 -0.0838 0.9569
vn -0.2776 -0.0838 0.9570
vn -0.2781 -0.0838 0.9569
vn -0.2780 -0.0838 -0.9569
vn -0.2779 -0.0838 -0.9570
vn -0.2778 -0.0838 -0.9570
vn 0.7401 0.2232 0.6344
vn 0.7399 0.2233 0.6346
vn 0.7398 0.2232 0.6347
vn 0.7398 0.2231 0.6348
vn -0.0935 -0.0282 0.9952
vn -0.0933 -0.0281 0.9952
vn -0.4515 -0.1361 -0.8818
vn -0.4517 -0.1362 -0.8817
vn 0.8442 0.2547 0.4717
vn 0.8441 0.2545 0.4719
vn 0.8443 0.2545 0.4715
vn 0.8442 0.2548 0.4716
vn -0.6071 -0.1829 -0.7733
vn -0.6076 -0.1827 -0.7729
vn -0.6074 -0.1828 -0.7731
vn -0.6069 -0.1830 -0.7735
vn 0.9163 0.2758 0.2903
vn 0.9162 0.2761 0.2904
vn 0.9164 0.2761 0.2899
vn 0.9162 0.2758 0.2905
vn -0.7401 -0.2231 -0.6344
vn -0.7401 -0.2226 -0.6346
vn -0.7401 -0.2230 -0.6344
vn 0.9528 0.2872 0.0981
vn 0.9528 0.2872 0.0980
vn 0.9529 0.2871 0.0981
vn 0.2085 -0.6081 0.7660
vn 0.2084 -0.6081 0.7660
vn 0.2083 -0.6081 0.7660
vn 0.0542 0.9682 -0.2441
vn -0.8789 0.4203 0.2255
vn -0.8790 0.4202 0.2255
vn 0.0372 0.9418 -0.3342
vn 0.0372 0.9417 -0.3343
vn 0.0373 0.9417 -0.3343
vn -0.8175 0.4482 0.3617
vn -0.0003 0.9039 -0.4277
vn -0.0003 0.9040 -0.4275
vn -0.1490 0.7969 0.5854
vn -0.7300 0.4889 0.4776
vn -0.0626 0.8552 -0.5145
vn -0.0625 0.8552 -0.5145
vn -0.0625 0.8552 0.5145
vn -0.0625 0.8552 0.5146
vn -0.6223 0.5404 0.5663
vn -0.1490 0.7969 -0.5854
vn -0.1491 0.7969 -0.5854
vn -0.0005 0.9040 0.4275
vn -0.0003 0.9040 0.4275
vn -0.5016 0.6003 0.6229
vn -0.2561 0.7324 -0.6309
vn 0.0372 0.9417 0.3343
vn -0.3765 0.6655 0.6444
vn -0.3765 0.6655 0.6445
vn -0.3766 0.6655 -0.6444
vn -0.3765 0.6655 -0.6445
vn -0.3765 0.6655 -0.6444
vn 0.0542 0.9682 0.2441
vn -0.2561 0.7324 0.6309
vn -0.5016 0.6003 -0.6229
vn 0.0566 0.9851 0.1625
vn 0.0571 0.9850 0.1627
vn 0.0567 0.9850 0.1628
vn -0.6223 0.5404 -0.5663
vn 0.0536 0.9943 0.0920
vn 0.0535 0.9943 0.0920
vn -0.7300 0.4889 -0.4776
vn 0.0498 0.9983 0.0295
vn 0.0499 0.9983 0.0296
vn 0.0498 0.9983 0.0293
vn -0.8175 0.4482 -0.3617
vn 0.0499 0.9983 -0.0294
vn 0.0499 0.9983 -0.0296
vn 0.0499 0.9983 -0.0295
vn -0.8790 0.4202 -0.2254
vn -0.8790 0.4202 -0.2255
vn 0.0536 0.9943 -0.0920
vn 0.0535 0.9943 -0.0920
vn 0.0534 0.9944 -0.0916
vn -0.9107 0.4059 -0.0765
vn -0.9107 0.4059 -0.0766
vn -0.9107 0.4060 -0.0766
vn 0.0572 0.9850 -0.1628
vn 0.0571 0.9850 -0.1627
vn 0.0575 0.9849 -0.1632
vn 0.6202 0.1337 0.7730
vn 0.6202 0.1337 0.7729
vn 0.6201 0.1337 0.7731
vn -0.4468 -0.7496 0.4883
vn -0.4471 -0.7495 0.4883
vn -0.4468 -0.7497 0.4882
vn -0.4467 -0.7492 0.4890
vn 0.3531 -0.5771 -0.7364
vn 0.3527 -0.5769 -0.7368
vn 0.3530 -0.5770 -0.7365
vn 0.3535 -0.5773 -0.7361
vn 0.3531 -0.5770 0.7365
vn 0.3529 -0.5770 0.7365
vn 0.3530 -0.5771 0.7365
vn 0.3530 -0.5769 0.7366
vn -0.3425 -0.7272 0.5949
vn -0.3428 -0.7270 0.5950
vn -0.3427 -0.7271 0.5949
vn -0.3428 -0.7270 0.5949
vn 0.2079 -0.6081 -0.7662
vn 0.2081 -0.6082 -0.7660
vn 0.2079 -0.6081 -0.7661
vn 0.2082 -0.6081 -0.7661
vn 0.4889 -0.5480 0.6788
vn 0.4889 -0.5479 0.6788
vn 0.4888 -0.5480 0.6788
vn -0.2196 -0.7006 0.6789
vn -0.2200 -0.7006 0.6787
vn -0.2200 -0.7006 0.6788
vn -0.2201 -0.7005 0.6789
vn 0.0609 -0.6400 -0.7660
vn 0.0608 -0.6399 -0.7660
vn 0.0606 -0.6398 -0.7661
vn 0.6119 -0.5215 0.5946
vn 0.6119 -0.5211 0.5950
vn 0.6119 -0.5210 0.5951
vn -0.0837 -0.6714 0.7363
vn -0.0835 -0.6711 0.7367
vn -0.0837 -0.6714 0.7364
vn -0.0839 -0.6715 0.7363
vn -0.0838 -0.6714 -0.7364
vn -0.0837 -0.6712 -0.7365
vn -0.0837 -0.6714 -0.7364
vn -0.0842 -0.6712 -0.7365
vn 0.7160 -0.4985 0.4887
vn 0.7161 -0.4986 0.4884
vn 0.7159 -0.4986 0.4887
vn 0.7163 -0.4985 0.4883
vn 0.0608 -0.6399 0.7660
vn 0.0606 -0.6400 0.7660
vn 0.0609 -0.6399 0.7660
vn 0.0607 -0.6399 0.7660
vn -0.2200 -0.7005 -0.6789
vn -0.2202 -0.7005 -0.6789
vn -0.2197 -0.7006 -0.6789
vn -0.2201 -0.7005 -0.6788
vn 0.7981 -0.4810 0.3628
vn 0.7979 -0.4811 0.3632
vn 0.7981 -0.4811 0.3628
vn -0.3426 -0.7271 -0.5949
vn -0.3425 -0.7268 -0.5954
vn -0.3427 -0.7269 -0.5952
vn -0.3428 -0.7271 -0.5948
vn 0.8546 -0.4689 0.2232
vn 0.8544 -0.4691 0.2234
vn 0.8545 -0.4692 0.2230
vn 0.8547 -0.4688 0.2231
vn -0.4471 -0.7496 -0.4881
vn -0.4473 -0.7494 -0.4883
vn -0.4473 -0.7495 -0.4881
vn -0.4470 -0.7495 -0.4883
vn 0.8832 -0.4629 0.0751
vn 0.8833 -0.4627 0.0754
vn 0.8833 -0.4626 0.0755
vn 0.8834 -0.4625 0.0757
vn -0.5295 -0.7669 -0.3625
vn -0.5291 -0.7671 -0.3628
vn -0.5290 -0.7672 -0.3628
vn 0.8833 -0.4628 -0.0751
vn 0.8833 -0.4627 -0.0753
vn 0.8832 -0.4629 -0.0750
vn 0.8834 -0.4625 -0.0756
vn -0.5855 -0.7792 -0.2239
vn -0.5854 -0.7792 -0.2237
vn -0.5855 -0.7792 -0.2236
vn -0.5855 -0.7793 -0.2234
vn 0.8545 -0.4690 -0.2232
vn 0.8545 -0.4689 -0.2234
vn 0.8545 -0.4691 -0.2230
vn 0.8546 -0.4688 -0.2234
vn -0.6142 -0.7855 -0.0757
vn -0.6140 -0.7857 -0.0761
vn -0.6142 -0.7855 -0.0758
vn -0.6145 -0.7853 -0.0754
vn 0.7982 -0.4808 -0.3630
vn 0.7980 -0.4810 -0.3631
vn 0.7981 -0.4810 -0.3629
vn 0.7981 -0.4811 -0.3628
vn -0.6141 -0.7856 0.0754
vn -0.6143 -0.7855 0.0752
vn -0.6142 -0.7855 0.0759
vn -0.6140 -0.7857 0.0755
vn 0.7163 -0.4982 -0.4887
vn 0.7163 -0.4986 -0.4882
vn 0.7163 -0.4983 -0.4885
vn 0.7162 -0.4986 -0.4883
vn -0.5855 -0.7792 0.2239
vn -0.5855 -0.7793 0.2234
vn -0.5854 -0.7792 0.2240
vn -0.5855 -0.7793 0.2236
vn 0.6119 -0.5215 -0.5947
vn 0.6119 -0.5215 -0.5946
vn 0.6119 -0.5210 -0.5951
vn -0.5292 -0.7671 0.3626
vn -0.5291 -0.7671 0.3628
vn -0.5291 -0.7671 0.3627
vn 0.4889 -0.5480 -0.6788
vn 0.4888 -0.5479 -0.6788
vn 0.0213 0.9977 0.0644
vn 0.0211 0.9977 0.0645
vn -0.2838 -0.0612 0.9569
vn -0.2837 -0.0612 0.9570
vn -0.2839 -0.0612 0.9569
vn -0.2838 -0.0612 -0.9569
vn -0.2839 -0.0612 -0.9569
vn 0.7553 0.1628 0.6349
vn 0.7556 0.1629 0.6345
vn 0.7554 0.1630 0.6346
vn 0.7554 0.1631 0.6346
vn -0.0958 -0.0207 0.9952
vn -0.0959 -0.0207 0.9952
vn -0.4609 -0.0996 -0.8818
vn -0.4608 -0.0993 -0.8819
vn 0.8623 0.1859 0.4710
vn 0.8620 0.1854 0.4717
vn 0.8622 0.1857 0.4714
vn 0.8621 0.1859 0.4714
vn -0.6202 -0.1338 -0.7730
vn -0.6201 -0.1337 -0.7730
vn -0.6201 -0.1338 -0.7730
vn -0.6199 -0.1339 -0.7732
vn 0.9355 0.2015 0.2901
vn 0.9354 0.2017 0.2903
vn 0.9353 0.2020 0.2904
vn 0.9355 0.2016 0.2902
vn -0.7556 -0.1628 -0.6344
vn -0.7554 -0.1625 -0.6348
vn -0.7559 -0.1631 -0.6341
vn -0.7559 -0.1632 -0.6340
vn 0.9728 0.2099 0.0979
vn 0.9728 0.2097 0.0981
vn 0.9728 0.2096 0.0984
vn 0.9728 0.2100 0.0978
vn -0.8621 -0.1863 -0.4712
vn -0.8621 -0.1860 -0.4714
vn 0.9728 0.2096 -0.0983
vn 0.9728 0.2097 -0.0982
vn 0.9728 0.2099 -0.0978
vn 0.9728 0.2102 -0.0974
vn -0.9355 -0.2015 -0.2903
vn -0.9354 -0.2019 -0.2903
vn -0.9355 -0.2017 -0.2903
vn -0.9355 -0.2015 -0.2901
vn 0.9353 0.2020 -0.2905
vn 0.9354 0.2019 -0.2903
vn 0.9354 0.2020 -0.2904
vn 0.9354 0.2017 -0.2903
vn -0.9729 -0.2098 -0.0978
vn -0.9728 -0.2097 -0.0980
vn -0.9728 -0.2098 -0.0979
vn -0.9728 -0.2098 -0.0980
vn 0.8620 0.1859 -0.4716
vn 0.8623 0.1855 -0.4712
vn 0.8621 0.1856 -0.4716
vn 0.8621 0.1859 -0.4715
vn -0.9728 -0.2095 0.0984
vn -0.9728 -0.2100 0.0975
vn -0.9728 -0.2098 0.0979
vn -0.9728 -0.2097 0.0981
vn 0.7556 0.1627 -0.6345
vn 0.7557 0.1631 -0.6343
vn 0.7558 0.1630 -0.6342
vn 0.7560 0.1632 -0.6339
vn -0.9354 -0.2016 0.2904
vn -0.9355 -0.2015 0.2903
vn -0.9354 -0.2016 0.2905
vn -0.9353 -0.2019 0.2906
vn 0.6203 0.1339 -0.7728
vn 0.6201 0.1337 -0.7731
vn 0.6202 0.1338 -0.7729
vn -0.8621 -0.1859 0.4713
vn -0.8623 -0.1861 0.4710
vn 0.4606 0.0993 -0.8820
vn 0.4610 0.0992 -0.8818
vn 0.4608 0.0992 -0.8819
vn 0.4604 0.0994 -0.8821
vn 0.0958 0.0207 0.9952
vn 0.0957 0.0207 0.9952
vn -0.7555 -0.1631 0.6345
vn -0.7555 -0.1629 0.6346
vn -0.7555 -0.1630 0.6345
vn -0.7555 -0.1632 0.6344
vn 0.2837 0.0612 -0.9570
vn 0.2838 0.0612 -0.9569
vn 0.2836 0.0612 -0.9570
vn 0.2835 0.0611 0.9570
vn 0.2837 0.0612 0.9569
vn 0.2833 0.0610 0.9571
vn 0.2834 0.0610 0.9571
vn -0.6202 -0.1336 0.7730
vn -0.6201 -0.1337 0.7731
vn -0.6201 -0.1336 0.7730
vn -0.6200 -0.1333 0.7732
vn 0.0957 0.0206 -0.9952
vn 0.0958 0.0206 -0.9952
vn 0.0961 0.0207 -0.9952
vn 0.0960 0.0207 -0.9952
vn 0.4608 0.0992 0.8819
vn 0.4610 0.0992 0.8818
vn 0.4606 0.0993 0.8820
vn 0.4604 0.0994 0.8821
vn -0.4609 -0.0996 0.8818
vn -0.0957 -0.0206 -0.9952
vn -0.0956 -0.0206 -0.9952
vn -0.0958 -0.0206 -0.9952
vn 0.6677 -0.7267 -0.1615
vn 0.6679 -0.7266 -0.1613
vn -0.5678 0.7505 -0.3381
vn -0.5675 0.7507 -0.3383
vn 0.0211 0.9996 0.0210
vn 0.0210 0.9996 0.0210
vn -0.6358 0.7272 -0.2586
vn -0.6358 0.7273 -0.2585
vn -0.6358 0.7271 -0.2588
vn 0.0210 0.9996 -0.0210
vn 0.0211 0.9996 -0.0210
vn -0.6844 0.7108 -0.1623
vn -0.6844 0.7108 -0.1622
vn -0.6845 0.7107 -0.1625
vn 0.0210 0.9977 -0.0645
vn 0.0211 0.9977 -0.0645
vn -0.7096 0.7025 -0.0549
vn -0.7097 0.7023 -0.0553
vn -0.7097 0.7024 -0.0551
vn 0.0190 0.9935 -0.1123
vn 0.0191 0.9935 -0.1123
vn 0.0188 0.9935 -0.1120
vn -0.7097 0.7024 0.0551
vn -0.7097 0.7023 0.0553
vn -0.7096 0.7025 0.0549
vn 0.0120 0.9861 -0.1655
vn 0.0120 0.9861 -0.1654
vn -0.6845 0.7107 0.1623
vn -0.6844 0.7108 0.1622
vn -0.6843 0.7109 0.1623
vn -0.0041 0.9747 -0.2236
vn -0.0042 0.9747 -0.2236
vn -0.6359 0.7272 0.2586
vn -0.6358 0.7273 0.2585
vn -0.6356 0.7274 0.2587
vn -0.0332 0.9583 -0.2838
vn -0.0335 0.9583 -0.2838
vn -0.0336 0.9583 -0.2838
vn -0.1394 0.9100 0.3904
vn -0.5675 0.7507 0.3383
vn -0.5675 0.7507 0.3382
vn -0.0780 0.9366 -0.3415
vn -0.0783 0.9367 -0.3413
vn -0.0785 0.9367 -0.3412
vn -0.0783 0.9367 0.3412
vn -0.0783 0.9367 0.3413
vn -0.4848 0.7796 0.3965
vn -0.4847 0.7796 0.3966
vn -0.1392 0.9101 -0.3902
vn -0.1394 0.9100 -0.3904
vn -0.1393 0.9100 -0.3904
vn -0.0335 0.9583 0.2838
vn -0.3940 0.8120 0.4306
vn -0.3941 0.8122 0.4302
vn -0.2152 0.8793 -0.4249
vn -0.2150 0.8794 -0.4249
vn -0.0042 0.9747 0.2236
vn -0.3019 0.8459 0.4396
vn -0.3019 0.8460 0.4395
vn -0.3019 0.8459 -0.4397
vn -0.3019 0.8460 -0.4395
vn 0.0120 0.9861 0.1655
vn 0.0120 0.9861 0.1658
vn -0.2154 0.8793 0.4249
vn -0.2152 0.8793 0.4249
vn -0.2151 0.8793 0.4249
vn -0.3940 0.8120 -0.4307
vn -0.3940 0.8120 -0.4306
vn -0.3945 0.8118 -0.4306
vn 0.0191 0.9935 0.1123
vn -0.4847 0.7796 -0.3966
vn -0.4847 0.7796 -0.3965
vn 0.6251 0.1084 -0.7730
vn 0.6252 0.1084 -0.7729
vn 0.6252 0.1083 -0.7729
vn -0.4051 -0.9126 -0.0546
vn -0.4051 -0.9126 -0.0547
vn -0.4052 -0.9126 -0.0547
vn 0.6265 -0.7338 -0.2629
vn 0.6263 -0.7339 -0.2629
vn 0.6264 -0.7338 -0.2629
vn -0.4052 -0.9126 0.0548
vn -0.4051 -0.9126 0.0547
vn -0.4052 -0.9126 0.0546
vn -0.4054 -0.9125 0.0547
vn 0.5664 -0.7443 -0.3539
vn 0.5666 -0.7442 -0.3538
vn 0.5664 -0.7444 -0.3538
vn 0.5666 -0.7443 -0.3535
vn -0.3841 -0.9090 0.1619
vn -0.3842 -0.9089 0.1619
vn -0.3839 -0.9090 0.1621
vn 0.4903 -0.7576 -0.4309
vn 0.4904 -0.7575 -0.4310
vn 0.4903 -0.7575 -0.4310
vn 0.4904 -0.7574 -0.4311
vn -0.3430 -0.9019 0.2628
vn -0.3430 -0.9018 0.2628
vn -0.3429 -0.9019 0.2627
vn 0.4009 -0.7729 -0.4919
vn 0.4009 -0.7729 -0.4918
vn 0.4008 -0.7731 -0.4916
vn 0.1957 -0.8085 0.5550
vn 0.1957 -0.8086 0.5549
vn -0.2831 -0.8914 0.3540
vn -0.2832 -0.8913 0.3540
vn -0.2831 -0.8914 0.3538
vn 0.3013 -0.7904 -0.5334
vn 0.3012 -0.7903 -0.5335
vn 0.3013 -0.7904 -0.5333
vn 0.3013 -0.7901 0.5339
vn 0.3013 -0.7899 0.5341
vn 0.3013 -0.7901 0.5338
vn 0.3015 -0.7898 0.5342
vn -0.2068 -0.8782 0.4313
vn 0.1958 -0.8086 -0.5549
vn 0.1957 -0.8085 -0.5550
vn 0.1958 -0.8085 -0.5550
vn 0.1959 -0.8086 -0.5548
vn 0.4009 -0.7729 0.4918
vn 0.4009 -0.7728 0.4919
vn 0.4009 -0.7729 0.4919
vn -0.1171 -0.8628 0.4918
vn -0.1172 -0.8628 0.4918
vn -0.1172 -0.8627 0.4919
vn 0.0876 -0.8273 -0.5549
vn 0.0880 -0.8272 -0.5549
vn 0.0877 -0.8272 -0.5550
vn 0.0880 -0.8272 -0.5550
vn 0.4903 -0.7575 0.4310
vn 0.4904 -0.7575 0.4309
vn 0.4906 -0.7573 0.4310
vn 0.4905 -0.7573 0.4311
vn -0.0174 -0.8457 0.5334
vn -0.0173 -0.8455 0.5336
vn -0.0175 -0.8458 0.5332
vn -0.0176 -0.8456 -0.5336
vn -0.0177 -0.8456 -0.5336
vn -0.0176 -0.8456 -0.5335
vn 0.5664 -0.7445 0.3535
vn 0.5666 -0.7442 0.3537
vn 0.5666 -0.7442 0.3538
vn 0.0880 -0.8273 0.5549
vn 0.0880 -0.8273 0.5548
vn 0.0880 -0.8272 0.5549
vn 0.0880 -0.8272 0.5550
vn -0.1174 -0.8627 -0.4919
vn -0.1176 -0.8627 -0.4919
vn -0.1175 -0.8627 -0.4919
vn -0.1172 -0.8627 -0.4919
vn 0.6263 -0.7339 0.2629
vn 0.6264 -0.7338 0.2629
vn -0.2069 -0.8782 -0.4312
vn -0.2068 -0.8783 -0.4311
vn -0.2070 -0.8782 -0.4312
vn -0.2070 -0.8781 -0.4314
vn 0.6677 -0.7267 0.1616
vn 0.6677 -0.7267 0.1615
vn 0.6677 -0.7267 0.1618
vn -0.2831 -0.8914 -0.3540
vn -0.2829 -0.8914 -0.3540
vn -0.2831 -0.8914 -0.3541
vn -0.2834 -0.8913 -0.3540
vn 0.6885 -0.7232 0.0549
vn 0.6885 -0.7231 0.0550
vn 0.6884 -0.7232 0.0548
vn -0.3430 -0.9019 -0.2628
vn -0.3429 -0.9019 -0.2628
vn -0.3426 -0.9019 -0.2630
vn 0.6885 -0.7231 -0.0549
vn 0.6886 -0.7231 -0.0550
vn 0.6884 -0.7232 -0.0548
vn -0.3840 -0.9090 -0.1621
vn -0.3840 -0.9090 -0.1622
vn -0.3841 -0.9090 -0.1620
vn -0.3836 -0.9091 -0.1625
vn -0.0144 0.7109 -0.7031
vn -0.0146 0.7110 -0.7030
vn -0.0145 0.7109 -0.7031
vn -0.8690 -0.1507 0.4713
vn -0.8689 -0.1510 0.4715
vn -0.8691 -0.1506 0.4712
vn 0.4644 0.0806 -0.8819
vn 0.4643 0.0807 -0.8820
vn 0.4644 0.0806 -0.8820
vn 0.0966 0.0167 0.9952
vn 0.0965 0.0167 0.9952
vn -0.7618 -0.1323 0.6341
vn -0.7620 -0.1324 0.6339
vn 0.2860 0.0496 -0.9570
vn 0.2856 0.0496 -0.9571
vn 0.2860 0.0497 -0.9569
vn 0.2857 0.0496 0.9570
vn 0.2856 0.0496 0.9571
vn 0.2855 0.0495 0.9571
vn 0.2858 0.0496 0.9570
vn -0.6252 -0.1084 0.7729
vn -0.6253 -0.1084 0.7728
vn -0.6250 -0.1084 0.7730
vn -0.6248 -0.1085 0.7732
vn 0.0961 0.0167 -0.9952
vn 0.4644 0.0806 0.8820
vn 0.4647 0.0804 0.8818
vn 0.4645 0.0805 0.8819
vn 0.4648 0.0803 0.8818
vn -0.4646 -0.0805 0.8819
vn -0.4648 -0.0804 0.8818
vn -0.4644 -0.0806 0.8820
vn -0.0964 -0.0167 -0.9952
vn -0.0966 -0.0167 -0.9952
vn -0.0965 -0.0167 -0.9952
vn 0.6251 0.1084 0.7729
vn 0.6250 0.1084 0.7730
vn 0.6249 0.1084 0.7731
vn 0.6251 0.1084 0.7730
vn -0.2858 -0.0496 0.9570
vn -0.2860 -0.0496 0.9570
vn -0.2860 -0.0497 0.9569
vn -0.2856 -0.0496 0.9571
vn -0.2857 -0.0496 -0.9570
vn -0.2858 -0.0496 -0.9570
vn -0.2855 -0.0495 -0.9571
vn -0.2856 -0.0496 -0.9571
vn 0.7616 0.1321 0.6344
vn 0.7617 0.1321 0.6343
vn -0.0966 -0.0167 0.9952
vn -0.0965 -0.0167 0.9952
vn -0.4644 -0.0806 -0.8820
vn -0.4648 -0.0804 -0.8818
vn -0.4646 -0.0805 -0.8819
vn -0.4642 -0.0806 -0.8821
vn 0.8689 0.1510 0.4715
vn 0.8690 0.1507 0.4714
vn -0.6250 -0.1084 -0.7730
vn -0.6250 -0.1084 -0.7731
vn 0.9428 0.1636 0.2903
vn 0.9429 0.1635 0.2902
vn 0.9429 0.1637 0.2901
vn 0.9429 0.1638 0.2899
vn -0.7614 -0.1323 -0.6346
vn 0.9806 0.1700 0.0980
vn 0.9805 0.1701 0.0981
vn 0.9806 0.1700 0.0978
vn -0.8689 -0.1510 -0.4715
vn -0.8690 -0.1507 -0.4714
vn 0.9806 0.1700 -0.0979
vn 0.9806 0.1700 -0.0980
vn 0.9805 0.1701 -0.0981
vn -0.9429 -0.1635 -0.2903
vn -0.9428 -0.1635 -0.2903
vn -0.9428 -0.1636 -0.2905
vn 0.9428 0.1636 -0.2904
vn 0.9429 0.1634 -0.2902
vn 0.9428 0.1636 -0.2903
vn 0.9429 0.1635 -0.2903
vn -0.9806 -0.1701 -0.0979
vn -0.9806 -0.1699 -0.0981
vn -0.9806 -0.1700 -0.0980
vn 0.8690 0.1505 -0.4713
vn 0.8690 0.1507 -0.4714
vn 0.8689 0.1510 -0.4715
vn -0.9806 -0.1697 0.0985
vn -0.9806 -0.1698 0.0983
vn -0.9806 -0.1701 0.0979
vn -0.9806 -0.1700 0.0980
vn 0.7616 0.1323 -0.6344
vn -0.9429 -0.1635 0.2903
vn -0.9428 -0.1634 0.2905
vn -0.1871 -0.8770 -0.4426
vn -0.1871 -0.8769 -0.4428
vn -0.1871 -0.8769 -0.4427
vn 0.1644 0.8543 0.4931
vn -0.4563 0.4998 0.7362
vn -0.1507 0.6353 -0.7574
vn 0.1948 0.9100 0.3659
vn -0.3022 0.5638 0.7687
vn -0.3022 0.5638 -0.7686
vn -0.3022 0.5638 -0.7687
vn 0.1909 0.9500 0.2471
vn -0.1507 0.6353 0.7574
vn -0.4563 0.4998 -0.7362
vn 0.1663 0.9747 0.1495
vn -0.6018 0.4452 -0.6631
vn 0.1377 0.9875 0.0767
vn -0.7292 0.4010 -0.5545
vn 0.1194 0.9926 0.0232
vn 0.1193 0.9926 0.0232
vn -0.8311 0.3677 -0.4173
vn 0.1194 0.9926 -0.0232
vn -0.9020 0.3454 -0.2589
vn 0.1377 0.9875 -0.0767
vn -0.9382 0.3348 -0.0878
vn -0.9384 0.3342 -0.0877
vn -0.9384 0.3343 -0.0877
vn 0.1663 0.9747 -0.1495
vn -0.9384 0.3342 0.0878
vn -0.9384 0.3342 0.0877
vn 0.1909 0.9500 -0.2471
vn -0.9020 0.3454 0.2589
vn -0.9020 0.3454 0.2590
vn 0.1948 0.9100 -0.3659
vn -0.8311 0.3677 0.4173
vn 0.1644 0.8543 -0.4931
vn -0.0146 0.7111 0.7029
vn -0.0146 0.7110 0.7030
vn -0.0146 0.7111 0.7030
vn -0.7292 0.4010 0.5545
vn 0.0936 0.7861 -0.6110
vn 0.0936 0.7861 0.6110
vn -0.6018 0.4452 0.6631
vn -0.8804 -0.0501 -0.4715
vn 0.4912 -0.8383 0.2367
vn 0.4910 -0.8383 0.2370
vn 0.4908 -0.8384 0.2370
vn 0.4912 -0.8383 0.2366
vn -0.2688 -0.8816 -0.3880
vn -0.2689 -0.8815 -0.3880
vn -0.2689 -0.8816 -0.3880
vn -0.2687 -0.8816 -0.3880
vn 0.5288 -0.8361 0.1457
vn 0.5291 -0.8359 0.1458
vn 0.5288 -0.8362 0.1458
vn 0.5287 -0.8362 0.1456
vn -0.3382 -0.8854 -0.3188
vn -0.3382 -0.8856 -0.3184
vn -0.3379 -0.8856 -0.3186
vn 0.5478 -0.8351 0.0491
vn 0.5480 -0.8351 0.0492
vn 0.5479 -0.8351 0.0486
vn 0.5480 -0.8351 0.0490
vn -0.3928 -0.8887 -0.2366
vn -0.3927 -0.8887 -0.2366
vn 0.5479 -0.8351 -0.0492
vn 0.5479 -0.8351 -0.0493
vn 0.5481 -0.8350 -0.0493
vn -0.4303 -0.8908 -0.1457
vn -0.4304 -0.8908 -0.1457
vn -0.4303 -0.8909 -0.1457
vn 0.5287 -0.8361 -0.1460
vn 0.5285 -0.8363 -0.1456
vn 0.5286 -0.8362 -0.1458
vn 0.5288 -0.8361 -0.1460
vn -0.4497 -0.8918 -0.0493
vn -0.4495 -0.8919 -0.0492
vn -0.4497 -0.8918 -0.0492
vn -0.4501 -0.8916 -0.0492
vn 0.4913 -0.8383 -0.2364
vn 0.4912 -0.8383 -0.2366
vn 0.4911 -0.8383 -0.2367
vn 0.4915 -0.8382 -0.2364
vn -0.4497 -0.8919 0.0491
vn -0.4497 -0.8918 0.0492
vn -0.4496 -0.8919 0.0491
vn -0.4496 -0.8919 0.0494
vn 0.4368 -0.8412 -0.3187
vn 0.4367 -0.8414 -0.3184
vn 0.4366 -0.8414 -0.3184
vn -0.4303 -0.8909 0.1456
vn -0.4304 -0.8908 0.1457
vn -0.4303 -0.8908 0.1457
vn -0.4300 -0.8910 0.1456
vn 0.3672 -0.8453 -0.3881
vn 0.3671 -0.8454 -0.3880
vn -0.3928 -0.8887 0.2366
vn -0.3927 -0.8887 0.2366
vn 0.2856 -0.8500 -0.4427
vn 0.2858 -0.8499 -0.4427
vn 0.2854 -0.8499 -0.4429
vn 0.0983 -0.8606 0.4997
vn 0.0983 -0.8606 0.4996
vn 0.0983 -0.8607 0.4996
vn -0.3380 -0.8856 0.3185
vn -0.3380 -0.8856 0.3186
vn -0.3380 -0.8857 0.3184
vn -0.3383 -0.8855 0.3185
vn 0.1943 -0.8552 -0.4806
vn 0.1942 -0.8551 -0.4808
vn 0.1943 -0.8552 -0.4805
vn 0.1944 -0.8553 -0.4803
vn 0.1946 -0.8552 0.4804
vn 0.1947 -0.8552 0.4804
vn 0.1945 -0.8551 0.4806
vn -0.2687 -0.8817 0.3879
vn -0.2687 -0.8816 0.3880
vn -0.2687 -0.8816 0.3881
vn 0.0984 -0.8607 -0.4996
vn 0.0983 -0.8607 -0.4996
vn 0.0983 -0.8607 -0.4995
vn 0.2854 -0.8499 0.4430
vn 0.2854 -0.8500 0.4427
vn -0.1871 -0.8769 0.4428
vn -0.1873 -0.8770 0.4424
vn -0.1871 -0.8769 0.4429
vn 0.0001 -0.8663 -0.4995
vn -0.0000 -0.8662 -0.4996
vn -0.0000 -0.8662 -0.4997
vn -0.0000 -0.8663 -0.4995
vn 0.3671 -0.8453 0.3882
vn 0.3667 -0.8453 0.3885
vn 0.3671 -0.8454 0.3881
vn 0.3671 -0.8454 0.3880
vn -0.0959 -0.8716 0.4807
vn -0.0963 -0.8717 0.4804
vn -0.0960 -0.8719 0.4803
vn -0.0963 -0.8718 0.4804
vn -0.0960 -0.8717 -0.4805
vn -0.0961 -0.8717 -0.4806
vn -0.0959 -0.8717 -0.4805
vn -0.0958 -0.8718 -0.4804
vn 0.4367 -0.8414 0.3184
vn -0.0000 -0.8662 0.4996
vn -0.0000 -0.8663 0.4996
vn -0.0000 -0.8661 0.4998
vn -0.8330 0.5473 0.0808
vn -0.8332 0.5471 0.0804
vn -0.8332 0.5472 0.0804
vn -0.8334 0.5468 0.0800
vn 0.9936 0.0566 -0.0980
vn 0.9936 0.0566 -0.0979
vn -0.9554 -0.0544 -0.2904
vn -0.9554 -0.0544 -0.2903
vn 0.9554 0.0544 -0.2904
vn -0.9936 -0.0568 -0.0980
vn -0.9936 -0.0566 -0.0981
vn -0.9936 -0.0566 -0.0980
vn 0.8805 0.0501 -0.4715
vn -0.9936 -0.0568 0.0981
vn -0.9936 -0.0566 0.0980
vn -0.9936 -0.0568 0.0980
vn 0.7717 0.0439 -0.6345
vn 0.7716 0.0439 -0.6346
vn 0.7718 0.0439 -0.6344
vn -0.9554 -0.0544 0.2903
vn -0.9554 -0.0544 0.2904
vn -0.9553 -0.0544 0.2905
vn 0.6338 0.0361 -0.7726
vn -0.8806 -0.0501 0.4712
vn -0.8804 -0.0501 0.4715
vn 0.4701 0.0268 -0.8822
vn 0.0980 0.0056 0.9952
vn 0.0978 0.0056 0.9952
vn 0.0979 0.0056 0.9952
vn -0.7717 -0.0439 0.6345
vn 0.2899 0.0165 -0.9569
vn 0.2903 0.0165 -0.9568
vn 0.2898 0.0165 -0.9570
vn 0.2895 0.0165 -0.9570
vn 0.2896 0.0165 0.9570
vn 0.2897 0.0165 0.9570
vn 0.2899 0.0165 0.9569
vn 0.2898 0.0165 0.9569
vn -0.6330 -0.0360 0.7733
vn -0.6332 -0.0361 0.7731
vn 0.0980 0.0056 -0.9952
vn 0.0981 0.0056 -0.9952
vn 0.0979 0.0056 -0.9952
vn 0.4707 0.0268 0.8819
vn 0.4708 0.0268 0.8819
vn -0.4707 -0.0268 0.8819
vn -0.4708 -0.0268 0.8818
vn -0.0979 -0.0056 -0.9952
vn -0.0980 -0.0056 -0.9952
vn -0.0978 -0.0056 -0.9952
vn -0.0981 -0.0056 -0.9952
vn 0.6330 0.0360 0.7734
vn 0.6332 0.0361 0.7731
vn 0.6330 0.0360 0.7733
vn -0.2898 -0.0165 0.9569
vn -0.2897 -0.0165 0.9570
vn -0.2896 -0.0165 0.9570
vn -0.2896 -0.0165 -0.9570
vn -0.2898 -0.0165 -0.9570
vn -0.2897 -0.0165 -0.9570
vn 0.7717 0.0439 0.6345
vn -0.0980 -0.0056 0.9952
vn -0.0986 -0.0056 0.9951
vn -0.0981 -0.0056 0.9952
vn -0.4702 -0.0268 -0.8822
vn 0.8805 0.0501 0.4715
vn -0.6338 -0.0361 -0.7726
vn 0.9554 0.0544 0.2904
vn 0.9553 0.0544 0.2905
vn -0.7718 -0.0439 -0.6344
vn -0.7719 -0.0439 -0.6342
vn 0.9935 0.0566 0.0983
vn 0.9935 0.0566 0.0984
vn -0.3379 -0.6941 -0.6357
vn -0.3380 -0.6941 -0.6356
vn -0.3381 -0.6941 -0.6355
vn 0.3555 0.8803 -0.3141
vn -0.7986 0.5533 0.2368
vn -0.7985 0.5534 0.2368
vn -0.7986 0.5534 0.2367
vn 0.3135 0.8544 -0.4143
vn -0.7310 0.5663 0.3808
vn -0.7311 0.5660 0.3810
vn -0.7310 0.5662 0.3808
vn 0.2478 0.8228 -0.5114
vn 0.0418 0.7486 0.6617
vn -0.6346 0.5847 0.5054
vn -0.6344 0.5852 0.5051
vn 0.1566 0.7869 -0.5969
vn 0.1566 0.7869 0.5969
vn -0.5146 0.6092 0.6034
vn -0.5147 0.6091 0.6034
vn 0.0418 0.7486 -0.6617
vn 0.2478 0.8228 0.5114
vn -0.3786 0.6388 0.6698
vn -0.3784 0.6387 0.6699
vn -0.0911 0.7099 -0.6984
vn 0.3135 0.8544 0.4143
vn -0.2342 0.6727 0.7018
vn -0.2342 0.6728 -0.7018
vn -0.2342 0.6727 -0.7018
vn -0.2342 0.6727 -0.7019
vn 0.3555 0.8803 0.3141
vn -0.0911 0.7099 0.6984
vn -0.3784 0.6387 -0.6700
vn -0.3784 0.6387 -0.6699
vn -0.3782 0.6389 -0.6700
vn 0.3785 0.8998 0.2172
vn -0.5149 0.6091 -0.6033
vn -0.5147 0.6091 -0.6034
vn 0.3889 0.9125 0.1265
vn 0.3889 0.9126 0.1265
vn -0.6344 0.5849 -0.5055
vn -0.6346 0.5847 -0.5054
vn -0.6343 0.5845 -0.5059
vn 0.3924 0.9189 0.0414
vn -0.7310 0.5661 -0.3809
vn -0.7311 0.5660 -0.3810
vn 0.3924 0.9189 -0.0414
vn 0.3924 0.9189 -0.0412
vn -0.7985 0.5535 -0.2365
vn -0.7985 0.5535 -0.2368
vn -0.7986 0.5535 -0.2366
vn 0.3889 0.9125 -0.1265
vn -0.8330 0.5473 -0.0808
vn -0.8331 0.5472 -0.0803
vn -0.8330 0.5473 -0.0807
vn -0.8332 0.5471 -0.0803
vn 0.3785 0.8998 -0.2172
vn -0.8820 -0.0039 -0.4713
vn -0.8820 -0.0039 -0.4712
vn 0.6373 -0.6917 0.3397
vn 0.6374 -0.6916 0.3397
vn 0.6370 -0.6920 0.3397
vn 0.6370 -0.6920 0.3398
vn -0.4554 -0.6944 -0.5571
vn -0.4554 -0.6943 -0.5572
vn 0.6913 -0.6917 0.2090
vn 0.6911 -0.6920 0.2086
vn 0.6912 -0.6918 0.2088
vn 0.6914 -0.6915 0.2092
vn -0.5553 -0.6947 -0.4572
vn -0.5553 -0.6948 -0.4571
vn 0.7190 -0.6914 0.0707
vn 0.7191 -0.6913 0.0706
vn 0.7189 -0.6915 0.0707
vn 0.7191 -0.6913 0.0705
vn -0.6339 -0.6949 -0.3396
vn -0.6338 -0.6949 -0.3397
vn -0.6339 -0.6949 -0.3395
vn -0.6338 -0.6951 -0.3393
vn 0.7189 -0.6915 -0.0706
vn 0.7188 -0.6916 -0.0705
vn 0.7190 -0.6915 -0.0707
vn 0.7191 -0.6913 -0.0708
vn -0.6876 -0.6951 -0.2098
vn -0.6877 -0.6950 -0.2098
vn -0.6878 -0.6951 -0.2095
vn -0.6879 -0.6950 -0.2092
vn 0.6912 -0.6919 -0.2087
vn 0.6914 -0.6916 -0.2091
vn 0.6913 -0.6917 -0.2090
vn 0.6914 -0.6916 -0.2090
vn -0.7153 -0.6952 -0.0709
vn -0.7152 -0.6953 -0.0705
vn -0.7152 -0.6954 -0.0708
vn -0.7154 -0.6951 -0.0706
vn 0.6370 -0.6920 -0.3397
vn 0.6370 -0.6920 -0.3398
vn -0.7154 -0.6952 0.0708
vn -0.7153 -0.6952 0.0706
vn -0.7154 -0.6951 0.0706
vn -0.7157 -0.6948 0.0705
vn 0.5589 -0.6916 -0.4574
vn 0.5583 -0.6921 -0.4575
vn 0.5587 -0.6918 -0.4575
vn 0.5588 -0.6918 -0.4572
vn -0.6878 -0.6950 0.2095
vn -0.6879 -0.6950 0.2092
vn -0.6878 -0.6950 0.2094
vn -0.6878 -0.6951 0.2093
vn 0.4591 -0.6920 -0.5571
vn 0.4592 -0.6918 -0.5572
vn -0.6338 -0.6949 0.3397
vn -0.6337 -0.6950 0.3397
vn -0.6338 -0.6949 0.3396
vn 0.3415 -0.6923 -0.6357
vn 0.3415 -0.6924 -0.6356
vn 0.3413 -0.6923 -0.6358
vn 0.0725 -0.6934 0.7169
vn 0.0726 -0.6936 0.7167
vn 0.0724 -0.6931 0.7172
vn -0.5554 -0.6946 0.4572
vn -0.5553 -0.6947 0.4572
vn 0.2106 -0.6927 -0.6898
vn 0.2107 -0.6929 -0.6896
vn 0.2111 -0.6927 -0.6897
vn 0.2109 -0.6927 -0.6897
vn 0.2108 -0.6928 0.6897
vn 0.2108 -0.6927 0.6897
vn 0.2106 -0.6928 0.6897
vn 0.2103 -0.6928 0.6897
vn -0.4555 -0.6944 0.5571
vn -0.4554 -0.6944 0.5571
vn -0.4553 -0.6943 0.5573
vn -0.4554 -0.6943 0.5573
vn 0.0726 -0.6931 -0.7172
vn 0.0729 -0.6934 -0.7169
vn 0.0727 -0.6931 -0.7172
vn 0.0724 -0.6931 -0.7172
vn 0.3418 -0.6922 0.6356
vn 0.3415 -0.6923 0.6356
vn 0.3417 -0.6922 0.6357
vn 0.3417 -0.6924 0.6355
vn -0.3384 -0.6940 0.6355
vn -0.3377 -0.6945 0.6353
vn -0.3382 -0.6942 0.6354
vn -0.3380 -0.6941 0.6356
vn -0.0689 -0.6935 -0.7171
vn -0.0689 -0.6934 -0.7172
vn -0.0688 -0.6932 -0.7174
vn -0.0690 -0.6934 -0.7172
vn 0.4589 -0.6921 0.5571
vn 0.4590 -0.6921 0.5571
vn -0.2077 -0.6938 0.6896
vn -0.2074 -0.6937 0.6897
vn -0.2075 -0.6938 0.6896
vn -0.2074 -0.6940 0.6894
vn -0.2075 -0.6937 -0.6897
vn -0.2074 -0.6938 -0.6897
vn -0.2076 -0.6937 -0.6897
vn 0.5588 -0.6921 0.4570
vn 0.5589 -0.6919 0.4572
vn 0.5588 -0.6920 0.4570
vn -0.0683 -0.6937 0.7170
vn -0.0684 -0.6936 0.7171
vn -0.0686 -0.6935 0.7171
vn -0.0687 -0.6935 0.7171
vn -0.0026 1.0000 -0.0000
vn -0.0023 1.0000 0.0005
vn -0.0028 1.0000 -0.0000
vn -0.0023 1.0000 0.0001
vn -0.0024 1.0000 -0.0000
vn -0.0029 1.0000 0.0004
vn -0.0026 1.0000 0.0001
vn -0.0022 1.0000 -0.0004
vn -0.0026 1.0000 -0.0001
vn -0.0029 1.0000 0.0002
vn -0.0026 1.0000 -0.0002
vn -0.0029 1.0000 -0.0004
vn -0.0028 1.0000 -0.0003
vn -0.0023 1.0000 -0.0001
vn -0.0025 1.0000 0.0003
vn -0.0026 1.0000 0.0004
vn -0.0027 1.0000 -0.0000
vn -0.0025 1.0000 -0.0004
vn 0.9952 0.0044 -0.0979
vn 0.9952 0.0044 -0.0981
vn 0.9952 0.0043 -0.0980
vn 0.9952 0.0043 -0.0981
vn -0.9569 -0.0044 -0.2903
vn -0.9569 -0.0044 -0.2904
vn 0.9569 0.0044 -0.2903
vn -0.9952 -0.0044 -0.0981
vn -0.9951 -0.0044 -0.0983
vn -0.9952 -0.0044 -0.0980
vn 0.8816 0.0040 -0.4719
vn 0.8819 0.0038 -0.4714
vn 0.8819 0.0040 -0.4715
vn -0.9952 -0.0044 0.0980
vn -0.9952 -0.0044 0.0981
vn 0.7729 0.0029 -0.6345
vn 0.7730 0.0036 -0.6344
vn 0.7730 0.0033 -0.6344
vn 0.7731 0.0034 -0.6342
vn -0.9569 -0.0044 0.2903
vn -0.9569 -0.0044 0.2904
vn 0.6342 0.0030 -0.7731
vn 0.6342 0.0029 -0.7732
vn 0.6343 0.0028 -0.7730
vn 0.6345 0.0026 -0.7729
vn -0.8820 -0.0039 0.4713
vn -0.8820 -0.0039 0.4712
vn 0.4715 0.0022 -0.8819
vn 0.4712 0.0021 -0.8820
vn 0.4713 0.0020 -0.8820
vn 0.4714 0.0018 -0.8819
vn 0.0977 0.0004 0.9952
vn 0.0981 0.0004 0.9952
vn -0.7732 -0.0035 0.6342
vn 0.2901 0.0011 -0.9570
vn 0.2899 0.0009 -0.9570
vn 0.2903 0.0013 -0.9569
vn 0.2901 0.0011 0.9570
vn 0.2899 0.0013 0.9570
vn 0.2903 0.0009 0.9569
vn -0.6344 -0.0028 0.7730
vn -0.6340 -0.0029 0.7733
vn 0.0980 0.0004 -0.9952
vn 0.4714 0.0021 0.8819
vn 0.4715 0.0020 0.8819
vn -0.4715 -0.0021 0.8819
vn -0.4716 -0.0021 0.8818
vn -0.0980 -0.0004 -0.9952
vn -0.0978 -0.0004 -0.9952
vn -0.0985 -0.0004 -0.9951
vn 0.6344 0.0028 0.7730
vn 0.6345 0.0028 0.7730
vn -0.2903 -0.0013 0.9569
vn -0.2903 -0.0013 -0.9569
vn 0.7731 0.0035 0.6343
vn 0.7730 0.0034 0.6344
vn 0.7731 0.0034 0.6342
vn 0.7732 0.0035 0.6342
vn -0.0976 -0.0004 0.9952
vn -0.4716 -0.0021 -0.8818
vn -0.4715 -0.0021 -0.8818
vn -0.4713 -0.0021 -0.8820
vn 0.8819 0.0039 0.4715
vn 0.8818 0.0039 0.4716
vn -0.6343 -0.0028 -0.7731
vn -0.6344 -0.0028 -0.7730
vn -0.6347 -0.0028 -0.7728
vn -0.6349 -0.0029 -0.7726
vn 0.9569 0.0044 0.2903
vn -0.7729 -0.0034 -0.6346
vn -0.7730 -0.0034 -0.6344
vn -0.7728 -0.0034 -0.6347
vn -0.7726 -0.0035 -0.6349
vn 0.9952 0.0045 0.0977
vn 0.9952 0.0046 0.0977
vn -0.3579 0.9150 0.1860
vn -0.3590 0.9147 0.1856
vn -0.3651 0.9121 0.1863
vn -0.3712 0.9094 0.1877
vn -0.3777 0.9066 0.1882
vn -0.3771 0.9069 0.1879
vn -0.4013 0.8976 -0.1825
vn -0.4017 0.8973 -0.1832
vn -0.4069 0.8947 -0.1844
vn -0.4136 0.8923 -0.1810
vn -0.3966 0.8986 -0.1879
vn -0.3947 0.8993 -0.1884
vn -0.2344 0.7964 0.5575
vn -0.2598 0.7853 0.5620
vn -0.2597 0.7856 0.5616
vn -0.2597 0.7856 0.5615
vn -0.2851 0.7748 0.5643
vn -0.3106 0.7639 0.5657
vn -0.3105 0.7639 0.5657
vn -0.3818 0.9056 0.1846
vn -0.3884 0.9028 0.1846
vn -0.3830 0.9052 -0.1841
vn -0.3845 0.9047 -0.1837
vn -0.3363 0.7530 -0.5657
vn -0.3362 0.7530 -0.5657
vn -0.3616 0.7421 -0.5643
vn -0.3617 0.7421 -0.5643
vn -0.3872 0.7312 -0.5616
vn -0.3871 0.7313 -0.5616
vn -0.3871 0.7312 -0.5616
vn -0.4122 0.7206 -0.5575
vn -0.4121 0.7206 -0.5576
vn -0.4122 0.7205 -0.5576
vn -0.4190 0.8898 -0.1809
vn -0.4191 0.8897 -0.1811
vn -0.3529 0.9180 0.1809
vn -0.3525 0.9181 0.1814
vn 0.4110 -0.8924 0.1862
vn 0.3997 -0.8974 0.1868
vn 0.4034 -0.8957 0.1870
vn 0.4110 -0.8925 0.1859
vn 0.3622 -0.9133 -0.1864
vn 0.3684 -0.9116 -0.1824
vn 0.3674 -0.9122 -0.1816
vn 0.3580 -0.9151 -0.1857
vn 0.3907 -0.9020 0.1836
vn 0.3980 -0.8984 0.1855
vn 0.3729 -0.9088 -0.1873
vn 0.3805 -0.9056 -0.1871
vn 0.4124 -0.7205 0.5575
vn 0.4123 -0.7205 0.5575
vn 0.4122 -0.7205 0.5576
vn 0.4158 -0.8906 0.1844
vn 0.4211 -0.8880 0.1846
vn 0.3541 -0.9168 -0.1845
vn 0.3488 -0.9189 -0.1842
vn 0.2344 -0.7963 -0.5576
vn 0.2344 -0.7964 -0.5575
vn 0.2597 -0.7855 -0.5617
vn 0.2597 -0.7856 -0.5616
vn 0.2851 -0.7748 -0.5643
vn 0.2852 -0.7748 -0.5643
vn 0.3106 -0.7638 -0.5658
vn 0.3106 -0.7639 -0.5657
vn 0.3106 -0.7640 -0.5656
vn 0.3105 -0.7638 -0.5659
vn 0.3881 -0.9030 -0.1841
vn 0.3866 -0.9038 -0.1837
vn 0.3866 -0.9038 0.1836
vn 0.3864 -0.9039 0.1835
vn 0.3362 -0.7530 0.5657
vn 0.3617 -0.7421 0.5643
vn 0.3871 -0.7312 0.5617
vn 0.3871 -0.7313 0.5616
vn 0.4437 -0.8783 0.1781
vn 0.4309 -0.8843 0.1798
vn 0.4386 -0.8812 0.1765
vn 0.4434 -0.8785 0.1776
vn 0.3281 -0.9286 -0.1735
vn 0.3364 -0.9250 -0.1766
vn 0.3363 -0.9251 -0.1764
vn 0.3282 -0.9285 -0.1739
vn 0.4270 -0.8857 0.1821
vn 0.4270 -0.8856 0.1827
vn 0.3452 -0.9215 -0.1780
vn 0.3441 -0.9219 -0.1778
vn 0.5107 -0.6786 0.5279
vn 0.4497 -0.8757 0.1759
vn 0.4545 -0.8743 0.1704
vn 0.3190 -0.9326 -0.1688
vn 0.3170 -0.9329 -0.1709
vn 0.1361 -0.8383 -0.5279
vn 0.1360 -0.8383 -0.5279
vn 0.1601 -0.8281 -0.5373
vn 0.1601 -0.8281 -0.5372
vn 0.1845 -0.8177 -0.5452
vn 0.1845 -0.8177 -0.5453
vn 0.2092 -0.8071 -0.5521
vn 0.2093 -0.8071 -0.5521
vn 0.2091 -0.8071 -0.5522
vn 0.4374 -0.7098 0.5521
vn 0.4375 -0.7097 0.5521
vn 0.4375 -0.7098 0.5521
vn 0.4622 -0.6993 0.5453
vn 0.4622 -0.6993 0.5454
vn 0.4866 -0.6888 0.5373
vn 0.4866 -0.6889 0.5373
vn 0.4727 -0.8673 0.1560
vn 0.4631 -0.8711 0.1635
vn 0.4682 -0.8688 0.1611
vn 0.4769 -0.8642 0.1604
vn 0.2979 -0.9417 -0.1564
vn 0.3073 -0.9376 -0.1628
vn 0.3073 -0.9376 -0.1626
vn 0.2987 -0.9413 -0.1573
vn 0.4579 -0.8734 0.1659
vn 0.4583 -0.8733 0.1654
vn 0.3161 -0.9338 -0.1676
vn 0.3161 -0.9335 -0.1694
vn 0.6018 -0.6397 0.4781
vn 0.4777 -0.8647 0.1552
vn 0.4810 -0.8634 0.1519
vn 0.2876 -0.9449 -0.1566
vn 0.2886 -0.9446 -0.1564
vn 0.0449 -0.8772 -0.4781
vn 0.0668 -0.8679 -0.4922
vn 0.0668 -0.8678 -0.4925
vn 0.0668 -0.8679 -0.4923
vn 0.0893 -0.8582 -0.5054
vn 0.0890 -0.8582 -0.5055
vn 0.0895 -0.8583 -0.5053
vn 0.1124 -0.8484 -0.5173
vn 0.1124 -0.8484 -0.5172
vn 0.5342 -0.6686 0.5173
vn 0.5343 -0.6685 0.5173
vn 0.5343 -0.6686 0.5172
vn 0.5574 -0.6587 0.5054
vn 0.5799 -0.6491 0.4923
vn 0.5800 -0.6491 0.4923
vn 0.4999 -0.8546 0.1406
vn 0.4928 -0.8575 0.1474
vn 0.4965 -0.8560 0.1441
vn 0.5028 -0.8534 0.1376
vn 0.2700 -0.9524 -0.1416
vn 0.2757 -0.9502 -0.1453
vn 0.2753 -0.9502 -0.1460
vn 0.2739 -0.9521 -0.1362
vn 0.4856 -0.8617 0.1471
vn 0.4845 -0.8621 0.1487
vn 0.2823 -0.9469 -0.1538
vn 0.2856 -0.9469 -0.1475
vn 0.6823 -0.6054 0.4098
vn 0.5084 -0.8509 0.1320
vn 0.5084 -0.8509 0.1324
vn 0.2654 -0.9546 -0.1353
vn 0.2611 -0.9564 -0.1307
vn -0.0359 -0.9114 -0.4100
vn -0.0354 -0.9115 -0.4098
vn -0.0355 -0.9115 -0.4098
vn -0.0166 -0.9034 -0.4285
vn 0.0031 -0.8950 -0.4461
vn 0.0237 -0.8862 -0.4626
vn 0.0237 -0.8863 -0.4626
vn 0.0237 -0.8862 -0.4627
vn 0.6231 -0.6307 0.4626
vn 0.6436 -0.6218 0.4462
vn 0.6436 -0.6219 0.4462
vn 0.6436 -0.6219 0.4461
vn 0.6634 -0.6135 0.4285
vn 0.6634 -0.6134 0.4285
vn 0.6634 -0.6134 0.4286
vn 0.5226 -0.8450 0.1137
vn 0.5172 -0.8473 0.1206
vn 0.5195 -0.8463 0.1179
vn 0.5253 -0.8437 0.1102
vn 0.2455 -0.9630 -0.1116
vn 0.2500 -0.9608 -0.1200
vn 0.2506 -0.9607 -0.1196
vn 0.2459 -0.9629 -0.1115
vn 0.5153 -0.8481 0.1230
vn 0.5144 -0.8481 0.1268
vn 0.2558 -0.9587 -0.1245
vn 0.2586 -0.9575 -0.1277
vn 0.7490 -0.5770 0.3257
vn 0.7489 -0.5772 0.3257
vn 0.7491 -0.5769 0.3257
vn 0.7492 -0.5768 0.3257
vn 0.5298 -0.8416 0.1050
vn 0.5290 -0.8419 0.1061
vn 0.2410 -0.9653 -0.1001
vn 0.2461 -0.9640 -0.1008
vn -0.1022 -0.9399 -0.3258
vn -0.0869 -0.9334 -0.3481
vn -0.0708 -0.9265 -0.3696
vn -0.0536 -0.9192 -0.3902
vn -0.0536 -0.9192 -0.3901
vn 0.7004 -0.5977 0.3901
vn 0.7005 -0.5977 0.3901
vn 0.7175 -0.5904 0.3696
vn 0.7175 -0.5904 0.3695
vn 0.7337 -0.5834 0.3482
vn 0.7336 -0.5835 0.3483
vn 0.7337 -0.5835 0.3481
vn 0.5407 -0.8371 0.0828
vn 0.5365 -0.8390 0.0904
vn 0.5383 -0.8383 0.0870
vn 0.5426 -0.8364 0.0775
vn 0.2268 -0.9708 -0.0784
vn 0.2330 -0.9684 -0.0887
vn 0.2325 -0.9685 -0.0894
vn 0.2328 -0.9694 -0.0779
vn 0.5307 -0.8423 0.0940
vn 0.5301 -0.8429 0.0927
vn 0.2419 -0.9657 -0.0940
vn 0.2410 -0.9659 -0.0950
vn 0.7992 -0.5556 0.2293
vn 0.5454 -0.8351 0.0722
vn 0.5455 -0.8350 0.0723
vn 0.2249 -0.9717 -0.0727
vn 0.2255 -0.9716 -0.0721
vn -0.1525 -0.9613 -0.2294
vn -0.1525 -0.9613 -0.2293
vn -0.1415 -0.9567 -0.2544
vn -0.1295 -0.9515 -0.2789
vn -0.1295 -0.9516 -0.2789
vn -0.1164 -0.9460 -0.3027
vn -0.1164 -0.9459 -0.3027
vn 0.7632 -0.5709 0.3028
vn 0.7631 -0.5709 0.3027
vn 0.7632 -0.5709 0.3027
vn 0.7763 -0.5654 0.2789
vn 0.7762 -0.5654 0.2789
vn 0.7763 -0.5653 0.2789
vn 0.7883 -0.5602 0.2544
vn 0.5493 -0.8344 0.0456
vn 0.5501 -0.8331 0.0578
vn 0.5505 -0.8333 0.0504
vn 0.5514 -0.8332 0.0420
vn 0.2171 -0.9751 -0.0459
vn 0.2221 -0.9737 -0.0507
vn 0.2212 -0.9739 -0.0502
vn 0.2174 -0.9750 -0.0464
vn 0.5488 -0.8335 0.0640
vn 0.5489 -0.8335 0.0638
vn 0.2280 -0.9716 -0.0628
vn 0.2267 -0.9720 -0.0613
vn 0.8312 -0.5420 0.1240
vn 0.8313 -0.5419 0.1240
vn 0.8312 -0.5420 0.1237
vn 0.8312 -0.5419 0.1240
vn 0.5546 -0.8313 0.0377
vn 0.5546 -0.8312 0.0386
vn 0.2156 -0.9758 -0.0366
vn 0.2162 -0.9757 -0.0367
vn -0.1845 -0.9750 -0.1240
vn -0.1783 -0.9723 -0.1509
vn -0.1783 -0.9723 -0.1508
vn -0.1782 -0.9723 -0.1511
vn -0.1708 -0.9692 -0.1775
vn -0.1708 -0.9692 -0.1776
vn -0.1707 -0.9692 -0.1775
vn -0.1622 -0.9655 -0.2036
vn 0.8090 -0.5514 0.2036
vn 0.8091 -0.5513 0.2036
vn 0.8091 -0.5513 0.2037
vn 0.8090 -0.5513 0.2037
vn 0.8180 -0.5472 0.1776
vn 0.8178 -0.5473 0.1776
vn 0.8178 -0.5474 0.1776
vn 0.8177 -0.5475 0.1775
vn 0.8250 -0.5446 0.1509
vn 0.8249 -0.5448 0.1509
vn 0.5544 -0.8322 0.0105
vn 0.5570 -0.8302 0.0211
vn 0.5576 -0.8299 0.0154
vn 0.5556 -0.8314 0.0066
vn 0.2173 -0.9760 -0.0111
vn 0.2115 -0.9772 -0.0179
vn 0.2149 -0.9765 -0.0182
vn 0.2177 -0.9760 -0.0097
vn 0.5539 -0.8320 0.0306
vn 0.5560 -0.8306 0.0301
vn 0.2180 -0.9756 -0.0248
vn 0.2176 -0.9757 -0.0263
vn 0.8437 -0.5367 0.0140
vn 0.8437 -0.5366 0.0139
vn 0.5550 -0.8319 -0.0000
vn 0.5549 -0.8319 -0.0000
vn 0.2175 -0.9761 0.0001
vn 0.2174 -0.9761 -0.0000
vn -0.1970 -0.9803 -0.0139
vn -0.1957 -0.9798 -0.0416
vn -0.1932 -0.9787 -0.0693
vn -0.1932 -0.9787 -0.0694
vn -0.1895 -0.9771 -0.0967
vn 0.8362 -0.5398 0.0967
vn 0.8362 -0.5398 0.0966
vn 0.8400 -0.5382 0.0692
vn 0.8425 -0.5371 0.0416
vn 0.5565 -0.8304 -0.0290
vn 0.5569 -0.8304 -0.0151
vn 0.5576 -0.8299 -0.0193
vn 0.5545 -0.8316 -0.0308
vn 0.2180 -0.9756 0.0247
vn 0.2116 -0.9772 0.0178
vn 0.2150 -0.9765 0.0183
vn 0.2176 -0.9757 0.0262
vn 0.5547 -0.8320 -0.0090
vn 0.5545 -0.8322 -0.0083
vn 0.2173 -0.9760 0.0112
vn 0.2177 -0.9760 0.0098
vn 0.8362 -0.5398 -0.0967
vn 0.5545 -0.8313 -0.0377
vn 0.5545 -0.8313 -0.0386
vn 0.2156 -0.9758 0.0366
vn 0.2162 -0.9757 0.0367
vn -0.1895 -0.9771 0.0966
vn -0.1895 -0.9771 0.0967
vn -0.1896 -0.9771 0.0967
vn -0.1932 -0.9787 0.0692
vn -0.1957 -0.9798 0.0417
vn -0.1970 -0.9803 0.0139
vn 0.8437 -0.5367 -0.0139
vn 0.8437 -0.5366 -0.0139
vn 0.8436 -0.5367 -0.0139
vn 0.8425 -0.5370 -0.0415
vn 0.8425 -0.5371 -0.0416
vn 0.8400 -0.5381 -0.0692
vn 0.8400 -0.5382 -0.0692
vn 0.5491 -0.8336 -0.0605
vn 0.5505 -0.8333 -0.0506
vn 0.5513 -0.8325 -0.0555
vn 0.5473 -0.8344 -0.0661
vn 0.2280 -0.9716 0.0626
vn 0.2209 -0.9740 0.0507
vn 0.2199 -0.9742 0.0506
vn 0.2266 -0.9721 0.0613
vn 0.5500 -0.8340 -0.0440
vn 0.5499 -0.8341 -0.0427
vn 0.2170 -0.9751 0.0460
vn 0.2172 -0.9750 0.0465
vn 0.8090 -0.5514 -0.2036
vn 0.8091 -0.5513 -0.2036
vn 0.8089 -0.5515 -0.2036
vn 0.5455 -0.8350 -0.0724
vn 0.5456 -0.8349 -0.0725
vn 0.2250 -0.9716 0.0728
vn 0.2255 -0.9716 0.0721
vn -0.1622 -0.9655 0.2036
vn -0.1707 -0.9692 0.1776
vn -0.1709 -0.9692 0.1775
vn -0.1708 -0.9692 0.1775
vn -0.1782 -0.9724 0.1508
vn -0.1781 -0.9724 0.1507
vn -0.1783 -0.9723 0.1509
vn -0.1845 -0.9750 0.1240
vn -0.1844 -0.9750 0.1240
vn 0.8312 -0.5419 -0.1240
vn 0.8250 -0.5446 -0.1509
vn 0.8177 -0.5476 -0.1775
vn 0.8176 -0.5478 -0.1775
vn 0.8177 -0.5476 -0.1774
vn 0.5312 -0.8422 -0.0925
vn 0.5381 -0.8385 -0.0862
vn 0.5370 -0.8388 -0.0898
vn 0.5300 -0.8424 -0.0977
vn 0.2415 -0.9659 0.0934
vn 0.2328 -0.9685 0.0887
vn 0.2322 -0.9685 0.0895
vn 0.2410 -0.9659 0.0948
vn 0.5419 -0.8365 -0.0815
vn 0.5420 -0.8365 -0.0809
vn 0.2266 -0.9708 0.0785
vn 0.2329 -0.9694 0.0781
vn 0.7631 -0.5710 -0.3027
vn 0.5297 -0.8416 -0.1050
vn 0.5288 -0.8420 -0.1064
vn 0.2410 -0.9653 0.1001
vn 0.2461 -0.9640 0.1008
vn -0.1164 -0.9460 0.3027
vn -0.1164 -0.9459 0.3027
vn -0.1295 -0.9515 0.2789
vn -0.1295 -0.9516 0.2789
vn -0.1415 -0.9567 0.2544
vn -0.1415 -0.9567 0.2545
vn -0.1524 -0.9613 0.2297
vn -0.1525 -0.9613 0.2293
vn 0.7993 -0.5555 -0.2293
vn 0.7992 -0.5556 -0.2293
vn 0.7883 -0.5602 -0.2544
vn 0.7763 -0.5654 -0.2789
vn 0.7763 -0.5653 -0.2789
vn 0.5153 -0.8479 -0.1243
vn 0.5197 -0.8462 -0.1175
vn 0.5175 -0.8472 -0.1205
vn 0.5108 -0.8500 -0.1285
vn 0.2570 -0.9580 0.1271
vn 0.2492 -0.9610 0.1199
vn 0.2503 -0.9607 0.1201
vn 0.2570 -0.9581 0.1267
vn 0.5238 -0.8443 -0.1130
vn 0.5240 -0.8443 -0.1127
vn 0.2454 -0.9630 0.1118
vn 0.2460 -0.9628 0.1118
vn 0.7004 -0.5977 -0.3901
vn 0.5084 -0.8509 -0.1320
vn 0.5083 -0.8509 -0.1324
vn 0.2617 -0.9559 0.1335
vn 0.2615 -0.9560 0.1329
vn -0.0536 -0.9192 0.3901
vn -0.0536 -0.9192 0.3902
vn -0.0708 -0.9265 0.3696
vn -0.0869 -0.9334 0.3480
vn -0.0869 -0.9334 0.3481
vn -0.1021 -0.9399 0.3259
vn -0.1022 -0.9399 0.3258
vn 0.7489 -0.5770 -0.3259
vn 0.7489 -0.5770 -0.3258
vn 0.7337 -0.5836 -0.3481
vn 0.7336 -0.5836 -0.3481
vn 0.7337 -0.5835 -0.3482
vn 0.7176 -0.5904 -0.3695
vn 0.7176 -0.5904 -0.3693
vn 0.7175 -0.5904 -0.3695
vn 0.4899 -0.8596 -0.1454
vn 0.4963 -0.8562 -0.1436
vn 0.4930 -0.8575 -0.1469
vn 0.4844 -0.8617 -0.1508
vn 0.2797 -0.9481 0.1513
vn 0.2757 -0.9502 0.1453
vn 0.2753 -0.9502 0.1460
vn 0.2851 -0.9472 0.1470
vn 0.5014 -0.8540 -0.1390
vn 0.5015 -0.8539 -0.1391
vn 0.2699 -0.9524 0.1417
vn 0.2739 -0.9521 0.1362
vn 0.6231 -0.6307 -0.4626
vn 0.6231 -0.6307 -0.4625
vn 0.4794 -0.8642 -0.1530
vn 0.4792 -0.8643 -0.1528
vn 0.2879 -0.9448 0.1562
vn 0.2888 -0.9446 0.1560
vn 0.0237 -0.8862 0.4626
vn 0.0237 -0.8863 0.4626
vn 0.0031 -0.8950 0.4461
vn 0.0031 -0.8949 0.4462
vn -0.0166 -0.9034 0.4285
vn -0.0355 -0.9115 0.4098
vn 0.6823 -0.6054 -0.4098
vn 0.6634 -0.6134 -0.4285
vn 0.6634 -0.6135 -0.4285
vn 0.6437 -0.6219 -0.4461
vn 0.6436 -0.6219 -0.4461
vn 0.4613 -0.8717 -0.1656
vn 0.4689 -0.8684 -0.1613
vn 0.4622 -0.8713 -0.1647
vn 0.4550 -0.8745 -0.1677
vn 0.3139 -0.9349 0.1654
vn 0.3064 -0.9379 0.1626
vn 0.3066 -0.9379 0.1625
vn 0.3132 -0.9352 0.1652
vn 0.4709 -0.8680 -0.1576
vn 0.4718 -0.8676 -0.1570
vn 0.2981 -0.9416 0.1564
vn 0.2990 -0.9412 0.1575
vn 0.5343 -0.6685 -0.5173
vn 0.4529 -0.8752 -0.1697
vn 0.4537 -0.8748 -0.1702
vn 0.3191 -0.9326 0.1687
vn 0.3167 -0.9330 0.1708
vn 0.1124 -0.8484 0.5172
vn 0.1124 -0.8484 0.5173
vn 0.0890 -0.8582 0.5055
vn 0.0893 -0.8582 0.5054
vn 0.0892 -0.8582 0.5054
vn 0.0895 -0.8583 0.5053
vn 0.0668 -0.8678 0.4924
vn 0.0668 -0.8678 0.4923
vn 0.0669 -0.8678 0.4924
vn 0.0449 -0.8771 0.4781
vn 0.0449 -0.8772 0.4781
vn 0.0450 -0.8772 0.4781
vn 0.6018 -0.6397 -0.4781
vn 0.5799 -0.6491 -0.4923
vn 0.5799 -0.6491 -0.4922
vn 0.5799 -0.6492 -0.4922
vn 0.5574 -0.6587 -0.5054
vn 0.4294 -0.8847 -0.1816
vn 0.4338 -0.8838 -0.1754
vn 0.4318 -0.8840 -0.1792
vn 0.4255 -0.8863 -0.1828
vn 0.3455 -0.9215 0.1775
vn 0.3364 -0.9250 0.1765
vn 0.3364 -0.9251 0.1763
vn 0.3426 -0.9226 0.1771
vn 0.4435 -0.8785 -0.1776
vn 0.4435 -0.8784 -0.1783
vn 0.3283 -0.9285 0.1733
vn 0.3285 -0.9284 0.1736
vn 0.4374 -0.7098 -0.5521
vn 0.4374 -0.7097 -0.5522
vn 0.4375 -0.7098 -0.5521
vn 0.4177 -0.8894 -0.1860
vn 0.4185 -0.8891 -0.1854
vn 0.3526 -0.9172 0.1857
vn 0.3533 -0.9170 0.1853
vn 0.2093 -0.8071 0.5521
vn 0.2093 -0.8071 0.5520
vn 0.1845 -0.8177 0.5453
vn 0.1845 -0.8178 0.5452
vn 0.1601 -0.8280 0.5374
vn 0.1601 -0.8280 0.5373
vn 0.1601 -0.8281 0.5373
vn 0.1361 -0.8383 0.5280
vn 0.5107 -0.6786 -0.5279
vn 0.4867 -0.6888 -0.5373
vn 0.4866 -0.6888 -0.5373
vn 0.4622 -0.6993 -0.5453
vn 0.4620 -0.6994 -0.5453
vn 0.4622 -0.6993 -0.5454
vn 0.3977 -0.8986 -0.1855
vn 0.4042 -0.8954 -0.1867
vn 0.3998 -0.8973 -0.1872
vn 0.3904 -0.9019 -0.1847
vn 0.3803 -0.9058 0.1868
vn 0.3684 -0.9115 0.1831
vn 0.3678 -0.9119 0.1823
vn 0.3777 -0.9064 0.1891
vn 0.4107 -0.8926 -0.1861
vn 0.4109 -0.8925 -0.1862
vn 0.3594 -0.9143 0.1869
vn 0.3600 -0.9142 0.1862
vn 0.3359 -0.7531 -0.5657
vn 0.3361 -0.7530 -0.5657
vn 0.3360 -0.7530 -0.5657
vn 0.3860 -0.9041 -0.1833
vn 0.3862 -0.9040 -0.1834
vn 0.3885 -0.9023 0.1870
vn 0.3883 -0.9028 0.1847
vn 0.3106 -0.7639 0.5657
vn 0.2850 -0.7748 0.5643
vn 0.2851 -0.7747 0.5644
vn 0.2851 -0.7748 0.5643
vn 0.2597 -0.7856 0.5616
vn 0.2344 -0.7964 0.5575
vn 0.2344 -0.7963 0.5576
vn 0.4124 -0.7205 -0.5575
vn 0.4123 -0.7206 -0.5575
vn 0.4125 -0.7205 -0.5575
vn 0.3871 -0.7313 -0.5616
vn 0.3870 -0.7313 -0.5616
vn 0.3869 -0.7314 -0.5616
vn 0.3617 -0.7421 -0.5643
vn 0.3628 -0.9138 -0.1824
vn 0.3723 -0.9093 -0.1860
vn 0.3640 -0.9128 -0.1852
vn 0.3580 -0.9158 -0.1822
vn 0.4112 -0.8920 0.1880
vn 0.4018 -0.8962 0.1880
vn 0.4020 -0.8961 0.1882
vn 0.4135 -0.8913 0.1862
vn 0.3761 -0.9081 -0.1839
vn 0.3759 -0.9083 -0.1836
vn 0.3928 -0.9000 0.1889
vn 0.3928 -0.9001 0.1886
vn 0.2344 -0.7964 -0.5574
vn 0.3557 -0.9164 -0.1834
vn 0.3534 -0.9181 -0.1793
vn 0.4187 -0.8887 0.1869
vn 0.4202 -0.8897 0.1786
vn 0.3872 -0.7313 0.5615
vn 0.3871 -0.7313 0.5615
vn 0.3362 -0.7529 0.5657
vn 0.3362 -0.7530 0.5656
vn 0.3361 -0.7529 0.5659
vn 0.3362 -0.7531 0.5655
vn 0.3294 -0.9272 -0.1784
vn 0.3372 -0.9240 -0.1803
vn 0.3335 -0.9256 -0.1792
vn 0.3241 -0.9298 -0.1745
vn 0.4449 -0.8777 0.1779
vn 0.4325 -0.8841 0.1770
vn 0.4319 -0.8841 0.1787
vn 0.4433 -0.8783 0.1789
vn 0.3440 -0.9220 -0.1777
vn 0.3456 -0.9216 -0.1768
vn 0.4259 -0.8859 0.1836
vn 0.4266 -0.8857 0.1833
vn 0.1361 -0.8383 -0.5280
vn 0.3226 -0.9309 -0.1714
vn 0.3214 -0.9307 -0.1748
vn 0.4520 -0.8750 0.1736
vn 0.4519 -0.8750 0.1734
vn 0.5106 -0.6787 0.5279
vn 0.2094 -0.8071 -0.5521
vn 0.1845 -0.8176 -0.5454
vn 0.1846 -0.8177 -0.5453
vn 0.1597 -0.8283 -0.5371
vn 0.1602 -0.8281 -0.5372
vn 0.2981 -0.9407 -0.1621
vn 0.3056 -0.9376 -0.1662
vn 0.3024 -0.9389 -0.1645
vn 0.2946 -0.9422 -0.1598
vn 0.4718 -0.8675 0.1579
vn 0.4647 -0.8697 0.1665
vn 0.4647 -0.8696 0.1670
vn 0.4723 -0.8672 0.1579
vn 0.3115 -0.9350 -0.1694
vn 0.3115 -0.9350 -0.1697
vn 0.4594 -0.8718 0.1701
vn 0.4595 -0.8718 0.1698
vn 0.0448 -0.8772 -0.4781
vn 0.0448 -0.8771 -0.4781
vn 0.2887 -0.9445 -0.1565
vn 0.2887 -0.9446 -0.1563
vn 0.4818 -0.8630 0.1519
vn 0.4812 -0.8632 0.1525
vn 0.5799 -0.6491 0.4924
vn 0.5577 -0.6585 0.5054
vn 0.0893 -0.8582 -0.5055
vn 0.0894 -0.8582 -0.5055
vn 0.2724 -0.9517 -0.1415
vn 0.2774 -0.9493 -0.1476
vn 0.2734 -0.9514 -0.1420
vn 0.2665 -0.9542 -0.1360
vn 0.5032 -0.8535 0.1355
vn 0.4908 -0.8590 0.1456
vn 0.4955 -0.8561 0.1470
vn 0.5035 -0.8530 0.1374
vn 0.2823 -0.9474 -0.1507
vn 0.2821 -0.9474 -0.1509
vn 0.4886 -0.8593 0.1512
vn 0.4881 -0.8596 0.1508
vn 0.2625 -0.9564 -0.1282
vn 0.2667 -0.9552 -0.1286
vn 0.5041 -0.8538 0.1301
vn 0.5038 -0.8539 0.1307
vn 0.6824 -0.6054 0.4097
vn 0.6825 -0.6054 0.4095
vn 0.6824 -0.6053 0.4097
vn 0.6633 -0.6136 0.4285
vn 0.6632 -0.6136 0.4286
vn 0.6632 -0.6135 0.4286
vn 0.6633 -0.6135 0.4285
vn 0.6436 -0.6220 0.4460
vn 0.0032 -0.8950 -0.4461
vn 0.0029 -0.8950 -0.4461
vn -0.0166 -0.9033 -0.4286
vn 0.2505 -0.9617 -0.1110
vn 0.2560 -0.9592 -0.1203
vn 0.2526 -0.9608 -0.1141
vn 0.2473 -0.9629 -0.1077
vn 0.5197 -0.8470 0.1122
vn 0.5169 -0.8480 0.1170
vn 0.5166 -0.8482 0.1168
vn 0.5217 -0.8455 0.1141
vn 0.2605 -0.9575 -0.1238
vn 0.2610 -0.9574 -0.1237
vn 0.5110 -0.8507 0.1235
vn 0.5112 -0.8506 0.1234
vn -0.1023 -0.9399 -0.3259
vn 0.2418 -0.9645 -0.1062
vn 0.2444 -0.9638 -0.1069
vn 0.5290 -0.8419 0.1066
vn 0.5290 -0.8420 0.1058
vn 0.7490 -0.5770 0.3258
vn 0.7489 -0.5770 0.3258
vn 0.7338 -0.5835 0.3480
vn 0.7337 -0.5835 0.3482
vn 0.7175 -0.5905 0.3694
vn 0.7175 -0.5905 0.3696
vn -0.0708 -0.9265 -0.3695
vn 0.2330 -0.9691 -0.0806
vn 0.2372 -0.9673 -0.0898
vn 0.2349 -0.9684 -0.0844
vn 0.2309 -0.9699 -0.0768
vn 0.5375 -0.8395 0.0793
vn 0.5363 -0.8398 0.0845
vn 0.5358 -0.8401 0.0849
vn 0.5380 -0.8392 0.0792
vn 0.2417 -0.9657 -0.0951
vn 0.2417 -0.9658 -0.0941
vn 0.5304 -0.8426 0.0935
vn 0.5308 -0.8423 0.0939
vn 0.2289 -0.9710 -0.0688
vn 0.2287 -0.9710 -0.0691
vn 0.5428 -0.8366 0.0744
vn 0.5439 -0.8359 0.0743
vn 0.7993 -0.5555 0.2292
vn 0.7990 -0.5561 0.2289
vn 0.7992 -0.5557 0.2293
vn 0.7883 -0.5602 0.2545
vn 0.7881 -0.5605 0.2545
vn 0.7762 -0.5655 0.2790
vn 0.7762 -0.5654 0.2790
vn 0.7631 -0.5710 0.3027
vn 0.7631 -0.5709 0.3028
vn -0.1415 -0.9567 -0.2543
vn 0.2187 -0.9746 -0.0483
vn 0.2220 -0.9733 -0.0579
vn 0.2183 -0.9744 -0.0533
vn 0.2164 -0.9753 -0.0437
vn 0.5544 -0.8310 0.0454
vn 0.5505 -0.8331 0.0543
vn 0.5509 -0.8328 0.0544
vn 0.5537 -0.8316 0.0433
vn 0.2267 -0.9720 -0.0612
vn 0.2272 -0.9719 -0.0614
vn 0.5496 -0.8330 0.0628
vn 0.5441 -0.8365 0.0656
vn -0.1844 -0.9750 -0.1239
vn -0.1844 -0.9750 -0.1238
vn 0.2194 -0.9750 -0.0346
vn 0.2202 -0.9748 -0.0349
vn 0.5511 -0.8337 0.0348
vn 0.5513 -0.8335 0.0354
vn 0.8311 -0.5420 0.1242
vn 0.8315 -0.5415 0.1240
vn 0.8176 -0.5477 0.1775
vn -0.1623 -0.9655 -0.2036
vn -0.1709 -0.9692 -0.1775
vn -0.1709 -0.9692 -0.1774
vn 0.2135 -0.9769 -0.0133
vn 0.2138 -0.9766 -0.0231
vn 0.2133 -0.9769 -0.0146
vn 0.2136 -0.9769 -0.0048
vn 0.5588 -0.8292 0.0085
vn 0.5533 -0.8327 0.0199
vn 0.5546 -0.8319 0.0216
vn 0.5587 -0.8293 0.0091
vn 0.2179 -0.9756 -0.0259
vn 0.5530 -0.8326 0.0301
vn 0.5543 -0.8318 0.0308
vn 0.2175 -0.9761 -0.0002
vn 0.2179 -0.9760 -0.0003
vn 0.5589 -0.8292 -0.0000
vn 0.8436 -0.5368 0.0139
vn 0.8400 -0.5382 0.0691
vn 0.8361 -0.5399 0.0966
vn 0.8363 -0.5397 0.0967
vn 0.8363 -0.5397 0.0966
vn 0.8360 -0.5402 0.0966
vn -0.1932 -0.9787 -0.0692
vn -0.1957 -0.9798 -0.0417
vn 0.2171 -0.9758 0.0244
vn 0.2140 -0.9767 0.0149
vn 0.2112 -0.9772 0.0204
vn 0.2180 -0.9755 0.0291
vn 0.5530 -0.8327 -0.0299
vn 0.5535 -0.8326 -0.0199
vn 0.5545 -0.8319 -0.0214
vn 0.5543 -0.8317 -0.0308
vn 0.2111 -0.9774 0.0115
vn 0.2101 -0.9776 0.0091
vn 0.5589 -0.8292 -0.0085
vn 0.5586 -0.8294 -0.0091
vn 0.2194 -0.9750 0.0346
vn 0.2201 -0.9748 0.0348
vn 0.5512 -0.8337 -0.0349
vn 0.5514 -0.8335 -0.0355
vn 0.8361 -0.5399 -0.0969
vn 0.8362 -0.5398 -0.0965
vn 0.8361 -0.5400 -0.0968
vn 0.8362 -0.5399 -0.0967
vn 0.8437 -0.5366 -0.0140
vn -0.1931 -0.9787 0.0692
vn 0.2250 -0.9726 0.0588
vn 0.2183 -0.9745 0.0522
vn 0.2220 -0.9733 0.0577
vn 0.2265 -0.9718 0.0653
vn 0.5496 -0.8331 -0.0626
vn 0.5505 -0.8330 -0.0543
vn 0.5509 -0.8328 -0.0543
vn 0.5469 -0.8349 -0.0626
vn 0.2167 -0.9751 0.0469
vn 0.5543 -0.8311 -0.0453
vn 0.5538 -0.8315 -0.0438
vn -0.1623 -0.9655 0.2036
vn 0.2281 -0.9712 0.0682
vn 0.2284 -0.9711 0.0687
vn 0.5429 -0.8365 -0.0745
vn 0.5440 -0.8358 -0.0744
vn 0.8176 -0.5477 -0.1775
vn 0.8251 -0.5445 -0.1508
vn 0.8251 -0.5445 -0.1507
vn 0.8252 -0.5444 -0.1507
vn 0.8311 -0.5422 -0.1238
vn 0.8312 -0.5420 -0.1239
vn 0.8312 -0.5420 -0.1240
vn 0.8314 -0.5415 -0.1244
vn -0.1845 -0.9750 0.1241
vn 0.2380 -0.9669 0.0915
vn 0.2352 -0.9682 0.0849
vn 0.2372 -0.9673 0.0894
vn 0.2411 -0.9654 0.0995
vn 0.5303 -0.8426 -0.0936
vn 0.5374 -0.8391 -0.0844
vn 0.5360 -0.8400 -0.0846
vn 0.5307 -0.8423 -0.0940
vn 0.2322 -0.9695 0.0785
vn 0.2325 -0.9694 0.0785
vn 0.5375 -0.8396 -0.0791
vn 0.5380 -0.8393 -0.0790
vn 0.2418 -0.9645 0.1062
vn 0.2431 -0.9641 0.1072
vn 0.5289 -0.8420 -0.1066
vn 0.5289 -0.8420 -0.1058
vn 0.7632 -0.5709 -0.3026
vn 0.7632 -0.5710 -0.3025
vn 0.7762 -0.5653 -0.2790
vn 0.7762 -0.5655 -0.2789
vn 0.7762 -0.5654 -0.2790
vn 0.7882 -0.5603 -0.2546
vn 0.7881 -0.5604 -0.2546
vn 0.7992 -0.5556 -0.2294
vn 0.7991 -0.5557 -0.2294
vn 0.7990 -0.5557 -0.2297
vn -0.1525 -0.9613 0.2294
vn -0.1523 -0.9614 0.2293
vn -0.1414 -0.9567 0.2543
vn -0.1295 -0.9516 0.2788
vn 0.2589 -0.9581 0.1224
vn 0.2517 -0.9610 0.1146
vn 0.2566 -0.9591 0.1193
vn 0.2611 -0.9570 0.1261
vn 0.5109 -0.8507 -0.1232
vn 0.5168 -0.8481 -0.1168
vn 0.5165 -0.8483 -0.1165
vn 0.5111 -0.8507 -0.1230
vn 0.2491 -0.9623 0.1088
vn 0.2493 -0.9624 0.1081
vn 0.5194 -0.8471 -0.1120
vn 0.5218 -0.8454 -0.1142
vn -0.0537 -0.9192 0.3901
vn -0.0540 -0.9194 0.3897
vn -0.0536 -0.9192 0.3900
vn 0.2638 -0.9561 0.1277
vn 0.2667 -0.9551 0.1290
vn 0.5042 -0.8538 -0.1296
vn 0.5040 -0.8538 -0.1303
vn 0.7003 -0.5978 -0.3902
vn 0.7175 -0.5904 -0.3696
vn 0.7337 -0.5835 -0.3481
vn 0.7490 -0.5770 -0.3258
vn -0.1022 -0.9399 0.3259
vn -0.0869 -0.9334 0.3482
vn 0.2809 -0.9481 0.1493
vn 0.2744 -0.9514 0.1399
vn 0.2790 -0.9489 0.1475
vn 0.2836 -0.9469 0.1517
vn 0.4886 -0.8593 -0.1513
vn 0.4907 -0.8591 -0.1456
vn 0.4953 -0.8562 -0.1471
vn 0.4881 -0.8597 -0.1509
vn 0.2739 -0.9521 0.1363
vn 0.2741 -0.9519 0.1366
vn 0.5033 -0.8534 -0.1355
vn 0.5037 -0.8529 -0.1375
vn 0.2887 -0.9445 0.1565
vn 0.2889 -0.9445 0.1563
vn 0.4806 -0.8637 -0.1519
vn 0.4806 -0.8636 -0.1527
vn 0.6435 -0.6220 -0.4460
vn 0.6437 -0.6218 -0.4461
vn 0.6633 -0.6135 -0.4285
vn 0.3099 -0.9357 0.1686
vn 0.3023 -0.9389 0.1647
vn 0.3056 -0.9375 0.1664
vn 0.3132 -0.9343 0.1704
vn 0.4592 -0.8719 -0.1699
vn 0.4656 -0.8692 -0.1665
vn 0.4658 -0.8690 -0.1669
vn 0.4592 -0.8720 -0.1697
vn 0.2963 -0.9414 0.1612
vn 0.2962 -0.9414 0.1613
vn 0.4719 -0.8674 -0.1578
vn 0.4725 -0.8671 -0.1577
vn 0.1126 -0.8484 0.5172
vn 0.1124 -0.8484 0.5174
vn 0.3222 -0.9307 0.1731
vn 0.3205 -0.9310 0.1748
vn 0.4521 -0.8750 -0.1735
vn 0.4520 -0.8750 -0.1732
vn 0.5343 -0.6685 -0.5174
vn 0.5577 -0.6585 -0.5054
vn 0.5573 -0.6589 -0.5053
vn 0.0449 -0.8772 0.4780
vn 0.0667 -0.8678 0.4924
vn 0.0666 -0.8679 0.4922
vn 0.0892 -0.8583 0.5054
vn 0.0893 -0.8582 0.5055
vn 0.0892 -0.8583 0.5053
vn 0.0890 -0.8583 0.5053
vn 0.3391 -0.9232 0.1810
vn 0.3331 -0.9258 0.1786
vn 0.3364 -0.9243 0.1804
vn 0.3473 -0.9201 0.1812
vn 0.4247 -0.8866 -0.1833
vn 0.4325 -0.8841 -0.1770
vn 0.4320 -0.8842 -0.1776
vn 0.4255 -0.8861 -0.1838
vn 0.3262 -0.9283 0.1786
vn 0.3253 -0.9288 0.1776
vn 0.4464 -0.8775 -0.1750
vn 0.4445 -0.8792 -0.1715
vn 0.2094 -0.8071 0.5520
vn 0.2094 -0.8071 0.5521
vn 0.2092 -0.8071 0.5521
vn 0.3558 -0.9164 0.1831
vn 0.3536 -0.9181 0.1790
vn 0.4195 -0.8885 -0.1860
vn 0.4196 -0.8885 -0.1859
vn 0.4374 -0.7099 -0.5520
vn 0.4374 -0.7100 -0.5519
vn 0.4370 -0.7100 -0.5521
vn 0.4866 -0.6889 -0.5373
vn 0.5107 -0.6787 -0.5278
vn 0.1361 -0.8383 0.5279
vn 0.1601 -0.8281 0.5372
vn 0.3765 -0.9081 0.1832
vn 0.3647 -0.9125 0.1850
vn 0.3729 -0.9089 0.1865
vn 0.3771 -0.9078 0.1835
vn 0.3963 -0.8987 -0.1877
vn 0.4018 -0.8964 -0.1873
vn 0.4017 -0.8963 -0.1877
vn 0.3905 -0.9013 -0.1876
vn 0.3609 -0.9147 0.1820
vn 0.3612 -0.9147 0.1814
vn 0.4109 -0.8922 -0.1877
vn 0.4136 -0.8912 -0.1861
vn 0.3106 -0.7639 0.5656
vn 0.3106 -0.7640 0.5656
vn 0.3362 -0.7530 -0.5657
vn 0.3616 -0.7421 -0.5643
vn 0.4122 -0.7206 -0.5575
vn 0.4120 -0.7207 -0.5576
vn 0.4123 -0.7205 -0.5575
vn 0.2597 -0.7857 0.5614
vn 0.2597 -0.7855 0.5618
vn -0.3331 0.9263 0.1759
vn -0.3385 0.9243 0.1763
vn -0.3310 0.9269 0.1771
vn -0.3237 0.9295 0.1768
vn -0.3433 0.9224 0.1769
vn -0.3471 0.9204 0.1801
vn -0.4348 0.8833 -0.1751
vn -0.4364 0.8826 -0.1749
vn -0.4425 0.8801 -0.1718
vn -0.4455 0.8786 -0.1722
vn -0.4250 0.8871 -0.1799
vn -0.4284 0.8857 -0.1788
vn -0.1361 0.8383 0.5279
vn -0.1601 0.8281 0.5373
vn -0.1845 0.8177 0.5453
vn -0.2093 0.8071 0.5521
vn -0.4374 0.7099 -0.5520
vn -0.4375 0.7098 -0.5521
vn -0.4375 0.7097 -0.5522
vn -0.4374 0.7099 -0.5521
vn -0.4622 0.6993 -0.5453
vn -0.4867 0.6888 -0.5373
vn -0.4866 0.6888 -0.5373
vn -0.4866 0.6888 -0.5374
vn -0.5107 0.6786 -0.5279
vn -0.5108 0.6786 -0.5279
vn -0.4523 0.8757 -0.1690
vn -0.4479 0.8775 -0.1716
vn -0.3157 0.9331 0.1720
vn -0.3160 0.9330 0.1723
vn -0.3035 0.9391 0.1612
vn -0.3078 0.9372 0.1639
vn -0.3005 0.9404 0.1594
vn -0.2962 0.9422 0.1568
vn -0.3134 0.9351 0.1652
vn -0.3140 0.9349 0.1656
vn -0.4655 0.8701 -0.1622
vn -0.4654 0.8701 -0.1624
vn -0.4710 0.8676 -0.1593
vn -0.4745 0.8661 -0.1570
vn -0.4553 0.8744 -0.1674
vn -0.4608 0.8720 -0.1654
vn -0.0450 0.8772 0.4781
vn -0.0449 0.8771 0.4781
vn -0.0450 0.8771 0.4781
vn -0.0450 0.8771 0.4782
vn -0.0668 0.8679 0.4923
vn -0.0668 0.8678 0.4923
vn -0.0891 0.8582 0.5055
vn -0.0891 0.8583 0.5053
vn -0.0892 0.8583 0.5054
vn -0.0893 0.8582 0.5055
vn -0.1124 0.8484 0.5173
vn -0.5343 0.6685 -0.5174
vn -0.5341 0.6685 -0.5176
vn -0.5343 0.6684 -0.5175
vn -0.5343 0.6685 -0.5173
vn -0.5574 0.6587 -0.5054
vn -0.5577 0.6585 -0.5054
vn -0.5800 0.6491 -0.4922
vn -0.5799 0.6491 -0.4923
vn -0.5801 0.6490 -0.4922
vn -0.6018 0.6397 -0.4781
vn -0.4792 0.8643 -0.1530
vn -0.4792 0.8642 -0.1532
vn -0.2913 0.9444 0.1528
vn -0.2912 0.9444 0.1530
vn -0.2750 0.9506 0.1441
vn -0.2777 0.9495 0.1461
vn -0.2712 0.9531 0.1341
vn -0.2691 0.9535 0.1355
vn -0.2826 0.9480 0.1461
vn -0.2830 0.9478 0.1470
vn -0.4951 0.8565 -0.1458
vn -0.4946 0.8570 -0.1451
vn -0.4997 0.8554 -0.1363
vn -0.5000 0.8552 -0.1366
vn -0.4845 0.8617 -0.1507
vn -0.4910 0.8588 -0.1464
vn 0.0355 0.9115 0.4098
vn 0.0352 0.9114 0.4099
vn 0.0354 0.9115 0.4098
vn 0.0355 0.9115 0.4097
vn 0.0166 0.9034 0.4285
vn -0.0031 0.8950 0.4461
vn -0.0237 0.8862 0.4626
vn -0.6231 0.6307 -0.4626
vn -0.6436 0.6219 -0.4460
vn -0.6437 0.6219 -0.4460
vn -0.6436 0.6220 -0.4460
vn -0.6633 0.6135 -0.4285
vn -0.6823 0.6054 -0.4098
vn -0.6823 0.6054 -0.4097
vn -0.5068 0.8523 -0.1295
vn -0.5047 0.8531 -0.1324
vn -0.2641 0.9558 0.1295
vn -0.2663 0.9548 0.1323
vn -0.2505 0.9612 0.1152
vn -0.2560 0.9589 0.1223
vn -0.2455 0.9628 0.1129
vn -0.2463 0.9627 0.1118
vn -0.2552 0.9589 0.1244
vn -0.2565 0.9583 0.1256
vn -0.5187 0.8464 -0.1206
vn -0.5183 0.8466 -0.1208
vn -0.5210 0.8459 -0.1143
vn -0.5244 0.8448 -0.1066
vn -0.5124 0.8491 -0.1285
vn -0.5146 0.8485 -0.1238
vn 0.1021 0.9399 0.3259
vn 0.0868 0.9334 0.3481
vn 0.0869 0.9334 0.3481
vn 0.0708 0.9265 0.3696
vn 0.0539 0.9194 0.3895
vn 0.0537 0.9192 0.3901
vn 0.0538 0.9193 0.3898
vn 0.0538 0.9194 0.3895
vn -0.7004 0.5977 -0.3902
vn -0.7175 0.5904 -0.3695
vn -0.7175 0.5904 -0.3696
vn -0.7337 0.5835 -0.3481
vn -0.7337 0.5834 -0.3482
vn -0.7491 0.5768 -0.3258
vn -0.7490 0.5770 -0.3258
vn -0.7489 0.5770 -0.3258
vn -0.5262 0.8443 -0.1014
vn -0.5265 0.8440 -0.1024
vn -0.2434 0.9646 0.1013
vn -0.2453 0.9638 0.1046
vn -0.2318 0.9688 0.0874
vn -0.2344 0.9679 0.0906
vn -0.2338 0.9692 0.0772
vn -0.2324 0.9694 0.0788
vn -0.2395 0.9665 0.0920
vn -0.2378 0.9669 0.0927
vn -0.5377 0.8384 -0.0887
vn -0.5374 0.8387 -0.0886
vn -0.5369 0.8398 -0.0799
vn -0.5413 0.8374 -0.0761
vn -0.5325 0.8406 -0.0989
vn -0.5343 0.8400 -0.0943
vn 0.1523 0.9613 0.2296
vn 0.1525 0.9613 0.2293
vn 0.1525 0.9613 0.2294
vn 0.1415 0.9567 0.2544
vn 0.1414 0.9567 0.2544
vn 0.1295 0.9515 0.2789
vn 0.1295 0.9516 0.2789
vn 0.1295 0.9516 0.2788
vn 0.1164 0.9460 0.3027
vn -0.7631 0.5710 -0.3027
vn -0.7630 0.5711 -0.3027
vn -0.7763 0.5653 -0.2789
vn -0.7763 0.5653 -0.2790
vn -0.7883 0.5602 -0.2544
vn -0.7992 0.5556 -0.2293
vn -0.7993 0.5555 -0.2291
vn -0.5451 0.8353 -0.0719
vn -0.5446 0.8356 -0.0717
vn -0.2252 0.9718 0.0697
vn -0.2262 0.9713 0.0734
vn -0.2194 0.9743 0.0511
vn -0.2191 0.9740 0.0578
vn -0.2172 0.9751 0.0438
vn -0.2174 0.9751 0.0444
vn -0.2250 0.9721 0.0659
vn -0.2264 0.9719 0.0638
vn -0.5477 0.8347 -0.0570
vn -0.5469 0.8353 -0.0559
vn -0.5520 0.8324 -0.0494
vn -0.5539 0.8315 -0.0429
vn -0.5470 0.8345 -0.0668
vn -0.5474 0.8349 -0.0579
vn 0.1846 0.9750 0.1240
vn 0.1845 0.9750 0.1240
vn 0.1845 0.9750 0.1242
vn 0.1783 0.9723 0.1509
vn 0.1709 0.9692 0.1775
vn 0.1624 0.9655 0.2036
vn 0.1623 0.9655 0.2036
vn -0.8090 0.5514 -0.2036
vn -0.8176 0.5477 -0.1775
vn -0.8250 0.5446 -0.1509
vn -0.8313 0.5419 -0.1240
vn -0.8313 0.5418 -0.1240
vn -0.8312 0.5419 -0.1239
vn -0.5555 0.8307 -0.0361
vn -0.5552 0.8309 -0.0362
vn -0.2202 0.9748 0.0355
vn -0.2186 0.9750 0.0394
vn -0.2133 0.9769 0.0145
vn -0.2133 0.9767 0.0217
vn -0.2107 0.9775 0.0073
vn -0.2114 0.9774 0.0067
vn -0.2138 0.9765 0.0287
vn -0.2141 0.9764 0.0279
vn -0.5583 0.8294 -0.0195
vn -0.5576 0.8299 -0.0191
vn -0.5550 0.8318 -0.0118
vn -0.5552 0.8317 -0.0069
vn -0.5547 0.8314 -0.0316
vn -0.5560 0.8309 -0.0229
vn 0.1970 0.9803 0.0139
vn 0.1971 0.9803 0.0139
vn 0.1957 0.9798 0.0417
vn 0.1958 0.9797 0.0417
vn 0.1958 0.9798 0.0417
vn 0.1932 0.9787 0.0692
vn 0.1895 0.9771 0.0967
vn -0.8363 0.5397 -0.0967
vn -0.8362 0.5398 -0.0967
vn -0.8364 0.5395 -0.0967
vn -0.8400 0.5382 -0.0692
vn -0.8425 0.5371 -0.0416
vn -0.8437 0.5366 -0.0139
vn -0.8437 0.5367 -0.0139
vn -0.8438 0.5366 -0.0139
vn -0.5549 0.8319 -0.0000
vn -0.2161 0.9764 -0.0037
vn -0.2153 0.9765 0.0039
vn -0.2134 0.9767 -0.0217
vn -0.2126 0.9770 -0.0147
vn -0.2139 0.9764 -0.0289
vn -0.2143 0.9764 -0.0284
vn -0.2102 0.9776 -0.0097
vn -0.2108 0.9775 -0.0109
vn -0.5583 0.8294 0.0194
vn -0.5576 0.8299 0.0190
vn -0.5561 0.8308 0.0229
vn -0.5548 0.8314 0.0317
vn -0.5552 0.8317 0.0069
vn -0.5550 0.8318 0.0118
vn 0.1895 0.9771 -0.0967
vn 0.1932 0.9787 -0.0690
vn 0.1932 0.9787 -0.0692
vn 0.1932 0.9787 -0.0691
vn 0.1957 0.9798 -0.0417
vn 0.1958 0.9798 -0.0417
vn 0.1970 0.9803 -0.0139
vn -0.8437 0.5367 0.0139
vn -0.8436 0.5367 0.0139
vn -0.8438 0.5365 0.0139
vn -0.8437 0.5366 0.0139
vn -0.8425 0.5371 0.0416
vn -0.8400 0.5382 0.0693
vn -0.8399 0.5382 0.0695
vn -0.8400 0.5382 0.0695
vn -0.8362 0.5398 0.0966
vn -0.8362 0.5398 0.0967
vn -0.5555 0.8307 0.0361
vn -0.5551 0.8310 0.0363
vn -0.2199 0.9747 -0.0394
vn -0.2182 0.9754 -0.0323
vn -0.2194 0.9739 -0.0581
vn -0.2198 0.9742 -0.0511
vn -0.2253 0.9720 -0.0661
vn -0.2270 0.9719 -0.0625
vn -0.2170 0.9752 -0.0439
vn -0.2170 0.9751 -0.0448
vn -0.5484 0.8343 0.0574
vn -0.5477 0.8347 0.0570
vn -0.5482 0.8343 0.0579
vn -0.5470 0.8345 0.0668
vn -0.5539 0.8315 0.0425
vn -0.5517 0.8325 0.0497
vn 0.1623 0.9655 -0.2036
vn 0.1627 0.9654 -0.2039
vn 0.1709 0.9692 -0.1775
vn 0.1783 0.9723 -0.1509
vn 0.1844 0.9750 -0.1240
vn 0.1845 0.9750 -0.1243
vn 0.1844 0.9750 -0.1241
vn 0.1845 0.9750 -0.1240
vn -0.8312 0.5419 0.1240
vn -0.8312 0.5419 0.1241
vn -0.8250 0.5446 0.1508
vn -0.8250 0.5446 0.1507
vn -0.8175 0.5478 0.1776
vn -0.8176 0.5477 0.1775
vn -0.8176 0.5478 0.1775
vn -0.8090 0.5514 0.2036
vn -0.5451 0.8353 0.0720
vn -0.5446 0.8356 0.0718
vn -0.2271 0.9711 -0.0739
vn -0.2253 0.9717 -0.0708
vn -0.2334 0.9682 -0.0899
vn -0.2320 0.9689 -0.0862
vn -0.2420 0.9656 -0.0954
vn -0.2410 0.9657 -0.0968
vn -0.2332 0.9694 -0.0766
vn -0.2323 0.9695 -0.0786
vn -0.5379 0.8383 0.0887
vn -0.5375 0.8386 0.0886
vn -0.5343 0.8400 0.0943
vn -0.5326 0.8406 0.0989
vn -0.5413 0.8374 0.0760
vn -0.5368 0.8399 0.0803
vn 0.1164 0.9460 -0.3027
vn 0.1295 0.9515 -0.2789
vn 0.1295 0.9516 -0.2789
vn 0.1415 0.9567 -0.2544
vn 0.1526 0.9613 -0.2293
vn 0.1525 0.9613 -0.2293
vn 0.1525 0.9613 -0.2294
vn -0.7992 0.5556 0.2291
vn -0.7992 0.5556 0.2293
vn -0.7993 0.5555 0.2293
vn -0.7883 0.5602 0.2544
vn -0.7881 0.5604 0.2545
vn -0.7762 0.5654 0.2789
vn -0.7763 0.5654 0.2789
vn -0.7630 0.5712 0.3027
vn -0.7630 0.5711 0.3027
vn -0.7629 0.5712 0.3027
vn -0.5262 0.8443 0.1014
vn -0.5265 0.8440 0.1023
vn -0.2452 0.9639 -0.1037
vn -0.2427 0.9648 -0.1009
vn -0.2551 0.9593 -0.1213
vn -0.2495 0.9616 -0.1144
vn -0.2556 0.9585 -0.1266
vn -0.2572 0.9581 -0.1264
vn -0.2467 0.9624 -0.1139
vn -0.2467 0.9625 -0.1125
vn -0.5181 0.8467 0.1213
vn -0.5175 0.8470 0.1214
vn -0.5148 0.8484 0.1236
vn -0.5117 0.8494 0.1293
vn -0.5242 0.8449 0.1064
vn -0.5209 0.8460 0.1142
vn 0.0536 0.9192 -0.3902
vn 0.0707 0.9265 -0.3696
vn 0.0869 0.9334 -0.3481
vn 0.1021 0.9399 -0.3259
vn 0.1022 0.9399 -0.3259
vn -0.7489 0.5770 0.3259
vn -0.7489 0.5771 0.3258
vn -0.7489 0.5770 0.3258
vn -0.7339 0.5834 0.3481
vn -0.7338 0.5835 0.3481
vn -0.7338 0.5834 0.3481
vn -0.7176 0.5905 0.3693
vn -0.7175 0.5904 0.3696
vn -0.7176 0.5904 0.3694
vn -0.7004 0.5977 0.3902
vn -0.5055 0.8529 0.1307
vn -0.5057 0.8527 0.1310
vn -0.2659 0.9550 -0.1316
vn -0.2635 0.9559 -0.1294
vn -0.2771 0.9497 -0.1460
vn -0.2747 0.9508 -0.1435
vn -0.2863 0.9469 -0.1466
vn -0.2860 0.9466 -0.1490
vn -0.2720 0.9519 -0.1412
vn -0.2719 0.9521 -0.1401
vn -0.4951 0.8565 0.1458
vn -0.4945 0.8570 0.1451
vn -0.4911 0.8587 0.1465
vn -0.4845 0.8617 0.1508
vn -0.5013 0.8546 0.1358
vn -0.4981 0.8561 0.1379
vn -0.0237 0.8862 -0.4627
vn -0.0238 0.8862 -0.4628
vn -0.0237 0.8862 -0.4626
vn -0.0031 0.8950 -0.4461
vn 0.0166 0.9034 -0.4285
vn 0.0354 0.9115 -0.4098
vn 0.0355 0.9115 -0.4098
vn -0.6822 0.6056 0.4097
vn -0.6823 0.6054 0.4098
vn -0.6822 0.6055 0.4099
vn -0.6633 0.6135 0.4285
vn -0.6436 0.6219 0.4461
vn -0.6231 0.6307 0.4626
vn -0.6231 0.6307 0.4625
vn -0.6231 0.6308 0.4624
vn -0.4792 0.8644 0.1524
vn -0.4789 0.8645 0.1526
vn -0.2926 0.9437 -0.1543
vn -0.2892 0.9451 -0.1523
vn -0.3085 0.9369 -0.1644
vn -0.3034 0.9392 -0.1608
vn -0.3121 0.9357 -0.1644
vn -0.3092 0.9365 -0.1656
vn -0.2985 0.9413 -0.1577
vn -0.2986 0.9412 -0.1579
vn -0.4655 0.8700 0.1625
vn -0.4656 0.8699 0.1628
vn -0.4602 0.8722 0.1657
vn -0.4559 0.8741 0.1674
vn -0.4745 0.8662 0.1569
vn -0.4710 0.8676 0.1592
vn -0.1124 0.8484 -0.5173
vn -0.1123 0.8484 -0.5173
vn -0.1125 0.8484 -0.5172
vn -0.0893 0.8582 -0.5055
vn -0.0893 0.8582 -0.5054
vn -0.0894 0.8582 -0.5054
vn -0.0897 0.8581 -0.5055
vn -0.0668 0.8679 -0.4923
vn -0.0668 0.8678 -0.4923
vn -0.0449 0.8772 -0.4781
vn -0.6018 0.6397 0.4781
vn -0.5798 0.6491 0.4924
vn -0.5799 0.6491 0.4924
vn -0.5799 0.6490 0.4924
vn -0.5575 0.6586 0.5054
vn -0.5574 0.6587 0.5054
vn -0.5574 0.6586 0.5055
vn -0.5343 0.6685 0.5173
vn -0.5342 0.6686 0.5173
vn -0.5343 0.6686 0.5173
vn -0.5343 0.6684 0.5174
vn -0.4501 0.8768 0.1694
vn -0.4506 0.8765 0.1696
vn -0.3241 0.9303 -0.1718
vn -0.3170 0.9331 -0.1697
vn -0.3388 0.9240 -0.1773
vn -0.3334 0.9263 -0.1754
vn -0.3448 0.9216 -0.1784
vn -0.3456 0.9213 -0.1785
vn -0.3310 0.9269 -0.1770
vn -0.3274 0.9278 -0.1788
vn -0.4348 0.8834 0.1748
vn -0.4361 0.8828 0.1747
vn -0.4287 0.8856 0.1786
vn -0.4250 0.8872 0.1797
vn -0.4476 0.8769 0.1752
vn -0.4398 0.8805 0.1770
vn -0.2093 0.8071 -0.5521
vn -0.1844 0.8176 -0.5454
vn -0.1845 0.8176 -0.5454
vn -0.1599 0.8283 -0.5370
vn -0.1601 0.8281 -0.5373
vn -0.1600 0.8281 -0.5373
vn -0.1361 0.8383 -0.5279
vn -0.1361 0.8383 -0.5280
vn -0.5107 0.6785 0.5280
vn -0.5108 0.6786 0.5279
vn -0.4866 0.6888 0.5374
vn -0.4866 0.6888 0.5373
vn -0.4622 0.6992 0.5454
vn -0.4622 0.6993 0.5453
vn -0.4375 0.7098 0.5521
vn -0.4189 0.8898 0.1810
vn -0.4189 0.8898 0.1813
vn -0.3540 0.9174 -0.1816
vn -0.3505 0.9189 -0.1811
vn -0.3715 0.9094 -0.1871
vn -0.3652 0.9119 -0.1870
vn -0.3776 0.9066 -0.1882
vn -0.3773 0.9069 -0.1878
vn -0.3586 0.9146 -0.1870
vn -0.3600 0.9142 -0.1862
vn -0.4020 0.8972 0.1828
vn -0.4020 0.8970 0.1836
vn -0.3971 0.8986 0.1864
vn -0.3929 0.9000 0.1888
vn -0.4126 0.8928 0.1807
vn -0.4070 0.8946 0.1842
vn -0.3106 0.7639 -0.5657
vn -0.3105 0.7639 -0.5657
vn -0.2851 0.7748 -0.5642
vn -0.2851 0.7748 -0.5643
vn -0.2850 0.7748 -0.5643
vn -0.2597 0.7856 -0.5616
vn -0.2344 0.7964 -0.5575
vn -0.4123 0.7205 0.5576
vn -0.4123 0.7205 0.5575
vn -0.4124 0.7205 0.5575
vn -0.3871 0.7314 0.5615
vn -0.3871 0.7313 0.5616
vn -0.3871 0.7313 0.5615
vn -0.3870 0.7313 0.5616
vn -0.3617 0.7421 0.5643
vn -0.3367 0.7529 0.5655
vn -0.3362 0.7529 0.5657
vn -0.3362 0.7531 0.5656
vn -0.3363 0.7530 0.5656
vn -0.3820 0.9051 0.1866
vn -0.3826 0.9053 0.1845
vn -0.3871 0.9036 -0.1834
vn -0.3819 0.9054 -0.1853
vn -0.4045 0.8959 -0.1836
vn -0.4002 0.8979 -0.1834
vn -0.4097 0.8940 -0.1816
vn -0.4096 0.8939 -0.1821
vn -0.3927 0.9012 -0.1832
vn -0.3918 0.9016 -0.1835
vn -0.3696 0.9110 0.1829
vn -0.3695 0.9110 0.1834
vn -0.3623 0.9140 0.1824
vn -0.3580 0.9158 0.1822
vn -0.3766 0.9069 0.1889
vn -0.3735 0.9088 0.1860
vn -0.4123 0.7205 -0.5575
vn -0.4125 0.7205 -0.5575
vn -0.4123 0.7206 -0.5575
vn -0.3870 0.7313 -0.5616
vn -0.3615 0.7422 -0.5643
vn -0.3616 0.7422 -0.5643
vn -0.3361 0.7530 -0.5657
vn -0.3107 0.7637 0.5659
vn -0.3107 0.7638 0.5658
vn -0.2849 0.7750 0.5640
vn -0.2850 0.7748 0.5643
vn -0.2597 0.7857 0.5615
vn -0.3482 0.9192 0.1839
vn -0.3509 0.9178 0.1859
vn -0.4227 0.8877 -0.1824
vn -0.4147 0.8911 -0.1845
vn -0.4368 0.8816 -0.1791
vn -0.4334 0.8830 -0.1802
vn -0.4443 0.8780 -0.1779
vn -0.4445 0.8782 -0.1766
vn -0.4294 0.8854 -0.1781
vn -0.4276 0.8862 -0.1783
vn -0.3350 0.9247 0.1809
vn -0.3344 0.9249 0.1807
vn -0.3286 0.9277 0.1774
vn -0.3251 0.9292 0.1758
vn -0.3468 0.9203 0.1813
vn -0.3460 0.9208 0.1801
vn -0.4864 0.6889 -0.5375
vn -0.4866 0.6889 -0.5373
vn -0.4622 0.6993 -0.5454
vn -0.4622 0.6992 -0.5453
vn -0.4622 0.6992 -0.5454
vn -0.4374 0.7098 -0.5522
vn -0.4373 0.7098 -0.5522
vn -0.4374 0.7098 -0.5521
vn -0.2093 0.8070 0.5522
vn -0.1601 0.8281 0.5372
vn -0.1600 0.8281 0.5373
vn -0.1600 0.8281 0.5372
vn -0.3183 0.9318 0.1745
vn -0.3164 0.9324 0.1745
vn -0.4516 0.8758 -0.1701
vn -0.4487 0.8770 -0.1720
vn -0.4680 0.8682 -0.1648
vn -0.4648 0.8697 -0.1661
vn -0.4701 0.8678 -0.1609
vn -0.4730 0.8671 -0.1562
vn -0.4599 0.8716 -0.1698
vn -0.4596 0.8719 -0.1692
vn -0.3036 0.9382 0.1661
vn -0.3040 0.9381 0.1659
vn -0.3010 0.9403 0.1586
vn -0.2955 0.9423 0.1572
vn -0.3133 0.9342 0.1704
vn -0.3100 0.9356 0.1687
vn -0.5799 0.6491 -0.4922
vn -0.5799 0.6492 -0.4922
vn -0.0893 0.8582 0.5054
vn -0.0895 0.8583 0.5053
vn -0.0894 0.8582 0.5054
vn -0.0668 0.8678 0.4924
vn -0.0668 0.8679 0.4922
vn -0.0449 0.8772 0.4780
vn -0.0449 0.8772 0.4781
vn -0.2928 0.9439 0.1528
vn -0.2922 0.9440 0.1535
vn -0.4822 0.8629 -0.1514
vn -0.4777 0.8647 -0.1550
vn -0.4954 0.8571 -0.1411
vn -0.4905 0.8594 -0.1442
vn -0.4998 0.8555 -0.1353
vn -0.5005 0.8552 -0.1348
vn -0.4888 0.8592 -0.1514
vn -0.4882 0.8596 -0.1507
vn -0.2779 0.9503 0.1404
vn -0.2786 0.9498 0.1420
vn -0.2732 0.9517 0.1399
vn -0.2710 0.9531 0.1344
vn -0.2833 0.9470 0.1517
vn -0.2809 0.9481 0.1490
vn -0.6823 0.6054 -0.4099
vn -0.6636 0.6132 -0.4286
vn -0.6435 0.6219 -0.4461
vn -0.6436 0.6219 -0.4461
vn -0.6436 0.6220 -0.4461
vn -0.0031 0.8950 0.4460
vn -0.0036 0.8950 0.4461
vn -0.0030 0.8950 0.4460
vn -0.2658 0.9551 0.1306
vn -0.2655 0.9552 0.1307
vn -0.5067 0.8525 -0.1287
vn -0.5040 0.8535 -0.1324
vn -0.5198 0.8461 -0.1179
vn -0.5172 0.8473 -0.1206
vn -0.5216 0.8462 -0.1086
vn -0.5222 0.8458 -0.1091
vn -0.5134 0.8485 -0.1282
vn -0.5150 0.8479 -0.1259
vn -0.2557 0.9598 0.1158
vn -0.2493 0.9610 0.1201
vn -0.2505 0.9617 0.1109
vn -0.2473 0.9629 0.1079
vn -0.2610 0.9571 0.1256
vn -0.2582 0.9584 0.1220
vn -0.7339 0.5834 -0.3481
vn -0.7337 0.5836 -0.3481
vn 0.0536 0.9192 0.3901
vn 0.0535 0.9192 0.3901
vn 0.0703 0.9264 0.3699
vn 0.0707 0.9265 0.3696
vn 0.0707 0.9265 0.3697
vn 0.0869 0.9334 0.3482
vn 0.1022 0.9399 0.3259
vn -0.2461 0.9639 0.1021
vn -0.2469 0.9635 0.1039
vn -0.5271 0.8438 -0.1010
vn -0.5258 0.8441 -0.1048
vn -0.5379 0.8387 -0.0847
vn -0.5386 0.8380 -0.0873
vn -0.5431 0.8357 -0.0814
vn -0.5425 0.8362 -0.0802
vn -0.5350 0.8393 -0.0967
vn -0.5341 0.8399 -0.0964
vn -0.2356 0.9681 0.0848
vn -0.2355 0.9681 0.0858
vn -0.2303 0.9696 0.0823
vn -0.2283 0.9704 0.0790
vn -0.2412 0.9656 0.0977
vn -0.2396 0.9664 0.0928
vn -0.7992 0.5557 -0.2293
vn -0.7885 0.5601 -0.2542
vn 0.1163 0.9460 0.3027
vn 0.1417 0.9567 0.2544
vn 0.1524 0.9613 0.2294
vn -0.2290 0.9710 0.0685
vn -0.2286 0.9710 0.0694
vn -0.5426 0.8371 -0.0694
vn -0.5416 0.8374 -0.0734
vn -0.5487 0.8344 -0.0517
vn -0.5476 0.8349 -0.0553
vn -0.5498 0.8341 -0.0443
vn -0.5497 0.8342 -0.0443
vn -0.5451 0.8361 -0.0621
vn -0.5451 0.8360 -0.0622
vn -0.2245 0.9729 0.0551
vn -0.2229 0.9732 0.0573
vn -0.2213 0.9741 0.0470
vn -0.2204 0.9745 0.0427
vn -0.2271 0.9717 0.0645
vn -0.2243 0.9727 0.0590
vn -0.8312 0.5419 -0.1240
vn 0.1621 0.9656 0.2035
vn 0.1622 0.9655 0.2036
vn 0.1708 0.9692 0.1775
vn 0.1782 0.9724 0.1509
vn -0.2213 0.9746 0.0348
vn -0.2192 0.9749 0.0394
vn -0.5524 0.8329 -0.0333
vn -0.5514 0.8334 -0.0384
vn -0.5577 0.8299 -0.0163
vn -0.5570 0.8302 -0.0212
vn -0.5586 0.8294 -0.0089
vn -0.5548 0.8315 -0.0273
vn -0.5550 0.8315 -0.0232
vn -0.2132 0.9768 0.0206
vn -0.2136 0.9767 0.0207
vn -0.2153 0.9765 0.0131
vn -0.2161 0.9764 0.0055
vn -0.2145 0.9763 0.0299
vn -0.2140 0.9765 0.0252
vn -0.8436 0.5367 -0.0140
vn -0.8425 0.5371 -0.0415
vn -0.8400 0.5381 -0.0692
vn -0.8400 0.5381 -0.0690
vn -0.8362 0.5398 -0.0966
vn -0.8362 0.5398 -0.0969
vn -0.8362 0.5399 -0.0967
vn 0.1894 0.9771 0.0967
vn 0.1956 0.9798 0.0417
vn -0.2175 0.9761 -0.0000
vn -0.2174 0.9761 -0.0000
vn -0.5582 0.8297 0.0028
vn -0.5582 0.8297 -0.0029
vn -0.5572 0.8301 0.0210
vn -0.5574 0.8301 0.0158
vn -0.5536 0.8322 0.0311
vn -0.5539 0.8320 0.0306
vn -0.5586 0.8294 0.0090
vn -0.5586 0.8294 0.0091
vn -0.2132 0.9768 -0.0207
vn -0.2137 0.9767 -0.0208
vn -0.2140 0.9765 -0.0252
vn -0.2144 0.9763 -0.0298
vn -0.2161 0.9764 -0.0054
vn -0.2153 0.9765 -0.0131
vn -0.8362 0.5399 0.0966
vn -0.8362 0.5399 0.0968
vn -0.8362 0.5398 0.0968
vn -0.8400 0.5382 0.0692
vn -0.8401 0.5380 0.0692
vn -0.8425 0.5371 0.0415
vn -0.8436 0.5367 0.0140
vn -0.8437 0.5367 0.0140
vn 0.1957 0.9798 -0.0416
vn 0.1932 0.9787 -0.0694
vn 0.1894 0.9771 -0.0967
vn 0.1895 0.9771 -0.0968
vn -0.2211 0.9746 -0.0346
vn -0.2199 0.9747 -0.0390
vn -0.5512 0.8335 0.0378
vn -0.5525 0.8329 0.0332
vn -0.5476 0.8349 0.0555
vn -0.5486 0.8345 0.0518
vn -0.5452 0.8360 0.0620
vn -0.5499 0.8341 0.0442
vn -0.5499 0.8340 0.0440
vn -0.2244 0.9729 -0.0549
vn -0.2237 0.9730 -0.0567
vn -0.2243 0.9727 -0.0591
vn -0.2270 0.9718 -0.0644
vn -0.2204 0.9745 -0.0427
vn -0.2213 0.9741 -0.0471
vn -0.8090 0.5515 0.2036
vn -0.8250 0.5446 0.1509
vn -0.8312 0.5420 0.1240
vn 0.1710 0.9692 -0.1775
vn 0.1622 0.9655 -0.2036
vn 0.1622 0.9655 -0.2038
vn -0.2286 0.9711 -0.0684
vn -0.2284 0.9711 -0.0694
vn -0.5414 0.8375 0.0735
vn -0.5429 0.8370 0.0685
vn -0.5339 0.8405 0.0922
vn -0.5378 0.8389 0.0839
vn -0.5343 0.8396 0.0976
vn -0.5335 0.8402 0.0970
vn -0.5420 0.8363 0.0827
vn -0.5420 0.8364 0.0815
vn -0.2354 0.9682 -0.0844
vn -0.2355 0.9681 -0.0854
vn -0.2397 0.9664 -0.0929
vn -0.2411 0.9656 -0.0978
vn -0.2283 0.9704 -0.0789
vn -0.2303 0.9696 -0.0822
vn -0.7632 0.5709 0.3027
vn -0.7631 0.5710 0.3027
vn -0.7763 0.5653 0.2788
vn -0.7763 0.5653 0.2789
vn -0.7763 0.5654 0.2788
vn -0.7762 0.5655 0.2787
vn -0.7883 0.5602 0.2545
vn 0.1415 0.9567 -0.2545
vn 0.1164 0.9460 -0.3026
vn -0.2461 0.9639 -0.1020
vn -0.2469 0.9635 -0.1039
vn -0.5256 0.8443 0.1041
vn -0.5276 0.8435 0.1004
vn -0.5179 0.8470 0.1202
vn -0.5199 0.8462 0.1171
vn -0.5109 0.8500 0.1281
vn -0.5107 0.8503 0.1272
vn -0.5207 0.8468 0.1091
vn -0.5209 0.8465 0.1103
vn -0.2551 0.9601 -0.1144
vn -0.2501 0.9608 -0.1199
vn -0.2577 0.9585 -0.1217
vn -0.2612 0.9571 -0.1256
vn -0.2472 0.9629 -0.1079
vn -0.2505 0.9618 -0.1108
vn -0.7004 0.5977 0.3901
vn -0.7004 0.5978 0.3900
vn -0.7337 0.5835 0.3481
vn 0.1020 0.9399 -0.3259
vn 0.1022 0.9399 -0.3258
vn 0.0869 0.9334 -0.3483
vn 0.0708 0.9265 -0.3696
vn 0.0709 0.9265 -0.3695
vn 0.0536 0.9192 -0.3901
vn -0.2658 0.9551 -0.1306
vn -0.2655 0.9552 -0.1307
vn -0.5042 0.8535 0.1317
vn -0.5072 0.8522 0.1288
vn -0.4911 0.8590 0.1446
vn -0.4941 0.8578 0.1414
vn -0.4888 0.8591 0.1517
vn -0.4882 0.8596 0.1508
vn -0.4995 0.8556 0.1358
vn -0.4995 0.8557 0.1355
vn -0.2779 0.9503 -0.1404
vn -0.2786 0.9498 -0.1420
vn -0.2808 0.9481 -0.1490
vn -0.2833 0.9469 -0.1518
vn -0.2710 0.9531 -0.1344
vn -0.2732 0.9517 -0.1399
vn -0.6436 0.6219 0.4462
vn -0.6436 0.6220 0.4461
vn -0.6822 0.6054 0.4099
vn -0.6821 0.6055 0.4100
vn -0.6823 0.6054 0.4099
vn 0.0165 0.9034 -0.4285
vn 0.0164 0.9034 -0.4285
vn -0.0030 0.8950 -0.4461
vn -0.0237 0.8863 -0.4626
vn -0.2924 0.9439 -0.1532
vn -0.2918 0.9441 -0.1537
vn -0.4788 0.8644 0.1534
vn -0.4826 0.8625 0.1522
vn -0.4650 0.8695 0.1664
vn -0.4683 0.8681 0.1648
vn -0.4595 0.8716 0.1706
vn -0.4588 0.8721 0.1702
vn -0.4713 0.8669 0.1623
vn -0.4713 0.8671 0.1615
vn -0.3037 0.9382 -0.1658
vn -0.3041 0.9381 -0.1656
vn -0.3101 0.9356 -0.1686
vn -0.3132 0.9343 -0.1702
vn -0.2956 0.9423 -0.1573
vn -0.3014 0.9402 -0.1590
vn -0.5800 0.6491 0.4923
vn -0.5799 0.6493 0.4921
vn -0.5799 0.6491 0.4923
vn -0.6018 0.6397 0.4782
vn -0.0449 0.8772 -0.4780
vn -0.0668 0.8679 -0.4921
vn -0.0668 0.8679 -0.4922
vn -0.0668 0.8678 -0.4924
vn -0.0888 0.8583 -0.5053
vn -0.0893 0.8583 -0.5053
vn -0.1124 0.8483 -0.5174
vn -0.3185 0.9317 -0.1746
vn -0.3209 0.9306 -0.1759
vn -0.4492 0.8769 0.1710
vn -0.4526 0.8753 0.1700
vn -0.4340 0.8827 0.1802
vn -0.4372 0.8815 0.1785
vn -0.4302 0.8842 0.1821
vn -0.4265 0.8869 0.1772
vn -0.4430 0.8786 0.1782
vn -0.4425 0.8790 0.1774
vn -0.3351 0.9246 -0.1812
vn -0.3345 0.9249 -0.1807
vn -0.3447 0.9216 -0.1787
vn -0.3467 0.9204 -0.1809
vn -0.3248 0.9294 -0.1755
vn -0.3283 0.9277 -0.1777
vn -0.4374 0.7098 0.5521
vn -0.4373 0.7098 0.5522
vn -0.4374 0.7098 0.5522
vn -0.4622 0.6992 0.5453
vn -0.5107 0.6786 0.5280
vn -0.5107 0.6786 0.5279
vn -0.1601 0.8281 -0.5372
vn -0.1602 0.8281 -0.5372
vn -0.1845 0.8177 -0.5453
vn -0.3494 0.9185 -0.1850
vn -0.3509 0.9180 -0.1849
vn -0.4152 0.8910 0.1838
vn -0.4222 0.8875 0.1848
vn -0.3998 0.8980 0.1837
vn -0.4042 0.8961 0.1832
vn -0.3924 0.9013 0.1835
vn -0.3918 0.9016 0.1836
vn -0.4102 0.8938 0.1815
vn -0.4106 0.8935 0.1817
vn -0.3705 0.9106 -0.1831
vn -0.3704 0.9106 -0.1834
vn -0.3736 0.9087 -0.1862
vn -0.3747 0.9079 -0.1881
vn -0.3578 0.9158 -0.1823
vn -0.3622 0.9141 -0.1823
vn -0.3362 0.7530 0.5657
vn -0.3363 0.7529 0.5657
vn -0.3361 0.7530 0.5657
vn -0.3870 0.7313 0.5617
vn -0.2344 0.7963 -0.5576
vn -0.2343 0.7966 -0.5573
vn -0.2596 0.7856 -0.5616
vn 0.9362 0.2326 -0.2635
vn 0.9233 0.2271 -0.3099
vn 0.9232 0.2271 -0.3099
vn 0.9233 0.2269 -0.3098
vn 0.9231 0.2272 -0.3101
vn 0.8160 0.5145 -0.2636
vn 0.8160 0.5144 -0.2637
vn 0.8159 0.5145 -0.2636
vn 0.8030 0.5091 -0.3098
vn 0.8031 0.5090 -0.3099
vn 0.8029 0.5091 -0.3100
vn 0.9746 -0.1165 -0.1911
vn 0.9746 -0.1166 -0.1910
vn 0.9746 -0.1166 -0.1911
vn 0.9651 -0.1207 -0.2326
vn 0.9536 -0.1255 -0.2735
vn 0.9536 -0.1254 -0.2737
vn 0.9404 -0.1312 -0.3138
vn 0.9082 0.2207 -0.3556
vn 0.7880 0.5026 -0.3556
vn 0.7880 0.5026 -0.3555
vn 0.5564 0.7694 -0.3138
vn 0.5564 0.7694 -0.3136
vn 0.5697 0.7750 -0.2735
vn 0.5810 0.7799 -0.2326
vn 0.5811 0.7799 -0.2326
vn 0.5906 0.7840 -0.1911
vn 0.5907 0.7841 -0.1907
vn 0.5906 0.7840 -0.1910
vn 0.8268 0.5191 -0.2167
vn 0.8267 0.5193 -0.2166
vn 0.8268 0.5192 -0.2166
vn 0.8268 0.5191 -0.2166
vn 0.9470 0.2372 -0.2166
vn -0.0068 -0.1695 0.9855
vn -0.0512 -0.1884 0.9808
vn -0.0511 -0.1884 0.9808
vn -0.1270 0.1125 0.9855
vn -0.1270 0.1124 0.9855
vn -0.1713 0.0935 0.9808
vn 0.1723 -0.4587 0.8717
vn 0.1330 -0.4755 0.8696
vn 0.0938 -0.4921 0.8654
vn 0.0938 -0.4921 0.8655
vn 0.0548 -0.5087 0.8592
vn 0.0550 -0.5089 0.8591
vn 0.0548 -0.5089 0.8591
vn 0.0549 -0.5087 0.8592
vn -0.0953 -0.2072 0.9736
vn -0.0953 -0.2072 0.9737
vn -0.2155 0.0747 0.9736
vn -0.3292 0.3918 0.8592
vn -0.3291 0.3918 0.8592
vn -0.3292 0.3917 0.8592
vn -0.2902 0.4084 0.8654
vn -0.2902 0.4085 0.8654
vn -0.2510 0.4251 0.8696
vn -0.2118 0.4420 0.8717
vn -0.2117 0.4419 0.8717
vn -0.2122 0.4421 0.8715
vn -0.0824 0.1314 0.9879
vn 0.0377 -0.1505 0.9879
vn 0.8720 0.2053 0.4444
vn 0.8720 0.2053 0.4443
vn 0.8720 0.2053 0.4445
vn 0.8510 0.1963 0.4871
vn 0.7518 0.4872 0.4443
vn 0.7518 0.4871 0.4443
vn 0.7308 0.4782 0.4871
vn 0.7309 0.4780 0.4871
vn 0.7309 0.4781 0.4871
vn 0.9253 -0.1376 0.3534
vn 0.9253 -0.1376 0.3533
vn 0.9253 -0.1375 0.3534
vn 0.9085 -0.1448 0.3921
vn 0.8899 -0.1527 0.4298
vn 0.8696 -0.1615 0.4666
vn 0.8697 -0.1613 0.4665
vn 0.8281 0.1865 0.5286
vn 0.7079 0.4685 0.5285
vn 0.7080 0.4684 0.5286
vn 0.7080 0.4685 0.5285
vn 0.7079 0.4684 0.5286
vn 0.4857 0.7393 0.4665
vn 0.5059 0.7479 0.4298
vn 0.5245 0.7558 0.3920
vn 0.5244 0.7558 0.3920
vn 0.5245 0.7558 0.3921
vn 0.5413 0.7630 0.3534
vn 0.5412 0.7631 0.3533
vn 0.5412 0.7631 0.3532
vn 0.5413 0.7630 0.3532
vn 0.7709 0.4953 0.4005
vn 0.8911 0.2134 0.4004
vn 0.8911 0.2134 0.4005
vn 0.8720 0.2053 -0.4443
vn 0.8721 0.2052 -0.4443
vn 0.8721 0.2049 -0.4443
vn 0.8721 0.2051 -0.4443
vn 0.8510 0.1963 -0.4871
vn 0.7518 0.4872 -0.4443
vn 0.7519 0.4871 -0.4443
vn 0.7308 0.4782 -0.4871
vn 0.9253 -0.1377 -0.3534
vn 0.9085 -0.1448 -0.3921
vn 0.8899 -0.1528 -0.4298
vn 0.8899 -0.1527 -0.4298
vn 0.8697 -0.1614 -0.4665
vn 0.8281 0.1865 -0.5286
vn 0.7079 0.4684 -0.5286
vn 0.7080 0.4684 -0.5286
vn 0.4857 0.7392 -0.4665
vn 0.4857 0.7392 -0.4666
vn 0.5059 0.7479 -0.4298
vn 0.5245 0.7558 -0.3921
vn 0.5413 0.7629 -0.3534
vn 0.7709 0.4953 -0.4005
vn 0.8911 0.2134 -0.4005
vn -0.0068 -0.1695 -0.9855
vn -0.0512 -0.1884 -0.9808
vn -0.1270 0.1124 -0.9855
vn -0.1270 0.1123 -0.9855
vn -0.1713 0.0934 -0.9808
vn -0.1714 0.0933 -0.9808
vn -0.1713 0.0935 -0.9808
vn 0.1723 -0.4587 -0.8717
vn 0.1330 -0.4755 -0.8696
vn 0.0938 -0.4921 -0.8655
vn 0.0937 -0.4921 -0.8655
vn 0.0938 -0.4921 -0.8654
vn 0.0552 -0.5088 -0.8591
vn 0.0549 -0.5088 -0.8591
vn 0.0549 -0.5086 -0.8593
vn -0.0953 -0.2072 -0.9736
vn -0.2155 0.0747 -0.9736
vn -0.3291 0.3918 -0.8592
vn -0.2902 0.4084 -0.8654
vn -0.2903 0.4084 -0.8654
vn -0.2510 0.4251 -0.8696
vn -0.2116 0.4420 -0.8717
vn -0.2117 0.4419 -0.8717
vn -0.2115 0.4421 -0.8717
vn -0.0824 0.1314 -0.9879
vn 0.0377 -0.1505 -0.9879
vn 0.0377 -0.1507 -0.9879
vn 0.0376 -0.1505 -0.9879
vn 0.9362 0.2326 0.2636
vn 0.9232 0.2271 0.3099
vn 0.8159 0.5146 0.2636
vn 0.8160 0.5144 0.2637
vn 0.8160 0.5145 0.2636
vn 0.8030 0.5090 0.3100
vn 0.8030 0.5090 0.3101
vn 0.9746 -0.1166 0.1911
vn 0.9746 -0.1165 0.1912
vn 0.9651 -0.1207 0.2326
vn 0.9536 -0.1256 0.2735
vn 0.9404 -0.1312 0.3138
vn 0.9082 0.2207 0.3556
vn 0.7883 0.5021 0.3556
vn 0.7880 0.5026 0.3556
vn 0.7879 0.5025 0.3560
vn 0.5564 0.7694 0.3138
vn 0.5697 0.7750 0.2735
vn 0.5812 0.7798 0.2326
vn 0.5811 0.7799 0.2326
vn 0.5906 0.7840 0.1911
vn 0.5906 0.7840 0.1912
vn 0.8268 0.5191 0.2166
vn 0.9470 0.2372 0.2166
vn 0.9470 0.2372 0.2165
vn 0.7767 0.1646 -0.6080
vn 0.7484 0.1526 -0.6454
vn 0.6565 0.4465 -0.6080
vn 0.6283 0.4344 -0.6454
vn 0.6282 0.4344 -0.6454
vn 0.8478 -0.1707 -0.5021
vn 0.8478 -0.1706 -0.5021
vn 0.8243 -0.1807 -0.5365
vn 0.7994 -0.1913 -0.5695
vn 0.7730 -0.2026 -0.6012
vn 0.7729 -0.2026 -0.6013
vn 0.7184 0.1398 -0.6814
vn 0.7183 0.1398 -0.6815
vn 0.7185 0.1398 -0.6814
vn 0.5983 0.4217 -0.6814
vn 0.5983 0.4217 -0.6813
vn 0.3888 0.6980 -0.6013
vn 0.3889 0.6980 -0.6013
vn 0.3888 0.6980 -0.6014
vn 0.4154 0.7094 -0.5694
vn 0.4155 0.7094 -0.5693
vn 0.4154 0.7093 -0.5695
vn 0.4403 0.7200 -0.5365
vn 0.4403 0.7199 -0.5365
vn 0.4638 0.7299 -0.5022
vn 0.4638 0.7300 -0.5021
vn 0.4636 0.7301 -0.5021
vn 0.6832 0.4578 -0.5689
vn 0.6831 0.4578 -0.5690
vn 0.8033 0.1759 -0.5690
vn 0.8033 0.1758 -0.5690
vn -0.1824 -0.2443 -0.9524
vn -0.2250 -0.2625 -0.9383
vn -0.2250 -0.2626 -0.9383
vn -0.3026 0.0376 -0.9524
vn -0.3453 0.0194 -0.9383
vn -0.3456 0.0194 -0.9382
vn -0.3452 0.0194 -0.9383
vn 0.0162 -0.5252 -0.8508
vn -0.0220 -0.5415 -0.8404
vn -0.0219 -0.5415 -0.8404
vn -0.0220 -0.5414 -0.8405
vn -0.0600 -0.5580 -0.8277
vn -0.0597 -0.5577 -0.8279
vn -0.0598 -0.5578 -0.8278
vn -0.0598 -0.5577 -0.8279
vn -0.0967 -0.5734 -0.8135
vn -0.0966 -0.5733 -0.8136
vn -0.0967 -0.5733 -0.8136
vn -0.2670 -0.2804 -0.9220
vn -0.2668 -0.2802 -0.9221
vn -0.3872 0.0015 -0.9220
vn -0.3872 0.0016 -0.9220
vn -0.4806 0.3272 -0.8136
vn -0.4807 0.3272 -0.8136
vn -0.4436 0.3429 -0.8280
vn -0.4436 0.3430 -0.8280
vn -0.4060 0.3591 -0.8404
vn -0.3678 0.3754 -0.8508
vn -0.2593 0.0560 -0.9642
vn -0.1391 -0.2259 -0.9642
vn 0.9667 0.2455 0.0726
vn 0.9667 0.2456 0.0727
vn 0.9667 0.2456 0.0726
vn 0.9623 0.2436 0.1209
vn 0.9623 0.2437 0.1209
vn 0.8465 0.5274 0.0727
vn 0.8465 0.5275 0.0727
vn 0.8464 0.5275 0.0727
vn 0.8421 0.5256 0.1209
vn 0.9939 -0.1084 0.0214
vn 0.9919 -0.1093 0.0642
vn 0.9919 -0.1092 0.0642
vn 0.9881 -0.1108 0.1068
vn 0.9881 -0.1109 0.1067
vn 0.9881 -0.1108 0.1067
vn 0.9823 -0.1133 0.1490
vn 0.9557 0.2409 0.1689
vn 0.8358 0.5225 0.1689
vn 0.8357 0.5226 0.1689
vn 0.8359 0.5223 0.1689
vn 0.8357 0.5227 0.1686
vn 0.5983 0.7873 0.1490
vn 0.6041 0.7897 0.1067
vn 0.6080 0.7914 0.0641
vn 0.6079 0.7914 0.0642
vn 0.6080 0.7914 0.0642
vn 0.6099 0.7922 0.0214
vn 0.8486 0.5285 0.0243
vn 0.8486 0.5284 0.0243
vn 0.9688 0.2465 0.0243
vn 0.6537 0.1120 -0.7484
vn 0.6538 0.1119 -0.7484
vn 0.6536 0.1121 -0.7485
vn 0.6537 0.1122 -0.7483
vn 0.6194 0.0975 -0.7790
vn 0.6194 0.0976 -0.7790
vn 0.5336 0.3940 -0.7483
vn 0.5336 0.3941 -0.7483
vn 0.5336 0.3940 -0.7484
vn 0.4992 0.3794 -0.7790
vn 0.4992 0.3795 -0.7790
vn 0.7451 -0.2145 -0.6315
vn 0.7451 -0.2144 -0.6315
vn 0.7159 -0.2268 -0.6603
vn 0.7159 -0.2268 -0.6604
vn 0.7159 -0.2269 -0.6603
vn 0.6855 -0.2399 -0.6874
vn 0.6855 -0.2397 -0.6875
vn 0.6855 -0.2398 -0.6874
vn 0.6539 -0.2534 -0.7129
vn 0.5835 0.0822 -0.8079
vn 0.5836 0.0822 -0.8079
vn 0.4634 0.3643 -0.8078
vn 0.4634 0.3642 -0.8079
vn 0.4634 0.3641 -0.8079
vn 0.2699 0.6472 -0.7129
vn 0.3015 0.6607 -0.6874
vn 0.3319 0.6737 -0.6603
vn 0.3611 0.6861 -0.6315
vn 0.3611 0.6860 -0.6316
vn 0.3611 0.6861 -0.6316
vn 0.5667 0.4082 -0.7157
vn 0.6869 0.1263 -0.7157
vn -0.3487 -0.3152 -0.8827
vn -0.3486 -0.3152 -0.8827
vn -0.3879 -0.3320 -0.8598
vn -0.4688 -0.0333 -0.8827
vn -0.4687 -0.0334 -0.8827
vn -0.5077 -0.0504 -0.8601
vn -0.5081 -0.0501 -0.8598
vn -0.5082 -0.0501 -0.8598
vn -0.1331 -0.5889 -0.7972
vn -0.1329 -0.5888 -0.7973
vn -0.1330 -0.5889 -0.7972
vn -0.1687 -0.6039 -0.7790
vn -0.1686 -0.6041 -0.7788
vn -0.1687 -0.6041 -0.7789
vn -0.2037 -0.6187 -0.7588
vn -0.2030 -0.6190 -0.7587
vn -0.2035 -0.6189 -0.7587
vn -0.2034 -0.6189 -0.7587
vn -0.2370 -0.6333 -0.7368
vn -0.2371 -0.6333 -0.7367
vn -0.4262 -0.3483 -0.8349
vn -0.5464 -0.0666 -0.8349
vn -0.5464 -0.0664 -0.8349
vn -0.5465 -0.0664 -0.8348
vn -0.6211 0.2674 -0.7367
vn -0.6212 0.2673 -0.7366
vn -0.6212 0.2674 -0.7367
vn -0.5873 0.2817 -0.7587
vn -0.5873 0.2817 -0.7588
vn -0.5874 0.2817 -0.7587
vn -0.5527 0.2965 -0.7789
vn -0.5527 0.2965 -0.7788
vn -0.5171 0.3117 -0.7972
vn -0.5171 0.3118 -0.7971
vn -0.4285 -0.0161 -0.9034
vn -0.3083 -0.2980 -0.9034
vn 0.9623 0.2437 -0.1209
vn 0.9667 0.2455 -0.0726
vn 0.9667 0.2455 -0.0725
vn 0.9666 0.2456 -0.0727
vn 0.8421 0.5256 -0.1209
vn 0.8464 0.5275 -0.0727
vn 0.9824 -0.1132 -0.1489
vn 0.9823 -0.1133 -0.1490
vn 0.9823 -0.1132 -0.1490
vn 0.9824 -0.1128 -0.1487
vn 0.9881 -0.1108 -0.1068
vn 0.9881 -0.1109 -0.1067
vn 0.9919 -0.1092 -0.0642
vn 0.9919 -0.1093 -0.0641
vn 0.9939 -0.1084 -0.0214
vn 0.9939 -0.1084 -0.0215
vn 0.9688 0.2465 -0.0243
vn 0.8486 0.5284 -0.0243
vn 0.8487 0.5284 -0.0243
vn 0.8487 0.5283 -0.0243
vn 0.6099 0.7922 -0.0214
vn 0.6079 0.7914 -0.0642
vn 0.6080 0.7914 -0.0642
vn 0.6041 0.7897 -0.1067
vn 0.5983 0.7873 -0.1490
vn 0.5983 0.7873 -0.1489
vn 0.8356 0.5227 -0.1688
vn 0.8356 0.5227 -0.1689
vn 0.8355 0.5229 -0.1687
vn 0.8356 0.5228 -0.1689
vn 0.9557 0.2409 -0.1689
vn 0.5081 0.0501 -0.8598
vn 0.5077 0.0502 -0.8601
vn 0.5081 0.0501 -0.8599
vn 0.4688 0.0333 -0.8827
vn 0.3879 0.3320 -0.8598
vn 0.3883 0.3317 -0.8598
vn 0.3880 0.3320 -0.8598
vn 0.3486 0.3152 -0.8826
vn 0.3488 0.3152 -0.8826
vn 0.3487 0.3152 -0.8827
vn 0.3486 0.3152 -0.8827
vn 0.6211 -0.2674 -0.7367
vn 0.6211 -0.2673 -0.7367
vn 0.5877 -0.2817 -0.7585
vn 0.5875 -0.2817 -0.7586
vn 0.5874 -0.2817 -0.7587
vn 0.5873 -0.2817 -0.7587
vn 0.5529 -0.2965 -0.7787
vn 0.5527 -0.2965 -0.7789
vn 0.5171 -0.3117 -0.7972
vn 0.5170 -0.3117 -0.7972
vn 0.4285 0.0161 -0.9034
vn 0.3082 0.2981 -0.9034
vn 0.3083 0.2980 -0.9034
vn 0.1330 0.5889 -0.7972
vn 0.1331 0.5889 -0.7972
vn 0.1687 0.6040 -0.7789
vn 0.1686 0.6041 -0.7789
vn 0.1687 0.6041 -0.7789
vn 0.2033 0.6189 -0.7587
vn 0.2034 0.6190 -0.7586
vn 0.2034 0.6189 -0.7587
vn 0.2371 0.6333 -0.7367
vn 0.2370 0.6333 -0.7367
vn 0.2366 0.6334 -0.7368
vn 0.4262 0.3483 -0.8349
vn 0.5464 0.0666 -0.8349
vn 0.5464 0.0664 -0.8349
vn 0.5465 0.0664 -0.8348
vn -0.4991 -0.3795 -0.7790
vn -0.4992 -0.3794 -0.7790
vn -0.4993 -0.3795 -0.7789
vn -0.5336 -0.3941 -0.7483
vn -0.6194 -0.0976 -0.7790
vn -0.6194 -0.0974 -0.7790
vn -0.6192 -0.0971 -0.7792
vn -0.6193 -0.0976 -0.7791
vn -0.6538 -0.1122 -0.7483
vn -0.6538 -0.1123 -0.7483
vn -0.2695 -0.6473 -0.7130
vn -0.2699 -0.6472 -0.7130
vn -0.2698 -0.6472 -0.7130
vn -0.2699 -0.6472 -0.7129
vn -0.3016 -0.6607 -0.6874
vn -0.3015 -0.6607 -0.6874
vn -0.3015 -0.6607 -0.6875
vn -0.3319 -0.6737 -0.6603
vn -0.3611 -0.6861 -0.6316
vn -0.5667 -0.4082 -0.7157
vn -0.5667 -0.4083 -0.7157
vn -0.6869 -0.1263 -0.7157
vn -0.7451 0.2145 -0.6315
vn -0.7452 0.2145 -0.6314
vn -0.7157 0.2270 -0.6605
vn -0.7155 0.2271 -0.6607
vn -0.7156 0.2272 -0.6605
vn -0.7159 0.2270 -0.6603
vn -0.6855 0.2399 -0.6874
vn -0.6854 0.2400 -0.6874
vn -0.6855 0.2398 -0.6875
vn -0.6539 0.2534 -0.7129
vn -0.5834 -0.0822 -0.8080
vn -0.5833 -0.0821 -0.8081
vn -0.5835 -0.0820 -0.8080
vn -0.5835 -0.0822 -0.8079
vn -0.4635 -0.3640 -0.8079
vn -0.4634 -0.3640 -0.8079
vn -0.4634 -0.3641 -0.8079
vn 0.9362 0.2326 -0.2636
vn 0.9362 0.2326 -0.2637
vn 0.8030 0.5090 -0.3099
vn 0.8159 0.5146 -0.2636
vn 0.8161 0.5144 -0.2635
vn 0.9536 -0.1256 -0.2735
vn 0.9536 -0.1256 -0.2736
vn 0.9470 0.2371 -0.2166
vn 0.5812 0.7798 -0.2326
vn 0.3452 -0.0194 -0.9383
vn 0.3451 -0.0194 -0.9383
vn 0.3026 -0.0376 -0.9524
vn 0.2250 0.2625 -0.9383
vn 0.2250 0.2626 -0.9383
vn 0.1824 0.2443 -0.9524
vn 0.4807 -0.3273 -0.8135
vn 0.4806 -0.3272 -0.8136
vn 0.4804 -0.3270 -0.8138
vn 0.4436 -0.3429 -0.8280
vn 0.4436 -0.3430 -0.8280
vn 0.4060 -0.3591 -0.8404
vn 0.3679 -0.3753 -0.8508
vn 0.3678 -0.3753 -0.8508
vn 0.3678 -0.3754 -0.8507
vn 0.2593 -0.0560 -0.9642
vn 0.1391 0.2259 -0.9642
vn -0.0162 0.5252 -0.8508
vn 0.0220 0.5415 -0.8404
vn 0.0220 0.5414 -0.8404
vn 0.0596 0.5576 -0.8280
vn 0.0967 0.5734 -0.8136
vn 0.0966 0.5733 -0.8136
vn 0.0967 0.5734 -0.8135
vn 0.2670 0.2804 -0.9220
vn 0.2669 0.2803 -0.9220
vn 0.2670 0.2805 -0.9220
vn 0.3872 -0.0015 -0.9220
vn -0.6283 -0.4344 -0.6454
vn -0.6282 -0.4344 -0.6454
vn -0.6565 -0.4465 -0.6080
vn -0.7484 -0.1525 -0.6454
vn -0.7767 -0.1646 -0.6080
vn -0.3890 -0.6980 -0.6012
vn -0.4155 -0.7093 -0.5695
vn -0.4154 -0.7093 -0.5695
vn -0.4403 -0.7199 -0.5365
vn -0.4406 -0.7197 -0.5366
vn -0.4404 -0.7199 -0.5365
vn -0.4638 -0.7299 -0.5021
vn -0.6831 -0.4578 -0.5691
vn -0.6831 -0.4577 -0.5691
vn -0.6830 -0.4578 -0.5691
vn -0.8033 -0.1759 -0.5690
vn -0.8033 -0.1760 -0.5690
vn -0.8478 0.1708 -0.5021
vn -0.8478 0.1707 -0.5020
vn -0.8479 0.1708 -0.5020
vn -0.8243 0.1807 -0.5365
vn -0.7994 0.1913 -0.5695
vn -0.7730 0.2026 -0.6012
vn -0.7184 -0.1398 -0.6814
vn -0.7185 -0.1398 -0.6814
vn -0.5983 -0.4217 -0.6814
vn -0.5983 -0.4216 -0.6814
vn 0.8509 0.1963 -0.4872
vn 0.8720 0.2051 -0.4444
vn 0.7519 0.4871 -0.4442
vn 0.7519 0.4871 -0.4444
vn 0.8697 -0.1613 -0.4665
vn 0.8697 -0.1613 -0.4664
vn 0.9253 -0.1376 -0.3533
vn 0.9253 -0.1376 -0.3534
vn 0.9253 -0.1375 -0.3534
vn 0.8911 0.2135 -0.4005
vn 0.5413 0.7630 -0.3534
vn 0.4855 0.7393 -0.4666
vn 0.7078 0.4683 -0.5288
vn 0.7079 0.4682 -0.5288
vn 0.7079 0.4683 -0.5288
vn 0.7079 0.4684 -0.5287
vn 0.8280 0.1866 -0.5287
vn 0.8281 0.1865 -0.5287
vn 0.1713 -0.0936 -0.9808
vn 0.1713 -0.0935 -0.9808
vn 0.1270 -0.1124 -0.9855
vn 0.1270 -0.1123 -0.9855
vn 0.1270 -0.1125 -0.9855
vn 0.0511 0.1884 -0.9808
vn 0.0509 0.1884 -0.9808
vn 0.0068 0.1695 -0.9855
vn 0.3290 -0.3919 -0.8592
vn 0.3291 -0.3918 -0.8592
vn 0.3290 -0.3918 -0.8592
vn 0.2901 -0.4082 -0.8656
vn 0.2900 -0.4082 -0.8656
vn 0.2510 -0.4251 -0.8696
vn 0.2117 -0.4419 -0.8717
vn 0.2116 -0.4419 -0.8717
vn 0.0824 -0.1314 -0.9879
vn 0.0827 -0.1317 -0.9878
vn -0.0377 0.1506 -0.9879
vn -0.0377 0.1505 -0.9879
vn -0.0380 0.1505 -0.9879
vn -0.1723 0.4587 -0.8717
vn -0.1330 0.4755 -0.8696
vn -0.1329 0.4755 -0.8696
vn -0.0938 0.4922 -0.8654
vn -0.0936 0.4922 -0.8654
vn -0.0937 0.4922 -0.8654
vn -0.0549 0.5087 -0.8592
vn 0.0953 0.2072 -0.9736
vn 0.2155 -0.0747 -0.9736
vn -0.7305 -0.4785 -0.4873
vn -0.7307 -0.4783 -0.4871
vn -0.7308 -0.4782 -0.4871
vn -0.7518 -0.4872 -0.4443
vn -0.7519 -0.4871 -0.4443
vn -0.8511 -0.1964 -0.4869
vn -0.8511 -0.1963 -0.4869
vn -0.8511 -0.1963 -0.4870
vn -0.8510 -0.1963 -0.4870
vn -0.8721 -0.2052 -0.4443
vn -0.8720 -0.2052 -0.4443
vn -0.4857 -0.7392 -0.4665
vn -0.4857 -0.7393 -0.4665
vn -0.4857 -0.7393 -0.4664
vn -0.5059 -0.7479 -0.4298
vn -0.5245 -0.7558 -0.3921
vn -0.5413 -0.7630 -0.3534
vn -0.7709 -0.4953 -0.4005
vn -0.8911 -0.2134 -0.4005
vn -0.9253 0.1376 -0.3534
vn -0.9085 0.1448 -0.3921
vn -0.8899 0.1527 -0.4298
vn -0.8697 0.1613 -0.4665
vn -0.8281 -0.1865 -0.5286
vn -0.7079 -0.4684 -0.5286
vn 0.7485 0.1525 -0.6454
vn 0.7484 0.1525 -0.6454
vn 0.7486 0.1525 -0.6452
vn 0.7484 0.1525 -0.6455
vn 0.7766 0.1647 -0.6080
vn 0.7764 0.1649 -0.6082
vn 0.6282 0.4344 -0.6455
vn 0.7731 -0.2025 -0.6011
vn 0.7733 -0.2026 -0.6008
vn 0.7995 -0.1912 -0.5694
vn 0.7995 -0.1912 -0.5695
vn 0.7994 -0.1912 -0.5695
vn 0.8243 -0.1807 -0.5366
vn 0.8242 -0.1806 -0.5367
vn 0.8478 -0.1708 -0.5021
vn 0.8033 0.1760 -0.5690
vn 0.8033 0.1760 -0.5689
vn 0.8034 0.1761 -0.5688
vn 0.4638 0.7299 -0.5021
vn 0.4404 0.7199 -0.5365
vn 0.4153 0.7093 -0.5696
vn 0.3890 0.6981 -0.6011
vn 0.3890 0.6980 -0.6012
vn 0.3890 0.6982 -0.6010
vn 0.5982 0.4217 -0.6814
vn 0.7185 0.1398 -0.6813
vn -0.8031 -0.5090 -0.3099
vn -0.8030 -0.5090 -0.3099
vn -0.8030 -0.5091 -0.3099
vn -0.8161 -0.5143 -0.2637
vn -0.8160 -0.5144 -0.2636
vn -0.8160 -0.5145 -0.2636
vn -0.9232 -0.2271 -0.3099
vn -0.9232 -0.2272 -0.3099
vn -0.9233 -0.2271 -0.3099
vn -0.9362 -0.2326 -0.2636
vn -0.5564 -0.7694 -0.3138
vn -0.5697 -0.7750 -0.2736
vn -0.5697 -0.7750 -0.2735
vn -0.5697 -0.7750 -0.2737
vn -0.5811 -0.7799 -0.2326
vn -0.5906 -0.7840 -0.1910
vn -0.5906 -0.7840 -0.1911
vn -0.8268 -0.5191 -0.2166
vn -0.8268 -0.5191 -0.2165
vn -0.9470 -0.2372 -0.2166
vn -0.9746 0.1166 -0.1911
vn -0.9746 0.1167 -0.1911
vn -0.9651 0.1207 -0.2326
vn -0.9536 0.1256 -0.2735
vn -0.9404 0.1312 -0.3138
vn -0.9082 -0.2207 -0.3556
vn -0.7880 -0.5026 -0.3556
vn 0.6538 0.1122 -0.7483
vn 0.6855 -0.2400 -0.6874
vn 0.6854 -0.2399 -0.6875
vn 0.7160 -0.2269 -0.6602
vn 0.7161 -0.2269 -0.6601
vn 0.7450 -0.2145 -0.6317
vn 0.7450 -0.2145 -0.6316
vn 0.5668 0.4083 -0.7156
vn 0.5667 0.4081 -0.7157
vn 0.3016 0.6607 -0.6874
vn 0.2699 0.6473 -0.7129
vn 0.5835 0.0823 -0.8079
vn 0.5835 0.0823 -0.8080
vn -0.8421 -0.5256 -0.1209
vn -0.8418 -0.5260 -0.1209
vn -0.8465 -0.5275 -0.0727
vn -0.8464 -0.5275 -0.0727
vn -0.9623 -0.2435 -0.1209
vn -0.9623 -0.2437 -0.1209
vn -0.9667 -0.2456 -0.0726
vn -0.9666 -0.2456 -0.0727
vn -0.5983 -0.7873 -0.1490
vn -0.5983 -0.7872 -0.1495
vn -0.5983 -0.7873 -0.1489
vn -0.6040 -0.7897 -0.1071
vn -0.6041 -0.7897 -0.1067
vn -0.6044 -0.7895 -0.1067
vn -0.6042 -0.7897 -0.1067
vn -0.6079 -0.7914 -0.0642
vn -0.6083 -0.7911 -0.0641
vn -0.6099 -0.7922 -0.0214
vn -0.6098 -0.7922 -0.0214
vn -0.8486 -0.5284 -0.0243
vn -0.9689 -0.2464 -0.0243
vn -0.9688 -0.2465 -0.0243
vn -0.9939 0.1083 -0.0214
vn -0.9939 0.1086 -0.0214
vn -0.9920 0.1092 -0.0641
vn -0.9920 0.1091 -0.0641
vn -0.9919 0.1092 -0.0642
vn -0.9881 0.1109 -0.1067
vn -0.9823 0.1134 -0.1490
vn -0.9823 0.1136 -0.1490
vn -0.9823 0.1133 -0.1490
vn -0.9557 -0.2409 -0.1689
vn -0.9557 -0.2410 -0.1689
vn -0.8355 -0.5228 -0.1689
vn 0.4687 0.0331 -0.8828
vn 0.4686 0.0329 -0.8828
vn 0.4687 0.0331 -0.8827
vn 0.5079 0.0500 -0.8600
vn 0.3484 0.3152 -0.8827
vn 0.3485 0.3152 -0.8827
vn 0.5177 -0.3120 -0.7967
vn 0.5171 -0.3117 -0.7971
vn 0.5173 -0.3118 -0.7970
vn 0.5175 -0.3117 -0.7969
vn 0.5527 -0.2965 -0.7788
vn 0.5526 -0.2965 -0.7789
vn 0.5873 -0.2817 -0.7588
vn 0.5872 -0.2817 -0.7588
vn 0.2033 0.6188 -0.7588
vn -0.8464 -0.5275 0.0727
vn -0.8464 -0.5276 0.0727
vn -0.8467 -0.5271 0.0728
vn -0.8421 -0.5256 0.1209
vn -0.9667 -0.2456 0.0727
vn -0.9666 -0.2456 0.0727
vn -0.9623 -0.2437 0.1209
vn -0.9623 -0.2436 0.1209
vn -0.6099 -0.7922 0.0214
vn -0.6080 -0.7914 0.0642
vn -0.6079 -0.7914 0.0642
vn -0.6080 -0.7913 0.0642
vn -0.6043 -0.7896 0.1068
vn -0.6042 -0.7897 0.1067
vn -0.6041 -0.7897 0.1068
vn -0.6041 -0.7897 0.1071
vn -0.5984 -0.7872 0.1491
vn -0.5983 -0.7873 0.1492
vn -0.5983 -0.7873 0.1490
vn -0.8355 -0.5228 0.1689
vn -0.8355 -0.5228 0.1690
vn -0.8356 -0.5228 0.1689
vn -0.9557 -0.2410 0.1689
vn -0.9557 -0.2409 0.1689
vn -0.9823 0.1133 0.1490
vn -0.9881 0.1109 0.1067
vn -0.9919 0.1092 0.0642
vn -0.9920 0.1091 0.0641
vn -0.9939 0.1082 0.0214
vn -0.9939 0.1083 0.0214
vn -0.9689 -0.2464 0.0243
vn -0.9689 -0.2463 0.0243
vn -0.9688 -0.2465 0.0243
vn -0.8486 -0.5284 0.0243
vn 0.3022 -0.0374 -0.9525
vn 0.1825 0.2443 -0.9524
vn 0.2252 0.2625 -0.9383
vn 0.3678 -0.3752 -0.8508
vn 0.3678 -0.3752 -0.8509
vn 0.3679 -0.3754 -0.8507
vn 0.4060 -0.3590 -0.8404
vn 0.4807 -0.3272 -0.8136
vn 0.3873 -0.0015 -0.9220
vn 0.3874 -0.0015 -0.9219
vn 0.0972 0.5735 -0.8134
vn 0.0968 0.5734 -0.8135
vn 0.0965 0.5734 -0.8136
vn 0.0221 0.5415 -0.8404
vn -0.0161 0.5253 -0.8508
vn -0.0162 0.5253 -0.8508
vn 0.1391 0.2258 -0.9642
vn 0.2593 -0.0561 -0.9642
vn -0.8160 -0.5145 0.2636
vn -0.8160 -0.5145 0.2637
vn -0.8030 -0.5091 0.3099
vn -0.8030 -0.5090 0.3099
vn -0.9362 -0.2326 0.2636
vn -0.9232 -0.2271 0.3099
vn -0.9233 -0.2271 0.3099
vn -0.5906 -0.7840 0.1911
vn -0.5810 -0.7799 0.2326
vn -0.5811 -0.7799 0.2326
vn -0.5697 -0.7750 0.2736
vn -0.5564 -0.7694 0.3138
vn -0.7880 -0.5026 0.3556
vn -0.9082 -0.2207 0.3556
vn -0.9404 0.1312 0.3137
vn -0.9404 0.1312 0.3136
vn -0.9405 0.1310 0.3136
vn -0.9404 0.1312 0.3138
vn -0.9537 0.1256 0.2734
vn -0.9537 0.1256 0.2735
vn -0.9536 0.1256 0.2735
vn -0.9651 0.1207 0.2326
vn -0.9746 0.1166 0.1911
vn -0.9746 0.1166 0.1912
vn -0.9470 -0.2372 0.2166
vn -0.8268 -0.5191 0.2166
vn 0.1269 -0.1123 -0.9855
vn 0.1268 -0.1124 -0.9855
vn 0.2114 -0.4419 -0.8718
vn 0.2116 -0.4418 -0.8718
vn 0.2117 -0.4420 -0.8717
vn 0.2510 -0.4252 -0.8696
vn 0.2902 -0.4084 -0.8654
vn 0.3292 -0.3914 -0.8593
vn 0.2155 -0.0748 -0.9736
vn 0.2156 -0.0747 -0.9736
vn -0.0550 0.5088 -0.8591
vn -0.0549 0.5088 -0.8591
vn -0.0549 0.5088 -0.8592
vn -0.0938 0.4921 -0.8655
vn -0.1331 0.4755 -0.8696
vn -0.1724 0.4587 -0.8717
vn -0.0377 0.1504 -0.9879
vn -0.0376 0.1504 -0.9879
vn -0.7519 -0.4872 0.4442
vn -0.7518 -0.4871 0.4443
vn -0.7518 -0.4872 0.4443
vn -0.7308 -0.4782 0.4871
vn -0.7308 -0.4783 0.4871
vn -0.8721 -0.2052 0.4443
vn -0.8720 -0.2053 0.4443
vn -0.8720 -0.2052 0.4444
vn -0.8721 -0.2051 0.4443
vn -0.8510 -0.1962 0.4871
vn -0.8510 -0.1963 0.4871
vn -0.5413 -0.7630 0.3534
vn -0.5245 -0.7558 0.3921
vn -0.5245 -0.7557 0.3921
vn -0.5244 -0.7558 0.3921
vn -0.5059 -0.7479 0.4298
vn -0.4857 -0.7392 0.4665
vn -0.4857 -0.7393 0.4665
vn -0.7079 -0.4684 0.5286
vn -0.7080 -0.4684 0.5285
vn -0.8281 -0.1866 0.5286
vn -0.8281 -0.1865 0.5286
vn -0.8697 0.1614 0.4665
vn -0.8697 0.1613 0.4665
vn -0.8899 0.1528 0.4299
vn -0.8899 0.1527 0.4298
vn -0.8900 0.1521 0.4299
vn -0.8899 0.1525 0.4298
vn -0.9085 0.1448 0.3921
vn -0.9253 0.1376 0.3534
vn -0.8911 -0.2134 0.4005
vn -0.8911 -0.2134 0.4006
vn -0.7709 -0.4953 0.4005
vn -0.0511 -0.1884 -0.9808
vn -0.1712 0.0935 -0.9808
vn -0.1269 0.1124 -0.9855
vn 0.0550 -0.5087 -0.8592
vn 0.0549 -0.5087 -0.8592
vn 0.0938 -0.4922 -0.8654
vn 0.1330 -0.4754 -0.8697
vn 0.1330 -0.4756 -0.8696
vn 0.1723 -0.4588 -0.8717
vn 0.0376 -0.1504 -0.9879
vn -0.2118 0.4419 -0.8717
vn -0.2117 0.4418 -0.8717
vn -0.2510 0.4250 -0.8697
vn -0.2510 0.4251 -0.8697
vn -0.2509 0.4250 -0.8697
vn -0.2902 0.4085 -0.8654
vn -0.3292 0.3917 -0.8592
vn -0.3292 0.3918 -0.8592
vn -0.6565 -0.4465 0.6080
vn -0.6282 -0.4345 0.6454
vn -0.7767 -0.1646 0.6080
vn -0.7767 -0.1647 0.6079
vn -0.7485 -0.1525 0.6454
vn -0.7484 -0.1525 0.6454
vn -0.4638 -0.7299 0.5021
vn -0.4404 -0.7199 0.5364
vn -0.4404 -0.7198 0.5365
vn -0.4404 -0.7199 0.5365
vn -0.4154 -0.7093 0.5695
vn -0.3890 -0.6980 0.6012
vn -0.3891 -0.6980 0.6012
vn -0.5984 -0.4215 0.6814
vn -0.5983 -0.4217 0.6814
vn -0.5983 -0.4217 0.6813
vn -0.7185 -0.1398 0.6814
vn -0.7185 -0.1398 0.6813
vn -0.7730 0.2026 0.6012
vn -0.7995 0.1912 0.5694
vn -0.7997 0.1911 0.5692
vn -0.7995 0.1913 0.5695
vn -0.7994 0.1913 0.5695
vn -0.8245 0.1807 0.5363
vn -0.8243 0.1807 0.5365
vn -0.8243 0.1808 0.5365
vn -0.8243 0.1809 0.5365
vn -0.8477 0.1707 0.5022
vn -0.8475 0.1705 0.5026
vn -0.8477 0.1709 0.5021
vn -0.8478 0.1707 0.5021
vn -0.8033 -0.1759 0.5690
vn -0.8033 -0.1758 0.5690
vn -0.6830 -0.4577 0.5692
vn -0.6831 -0.4578 0.5690
vn -0.2251 -0.2625 -0.9383
vn -0.2252 -0.2625 -0.9383
vn -0.1823 -0.2443 -0.9524
vn -0.3021 0.0374 -0.9525
vn -0.0966 -0.5734 -0.8136
vn -0.0967 -0.5734 -0.8136
vn -0.0968 -0.5734 -0.8136
vn -0.0596 -0.5576 -0.8280
vn -0.0221 -0.5415 -0.8404
vn -0.1391 -0.2260 -0.9641
vn -0.1390 -0.2265 -0.9640
vn -0.2593 0.0561 -0.9642
vn -0.2594 0.0562 -0.9641
vn -0.3678 0.3753 -0.8508
vn -0.2671 -0.2804 -0.9220
vn -0.2671 -0.2805 -0.9220
vn -0.2671 -0.2805 -0.9219
vn -0.5336 -0.3941 0.7483
vn -0.5336 -0.3940 0.7484
vn -0.4992 -0.3794 0.7790
vn -0.6538 -0.1122 0.7483
vn -0.6538 -0.1123 0.7483
vn -0.6537 -0.1120 0.7484
vn -0.6194 -0.0975 0.7790
vn -0.3611 -0.6861 0.6316
vn -0.3320 -0.6736 0.6603
vn -0.3319 -0.6737 0.6603
vn -0.3320 -0.6738 0.6602
vn -0.3015 -0.6607 0.6874
vn -0.3016 -0.6607 0.6874
vn -0.2699 -0.6472 0.7129
vn -0.4634 -0.3641 0.8079
vn -0.5835 -0.0822 0.8079
vn -0.6539 0.2534 0.7129
vn -0.6855 0.2399 0.6874
vn -0.6856 0.2399 0.6874
vn -0.7159 0.2269 0.6603
vn -0.7159 0.2270 0.6603
vn -0.7452 0.2145 0.6314
vn -0.7451 0.2145 0.6316
vn -0.7453 0.2144 0.6313
vn -0.6869 -0.1263 0.7157
vn -0.5666 -0.4082 0.7158
vn -0.5667 -0.4082 0.7157
vn -0.3882 -0.3320 -0.8597
vn -0.5080 -0.0501 -0.8599
vn -0.4685 -0.0332 -0.8828
vn -0.4684 -0.0331 -0.8829
vn -0.2371 -0.6332 -0.7367
vn -0.1687 -0.6041 -0.7788
vn -0.1687 -0.6040 -0.7789
vn -0.5171 0.3116 -0.7972
vn -0.5528 0.2965 -0.7788
vn -0.6211 0.2673 -0.7367
vn -0.6212 0.2673 -0.7367
vn -0.3879 -0.3320 0.8598
vn -0.3486 -0.3152 0.8827
vn -0.3486 -0.3151 0.8827
vn -0.5081 -0.0501 0.8598
vn -0.5081 -0.0502 0.8598
vn -0.4687 -0.0334 0.8827
vn -0.4688 -0.0333 0.8827
vn -0.2371 -0.6332 0.7368
vn -0.2033 -0.6189 0.7587
vn -0.1687 -0.6041 0.7789
vn -0.1687 -0.6041 0.7788
vn -0.1331 -0.5889 0.7972
vn -0.1329 -0.5889 0.7972
vn -0.3083 -0.2980 0.9034
vn -0.4285 -0.0161 0.9034
vn -0.5171 0.3117 0.7971
vn -0.5171 0.3117 0.7972
vn -0.5527 0.2965 0.7789
vn -0.5527 0.2965 0.7788
vn -0.5873 0.2817 0.7587
vn -0.5873 0.2817 0.7588
vn -0.6211 0.2673 0.7367
vn -0.5464 -0.0664 0.8349
vn -0.4262 -0.3483 0.8349
vn -0.5336 -0.3942 -0.7483
vn -0.4993 -0.3794 -0.7790
vn -0.6194 -0.0975 -0.7790
vn -0.3611 -0.6860 -0.6316
vn -0.3612 -0.6859 -0.6317
vn -0.3015 -0.6608 -0.6873
vn -0.3022 -0.6605 -0.6874
vn -0.5836 -0.0822 -0.8079
vn -0.6855 0.2399 -0.6875
vn -0.6855 0.2400 -0.6874
vn -0.7159 0.2269 -0.6603
vn -0.7450 0.2145 -0.6316
vn -0.7451 0.2145 -0.6316
vn -0.5666 -0.4083 -0.7157
vn -0.2250 -0.2624 0.9384
vn -0.2250 -0.2624 0.9383
vn -0.2250 -0.2625 0.9383
vn -0.1824 -0.2443 0.9524
vn -0.1824 -0.2442 0.9524
vn -0.3451 0.0194 0.9384
vn -0.3452 0.0192 0.9383
vn -0.3451 0.0193 0.9384
vn -0.3450 0.0195 0.9384
vn -0.3026 0.0376 0.9524
vn -0.0966 -0.5734 0.8136
vn -0.0596 -0.5576 0.8280
vn -0.0220 -0.5416 0.8403
vn -0.0220 -0.5415 0.8404
vn 0.0162 -0.5252 0.8508
vn -0.1391 -0.2259 0.9642
vn -0.1390 -0.2257 0.9642
vn -0.1391 -0.2258 0.9642
vn -0.2593 0.0560 0.9642
vn -0.2593 0.0559 0.9642
vn -0.2593 0.0561 0.9642
vn -0.3678 0.3752 0.8509
vn -0.3678 0.3753 0.8508
vn -0.3678 0.3752 0.8508
vn -0.3678 0.3751 0.8509
vn -0.4060 0.3591 0.8404
vn -0.4436 0.3430 0.8280
vn -0.4806 0.3272 0.8136
vn -0.3872 0.0015 0.9220
vn -0.3873 0.0015 0.9220
vn -0.3872 0.0013 0.9220
vn -0.2670 -0.2804 0.9220
vn -0.6284 -0.4344 -0.6453
vn -0.7767 -0.1645 -0.6080
vn -0.7485 -0.1526 -0.6454
vn -0.7484 -0.1526 -0.6454
vn -0.4637 -0.7299 -0.5021
vn -0.4154 -0.7093 -0.5694
vn -0.5982 -0.4217 -0.6814
vn -0.7185 -0.1398 -0.6813
vn -0.7729 0.2027 -0.6013
vn -0.7729 0.2026 -0.6013
vn -0.7729 0.2026 -0.6012
vn -0.7995 0.1912 -0.5694
vn -0.7994 0.1912 -0.5695
vn -0.8478 0.1707 -0.5021
vn -0.8477 0.1708 -0.5022
vn -0.6831 -0.4578 -0.5690
vn -0.0067 -0.1695 0.9855
vn 0.0549 -0.5088 0.8591
vn 0.0938 -0.4922 0.8654
vn 0.1330 -0.4756 0.8695
vn 0.1722 -0.4588 0.8717
vn 0.1721 -0.4585 0.8719
vn 0.0376 -0.1505 0.9879
vn -0.2118 0.4419 0.8717
vn -0.2511 0.4251 0.8696
vn -0.2901 0.4083 0.8655
vn -0.2901 0.4082 0.8656
vn -0.2153 0.0747 0.9737
vn -0.2155 0.0748 0.9736
vn -0.2156 0.0746 0.9736
vn -0.0952 -0.2072 0.9737
vn -0.7518 -0.4871 -0.4445
vn -0.7519 -0.4870 -0.4444
vn -0.7518 -0.4871 -0.4443
vn -0.7308 -0.4782 -0.4870
vn -0.8720 -0.2053 -0.4443
vn -0.8720 -0.2054 -0.4444
vn -0.8720 -0.2054 -0.4443
vn -0.8721 -0.2053 -0.4442
vn -0.8510 -0.1963 -0.4871
vn -0.8510 -0.1962 -0.4871
vn -0.5413 -0.7629 -0.3534
vn -0.5414 -0.7629 -0.3534
vn -0.5059 -0.7479 -0.4297
vn -0.7079 -0.4683 -0.5287
vn -0.9253 0.1375 -0.3534
vn -0.9253 0.1376 -0.3533
vn -0.8911 -0.2136 -0.4005
vn -0.7709 -0.4953 -0.4004
vn 0.1270 -0.1124 0.9855
vn 0.1269 -0.1123 0.9855
vn 0.1713 -0.0936 0.9808
vn 0.1713 -0.0935 0.9808
vn 0.0068 0.1695 0.9855
vn 0.0512 0.1884 0.9808
vn 0.2118 -0.4418 0.8718
vn 0.2119 -0.4418 0.8717
vn 0.2119 -0.4420 0.8716
vn 0.2510 -0.4251 0.8696
vn 0.2511 -0.4251 0.8696
vn 0.2510 -0.4251 0.8697
vn 0.2901 -0.4083 0.8655
vn 0.2902 -0.4084 0.8654
vn 0.2902 -0.4083 0.8655
vn 0.2901 -0.4082 0.8656
vn 0.3291 -0.3917 0.8592
vn 0.3291 -0.3918 0.8592
vn 0.2157 -0.0747 0.9736
vn 0.2156 -0.0748 0.9736
vn 0.2155 -0.0747 0.9736
vn 0.0951 0.2072 0.9737
vn 0.0950 0.2072 0.9737
vn 0.0953 0.2073 0.9736
vn -0.0549 0.5086 0.8593
vn -0.0549 0.5086 0.8592
vn -0.0549 0.5087 0.8592
vn -0.0938 0.4921 0.8655
vn -0.1330 0.4755 0.8696
vn -0.1723 0.4587 0.8717
vn -0.1722 0.4587 0.8717
vn -0.0377 0.1505 0.9879
vn -0.0376 0.1505 0.9879
vn 0.0824 -0.1314 0.9879
vn -0.8030 -0.5090 -0.3100
vn -0.8030 -0.5090 -0.3101
vn -0.9362 -0.2327 -0.2636
vn -0.9362 -0.2327 -0.2635
vn -0.9361 -0.2329 -0.2636
vn -0.7882 -0.5024 -0.3554
vn -0.7879 -0.5026 -0.3557
vn -0.9404 0.1313 -0.3138
vn -0.9536 0.1255 -0.2735
vn -0.9650 0.1207 -0.2326
vn 0.3026 -0.0375 0.9524
vn 0.3451 -0.0196 0.9384
vn 0.3449 -0.0197 0.9384
vn 0.3451 -0.0195 0.9384
vn 0.3452 -0.0192 0.9383
vn 0.1824 0.2443 0.9524
vn 0.2249 0.2623 0.9384
vn 0.2250 0.2625 0.9383
vn 0.2250 0.2624 0.9384
vn 0.2245 0.2622 0.9385
vn 0.3678 -0.3753 0.8508
vn 0.4061 -0.3590 0.8404
vn 0.4060 -0.3591 0.8404
vn 0.4060 -0.3591 0.8403
vn 0.4435 -0.3430 0.8280
vn 0.4436 -0.3430 0.8280
vn 0.4436 -0.3431 0.8280
vn 0.4806 -0.3272 0.8136
vn 0.3872 -0.0015 0.9220
vn 0.2671 0.2804 0.9220
vn 0.2670 0.2804 0.9220
vn 0.0967 0.5734 0.8136
vn 0.0596 0.5576 0.8280
vn 0.0220 0.5416 0.8404
vn 0.0220 0.5415 0.8404
vn -0.0162 0.5252 0.8508
vn 0.1392 0.2259 0.9642
vn 0.1391 0.2259 0.9642
vn 0.1393 0.2259 0.9641
vn 0.2593 -0.0560 0.9642
vn 0.2593 -0.0559 0.9642
vn -0.8464 -0.5276 -0.0727
vn -0.8422 -0.5255 -0.1208
vn -0.9623 -0.2436 -0.1209
vn -0.6099 -0.7922 -0.0215
vn -0.6080 -0.7914 -0.0642
vn -0.6080 -0.7913 -0.0642
vn -0.6044 -0.7896 -0.1064
vn -0.5986 -0.7871 -0.1486
vn -0.5983 -0.7872 -0.1491
vn -0.5983 -0.7873 -0.1491
vn -0.8356 -0.5227 -0.1687
vn -0.8355 -0.5229 -0.1687
vn -0.8355 -0.5229 -0.1689
vn -0.9823 0.1133 -0.1491
vn -0.9823 0.1132 -0.1490
vn -0.9881 0.1108 -0.1067
vn -0.9881 0.1110 -0.1067
vn -0.9939 0.1084 -0.0215
vn -0.9939 0.1084 -0.0214
vn -0.8487 -0.5284 -0.0243
vn -0.8486 -0.5284 -0.0242
vn 0.4688 0.0333 0.8827
vn 0.5081 0.0501 0.8598
vn 0.3486 0.3152 0.8827
vn 0.3879 0.3321 0.8598
vn 0.3879 0.3320 0.8598
vn 0.5171 -0.3117 0.7972
vn 0.5171 -0.3117 0.7971
vn 0.5527 -0.2964 0.7789
vn 0.5527 -0.2965 0.7789
vn 0.5873 -0.2817 0.7588
vn 0.5873 -0.2817 0.7587
vn 0.6211 -0.2673 0.7367
vn 0.5464 0.0665 0.8349
vn 0.5464 0.0664 0.8349
vn 0.4262 0.3483 0.8349
vn 0.2371 0.6333 0.7367
vn 0.2033 0.6189 0.7587
vn 0.1687 0.6041 0.7789
vn 0.1688 0.6040 0.7789
vn 0.1331 0.5889 0.7972
vn 0.3083 0.2980 0.9034
vn 0.4285 0.0161 0.9034
vn -0.8420 -0.5257 0.1209
vn -0.8465 -0.5274 0.0727
vn -0.5985 -0.7872 0.1489
vn -0.5984 -0.7872 0.1490
vn -0.5984 -0.7873 0.1489
vn -0.5983 -0.7873 0.1489
vn -0.6042 -0.7897 0.1066
vn -0.6041 -0.7897 0.1065
vn -0.6081 -0.7913 0.0642
vn -0.6098 -0.7922 0.0214
vn -0.8487 -0.5284 0.0243
vn -0.8486 -0.5284 0.0242
vn -0.9939 0.1084 0.0214
vn -0.9939 0.1084 0.0215
vn -0.9881 0.1109 0.1068
vn -0.9823 0.1133 0.1491
vn -0.9823 0.1134 0.1492
vn -0.8357 -0.5226 0.1689
vn -0.8355 -0.5228 0.1691
vn -0.8359 -0.5223 0.1691
vn 0.6194 0.0975 0.7790
vn 0.6194 0.0974 0.7790
vn 0.6537 0.1123 0.7484
vn 0.6535 0.1123 0.7485
vn 0.6538 0.1122 0.7483
vn 0.4992 0.3794 0.7790
vn 0.5336 0.3940 0.7484
vn 0.5336 0.3941 0.7483
vn 0.5336 0.3940 0.7483
vn 0.6539 -0.2534 0.7129
vn 0.6855 -0.2399 0.6874
vn 0.6855 -0.2400 0.6874
vn 0.7160 -0.2271 0.6602
vn 0.7159 -0.2269 0.6603
vn 0.7159 -0.2268 0.6604
vn 0.7450 -0.2144 0.6317
vn 0.7451 -0.2145 0.6316
vn 0.7449 -0.2141 0.6319
vn 0.7450 -0.2146 0.6316
vn 0.6867 0.1264 0.7159
vn 0.6869 0.1263 0.7157
vn 0.6870 0.1263 0.7156
vn 0.5668 0.4081 0.7157
vn 0.5669 0.4081 0.7156
vn 0.5667 0.4082 0.7157
vn 0.3611 0.6861 0.6316
vn 0.3319 0.6737 0.6603
vn 0.3014 0.6608 0.6874
vn 0.3015 0.6608 0.6874
vn 0.2699 0.6472 0.7129
vn 0.4634 0.3641 0.8079
vn 0.5835 0.0822 0.8079
vn 0.5835 0.0823 0.8079
vn -0.8030 -0.5090 0.3100
vn -0.9362 -0.2325 0.2635
vn -0.9362 -0.2326 0.2635
vn -0.5697 -0.7750 0.2735
vn -0.9470 -0.2371 0.2166
vn -0.9471 -0.2370 0.2165
vn -0.9536 0.1255 0.2735
vn -0.7880 -0.5027 0.3556
vn -0.7880 -0.5026 0.3555
vn 0.7484 0.1526 0.6454
vn 0.7485 0.1526 0.6453
vn 0.7485 0.1526 0.6454
vn 0.7767 0.1646 0.6080
vn 0.7767 0.1645 0.6080
vn 0.6282 0.4345 0.6454
vn 0.6282 0.4344 0.6454
vn 0.6565 0.4465 0.6080
vn 0.6564 0.4467 0.6079
vn 0.7730 -0.2026 0.6012
vn 0.7995 -0.1913 0.5695
vn 0.7995 -0.1914 0.5694
vn 0.7995 -0.1913 0.5694
vn 0.7994 -0.1913 0.5695
vn 0.8243 -0.1807 0.5365
vn 0.8242 -0.1806 0.5367
vn 0.8243 -0.1808 0.5366
vn 0.8478 -0.1708 0.5021
vn 0.8478 -0.1707 0.5021
vn 0.8478 -0.1708 0.5020
vn 0.8479 -0.1709 0.5018
vn 0.8033 0.1759 0.5690
vn 0.6831 0.4578 0.5690
vn 0.4637 0.7300 0.5022
vn 0.4638 0.7299 0.5021
vn 0.4640 0.7295 0.5025
vn 0.4403 0.7199 0.5365
vn 0.4157 0.7092 0.5694
vn 0.4152 0.7095 0.5694
vn 0.4156 0.7093 0.5693
vn 0.4154 0.7093 0.5696
vn 0.3890 0.6980 0.6012
vn 0.3890 0.6982 0.6010
vn 0.3890 0.6981 0.6011
vn 0.5983 0.4216 0.6814
vn 0.5983 0.4217 0.6814
vn 0.5982 0.4216 0.6814
vn 0.7185 0.1398 0.6813
vn 0.7184 0.1398 0.6814
vn -0.7519 -0.4871 0.4442
vn -0.7519 -0.4871 0.4444
vn -0.7519 -0.4871 0.4443
vn -0.8510 -0.1963 0.4870
vn -0.8511 -0.1963 0.4870
vn -0.8720 -0.2053 0.4444
vn -0.8720 -0.2054 0.4443
vn -0.4856 -0.7392 0.4666
vn -0.5059 -0.7479 0.4297
vn -0.5060 -0.7478 0.4298
vn -0.5413 -0.7630 0.3533
vn -0.5413 -0.7630 0.3532
vn -0.8911 -0.2133 0.4006
vn -0.8911 -0.2134 0.4004
vn -0.9253 0.1375 0.3534
vn -0.9253 0.1376 0.3535
vn -0.9085 0.1447 0.3921
vn -0.8281 -0.1865 0.5287
vn -0.7079 -0.4685 0.5286
vn 0.1714 -0.0935 0.9808
vn 0.1269 -0.1124 0.9855
vn 0.0511 0.1883 0.9808
vn 0.0511 0.1884 0.9808
vn 0.0068 0.1696 0.9855
vn 0.3291 -0.3916 0.8593
vn 0.2902 -0.4084 0.8655
vn 0.2902 -0.4086 0.8654
vn 0.2117 -0.4418 0.8718
vn 0.2116 -0.4418 0.8718
vn 0.2117 -0.4419 0.8717
vn -0.1723 0.4588 0.8717
vn -0.1329 0.4755 0.8696
vn -0.1328 0.4755 0.8696
vn -0.1327 0.4755 0.8696
vn -0.0939 0.4921 0.8654
vn -0.0550 0.5087 0.8592
vn 0.0953 0.2072 0.9736
vn 0.2155 -0.0747 0.9737
vn 0.8510 0.1963 0.4870
vn 0.8720 0.2052 0.4443
vn 0.8721 0.2051 0.4443
vn 0.8721 0.2052 0.4443
vn 0.7309 0.4782 0.4870
vn 0.7308 0.4782 0.4870
vn 0.7519 0.4870 0.4444
vn 0.7519 0.4871 0.4443
vn 0.7519 0.4870 0.4443
vn 0.8697 -0.1614 0.4665
vn 0.8897 -0.1529 0.4302
vn 0.8899 -0.1526 0.4298
vn 0.9084 -0.1448 0.3921
vn 0.8911 0.2133 0.4005
vn 0.8912 0.2129 0.4005
vn 0.5413 0.7629 0.3534
vn 0.5057 0.7480 0.4298
vn 0.5059 0.7478 0.4299
vn 0.4856 0.7392 0.4665
vn 0.4857 0.7392 0.4665
vn -0.6282 -0.4343 0.6455
vn -0.6282 -0.4344 0.6455
vn -0.6284 -0.4346 0.6451
vn -0.7484 -0.1526 0.6454
vn -0.4403 -0.7199 0.5365
vn -0.4405 -0.7199 0.5363
vn -0.4638 -0.7299 0.5022
vn -0.4637 -0.7299 0.5022
vn -0.6831 -0.4578 0.5691
vn -0.6831 -0.4577 0.5691
vn -0.8031 -0.1764 0.5691
vn -0.8037 -0.1757 0.5685
vn -0.7184 -0.1398 0.6814
vn -0.7184 -0.1398 0.6815
vn -0.5982 -0.4217 0.6814
vn 0.3452 -0.0194 0.9383
vn 0.3453 -0.0194 0.9383
vn 0.3026 -0.0376 0.9524
vn 0.2250 0.2626 0.9383
vn 0.2249 0.2625 0.9384
vn 0.1824 0.2446 0.9523
vn 0.4806 -0.3273 0.8136
vn 0.4436 -0.3429 0.8280
vn 0.4059 -0.3591 0.8404
vn 0.3681 -0.3753 0.8507
vn 0.3679 -0.3754 0.8507
vn 0.3678 -0.3756 0.8507
vn -0.0161 0.5253 0.8508
vn -0.0161 0.5252 0.8508
vn -0.0160 0.5252 0.8508
vn -0.0162 0.5253 0.8508
vn 0.0596 0.5575 0.8280
vn 0.0594 0.5572 0.8282
vn 0.0966 0.5733 0.8136
vn 0.0966 0.5734 0.8136
vn 0.2671 0.2805 0.9220
vn 0.3875 -0.0015 0.9219
vn 0.3876 -0.0015 0.9218
vn 0.3879 -0.0016 0.9217
vn 0.9232 0.2271 0.3100
vn 0.9362 0.2326 0.2635
vn 0.8030 0.5090 0.3099
vn 0.8031 0.5089 0.3100
vn 0.8031 0.5090 0.3099
vn 0.8160 0.5145 0.2634
vn 0.8160 0.5145 0.2635
vn 0.9404 -0.1311 0.3138
vn 0.9536 -0.1255 0.2737
vn 0.9536 -0.1255 0.2735
vn 0.9651 -0.1207 0.2325
vn 0.5811 0.7799 0.2327
vn 0.7880 0.5027 0.3556
vn 0.7880 0.5025 0.3556
vn -0.2700 -0.6472 0.7129
vn -0.3016 -0.6606 0.6874
vn -0.3015 -0.6608 0.6874
vn -0.5666 -0.4081 0.7158
vn -0.7450 0.2146 0.6316
vn -0.7450 0.2145 0.6316
vn -0.7160 0.2272 0.6600
vn -0.6855 0.2398 0.6875
vn -0.6855 0.2400 0.6874
vn -0.5836 -0.0822 0.8079
vn -0.4634 -0.3642 0.8079
vn -0.4633 -0.3642 0.8079
vn 0.5874 -0.2817 0.7587
vn 0.5873 -0.2818 0.7587
vn 0.5527 -0.2965 0.7788
vn 0.5526 -0.2965 0.7789
vn 0.5172 -0.3118 0.7971
vn 0.5170 -0.3116 0.7973
vn 0.4285 0.0162 0.9034
vn 0.4284 0.0164 0.9034
vn 0.3083 0.2981 0.9034
vn 0.1332 0.5889 0.7972
vn 0.1333 0.5888 0.7972
vn 0.1330 0.5889 0.7972
vn 0.1687 0.6041 0.7788
vn 0.2035 0.6189 0.7587
vn 0.2034 0.6189 0.7587
vn 0.2371 0.6334 0.7366
vn 0.2370 0.6334 0.7366
vn 0.4262 0.3486 0.8348
vn 0.4262 0.3484 0.8349
vn 0.5463 0.0666 0.8349
vn 0.5468 0.0664 0.8347
vn 0.9622 0.2439 0.1211
vn 0.9666 0.2456 0.0727
vn 0.9666 0.2456 0.0726
vn 0.8421 0.5256 0.1208
vn 0.8421 0.5255 0.1209
vn 0.9823 -0.1133 0.1492
vn 0.9823 -0.1132 0.1490
vn 0.9881 -0.1109 0.1066
vn 0.9920 -0.1091 0.0642
vn 0.9919 -0.1092 0.0641
vn 0.9920 -0.1091 0.0643
vn 0.9939 -0.1082 0.0213
vn 0.9939 -0.1083 0.0213
vn 0.9939 -0.1085 0.0215
vn 0.8486 0.5284 0.0244
vn 0.6099 0.7922 0.0215
vn 0.6080 0.7913 0.0642
vn 0.6041 0.7898 0.1066
vn 0.6041 0.7897 0.1066
vn 0.5983 0.7873 0.1492
vn 0.5983 0.7873 0.1489
vn 0.8355 0.5228 0.1689
vn 0.8355 0.5229 0.1689
vn 0.9557 0.2410 0.1689
vn -0.3880 -0.3320 0.8598
vn -0.1331 -0.5888 0.7972
vn -0.1330 -0.5889 0.7972
vn -0.1687 -0.6040 0.7789
vn -0.2034 -0.6188 0.7587
vn -0.2034 -0.6187 0.7588
vn -0.2033 -0.6188 0.7588
vn -0.2034 -0.6189 0.7587
vn -0.2371 -0.6333 0.7367
vn -0.2372 -0.6331 0.7368
vn -0.4261 -0.3483 0.8349
vn -0.4263 -0.3482 0.8349
vn -0.5466 -0.0666 0.8347
vn -0.6211 0.2673 0.7368
vn -0.6212 0.2673 0.7367
vn -0.5874 0.2815 0.7588
vn -0.5872 0.2819 0.7587
vn -0.5526 0.2965 0.7789
vn -0.5527 0.2961 0.7790
vn -0.5171 0.3116 0.7972
vn -0.5171 0.3115 0.7972
vn -0.3083 -0.2979 0.9035
vn -0.3083 -0.2979 0.9034
vn 0.7450 -0.2145 0.6316
vn 0.7159 -0.2270 0.6602
vn 0.6853 -0.2401 0.6876
vn 0.6855 -0.2399 0.6875
vn 0.6854 -0.2399 0.6875
vn 0.6857 -0.2406 0.6870
vn 0.6539 -0.2534 0.7128
vn 0.5836 0.0822 0.8079
vn 0.4634 0.3642 0.8079
vn 0.3015 0.6607 0.6874
vn 0.3318 0.6738 0.6602
vn 0.3318 0.6738 0.6603
vn 0.3611 0.6860 0.6316
vn 0.5667 0.4081 0.7157
vn 0.9623 0.2436 -0.1209
vn 0.9623 0.2438 -0.1208
vn 0.8464 0.5276 -0.0727
vn 0.8421 0.5256 -0.1208
vn 0.8422 0.5255 -0.1207
vn 0.9939 -0.1085 -0.0215
vn 0.9939 -0.1086 -0.0216
vn 0.9939 -0.1082 -0.0213
vn 0.9920 -0.1089 -0.0642
vn 0.9920 -0.1091 -0.0641
vn 0.9823 -0.1132 -0.1492
vn 0.9823 -0.1134 -0.1491
vn 0.8355 0.5228 -0.1689
vn 0.5983 0.7873 -0.1491
vn 0.5982 0.7873 -0.1491
vn 0.6041 0.7897 -0.1066
vn 0.6081 0.7913 -0.0642
vn 0.6098 0.7923 -0.0213
vn 0.6098 0.7922 -0.0214
vn 0.8486 0.5285 -0.0243
vn 0.9689 0.2463 -0.0243
vn -0.1824 -0.2445 0.9524
vn -0.2249 -0.2627 0.9383
vn -0.3026 0.0377 0.9524
vn -0.3453 0.0194 0.9383
vn -0.3452 0.0194 0.9383
vn -0.0219 -0.5415 0.8404
vn -0.0597 -0.5576 0.8280
vn -0.2670 -0.2806 0.9219
vn -0.2669 -0.2804 0.9220
vn -0.3876 0.0015 0.9218
vn -0.3874 0.0015 0.9219
vn -0.3875 0.0015 0.9219
vn -0.4435 0.3430 0.8281
vn -0.4433 0.3427 0.8282
vn -0.4435 0.3428 0.8281
vn -0.4436 0.3429 0.8280
vn -0.4059 0.3591 0.8404
vn -0.4058 0.3591 0.8404
vn -0.3677 0.3754 0.8508
vn -0.3678 0.3755 0.8507
vn -0.3676 0.3754 0.8508
vn 0.7766 0.1646 0.6081
vn 0.7485 0.1525 0.6454
vn 0.7484 0.1525 0.6454
vn 0.6282 0.4344 0.6455
vn 0.6282 0.4343 0.6455
vn 0.6283 0.4343 0.6455
vn 0.7995 -0.1913 0.5693
vn 0.7729 -0.2026 0.6013
vn 0.7185 0.1397 0.6814
vn 0.7185 0.1398 0.6814
vn 0.4154 0.7094 0.5694
vn 0.4154 0.7093 0.5695
vn 0.4156 0.7094 0.5692
vn 0.6830 0.4578 0.5691
vn 0.6830 0.4579 0.5691
vn 0.6831 0.4579 0.5690
vn 0.8033 0.1756 0.5691
vn 0.8033 0.1757 0.5690
vn 0.8033 0.1760 0.5690
vn 0.6343 -0.0000 0.7731
vn 0.8305 -0.5509 -0.0821
vn -0.7989 -0.5505 -0.2423
vn 0.7989 -0.5506 -0.2422
vn 0.7989 -0.5505 -0.2423
vn -0.8308 -0.5505 -0.0817
vn -0.8307 -0.5507 -0.0819
vn -0.8307 -0.5506 -0.0818
vn -0.8309 -0.5504 -0.0816
vn 0.7362 -0.5506 -0.3936
vn 0.7357 -0.5511 -0.3937
vn 0.7361 -0.5507 -0.3935
vn 0.7362 -0.5506 -0.3935
vn -0.8305 -0.5509 0.0820
vn -0.8308 -0.5505 0.0818
vn -0.8308 -0.5506 0.0819
vn -0.8307 -0.5506 0.0818
vn 0.6453 -0.5506 -0.5295
vn 0.6451 -0.5511 -0.5293
vn 0.6454 -0.5505 -0.5295
vn 0.6455 -0.5504 -0.5296
vn -0.7989 -0.5505 0.2424
vn -0.7989 -0.5505 0.2423
vn -0.7989 -0.5505 0.2422
vn 0.5296 -0.5506 -0.6452
vn 0.5296 -0.5505 -0.6454
vn 0.5296 -0.5505 -0.6453
vn -0.7364 -0.5502 0.3936
vn -0.7361 -0.5507 0.3935
vn -0.7365 -0.5501 0.3937
vn -0.7363 -0.5505 0.3936
vn 0.3937 -0.5500 -0.7365
vn 0.3936 -0.5499 -0.7366
vn 0.3937 -0.5502 -0.7364
vn 0.3937 -0.5503 -0.7363
vn 0.0818 -0.5506 0.8308
vn 0.0817 -0.5505 0.8308
vn 0.0818 -0.5505 0.8308
vn -0.6454 -0.5505 0.5296
vn -0.6453 -0.5505 0.5296
vn -0.6451 -0.5506 0.5297
vn -0.6454 -0.5505 0.5295
vn 0.2423 -0.5505 -0.7989
vn 0.2423 -0.5505 0.7989
vn 0.2424 -0.5509 0.7986
vn -0.5297 -0.5504 0.6453
vn -0.5296 -0.5506 0.6453
vn -0.5297 -0.5505 0.6453
vn 0.0817 -0.5504 -0.8309
vn 0.0820 -0.5510 -0.8305
vn 0.0818 -0.5505 -0.8308
vn 0.3935 -0.5507 0.7361
vn 0.3935 -0.5507 0.7362
vn 0.3935 -0.5506 0.7362
vn -0.3935 -0.5507 0.7362
vn -0.3935 -0.5506 0.7362
vn -0.3935 -0.5505 0.7363
vn -0.0818 -0.5505 -0.8308
vn -0.0813 -0.5504 -0.8309
vn -0.0817 -0.5506 -0.8308
vn 0.5296 -0.5506 0.6453
vn 0.5295 -0.5507 0.6453
vn 0.5297 -0.5505 0.6453
vn 0.5296 -0.5505 0.6453
vn -0.2422 -0.5506 0.7989
vn -0.2416 -0.5509 0.7988
vn -0.2422 -0.5506 0.7988
vn -0.2423 -0.5505 0.7989
vn -0.2423 -0.5505 -0.7989
vn -0.2423 -0.5504 -0.7989
vn 0.6453 -0.5506 0.5296
vn 0.6453 -0.5505 0.5296
vn 0.6453 -0.5506 0.5295
vn -0.0819 -0.5507 0.8307
vn -0.0821 -0.5510 0.8305
vn -0.0820 -0.5507 0.8307
vn -0.0822 -0.5509 0.8305
vn -0.3938 -0.5505 -0.7361
vn -0.3940 -0.5503 -0.7362
vn -0.3937 -0.5507 -0.7361
vn -0.3936 -0.5508 -0.7360
vn 0.7362 -0.5506 0.3935
vn 0.7361 -0.5507 0.3934
vn 0.7361 -0.5508 0.3935
vn -0.5298 -0.5504 -0.6453
vn -0.5296 -0.5506 -0.6453
vn -0.5297 -0.5506 -0.6451
vn -0.5299 -0.5504 -0.6452
vn 0.7988 -0.5506 0.2422
vn 0.7988 -0.5509 0.2419
vn 0.7990 -0.5504 0.2423
vn -0.6453 -0.5505 -0.5296
vn -0.6452 -0.5505 -0.5298
vn -0.6452 -0.5506 -0.5297
vn 0.8308 -0.5506 0.0818
vn 0.8307 -0.5506 0.0819
vn 0.8307 -0.5507 0.0819
vn -0.7362 -0.5504 -0.3937
vn -0.7363 -0.5505 -0.3935
vn -0.7363 -0.5504 -0.3935
vn -0.2903 -0.0000 0.9569
vn -0.2900 -0.0000 0.9570
vn -0.2903 -0.0000 -0.9569
vn -0.2900 -0.0000 -0.9570
vn 0.7731 -0.0000 0.6343
vn -0.0984 -0.0000 0.9951
vn -0.4718 -0.0000 -0.8817
vn -0.4713 -0.0000 -0.8820
vn 0.8820 -0.0000 0.4713
vn -0.6343 -0.0000 -0.7731
vn 0.9571 -0.0000 0.2898
vn -0.7731 -0.0000 -0.6343
vn 0.9952 -0.0000 0.0983
vn 0.9952 -0.0000 0.0980
vn -0.8817 -0.0000 -0.4719
vn 0.9951 -0.0000 -0.0984
vn 0.9952 -0.0000 -0.0979
vn -0.9569 -0.0000 -0.2903
vn 0.9571 -0.0000 -0.2899
vn 0.9569 -0.0000 -0.2903
vn -0.9951 -0.0000 -0.0984
vn 0.8817 -0.0000 -0.4718
vn -0.9952 -0.0000 0.0983
vn -0.9952 -0.0000 0.0980
vn -0.9571 -0.0000 0.2898
vn -0.9569 -0.0000 0.2903
vn 0.6343 -0.0000 -0.7731
vn -0.8820 -0.0000 0.4713
vn 0.4713 -0.0000 -0.8820
vn 0.0983 -0.0000 0.9952
vn 0.2901 -0.0000 -0.9570
vn 0.2903 -0.0000 -0.9569
vn 0.2898 -0.0000 -0.9571
vn 0.2898 -0.0000 0.9571
vn 0.2903 -0.0000 0.9569
vn 0.0983 -0.0000 -0.9952
vn 0.4713 -0.0000 0.8820
vn -0.4718 -0.0000 0.8817
vn -0.4713 -0.0000 0.8820
vn -0.0984 -0.0000 -0.9951
vn 0.8376 -0.4834 0.2542
vn 0.8378 -0.4833 0.2540
vn 0.8374 -0.4839 0.2540
vn 0.8376 -0.4836 0.2540
vn -0.6767 -0.4835 -0.5553
vn -0.6766 -0.4836 -0.5553
vn -0.6766 -0.4835 -0.5553
vn -0.6770 -0.4833 -0.5551
vn 0.8712 -0.4834 0.0860
vn 0.8711 -0.4836 0.0858
vn 0.8711 -0.4836 0.0857
vn -0.7718 -0.4838 -0.4127
vn -0.7720 -0.4836 -0.4125
vn -0.7718 -0.4837 -0.4127
vn 0.8712 -0.4834 -0.0859
vn 0.8711 -0.4836 -0.0859
vn 0.8711 -0.4836 -0.0854
vn 0.8712 -0.4833 -0.0861
vn -0.8376 -0.4836 -0.2540
vn -0.8375 -0.4836 -0.2544
vn 0.8376 -0.4834 -0.2542
vn 0.8376 -0.4837 -0.2538
vn 0.8377 -0.4834 -0.2541
vn 0.8375 -0.4837 -0.2541
vn -0.8711 -0.4836 -0.0859
vn -0.8711 -0.4836 -0.0860
vn -0.8711 -0.4836 -0.0857
vn 0.7718 -0.4834 -0.4130
vn 0.7719 -0.4836 -0.4126
vn 0.7719 -0.4835 -0.4127
vn 0.7720 -0.4836 -0.4126
vn -0.8711 -0.4837 0.0852
vn 0.6768 -0.4836 -0.5551
vn 0.6765 -0.4834 -0.5556
vn 0.6766 -0.4834 -0.5555
vn 0.6768 -0.4836 -0.5550
vn -0.8375 -0.4836 0.2544
vn -0.8376 -0.4836 0.2542
vn -0.8375 -0.4837 0.2543
vn 0.5552 -0.4834 -0.6768
vn 0.5552 -0.4836 -0.6767
vn 0.5554 -0.4835 -0.6765
vn 0.5551 -0.4833 -0.6770
vn -0.7719 -0.4835 0.4128
vn -0.7719 -0.4836 0.4127
vn -0.7719 -0.4836 0.4125
vn -0.7719 -0.4836 0.4126
vn 0.4125 -0.4835 -0.7721
vn 0.4127 -0.4834 -0.7720
vn 0.4128 -0.4835 -0.7719
vn 0.4126 -0.4836 -0.7719
vn 0.0858 -0.4836 0.8711
vn 0.0860 -0.4836 0.8711
vn 0.0856 -0.4836 0.8711
vn -0.6765 -0.4838 0.5552
vn -0.6766 -0.4836 0.5553
vn -0.6767 -0.4836 0.5552
vn -0.6767 -0.4839 0.5549
vn 0.2542 -0.4834 -0.8376
vn 0.2541 -0.4838 -0.8375
vn 0.2540 -0.4834 -0.8377
vn 0.2544 -0.4835 -0.8376
vn 0.2542 -0.4836 0.8375
vn 0.2543 -0.4837 0.8375
vn 0.2544 -0.4836 0.8375
vn 0.2541 -0.4836 0.8376
vn -0.5553 -0.4835 0.6767
vn -0.5554 -0.4836 0.6765
vn -0.5553 -0.4836 0.6765
vn -0.5551 -0.4833 0.6770
vn 0.0854 -0.4834 -0.8712
vn 0.0861 -0.4836 -0.8710
vn 0.0859 -0.4836 -0.8711
vn 0.4126 -0.4836 0.7719
vn 0.4127 -0.4836 0.7719
vn 0.4128 -0.4835 0.7719
vn -0.4126 -0.4836 0.7720
vn -0.4126 -0.4836 0.7719
vn -0.4125 -0.4836 0.7720
vn -0.0855 -0.4836 -0.8711
vn -0.0858 -0.4836 -0.8711
vn -0.0860 -0.4834 -0.8712
vn -0.0852 -0.4837 -0.8711
vn 0.5553 -0.4835 0.6767
vn 0.5555 -0.4838 0.6763
vn 0.5556 -0.4837 0.6763
vn 0.5554 -0.4836 0.6765
vn -0.2540 -0.4836 0.8376
vn -0.2541 -0.4836 0.8376
vn -0.2539 -0.4837 0.8376
vn -0.2539 -0.4836 -0.8376
vn -0.2539 -0.4835 -0.8377
vn -0.2540 -0.4834 -0.8377
vn -0.2544 -0.4833 -0.8377
vn 0.6768 -0.4834 0.5552
vn 0.6764 -0.4836 0.5555
vn 0.6765 -0.4835 0.5554
vn 0.6766 -0.4836 0.5553
vn -0.0858 -0.4836 0.8711
vn -0.0857 -0.4836 0.8711
vn -0.0859 -0.4836 0.8711
vn -0.4130 -0.4835 -0.7718
vn -0.4126 -0.4836 -0.7719
vn -0.4127 -0.4835 -0.7719
vn -0.4127 -0.4836 -0.7719
vn 0.7719 -0.4835 0.4127
vn 0.7719 -0.4836 0.4126
vn 0.7718 -0.4834 0.4130
vn 0.7718 -0.4834 0.4131
vn -0.5551 -0.4836 -0.6767
vn -0.5552 -0.4837 -0.6767
vn -0.5555 -0.4834 -0.6766
vn -0.5550 -0.4836 -0.6768
vn -0.3549 -0.0000 -0.9349
vn -0.3550 -0.0000 -0.9349
vn -0.1657 -0.0000 -0.9862
vn -0.1658 -0.0000 -0.9862
vn 0.0299 -0.0000 -0.9996
vn 0.2243 -0.0000 -0.9745
vn 0.4101 -0.0000 -0.9121
vn 0.4102 -0.0000 -0.9120
vn 0.5801 -0.0000 -0.8145
vn 0.5802 -0.0000 -0.8145
vn 0.7279 -0.0000 -0.6857
vn 0.8476 -0.0000 -0.5307
vn 0.8477 -0.0000 -0.5305
vn 0.8476 -0.0000 -0.5306
vn 0.9349 -0.0000 -0.3549
vn 0.9862 -0.0000 -0.1657
vn 0.9996 -0.0000 0.0299
vn 0.9745 -0.0000 0.2243
vn 0.9120 -0.0000 0.4101
vn 0.9121 -0.0000 0.4101
vn 0.9121 -0.0000 0.4100
vn 0.8145 -0.0000 0.5802
vn 0.6857 -0.0000 0.7279
vn 0.5305 -0.0000 0.8477
vn 0.3549 -0.0000 0.9349
vn 0.1657 -0.0000 0.9862
vn -0.0299 -0.0000 0.9996
vn -0.2243 -0.0000 0.9745
vn -0.4101 -0.0000 0.9121
vn -0.5802 -0.0000 0.8145
vn -0.7279 -0.0000 0.6857
vn -0.8477 -0.0000 0.5305
vn -0.9349 -0.0000 0.3549
vn -0.9862 -0.0000 0.1657
vn -0.9996 -0.0000 -0.0299
vn -0.9745 -0.0000 -0.2243
vn -0.9121 -0.0000 -0.4101
vn -0.9121 -0.0000 -0.4100
vn -0.9120 -0.0000 -0.4101
vn -0.8145 -0.0000 -0.5802
vn -0.8145 -0.0000 -0.5801
vn 0.8312 0.4607 -0.3113
vn -0.6857 -0.0000 -0.7279
vn -0.5306 -0.0000 -0.8476
vn -0.5307 -0.0000 -0.8476
vn -0.5305 -0.0000 -0.8477
vn 0.0001 -1.0000 -0.0000
vn -0.0001 -1.0000 -0.0000
vn 0.0579 0.6232 -0.7799
vn 0.0580 0.6232 -0.7799
vn -0.0799 0.7022 0.7075
vn -0.0798 0.7022 0.7075
vn -0.0799 0.7021 0.7076
vn -0.1629 0.9797 0.1168
vn -0.1629 0.9797 0.1167
vn 0.3330 0.4516 -0.8277
vn 0.3331 0.4516 -0.8277
vn 0.6770 0.4608 0.5738
vn 0.6770 0.4608 0.5739
vn -0.1180 0.9930 0.0100
vn -0.1181 0.9929 0.0100
vn -0.4226 0.5301 -0.7351
vn -0.4227 0.5301 -0.7351
vn -0.5558 0.6037 -0.5715
vn -0.5559 0.6037 -0.5715
vn -0.5559 0.6037 -0.5714
vn 0.8784 0.4584 -0.1349
vn -0.2242 0.8074 0.5457
vn -0.2241 0.8075 0.5457
vn -0.2240 0.8075 0.5457
vn -0.2940 0.9504 0.1014
vn -0.2940 0.9504 0.1015
vn -0.2940 0.9504 0.1013
vn 0.4980 0.4548 -0.7383
vn 0.5216 0.4843 0.7024
vn -0.0647 0.9978 0.0115
vn -0.2446 0.4843 -0.8400
vn -0.2447 0.4842 -0.8400
vn 0.8892 0.4548 0.0493
vn -0.2815 0.8945 0.3472
vn -0.2815 0.8945 0.3473
vn -0.2814 0.8945 0.3473
vn -0.2814 0.8945 0.3474
vn -0.4467 0.8946 0.0144
vn -0.4467 0.8946 0.0143
vn -0.4467 0.8946 0.0146
vn 0.6383 0.4584 -0.6184
vn 0.3303 0.5300 0.7810
vn 0.3304 0.5300 0.7810
vn -0.0482 0.9978 0.0446
vn -0.0482 0.9978 0.0447
vn -0.0482 0.4608 -0.8862
vn 0.8607 0.4517 0.2348
vn -0.2585 0.9504 0.1730
vn -0.2584 0.9504 0.1730
vn -0.5702 0.8075 -0.1511
vn -0.5702 0.8075 -0.1512
vn -0.5707 0.8070 -0.1518
vn 0.7503 0.4606 -0.4742
vn 0.1195 0.6037 0.7882
vn 0.1196 0.6037 0.7882
vn 0.1193 0.6037 0.7882
vn -0.0792 0.9930 0.0880
vn 0.1484 0.4521 -0.8795
vn 0.1484 0.4521 -0.8796
vn 0.7905 0.4521 0.4132
vn 0.7905 0.4521 0.4131
vn 0.7905 0.4521 0.4133
vn -0.1914 0.9797 0.0593
vn -0.6121 0.7021 -0.3638
vn -0.6122 0.7021 -0.3638
vn -0.8203 -0.4015 0.4074
vn -0.8201 -0.4015 0.4077
vn -0.8202 -0.4014 0.4076
vn -0.8202 -0.4015 0.4074
vn -0.8203 -0.4015 0.4073
vn -0.8202 -0.4016 0.4073
vn -0.8204 -0.4012 0.4074
vn -0.8202 -0.4015 0.4075
vn -0.8202 -0.4018 0.4073
vn -0.8205 -0.4010 0.4075
vn -0.8201 -0.4019 0.4073
vn -0.8203 -0.4014 0.4074
vn -0.8203 -0.4016 0.4072
vn -0.8201 -0.4016 0.4076
vn -0.8201 -0.4018 0.4074
vn -0.8202 -0.4016 0.4074
vn -0.8205 -0.4007 0.4076
vn -0.8204 -0.4013 0.4073
vn -0.9366 -0.1056 -0.3342
vn -0.9366 -0.1054 -0.3341
vn -0.9366 -0.1056 -0.3340
vn -0.9366 -0.1056 -0.3341
vn -0.2996 -0.1056 0.9482
vn -0.2997 -0.1053 0.9482
vn 0.1544 0.7313 -0.6643
vn 0.1544 0.7314 -0.6642
vn -0.5748 -0.0878 -0.8136
vn -0.5747 -0.0879 -0.8136
vn -0.5749 -0.0878 -0.8135
vn -0.8931 0.3342 0.3011
vn -0.8932 0.3341 0.3010
vn 0.2405 0.8072 -0.5390
vn 0.2405 0.8073 -0.5390
vn -0.7743 0.6270 -0.0857
vn -0.7743 0.6269 -0.0858
vn -0.7743 0.6270 -0.0858
vn 0.3184 0.8550 -0.4094
vn -0.6107 0.7775 -0.1501
vn 0.3901 0.8780 -0.2773
vn 0.3901 0.8781 -0.2772
vn -0.4802 0.8702 -0.1104
vn -0.4803 0.8701 -0.1105
vn -0.4802 0.8702 -0.1105
vn -0.4801 0.8702 -0.1103
vn 0.4567 0.8780 -0.1432
vn 0.4567 0.8780 -0.1433
vn -0.3773 0.9256 -0.0287
vn -0.3773 0.9256 -0.0288
vn 0.5185 0.8551 -0.0064
vn 0.5186 0.8550 -0.0064
vn 0.5185 0.8550 -0.0064
vn -0.2976 0.9518 0.0749
vn -0.2976 0.9517 0.0749
vn -0.2976 0.9518 0.0748
vn 0.5749 0.8072 0.1341
vn 0.5748 0.8072 0.1341
vn -0.2395 0.9518 0.1918
vn -0.2395 0.9517 0.1919
vn 0.6226 0.7313 0.2784
vn 0.6226 0.7314 0.2783
vn -0.2052 0.9256 0.3180
vn 0.6564 0.6232 0.4251
vn 0.6564 0.6233 0.4250
vn -0.2021 0.8702 0.4494
vn -0.2021 0.8702 0.4493
vn 0.6664 0.4793 0.5711
vn 0.6664 0.4794 0.5711
vn -0.3422 0.0998 -0.9343
vn -0.3421 0.0999 -0.9343
vn -0.3422 0.0999 -0.9343
vn -0.2494 0.7775 0.5773
vn -0.2493 0.7775 0.5774
vn 0.6363 0.3010 0.7103
vn 0.6363 0.3011 0.7103
vn -0.1816 0.3010 -0.9362
vn -0.1815 0.3010 -0.9362
vn -0.1817 0.3010 -0.9362
vn -0.3996 0.6269 0.6688
vn -0.3995 0.6269 0.6689
vn 0.5377 0.0998 0.8372
vn -0.0526 0.4793 -0.8761
vn -0.0524 0.4793 -0.8761
vn -0.7795 0.3342 0.5297
vn -0.7796 0.3341 0.5297
vn -0.7796 0.3342 0.5296
vn -0.7796 0.3343 0.5296
vn 0.3010 -0.0878 0.9496
vn 0.3008 -0.0877 0.9496
vn 0.3009 -0.0877 0.9496
vn 0.7148 -0.0000 -0.6993
vn 0.7147 -0.0000 -0.6994
vn 0.7148 -0.0000 -0.6994
vn 0.8375 -0.0000 -0.5465
vn 0.8375 -0.0000 -0.5464
vn 0.9280 -0.0000 -0.3726
vn 0.9829 -0.0000 -0.1844
vn 0.9999 -0.0000 0.0109
vn 0.9786 -0.0000 0.2057
vn 0.9197 -0.0000 0.3927
vn 0.8254 -0.0000 0.5646
vn 0.6993 -0.0000 0.7148
vn 0.5465 -0.0000 0.8375
vn 0.5465 -0.0000 0.8374
vn 0.3726 -0.0000 0.9280
vn 0.3725 -0.0000 0.9280
vn 0.1844 -0.0000 0.9829
vn -0.0109 -0.0000 0.9999
vn -0.2058 -0.0000 0.9786
vn -0.2057 -0.0000 0.9786
vn -0.3927 -0.0000 0.9197
vn -0.3926 -0.0000 0.9197
vn -0.5646 -0.0000 0.8254
vn -0.7148 -0.0000 0.6994
vn -0.7148 -0.0000 0.6993
vn -0.7147 -0.0000 0.6994
vn -0.8375 -0.0000 0.5465
vn -0.9280 -0.0000 0.3726
vn -0.9828 -0.0000 0.1844
vn -0.9829 -0.0000 0.1844
vn -0.9999 -0.0000 -0.0109
vn -0.9786 -0.0000 -0.2058
vn -0.9197 -0.0000 -0.3927
vn -0.8254 -0.0000 -0.5646
vn -0.6993 -0.0000 -0.7148
vn -0.5464 -0.0000 -0.8375
vn -0.5465 -0.0000 -0.8374
vn -0.3726 -0.0000 -0.9280
vn -0.1844 -0.0000 -0.9829
vn 0.0109 -0.0000 -0.9999
vn 0.2058 -0.0000 -0.9786
vn 0.6179 0.4606 0.6372
vn 0.3927 -0.0000 -0.9197
vn 0.3926 -0.0000 -0.9197
vn 0.5647 -0.0000 -0.8253
vn 0.5650 -0.0000 -0.8251
vn 0.5645 -0.0000 -0.8255
vn -0.0003 -1.0000 -0.0000
vn -0.0000 -1.0000 -0.0001
vn -0.0000 -1.0000 -0.0003
vn 0.0002 -1.0000 -0.0000
vn 0.7379 0.6232 -0.2590
vn 0.7379 0.6232 -0.2589
vn -0.6804 0.7021 0.2098
vn -0.6804 0.7021 0.2099
vn -0.6805 0.7021 0.2098
vn -0.1721 0.9797 -0.1026
vn -0.1721 0.9797 -0.1027
vn -0.1721 0.9797 -0.1025
vn 0.8918 0.4517 -0.0260
vn 0.8918 0.4517 -0.0259
vn -0.2550 0.4607 0.8501
vn -0.2549 0.4608 0.8501
vn -0.0563 0.9930 -0.1042
vn -0.0563 0.9930 -0.1043
vn 0.5046 0.5300 -0.6815
vn 0.5045 0.5300 -0.6816
vn 0.5047 0.5300 -0.6815
vn 0.3013 0.6037 -0.7381
vn 0.3012 0.6037 -0.7381
vn 0.4751 0.4584 0.7511
vn -0.5897 0.8075 0.0130
vn -0.5897 0.8075 0.0129
vn -0.2107 0.9504 -0.2289
vn -0.2106 0.9504 -0.2289
vn -0.2105 0.9504 -0.2289
vn 0.8759 0.4548 0.1610
vn 0.8759 0.4548 0.1609
vn -0.4350 0.4843 0.7591
vn -0.0364 0.9978 -0.0547
vn -0.0364 0.9978 -0.0548
vn 0.6719 0.4843 -0.5603
vn 0.6720 0.4843 -0.5603
vn 0.3106 0.4548 0.8347
vn -0.4308 0.8946 -0.1189
vn -0.4308 0.8946 -0.1190
vn -0.4307 0.8946 -0.1191
vn -0.1919 0.8946 -0.4037
vn -0.1917 0.8946 -0.4037
vn -0.1919 0.8945 -0.4037
vn -0.1920 0.8945 -0.4037
vn 0.8222 0.4584 0.3375
vn 0.8222 0.4583 0.3375
vn 0.8223 0.4581 0.3375
vn -0.5836 0.5300 0.6152
vn -0.5835 0.5301 0.6153
vn -0.0602 0.9978 -0.0263
vn 0.7929 0.4608 -0.3987
vn 0.1292 0.4517 0.8828
vn 0.1293 0.4517 0.8828
vn -0.2619 0.9504 -0.1676
vn -0.2619 0.9504 -0.1675
vn -0.2619 0.9504 -0.1677
vn -0.0897 0.8075 -0.5830
vn -0.0896 0.8075 -0.5830
vn -0.0898 0.8075 -0.5830
vn 0.7348 0.4606 0.4979
vn 0.7348 0.4606 0.4978
vn -0.6745 0.6037 0.4249
vn -0.6745 0.6038 0.4248
vn -0.6745 0.6038 0.4249
vn -0.1124 0.9930 -0.0374
vn 0.8654 0.4521 -0.2160
vn -0.0624 0.4520 0.8898
vn -0.0624 0.4521 0.8898
vn -0.1309 0.9797 -0.1517
vn -0.1309 0.9797 -0.1518
vn -0.1309 0.9797 -0.1516
vn 0.0884 0.7021 -0.7066
vn 0.0886 0.7022 -0.7064
vn 0.0886 0.7022 -0.7065
vn -0.7016 -0.4014 -0.5887
vn -0.7015 -0.4016 -0.5888
vn -0.7018 -0.4012 -0.5886
vn -0.7017 -0.4013 -0.5887
vn -0.7018 -0.4011 -0.5887
vn -0.7016 -0.4015 -0.5887
vn -0.7017 -0.4014 -0.5887
vn -0.7017 -0.4015 -0.5886
vn -0.7014 -0.4016 -0.5889
vn -0.7018 -0.4014 -0.5885
vn -0.7018 -0.4014 -0.5886
vn -0.7017 -0.4016 -0.5885
vn -0.7017 -0.4013 -0.5888
vn -0.7016 -0.4012 -0.5889
vn -0.7018 -0.4015 -0.5885
vn -0.7016 -0.4013 -0.5888
vn -0.0687 -0.1056 -0.9920
vn -0.0687 -0.1055 -0.9920
vn -0.9889 -0.1055 0.1047
vn -0.9889 -0.1054 0.1047
vn -0.9889 -0.1055 0.1046
vn 0.6706 0.7314 -0.1242
vn 0.6706 0.7314 -0.1241
vn 0.5157 -0.0879 -0.8522
vn 0.5156 -0.0881 -0.8523
vn -0.6333 0.3342 -0.6980
vn -0.6334 0.3343 -0.6979
vn -0.6334 0.3342 -0.6979
vn -0.6334 0.3341 -0.6980
vn 0.5902 0.8072 0.0047
vn 0.5902 0.8072 0.0046
vn -0.2313 0.6269 -0.7440
vn -0.2312 0.6269 -0.7440
vn -0.2311 0.6269 -0.7440
vn 0.5026 0.8550 0.1280
vn -0.1068 0.7776 -0.6197
vn -0.1066 0.7775 -0.6198
vn -0.1068 0.7775 -0.6197
vn -0.1069 0.7775 -0.6197
vn 0.4102 0.8781 0.2465
vn 0.4102 0.8780 0.2466
vn 0.4102 0.8781 0.2464
vn 0.4102 0.8781 0.2463
vn -0.0908 0.8702 -0.4842
vn -0.0907 0.8702 -0.4843
vn -0.0908 0.8702 -0.4843
vn 0.3140 0.8781 0.3612
vn 0.3140 0.8781 0.3611
vn 0.3140 0.8780 0.3613
vn 0.3140 0.8780 0.3612
vn -0.1247 0.9256 -0.3573
vn -0.1247 0.9257 -0.3572
vn 0.2134 0.8550 0.4727
vn 0.2133 0.8550 0.4728
vn 0.2133 0.8550 0.4727
vn -0.1877 0.9518 -0.2427
vn 0.1071 0.8072 0.5804
vn 0.1071 0.8073 0.5804
vn 0.1072 0.8073 0.5804
vn -0.2716 0.9518 -0.1427
vn -0.0059 0.7314 0.6820
vn -0.0059 0.7313 0.6820
vn -0.3735 0.9256 -0.0609
vn -0.3735 0.9256 -0.0608
vn -0.1270 0.6232 0.7717
vn -0.1269 0.6232 0.7717
vn -0.1269 0.6233 0.7716
vn -0.4927 0.8702 -0.0053
vn -0.4927 0.8702 -0.0054
vn -0.2568 0.4794 0.8392
vn 0.7192 0.0998 -0.6876
vn 0.7194 0.0999 -0.6874
vn 0.7193 0.0998 -0.6875
vn -0.6288 0.7776 0.0024
vn -0.6287 0.7776 0.0024
vn -0.6288 0.7775 0.0024
vn -0.3964 0.3009 0.8674
vn -0.3965 0.3008 0.8674
vn 0.7853 0.3011 -0.5409
vn 0.7853 0.3010 -0.5410
vn 0.7853 0.3011 -0.5410
vn -0.7728 0.6269 -0.0986
vn -0.7729 0.6268 -0.0986
vn -0.7729 0.6269 -0.0985
vn -0.5522 0.0998 0.8277
vn -0.5523 0.0998 0.8276
vn -0.5524 0.0998 0.8276
vn 0.7820 0.4793 -0.3985
vn 0.7819 0.4793 -0.3986
vn 0.7819 0.4794 -0.3984
vn -0.7974 0.3343 -0.5024
vn -0.7974 0.3344 -0.5024
vn -0.7974 0.3343 -0.5025
vn -0.7497 -0.0878 0.6559
vn -0.7498 -0.0878 0.6558
vn -0.7501 -0.0879 0.6554
vn 0.0602 -0.0000 -0.9982
vn 0.2538 -0.0000 -0.9673
vn 0.4375 -0.0000 -0.8992
vn 0.4376 -0.0000 -0.8992
vn 0.6047 -0.0000 -0.7965
vn 0.6046 -0.0000 -0.7965
vn 0.7484 -0.0000 -0.6632
vn 0.7483 -0.0000 -0.6633
vn 0.8634 -0.0000 -0.5044
vn 0.8635 -0.0000 -0.5044
vn 0.8633 -0.0000 -0.5046
vn 0.9452 -0.0000 -0.3264
vn 0.9452 -0.0000 -0.3265
vn 0.9908 -0.0000 -0.1357
vn 0.9982 -0.0000 0.0602
vn 0.9673 -0.0000 0.2538
vn 0.8992 -0.0000 0.4376
vn 0.7965 -0.0000 0.6046
vn 0.6633 -0.0000 0.7484
vn 0.5045 -0.0000 0.8634
vn 0.5044 -0.0000 0.8634
vn 0.5044 -0.0000 0.8635
vn 0.3264 -0.0000 0.9452
vn 0.1356 -0.0000 0.9908
vn 0.1357 -0.0000 0.9908
vn -0.0601 -0.0000 0.9982
vn -0.0602 -0.0000 0.9982
vn -0.0603 -0.0000 0.9982
vn -0.2538 -0.0000 0.9673
vn -0.4375 -0.0000 0.8992
vn -0.4376 -0.0000 0.8992
vn -0.6045 -0.0000 0.7966
vn -0.6044 -0.0000 0.7967
vn -0.6047 -0.0000 0.7965
vn -0.6048 -0.0000 0.7964
vn -0.7484 -0.0000 0.6632
vn -0.7484 -0.0000 0.6633
vn -0.8634 -0.0000 0.5044
vn -0.9452 -0.0000 0.3264
vn -0.9907 -0.0000 0.1357
vn -0.9982 -0.0000 -0.0602
vn -0.9673 -0.0000 -0.2538
vn -0.8992 -0.0000 -0.4376
vn -0.7966 -0.0000 -0.6045
vn -0.7967 -0.0000 -0.6044
vn -0.7968 -0.0000 -0.6042
vn -0.6633 -0.0000 -0.7484
vn -0.6632 -0.0000 -0.7484
vn -0.5044 -0.0000 -0.8635
vn -0.5044 -0.0000 -0.8634
vn -0.5045 -0.0000 -0.8634
vn 0.8857 0.4606 0.0574
vn 0.8858 0.4606 0.0574
vn -0.3264 -0.0000 -0.9452
vn -0.1357 -0.0000 -0.9907
vn -0.1357 -0.0000 -0.9908
vn -0.0000 -1.0000 0.0003
vn 0.0002 -1.0000 0.0002
vn 0.3730 0.6232 -0.6874
vn 0.3731 0.6232 -0.6873
vn -0.3634 0.7021 0.6124
vn -0.3632 0.7022 0.6124
vn -0.3633 0.7021 0.6124
vn -0.1964 0.9797 0.0396
vn -0.1964 0.9797 0.0395
vn -0.1964 0.9797 0.0397
vn 0.6435 0.4517 -0.6180
vn 0.6434 0.4517 -0.6180
vn 0.3818 0.4608 0.8012
vn -0.1117 0.9930 -0.0393
vn -0.1117 0.9930 -0.0394
vn -0.0837 0.5300 -0.8439
vn -0.0836 0.5300 -0.8439
vn -0.0838 0.5300 -0.8438
vn -0.2722 0.6037 -0.7493
vn 0.8564 0.4584 0.2375
vn 0.8564 0.4584 0.2377
vn 0.8564 0.4584 0.2376
vn -0.4284 0.8075 0.4055
vn -0.4283 0.8075 0.4055
vn -0.3097 0.9504 -0.0282
vn -0.3097 0.9504 -0.0283
vn -0.3097 0.9504 -0.0284
vn 0.7572 0.4548 -0.4688
vn 0.1871 0.4843 0.8547
vn 0.1872 0.4843 0.8546
vn 0.1870 0.4843 0.8547
vn -0.0637 0.9978 -0.0161
vn 0.1219 0.4843 -0.8664
vn 0.7906 0.4548 0.4101
vn 0.7906 0.4548 0.4100
vn -0.3992 0.8945 0.2011
vn -0.3993 0.8945 0.2010
vn -0.4133 0.8946 -0.1703
vn -0.4132 0.8946 -0.1703
vn -0.4134 0.8945 -0.1703
vn -0.4133 0.8945 -0.1703
vn 0.8359 0.4584 -0.3019
vn 0.8359 0.4584 -0.3020
vn -0.0194 0.5301 0.8477
vn -0.0195 0.5301 0.8477
vn -0.0623 0.9978 0.0209
vn 0.3199 0.4608 -0.8279
vn 0.3198 0.4608 -0.8279
vn 0.3199 0.4608 -0.8278
vn 0.6884 0.4516 0.5676
vn 0.6885 0.4516 0.5675
vn -0.3067 0.9504 0.0517
vn -0.3066 0.9504 0.0517
vn -0.4579 0.8075 -0.3718
vn -0.4579 0.8075 -0.3719
vn -0.4579 0.8074 -0.3720
vn 0.8788 0.4606 -0.1244
vn -0.2146 0.6037 0.7678
vn -0.1084 0.9930 0.0477
vn 0.4964 0.4521 -0.7411
vn 0.5512 0.4521 0.7013
vn -0.1989 0.9797 -0.0245
vn -0.4089 0.7021 -0.5830
vn -0.4087 0.7021 -0.5831
vn -0.4088 0.7021 -0.5830
vn -0.9152 -0.4015 0.0347
vn -0.9154 -0.4011 0.0350
vn -0.9152 -0.4015 0.0348
vn -0.9151 -0.4017 0.0346
vn -0.9151 -0.4016 0.0348
vn -0.9150 -0.4019 0.0347
vn -0.9151 -0.4017 0.0348
vn -0.9152 -0.4015 0.0345
vn -0.9152 -0.4014 0.0350
vn -0.9152 -0.4015 0.0346
vn -0.9152 -0.4014 0.0347
vn -0.9153 -0.4013 0.0347
vn -0.9151 -0.4017 0.0347
vn -0.9152 -0.4016 0.0347
vn -0.9152 -0.4016 0.0346
vn -0.7169 -0.1056 -0.6891
vn -0.7169 -0.1055 -0.6891
vn -0.7169 -0.1056 -0.6892
vn -0.6625 -0.1056 0.7416
vn -0.6626 -0.1054 0.7415
vn -0.6626 -0.1056 0.7415
vn 0.4134 0.7314 -0.5423
vn 0.4135 0.7314 -0.5423
vn 0.4134 0.7314 -0.5424
vn -0.1902 -0.0877 -0.9778
vn -0.1903 -0.0877 -0.9778
vn -0.1900 -0.0877 -0.9779
vn -0.9380 0.3342 -0.0921
vn -0.9380 0.3341 -0.0921
vn -0.9380 0.3342 -0.0923
vn 0.4406 0.8072 -0.3928
vn 0.4406 0.8072 -0.3929
vn 0.4406 0.8072 -0.3927
vn -0.6709 0.6269 -0.3961
vn -0.6709 0.6269 -0.3960
vn 0.4584 0.8550 -0.2427
vn 0.4584 0.8550 -0.2426
vn -0.4953 0.7776 -0.3873
vn -0.4952 0.7776 -0.3875
vn -0.4952 0.7775 -0.3876
vn 0.4694 0.8781 -0.0926
vn 0.4695 0.8781 -0.0927
vn 0.4695 0.8781 -0.0926
vn -0.3925 0.8702 -0.2977
vn -0.3925 0.8701 -0.2980
vn -0.3925 0.8702 -0.2979
vn -0.3925 0.8702 -0.2978
vn 0.4752 0.8780 0.0569
vn 0.4752 0.8780 0.0570
vn -0.3323 0.9256 -0.1811
vn -0.3323 0.9257 -0.1809
vn -0.3323 0.9256 -0.1810
vn 0.4755 0.8550 0.2071
vn -0.3021 0.9518 -0.0540
vn -0.3021 0.9517 -0.0540
vn -0.3021 0.9518 -0.0539
vn -0.3021 0.9517 -0.0539
vn 0.4691 0.8072 0.3583
vn 0.4691 0.8072 0.3582
vn -0.2971 0.9518 0.0767
vn -0.2971 0.9518 0.0766
vn 0.4535 0.7313 0.5094
vn 0.4534 0.7314 0.5094
vn -0.3176 0.9256 0.2057
vn -0.3176 0.9257 0.2057
vn -0.3176 0.9256 0.2058
vn 0.4240 0.6232 0.6571
vn 0.4240 0.6232 0.6572
vn -0.3687 0.8702 0.3268
vn -0.3687 0.8702 0.3269
vn 0.3730 0.4794 0.7944
vn 0.3731 0.4794 0.7943
vn 0.3731 0.4794 0.7944
vn 0.0715 0.0998 -0.9924
vn 0.0716 0.0998 -0.9924
vn -0.4644 0.7775 0.4240
vn -0.4644 0.7775 0.4241
vn -0.4644 0.7776 0.4240
vn 0.2886 0.3010 0.9089
vn 0.2188 0.3010 -0.9282
vn -0.6389 0.6269 0.4459
vn -0.6389 0.6269 0.4458
vn 0.1465 0.0998 0.9842
vn 0.3118 0.4794 -0.8203
vn -0.9283 0.3342 0.1629
vn -0.9284 0.3340 0.1629
vn -0.9283 0.3342 0.1630
vn -0.1154 -0.0878 0.9894
vn -0.1155 -0.0878 0.9894
vn -0.1154 -0.0879 0.9894
vt 0.000000 0.000000
vt 1.000000 1.000000
vt 0.968800 1.000000
vt 0.968800 0.500000
vt 1.000000 0.500000
vt 0.937500 1.000000
vt 0.937500 0.500000
vt 0.906200 1.000000
vt 0.906200 0.500000
vt 0.875000 1.000000
vt 0.875000 0.500000
vt 0.843800 1.000000
vt 0.843800 0.500000
vt 0.812500 0.500000
vt 0.812500 1.000000
vt 0.781200 0.500000
vt 0.781200 1.000000
vt 0.750000 1.000000
vt 0.750000 0.500000
vt 0.718800 0.500000
vt 0.718800 1.000000
vt 0.687500 0.500000
vt 0.687500 1.000000
vt 0.656200 0.500000
vt 0.656200 1.000000
vt 0.625000 1.000000
vt 0.625000 0.500000
vt 0.593800 0.500000
vt 0.593800 1.000000
vt 0.562500 0.500000
vt 0.562500 1.000000
vt 0.531200 0.500000
vt 0.531200 1.000000
vt 0.500000 0.500000
vt 0.500000 1.000000
vt 0.468800 0.500000
vt 0.468800 1.000000
vt 0.437500 0.500000
vt 0.437500 1.000000
vt 0.406200 0.500000
vt 0.406200 1.000000
vt 0.375000 1.000000
vt 0.375000 0.500000
vt 0.343800 1.000000
vt 0.343800 0.500000
vt 0.312500 0.500000
vt 0.312500 1.000000
vt 0.281200 0.500000
vt 0.281200 1.000000
vt 0.250000 1.000000
vt 0.250000 0.500000
vt 0.218800 1.000000
vt 0.218800 0.500000
vt 0.187500 0.500000
vt 0.187500 1.000000
vt 0.156200 1.000000
vt 0.156200 0.500000
vt 0.125000 0.500000
vt 0.125000 1.000000
vt 0.093800 0.500000
vt 0.093800 1.000000
vt 0.062500 1.000000
vt 0.062500 0.500000
vt 0.031200 1.000000
vt 0.031200 0.500000
vt 0.000000 1.000000
vt 0.000000 0.500000
vt 0.796800 0.485400
vt 0.841800 0.471700
vt 0.883300 0.449600
vt 0.919700 0.419700
vt 0.949600 0.383300
vt 0.971700 0.341800
vt 0.985400 0.296800
vt 0.990000 0.250000
vt 0.985400 0.203200
vt 0.971700 0.158200
vt 0.949600 0.116700
vt 0.919700 0.080300
vt 0.883300 0.050400
vt 0.841800 0.028300
vt 0.796800 0.014600
vt 0.750000 0.010000
vt 0.703200 0.014600
vt 0.658200 0.028300
vt 0.616700 0.050400
vt 0.580300 0.080300
vt 0.550400 0.116700
vt 0.528300 0.158200
vt 0.514600 0.203200
vt 0.510000 0.250000
vt 0.514600 0.296800
vt 0.528300 0.341800
vt 0.550400 0.383300
vt 0.580300 0.419700
vt 0.616700 0.449600
vt 0.658200 0.471700
vt 0.750000 0.490000
vt 0.703200 0.485400
vt 0.296800 0.485400
vt 0.250000 0.490000
vt 0.203200 0.485400
vt 0.158200 0.471700
vt 0.116700 0.449600
vt 0.080300 0.419700
vt 0.050400 0.383300
vt 0.028300 0.341800
vt 0.014600 0.296800
vt 0.010000 0.250000
vt 0.014600 0.203200
vt 0.028300 0.158200
vt 0.050400 0.116700
vt 0.080300 0.080300
vt 0.116700 0.050400
vt 0.158200 0.028300
vt 0.203200 0.014600
vt 0.250000 0.010000
vt 0.296800 0.014600
vt 0.341800 0.028300
vt 0.383300 0.050400
vt 0.419700 0.080300
vt 0.449600 0.116700
vt 0.471700 0.158200
vt 0.485400 0.203200
vt 0.490000 0.250000
vt 0.485400 0.296800
vt 0.471700 0.341800
vt 0.449600 0.383300
vt 0.419700 0.419700
vt 0.383300 0.449600
vt 0.341800 0.471700
s 1
g off
f 1/1/1 2/1/1 3/1/1
f 3/1/1 4/1/1 5/1/1
f 1/1/1 3/1/1 5/1/1
f 5/1/1 6/1/1 7/1/1
f 7/1/1 8/1/1 9/1/1
f 5/1/1 7/1/1 9/1/1
f 1/1/1 5/1/1 9/1/1
f 9/1/1 10/1/1 11/1/1
f 11/1/1 12/1/1 13/1/1
f 9/1/1 11/1/1 13/1/1
f 13/1/1 14/1/1 15/1/1
f 15/1/1 16/1/1 17/1/1
f 13/1/1 15/1/1 17/1/1
f 9/1/1 13/1/1 17/1/1
f 17/1/1 18/1/1 19/1/1
f 19/1/1 20/1/1 21/1/1
f 17/1/1 19/1/1 21/1/1
f 21/1/1 22/1/1 23/1/1
f 23/1/1 24/1/1 25/1/1
f 21/1/1 23/1/1 25/1/1
f 17/1/1 21/1/1 25/1/1
f 9/1/1 17/1/1 25/1/1
f 1/1/1 9/1/1 25/1/1
f 26/1/1 27/1/1 28/1/1
f 25/1/1 26/1/1 28/1/1
f 25/1/1 28/1/1 29/1/1
f 1/1/1 25/1/1 29/1/1
f 30/1/1 1/1/1 29/1/1
f 30/1/1 29/1/1 31/1/1
f 30/1/1 31/1/1 32/1/1
f 33/1/2 34/1/2 35/1/2
f 35/1/2 36/1/2 33/1/2
f 3/1/3 37/1/4 38/1/5
f 38/1/5 4/1/6 3/1/3
f 16/1/7 39/1/8 40/1/9
f 40/1/9 17/1/10 16/1/7
f 31/1/11 29/1/12 41/1/12
f 41/1/12 42/1/13 31/1/11
f 2/1/14 43/1/15 37/1/16
f 37/1/16 3/1/17 2/1/14
f 15/1/18 44/1/19 39/1/20
f 39/1/20 16/1/21 15/1/18
f 28/1/22 45/1/23 41/1/24
f 41/1/24 29/1/25 28/1/22
f 2/1/26 1/1/27 46/1/28
f 46/1/28 43/1/29 2/1/26
f 14/1/30 47/1/31 44/1/30
f 44/1/30 15/1/32 14/1/30
f 48/1/33 45/1/34 28/1/35
f 28/1/35 27/1/36 48/1/33
f 13/1/37 49/1/38 47/1/39
f 47/1/39 14/1/40 13/1/37
f 26/1/41 50/1/42 48/1/43
f 48/1/43 27/1/44 26/1/41
f 12/1/45 51/1/46 49/1/47
f 49/1/47 13/1/48 12/1/45
f 52/1/49 50/1/50 26/1/51
f 26/1/51 25/1/52 52/1/49
f 11/1/53 53/1/54 51/1/55
f 51/1/55 12/1/56 11/1/53
f 52/1/57 25/1/58 24/1/59
f 24/1/59 54/1/60 52/1/57
f 10/1/61 55/1/62 53/1/63
f 53/1/63 11/1/62 10/1/61
f 24/1/64 23/1/65 56/1/66
f 56/1/66 54/1/67 24/1/64
f 9/1/68 36/1/69 55/1/70
f 55/1/70 10/1/71 9/1/68
f 22/1/72 57/1/72 56/1/73
f 56/1/73 23/1/74 22/1/72
f 8/1/75 33/1/76 36/1/77
f 36/1/77 9/1/78 8/1/75
f 21/1/79 58/1/80 57/1/81
f 57/1/81 22/1/82 21/1/79
f 7/1/83 59/1/84 33/1/85
f 33/1/85 8/1/86 7/1/83
f 20/1/87 60/1/87 58/1/88
f 58/1/88 21/1/89 20/1/87
f 6/1/90 61/1/91 59/1/92
f 59/1/92 7/1/93 6/1/90
f 19/1/94 62/1/95 60/1/96
f 60/1/96 20/1/97 19/1/94
f 46/1/98 1/1/99 30/1/100
f 30/1/100 63/1/101 46/1/98
f 5/1/102 64/1/103 61/1/104
f 61/1/104 6/1/104 5/1/102
f 18/1/105 65/1/106 62/1/106
f 62/1/106 19/1/107 18/1/105
f 63/1/108 30/1/109 32/1/109
f 32/1/109 66/1/110 63/1/108
f 4/1/111 38/1/112 64/1/113
f 64/1/113 5/1/114 4/1/111
f 17/1/115 40/1/116 65/1/117
f 65/1/117 18/1/118 17/1/115
f 66/1/119 32/1/120 31/1/121
f 31/1/121 42/1/122 66/1/119
f 67/1/123 68/1/123 69/1/123
f 69/1/123 70/1/123 71/1/123
f 67/1/123 69/1/123 71/1/123
f 71/1/123 72/1/123 73/1/123
f 71/1/123 73/1/123 74/1/123
f 67/1/123 71/1/123 74/1/123
f 67/1/123 74/1/123 75/1/123
f 75/1/123 76/1/123 77/1/123
f 77/1/123 78/1/123 79/1/123
f 75/1/123 77/1/123 79/1/123
f 79/1/123 80/1/123 81/1/123
f 81/1/123 82/1/123 83/1/123
f 79/1/123 81/1/123 83/1/123
f 75/1/123 79/1/123 83/1/123
f 83/1/123 84/1/123 85/1/123
f 85/1/123 86/1/123 87/1/123
f 83/1/123 85/1/123 87/1/123
f 87/1/123 88/1/123 89/1/123
f 89/1/123 35/1/123 34/1/123
f 87/1/123 89/1/123 34/1/123
f 83/1/123 87/1/123 34/1/123
f 75/1/123 83/1/123 34/1/123
f 34/1/123 90/1/123 91/1/123
f 91/1/123 92/1/123 93/1/123
f 34/1/123 91/1/123 93/1/123
f 93/1/123 94/1/123 95/1/123
f 93/1/123 95/1/123 96/1/123
f 34/1/123 93/1/123 96/1/123
f 75/1/123 34/1/123 96/1/123
f 67/1/123 75/1/123 96/1/123
f 58/1/124 78/1/125 77/1/124
f 77/1/124 57/1/126 58/1/124
f 59/1/127 90/1/127 34/1/127
f 34/1/127 33/1/127 59/1/127
f 60/1/128 79/1/129 78/1/128
f 78/1/128 58/1/130 60/1/128
f 61/1/131 91/1/131 90/1/131
f 90/1/131 59/1/131 61/1/131
f 62/1/132 80/1/132 79/1/132
f 79/1/132 60/1/132 62/1/132
f 63/1/133 67/1/133 96/1/133
f 96/1/133 46/1/134 63/1/133
f 64/1/135 92/1/136 91/1/135
f 91/1/135 61/1/137 64/1/135
f 65/1/138 81/1/138 80/1/138
f 80/1/138 62/1/138 65/1/138
f 66/1/139 68/1/139 67/1/139
f 67/1/139 63/1/139 66/1/139
f 38/1/140 93/1/141 92/1/140
f 92/1/140 64/1/142 38/1/140
f 40/1/143 82/1/143 81/1/143
f 81/1/143 65/1/144 40/1/143
f 42/1/145 69/1/145 68/1/145
f 68/1/145 66/1/145 42/1/145
f 37/1/146 94/1/146 93/1/146
f 93/1/146 38/1/146 37/1/146
f 39/1/147 83/1/147 82/1/147
f 82/1/147 40/1/148 39/1/147
f 41/1/149 70/1/150 69/1/149
f 69/1/149 42/1/151 41/1/149
f 43/1/152 95/1/152 94/1/152
f 94/1/152 37/1/152 43/1/152
f 44/1/153 84/1/153 83/1/153
f 83/1/153 39/1/153 44/1/153
f 45/1/154 71/1/155 70/1/154
f 70/1/154 41/1/154 45/1/154
f 43/1/156 46/1/157 96/1/156
f 96/1/156 95/1/156 43/1/156
f 47/1/158 85/1/158 84/1/158
f 84/1/158 44/1/158 47/1/158
f 48/1/159 72/1/159 71/1/159
f 71/1/159 45/1/159 48/1/159
f 49/1/160 86/1/161 85/1/160
f 85/1/160 47/1/160 49/1/160
f 50/1/162 73/1/162 72/1/162
f 72/1/162 48/1/162 50/1/162
f 51/1/163 87/1/163 86/1/163
f 86/1/163 49/1/164 51/1/163
f 52/1/165 74/1/165 73/1/165
f 73/1/165 50/1/165 52/1/165
f 53/1/166 88/1/166 87/1/166
f 87/1/166 51/1/166 53/1/166
f 54/1/167 75/1/167 74/1/167
f 74/1/167 52/1/167 54/1/167
f 55/1/168 89/1/168 88/1/168
f 88/1/168 53/1/168 55/1/168
f 56/1/169 76/1/169 75/1/169
f 75/1/169 54/1/169 56/1/169
f 36/1/170 35/1/170 89/1/170
f 89/1/170 55/1/170 36/1/170
f 57/1/171 77/1/171 76/1/171
f 76/1/171 56/1/171 57/1/171
f 97/1/172 98/1/173 99/1/174
f 99/1/174 100/1/173 101/1/175
f 97/1/172 99/1/174 101/1/175
f 101/1/175 102/1/176 103/1/177
f 103/1/177 104/1/173 105/1/178
f 101/1/175 103/1/177 105/1/178
f 97/1/172 101/1/175 105/1/178
f 105/1/178 106/1/173 107/1/179
f 107/1/179 108/1/180 109/1/181
f 105/1/178 107/1/179 109/1/181
f 109/1/181 110/1/173 111/1/182
f 111/1/182 112/1/173 113/1/181
f 109/1/181 111/1/182 113/1/181
f 105/1/178 109/1/181 113/1/181
f 113/1/181 114/1/173 115/1/183
f 115/1/183 116/1/173 117/1/184
f 113/1/181 115/1/183 117/1/184
f 117/1/184 118/1/173 119/1/181
f 119/1/181 120/1/173 121/1/185
f 117/1/184 119/1/181 121/1/185
f 113/1/181 117/1/184 121/1/185
f 105/1/178 113/1/181 121/1/185
f 97/1/172 105/1/178 121/1/185
f 122/1/173 123/1/173 124/1/173
f 121/1/185 122/1/173 124/1/173
f 121/1/185 124/1/173 125/1/186
f 97/1/172 121/1/185 125/1/186
f 126/1/187 97/1/172 125/1/186
f 126/1/187 125/1/186 127/1/173
f 126/1/187 127/1/173 128/1/173
f 129/1/188 130/1/188 131/1/189
f 131/1/189 132/1/190 129/1/188
f 115/1/191 133/1/192 134/1/193
f 134/1/193 116/1/194 115/1/191
f 135/1/195 97/1/195 126/1/195
f 126/1/195 136/1/196 135/1/195
f 101/1/197 137/1/197 138/1/197
f 138/1/197 102/1/197 101/1/197
f 114/1/198 139/1/199 133/1/199
f 133/1/199 115/1/200 114/1/198
f 136/1/201 126/1/202 128/1/201
f 128/1/201 140/1/203 136/1/201
f 100/1/204 141/1/205 137/1/206
f 137/1/206 101/1/205 100/1/204
f 113/1/207 142/1/207 139/1/207
f 139/1/207 114/1/207 113/1/207
f 140/1/208 128/1/209 127/1/209
f 127/1/209 143/1/210 140/1/208
f 99/1/211 144/1/212 141/1/212
f 141/1/212 100/1/211 99/1/211
f 112/1/213 145/1/213 142/1/213
f 142/1/213 113/1/213 112/1/213
f 127/1/214 125/1/215 146/1/216
f 146/1/216 143/1/217 127/1/214
f 98/1/218 147/1/219 144/1/218
f 144/1/218 99/1/220 98/1/218
f 111/1/221 148/1/222 145/1/221
f 145/1/221 112/1/223 111/1/221
f 124/1/224 149/1/225 146/1/226
f 146/1/226 125/1/227 124/1/224
f 98/1/228 97/1/228 135/1/228
f 135/1/228 147/1/228 98/1/228
f 110/1/229 150/1/230 148/1/231
f 148/1/231 111/1/232 110/1/229
f 151/1/233 149/1/234 124/1/235
f 124/1/235 123/1/236 151/1/233
f 109/1/237 152/1/238 150/1/239
f 150/1/239 110/1/240 109/1/237
f 122/1/241 153/1/241 151/1/241
f 151/1/241 123/1/241 122/1/241
f 108/1/242 154/1/243 152/1/244
f 152/1/244 109/1/245 108/1/242
f 132/1/246 153/1/247 122/1/247
f 122/1/247 121/1/248 132/1/246
f 107/1/249 155/1/250 154/1/249
f 154/1/249 108/1/251 107/1/249
f 132/1/252 121/1/253 120/1/254
f 120/1/254 129/1/255 132/1/252
f 106/1/256 156/1/257 155/1/258
f 155/1/258 107/1/257 106/1/256
f 120/1/259 119/1/259 157/1/259
f 157/1/259 129/1/259 120/1/259
f 105/1/260 158/1/261 156/1/262
f 156/1/262 106/1/263 105/1/260
f 118/1/264 159/1/265 157/1/266
f 157/1/266 119/1/267 118/1/264
f 104/1/268 160/1/269 158/1/270
f 158/1/270 105/1/271 104/1/268
f 117/1/272 161/1/273 159/1/274
f 159/1/274 118/1/275 117/1/272
f 103/1/276 162/1/277 160/1/278
f 160/1/278 104/1/276 103/1/276
f 116/1/279 134/1/279 161/1/279
f 161/1/279 117/1/279 116/1/279
f 102/1/280 138/1/281 162/1/282
f 162/1/282 103/1/283 102/1/280
f 163/1/284 164/1/285 165/1/286
f 165/1/286 166/1/287 163/1/284
f 156/1/288 167/1/289 168/1/290
f 168/1/290 155/1/291 156/1/288
f 157/1/292 169/1/293 130/1/292
f 130/1/292 129/1/294 157/1/292
f 158/1/295 170/1/295 167/1/296
f 167/1/296 156/1/297 158/1/295
f 159/1/298 166/1/299 169/1/300
f 169/1/300 157/1/301 159/1/298
f 160/1/302 171/1/302 170/1/303
f 170/1/303 158/1/303 160/1/302
f 161/1/304 163/1/305 166/1/306
f 166/1/306 159/1/307 161/1/304
f 162/1/308 172/1/309 171/1/310
f 171/1/310 160/1/311 162/1/308
f 134/1/312 173/1/313 163/1/312
f 163/1/312 161/1/314 134/1/312
f 138/1/315 174/1/316 172/1/317
f 172/1/317 162/1/318 138/1/315
f 133/1/319 175/1/320 173/1/321
f 173/1/321 134/1/322 133/1/319
f 136/1/323 176/1/323 177/1/323
f 177/1/323 135/1/323 136/1/323
f 137/1/324 178/1/325 174/1/326
f 174/1/326 138/1/327 137/1/324
f 139/1/328 179/1/329 175/1/328
f 175/1/328 133/1/330 139/1/328
f 140/1/331 180/1/332 176/1/333
f 176/1/333 136/1/333 140/1/331
f 141/1/334 181/1/335 178/1/336
f 178/1/336 137/1/335 141/1/334
f 142/1/337 182/1/337 179/1/338
f 179/1/338 139/1/339 142/1/337
f 143/1/340 183/1/341 180/1/342
f 180/1/342 140/1/343 143/1/340
f 144/1/344 184/1/345 181/1/346
f 181/1/346 141/1/347 144/1/344
f 145/1/348 185/1/349 182/1/350
f 182/1/350 142/1/351 145/1/348
f 146/1/352 186/1/353 183/1/354
f 183/1/354 143/1/355 146/1/352
f 147/1/356 187/1/357 184/1/356
f 184/1/356 144/1/358 147/1/356
f 148/1/359 188/1/360 185/1/361
f 185/1/361 145/1/362 148/1/359
f 149/1/363 189/1/364 186/1/365
f 186/1/365 146/1/366 149/1/363
f 147/1/367 135/1/368 177/1/368
f 177/1/368 187/1/369 147/1/367
f 150/1/370 190/1/371 188/1/372
f 188/1/372 148/1/373 150/1/370
f 151/1/374 191/1/375 189/1/374
f 189/1/374 149/1/376 151/1/374
f 152/1/377 192/1/378 190/1/379
f 190/1/379 150/1/378 152/1/377
f 153/1/380 193/1/381 191/1/382
f 191/1/382 151/1/380 153/1/380
f 154/1/383 194/1/384 192/1/383
f 192/1/383 152/1/383 154/1/383
f 132/1/385 131/1/386 193/1/387
f 193/1/387 153/1/388 132/1/385
f 155/1/389 168/1/390 194/1/391
f 194/1/391 154/1/392 155/1/389
f 195/1/200 196/1/200 197/1/393
f 197/1/393 198/1/394 195/1/200
f 172/1/395 199/1/396 200/1/397
f 200/1/397 171/1/398 172/1/395
f 173/1/399 201/1/400 164/1/399
f 164/1/399 163/1/399 173/1/399
f 174/1/401 202/1/401 199/1/401
f 199/1/401 172/1/401 174/1/401
f 175/1/402 195/1/402 201/1/402
f 201/1/402 173/1/402 175/1/402
f 176/1/403 203/1/404 204/1/405
f 204/1/405 177/1/403 176/1/403
f 178/1/406 205/1/407 202/1/407
f 202/1/407 174/1/408 178/1/406
f 179/1/409 196/1/409 195/1/410
f 195/1/410 175/1/410 179/1/409
f 180/1/411 206/1/412 203/1/413
f 203/1/413 176/1/414 180/1/411
f 181/1/415 207/1/416 205/1/415
f 205/1/415 178/1/417 181/1/415
f 182/1/418 208/1/419 196/1/420
f 196/1/420 179/1/419 182/1/418
f 183/1/421 209/1/422 206/1/421
f 206/1/421 180/1/423 183/1/421
f 184/1/424 210/1/424 207/1/425
f 207/1/425 181/1/426 184/1/424
f 185/1/427 211/1/428 208/1/429
f 208/1/429 182/1/430 185/1/427
f 186/1/431 212/1/432 209/1/432
f 209/1/432 183/1/432 186/1/431
f 187/1/433 213/1/433 210/1/433
f 210/1/433 184/1/433 187/1/433
f 188/1/434 214/1/434 211/1/435
f 211/1/435 185/1/434 188/1/434
f 189/1/436 215/1/437 212/1/438
f 212/1/438 186/1/439 189/1/436
f 187/1/440 177/1/441 204/1/440
f 204/1/440 213/1/440 187/1/440
f 190/1/442 216/1/443 214/1/443
f 214/1/443 188/1/443 190/1/442
f 191/1/444 217/1/445 215/1/444
f 215/1/444 189/1/446 191/1/444
f 192/1/447 218/1/448 216/1/449
f 216/1/449 190/1/450 192/1/447
f 193/1/451 219/1/452 217/1/453
f 217/1/453 191/1/454 193/1/451
f 194/1/455 220/1/455 218/1/456
f 218/1/456 192/1/455 194/1/455
f 131/1/457 221/1/457 219/1/458
f 219/1/458 193/1/459 131/1/457
f 168/1/460 222/1/460 220/1/460
f 220/1/460 194/1/460 168/1/460
f 130/1/461 223/1/462 221/1/461
f 221/1/461 131/1/463 130/1/461
f 167/1/464 224/1/465 222/1/466
f 222/1/466 168/1/467 167/1/464
f 169/1/468 225/1/469 223/1/470
f 223/1/470 130/1/471 169/1/468
f 170/1/472 226/1/473 224/1/474
f 224/1/474 167/1/475 170/1/472
f 166/1/476 165/1/477 225/1/478
f 225/1/478 169/1/479 166/1/476
f 171/1/480 200/1/481 226/1/482
f 226/1/482 170/1/483 171/1/480
f 227/1/484 228/1/485 229/1/486
f 229/1/486 230/1/487 227/1/484
f 206/1/488 231/1/489 232/1/488
f 232/1/488 203/1/490 206/1/488
f 233/1/491 234/1/491 205/1/492
f 205/1/492 207/1/493 233/1/491
f 196/1/494 208/1/495 235/1/496
f 235/1/496 197/1/494 196/1/494
f 209/1/210 236/1/497 231/1/498
f 231/1/498 206/1/498 209/1/210
f 207/1/211 210/1/212 237/1/212
f 237/1/212 233/1/499 207/1/211
f 208/1/500 211/1/500 230/1/500
f 230/1/500 235/1/501 208/1/500
f 212/1/502 238/1/217 236/1/217
f 236/1/217 209/1/217 212/1/502
f 210/1/220 213/1/503 239/1/220
f 239/1/220 237/1/218 210/1/220
f 211/1/504 214/1/505 227/1/506
f 227/1/506 230/1/507 211/1/504
f 215/1/508 240/1/509 238/1/508
f 238/1/508 212/1/508 215/1/508
f 239/1/510 213/1/511 204/1/512
f 204/1/512 241/1/513 239/1/510
f 214/1/514 216/1/232 242/1/514
f 242/1/514 227/1/515 214/1/514
f 217/1/516 243/1/517 240/1/518
f 240/1/518 215/1/519 217/1/516
f 244/1/239 242/1/239 216/1/239
f 216/1/239 218/1/520 244/1/239
f 219/1/521 245/1/522 243/1/523
f 243/1/523 217/1/521 219/1/521
f 218/1/244 220/1/244 246/1/244
f 246/1/244 244/1/244 218/1/244
f 219/1/524 221/1/525 247/1/248
f 247/1/248 245/1/526 219/1/524
f 220/1/527 222/1/528 248/1/529
f 248/1/529 246/1/249 220/1/527
f 221/1/530 223/1/253 249/1/530
f 249/1/530 247/1/530 221/1/530
f 250/1/531 248/1/532 222/1/533
f 222/1/533 224/1/534 250/1/531
f 249/1/535 223/1/536 225/1/537
f 225/1/537 251/1/538 249/1/535
f 224/1/539 226/1/540 252/1/541
f 252/1/541 250/1/542 224/1/539
f 225/1/543 165/1/544 253/1/545
f 253/1/545 251/1/546 225/1/543
f 226/1/547 200/1/548 254/1/549
f 254/1/549 252/1/550 226/1/547
f 253/1/551 165/1/551 164/1/551
f 164/1/551 255/1/551 253/1/551
f 256/1/552 254/1/553 200/1/554
f 200/1/554 199/1/276 256/1/552
f 255/1/555 164/1/556 201/1/557
f 201/1/557 257/1/558 255/1/555
f 199/1/559 202/1/560 258/1/561
f 258/1/561 256/1/562 199/1/559
f 198/1/193 257/1/193 201/1/193
f 201/1/193 195/1/193 198/1/193
f 203/1/563 232/1/563 241/1/563
f 241/1/563 204/1/564 203/1/563
f 202/1/565 205/1/565 234/1/565
f 234/1/565 258/1/565 202/1/565
f 259/1/566 260/1/567 261/1/566
f 261/1/566 262/1/568 259/1/566
f 240/1/569 263/1/570 264/1/571
f 264/1/571 238/1/572 240/1/569
f 265/1/573 239/1/574 241/1/575
f 241/1/575 266/1/576 265/1/573
f 228/1/577 227/1/577 242/1/578
f 242/1/578 267/1/579 228/1/577
f 268/1/580 263/1/581 240/1/581
f 240/1/581 243/1/580 268/1/580
f 244/1/582 262/1/583 267/1/584
f 267/1/584 242/1/585 244/1/582
f 245/1/586 269/1/587 268/1/588
f 268/1/588 243/1/589 245/1/586
f 246/1/590 259/1/591 262/1/592
f 262/1/592 244/1/593 246/1/590
f 247/1/594 270/1/595 269/1/596
f 269/1/596 245/1/597 247/1/594
f 271/1/598 259/1/599 246/1/600
f 246/1/600 248/1/601 271/1/598
f 249/1/602 272/1/603 270/1/604
f 270/1/604 247/1/605 249/1/602
f 250/1/606 273/1/607 271/1/608
f 271/1/608 248/1/609 250/1/606
f 274/1/610 272/1/611 249/1/612
f 249/1/612 251/1/613 274/1/610
f 252/1/614 275/1/615 273/1/616
f 273/1/616 250/1/617 252/1/614
f 253/1/618 276/1/618 274/1/619
f 274/1/619 251/1/620 253/1/618
f 277/1/621 275/1/622 252/1/623
f 252/1/623 254/1/624 277/1/621
f 255/1/625 278/1/625 276/1/625
f 276/1/625 253/1/626 255/1/625
f 256/1/627 279/1/627 277/1/627
f 277/1/627 254/1/628 256/1/627
f 280/1/629 278/1/630 255/1/631
f 255/1/631 257/1/629 280/1/629
f 258/1/632 281/1/633 279/1/634
f 279/1/634 256/1/634 258/1/632
f 198/1/635 282/1/635 280/1/636
f 280/1/636 257/1/635 198/1/635
f 232/1/637 283/1/638 266/1/639
f 266/1/639 241/1/640 232/1/637
f 281/1/641 258/1/642 234/1/643
f 234/1/643 284/1/644 281/1/641
f 197/1/645 285/1/646 282/1/645
f 282/1/645 198/1/647 197/1/645
f 231/1/648 286/1/649 283/1/650
f 283/1/650 232/1/651 231/1/648
f 233/1/652 287/1/653 284/1/654
f 284/1/654 234/1/652 233/1/652
f 288/1/655 285/1/656 197/1/657
f 197/1/657 235/1/658 288/1/655
f 289/1/659 286/1/660 231/1/661
f 231/1/661 236/1/662 289/1/659
f 237/1/663 290/1/664 287/1/665
f 287/1/665 233/1/665 237/1/663
f 230/1/666 229/1/667 288/1/668
f 288/1/668 235/1/669 230/1/666
f 238/1/670 264/1/671 289/1/671
f 289/1/671 236/1/670 238/1/670
f 265/1/672 290/1/673 237/1/674
f 237/1/674 239/1/675 265/1/672
f 291/1/676 292/1/541 293/1/677
f 293/1/677 294/1/678 291/1/676
f 295/1/679 269/1/679 270/1/680
f 270/1/680 296/1/681 295/1/679
f 271/1/682 297/1/683 260/1/682
f 260/1/682 259/1/684 271/1/682
f 272/1/685 298/1/685 296/1/685
f 296/1/685 270/1/686 272/1/685
f 297/1/687 271/1/688 273/1/687
f 273/1/687 293/1/689 297/1/687
f 274/1/690 299/1/691 298/1/692
f 298/1/692 272/1/693 274/1/690
f 275/1/694 294/1/695 293/1/696
f 293/1/696 273/1/697 275/1/694
f 300/1/698 299/1/699 274/1/700
f 274/1/700 276/1/701 300/1/698
f 277/1/702 301/1/703 294/1/704
f 294/1/704 275/1/705 277/1/702
f 278/1/706 302/1/707 300/1/708
f 300/1/708 276/1/709 278/1/706
f 301/1/710 277/1/711 279/1/710
f 279/1/710 303/1/712 301/1/710
f 280/1/713 304/1/714 302/1/715
f 302/1/715 278/1/716 280/1/713
f 281/1/717 305/1/718 303/1/719
f 303/1/719 279/1/720 281/1/717
f 306/1/721 304/1/722 280/1/722
f 280/1/722 282/1/722 306/1/721
f 266/1/723 283/1/724 307/1/725
f 307/1/725 308/1/726 266/1/723
f 284/1/727 309/1/728 305/1/729
f 305/1/729 281/1/730 284/1/727
f 285/1/731 310/1/732 306/1/731
f 306/1/731 282/1/733 285/1/731
f 286/1/734 311/1/735 307/1/736
f 307/1/736 283/1/737 286/1/734
f 312/1/738 309/1/739 284/1/739
f 284/1/739 287/1/740 312/1/738
f 288/1/741 313/1/742 310/1/741
f 310/1/741 285/1/741 288/1/741
f 289/1/743 314/1/744 311/1/745
f 311/1/745 286/1/746 289/1/743
f 290/1/747 315/1/748 312/1/747
f 312/1/747 287/1/749 290/1/747
f 313/1/750 288/1/751 229/1/752
f 229/1/752 316/1/750 313/1/750
f 264/1/753 317/1/754 314/1/755
f 314/1/755 289/1/756 264/1/753
f 265/1/757 318/1/758 315/1/759
f 315/1/759 290/1/760 265/1/757
f 228/1/761 319/1/762 316/1/761
f 316/1/761 229/1/763 228/1/761
f 317/1/764 264/1/765 263/1/766
f 263/1/766 320/1/767 317/1/764
f 308/1/768 318/1/769 265/1/769
f 265/1/769 266/1/769 308/1/768
f 267/1/770 321/1/771 319/1/772
f 319/1/772 228/1/773 267/1/770
f 268/1/774 322/1/775 320/1/776
f 320/1/776 263/1/775 268/1/774
f 321/1/777 267/1/777 262/1/778
f 262/1/778 261/1/779 321/1/777
f 269/1/780 295/1/781 322/1/780
f 322/1/780 268/1/782 269/1/780
f 323/1/783 324/1/783 325/1/783
f 325/1/783 326/1/783 323/1/783
f 300/1/784 327/1/265 328/1/785
f 328/1/785 299/1/786 300/1/784
f 301/1/787 329/1/788 291/1/789
f 291/1/789 294/1/788 301/1/787
f 330/1/790 327/1/790 300/1/791
f 300/1/791 302/1/791 330/1/790
f 303/1/792 326/1/792 329/1/792
f 329/1/792 301/1/793 303/1/792
f 304/1/794 331/1/795 330/1/794
f 330/1/794 302/1/556 304/1/794
f 323/1/796 326/1/797 303/1/798
f 303/1/798 305/1/796 323/1/796
f 306/1/799 332/1/799 331/1/799
f 331/1/799 304/1/800 306/1/799
f 308/1/801 307/1/801 333/1/196
f 333/1/196 334/1/802 308/1/801
f 309/1/803 335/1/803 323/1/804
f 323/1/804 305/1/565 309/1/803
f 336/1/805 332/1/393 306/1/806
f 306/1/806 310/1/807 336/1/805
f 333/1/808 307/1/809 311/1/810
f 311/1/810 337/1/490 333/1/808
f 312/1/811 338/1/812 335/1/811
f 335/1/811 309/1/811 312/1/811
f 313/1/813 339/1/813 336/1/813
f 336/1/813 310/1/813 313/1/813
f 337/1/814 311/1/815 314/1/815
f 314/1/815 340/1/814 337/1/814
f 341/1/816 338/1/816 312/1/816
f 312/1/816 315/1/816 341/1/816
f 316/1/817 342/1/818 339/1/818
f 339/1/818 313/1/818 316/1/817
f 317/1/214 343/1/819 340/1/819
f 340/1/819 314/1/214 317/1/214
f 318/1/820 344/1/820 341/1/820
f 341/1/820 315/1/820 318/1/820
f 345/1/821 342/1/822 316/1/822
f 316/1/822 319/1/823 345/1/821
f 320/1/824 346/1/825 343/1/824
f 343/1/824 317/1/825 320/1/824
f 334/1/511 344/1/826 318/1/511
f 318/1/511 308/1/827 334/1/511
f 321/1/828 347/1/828 345/1/828
f 345/1/828 319/1/829 321/1/828
f 346/1/830 320/1/831 322/1/832
f 322/1/832 348/1/833 346/1/830
f 261/1/834 349/1/834 347/1/834
f 347/1/834 321/1/835 261/1/834
f 295/1/836 350/1/837 348/1/838
f 348/1/838 322/1/838 295/1/836
f 351/1/839 349/1/839 261/1/839
f 261/1/839 260/1/839 351/1/839
f 296/1/248 352/1/840 350/1/248
f 350/1/248 295/1/524 296/1/248
f 297/1/841 353/1/841 351/1/841
f 351/1/841 260/1/841 297/1/841
f 354/1/842 352/1/843 296/1/842
f 296/1/842 298/1/843 354/1/842
f 293/1/533 292/1/844 353/1/844
f 353/1/844 297/1/533 293/1/533
f 299/1/845 328/1/846 354/1/847
f 354/1/847 298/1/848 299/1/845
f 355/1/849 356/1/850 357/1/851
f 357/1/851 358/1/852 355/1/849
f 332/1/853 359/1/853 360/1/853
f 360/1/853 331/1/853 332/1/853
f 361/1/854 362/1/855 334/1/856
f 334/1/856 333/1/855 361/1/854
f 363/1/857 324/1/858 323/1/857
f 323/1/857 335/1/858 363/1/857
f 336/1/859 364/1/860 359/1/859
f 359/1/859 332/1/860 336/1/859
f 337/1/861 365/1/862 361/1/863
f 361/1/863 333/1/862 337/1/861
f 338/1/864 366/1/864 363/1/864
f 363/1/864 335/1/864 338/1/864
f 367/1/865 364/1/865 336/1/866
f 336/1/866 339/1/865 367/1/865
f 340/1/867 368/1/868 365/1/869
f 365/1/869 337/1/868 340/1/867
f 341/1/870 369/1/871 366/1/872
f 366/1/872 338/1/871 341/1/870
f 342/1/873 370/1/873 367/1/873
f 367/1/873 339/1/873 342/1/873
f 371/1/874 368/1/875 340/1/875
f 340/1/875 343/1/875 371/1/874
f 369/1/876 341/1/876 344/1/876
f 344/1/876 372/1/876 369/1/876
f 345/1/877 373/1/877 370/1/877
f 370/1/877 342/1/877 345/1/877
f 346/1/878 374/1/878 371/1/879
f 371/1/879 343/1/878 346/1/878
f 362/1/880 372/1/880 344/1/880
f 344/1/880 334/1/880 362/1/880
f 373/1/881 345/1/882 347/1/883
f 347/1/883 375/1/882 373/1/881
f 348/1/884 376/1/885 374/1/886
f 374/1/886 346/1/885 348/1/884
f 349/1/887 377/1/888 375/1/888
f 375/1/888 347/1/888 349/1/887
f 378/1/889 376/1/889 348/1/889
f 348/1/889 350/1/889 378/1/889
f 351/1/890 379/1/890 377/1/890
f 377/1/890 349/1/890 351/1/890
f 352/1/891 380/1/892 378/1/893
f 378/1/893 350/1/892 352/1/891
f 357/1/894 379/1/895 351/1/894
f 351/1/894 353/1/894 357/1/894
f 354/1/896 381/1/897 380/1/898
f 380/1/898 352/1/897 354/1/896
f 292/1/899 358/1/899 357/1/900
f 357/1/900 353/1/899 292/1/899
f 381/1/901 354/1/902 328/1/902
f 328/1/902 382/1/902 381/1/901
f 291/1/903 383/1/903 358/1/904
f 358/1/904 292/1/905 291/1/903
f 327/1/906 384/1/906 382/1/907
f 382/1/907 328/1/906 327/1/906
f 383/1/908 291/1/909 329/1/910
f 329/1/910 385/1/908 383/1/908
f 330/1/911 386/1/911 384/1/912
f 384/1/912 327/1/911 330/1/911
f 326/1/913 325/1/913 385/1/913
f 385/1/913 329/1/913 326/1/913
f 360/1/914 386/1/915 330/1/915
f 330/1/915 331/1/916 360/1/914
f 387/1/917 388/1/917 389/1/917
f 389/1/917 390/1/917 387/1/917
f 382/1/918 391/1/919 392/1/920
f 392/1/920 381/1/921 382/1/918
f 383/1/922 393/1/923 355/1/922
f 355/1/922 358/1/922 383/1/922
f 394/1/924 391/1/925 382/1/926
f 382/1/926 384/1/924 394/1/924
f 385/1/927 390/1/928 393/1/927
f 393/1/927 383/1/929 385/1/927
f 386/1/930 395/1/931 394/1/932
f 394/1/932 384/1/933 386/1/930
f 390/1/934 385/1/935 325/1/936
f 325/1/936 387/1/937 390/1/934
f 360/1/938 396/1/939 395/1/938
f 395/1/938 386/1/940 360/1/938
f 324/1/941 397/1/942 387/1/941
f 387/1/941 325/1/943 324/1/941
f 396/1/944 360/1/944 359/1/944
f 359/1/944 398/1/945 396/1/944
f 362/1/946 361/1/947 399/1/946
f 399/1/946 400/1/948 362/1/946
f 363/1/949 401/1/949 397/1/949
f 397/1/949 324/1/950 363/1/949
f 364/1/951 402/1/952 398/1/953
f 398/1/953 359/1/954 364/1/951
f 365/1/955 403/1/956 399/1/955
f 399/1/955 361/1/957 365/1/955
f 404/1/958 401/1/959 363/1/960
f 363/1/960 366/1/960 404/1/958
f 367/1/961 405/1/962 402/1/963
f 402/1/963 364/1/964 367/1/961
f 368/1/965 406/1/966 403/1/967
f 403/1/967 365/1/968 368/1/965
f 369/1/969 407/1/970 404/1/971
f 404/1/971 366/1/972 369/1/969
f 408/1/973 405/1/974 367/1/973
f 367/1/973 370/1/975 408/1/973
f 371/1/976 409/1/977 406/1/978
f 406/1/978 368/1/979 371/1/976
f 372/1/980 410/1/981 407/1/982
f 407/1/982 369/1/983 372/1/980
f 373/1/984 411/1/984 408/1/984
f 408/1/984 370/1/985 373/1/984
f 409/1/986 371/1/986 374/1/986
f 374/1/986 412/1/986 409/1/986
f 400/1/987 410/1/988 372/1/989
f 372/1/989 362/1/990 400/1/987
f 375/1/991 413/1/991 411/1/991
f 411/1/991 373/1/992 375/1/991
f 376/1/993 414/1/994 412/1/993
f 412/1/993 374/1/995 376/1/993
f 413/1/996 375/1/996 377/1/997
f 377/1/997 415/1/996 413/1/996
f 378/1/998 416/1/999 414/1/1000
f 414/1/1000 376/1/1001 378/1/998
f 379/1/1002 417/1/1003 415/1/1002
f 415/1/1002 377/1/1004 379/1/1002
f 418/1/1005 416/1/1006 378/1/1007
f 378/1/1007 380/1/1008 418/1/1005
f 357/1/1009 356/1/1010 417/1/1011
f 417/1/1011 379/1/1012 357/1/1009
f 381/1/1013 392/1/1014 418/1/1015
f 418/1/1015 380/1/1016 381/1/1013
f 419/1/1017 420/1/1017 421/1/1018
f 421/1/1018 422/1/1017 419/1/1017
f 396/1/1019 423/1/1020 424/1/1021
f 424/1/1021 395/1/1021 396/1/1019
f 387/1/1022 397/1/1023 425/1/1024
f 425/1/1024 388/1/1025 387/1/1022
f 398/1/1026 426/1/1027 423/1/1028
f 423/1/1028 396/1/1029 398/1/1026
f 400/1/1030 399/1/1031 427/1/1031
f 427/1/1031 428/1/1031 400/1/1030
f 425/1/1032 397/1/1033 401/1/1032
f 401/1/1032 420/1/1032 425/1/1032
f 398/1/1034 402/1/1035 429/1/1034
f 429/1/1034 426/1/1036 398/1/1034
f 427/1/1037 399/1/1037 403/1/1038
f 403/1/1038 430/1/1037 427/1/1037
f 404/1/1039 421/1/1039 420/1/1040
f 420/1/1040 401/1/1041 404/1/1039
f 429/1/1042 402/1/1042 405/1/1042
f 405/1/1042 431/1/1042 429/1/1042
f 430/1/1043 403/1/1044 406/1/1045
f 406/1/1045 432/1/1046 430/1/1043
f 404/1/1047 407/1/1048 433/1/1049
f 433/1/1049 421/1/1050 404/1/1047
f 408/1/1051 434/1/1052 431/1/1052
f 431/1/1052 405/1/1051 408/1/1051
f 409/1/1053 435/1/1053 432/1/1053
f 432/1/1053 406/1/1053 409/1/1053
f 433/1/1054 407/1/1054 410/1/1055
f 410/1/1055 436/1/1054 433/1/1054
f 408/1/1056 411/1/1057 437/1/1056
f 437/1/1056 434/1/1058 408/1/1056
f 412/1/1059 438/1/1059 435/1/1059
f 435/1/1059 409/1/1059 412/1/1059
f 410/1/1060 400/1/1060 428/1/1061
f 428/1/1061 436/1/1060 410/1/1060
f 437/1/1062 411/1/1063 413/1/1064
f 413/1/1064 439/1/1065 437/1/1062
f 438/1/1066 412/1/1067 414/1/1067
f 414/1/1067 440/1/1066 438/1/1066
f 415/1/1068 441/1/1069 439/1/1070
f 439/1/1070 413/1/1071 415/1/1068
f 416/1/1072 442/1/1072 440/1/1072
f 440/1/1072 414/1/1072 416/1/1072
f 415/1/1073 417/1/1074 443/1/1075
f 443/1/1075 441/1/1076 415/1/1073
f 418/1/1077 444/1/1078 442/1/1079
f 442/1/1079 416/1/1078 418/1/1077
f 443/1/1080 417/1/1081 356/1/1080
f 356/1/1080 445/1/1081 443/1/1080
f 418/1/1082 392/1/1083 446/1/1084
f 446/1/1084 444/1/1085 418/1/1082
f 355/1/1086 447/1/1086 445/1/1086
f 445/1/1086 356/1/1086 355/1/1086
f 446/1/1087 392/1/1088 391/1/1087
f 391/1/1087 448/1/1087 446/1/1087
f 355/1/1089 393/1/1090 449/1/1091
f 449/1/1091 447/1/1092 355/1/1089
f 450/1/1093 448/1/1094 391/1/1095
f 391/1/1095 394/1/1093 450/1/1093
f 449/1/1096 393/1/1097 390/1/1096
f 390/1/1096 389/1/1098 449/1/1096
f 450/1/1099 394/1/1099 395/1/1099
f 395/1/1099 424/1/1099 450/1/1099
f 451/1/1100 452/1/1101 453/1/1101
f 453/1/1101 454/1/1102 451/1/1100
f 431/1/1103 455/1/1103 456/1/1103
f 456/1/1103 429/1/1103 431/1/1103
f 432/1/1104 457/1/1105 458/1/1105
f 458/1/1105 430/1/1105 432/1/1104
f 433/1/1106 459/1/1107 422/1/1107
f 422/1/1107 421/1/1107 433/1/1106
f 455/1/1108 431/1/1108 434/1/1108
f 434/1/1108 460/1/1108 455/1/1108
f 432/1/1109 435/1/1110 461/1/1110
f 461/1/1110 457/1/1110 432/1/1109
f 436/1/1111 453/1/1111 459/1/1111
f 459/1/1111 433/1/1111 436/1/1111
f 437/1/1112 462/1/1112 460/1/1112
f 460/1/1112 434/1/1112 437/1/1112
f 461/1/1113 435/1/1114 438/1/1115
f 438/1/1115 463/1/1114 461/1/1113
f 454/1/1116 453/1/1116 436/1/1117
f 436/1/1117 428/1/1116 454/1/1116
f 439/1/1118 464/1/1118 462/1/1118
f 462/1/1118 437/1/1118 439/1/1118
f 440/1/1119 465/1/1120 463/1/1121
f 463/1/1121 438/1/1120 440/1/1119
f 464/1/1122 439/1/1123 441/1/1123
f 441/1/1123 466/1/1122 464/1/1122
f 440/1/1124 442/1/1125 467/1/1125
f 467/1/1125 465/1/1125 440/1/1124
f 443/1/1126 468/1/1126 466/1/1126
f 466/1/1126 441/1/1126 443/1/1126
f 467/1/1127 442/1/1128 444/1/1127
f 444/1/1127 469/1/1128 467/1/1127
f 445/1/1129 470/1/1130 468/1/1130
f 468/1/1130 443/1/1130 445/1/1129
f 446/1/1131 471/1/1132 469/1/1133
f 469/1/1133 444/1/1132 446/1/1131
f 470/1/1134 445/1/1134 447/1/1135
f 447/1/1135 472/1/1134 470/1/1134
f 448/1/1136 473/1/1137 471/1/1138
f 471/1/1138 446/1/1137 448/1/1136
f 449/1/1139 474/1/1140 472/1/1141
f 472/1/1141 447/1/1140 449/1/1139
f 448/1/1142 450/1/1143 475/1/1143
f 475/1/1143 473/1/1143 448/1/1142
f 389/1/1144 476/1/1145 474/1/1146
f 474/1/1146 449/1/1147 389/1/1144
f 477/1/1148 475/1/1149 450/1/1150
f 450/1/1150 424/1/1149 477/1/1148
f 476/1/1151 389/1/1151 388/1/1151
f 388/1/1151 478/1/1151 476/1/1151
f 477/1/1152 424/1/1152 423/1/1152
f 423/1/1152 479/1/1152 477/1/1152
f 425/1/1153 480/1/1153 478/1/1154
f 478/1/1154 388/1/1153 425/1/1153
f 479/1/1155 423/1/1155 426/1/1156
f 426/1/1156 481/1/1155 479/1/1155
f 427/1/1157 482/1/1157 454/1/1157
f 454/1/1157 428/1/1157 427/1/1157
f 420/1/1158 419/1/1158 480/1/1159
f 480/1/1159 425/1/1158 420/1/1158
f 429/1/1160 456/1/1161 481/1/1161
f 481/1/1161 426/1/1161 429/1/1160
f 482/1/1162 427/1/1162 430/1/1163
f 430/1/1163 458/1/1162 482/1/1162
f 483/1/1164 484/1/1165 485/1/1166
f 485/1/1166 486/1/1167 483/1/1164
f 464/1/1168 487/1/1169 488/1/1170
f 488/1/1170 462/1/1171 464/1/1168
f 489/1/1172 463/1/1173 465/1/1174
f 465/1/1174 490/1/1172 489/1/1172
f 466/1/1175 491/1/1176 487/1/1177
f 487/1/1177 464/1/1178 466/1/1175
f 467/1/1179 492/1/1180 490/1/1181
f 490/1/1181 465/1/1180 467/1/1179
f 491/1/1182 466/1/1183 468/1/1184
f 468/1/1184 486/1/1185 491/1/1182
f 469/1/1186 493/1/1187 492/1/1188
f 492/1/1188 467/1/1189 469/1/1186
f 470/1/1190 483/1/1191 486/1/1192
f 486/1/1192 468/1/1193 470/1/1190
f 493/1/1194 469/1/1195 471/1/1196
f 471/1/1196 494/1/1196 493/1/1194
f 472/1/1197 495/1/1198 483/1/1199
f 483/1/1199 470/1/1197 472/1/1197
f 473/1/1200 496/1/1201 494/1/1202
f 494/1/1202 471/1/1200 473/1/1200
f 495/1/1203 472/1/1204 474/1/1205
f 474/1/1205 497/1/1206 495/1/1203
f 475/1/1207 498/1/1208 496/1/1209
f 496/1/1209 473/1/1207 475/1/1207
f 476/1/1210 499/1/1211 497/1/1212
f 497/1/1212 474/1/1213 476/1/1210
f 498/1/1214 475/1/1215 477/1/1216
f 477/1/1216 500/1/1216 498/1/1214
f 478/1/1217 501/1/1218 499/1/1219
f 499/1/1219 476/1/1220 478/1/1217
f 479/1/1221 502/1/1222 500/1/1223
f 500/1/1223 477/1/1224 479/1/1221
f 501/1/1225 478/1/1226 480/1/1227
f 480/1/1227 503/1/1228 501/1/1225
f 481/1/1229 504/1/1230 502/1/1231
f 502/1/1231 479/1/1232 481/1/1229
f 454/1/1233 482/1/1234 505/1/1235
f 505/1/1235 451/1/1233 454/1/1233
f 419/1/1236 506/1/1237 503/1/1238
f 503/1/1238 480/1/1239 419/1/1236
f 504/1/1240 481/1/1241 456/1/1242
f 456/1/1242 507/1/1243 504/1/1240
f 458/1/1244 508/1/1245 505/1/1246
f 505/1/1246 482/1/1247 458/1/1244
f 422/1/1248 509/1/1249 506/1/1250
f 506/1/1250 419/1/1251 422/1/1248
f 455/1/1252 510/1/1253 507/1/1254
f 507/1/1254 456/1/1255 455/1/1252
f 508/1/1256 458/1/1257 457/1/1258
f 457/1/1258 511/1/1259 508/1/1256
f 509/1/1260 422/1/1261 459/1/1262
f 459/1/1262 512/1/1263 509/1/1260
f 460/1/1264 513/1/1265 510/1/1266
f 510/1/1266 455/1/1266 460/1/1264
f 461/1/1267 514/1/1268 511/1/1267
f 511/1/1267 457/1/1269 461/1/1267
f 453/1/1270 452/1/1271 512/1/1272
f 512/1/1272 459/1/1273 453/1/1270
f 513/1/1274 460/1/1274 462/1/1274
f 462/1/1274 488/1/1275 513/1/1274
f 463/1/1276 489/1/1277 514/1/1278
f 514/1/1278 461/1/1279 463/1/1276
f 515/1/1280 516/1/1280 517/1/1281
f 517/1/1281 518/1/1280 515/1/1280
f 519/1/1282 520/1/1283 493/1/1284
f 493/1/1284 494/1/1285 519/1/1282
f 495/1/1286 521/1/1286 484/1/1287
f 484/1/1287 483/1/1288 495/1/1286
f 496/1/1289 522/1/1290 519/1/1291
f 519/1/1291 494/1/1292 496/1/1289
f 516/1/1293 521/1/1294 495/1/1295
f 495/1/1295 497/1/1296 516/1/1293
f 498/1/1297 523/1/1298 522/1/1299
f 522/1/1299 496/1/1300 498/1/1297
f 499/1/1301 517/1/1301 516/1/1301
f 516/1/1301 497/1/1301 499/1/1301
f 524/1/1302 523/1/1303 498/1/1304
f 498/1/1304 500/1/1304 524/1/1302
f 501/1/1305 525/1/1306 517/1/1307
f 517/1/1307 499/1/1308 501/1/1305
f 502/1/1309 526/1/1309 524/1/1309
f 524/1/1309 500/1/1309 502/1/1309
f 527/1/1310 525/1/1311 501/1/1312
f 501/1/1312 503/1/1313 527/1/1310
f 504/1/1314 528/1/1315 526/1/1314
f 526/1/1314 502/1/1314 504/1/1314
f 529/1/1316 451/1/1317 505/1/1318
f 505/1/1318 530/1/1316 529/1/1316
f 506/1/1319 531/1/1319 527/1/1319
f 527/1/1319 503/1/1319 506/1/1319
f 532/1/1320 528/1/1320 504/1/1320
f 504/1/1320 507/1/1321 532/1/1320
f 530/1/1322 505/1/1322 508/1/1322
f 508/1/1322 533/1/1322 530/1/1322
f 509/1/1323 534/1/1324 531/1/1324
f 531/1/1324 506/1/1325 509/1/1323
f 510/1/1326 535/1/1326 532/1/1326
f 532/1/1326 507/1/1326 510/1/1326
f 511/1/1327 536/1/1328 533/1/1329
f 533/1/1329 508/1/1328 511/1/1327
f 537/1/1330 534/1/1331 509/1/1332
f 509/1/1332 512/1/1332 537/1/1330
f 513/1/1333 538/1/1334 535/1/1333
f 535/1/1333 510/1/1335 513/1/1333
f 536/1/1336 511/1/1336 514/1/1336
f 514/1/1336 539/1/1336 536/1/1336
f 452/1/1337 540/1/1338 537/1/1337
f 537/1/1337 512/1/1339 452/1/1337
f 541/1/1340 538/1/1341 513/1/1342
f 513/1/1342 488/1/1342 541/1/1340
f 489/1/1343 542/1/1344 539/1/1345
f 539/1/1345 514/1/1346 489/1/1343
f 529/1/1347 540/1/1348 452/1/1347
f 452/1/1347 451/1/1347 529/1/1347
f 487/1/1349 543/1/1349 541/1/1350
f 541/1/1350 488/1/1350 487/1/1349
f 490/1/1351 544/1/1352 542/1/1353
f 542/1/1353 489/1/1354 490/1/1351
f 491/1/1355 545/1/1356 543/1/1357
f 543/1/1357 487/1/1358 491/1/1355
f 544/1/1359 490/1/1360 492/1/1361
f 492/1/1361 546/1/1362 544/1/1359
f 485/1/1363 545/1/1364 491/1/1365
f 491/1/1365 486/1/1363 485/1/1363
f 493/1/1366 520/1/1367 546/1/1368
f 546/1/1368 492/1/1366 493/1/1366
f 547/1/1369 548/1/1370 549/1/1369
f 549/1/1369 550/1/1371 547/1/1369
f 524/1/1372 551/1/1372 552/1/1372
f 552/1/1372 523/1/1372 524/1/1372
f 525/1/1373 553/1/1374 518/1/1374
f 518/1/1374 517/1/1374 525/1/1373
f 554/1/1375 551/1/1376 524/1/1377
f 524/1/1377 526/1/1376 554/1/1375
f 527/1/1378 555/1/1378 553/1/1378
f 553/1/1378 525/1/1378 527/1/1378
f 528/1/1379 556/1/1380 554/1/1380
f 554/1/1380 526/1/1380 528/1/1379
f 548/1/1381 547/1/1381 529/1/1381
f 529/1/1381 530/1/1381 548/1/1381
f 557/1/1382 555/1/1382 527/1/1382
f 527/1/1382 531/1/1382 557/1/1382
f 532/1/1383 558/1/1384 556/1/1384
f 556/1/1384 528/1/1384 532/1/1383
f 533/1/1385 559/1/1386 548/1/1386
f 548/1/1386 530/1/1386 533/1/1385
f 534/1/1387 560/1/1387 557/1/1387
f 557/1/1387 531/1/1387 534/1/1387
f 561/1/1388 558/1/1388 532/1/1389
f 532/1/1389 535/1/1388 561/1/1388
f 536/1/1390 562/1/1391 559/1/1391
f 559/1/1391 533/1/1391 536/1/1390
f 537/1/1392 563/1/1392 560/1/1392
f 560/1/1392 534/1/1392 537/1/1392
f 538/1/1393 564/1/1393 561/1/1393
f 561/1/1393 535/1/1393 538/1/1393
f 565/1/1394 562/1/1394 536/1/1394
f 536/1/1394 539/1/1394 565/1/1394
f 566/1/1395 563/1/1396 537/1/1395
f 537/1/1395 540/1/1395 566/1/1395
f 541/1/1397 567/1/1398 564/1/1399
f 564/1/1399 538/1/1399 541/1/1397
f 542/1/1400 568/1/1400 565/1/1400
f 565/1/1400 539/1/1400 542/1/1400
f 566/1/1401 540/1/1401 529/1/1401
f 529/1/1401 547/1/1401 566/1/1401
f 567/1/1402 541/1/1402 543/1/1402
f 543/1/1402 569/1/1402 567/1/1402
f 544/1/1403 570/1/1404 568/1/1405
f 568/1/1405 542/1/1404 544/1/1403
f 545/1/1406 571/1/1406 569/1/1406
f 569/1/1406 543/1/1406 545/1/1406
f 572/1/1407 570/1/1408 544/1/1408
f 544/1/1408 546/1/1408 572/1/1407
f 485/1/1409 573/1/1409 571/1/1409
f 571/1/1409 545/1/1409 485/1/1409
f 520/1/1410 574/1/1411 572/1/1412
f 572/1/1412 546/1/1411 520/1/1410
f 573/1/1413 485/1/1413 484/1/1413
f 484/1/1413 575/1/1413 573/1/1413
f 519/1/1414 576/1/1415 574/1/1416
f 574/1/1416 520/1/1415 519/1/1414
f 521/1/1417 577/1/1418 575/1/1418
f 575/1/1418 484/1/1418 521/1/1417
f 578/1/1419 576/1/1420 519/1/1421
f 519/1/1421 522/1/1420 578/1/1419
f 516/1/1422 515/1/1423 577/1/1424
f 577/1/1424 521/1/1423 516/1/1422
f 523/1/1425 552/1/1426 578/1/1427
f 578/1/1427 522/1/1426 523/1/1425
f 579/1/1428 580/1/1429 581/1/1430
f 581/1/1430 582/1/1430 579/1/1428
f 557/1/1431 583/1/1432 584/1/1433
f 584/1/1433 555/1/1434 557/1/1431
f 558/1/1435 585/1/1436 586/1/1437
f 586/1/1437 556/1/1438 558/1/1435
f 559/1/1439 587/1/1440 549/1/1441
f 549/1/1441 548/1/1442 559/1/1439
f 588/1/1443 583/1/1444 557/1/1445
f 557/1/1445 560/1/1446 588/1/1443
f 561/1/1447 589/1/1448 585/1/1449
f 585/1/1449 558/1/1450 561/1/1447
f 562/1/1451 582/1/1452 587/1/1451
f 587/1/1451 559/1/1453 562/1/1451
f 563/1/1454 590/1/1455 588/1/1456
f 588/1/1456 560/1/1457 563/1/1454
f 589/1/1458 561/1/1459 564/1/1458
f 564/1/1458 591/1/1460 589/1/1458
f 565/1/1461 579/1/1462 582/1/1461
f 582/1/1461 562/1/1463 565/1/1461
f 566/1/1464 592/1/1465 590/1/1466
f 590/1/1466 563/1/1467 566/1/1464
f 567/1/1468 593/1/1469 591/1/1470
f 591/1/1470 564/1/1471 567/1/1468
f 579/1/1472 565/1/1473 568/1/1474
f 568/1/1474 594/1/1475 579/1/1472
f 592/1/1476 566/1/1477 547/1/1478
f 547/1/1478 550/1/1479 592/1/1476
f 569/1/1480 595/1/1481 593/1/1482
f 593/1/1482 567/1/1483 569/1/1480
f 570/1/1484 596/1/1485 594/1/1486
f 594/1/1486 568/1/1484 570/1/1484
f 597/1/1487 595/1/1488 569/1/1489
f 569/1/1489 571/1/1490 597/1/1487
f 572/1/1491 598/1/1492 596/1/1493
f 596/1/1493 570/1/1494 572/1/1491
f 573/1/1495 599/1/1496 597/1/1497
f 597/1/1497 571/1/1498 573/1/1495
f 600/1/1499 598/1/1500 572/1/1501
f 572/1/1501 574/1/1502 600/1/1499
f 575/1/1503 601/1/1504 599/1/1505
f 599/1/1505 573/1/1505 575/1/1503
f 576/1/1506 602/1/1507 600/1/1508
f 600/1/1508 574/1/1509 576/1/1506
f 601/1/1510 575/1/1511 577/1/1512
f 577/1/1512 603/1/1513 601/1/1510
f 578/1/1514 604/1/1515 602/1/1516
f 602/1/1516 576/1/1517 578/1/1514
f 515/1/1518 605/1/1519 603/1/1520
f 603/1/1520 577/1/1521 515/1/1518
f 606/1/1522 604/1/1523 578/1/1524
f 578/1/1524 552/1/1525 606/1/1522
f 518/1/1526 607/1/1527 605/1/1528
f 605/1/1528 515/1/1529 518/1/1526
f 551/1/1530 608/1/1531 606/1/1532
f 606/1/1532 552/1/1533 551/1/1530
f 609/1/1534 607/1/1535 518/1/1536
f 518/1/1536 553/1/1537 609/1/1534
f 554/1/1538 610/1/1539 608/1/1539
f 608/1/1539 551/1/1540 554/1/1538
f 555/1/1541 584/1/1541 609/1/1542
f 609/1/1542 553/1/1543 555/1/1541
f 610/1/1544 554/1/1545 556/1/1544
f 556/1/1544 586/1/1544 610/1/1544
f 611/1/1546 612/1/1547 613/1/1547
f 613/1/1547 614/1/1547 611/1/1546
f 592/1/1548 615/1/1548 616/1/1549
f 616/1/1549 590/1/1550 592/1/1548
f 617/1/1551 618/1/1551 591/1/1551
f 591/1/1551 593/1/1552 617/1/1551
f 594/1/1553 619/1/1554 580/1/1555
f 580/1/1555 579/1/1556 594/1/1553
f 620/1/1557 615/1/1557 592/1/1557
f 592/1/1557 550/1/1558 620/1/1557
f 595/1/1559 621/1/1559 617/1/1559
f 617/1/1559 593/1/1560 595/1/1559
f 619/1/1561 594/1/1562 596/1/1563
f 596/1/1563 613/1/1564 619/1/1561
f 597/1/1565 622/1/1566 621/1/1567
f 621/1/1567 595/1/1568 597/1/1565
f 598/1/1569 614/1/1570 613/1/1571
f 613/1/1571 596/1/1572 598/1/1569
f 623/1/1573 622/1/1574 597/1/1575
f 597/1/1575 599/1/1576 623/1/1573
f 600/1/1577 624/1/1578 614/1/1579
f 614/1/1579 598/1/1580 600/1/1577
f 601/1/1581 625/1/1581 623/1/1582
f 623/1/1582 599/1/1581 601/1/1581
f 626/1/1583 624/1/1584 600/1/1585
f 600/1/1585 602/1/1586 626/1/1583
f 603/1/1587 627/1/1588 625/1/1589
f 625/1/1589 601/1/1590 603/1/1587
f 604/1/1591 628/1/1592 626/1/1593
f 626/1/1593 602/1/1594 604/1/1591
f 629/1/1595 627/1/1596 603/1/1597
f 603/1/1597 605/1/1598 629/1/1595
f 606/1/1599 630/1/1600 628/1/1601
f 628/1/1601 604/1/1602 606/1/1599
f 607/1/1603 631/1/1604 629/1/1605
f 629/1/1605 605/1/1606 607/1/1603
f 632/1/1607 630/1/1608 606/1/1609
f 606/1/1609 608/1/1610 632/1/1607
f 609/1/1611 633/1/1612 631/1/1613
f 631/1/1613 607/1/1614 609/1/1611
f 610/1/1615 634/1/1616 632/1/1617
f 632/1/1617 608/1/1616 610/1/1615
f 635/1/1618 633/1/1619 609/1/1618
f 609/1/1618 584/1/1618 635/1/1618
f 586/1/1620 636/1/1621 634/1/1622
f 634/1/1622 610/1/1623 586/1/1620
f 550/1/1624 549/1/1624 637/1/1625
f 637/1/1625 620/1/1625 550/1/1624
f 583/1/1626 638/1/1627 635/1/1628
f 635/1/1628 584/1/1629 583/1/1626
f 639/1/1630 636/1/1631 586/1/1632
f 586/1/1632 585/1/1630 639/1/1630
f 640/1/1633 637/1/1634 549/1/1635
f 549/1/1635 587/1/1636 640/1/1633
f 588/1/1637 641/1/1638 638/1/1639
f 638/1/1639 583/1/1640 588/1/1637
f 589/1/1641 642/1/1642 639/1/1643
f 639/1/1643 585/1/1644 589/1/1641
f 581/1/1645 640/1/1646 587/1/1647
f 587/1/1647 582/1/1648 581/1/1645
f 616/1/1649 641/1/1649 588/1/1649
f 588/1/1649 590/1/1649 616/1/1649
f 591/1/1650 618/1/1651 642/1/1650
f 642/1/1650 589/1/1652 591/1/1650
f 643/1/1653 644/1/1653 645/1/1653
f 645/1/1653 646/1/1654 643/1/1653
f 623/1/1655 647/1/1656 648/1/1656
f 648/1/1656 622/1/1656 623/1/1655
f 624/1/1657 649/1/1657 611/1/1658
f 611/1/1658 614/1/1657 624/1/1657
f 647/1/1659 623/1/1660 625/1/1661
f 625/1/1661 650/1/1660 647/1/1659
f 626/1/1662 646/1/1663 649/1/1663
f 649/1/1663 624/1/1663 626/1/1662
f 627/1/1664 651/1/1665 650/1/1666
f 650/1/1666 625/1/1665 627/1/1664
f 643/1/1667 646/1/1668 626/1/1668
f 626/1/1668 628/1/1668 643/1/1667
f 629/1/1669 652/1/1670 651/1/1671
f 651/1/1671 627/1/1670 629/1/1669
f 630/1/1672 653/1/1673 643/1/1674
f 643/1/1674 628/1/1673 630/1/1672
f 654/1/1675 652/1/1676 629/1/1677
f 629/1/1677 631/1/1676 654/1/1675
f 632/1/1678 655/1/1678 653/1/1679
f 653/1/1679 630/1/1678 632/1/1678
f 633/1/1680 656/1/1681 654/1/1682
f 654/1/1682 631/1/1681 633/1/1680
f 657/1/1683 655/1/1684 632/1/1684
f 632/1/1684 634/1/1684 657/1/1683
f 635/1/1685 658/1/1686 656/1/1687
f 656/1/1687 633/1/1686 635/1/1685
f 636/1/1688 659/1/1689 657/1/1690
f 657/1/1690 634/1/1689 636/1/1688
f 660/1/1691 661/1/1691 620/1/1691
f 620/1/1691 637/1/1691 660/1/1691
f 662/1/1692 658/1/1692 635/1/1693
f 635/1/1693 638/1/1692 662/1/1692
f 639/1/1694 663/1/1695 659/1/1696
f 659/1/1696 636/1/1695 639/1/1694
f 640/1/1697 664/1/1698 660/1/1698
f 660/1/1698 637/1/1698 640/1/1697
f 641/1/1699 665/1/1700 662/1/1700
f 662/1/1700 638/1/1700 641/1/1699
f 663/1/1701 639/1/1702 642/1/1703
f 642/1/1703 666/1/1702 663/1/1701
f 581/1/1704 667/1/1704 664/1/1704
f 664/1/1704 640/1/1704 581/1/1704
f 616/1/1705 668/1/1705 665/1/1706
f 665/1/1706 641/1/1705 616/1/1705
f 618/1/1707 669/1/1707 666/1/1708
f 666/1/1708 642/1/1707 618/1/1707
f 670/1/1709 667/1/1709 581/1/1709
f 581/1/1709 580/1/1709 670/1/1709
f 671/1/1710 668/1/1711 616/1/1710
f 616/1/1710 615/1/1711 671/1/1710
f 617/1/1712 672/1/1713 669/1/1712
f 669/1/1712 618/1/1713 617/1/1712
f 619/1/1714 673/1/1714 670/1/1715
f 670/1/1715 580/1/1714 619/1/1714
f 661/1/1716 671/1/1717 615/1/1718
f 615/1/1718 620/1/1717 661/1/1716
f 672/1/1719 617/1/1720 621/1/1721
f 621/1/1721 674/1/1720 672/1/1719
f 613/1/1722 612/1/1722 673/1/1722
f 673/1/1722 619/1/1722 613/1/1722
f 622/1/1723 648/1/1723 674/1/1724
f 674/1/1724 621/1/1723 622/1/1723
f 675/1/1725 676/1/1725 677/1/1726
f 677/1/1726 678/1/1727 675/1/1725
f 652/1/1728 679/1/1729 680/1/1728
f 680/1/1728 651/1/1730 652/1/1728
f 681/1/1731 644/1/1732 643/1/1733
f 643/1/1733 653/1/1731 681/1/1731
f 654/1/1734 682/1/1735 679/1/1736
f 679/1/1736 652/1/1737 654/1/1734
f 655/1/1738 678/1/1739 681/1/1740
f 681/1/1740 653/1/1741 655/1/1738
f 682/1/1742 654/1/1743 656/1/1744
f 656/1/1744 683/1/1742 682/1/1742
f 657/1/1745 675/1/1746 678/1/1747
f 678/1/1747 655/1/1748 657/1/1745
f 658/1/1749 684/1/1750 683/1/1749
f 683/1/1749 656/1/1751 658/1/1749
f 675/1/1752 657/1/1753 659/1/1752
f 659/1/1752 685/1/1754 675/1/1752
f 661/1/1755 660/1/1756 686/1/1755
f 686/1/1755 687/1/1755 661/1/1755
f 662/1/1757 688/1/1758 684/1/1757
f 684/1/1757 658/1/1759 662/1/1757
f 663/1/1760 689/1/1761 685/1/1760
f 685/1/1760 659/1/1762 663/1/1760
f 664/1/1763 690/1/1764 686/1/1765
f 686/1/1765 660/1/1766 664/1/1763
f 691/1/1767 688/1/1767 662/1/1767
f 662/1/1767 665/1/1767 691/1/1767
f 666/1/1768 692/1/1769 689/1/1770
f 689/1/1770 663/1/1771 666/1/1768
f 667/1/1772 693/1/1773 690/1/1774
f 690/1/1774 664/1/1774 667/1/1772
f 668/1/1775 694/1/1776 691/1/1775
f 691/1/1775 665/1/1777 668/1/1775
f 695/1/1778 692/1/1779 666/1/1780
f 666/1/1780 669/1/1781 695/1/1778
f 670/1/1782 696/1/1783 693/1/1784
f 693/1/1784 667/1/1785 670/1/1782
f 671/1/1786 697/1/1787 694/1/1786
f 694/1/1786 668/1/1788 671/1/1786
f 672/1/1789 698/1/1789 695/1/1790
f 695/1/1790 669/1/1791 672/1/1789
f 696/1/1792 670/1/1793 673/1/1792
f 673/1/1792 699/1/1794 696/1/1792
f 687/1/1795 697/1/1796 671/1/1797
f 671/1/1797 661/1/1798 687/1/1795
f 674/1/1799 700/1/1800 698/1/1801
f 698/1/1801 672/1/1802 674/1/1799
f 612/1/1803 701/1/1803 699/1/1804
f 699/1/1804 673/1/1803 612/1/1803
f 702/1/1805 700/1/1806 674/1/1807
f 674/1/1807 648/1/1808 702/1/1805
f 611/1/1809 703/1/1810 701/1/1809
f 701/1/1809 612/1/1811 611/1/1809
f 647/1/1812 704/1/1813 702/1/1814
f 702/1/1814 648/1/1815 647/1/1812
f 705/1/1816 703/1/1817 611/1/1816
f 611/1/1816 649/1/1818 705/1/1816
f 650/1/1819 706/1/1820 704/1/1819
f 704/1/1819 647/1/1821 650/1/1819
f 646/1/1822 645/1/1823 705/1/1822
f 705/1/1822 649/1/1824 646/1/1822
f 706/1/1825 650/1/1826 651/1/1827
f 651/1/1827 680/1/1828 706/1/1825
f 707/1/1829 708/1/1830 709/1/1831
f 709/1/1831 710/1/1830 707/1/1829
f 683/1/1832 684/1/1833 711/1/1834
f 711/1/1834 712/1/1833 683/1/1832
f 685/1/1835 713/1/1836 676/1/1837
f 676/1/1837 675/1/1835 685/1/1835
f 687/1/1838 686/1/1839 714/1/1838
f 714/1/1838 715/1/1838 687/1/1838
f 711/1/1840 684/1/1841 688/1/1840
f 688/1/1840 716/1/1841 711/1/1840
f 685/1/1842 689/1/1843 710/1/1844
f 710/1/1844 713/1/1842 685/1/1842
f 714/1/1845 686/1/1846 690/1/1847
f 690/1/1847 717/1/1848 714/1/1845
f 691/1/1849 718/1/1850 716/1/1851
f 716/1/1851 688/1/1852 691/1/1849
f 710/1/1853 689/1/1853 692/1/1853
f 692/1/1853 707/1/1853 710/1/1853
f 719/1/1854 717/1/1855 690/1/1856
f 690/1/1856 693/1/1857 719/1/1854
f 691/1/1858 694/1/1859 720/1/1860
f 720/1/1860 718/1/1858 691/1/1858
f 695/1/1861 721/1/1862 707/1/1861
f 707/1/1861 692/1/1863 695/1/1861
f 696/1/1864 722/1/1865 719/1/1866
f 719/1/1866 693/1/1867 696/1/1864
f 720/1/1868 694/1/1869 697/1/1870
f 697/1/1870 723/1/1871 720/1/1868
f 695/1/1872 698/1/1873 724/1/1874
f 724/1/1874 721/1/1875 695/1/1872
f 699/1/1876 725/1/1877 722/1/1877
f 722/1/1877 696/1/1877 699/1/1876
f 697/1/1878 687/1/1878 715/1/1879
f 715/1/1879 723/1/1878 697/1/1878
f 724/1/1880 698/1/1881 700/1/1882
f 700/1/1882 726/1/1883 724/1/1880
f 727/1/1884 725/1/1884 699/1/1884
f 699/1/1884 701/1/1885 727/1/1884
f 702/1/1886 728/1/1887 726/1/1886
f 726/1/1886 700/1/1887 702/1/1886
f 703/1/1888 729/1/1889 727/1/1890
f 727/1/1890 701/1/1891 703/1/1888
f 702/1/1892 704/1/1892 730/1/1892
f 730/1/1892 728/1/1892 702/1/1892
f 705/1/1893 731/1/1893 729/1/1894
f 729/1/1894 703/1/1895 705/1/1893
f 730/1/1896 704/1/1897 706/1/1896
f 706/1/1896 732/1/1896 730/1/1896
f 705/1/1898 645/1/1899 733/1/1900
f 733/1/1900 731/1/1899 705/1/1898
f 680/1/1901 734/1/1901 732/1/1902
f 732/1/1902 706/1/1903 680/1/1901
f 733/1/1904 645/1/1905 644/1/1906
f 644/1/1906 735/1/1907 733/1/1904
f 680/1/1908 679/1/1909 736/1/1908
f 736/1/1908 734/1/1910 680/1/1908
f 737/1/1911 735/1/1912 644/1/1913
f 644/1/1913 681/1/1913 737/1/1911
f 736/1/1914 679/1/1915 682/1/1916
f 682/1/1916 738/1/1917 736/1/1914
f 737/1/1918 681/1/1918 678/1/1918
f 678/1/1918 677/1/1918 737/1/1918
f 683/1/1919 712/1/1919 738/1/1920
f 738/1/1920 682/1/1919 683/1/1919
f 739/1/1921 740/1/1922 741/1/1923
f 741/1/1923 742/1/1923 739/1/1921
f 719/1/1924 743/1/1924 744/1/1924
f 744/1/1924 717/1/1924 719/1/1924
f 720/1/1925 745/1/1925 746/1/1925
f 746/1/1925 718/1/1925 720/1/1925
f 708/1/1926 707/1/1926 721/1/1926
f 721/1/1926 747/1/1926 708/1/1926
f 719/1/1927 722/1/1927 748/1/1927
f 748/1/1927 743/1/1927 719/1/1927
f 723/1/1928 749/1/1928 745/1/1928
f 745/1/1928 720/1/1928 723/1/1928
f 724/1/1929 742/1/1930 747/1/1930
f 747/1/1930 721/1/1930 724/1/1929
f 748/1/1931 722/1/1931 725/1/1931
f 725/1/1931 750/1/1931 748/1/1931
f 751/1/1932 749/1/1932 723/1/1932
f 723/1/1932 715/1/1932 751/1/1932
f 726/1/1933 739/1/1933 742/1/1933
f 742/1/1933 724/1/1933 726/1/1933
f 727/1/1934 752/1/1934 750/1/1934
f 750/1/1934 725/1/1934 727/1/1934
f 739/1/1935 726/1/1935 728/1/1935
f 728/1/1935 753/1/1935 739/1/1935
f 727/1/1936 729/1/1936 754/1/1936
f 754/1/1936 752/1/1936 727/1/1936
f 730/1/1937 755/1/1937 753/1/1937
f 753/1/1937 728/1/1937 730/1/1937
f 754/1/1938 729/1/1938 731/1/1939
f 731/1/1939 756/1/1938 754/1/1938
f 732/1/1940 757/1/1940 755/1/1940
f 755/1/1940 730/1/1940 732/1/1940
f 733/1/1941 758/1/1941 756/1/1941
f 756/1/1941 731/1/1941 733/1/1941
f 757/1/1942 732/1/1942 734/1/1942
f 734/1/1942 759/1/1942 757/1/1942
f 735/1/1943 760/1/1943 758/1/1943
f 758/1/1943 733/1/1943 735/1/1943
f 736/1/1944 761/1/1945 759/1/1945
f 759/1/1945 734/1/1946 736/1/1944
f 735/1/1947 737/1/1947 762/1/1947
f 762/1/1947 760/1/1947 735/1/1947
f 738/1/1948 763/1/1949 761/1/1949
f 761/1/1949 736/1/1949 738/1/1948
f 764/1/1950 762/1/1950 737/1/1950
f 737/1/1950 677/1/1950 764/1/1950
f 763/1/1951 738/1/1951 712/1/1952
f 712/1/1952 765/1/1951 763/1/1951
f 764/1/1953 677/1/1953 676/1/1953
f 676/1/1953 766/1/1953 764/1/1953
f 711/1/1954 767/1/1954 765/1/1954
f 765/1/1954 712/1/1954 711/1/1954
f 766/1/1955 676/1/1955 713/1/1955
f 713/1/1955 768/1/1955 766/1/1955
f 714/1/1956 769/1/1957 751/1/1958
f 751/1/1958 715/1/1957 714/1/1956
f 716/1/1959 770/1/1959 767/1/1959
f 767/1/1959 711/1/1959 716/1/1959
f 710/1/1960 709/1/1960 768/1/1960
f 768/1/1960 713/1/1960 710/1/1960
f 769/1/1961 714/1/1961 717/1/1961
f 717/1/1961 744/1/1961 769/1/1961
f 770/1/1962 716/1/1962 718/1/1962
f 718/1/1962 746/1/1962 770/1/1962
f 771/1/1963 772/1/1963 773/1/1963
f 773/1/1963 774/1/1963 771/1/1963
f 775/1/1964 750/1/1965 752/1/1966
f 752/1/1966 776/1/1967 775/1/1964
f 753/1/1968 777/1/1969 740/1/1970
f 740/1/1970 739/1/1971 753/1/1968
f 754/1/1972 778/1/1973 776/1/1974
f 776/1/1974 752/1/1975 754/1/1972
f 777/1/1976 753/1/1977 755/1/1977
f 755/1/1977 774/1/1978 777/1/1976
f 756/1/1979 779/1/1980 778/1/1981
f 778/1/1981 754/1/1982 756/1/1979
f 757/1/1983 771/1/1983 774/1/1984
f 774/1/1984 755/1/1983 757/1/1983
f 779/1/1985 756/1/1985 758/1/1986
f 758/1/1986 780/1/1987 779/1/1985
f 759/1/1988 781/1/1989 771/1/1990
f 771/1/1990 757/1/1990 759/1/1988
f 760/1/1991 782/1/1992 780/1/1993
f 780/1/1993 758/1/1994 760/1/1991
f 781/1/1995 759/1/1996 761/1/1997
f 761/1/1997 783/1/1998 781/1/1995
f 762/1/1999 784/1/2000 782/1/2001
f 782/1/2001 760/1/2002 762/1/1999
f 763/1/2003 785/1/2004 783/1/2005
f 783/1/2005 761/1/2006 763/1/2003
f 784/1/2007 762/1/2008 764/1/2008
f 764/1/2008 786/1/2009 784/1/2007
f 765/1/2010 787/1/2011 785/1/2012
f 785/1/2012 763/1/2013 765/1/2010
f 766/1/2014 788/1/2014 786/1/2014
f 786/1/2014 764/1/2015 766/1/2014
f 787/1/2016 765/1/2016 767/1/2017
f 767/1/2017 789/1/2016 787/1/2016
f 768/1/2018 790/1/2019 788/1/2018
f 788/1/2018 766/1/2020 768/1/2018
f 751/1/2021 769/1/2022 791/1/2022
f 791/1/2022 792/1/2023 751/1/2021
f 770/1/2024 793/1/2025 789/1/2026
f 789/1/2026 767/1/2027 770/1/2024
f 790/1/2028 768/1/2029 709/1/2030
f 709/1/2030 794/1/2031 790/1/2028
f 744/1/2032 795/1/2033 791/1/2034
f 791/1/2034 769/1/2033 744/1/2032
f 746/1/2035 796/1/2035 793/1/2036
f 793/1/2036 770/1/2037 746/1/2035
f 708/1/2038 797/1/2039 794/1/2040
f 794/1/2040 709/1/2039 708/1/2038
f 795/1/2041 744/1/2042 743/1/2042
f 743/1/2042 798/1/2042 795/1/2041
f 796/1/2043 746/1/2044 745/1/2045
f 745/1/2045 799/1/2043 796/1/2043
f 747/1/2046 800/1/2047 797/1/2048
f 797/1/2048 708/1/2049 747/1/2046
f 748/1/2050 801/1/2051 798/1/2052
f 798/1/2052 743/1/2053 748/1/2050
f 749/1/2054 802/1/2055 799/1/2056
f 799/1/2056 745/1/2057 749/1/2054
f 800/1/2058 747/1/2059 742/1/2060
f 742/1/2060 741/1/2061 800/1/2058
f 750/1/2062 775/1/2062 801/1/2062
f 801/1/2062 748/1/2062 750/1/2062
f 792/1/2063 802/1/2064 749/1/2064
f 749/1/2064 751/1/2065 792/1/2063
f 803/1/2066 804/1/2067 805/1/2068
f 805/1/2068 806/1/2069 803/1/2066
f 780/1/2070 807/1/2071 808/1/2070
f 808/1/2070 779/1/2071 780/1/2070
f 781/1/2072 809/1/2073 772/1/2073
f 772/1/2073 771/1/2072 781/1/2072
f 782/1/2074 810/1/2074 807/1/2074
f 807/1/2074 780/1/2074 782/1/2074
f 783/1/2075 806/1/2076 809/1/2077
f 809/1/2077 781/1/2076 783/1/2075
f 811/1/2078 810/1/2078 782/1/2078
f 782/1/2078 784/1/2078 811/1/2078
f 785/1/2079 803/1/2080 806/1/2080
f 806/1/2080 783/1/2081 785/1/2079
f 786/1/2082 812/1/2083 811/1/2082
f 811/1/2082 784/1/2084 786/1/2082
f 813/1/2085 803/1/2085 785/1/2086
f 785/1/2086 787/1/2087 813/1/2085
f 812/1/2088 786/1/2088 788/1/2088
f 788/1/2088 814/1/2088 812/1/2088
f 815/1/2089 813/1/2090 787/1/2090
f 787/1/2090 789/1/2090 815/1/2089
f 790/1/2091 816/1/2091 814/1/2091
f 814/1/2091 788/1/2091 790/1/2091
f 817/1/2092 792/1/2093 791/1/2093
f 791/1/2093 818/1/2094 817/1/2092
f 819/1/2095 815/1/2095 789/1/2095
f 789/1/2095 793/1/2095 819/1/2095
f 794/1/2096 820/1/2097 816/1/2098
f 816/1/2098 790/1/2099 794/1/2096
f 818/1/2100 791/1/2101 795/1/2102
f 795/1/2102 821/1/2103 818/1/2100
f 819/1/2104 793/1/2105 796/1/2104
f 796/1/2104 822/1/2105 819/1/2104
f 797/1/2106 823/1/2107 820/1/2108
f 820/1/2108 794/1/2107 797/1/2106
f 798/1/2109 824/1/2109 821/1/2109
f 821/1/2109 795/1/2110 798/1/2109
f 799/1/2111 825/1/2111 822/1/2111
f 822/1/2111 796/1/2112 799/1/2111
f 800/1/2113 826/1/2114 823/1/2115
f 823/1/2115 797/1/2116 800/1/2113
f 824/1/2117 798/1/2118 801/1/2117
f 801/1/2117 827/1/2119 824/1/2117
f 802/1/2120 828/1/2121 825/1/2122
f 825/1/2122 799/1/2120 802/1/2120
f 741/1/2123 829/1/2124 826/1/2125
f 826/1/2125 800/1/2123 741/1/2123
f 775/1/2126 830/1/2126 827/1/2126
f 827/1/2126 801/1/2126 775/1/2126
f 817/1/2127 828/1/2128 802/1/2127
f 802/1/2127 792/1/2129 817/1/2127
f 740/1/2130 831/1/2130 829/1/2130
f 829/1/2130 741/1/2130 740/1/2130
f 776/1/2131 832/1/2131 830/1/2131
f 830/1/2131 775/1/2131 776/1/2131
f 777/1/2132 833/1/2132 831/1/2132
f 831/1/2132 740/1/2132 777/1/2132
f 832/1/2133 776/1/2133 778/1/2133
f 778/1/2133 834/1/2134 832/1/2133
f 774/1/2135 773/1/2135 833/1/2135
f 833/1/2135 777/1/2136 774/1/2135
f 808/1/2137 834/1/2137 778/1/2138
f 778/1/2138 779/1/2138 808/1/2137
f 835/1/2139 836/1/2140 837/1/2141
f 837/1/2141 838/1/2140 835/1/2139
f 839/1/2142 840/1/2142 811/1/2142
f 811/1/2142 812/1/2142 839/1/2142
f 841/1/2143 804/1/2144 803/1/2145
f 803/1/2145 813/1/2144 841/1/2143
f 814/1/2146 842/1/2146 839/1/2146
f 839/1/2146 812/1/2146 814/1/2146
f 843/1/2147 841/1/2148 813/1/2149
f 813/1/2149 815/1/2148 843/1/2147
f 816/1/2150 844/1/2150 842/1/2150
f 842/1/2150 814/1/2150 816/1/2150
f 817/1/2151 818/1/2151 845/1/2151
f 845/1/2151 846/1/2151 817/1/2151
f 819/1/2152 847/1/2152 843/1/2153
f 843/1/2153 815/1/2152 819/1/2152
f 844/1/2154 816/1/2154 820/1/2154
f 820/1/2154 848/1/2154 844/1/2154
f 821/1/2155 849/1/2155 845/1/2155
f 845/1/2155 818/1/2155 821/1/2155
f 847/1/2156 819/1/2157 822/1/2156
f 822/1/2156 850/1/2157 847/1/2156
f 823/1/2158 851/1/2158 848/1/2158
f 848/1/2158 820/1/2158 823/1/2158
f 824/1/2159 852/1/2159 849/1/2159
f 849/1/2159 821/1/2159 824/1/2159
f 853/1/2160 850/1/2161 822/1/2161
f 822/1/2161 825/1/2161 853/1/2160
f 854/1/2162 851/1/2162 823/1/2162
f 823/1/2162 826/1/2162 854/1/2162
f 827/1/2163 855/1/2163 852/1/2163
f 852/1/2163 824/1/2163 827/1/2163
f 828/1/2164 856/1/2164 853/1/2164
f 853/1/2164 825/1/2164 828/1/2164
f 854/1/2165 826/1/2166 829/1/2167
f 829/1/2167 837/1/2166 854/1/2165
f 830/1/2168 857/1/2168 855/1/2168
f 855/1/2168 827/1/2168 830/1/2168
f 846/1/2169 856/1/2169 828/1/2169
f 828/1/2169 817/1/2169 846/1/2169
f 831/1/2170 838/1/2171 837/1/2172
f 837/1/2172 829/1/2171 831/1/2170
f 857/1/2173 830/1/2173 832/1/2173
f 832/1/2173 858/1/2173 857/1/2173
f 838/1/2174 831/1/2175 833/1/2175
f 833/1/2175 859/1/2175 838/1/2174
f 834/1/2176 860/1/2176 858/1/2177
f 858/1/2177 832/1/2177 834/1/2176
f 859/1/2178 833/1/2179 773/1/2180
f 773/1/2180 861/1/2179 859/1/2178
f 862/1/2181 860/1/2181 834/1/2181
f 834/1/2181 808/1/2181 862/1/2181
f 863/1/2182 861/1/2183 773/1/2183
f 773/1/2183 772/1/2183 863/1/2182
f 864/1/2184 862/1/2184 808/1/2185
f 808/1/2185 807/1/2184 864/1/2184
f 809/1/2186 865/1/2187 863/1/2188
f 863/1/2188 772/1/2187 809/1/2186
f 810/1/2189 866/1/2189 864/1/2189
f 864/1/2189 807/1/2189 810/1/2189
f 865/1/2190 809/1/2191 806/1/2192
f 806/1/2192 805/1/2193 865/1/2190
f 810/1/2194 811/1/2194 840/1/2194
f 840/1/2194 866/1/2194 810/1/2194
f 867/1/2195 868/1/2196 869/1/2195
f 869/1/2195 870/1/2195 867/1/2195
f 857/1/2197 858/1/2198 871/1/2199
f 871/1/2199 872/1/2200 857/1/2197
f 859/1/2201 873/1/2201 835/1/2202
f 835/1/2202 838/1/2201 859/1/2201
f 874/1/2203 871/1/2204 858/1/2205
f 858/1/2205 860/1/2206 874/1/2203
f 861/1/2207 867/1/2208 873/1/2207
f 873/1/2207 859/1/2207 861/1/2207
f 862/1/2209 875/1/2210 874/1/2211
f 874/1/2211 860/1/2212 862/1/2209
f 867/1/2213 861/1/2214 863/1/2215
f 863/1/2215 868/1/2216 867/1/2213
f 864/1/2217 876/1/2218 875/1/2219
f 875/1/2219 862/1/2220 864/1/2217
f 865/1/2221 877/1/2222 868/1/2223
f 868/1/2223 863/1/2224 865/1/2221
f 864/1/2225 866/1/2226 878/1/2227
f 878/1/2227 876/1/2228 864/1/2225
f 865/1/2229 805/1/2230 879/1/2231
f 879/1/2231 877/1/2232 865/1/2229
f 840/1/2233 880/1/2234 878/1/2233
f 878/1/2233 866/1/2233 840/1/2233
f 881/1/2235 879/1/2236 805/1/2237
f 805/1/2237 804/1/2238 881/1/2235
f 882/1/2239 880/1/2240 840/1/2241
f 840/1/2241 839/1/2242 882/1/2239
f 881/1/2243 804/1/2244 841/1/2245
f 841/1/2245 883/1/2246 881/1/2243
f 884/1/2247 882/1/2248 839/1/2247
f 839/1/2247 842/1/2247 884/1/2247
f 843/1/2249 885/1/2250 883/1/2249
f 883/1/2249 841/1/2251 843/1/2249
f 842/1/2252 844/1/2253 886/1/2254
f 886/1/2254 884/1/2253 842/1/2252
f 887/1/2255 888/1/2255 846/1/2256
f 846/1/2256 845/1/2257 887/1/2255
f 843/1/2258 847/1/2259 889/1/2258
f 889/1/2258 885/1/2258 843/1/2258
f 886/1/2260 844/1/2261 848/1/2262
f 848/1/2262 890/1/2263 886/1/2260
f 887/1/2264 845/1/2265 849/1/2266
f 849/1/2266 891/1/2267 887/1/2264
f 850/1/2268 892/1/2269 889/1/2270
f 889/1/2270 847/1/2271 850/1/2268
f 848/1/2272 851/1/2273 893/1/2274
f 893/1/2274 890/1/2275 848/1/2272
f 849/1/2276 852/1/2277 894/1/2278
f 894/1/2278 891/1/2279 849/1/2276
f 895/1/2280 892/1/2281 850/1/2282
f 850/1/2282 853/1/2283 895/1/2280
f 854/1/2284 896/1/2285 893/1/2286
f 893/1/2286 851/1/2287 854/1/2284
f 897/1/2288 894/1/2289 852/1/2289
f 852/1/2289 855/1/2289 897/1/2288
f 898/1/2290 895/1/2291 853/1/2292
f 853/1/2292 856/1/2293 898/1/2290
f 896/1/2294 854/1/2295 837/1/2294
f 837/1/2294 836/1/2296 896/1/2294
f 857/1/2297 872/1/2298 897/1/2297
f 897/1/2297 855/1/2299 857/1/2297
f 856/1/2300 846/1/2301 888/1/2302
f 888/1/2302 898/1/2303 856/1/2300
f 899/1/2304 900/1/2304 901/1/2305
f 901/1/2305 902/1/2304 903/1/2306
f 901/1/2305 903/1/2306 904/1/2307
f 899/1/2304 901/1/2305 904/1/2307
f 905/1/2304 906/1/2304 907/1/2308
f 904/1/2307 905/1/2304 907/1/2308
f 907/1/2308 908/1/2304 909/1/2309
f 907/1/2308 909/1/2309 910/1/2310
f 904/1/2307 907/1/2308 910/1/2310
f 904/1/2307 910/1/2310 911/1/2304
f 904/1/2307 911/1/2304 912/1/2311
f 913/1/2304 914/1/2304 915/1/2304
f 912/1/2311 913/1/2304 915/1/2304
f 912/1/2311 915/1/2304 916/1/2312
f 912/1/2311 916/1/2312 917/1/2313
f 904/1/2307 912/1/2311 917/1/2313
f 904/1/2307 917/1/2313 918/1/2314
f 870/1/2315 869/1/2304 919/1/2316
f 918/1/2314 870/1/2315 919/1/2316
f 918/1/2314 919/1/2316 920/1/2317
f 918/1/2314 920/1/2317 921/1/2318
f 904/1/2307 918/1/2314 921/1/2318
f 904/1/2307 921/1/2318 922/1/2319
f 923/1/2320 924/1/2304 925/1/2312
f 922/1/2319 923/1/2320 925/1/2312
f 922/1/2319 925/1/2312 926/1/2321
f 904/1/2307 922/1/2319 926/1/2321
f 904/1/2307 926/1/2321 927/1/2314
f 904/1/2307 927/1/2314 928/1/2314
f 899/1/2304 904/1/2307 928/1/2314
f 907/1/2322 906/1/2323 875/1/2324
f 875/1/2324 876/1/2325 907/1/2322
f 919/1/2326 869/1/2326 868/1/2326
f 868/1/2326 877/1/2327 919/1/2326
f 876/1/2328 878/1/2328 908/1/2328
f 908/1/2328 907/1/2328 876/1/2328
f 879/1/2329 920/1/2330 919/1/2331
f 919/1/2331 877/1/2331 879/1/2329
f 909/1/2332 908/1/2333 878/1/2334
f 878/1/2334 880/1/2332 909/1/2332
f 881/1/2335 921/1/2335 920/1/2336
f 920/1/2336 879/1/2336 881/1/2335
f 882/1/2337 910/1/2338 909/1/2339
f 909/1/2339 880/1/2340 882/1/2337
f 921/1/2341 881/1/2342 883/1/2341
f 883/1/2341 922/1/2341 921/1/2341
f 884/1/2343 911/1/2344 910/1/2345
f 910/1/2345 882/1/2346 884/1/2343
f 922/1/2347 883/1/2347 885/1/2348
f 885/1/2348 923/1/2348 922/1/2347
f 911/1/2349 884/1/2350 886/1/2351
f 886/1/2351 912/1/2352 911/1/2349
f 899/1/2353 928/1/2354 888/1/2353
f 888/1/2353 887/1/2353 899/1/2353
f 885/1/2355 889/1/2355 924/1/2355
f 924/1/2355 923/1/2355 885/1/2355
f 913/1/2356 912/1/2357 886/1/2356
f 886/1/2356 890/1/2358 913/1/2356
f 900/1/2359 899/1/2360 887/1/2359
f 887/1/2359 891/1/2361 900/1/2359
f 925/1/2362 924/1/2363 889/1/2363
f 889/1/2363 892/1/2363 925/1/2362
f 890/1/2364 893/1/2364 914/1/2364
f 914/1/2364 913/1/2364 890/1/2364
f 894/1/2365 901/1/2365 900/1/2365
f 900/1/2365 891/1/2366 894/1/2365
f 895/1/2367 926/1/2367 925/1/2367
f 925/1/2367 892/1/2368 895/1/2367
f 915/1/2369 914/1/2370 893/1/2369
f 893/1/2369 896/1/2371 915/1/2369
f 901/1/2372 894/1/2372 897/1/2373
f 897/1/2373 902/1/2372 901/1/2372
f 898/1/2374 927/1/2374 926/1/2374
f 926/1/2374 895/1/2374 898/1/2374
f 836/1/2375 916/1/2375 915/1/2375
f 915/1/2375 896/1/2375 836/1/2375
f 903/1/2376 902/1/2377 897/1/2378
f 897/1/2378 872/1/2379 903/1/2376
f 927/1/2380 898/1/2380 888/1/2380
f 888/1/2380 928/1/2380 927/1/2380
f 835/1/2381 917/1/2382 916/1/2382
f 916/1/2382 836/1/2383 835/1/2381
f 871/1/2384 904/1/2385 903/1/2385
f 903/1/2385 872/1/2385 871/1/2384
f 917/1/2386 835/1/2387 873/1/2388
f 873/1/2388 918/1/2389 917/1/2386
f 874/1/2390 905/1/2390 904/1/2390
f 904/1/2390 871/1/2390 874/1/2390
f 918/1/2391 873/1/2392 867/1/2393
f 867/1/2393 870/1/2394 918/1/2391
f 905/1/2395 874/1/2396 875/1/2395
f 875/1/2395 906/1/2395 905/1/2395
f 929/1/2397 930/1/2398 931/1/2399
f 931/1/2399 932/1/2400 929/1/2397
f 932/1/2400 931/1/2399 933/1/2401
f 933/1/2401 934/1/2402 932/1/2400
f 932/1/2403 935/1/2404 936/1/2405
f 936/1/2405 929/1/2406 932/1/2403
f 937/1/2407 935/1/2404 932/1/2403
f 932/1/2403 934/1/2408 937/1/2407
f 938/1/2409 939/1/2409 940/1/2409
f 940/1/2409 930/1/2409 938/1/2409
f 941/1/2410 931/1/2411 930/1/2412
f 930/1/2412 940/1/2411 941/1/2410
f 941/1/2413 942/1/2413 933/1/2413
f 933/1/2413 931/1/2413 941/1/2413
f 933/1/2414 942/1/2414 943/1/2415
f 943/1/2415 944/1/2415 933/1/2414
f 945/1/2416 934/1/2402 933/1/2401
f 933/1/2401 944/1/2417 945/1/2416
f 945/1/2418 946/1/2419 937/1/2407
f 937/1/2407 934/1/2408 945/1/2418
f 947/1/2420 937/1/2421 946/1/2421
f 946/1/2421 948/1/2421 947/1/2420
f 937/1/2422 947/1/2423 949/1/2423
f 949/1/2423 935/1/2423 937/1/2422
f 935/1/2424 949/1/2425 950/1/2426
f 950/1/2426 936/1/2424 935/1/2424
f 950/1/2427 951/1/2428 952/1/2428
f 952/1/2428 936/1/2429 950/1/2427
f 929/1/2406 936/1/2405 952/1/2430
f 952/1/2430 953/1/2431 929/1/2406
f 938/1/2432 930/1/2398 929/1/2397
f 929/1/2397 953/1/2433 938/1/2432
f 954/1/2434 955/1/2435 956/1/2436
f 956/1/2436 957/1/2437 954/1/2434
f 958/1/2438 959/1/2439 955/1/2440
f 955/1/2440 954/1/2441 958/1/2438
f 955/1/2435 960/1/2442 961/1/2443
f 961/1/2443 956/1/2436 955/1/2435
f 955/1/2440 959/1/2439 962/1/2444
f 962/1/2444 960/1/2445 955/1/2440
f 963/1/2446 957/1/2446 964/1/2447
f 964/1/2447 965/1/2448 963/1/2446
f 954/1/2434 957/1/2437 963/1/2449
f 963/1/2449 966/1/2450 954/1/2434
f 967/1/2451 958/1/2438 954/1/2441
f 954/1/2441 966/1/2452 967/1/2451
f 958/1/2453 967/1/2454 968/1/2454
f 968/1/2454 969/1/2453 958/1/2453
f 970/1/2455 959/1/2456 958/1/2456
f 958/1/2456 969/1/2456 970/1/2455
f 971/1/2457 962/1/2458 959/1/2457
f 959/1/2457 970/1/2457 971/1/2457
f 972/1/2459 962/1/2460 971/1/2461
f 971/1/2461 973/1/2462 972/1/2459
f 972/1/2463 974/1/2464 960/1/2445
f 960/1/2445 962/1/2444 972/1/2463
f 960/1/2442 974/1/2465 975/1/2466
f 975/1/2466 961/1/2443 960/1/2442
f 976/1/2467 961/1/2467 975/1/2467
f 975/1/2467 977/1/2467 976/1/2467
f 956/1/2468 961/1/2468 976/1/2468
f 976/1/2468 978/1/2468 956/1/2468
f 957/1/2469 956/1/2470 978/1/2470
f 978/1/2470 964/1/2470 957/1/2469
f 979/1/2471 980/1/2472 981/1/2473
f 981/1/2473 982/1/2474 979/1/2471
f 983/1/2475 984/1/2476 980/1/2477
f 980/1/2477 979/1/2478 983/1/2475
f 980/1/2472 985/1/2479 986/1/2480
f 986/1/2480 981/1/2473 980/1/2472
f 980/1/2477 984/1/2476 987/1/2481
f 987/1/2481 985/1/2482 980/1/2477
f 982/1/2483 988/1/2483 989/1/2483
f 989/1/2483 990/1/2483 982/1/2483
f 990/1/2484 991/1/2485 979/1/2471
f 979/1/2471 982/1/2474 990/1/2484
f 983/1/2475 979/1/2478 991/1/2486
f 991/1/2486 992/1/2487 983/1/2475
f 992/1/2488 993/1/2488 994/1/2488
f 994/1/2488 983/1/2489 992/1/2488
f 995/1/2490 984/1/2491 983/1/2490
f 983/1/2490 994/1/2490 995/1/2490
f 996/1/2492 987/1/2493 984/1/2493
f 984/1/2493 995/1/2493 996/1/2492
f 967/1/2494 987/1/2495 996/1/2494
f 996/1/2494 968/1/2496 967/1/2494
f 966/1/2452 985/1/2482 987/1/2481
f 987/1/2481 967/1/2451 966/1/2452
f 966/1/2450 963/1/2449 986/1/2480
f 986/1/2480 985/1/2479 966/1/2450
f 963/1/2497 965/1/2497 997/1/2498
f 997/1/2498 986/1/2499 963/1/2497
f 981/1/2500 986/1/2500 997/1/2500
f 997/1/2500 998/1/2501 981/1/2500
f 982/1/2502 981/1/2503 998/1/2502
f 998/1/2502 988/1/2502 982/1/2502
f 999/1/2504 1000/1/2505 1001/1/2506
f 1001/1/2506 1002/1/2507 999/1/2504
f 1003/1/2508 1004/1/2509 1000/1/2510
f 1000/1/2510 999/1/2511 1003/1/2508
f 1000/1/2505 1005/1/2512 1006/1/2513
f 1006/1/2513 1001/1/2506 1000/1/2505
f 1000/1/2510 1004/1/2509 1007/1/2514
f 1007/1/2514 1005/1/2515 1000/1/2510
f 1008/1/2516 1009/1/2516 1010/1/2516
f 1010/1/2516 1002/1/2516 1008/1/2516
f 999/1/2504 1002/1/2507 1010/1/2517
f 1010/1/2517 1011/1/2518 999/1/2504
f 1003/1/2508 999/1/2511 1011/1/2519
f 1011/1/2519 1012/1/2520 1003/1/2508
f 1012/1/2521 1013/1/2521 1014/1/2521
f 1014/1/2521 1003/1/2521 1012/1/2521
f 1015/1/2522 1004/1/2523 1003/1/2522
f 1003/1/2522 1014/1/2524 1015/1/2522
f 1016/1/2525 1007/1/2525 1004/1/2526
f 1004/1/2526 1015/1/2527 1016/1/2525
f 993/1/2528 992/1/2528 1007/1/2528
f 1007/1/2528 1016/1/2529 993/1/2528
f 991/1/2486 1005/1/2515 1007/1/2514
f 1007/1/2514 992/1/2487 991/1/2486
f 991/1/2485 990/1/2484 1006/1/2513
f 1006/1/2513 1005/1/2512 991/1/2485
f 990/1/2530 989/1/2531 1017/1/2532
f 1017/1/2532 1006/1/2531 990/1/2530
f 1006/1/2533 1017/1/2533 1018/1/2533
f 1018/1/2533 1001/1/2533 1006/1/2533
f 1002/1/2534 1001/1/2535 1018/1/2534
f 1018/1/2534 1008/1/2534 1002/1/2534
f 1019/1/2536 1020/1/2537 1021/1/2538
f 1021/1/2538 1022/1/2539 1019/1/2536
f 1023/1/2540 1024/1/2541 1020/1/2542
f 1020/1/2542 1019/1/2543 1023/1/2540
f 1020/1/2537 1025/1/2544 1026/1/2545
f 1026/1/2545 1021/1/2538 1020/1/2537
f 1020/1/2542 1024/1/2541 1027/1/2546
f 1027/1/2546 1025/1/2547 1020/1/2542
f 1022/1/2548 1028/1/2548 1029/1/2548
f 1029/1/2548 1030/1/2548 1022/1/2548
f 1022/1/2539 1030/1/2549 1031/1/2550
f 1031/1/2550 1019/1/2536 1022/1/2539
f 1031/1/2551 1032/1/2552 1023/1/2540
f 1023/1/2540 1019/1/2543 1031/1/2551
f 1033/1/2553 1023/1/2554 1032/1/2555
f 1032/1/2555 1034/1/2555 1033/1/2553
f 1024/1/2556 1023/1/2556 1033/1/2556
f 1033/1/2556 1035/1/2556 1024/1/2556
f 1036/1/2557 1027/1/2557 1024/1/2557
f 1024/1/2557 1035/1/2557 1036/1/2557
f 1013/1/2558 1012/1/2559 1027/1/2559
f 1027/1/2559 1036/1/2560 1013/1/2558
f 1011/1/2519 1025/1/2547 1027/1/2546
f 1027/1/2546 1012/1/2520 1011/1/2519
f 1011/1/2518 1010/1/2517 1026/1/2545
f 1026/1/2545 1025/1/2544 1011/1/2518
f 1010/1/2561 1009/1/2561 1037/1/2561
f 1037/1/2561 1026/1/2561 1010/1/2561
f 1026/1/2562 1037/1/2563 1038/1/2564
f 1038/1/2564 1021/1/2564 1026/1/2562
f 1028/1/2565 1022/1/2565 1021/1/2566
f 1021/1/2566 1038/1/2567 1028/1/2565
f 1039/1/2568 1040/1/2569 1041/1/2570
f 1041/1/2570 1042/1/2571 1039/1/2568
f 1043/1/2572 1044/1/2573 1040/1/2574
f 1040/1/2574 1039/1/2575 1043/1/2572
f 1040/1/2569 1045/1/2576 1046/1/2577
f 1046/1/2577 1041/1/2570 1040/1/2569
f 1040/1/2574 1044/1/2573 1047/1/2578
f 1047/1/2578 1045/1/2579 1040/1/2574
f 1042/1/2580 1048/1/2581 1049/1/2582
f 1049/1/2582 1050/1/2583 1042/1/2580
f 1042/1/2571 1050/1/2584 1051/1/2585
f 1051/1/2585 1039/1/2568 1042/1/2571
f 1043/1/2572 1039/1/2575 1051/1/2586
f 1051/1/2586 1052/1/2587 1043/1/2572
f 1052/1/2588 1053/1/2588 1054/1/2588
f 1054/1/2588 1043/1/2588 1052/1/2588
f 1044/1/2589 1043/1/2589 1054/1/2589
f 1054/1/2589 1055/1/2589 1044/1/2589
f 1056/1/2590 1047/1/2590 1044/1/2590
f 1044/1/2590 1055/1/2590 1056/1/2590
f 1032/1/2591 1047/1/2592 1056/1/2591
f 1056/1/2591 1034/1/2591 1032/1/2591
f 1045/1/2579 1047/1/2578 1032/1/2552
f 1032/1/2552 1031/1/2551 1045/1/2579
f 1031/1/2550 1030/1/2549 1046/1/2577
f 1046/1/2577 1045/1/2576 1031/1/2550
f 1030/1/2593 1029/1/2593 1057/1/2593
f 1057/1/2593 1046/1/2594 1030/1/2593
f 1046/1/2595 1057/1/2596 1058/1/2595
f 1058/1/2595 1041/1/2595 1046/1/2595
f 1048/1/2597 1042/1/2598 1041/1/2597
f 1041/1/2597 1058/1/2599 1048/1/2597
f 1059/1/2600 1060/1/2601 1061/1/2602
f 1061/1/2602 1062/1/2603 1059/1/2600
f 1063/1/2604 1064/1/2605 1060/1/2606
f 1060/1/2606 1059/1/2607 1063/1/2604
f 1060/1/2601 1065/1/2608 1066/1/2609
f 1066/1/2609 1061/1/2602 1060/1/2601
f 1060/1/2606 1064/1/2605 1067/1/2610
f 1067/1/2610 1065/1/2611 1060/1/2606
f 1062/1/2612 1068/1/2612 1069/1/2612
f 1069/1/2612 1070/1/2612 1062/1/2612
f 1062/1/2603 1070/1/2613 1071/1/2614
f 1071/1/2614 1059/1/2600 1062/1/2603
f 1063/1/2604 1059/1/2607 1071/1/2615
f 1071/1/2615 1072/1/2616 1063/1/2604
f 1072/1/2617 1073/1/2618 1074/1/2618
f 1074/1/2618 1063/1/2618 1072/1/2617
f 1064/1/2619 1063/1/2619 1074/1/2619
f 1074/1/2619 1075/1/2619 1064/1/2619
f 1076/1/2620 1067/1/2621 1064/1/2620
f 1064/1/2620 1075/1/2620 1076/1/2620
f 1052/1/2622 1067/1/2622 1076/1/2623
f 1076/1/2623 1053/1/2622 1052/1/2622
f 1051/1/2586 1065/1/2611 1067/1/2610
f 1067/1/2610 1052/1/2587 1051/1/2586
f 1051/1/2585 1050/1/2584 1066/1/2609
f 1066/1/2609 1065/1/2608 1051/1/2585
f 1050/1/2624 1049/1/2625 1077/1/2626
f 1077/1/2626 1066/1/2626 1050/1/2624
f 1066/1/2627 1077/1/2628 1078/1/2628
f 1078/1/2628 1061/1/2629 1066/1/2627
f 1068/1/2630 1062/1/2630 1061/1/2630
f 1061/1/2630 1078/1/2630 1068/1/2630
f 1079/1/2631 1080/1/2632 1081/1/2633
f 1081/1/2633 1082/1/2634 1079/1/2631
f 1083/1/2635 1084/1/2636 1080/1/2637
f 1080/1/2637 1079/1/2638 1083/1/2635
f 1080/1/2632 1085/1/2639 1086/1/2640
f 1086/1/2640 1081/1/2633 1080/1/2632
f 1080/1/2637 1084/1/2636 1087/1/2641
f 1087/1/2641 1085/1/2642 1080/1/2637
f 1082/1/2643 1088/1/2644 1089/1/2645
f 1089/1/2645 1090/1/2646 1082/1/2643
f 1082/1/2634 1090/1/2647 1091/1/2648
f 1091/1/2648 1079/1/2631 1082/1/2634
f 1083/1/2635 1079/1/2638 1091/1/2649
f 1091/1/2649 1092/1/2650 1083/1/2635
f 1092/1/2651 1093/1/2651 1094/1/2651
f 1094/1/2651 1083/1/2651 1092/1/2651
f 1084/1/2652 1083/1/2653 1094/1/2654
f 1094/1/2654 1095/1/2652 1084/1/2652
f 1096/1/2655 1087/1/2656 1084/1/2657
f 1084/1/2657 1095/1/2655 1096/1/2655
f 1072/1/2658 1087/1/2658 1096/1/2658
f 1096/1/2658 1073/1/2658 1072/1/2658
f 1071/1/2615 1085/1/2642 1087/1/2641
f 1087/1/2641 1072/1/2616 1071/1/2615
f 1071/1/2614 1070/1/2613 1086/1/2640
f 1086/1/2640 1085/1/2639 1071/1/2614
f 1070/1/2659 1069/1/2660 1097/1/2661
f 1097/1/2661 1086/1/2662 1070/1/2659
f 1086/1/2663 1097/1/2664 1098/1/2665
f 1098/1/2665 1081/1/2666 1086/1/2663
f 1088/1/2667 1082/1/2667 1081/1/2667
f 1081/1/2667 1098/1/2668 1088/1/2667
f 1099/1/2669 1100/1/2670 1101/1/2671
f 1101/1/2671 1102/1/2672 1099/1/2669
f 1103/1/2673 1104/1/2674 1100/1/2675
f 1100/1/2675 1099/1/2676 1103/1/2673
f 1100/1/2670 1105/1/2677 1106/1/2678
f 1106/1/2678 1101/1/2671 1100/1/2670
f 1100/1/2675 1104/1/2674 1107/1/2679
f 1107/1/2679 1105/1/2680 1100/1/2675
f 1102/1/2681 1108/1/2682 1109/1/2682
f 1109/1/2682 1110/1/2681 1102/1/2681
f 1102/1/2672 1110/1/2683 1111/1/2684
f 1111/1/2684 1099/1/2669 1102/1/2672
f 1103/1/2673 1099/1/2676 1111/1/2685
f 1111/1/2685 1112/1/2686 1103/1/2673
f 1113/1/2687 1103/1/2687 1112/1/2687
f 1112/1/2687 1114/1/2687 1113/1/2687
f 1104/1/2688 1103/1/2688 1113/1/2688
f 1113/1/2688 1115/1/2688 1104/1/2688
f 1116/1/2689 1107/1/2689 1104/1/2690
f 1104/1/2690 1115/1/2689 1116/1/2689
f 1092/1/2691 1107/1/2691 1116/1/2691
f 1116/1/2691 1093/1/2691 1092/1/2691
f 1091/1/2649 1105/1/2680 1107/1/2679
f 1107/1/2679 1092/1/2650 1091/1/2649
f 1091/1/2648 1090/1/2647 1106/1/2678
f 1106/1/2678 1105/1/2677 1091/1/2648
f 1090/1/2692 1089/1/2692 1117/1/2692
f 1117/1/2692 1106/1/2693 1090/1/2692
f 1106/1/2694 1117/1/2694 1118/1/2694
f 1118/1/2694 1101/1/2694 1106/1/2694
f 1108/1/2695 1102/1/2695 1101/1/2695
f 1101/1/2695 1118/1/2695 1108/1/2695
f 1119/1/2696 1120/1/2697 1121/1/2698
f 1121/1/2698 1122/1/2699 1119/1/2696
f 1123/1/2700 1124/1/2701 1120/1/2702
f 1120/1/2702 1119/1/2703 1123/1/2700
f 1120/1/2697 1125/1/2704 1126/1/2705
f 1126/1/2705 1121/1/2698 1120/1/2697
f 1120/1/2702 1124/1/2701 1127/1/2706
f 1127/1/2706 1125/1/2707 1120/1/2702
f 1122/1/2708 1128/1/2708 1129/1/2708
f 1129/1/2708 1130/1/2708 1122/1/2708
f 1122/1/2699 1130/1/2709 1131/1/2710
f 1131/1/2710 1119/1/2696 1122/1/2699
f 1123/1/2700 1119/1/2703 1131/1/2711
f 1131/1/2711 1132/1/2712 1123/1/2700
f 1133/1/2713 1123/1/2714 1132/1/2715
f 1132/1/2715 1134/1/2714 1133/1/2713
f 1124/1/2716 1123/1/2716 1133/1/2716
f 1133/1/2716 1135/1/2716 1124/1/2716
f 1136/1/2717 1127/1/2717 1124/1/2717
f 1124/1/2717 1135/1/2717 1136/1/2717
f 1114/1/2718 1112/1/2718 1127/1/2718
f 1127/1/2718 1136/1/2718 1114/1/2718
f 1111/1/2685 1125/1/2707 1127/1/2706
f 1127/1/2706 1112/1/2686 1111/1/2685
f 1111/1/2684 1110/1/2683 1126/1/2705
f 1126/1/2705 1125/1/2704 1111/1/2684
f 1110/1/2719 1109/1/2720 1137/1/2719
f 1137/1/2719 1126/1/2721 1110/1/2719
f 1126/1/2722 1137/1/2723 1138/1/2723
f 1138/1/2723 1121/1/2723 1126/1/2722
f 1128/1/2724 1122/1/2725 1121/1/2725
f 1121/1/2725 1138/1/2725 1128/1/2724
f 1139/1/2726 1140/1/2727 1141/1/2728
f 1141/1/2728 1142/1/2729 1139/1/2726
f 1143/1/2730 1144/1/2731 1140/1/2732
f 1140/1/2732 1139/1/2733 1143/1/2730
f 1140/1/2727 1145/1/2734 1146/1/2735
f 1146/1/2735 1141/1/2728 1140/1/2727
f 1140/1/2732 1144/1/2731 1147/1/2736
f 1147/1/2736 1145/1/2737 1140/1/2732
f 1142/1/2738 1148/1/2738 1149/1/2739
f 1149/1/2739 1150/1/2740 1142/1/2738
f 1142/1/2729 1150/1/2741 1151/1/2742
f 1151/1/2742 1139/1/2726 1142/1/2729
f 1143/1/2730 1139/1/2733 1151/1/2743
f 1151/1/2743 1152/1/2744 1143/1/2730
f 1153/1/2745 1143/1/2745 1152/1/2745
f 1152/1/2745 1154/1/2745 1153/1/2745
f 1144/1/2746 1143/1/2747 1153/1/2748
f 1153/1/2748 1155/1/2748 1144/1/2746
f 1156/1/2749 1147/1/2750 1144/1/2751
f 1144/1/2751 1155/1/2751 1156/1/2749
f 1134/1/2752 1132/1/2752 1147/1/2752
f 1147/1/2752 1156/1/2753 1134/1/2752
f 1131/1/2711 1145/1/2737 1147/1/2736
f 1147/1/2736 1132/1/2712 1131/1/2711
f 1131/1/2710 1130/1/2709 1146/1/2735
f 1146/1/2735 1145/1/2734 1131/1/2710
f 1130/1/2754 1129/1/2754 1157/1/2754
f 1157/1/2754 1146/1/2754 1130/1/2754
f 1146/1/2755 1157/1/2755 1158/1/2755
f 1158/1/2755 1141/1/2755 1146/1/2755
f 1148/1/2756 1142/1/2757 1141/1/2756
f 1141/1/2756 1158/1/2758 1148/1/2756
f 1159/1/2759 1160/1/2760 1161/1/2761
f 1161/1/2761 1162/1/2762 1159/1/2759
f 1163/1/2763 1164/1/2764 1160/1/2765
f 1160/1/2765 1159/1/2766 1163/1/2763
f 1160/1/2760 1165/1/2767 1166/1/2768
f 1166/1/2768 1161/1/2761 1160/1/2760
f 1160/1/2765 1164/1/2764 1167/1/2769
f 1167/1/2769 1165/1/2770 1160/1/2765
f 1162/1/2771 1168/1/2771 1169/1/2771
f 1169/1/2771 1170/1/2771 1162/1/2771
f 1162/1/2762 1170/1/2772 1171/1/2773
f 1171/1/2773 1159/1/2759 1162/1/2762
f 1163/1/2763 1159/1/2766 1171/1/2774
f 1171/1/2774 1172/1/2775 1163/1/2763
f 1173/1/2776 1163/1/2776 1172/1/2777
f 1172/1/2777 1174/1/2777 1173/1/2776
f 1164/1/2778 1163/1/2779 1173/1/2779
f 1173/1/2779 1175/1/2778 1164/1/2778
f 1176/1/2780 1167/1/2780 1164/1/2781
f 1164/1/2781 1175/1/2780 1176/1/2780
f 1154/1/2782 1152/1/2783 1167/1/2783
f 1167/1/2783 1176/1/2783 1154/1/2782
f 1151/1/2743 1165/1/2770 1167/1/2769
f 1167/1/2769 1152/1/2744 1151/1/2743
f 1151/1/2742 1150/1/2741 1166/1/2768
f 1166/1/2768 1165/1/2767 1151/1/2742
f 1150/1/2784 1149/1/2784 1177/1/2785
f 1177/1/2785 1166/1/2785 1150/1/2784
f 1166/1/2786 1177/1/2786 1178/1/2786
f 1178/1/2786 1161/1/2786 1166/1/2786
f 1168/1/2787 1162/1/2787 1161/1/2787
f 1161/1/2787 1178/1/2788 1168/1/2787
f 1179/1/2789 1180/1/2790 1181/1/2791
f 1181/1/2791 1182/1/2792 1179/1/2789
f 1183/1/2793 1184/1/2794 1180/1/2795
f 1180/1/2795 1179/1/2796 1183/1/2793
f 1180/1/2790 1185/1/2797 1186/1/2798
f 1186/1/2798 1181/1/2791 1180/1/2790
f 1180/1/2795 1184/1/2794 1187/1/2799
f 1187/1/2799 1185/1/2800 1180/1/2795
f 1182/1/2801 1188/1/2801 1189/1/2801
f 1189/1/2801 1190/1/2801 1182/1/2801
f 1182/1/2792 1190/1/2802 1191/1/2803
f 1191/1/2803 1179/1/2789 1182/1/2792
f 1183/1/2793 1179/1/2796 1191/1/2804
f 1191/1/2804 1192/1/2805 1183/1/2793
f 1193/1/2806 1183/1/2806 1192/1/2807
f 1192/1/2807 1194/1/2807 1193/1/2806
f 1184/1/2808 1183/1/2808 1193/1/2808
f 1193/1/2808 1195/1/2808 1184/1/2808
f 1196/1/2809 1187/1/2810 1184/1/2810
f 1184/1/2810 1195/1/2810 1196/1/2809
f 1174/1/2811 1172/1/2812 1187/1/2812
f 1187/1/2812 1196/1/2812 1174/1/2811
f 1171/1/2774 1185/1/2800 1187/1/2799
f 1187/1/2799 1172/1/2775 1171/1/2774
f 1171/1/2773 1170/1/2772 1186/1/2798
f 1186/1/2798 1185/1/2797 1171/1/2773
f 1170/1/2813 1169/1/2814 1197/1/2814
f 1197/1/2814 1186/1/2814 1170/1/2813
f 1186/1/2815 1197/1/2815 1198/1/2816
f 1198/1/2816 1181/1/2817 1186/1/2815
f 1188/1/2818 1182/1/2818 1181/1/2819
f 1181/1/2819 1198/1/2820 1188/1/2818
f 1199/1/2821 1200/1/2822 1201/1/2823
f 1201/1/2823 1202/1/2824 1199/1/2821
f 1203/1/2825 1204/1/2826 1200/1/2827
f 1200/1/2827 1199/1/2828 1203/1/2825
f 1200/1/2822 1205/1/2829 1206/1/2830
f 1206/1/2830 1201/1/2823 1200/1/2822
f 1200/1/2827 1204/1/2826 1207/1/2831
f 1207/1/2831 1205/1/2832 1200/1/2827
f 1202/1/2833 1208/1/2833 1209/1/2833
f 1209/1/2833 1210/1/2834 1202/1/2833
f 1202/1/2824 1210/1/2835 1211/1/2836
f 1211/1/2836 1199/1/2821 1202/1/2824
f 1203/1/2825 1199/1/2828 1211/1/2837
f 1211/1/2837 1212/1/2838 1203/1/2825
f 1213/1/2839 1203/1/2840 1212/1/2839
f 1212/1/2839 1214/1/2839 1213/1/2839
f 1204/1/2841 1203/1/2842 1213/1/2841
f 1213/1/2841 1215/1/2841 1204/1/2841
f 1216/1/2843 1207/1/2843 1204/1/2843
f 1204/1/2843 1215/1/2843 1216/1/2843
f 1194/1/2844 1192/1/2844 1207/1/2844
f 1207/1/2844 1216/1/2844 1194/1/2844
f 1191/1/2804 1205/1/2832 1207/1/2831
f 1207/1/2831 1192/1/2805 1191/1/2804
f 1191/1/2803 1190/1/2802 1206/1/2830
f 1206/1/2830 1205/1/2829 1191/1/2803
f 1190/1/2845 1189/1/2845 1217/1/2845
f 1217/1/2845 1206/1/2845 1190/1/2845
f 1206/1/2846 1217/1/2846 1218/1/2846
f 1218/1/2846 1201/1/2847 1206/1/2846
f 1208/1/2848 1202/1/2849 1201/1/2849
f 1201/1/2849 1218/1/2849 1208/1/2848
f 1219/1/2850 1220/1/2851 1221/1/2852
f 1221/1/2852 1222/1/2853 1219/1/2850
f 1223/1/2854 1224/1/2855 1220/1/2856
f 1220/1/2856 1219/1/2857 1223/1/2854
f 1220/1/2851 1225/1/2858 1226/1/2859
f 1226/1/2859 1221/1/2852 1220/1/2851
f 1220/1/2856 1224/1/2855 1227/1/2860
f 1227/1/2860 1225/1/2861 1220/1/2856
f 1222/1/2862 1228/1/2862 1229/1/2862
f 1229/1/2862 1230/1/2862 1222/1/2862
f 1222/1/2853 1230/1/2863 1231/1/2864
f 1231/1/2864 1219/1/2850 1222/1/2853
f 1223/1/2854 1219/1/2857 1231/1/2865
f 1231/1/2865 1232/1/2866 1223/1/2854
f 1233/1/2867 1223/1/2868 1232/1/2868
f 1232/1/2868 1234/1/2868 1233/1/2867
f 1224/1/2869 1223/1/2870 1233/1/2871
f 1233/1/2871 1235/1/2872 1224/1/2869
f 1236/1/2873 1227/1/2874 1224/1/2875
f 1224/1/2875 1235/1/2873 1236/1/2873
f 1214/1/2876 1212/1/2877 1227/1/2878
f 1227/1/2878 1236/1/2877 1214/1/2876
f 1211/1/2837 1225/1/2861 1227/1/2860
f 1227/1/2860 1212/1/2838 1211/1/2837
f 1211/1/2836 1210/1/2835 1226/1/2859
f 1226/1/2859 1225/1/2858 1211/1/2836
f 1210/1/2879 1209/1/2879 1237/1/2879
f 1237/1/2879 1226/1/2879 1210/1/2879
f 1226/1/2880 1237/1/2880 1238/1/2881
f 1238/1/2881 1221/1/2882 1226/1/2880
f 1228/1/2883 1222/1/2883 1221/1/2883
f 1221/1/2883 1238/1/2883 1228/1/2883
f 1239/1/2884 1240/1/2885 1241/1/2886
f 1241/1/2886 1242/1/2887 1239/1/2884
f 1243/1/2888 1244/1/2889 1240/1/2890
f 1240/1/2890 1239/1/2891 1243/1/2888
f 1240/1/2885 1245/1/2892 1246/1/2893
f 1246/1/2893 1241/1/2886 1240/1/2885
f 1240/1/2890 1244/1/2889 1247/1/2894
f 1247/1/2894 1245/1/2895 1240/1/2890
f 1242/1/2896 1248/1/2897 1249/1/2898
f 1249/1/2898 1250/1/2896 1242/1/2896
f 1242/1/2887 1250/1/2899 1251/1/2900
f 1251/1/2900 1239/1/2884 1242/1/2887
f 1243/1/2888 1239/1/2891 1251/1/2901
f 1251/1/2901 1252/1/2902 1243/1/2888
f 1253/1/2903 1243/1/2904 1252/1/2903
f 1252/1/2903 1254/1/2903 1253/1/2903
f 1244/1/2905 1243/1/2905 1253/1/2906
f 1253/1/2906 1255/1/2905 1244/1/2905
f 1256/1/2907 1247/1/2907 1244/1/2908
f 1244/1/2908 1255/1/2909 1256/1/2907
f 1234/1/2910 1232/1/2910 1247/1/2910
f 1247/1/2910 1256/1/2910 1234/1/2910
f 1231/1/2865 1245/1/2895 1247/1/2894
f 1247/1/2894 1232/1/2866 1231/1/2865
f 1231/1/2864 1230/1/2863 1246/1/2893
f 1246/1/2893 1245/1/2892 1231/1/2864
f 1230/1/2911 1229/1/2911 1257/1/2911
f 1257/1/2911 1246/1/2911 1230/1/2911
f 1246/1/2912 1257/1/2913 1258/1/2912
f 1258/1/2912 1241/1/2912 1246/1/2912
f 1248/1/2914 1242/1/2914 1241/1/2915
f 1241/1/2915 1258/1/2916 1248/1/2914
f 1259/1/2917 1260/1/2918 1261/1/2919
f 1261/1/2919 1262/1/2920 1259/1/2917
f 1263/1/2921 1264/1/2922 1260/1/2923
f 1260/1/2923 1259/1/2924 1263/1/2921
f 1260/1/2918 1265/1/2925 1266/1/2926
f 1266/1/2926 1261/1/2919 1260/1/2918
f 1260/1/2923 1264/1/2922 1267/1/2927
f 1267/1/2927 1265/1/2928 1260/1/2923
f 1262/1/2929 1268/1/2930 1269/1/2931
f 1269/1/2931 1270/1/2931 1262/1/2929
f 1262/1/2920 1270/1/2932 1271/1/2933
f 1271/1/2933 1259/1/2917 1262/1/2920
f 1263/1/2921 1259/1/2924 1271/1/2934
f 1271/1/2934 1272/1/2935 1263/1/2921
f 1273/1/2936 1263/1/2936 1272/1/2936
f 1272/1/2936 1274/1/2936 1273/1/2936
f 1264/1/2937 1263/1/2937 1273/1/2938
f 1273/1/2938 1275/1/2939 1264/1/2937
f 1276/1/2940 1267/1/2940 1264/1/2940
f 1264/1/2940 1275/1/2940 1276/1/2940
f 1254/1/2941 1252/1/2941 1267/1/2941
f 1267/1/2941 1276/1/2942 1254/1/2941
f 1251/1/2901 1265/1/2928 1267/1/2927
f 1267/1/2927 1252/1/2902 1251/1/2901
f 1251/1/2900 1250/1/2899 1266/1/2926
f 1266/1/2926 1265/1/2925 1251/1/2900
f 1250/1/2943 1249/1/2944 1277/1/2943
f 1277/1/2943 1266/1/2945 1250/1/2943
f 1266/1/2946 1277/1/2946 1278/1/2947
f 1278/1/2947 1261/1/2948 1266/1/2946
f 1268/1/2949 1262/1/2949 1261/1/2949
f 1261/1/2949 1278/1/2949 1268/1/2949
f 1279/1/2950 1280/1/2951 1281/1/2952
f 1281/1/2952 1282/1/2953 1279/1/2950
f 1283/1/2954 1284/1/2955 1280/1/2956
f 1280/1/2956 1279/1/2957 1283/1/2954
f 1280/1/2951 1285/1/2958 1286/1/2959
f 1286/1/2959 1281/1/2952 1280/1/2951
f 1280/1/2956 1284/1/2955 1287/1/2960
f 1287/1/2960 1285/1/2961 1280/1/2956
f 1282/1/2454 1288/1/2962 1289/1/2454
f 1289/1/2454 1290/1/2454 1282/1/2454
f 1282/1/2953 1290/1/2963 1291/1/2964
f 1291/1/2964 1279/1/2950 1282/1/2953
f 1283/1/2954 1279/1/2957 1291/1/2965
f 1291/1/2965 1292/1/2966 1283/1/2954
f 1293/1/2447 1283/1/2446 1292/1/2447
f 1292/1/2447 1294/1/2447 1293/1/2447
f 1284/1/2470 1283/1/2967 1293/1/2968
f 1293/1/2968 1295/1/2470 1284/1/2470
f 1296/1/2468 1287/1/2468 1284/1/2468
f 1284/1/2468 1295/1/2468 1296/1/2468
f 1274/1/2969 1272/1/2970 1287/1/2971
f 1287/1/2971 1296/1/2972 1274/1/2969
f 1271/1/2934 1285/1/2961 1287/1/2960
f 1287/1/2960 1272/1/2935 1271/1/2934
f 1271/1/2933 1270/1/2932 1286/1/2959
f 1286/1/2959 1285/1/2958 1271/1/2933
f 1270/1/2460 1269/1/2460 1297/1/2460
f 1297/1/2460 1286/1/2460 1270/1/2460
f 1286/1/2457 1297/1/2457 1298/1/2457
f 1298/1/2457 1281/1/2457 1286/1/2457
f 1288/1/2456 1282/1/2456 1281/1/2456
f 1281/1/2456 1298/1/2456 1288/1/2456
f 1299/1/2973 1300/1/2974 1301/1/2975
f 1301/1/2975 1302/1/2976 1299/1/2973
f 1303/1/2977 1304/1/2978 1300/1/2979
f 1300/1/2979 1299/1/2980 1303/1/2977
f 1300/1/2974 1305/1/2981 1306/1/2982
f 1306/1/2982 1301/1/2975 1300/1/2974
f 1300/1/2979 1304/1/2978 1307/1/2983
f 1307/1/2983 1305/1/2984 1300/1/2979
f 1302/1/2488 1308/1/2985 1309/1/2488
f 1309/1/2488 1310/1/2488 1302/1/2488
f 1302/1/2976 1310/1/2986 1311/1/2987
f 1311/1/2987 1299/1/2973 1302/1/2976
f 1303/1/2977 1299/1/2980 1311/1/2988
f 1311/1/2988 1312/1/2989 1303/1/2977
f 1313/1/2990 1303/1/2483 1312/1/2483
f 1312/1/2483 1314/1/2483 1313/1/2990
f 1304/1/2503 1303/1/2503 1313/1/2503
f 1313/1/2503 1315/1/2503 1304/1/2503
f 1316/1/2500 1307/1/2500 1304/1/2500
f 1304/1/2500 1315/1/2500 1316/1/2500
f 1294/1/2497 1292/1/2497 1307/1/2497
f 1307/1/2497 1316/1/2497 1294/1/2497
f 1291/1/2965 1305/1/2984 1307/1/2983
f 1307/1/2983 1292/1/2966 1291/1/2965
f 1291/1/2964 1290/1/2963 1306/1/2982
f 1306/1/2982 1305/1/2981 1291/1/2964
f 1290/1/2495 1289/1/2495 1317/1/2991
f 1317/1/2991 1306/1/2495 1290/1/2495
f 1306/1/2992 1317/1/2993 1318/1/2992
f 1318/1/2992 1301/1/2493 1306/1/2992
f 1308/1/2994 1302/1/2995 1301/1/2490
f 1301/1/2490 1318/1/2490 1308/1/2994
f 1319/1/2996 1320/1/2997 1321/1/2998
f 1321/1/2998 1322/1/2999 1319/1/2996
f 1323/1/3000 1324/1/3001 1320/1/3002
f 1320/1/3002 1319/1/3003 1323/1/3000
f 1320/1/2997 1325/1/3004 1326/1/3005
f 1326/1/3005 1321/1/2998 1320/1/2997
f 1320/1/3002 1324/1/3001 1327/1/3006
f 1327/1/3006 1325/1/3007 1320/1/3002
f 1322/1/3008 1328/1/2521 1329/1/3009
f 1329/1/3009 1330/1/3009 1322/1/3008
f 1322/1/2999 1330/1/3010 1331/1/3011
f 1331/1/3011 1319/1/2996 1322/1/2999
f 1323/1/3000 1319/1/3003 1331/1/3012
f 1331/1/3012 1332/1/3013 1323/1/3000
f 1333/1/2516 1323/1/2516 1332/1/2516
f 1332/1/2516 1334/1/2516 1333/1/2516
f 1324/1/3014 1323/1/3014 1333/1/3014
f 1333/1/3014 1335/1/3014 1324/1/3014
f 1336/1/2533 1327/1/2533 1324/1/3015
f 1324/1/3015 1335/1/2533 1336/1/2533
f 1314/1/2531 1312/1/2531 1327/1/2531
f 1327/1/2531 1336/1/2531 1314/1/2531
f 1311/1/2988 1325/1/3007 1327/1/3006
f 1327/1/3006 1312/1/2989 1311/1/2988
f 1311/1/2987 1310/1/2986 1326/1/3005
f 1326/1/3005 1325/1/3004 1311/1/2987
f 1310/1/2528 1309/1/2528 1337/1/2528
f 1337/1/2528 1326/1/2528 1310/1/2528
f 1326/1/2525 1337/1/2525 1338/1/3016
f 1338/1/3016 1321/1/3017 1326/1/2525
f 1328/1/2524 1322/1/2524 1321/1/2524
f 1321/1/2524 1338/1/2524 1328/1/2524
f 1339/1/3018 1340/1/3019 1341/1/3020
f 1341/1/3020 1342/1/3021 1339/1/3018
f 1343/1/3022 1344/1/3023 1340/1/3024
f 1340/1/3024 1339/1/3025 1343/1/3022
f 1340/1/3019 1345/1/3026 1346/1/3027
f 1346/1/3027 1341/1/3020 1340/1/3019
f 1340/1/3024 1344/1/3023 1347/1/3028
f 1347/1/3028 1345/1/3029 1340/1/3024
f 1342/1/2555 1348/1/2555 1349/1/2555
f 1349/1/2555 1350/1/2555 1342/1/2555
f 1342/1/3021 1350/1/3030 1351/1/3031
f 1351/1/3031 1339/1/3018 1342/1/3021
f 1343/1/3022 1339/1/3025 1351/1/3032
f 1351/1/3032 1352/1/3033 1343/1/3022
f 1353/1/3034 1343/1/3035 1352/1/3036
f 1352/1/3036 1354/1/2548 1353/1/3034
f 1344/1/3037 1343/1/3038 1353/1/3039
f 1353/1/3039 1355/1/3040 1344/1/3037
f 1356/1/2564 1347/1/3041 1344/1/2564
f 1344/1/2564 1355/1/2564 1356/1/2564
f 1334/1/2561 1332/1/2561 1347/1/2561
f 1347/1/2561 1356/1/2561 1334/1/2561
f 1331/1/3012 1345/1/3029 1347/1/3028
f 1347/1/3028 1332/1/3013 1331/1/3012
f 1331/1/3011 1330/1/3010 1346/1/3027
f 1346/1/3027 1345/1/3026 1331/1/3011
f 1330/1/2560 1329/1/2560 1357/1/2558
f 1357/1/2558 1346/1/2558 1330/1/2560
f 1346/1/2557 1357/1/3042 1358/1/3042
f 1358/1/3042 1341/1/3043 1346/1/2557
f 1348/1/3044 1342/1/2556 1341/1/2556
f 1341/1/2556 1358/1/2556 1348/1/3044
f 1359/1/3045 1360/1/3046 1361/1/3047
f 1361/1/3047 1362/1/3048 1359/1/3045
f 1363/1/3049 1364/1/3050 1360/1/3051
f 1360/1/3051 1359/1/3052 1363/1/3049
f 1360/1/3046 1365/1/3053 1366/1/3054
f 1366/1/3054 1361/1/3047 1360/1/3046
f 1360/1/3051 1364/1/3050 1367/1/3055
f 1367/1/3055 1365/1/3056 1360/1/3051
f 1362/1/2588 1368/1/2588 1369/1/3057
f 1369/1/3057 1370/1/2588 1362/1/2588
f 1362/1/3048 1370/1/3058 1371/1/3059
f 1371/1/3059 1359/1/3045 1362/1/3048
f 1363/1/3049 1359/1/3052 1371/1/3060
f 1371/1/3060 1372/1/3061 1363/1/3049
f 1373/1/3062 1363/1/3063 1372/1/3063
f 1372/1/3063 1374/1/3063 1373/1/3062
f 1364/1/3064 1363/1/3065 1373/1/2599
f 1373/1/2599 1375/1/3064 1364/1/3064
f 1376/1/3066 1367/1/3067 1364/1/2596
f 1364/1/2596 1375/1/2595 1376/1/3066
f 1354/1/2593 1352/1/2593 1367/1/2593
f 1367/1/2593 1376/1/2593 1354/1/2593
f 1351/1/3032 1365/1/3056 1367/1/3055
f 1367/1/3055 1352/1/3033 1351/1/3032
f 1351/1/3031 1350/1/3030 1366/1/3054
f 1366/1/3054 1365/1/3053 1351/1/3031
f 1350/1/2591 1349/1/2592 1377/1/2592
f 1377/1/2592 1366/1/2591 1350/1/2591
f 1366/1/2590 1377/1/3068 1378/1/2590
f 1378/1/2590 1361/1/2590 1366/1/2590
f 1368/1/2589 1362/1/2589 1361/1/2589
f 1361/1/2589 1378/1/2589 1368/1/2589
f 1379/1/3069 1380/1/3070 1381/1/3071
f 1381/1/3071 1382/1/3072 1379/1/3069
f 1383/1/3073 1384/1/3074 1380/1/3075
f 1380/1/3075 1379/1/3076 1383/1/3073
f 1380/1/3070 1385/1/3077 1386/1/3078
f 1386/1/3078 1381/1/3071 1380/1/3070
f 1380/1/3075 1384/1/3074 1387/1/3079
f 1387/1/3079 1385/1/3080 1380/1/3075
f 1382/1/2618 1388/1/2618 1389/1/2618
f 1389/1/2618 1390/1/2618 1382/1/2618
f 1382/1/3072 1390/1/3081 1391/1/3082
f 1391/1/3082 1379/1/3069 1382/1/3072
f 1383/1/3073 1379/1/3076 1391/1/3083
f 1391/1/3083 1392/1/3084 1383/1/3073
f 1393/1/3085 1383/1/2612 1392/1/3086
f 1392/1/3086 1394/1/3087 1393/1/3085
f 1384/1/3088 1383/1/2630 1393/1/2630
f 1393/1/2630 1395/1/3089 1384/1/3088
f 1396/1/2628 1387/1/2628 1384/1/3090
f 1384/1/3090 1395/1/3091 1396/1/2628
f 1374/1/3092 1372/1/3092 1387/1/3093
f 1387/1/3093 1396/1/2626 1374/1/3092
f 1371/1/3060 1385/1/3080 1387/1/3079
f 1387/1/3079 1372/1/3061 1371/1/3060
f 1371/1/3059 1370/1/3058 1386/1/3078
f 1386/1/3078 1385/1/3077 1371/1/3059
f 1370/1/2622 1369/1/2623 1397/1/2622
f 1397/1/2622 1386/1/2623 1370/1/2622
f 1386/1/2621 1397/1/2621 1398/1/2620
f 1398/1/2620 1381/1/2621 1386/1/2621
f 1388/1/3094 1382/1/2619 1381/1/2619
f 1381/1/2619 1398/1/2619 1388/1/3094
f 1399/1/3095 1400/1/3096 1401/1/3097
f 1401/1/3097 1402/1/3098 1399/1/3095
f 1403/1/3099 1404/1/3100 1400/1/3101
f 1400/1/3101 1399/1/3102 1403/1/3099
f 1400/1/3096 1405/1/3103 1406/1/3104
f 1406/1/3104 1401/1/3097 1400/1/3096
f 1400/1/3101 1404/1/3100 1407/1/3105
f 1407/1/3105 1405/1/3106 1400/1/3101
f 1402/1/3107 1408/1/3108 1409/1/3107
f 1409/1/3107 1410/1/2651 1402/1/3107
f 1402/1/3098 1410/1/3109 1411/1/3110
f 1411/1/3110 1399/1/3095 1402/1/3098
f 1403/1/3099 1399/1/3102 1411/1/3111
f 1411/1/3111 1412/1/3112 1403/1/3099
f 1413/1/3113 1403/1/3114 1412/1/2644
f 1412/1/2644 1414/1/2646 1413/1/3113
f 1404/1/2667 1403/1/2667 1413/1/2667
f 1413/1/2667 1415/1/2667 1404/1/2667
f 1416/1/3115 1407/1/3115 1404/1/3115
f 1404/1/3115 1415/1/3115 1416/1/3115
f 1394/1/2659 1392/1/2659 1407/1/2659
f 1407/1/2659 1416/1/2659 1394/1/2659
f 1391/1/3083 1405/1/3106 1407/1/3105
f 1407/1/3105 1392/1/3084 1391/1/3083
f 1391/1/3082 1390/1/3081 1406/1/3104
f 1406/1/3104 1405/1/3103 1391/1/3082
f 1390/1/2658 1389/1/3116 1417/1/2658
f 1417/1/2658 1406/1/2658 1390/1/2658
f 1406/1/3117 1417/1/3117 1418/1/3118
f 1418/1/3118 1401/1/3117 1406/1/3117
f 1408/1/2652 1402/1/2652 1401/1/2652
f 1401/1/2652 1418/1/2652 1408/1/2652
f 1419/1/3119 1420/1/3120 1421/1/3121
f 1421/1/3121 1422/1/3122 1419/1/3119
f 1423/1/3123 1424/1/3124 1420/1/3125
f 1420/1/3125 1419/1/3126 1423/1/3123
f 1420/1/3120 1425/1/2680 1426/1/3127
f 1426/1/3127 1421/1/3121 1420/1/3120
f 1420/1/3125 1424/1/3124 1427/1/3128
f 1427/1/3128 1425/1/3129 1420/1/3125
f 1422/1/2687 1428/1/2687 1429/1/2687
f 1429/1/2687 1430/1/2687 1422/1/2687
f 1422/1/3122 1430/1/3130 1431/1/3131
f 1431/1/3131 1419/1/3119 1422/1/3122
f 1423/1/3123 1419/1/3126 1431/1/3132
f 1431/1/3132 1432/1/3132 1423/1/3123
f 1433/1/2682 1423/1/3133 1432/1/2682
f 1432/1/2682 1434/1/2682 1433/1/2682
f 1424/1/2695 1423/1/2695 1433/1/2695
f 1433/1/2695 1435/1/2695 1424/1/2695
f 1436/1/3134 1427/1/3134 1424/1/2694
f 1424/1/2694 1435/1/2694 1436/1/3134
f 1414/1/3135 1412/1/3136 1427/1/3137
f 1427/1/3137 1436/1/3138 1414/1/3135
f 1411/1/3111 1425/1/3129 1427/1/3128
f 1427/1/3128 1412/1/3112 1411/1/3111
f 1411/1/3110 1410/1/3109 1426/1/3127
f 1426/1/3127 1425/1/2680 1411/1/3110
f 1410/1/2691 1409/1/2691 1437/1/2691
f 1437/1/2691 1426/1/2691 1410/1/2691
f 1426/1/3139 1437/1/3139 1438/1/3139
f 1438/1/3139 1421/1/3139 1426/1/3139
f 1428/1/3140 1422/1/3140 1421/1/3140
f 1421/1/3140 1438/1/3140 1428/1/3140
f 1439/1/3141 1440/1/3142 1441/1/3143
f 1441/1/3143 1442/1/3144 1439/1/3141
f 1443/1/3145 1444/1/3146 1440/1/3147
f 1440/1/3147 1439/1/3148 1443/1/3145
f 1440/1/3142 1445/1/3149 1446/1/3150
f 1446/1/3150 1441/1/3143 1440/1/3142
f 1440/1/3147 1444/1/3146 1447/1/3151
f 1447/1/3151 1445/1/3152 1440/1/3147
f 1442/1/2714 1448/1/2714 1449/1/2714
f 1449/1/2714 1450/1/2714 1442/1/2714
f 1442/1/3144 1450/1/3153 1451/1/3154
f 1451/1/3154 1439/1/3141 1442/1/3144
f 1443/1/3145 1439/1/3148 1451/1/3155
f 1451/1/3155 1452/1/3156 1443/1/3145
f 1453/1/3157 1443/1/3158 1452/1/3159
f 1452/1/3159 1454/1/3160 1453/1/3157
f 1444/1/2725 1443/1/2725 1453/1/2725
f 1453/1/2725 1455/1/2725 1444/1/2725
f 1456/1/2723 1447/1/2723 1444/1/2723
f 1444/1/2723 1455/1/2723 1456/1/2723
f 1434/1/2719 1432/1/2720 1447/1/3161
f 1447/1/3161 1456/1/2720 1434/1/2719
f 1431/1/3132 1445/1/3152 1447/1/3151
f 1447/1/3151 1432/1/3132 1431/1/3132
f 1431/1/3131 1430/1/3130 1446/1/3150
f 1446/1/3150 1445/1/3149 1431/1/3131
f 1430/1/2718 1429/1/2718 1457/1/2718
f 1457/1/2718 1446/1/2718 1430/1/2718
f 1446/1/2717 1457/1/2717 1458/1/2717
f 1458/1/2717 1441/1/2717 1446/1/2717
f 1448/1/2716 1442/1/3162 1441/1/2716
f 1441/1/2716 1458/1/2716 1448/1/2716
f 1459/1/3163 1460/1/3164 1461/1/3165
f 1461/1/3165 1462/1/3166 1459/1/3163
f 1463/1/3167 1464/1/3168 1460/1/3169
f 1460/1/3169 1459/1/3170 1463/1/3167
f 1460/1/3164 1465/1/2737 1466/1/3171
f 1466/1/3171 1461/1/3165 1460/1/3164
f 1460/1/3169 1464/1/3168 1467/1/3172
f 1467/1/3172 1465/1/3173 1460/1/3169
f 1462/1/3174 1468/1/3174 1469/1/3174
f 1469/1/3174 1470/1/3174 1462/1/3174
f 1462/1/3166 1470/1/3175 1471/1/3176
f 1471/1/3176 1459/1/3163 1462/1/3166
f 1463/1/3167 1459/1/3170 1471/1/3177
f 1471/1/3177 1472/1/3178 1463/1/3167
f 1473/1/2738 1463/1/2738 1472/1/2738
f 1472/1/2738 1474/1/2738 1473/1/2738
f 1464/1/3179 1463/1/3179 1473/1/3179
f 1473/1/3179 1475/1/3179 1464/1/3179
f 1476/1/3180 1467/1/2755 1464/1/3181
f 1464/1/3181 1475/1/3182 1476/1/3180
f 1454/1/3183 1452/1/3184 1467/1/3185
f 1467/1/3185 1476/1/3186 1454/1/3183
f 1451/1/3155 1465/1/3173 1467/1/3172
f 1467/1/3172 1452/1/3156 1451/1/3155
f 1451/1/3154 1450/1/3153 1466/1/3171
f 1466/1/3171 1465/1/2737 1451/1/3154
f 1450/1/2752 1449/1/2752 1477/1/2752
f 1477/1/2752 1466/1/3187 1450/1/2752
f 1466/1/2751 1477/1/2751 1478/1/2751
f 1478/1/2751 1461/1/2751 1466/1/2751
f 1468/1/2748 1462/1/2748 1461/1/2747
f 1461/1/2747 1478/1/2747 1468/1/2748
f 1479/1/3188 1480/1/3189 1481/1/3190
f 1481/1/3190 1482/1/3191 1479/1/3188
f 1483/1/3192 1484/1/3193 1480/1/3194
f 1480/1/3194 1479/1/3195 1483/1/3192
f 1480/1/3189 1485/1/3196 1486/1/3197
f 1486/1/3197 1481/1/3190 1480/1/3189
f 1480/1/3194 1484/1/3193 1487/1/3198
f 1487/1/3198 1485/1/3199 1480/1/3194
f 1482/1/2776 1488/1/2776 1489/1/2776
f 1489/1/2776 1490/1/2776 1482/1/2776
f 1482/1/3191 1490/1/3200 1491/1/3201
f 1491/1/3201 1479/1/3188 1482/1/3191
f 1483/1/3192 1479/1/3195 1491/1/3202
f 1491/1/3202 1492/1/3203 1483/1/3192
f 1493/1/3204 1483/1/3205 1492/1/2771
f 1492/1/2771 1494/1/2771 1493/1/3204
f 1484/1/3206 1483/1/3207 1493/1/3208
f 1493/1/3208 1495/1/2787 1484/1/3206
f 1496/1/3209 1487/1/3210 1484/1/3209
f 1484/1/3209 1495/1/2786 1496/1/3209
f 1474/1/3211 1472/1/2785 1487/1/3212
f 1487/1/3212 1496/1/3213 1474/1/3211
f 1471/1/3177 1485/1/3199 1487/1/3198
f 1487/1/3198 1472/1/3178 1471/1/3177
f 1471/1/3176 1470/1/3175 1486/1/3197
f 1486/1/3197 1485/1/3196 1471/1/3176
f 1470/1/3214 1469/1/2783 1497/1/3215
f 1497/1/3215 1486/1/2783 1470/1/3214
f 1486/1/2780 1497/1/2780 1498/1/3216
f 1498/1/3216 1481/1/2780 1486/1/2780
f 1488/1/2778 1482/1/2779 1481/1/3217
f 1481/1/3217 1498/1/2779 1488/1/2778
f 1499/1/3218 1500/1/3219 1501/1/3220
f 1501/1/3220 1502/1/3221 1499/1/3218
f 1503/1/3222 1504/1/3223 1500/1/3224
f 1500/1/3224 1499/1/3225 1503/1/3222
f 1500/1/3219 1505/1/3226 1506/1/3227
f 1506/1/3227 1501/1/3220 1500/1/3219
f 1500/1/3224 1504/1/3223 1507/1/3228
f 1507/1/3228 1505/1/3229 1500/1/3224
f 1502/1/3230 1508/1/3231 1509/1/3232
f 1509/1/3232 1510/1/2806 1502/1/3230
f 1502/1/3221 1510/1/3233 1511/1/3234
f 1511/1/3234 1499/1/3218 1502/1/3221
f 1503/1/3222 1499/1/3225 1511/1/3235
f 1511/1/3235 1512/1/3236 1503/1/3222
f 1513/1/3237 1503/1/2801 1512/1/2801
f 1512/1/2801 1514/1/2801 1513/1/3237
f 1504/1/3238 1503/1/3238 1513/1/2820
f 1513/1/2820 1515/1/3238 1504/1/3238
f 1516/1/3239 1507/1/2817 1504/1/3239
f 1504/1/3239 1515/1/3239 1516/1/3239
f 1494/1/3240 1492/1/2814 1507/1/2814
f 1507/1/2814 1516/1/2814 1494/1/3240
f 1491/1/3202 1505/1/3229 1507/1/3228
f 1507/1/3228 1492/1/3203 1491/1/3202
f 1491/1/3201 1490/1/3200 1506/1/3227
f 1506/1/3227 1505/1/3226 1491/1/3201
f 1490/1/3241 1489/1/2812 1517/1/2812
f 1517/1/2812 1506/1/2812 1490/1/3241
f 1506/1/2810 1517/1/2810 1518/1/3242
f 1518/1/3242 1501/1/2810 1506/1/2810
f 1508/1/2808 1502/1/2808 1501/1/2808
f 1501/1/2808 1518/1/2808 1508/1/2808
f 1519/1/3243 1520/1/3244 1521/1/3245
f 1521/1/3245 1522/1/3246 1519/1/3243
f 1523/1/3247 1524/1/3248 1520/1/3249
f 1520/1/3249 1519/1/3250 1523/1/3247
f 1520/1/3244 1525/1/3251 1526/1/3252
f 1526/1/3252 1521/1/3245 1520/1/3244
f 1520/1/3249 1524/1/3248 1527/1/3253
f 1527/1/3253 1525/1/3254 1520/1/3249
f 1522/1/2840 1528/1/2840 1529/1/2840
f 1529/1/2840 1530/1/2839 1522/1/2840
f 1522/1/3246 1530/1/3255 1531/1/3256
f 1531/1/3256 1519/1/3243 1522/1/3246
f 1523/1/3247 1519/1/3250 1531/1/3257
f 1531/1/3257 1532/1/3258 1523/1/3247
f 1533/1/2833 1523/1/2833 1532/1/2833
f 1532/1/2833 1534/1/2833 1533/1/2833
f 1524/1/3259 1523/1/2849 1533/1/3260
f 1533/1/3260 1535/1/2849 1524/1/3259
f 1536/1/3261 1527/1/3261 1524/1/3261
f 1524/1/3261 1535/1/3261 1536/1/3261
f 1514/1/2845 1512/1/2845 1527/1/2845
f 1527/1/2845 1536/1/2845 1514/1/2845
f 1511/1/3235 1525/1/3254 1527/1/3253
f 1527/1/3253 1512/1/3236 1511/1/3235
f 1511/1/3234 1510/1/3233 1526/1/3252
f 1526/1/3252 1525/1/3251 1511/1/3234
f 1510/1/2844 1509/1/2844 1537/1/2844
f 1537/1/2844 1526/1/2844 1510/1/2844
f 1526/1/2843 1537/1/2843 1538/1/2843
f 1538/1/2843 1521/1/2843 1526/1/2843
f 1528/1/2841 1522/1/2841 1521/1/2841
f 1521/1/2841 1538/1/2841 1528/1/2841
f 1539/1/3262 1540/1/3263 1541/1/3264
f 1541/1/3264 1542/1/3265 1539/1/3262
f 1543/1/3266 1544/1/3267 1540/1/3268
f 1540/1/3268 1539/1/3269 1543/1/3266
f 1540/1/3263 1545/1/3270 1546/1/3271
f 1546/1/3271 1541/1/3264 1540/1/3263
f 1540/1/3268 1544/1/3267 1547/1/3272
f 1547/1/3272 1545/1/3273 1540/1/3268
f 1542/1/3274 1548/1/2868 1549/1/3275
f 1549/1/3275 1550/1/2868 1542/1/3274
f 1542/1/3265 1550/1/3276 1551/1/3277
f 1551/1/3277 1539/1/3262 1542/1/3265
f 1543/1/3266 1539/1/3269 1551/1/3278
f 1551/1/3278 1552/1/3279 1543/1/3266
f 1553/1/2862 1543/1/3280 1552/1/2862
f 1552/1/2862 1554/1/2862 1553/1/2862
f 1544/1/3281 1543/1/2883 1553/1/2883
f 1553/1/2883 1555/1/3282 1544/1/3281
f 1556/1/2880 1547/1/2880 1544/1/2881
f 1544/1/2881 1555/1/2880 1556/1/2880
f 1534/1/2879 1532/1/2879 1547/1/2879
f 1547/1/2879 1556/1/2879 1534/1/2879
f 1531/1/3257 1545/1/3273 1547/1/3272
f 1547/1/3272 1532/1/3258 1531/1/3257
f 1531/1/3256 1530/1/3255 1546/1/3271
f 1546/1/3271 1545/1/3270 1531/1/3256
f 1530/1/2877 1529/1/3283 1557/1/2877
f 1557/1/2877 1546/1/2876 1530/1/2877
f 1546/1/3284 1557/1/2873 1558/1/3284
f 1558/1/3284 1541/1/3285 1546/1/3284
f 1548/1/3286 1542/1/3287 1541/1/3288
f 1541/1/3288 1558/1/3289 1548/1/3286
f 1559/1/3290 1560/1/3291 1561/1/3292
f 1561/1/3292 1562/1/3293 1559/1/3290
f 1563/1/3294 1564/1/3295 1560/1/3296
f 1560/1/3296 1559/1/3297 1563/1/3294
f 1560/1/3291 1565/1/3298 1566/1/3299
f 1566/1/3299 1561/1/3292 1560/1/3291
f 1560/1/3296 1564/1/3295 1567/1/3300
f 1567/1/3300 1565/1/3301 1560/1/3296
f 1562/1/3302 1568/1/3303 1569/1/2903
f 1569/1/2903 1570/1/3304 1562/1/3302
f 1562/1/3293 1570/1/3305 1571/1/3306
f 1571/1/3306 1559/1/3290 1562/1/3293
f 1563/1/3294 1559/1/3297 1571/1/3307
f 1571/1/3307 1572/1/3308 1563/1/3294
f 1573/1/2896 1563/1/3309 1572/1/3310
f 1572/1/3310 1574/1/3311 1573/1/2896
f 1564/1/2914 1563/1/2914 1573/1/2914
f 1573/1/2914 1575/1/2914 1564/1/2914
f 1576/1/3312 1567/1/3312 1564/1/2913
f 1564/1/2913 1575/1/2913 1576/1/3312
f 1554/1/2911 1552/1/2911 1567/1/3313
f 1567/1/3313 1576/1/2911 1554/1/2911
f 1551/1/3278 1565/1/3301 1567/1/3300
f 1567/1/3300 1552/1/3279 1551/1/3278
f 1551/1/3277 1550/1/3276 1566/1/3299
f 1566/1/3299 1565/1/3298 1551/1/3277
f 1550/1/3314 1549/1/3314 1577/1/3314
f 1577/1/3314 1566/1/3314 1550/1/3314
f 1566/1/2909 1577/1/3315 1578/1/2909
f 1578/1/2909 1561/1/2909 1566/1/2909
f 1568/1/2905 1562/1/2905 1561/1/2905
f 1561/1/2905 1578/1/2905 1568/1/2905
f 1579/1/3316 1580/1/3317 1581/1/3318
f 1581/1/3318 1582/1/3319 1579/1/3316
f 1583/1/3320 1584/1/3321 1580/1/3322
f 1580/1/3322 1579/1/3323 1583/1/3320
f 1580/1/3317 1585/1/3324 1586/1/3325
f 1586/1/3325 1581/1/3318 1580/1/3317
f 1580/1/3322 1584/1/3321 1587/1/3326
f 1587/1/3326 1585/1/3327 1580/1/3322
f 1582/1/3328 1588/1/3328 977/1/3329
f 977/1/3329 975/1/3329 1582/1/3328
f 1579/1/3316 1582/1/3319 975/1/2466
f 975/1/2466 974/1/2465 1579/1/3316
f 1579/1/3323 974/1/2464 972/1/2463
f 972/1/2463 1583/1/3320 1579/1/3323
f 972/1/3330 973/1/3330 1589/1/2930
f 1589/1/2930 1583/1/2931 972/1/3330
f 1584/1/2949 1583/1/2949 1589/1/3331
f 1589/1/3331 1590/1/2949 1584/1/2949
f 1591/1/2947 1587/1/2947 1584/1/2947
f 1584/1/2947 1590/1/2946 1591/1/2947
f 1574/1/3332 1572/1/3333 1587/1/3332
f 1587/1/3332 1591/1/3334 1574/1/3332
f 1571/1/3307 1585/1/3327 1587/1/3326
f 1587/1/3326 1572/1/3308 1571/1/3307
f 1571/1/3306 1570/1/3305 1586/1/3325
f 1586/1/3325 1585/1/3324 1571/1/3306
f 1570/1/2942 1569/1/2941 1592/1/2941
f 1592/1/2941 1586/1/2941 1570/1/2942
f 1586/1/3335 1592/1/2940 1593/1/3336
f 1593/1/3336 1581/1/2940 1586/1/3335
f 1588/1/2939 1582/1/2939 1581/1/2939
f 1581/1/2939 1593/1/2939 1588/1/2939
f 1594/1/3337 1595/1/3338 1596/1/3339
f 1596/1/3339 1597/1/3340 1594/1/3337
f 1598/1/3341 1599/1/3342 1595/1/3338
f 1595/1/3338 1594/1/3337 1598/1/3341
f 1595/1/3343 1600/1/3344 1601/1/3345
f 1601/1/3345 1596/1/3346 1595/1/3343
f 1595/1/3343 1599/1/3347 1602/1/3348
f 1602/1/3348 1600/1/3344 1595/1/3343
f 1603/1/3349 1597/1/3349 1604/1/3349
f 1604/1/3349 1605/1/3349 1603/1/3349
f 1606/1/3350 1594/1/3350 1597/1/3350
f 1597/1/3350 1603/1/3350 1606/1/3350
f 1594/1/3351 1606/1/3351 1607/1/3351
f 1607/1/3351 1598/1/3351 1594/1/3351
f 938/1/3352 1598/1/3352 1607/1/3352
f 1607/1/3352 939/1/3352 938/1/3352
f 938/1/2432 953/1/2433 1599/1/3342
f 1599/1/3342 1598/1/3341 938/1/2432
f 952/1/2430 1602/1/3348 1599/1/3347
f 1599/1/3347 953/1/2431 952/1/2430
f 1602/1/3353 952/1/3354 951/1/3355
f 951/1/3355 1608/1/3356 1602/1/3353
f 1608/1/3357 1609/1/3357 1600/1/3357
f 1600/1/3357 1602/1/3357 1608/1/3357
f 1600/1/3358 1609/1/3359 1610/1/3359
f 1610/1/3359 1601/1/3360 1600/1/3358
f 1610/1/3361 1611/1/3362 1612/1/3361
f 1612/1/3361 1601/1/3361 1610/1/3361
f 1601/1/3345 1612/1/3363 1613/1/3364
f 1613/1/3364 1596/1/3346 1601/1/3345
f 1597/1/3340 1596/1/3339 1613/1/3365
f 1613/1/3365 1604/1/3366 1597/1/3340
f 1614/1/3367 1615/1/3368 1616/1/3369
f 1616/1/3369 1617/1/3370 1614/1/3367
f 1618/1/3371 1619/1/3372 1615/1/3368
f 1615/1/3368 1614/1/3367 1618/1/3371
f 1615/1/3373 1620/1/3374 1621/1/3375
f 1621/1/3375 1616/1/3376 1615/1/3373
f 1615/1/3373 1619/1/3377 1622/1/3378
f 1622/1/3378 1620/1/3374 1615/1/3373
f 1623/1/3379 1624/1/3380 1625/1/3381
f 1625/1/3381 1617/1/3382 1623/1/3379
f 1625/1/3383 1626/1/3384 1614/1/3383
f 1614/1/3383 1617/1/3383 1625/1/3383
f 1614/1/3385 1626/1/3386 1627/1/3387
f 1627/1/3387 1618/1/3388 1614/1/3385
f 1604/1/3389 1618/1/3389 1627/1/3389
f 1627/1/3389 1605/1/3389 1604/1/3389
f 1618/1/3371 1604/1/3366 1613/1/3365
f 1613/1/3365 1619/1/3372 1618/1/3371
f 1612/1/3363 1622/1/3378 1619/1/3377
f 1619/1/3377 1613/1/3364 1612/1/3363
f 1622/1/3390 1612/1/3391 1611/1/3392
f 1611/1/3392 1628/1/3393 1622/1/3390
f 1628/1/3394 1629/1/3394 1620/1/3395
f 1620/1/3395 1622/1/3394 1628/1/3394
f 1630/1/3396 1621/1/3397 1620/1/3398
f 1620/1/3398 1629/1/3396 1630/1/3396
f 1630/1/3399 1631/1/3399 1632/1/3399
f 1632/1/3399 1621/1/3399 1630/1/3399
f 1616/1/3376 1621/1/3375 1632/1/3400
f 1632/1/3400 1633/1/3401 1616/1/3376
f 1633/1/3402 1623/1/3403 1617/1/3370
f 1617/1/3370 1616/1/3369 1633/1/3402
f 1634/1/3404 1635/1/3405 1636/1/3406
f 1636/1/3406 1637/1/3407 1634/1/3404
f 1638/1/3408 1639/1/3409 1635/1/3405
f 1635/1/3405 1634/1/3404 1638/1/3408
f 1635/1/3410 1640/1/3411 1641/1/3412
f 1641/1/3412 1636/1/3413 1635/1/3410
f 1635/1/3410 1639/1/3414 1642/1/3415
f 1642/1/3415 1640/1/3411 1635/1/3410
f 1643/1/3416 1644/1/3417 1645/1/3418
f 1645/1/3418 1637/1/3419 1643/1/3416
f 1634/1/3420 1637/1/3420 1645/1/3420
f 1645/1/3420 1646/1/3420 1634/1/3420
f 1634/1/3421 1646/1/3421 1647/1/3421
f 1647/1/3421 1638/1/3421 1634/1/3421
f 1623/1/3422 1638/1/3422 1647/1/3422
f 1647/1/3422 1624/1/3422 1623/1/3422
f 1638/1/3408 1623/1/3403 1633/1/3402
f 1633/1/3402 1639/1/3409 1638/1/3408
f 1632/1/3400 1642/1/3415 1639/1/3414
f 1639/1/3414 1633/1/3401 1632/1/3400
f 1642/1/3423 1632/1/3423 1631/1/3423
f 1631/1/3423 1648/1/3423 1642/1/3423
f 1648/1/3424 1649/1/3424 1640/1/3425
f 1640/1/3425 1642/1/3426 1648/1/3424
f 1649/1/3427 1650/1/3427 1641/1/3427
f 1641/1/3427 1640/1/3427 1649/1/3427
f 1650/1/3428 1651/1/3429 1652/1/3428
f 1652/1/3428 1641/1/3428 1650/1/3428
f 1641/1/3412 1652/1/3430 1653/1/3431
f 1653/1/3431 1636/1/3413 1641/1/3412
f 1636/1/3406 1653/1/3432 1643/1/3433
f 1643/1/3433 1637/1/3407 1636/1/3406
f 1654/1/3434 1655/1/3435 1656/1/3436
f 1656/1/3436 1657/1/3437 1654/1/3434
f 1658/1/3438 1659/1/3439 1655/1/3435
f 1655/1/3435 1654/1/3434 1658/1/3438
f 1655/1/3440 1660/1/3441 1661/1/3442
f 1661/1/3442 1656/1/3443 1655/1/3440
f 1655/1/3440 1659/1/3444 1662/1/3445
f 1662/1/3445 1660/1/3441 1655/1/3440
f 1663/1/3446 1664/1/3446 1665/1/3446
f 1665/1/3446 1657/1/3446 1663/1/3446
f 1654/1/3447 1657/1/3448 1665/1/3448
f 1665/1/3448 1666/1/3448 1654/1/3447
f 1654/1/3449 1666/1/3449 1667/1/3449
f 1667/1/3449 1658/1/3449 1654/1/3449
f 1643/1/3450 1658/1/3451 1667/1/3452
f 1667/1/3452 1644/1/3453 1643/1/3450
f 1658/1/3438 1643/1/3433 1653/1/3432
f 1653/1/3432 1659/1/3439 1658/1/3438
f 1659/1/3444 1653/1/3431 1652/1/3430
f 1652/1/3430 1662/1/3445 1659/1/3444
f 1662/1/3454 1652/1/3454 1651/1/3454
f 1651/1/3454 1668/1/3454 1662/1/3454
f 1668/1/3455 1669/1/3456 1660/1/3456
f 1660/1/3456 1662/1/3456 1668/1/3455
f 1669/1/3457 1670/1/3458 1661/1/3457
f 1661/1/3457 1660/1/3457 1669/1/3457
f 1670/1/3459 1671/1/3460 1672/1/3460
f 1672/1/3460 1661/1/3461 1670/1/3459
f 1656/1/3443 1661/1/3442 1672/1/3462
f 1672/1/3462 1673/1/3463 1656/1/3443
f 1656/1/3436 1673/1/3464 1663/1/3465
f 1663/1/3465 1657/1/3437 1656/1/3436
f 1674/1/3466 1675/1/3467 1676/1/3468
f 1676/1/3468 1677/1/3469 1674/1/3466
f 1678/1/3470 1679/1/3471 1675/1/3467
f 1675/1/3467 1674/1/3466 1678/1/3470
f 1675/1/3472 1680/1/3473 1681/1/3474
f 1681/1/3474 1676/1/3475 1675/1/3472
f 1675/1/3472 1679/1/3476 1682/1/3477
f 1682/1/3477 1680/1/3473 1675/1/3472
f 1683/1/3478 1684/1/3479 1685/1/3480
f 1685/1/3480 1677/1/3479 1683/1/3478
f 1674/1/3481 1677/1/3482 1685/1/3481
f 1685/1/3481 1686/1/3481 1674/1/3481
f 1674/1/3483 1686/1/3483 1687/1/3484
f 1687/1/3484 1678/1/3485 1674/1/3483
f 1663/1/3486 1678/1/3486 1687/1/3486
f 1687/1/3486 1664/1/3486 1663/1/3486
f 1678/1/3470 1663/1/3465 1673/1/3464
f 1673/1/3464 1679/1/3471 1678/1/3470
f 1672/1/3462 1682/1/3477 1679/1/3476
f 1679/1/3476 1673/1/3463 1672/1/3462
f 1682/1/3487 1672/1/3487 1671/1/3487
f 1671/1/3487 1688/1/3488 1682/1/3487
f 1688/1/3489 1689/1/3489 1680/1/3490
f 1680/1/3490 1682/1/3489 1688/1/3489
f 1689/1/3491 1690/1/3491 1681/1/3491
f 1681/1/3491 1680/1/3491 1689/1/3491
f 1690/1/3492 1691/1/3492 1692/1/3493
f 1692/1/3493 1681/1/3492 1690/1/3492
f 1676/1/3475 1681/1/3474 1692/1/3494
f 1692/1/3494 1693/1/3495 1676/1/3475
f 1676/1/3468 1693/1/3496 1683/1/3497
f 1683/1/3497 1677/1/3469 1676/1/3468
f 1694/1/3498 1695/1/3499 1696/1/3500
f 1696/1/3500 1697/1/3501 1694/1/3498
f 1698/1/3502 1699/1/3503 1695/1/3499
f 1695/1/3499 1694/1/3498 1698/1/3502
f 1695/1/3504 1700/1/3505 1701/1/3506
f 1701/1/3506 1696/1/3507 1695/1/3504
f 1695/1/3504 1699/1/3508 1702/1/3509
f 1702/1/3509 1700/1/3505 1695/1/3504
f 1703/1/3510 1704/1/3511 1705/1/3512
f 1705/1/3512 1697/1/3511 1703/1/3510
f 1694/1/3513 1697/1/3513 1705/1/3513
f 1705/1/3513 1706/1/3513 1694/1/3513
f 1694/1/3514 1706/1/3514 1707/1/3514
f 1707/1/3514 1698/1/3514 1694/1/3514
f 1683/1/3515 1698/1/3515 1707/1/3516
f 1707/1/3516 1684/1/3516 1683/1/3515
f 1698/1/3502 1683/1/3497 1693/1/3496
f 1693/1/3496 1699/1/3503 1698/1/3502
f 1692/1/3494 1702/1/3509 1699/1/3508
f 1699/1/3508 1693/1/3495 1692/1/3494
f 1702/1/3517 1692/1/3517 1691/1/3517
f 1691/1/3517 1708/1/3517 1702/1/3517
f 1708/1/3518 1709/1/3518 1700/1/3518
f 1700/1/3518 1702/1/3518 1708/1/3518
f 1709/1/3519 1710/1/3519 1701/1/3519
f 1701/1/3519 1700/1/3519 1709/1/3519
f 1710/1/3520 1711/1/3521 1712/1/3520
f 1712/1/3520 1701/1/3522 1710/1/3520
f 1696/1/3507 1701/1/3506 1712/1/3523
f 1712/1/3523 1713/1/3524 1696/1/3507
f 1696/1/3500 1713/1/3525 1703/1/3526
f 1703/1/3526 1697/1/3501 1696/1/3500
f 1714/1/3527 1715/1/3528 1716/1/3529
f 1716/1/3529 1717/1/3530 1714/1/3527
f 1718/1/3531 1719/1/3532 1715/1/3528
f 1715/1/3528 1714/1/3527 1718/1/3531
f 1715/1/3533 1720/1/3534 1721/1/3535
f 1721/1/3535 1716/1/3536 1715/1/3533
f 1715/1/3533 1719/1/3537 1722/1/3538
f 1722/1/3538 1720/1/3534 1715/1/3533
f 1723/1/3539 1724/1/3539 1725/1/3539
f 1725/1/3539 1717/1/3540 1723/1/3539
f 1714/1/3541 1717/1/3541 1725/1/3542
f 1725/1/3542 1726/1/3543 1714/1/3541
f 1714/1/3544 1726/1/3544 1727/1/3544
f 1727/1/3544 1718/1/3544 1714/1/3544
f 1703/1/3545 1718/1/3545 1727/1/3545
f 1727/1/3545 1704/1/3545 1703/1/3545
f 1718/1/3531 1703/1/3526 1713/1/3525
f 1713/1/3525 1719/1/3532 1718/1/3531
f 1712/1/3523 1722/1/3538 1719/1/3537
f 1719/1/3537 1713/1/3524 1712/1/3523
f 1722/1/3546 1712/1/3547 1711/1/3546
f 1711/1/3546 1728/1/3548 1722/1/3546
f 1728/1/3549 1729/1/3549 1720/1/3549
f 1720/1/3549 1722/1/3549 1728/1/3549
f 1729/1/3550 1730/1/3550 1721/1/3550
f 1721/1/3550 1720/1/3550 1729/1/3550
f 1730/1/3551 1731/1/3552 1732/1/3553
f 1732/1/3553 1721/1/3551 1730/1/3551
f 1716/1/3536 1721/1/3535 1732/1/3554
f 1732/1/3554 1733/1/3554 1716/1/3536
f 1716/1/3529 1733/1/3555 1723/1/3556
f 1723/1/3556 1717/1/3530 1716/1/3529
f 1734/1/3557 1735/1/3558 1736/1/3559
f 1736/1/3559 1737/1/3560 1734/1/3557
f 1738/1/3561 1739/1/3562 1735/1/3558
f 1735/1/3558 1734/1/3557 1738/1/3561
f 1735/1/3563 1740/1/3564 1741/1/3565
f 1741/1/3565 1736/1/3566 1735/1/3563
f 1735/1/3563 1739/1/3567 1742/1/3568
f 1742/1/3568 1740/1/3564 1735/1/3563
f 1743/1/3569 1744/1/3569 1745/1/3569
f 1745/1/3569 1737/1/3569 1743/1/3569
f 1734/1/3570 1737/1/3571 1745/1/3571
f 1745/1/3571 1746/1/3572 1734/1/3570
f 1734/1/3573 1746/1/3574 1747/1/3573
f 1747/1/3573 1738/1/3573 1734/1/3573
f 1723/1/3575 1738/1/3575 1747/1/3575
f 1747/1/3575 1724/1/3575 1723/1/3575
f 1738/1/3561 1723/1/3556 1733/1/3555
f 1733/1/3555 1739/1/3562 1738/1/3561
f 1732/1/3554 1742/1/3568 1739/1/3567
f 1739/1/3567 1733/1/3554 1732/1/3554
f 1748/1/3576 1742/1/3577 1732/1/3578
f 1732/1/3578 1731/1/3579 1748/1/3576
f 1748/1/3580 1749/1/3580 1740/1/3580
f 1740/1/3580 1742/1/3580 1748/1/3580
f 1749/1/3581 1750/1/3582 1741/1/3583
f 1741/1/3583 1740/1/3581 1749/1/3581
f 1750/1/3584 1751/1/3585 1752/1/3585
f 1752/1/3585 1741/1/3584 1750/1/3584
f 1736/1/3566 1741/1/3565 1752/1/3586
f 1752/1/3586 1753/1/3587 1736/1/3566
f 1736/1/3559 1753/1/3588 1743/1/3589
f 1743/1/3589 1737/1/3560 1736/1/3559
f 1754/1/3590 1755/1/3591 1756/1/3592
f 1756/1/3592 1757/1/3593 1754/1/3590
f 1758/1/3594 1759/1/3595 1755/1/3591
f 1755/1/3591 1754/1/3590 1758/1/3594
f 1755/1/3596 1760/1/3597 1761/1/3598
f 1761/1/3598 1756/1/3599 1755/1/3596
f 1755/1/3596 1759/1/3600 1762/1/3601
f 1762/1/3601 1760/1/3597 1755/1/3596
f 1763/1/3602 1764/1/3603 1765/1/3602
f 1765/1/3602 1757/1/3602 1763/1/3602
f 1754/1/3604 1757/1/3604 1765/1/3604
f 1765/1/3604 1766/1/3604 1754/1/3604
f 1754/1/3605 1766/1/3605 1767/1/3605
f 1767/1/3605 1758/1/3605 1754/1/3605
f 1743/1/3606 1758/1/3607 1767/1/3608
f 1767/1/3608 1744/1/3609 1743/1/3606
f 1758/1/3594 1743/1/3589 1753/1/3588
f 1753/1/3588 1759/1/3595 1758/1/3594
f 1752/1/3586 1762/1/3601 1759/1/3600
f 1759/1/3600 1753/1/3587 1752/1/3586
f 1762/1/3610 1752/1/3610 1751/1/3610
f 1751/1/3610 1768/1/3611 1762/1/3610
f 1768/1/3612 1769/1/3612 1760/1/3612
f 1760/1/3612 1762/1/3613 1768/1/3612
f 1769/1/3614 1770/1/3615 1761/1/3615
f 1761/1/3615 1760/1/3616 1769/1/3614
f 1770/1/3617 1771/1/3617 1772/1/3617
f 1772/1/3617 1761/1/3617 1770/1/3617
f 1756/1/3599 1761/1/3598 1772/1/3618
f 1772/1/3618 1773/1/3619 1756/1/3599
f 1756/1/3592 1773/1/3620 1763/1/3621
f 1763/1/3621 1757/1/3593 1756/1/3592
f 1774/1/3622 1775/1/3623 1776/1/3624
f 1776/1/3624 1777/1/3625 1774/1/3622
f 1778/1/3626 1779/1/3627 1775/1/3623
f 1775/1/3623 1774/1/3622 1778/1/3626
f 1775/1/3628 1780/1/3629 1781/1/3630
f 1781/1/3630 1776/1/3631 1775/1/3628
f 1775/1/3628 1779/1/3632 1782/1/3633
f 1782/1/3633 1780/1/3629 1775/1/3628
f 1783/1/3634 1784/1/3634 1785/1/3634
f 1785/1/3634 1777/1/3634 1783/1/3634
f 1774/1/3635 1777/1/3635 1785/1/3636
f 1785/1/3636 1786/1/3635 1774/1/3635
f 1774/1/3637 1786/1/3637 1787/1/3637
f 1787/1/3637 1778/1/3637 1774/1/3637
f 1763/1/3638 1778/1/3639 1787/1/3638
f 1787/1/3638 1764/1/3640 1763/1/3638
f 1778/1/3626 1763/1/3621 1773/1/3620
f 1773/1/3620 1779/1/3627 1778/1/3626
f 1772/1/3618 1782/1/3633 1779/1/3632
f 1779/1/3632 1773/1/3619 1772/1/3618
f 1782/1/3641 1772/1/3642 1771/1/3643
f 1771/1/3643 1788/1/3642 1782/1/3641
f 1788/1/3644 1789/1/3645 1780/1/3644
f 1780/1/3644 1782/1/3644 1788/1/3644
f 1789/1/3646 1790/1/3647 1781/1/3646
f 1781/1/3646 1780/1/3646 1789/1/3646
f 1790/1/3648 1791/1/3649 1792/1/3649
f 1792/1/3649 1781/1/3650 1790/1/3648
f 1776/1/3631 1781/1/3630 1792/1/3651
f 1792/1/3651 1793/1/3652 1776/1/3631
f 1776/1/3624 1793/1/3653 1783/1/3654
f 1783/1/3654 1777/1/3625 1776/1/3624
f 1794/1/3655 1795/1/3656 1796/1/3657
f 1796/1/3657 1797/1/3658 1794/1/3655
f 1798/1/3659 1799/1/3660 1795/1/3656
f 1795/1/3656 1794/1/3655 1798/1/3659
f 1795/1/3661 1800/1/3662 1801/1/3663
f 1801/1/3663 1796/1/3664 1795/1/3661
f 1795/1/3661 1799/1/3665 1802/1/3666
f 1802/1/3666 1800/1/3662 1795/1/3661
f 1803/1/3667 1804/1/3667 1805/1/3667
f 1805/1/3667 1797/1/3667 1803/1/3667
f 1794/1/3668 1797/1/3668 1805/1/3668
f 1805/1/3668 1806/1/3668 1794/1/3668
f 1794/1/3669 1806/1/3669 1807/1/3669
f 1807/1/3669 1798/1/3669 1794/1/3669
f 1783/1/3670 1798/1/3671 1807/1/3671
f 1807/1/3671 1784/1/3671 1783/1/3670
f 1798/1/3659 1783/1/3654 1793/1/3653
f 1793/1/3653 1799/1/3660 1798/1/3659
f 1792/1/3651 1802/1/3666 1799/1/3665
f 1799/1/3665 1793/1/3652 1792/1/3651
f 1802/1/3672 1792/1/3673 1791/1/3674
f 1791/1/3674 1808/1/3674 1802/1/3672
f 1808/1/3675 1809/1/3676 1800/1/3677
f 1800/1/3677 1802/1/3675 1808/1/3675
f 1809/1/3678 1810/1/3679 1801/1/3680
f 1801/1/3680 1800/1/3680 1809/1/3678
f 1810/1/3681 1811/1/3681 1812/1/3681
f 1812/1/3681 1801/1/3681 1810/1/3681
f 1796/1/3664 1801/1/3663 1812/1/3682
f 1812/1/3682 1813/1/3683 1796/1/3664
f 1796/1/3657 1813/1/3684 1803/1/3685
f 1803/1/3685 1797/1/3658 1796/1/3657
f 1814/1/3686 1815/1/3687 1816/1/3688
f 1816/1/3688 1817/1/3689 1814/1/3686
f 1818/1/3690 1819/1/3691 1815/1/3687
f 1815/1/3687 1814/1/3686 1818/1/3690
f 1815/1/3692 1820/1/3693 1821/1/3694
f 1821/1/3694 1816/1/3695 1815/1/3692
f 1815/1/3692 1819/1/3696 1822/1/3697
f 1822/1/3697 1820/1/3693 1815/1/3692
f 1823/1/3698 1824/1/3698 1825/1/3699
f 1825/1/3699 1817/1/3700 1823/1/3698
f 1814/1/3701 1817/1/3701 1825/1/3701
f 1825/1/3701 1826/1/3701 1814/1/3701
f 1814/1/3702 1826/1/3702 1827/1/3702
f 1827/1/3702 1818/1/3702 1814/1/3702
f 1803/1/3703 1818/1/3704 1827/1/3704
f 1827/1/3704 1804/1/3703 1803/1/3703
f 1818/1/3690 1803/1/3685 1813/1/3684
f 1813/1/3684 1819/1/3691 1818/1/3690
f 1812/1/3682 1822/1/3697 1819/1/3696
f 1819/1/3696 1813/1/3683 1812/1/3682
f 1822/1/3705 1812/1/3706 1811/1/3706
f 1811/1/3706 1828/1/3707 1822/1/3705
f 1828/1/3708 1829/1/3708 1820/1/3708
f 1820/1/3708 1822/1/3708 1828/1/3708
f 1829/1/3709 1830/1/3709 1821/1/3709
f 1821/1/3709 1820/1/3709 1829/1/3709
f 1830/1/3710 1831/1/3710 1832/1/3711
f 1832/1/3711 1821/1/3712 1830/1/3710
f 1816/1/3695 1821/1/3694 1832/1/3713
f 1832/1/3713 1833/1/3714 1816/1/3695
f 1816/1/3688 1833/1/3715 1823/1/3716
f 1823/1/3716 1817/1/3689 1816/1/3688
f 1834/1/3717 1835/1/3718 1836/1/3719
f 1836/1/3719 1837/1/3720 1834/1/3717
f 1838/1/3721 1839/1/3722 1835/1/3718
f 1835/1/3718 1834/1/3717 1838/1/3721
f 1835/1/3723 1840/1/3724 1841/1/3725
f 1841/1/3725 1836/1/3726 1835/1/3723
f 1835/1/3723 1839/1/3727 1842/1/3728
f 1842/1/3728 1840/1/3724 1835/1/3723
f 1843/1/3729 1844/1/3730 1845/1/3731
f 1845/1/3731 1837/1/3730 1843/1/3729
f 1834/1/3732 1837/1/3733 1845/1/3734
f 1845/1/3734 1846/1/3735 1834/1/3732
f 1834/1/3736 1846/1/3737 1847/1/3736
f 1847/1/3736 1838/1/3736 1834/1/3736
f 1823/1/3738 1838/1/3738 1847/1/3738
f 1847/1/3738 1824/1/3738 1823/1/3738
f 1838/1/3721 1823/1/3716 1833/1/3715
f 1833/1/3715 1839/1/3722 1838/1/3721
f 1832/1/3713 1842/1/3728 1839/1/3727
f 1839/1/3727 1833/1/3714 1832/1/3713
f 1842/1/3739 1832/1/3739 1831/1/3739
f 1831/1/3739 1848/1/3739 1842/1/3739
f 1848/1/3740 1849/1/3741 1840/1/3740
f 1840/1/3740 1842/1/3742 1848/1/3740
f 1849/1/3743 1850/1/3744 1841/1/3745
f 1841/1/3745 1840/1/3744 1849/1/3743
f 1850/1/3746 1851/1/3747 1852/1/3748
f 1852/1/3748 1841/1/3749 1850/1/3746
f 1836/1/3726 1841/1/3725 1852/1/3750
f 1852/1/3750 1853/1/3751 1836/1/3726
f 1836/1/3719 1853/1/3752 1843/1/3753
f 1843/1/3753 1837/1/3720 1836/1/3719
f 1854/1/3754 1855/1/3755 1856/1/3756
f 1856/1/3756 1857/1/3757 1854/1/3754
f 1858/1/3758 1859/1/3759 1855/1/3755
f 1855/1/3755 1854/1/3754 1858/1/3758
f 1855/1/3760 1860/1/3761 1861/1/3762
f 1861/1/3762 1856/1/3763 1855/1/3760
f 1855/1/3760 1859/1/3764 1862/1/3765
f 1862/1/3765 1860/1/3761 1855/1/3760
f 1863/1/3766 1864/1/3766 1865/1/3766
f 1865/1/3766 1857/1/3766 1863/1/3766
f 1854/1/3767 1857/1/3767 1865/1/3768
f 1865/1/3768 1866/1/3768 1854/1/3767
f 1854/1/3769 1866/1/3770 1867/1/3771
f 1867/1/3771 1858/1/3770 1854/1/3769
f 1843/1/3772 1858/1/3772 1867/1/3772
f 1867/1/3772 1844/1/3773 1843/1/3772
f 1858/1/3758 1843/1/3753 1853/1/3752
f 1853/1/3752 1859/1/3759 1858/1/3758
f 1852/1/3750 1862/1/3765 1859/1/3764
f 1859/1/3764 1853/1/3751 1852/1/3750
f 1862/1/3774 1852/1/3775 1851/1/3774
f 1851/1/3774 1868/1/3774 1862/1/3774
f 1868/1/3776 1869/1/3777 1860/1/3777
f 1860/1/3777 1862/1/3776 1868/1/3776
f 1869/1/3778 1870/1/3779 1861/1/3779
f 1861/1/3779 1860/1/3779 1869/1/3778
f 1870/1/3780 1871/1/3780 1872/1/3780
f 1872/1/3780 1861/1/3780 1870/1/3780
f 1856/1/3763 1861/1/3762 1872/1/3781
f 1872/1/3781 1873/1/3782 1856/1/3763
f 1856/1/3756 1873/1/3783 1863/1/3784
f 1863/1/3784 1857/1/3757 1856/1/3756
f 1874/1/3785 1875/1/3786 1876/1/3787
f 1876/1/3787 1877/1/3788 1874/1/3785
f 1878/1/3789 1879/1/3790 1875/1/3786
f 1875/1/3786 1874/1/3785 1878/1/3789
f 1875/1/3791 1880/1/3792 1881/1/3793
f 1881/1/3793 1876/1/3794 1875/1/3791
f 1875/1/3791 1879/1/3795 1882/1/3796
f 1882/1/3796 1880/1/3792 1875/1/3791
f 1883/1/3797 1884/1/3797 1885/1/3797
f 1885/1/3797 1877/1/3798 1883/1/3797
f 1874/1/3799 1877/1/3800 1885/1/3801
f 1885/1/3801 1886/1/3800 1874/1/3799
f 1874/1/3802 1886/1/3802 1887/1/3802
f 1887/1/3802 1878/1/3802 1874/1/3802
f 1863/1/3803 1878/1/3803 1887/1/3803
f 1887/1/3803 1864/1/3803 1863/1/3803
f 1878/1/3789 1863/1/3784 1873/1/3783
f 1873/1/3783 1879/1/3790 1878/1/3789
f 1872/1/3781 1882/1/3796 1879/1/3795
f 1879/1/3795 1873/1/3782 1872/1/3781
f 1882/1/3804 1872/1/3805 1871/1/3806
f 1871/1/3806 1888/1/3806 1882/1/3804
f 1888/1/3807 1889/1/3808 1880/1/3809
f 1880/1/3809 1882/1/3810 1888/1/3807
f 1889/1/3811 1890/1/3811 1881/1/3811
f 1881/1/3811 1880/1/3811 1889/1/3811
f 1890/1/3812 1891/1/3813 1892/1/3814
f 1892/1/3814 1881/1/3815 1890/1/3812
f 1876/1/3794 1881/1/3793 1892/1/3816
f 1892/1/3816 1893/1/3817 1876/1/3794
f 1876/1/3787 1893/1/3818 1883/1/3819
f 1883/1/3819 1877/1/3788 1876/1/3787
f 1894/1/3820 1895/1/3821 1896/1/3822
f 1896/1/3822 1897/1/3823 1894/1/3820
f 1898/1/3824 1899/1/3825 1895/1/3821
f 1895/1/3821 1894/1/3820 1898/1/3824
f 1895/1/3826 1900/1/3827 1901/1/3828
f 1901/1/3828 1896/1/3829 1895/1/3826
f 1895/1/3826 1899/1/3830 1902/1/3831
f 1902/1/3831 1900/1/3827 1895/1/3826
f 1903/1/3832 1904/1/3833 1905/1/3832
f 1905/1/3832 1897/1/3834 1903/1/3832
f 1894/1/2425 1897/1/2425 1905/1/3835
f 1905/1/3835 1906/1/3835 1894/1/2425
f 1894/1/3836 1906/1/2423 1907/1/3837
f 1907/1/3837 1898/1/3836 1894/1/3836
f 1883/1/3838 1898/1/3838 1907/1/3838
f 1907/1/3838 1884/1/3838 1883/1/3838
f 1898/1/3824 1883/1/3819 1893/1/3818
f 1893/1/3818 1899/1/3825 1898/1/3824
f 1892/1/3816 1902/1/3831 1899/1/3830
f 1899/1/3830 1893/1/3817 1892/1/3816
f 1902/1/3839 1892/1/3840 1891/1/3839
f 1891/1/3839 1908/1/3840 1902/1/3839
f 1908/1/3841 1909/1/2413 1900/1/2413
f 1900/1/2413 1902/1/3842 1908/1/3841
f 1909/1/3843 1910/1/2411 1901/1/2412
f 1901/1/2412 1900/1/2411 1909/1/3843
f 1910/1/2409 1911/1/2409 1912/1/2409
f 1912/1/2409 1901/1/2409 1910/1/2409
f 1896/1/3829 1901/1/3828 1912/1/3844
f 1912/1/3844 1913/1/3845 1896/1/3829
f 1896/1/3822 1913/1/3846 1903/1/3847
f 1903/1/3847 1897/1/3823 1896/1/3822
f 1914/1/3848 1915/1/3849 1916/1/3850
f 1916/1/3850 1917/1/3851 1914/1/3848
f 1918/1/3852 1919/1/3853 1915/1/3849
f 1915/1/3849 1914/1/3848 1918/1/3852
f 1915/1/3854 1920/1/3855 1921/1/3856
f 1921/1/3856 1916/1/3857 1915/1/3854
f 1915/1/3854 1919/1/3858 1922/1/3859
f 1922/1/3859 1920/1/3855 1915/1/3854
f 1923/1/3361 1924/1/3361 1925/1/3361
f 1925/1/3361 1917/1/3361 1923/1/3361
f 1914/1/3860 1917/1/3861 1925/1/3359
f 1925/1/3359 1926/1/3861 1914/1/3860
f 1914/1/3862 1926/1/3863 1927/1/3862
f 1927/1/3862 1918/1/3864 1914/1/3862
f 1903/1/3865 1918/1/3865 1927/1/3866
f 1927/1/3866 1904/1/3867 1903/1/3865
f 1918/1/3852 1903/1/3847 1913/1/3846
f 1913/1/3846 1919/1/3853 1918/1/3852
f 1912/1/3844 1922/1/3859 1919/1/3858
f 1919/1/3858 1913/1/3845 1912/1/3844
f 1922/1/3352 1912/1/3352 1911/1/3868
f 1911/1/3868 1928/1/3352 1922/1/3352
f 1928/1/3351 1929/1/3351 1920/1/3351
f 1920/1/3351 1922/1/3351 1928/1/3351
f 1929/1/3869 1930/1/3350 1921/1/3870
f 1921/1/3870 1920/1/3871 1929/1/3869
f 1930/1/3349 1931/1/3349 1932/1/3349
f 1932/1/3349 1921/1/3349 1930/1/3349
f 1916/1/3857 1921/1/3856 1932/1/3872
f 1932/1/3872 1933/1/3873 1916/1/3857
f 1916/1/3850 1933/1/3874 1923/1/3875
f 1923/1/3875 1917/1/3851 1916/1/3850
f 1934/1/3876 1935/1/3877 1936/1/3878
f 1936/1/3878 1937/1/3879 1934/1/3876
f 1938/1/3880 1939/1/3881 1935/1/3877
f 1935/1/3877 1934/1/3876 1938/1/3880
f 1935/1/3882 1940/1/3883 1941/1/3884
f 1941/1/3884 1936/1/3885 1935/1/3882
f 1935/1/3882 1939/1/3886 1942/1/3887
f 1942/1/3887 1940/1/3883 1935/1/3882
f 1943/1/3399 1944/1/3399 1945/1/3399
f 1945/1/3399 1937/1/3399 1943/1/3399
f 1934/1/3888 1937/1/3397 1945/1/3889
f 1945/1/3889 1946/1/3397 1934/1/3888
f 1934/1/3394 1946/1/3394 1947/1/3394
f 1947/1/3394 1938/1/3394 1934/1/3394
f 1923/1/3393 1938/1/3393 1947/1/3393
f 1947/1/3393 1924/1/3393 1923/1/3393
f 1938/1/3880 1923/1/3875 1933/1/3874
f 1933/1/3874 1939/1/3881 1938/1/3880
f 1932/1/3872 1942/1/3887 1939/1/3886
f 1939/1/3886 1933/1/3873 1932/1/3872
f 1942/1/3389 1932/1/3389 1931/1/3389
f 1931/1/3389 1948/1/3389 1942/1/3389
f 1948/1/3890 1949/1/3891 1940/1/3892
f 1940/1/3892 1942/1/3388 1948/1/3890
f 1949/1/3383 1950/1/3893 1941/1/3383
f 1941/1/3383 1940/1/3894 1949/1/3383
f 1950/1/3895 1951/1/3896 1952/1/3896
f 1952/1/3896 1941/1/3896 1950/1/3895
f 1936/1/3885 1941/1/3884 1952/1/3897
f 1952/1/3897 1953/1/3898 1936/1/3885
f 1936/1/3878 1953/1/3899 1943/1/3900
f 1943/1/3900 1937/1/3879 1936/1/3878
f 1954/1/3901 1955/1/3902 1956/1/3903
f 1956/1/3903 1957/1/3904 1954/1/3901
f 1958/1/3905 1959/1/3906 1955/1/3902
f 1955/1/3902 1954/1/3901 1958/1/3905
f 1955/1/3907 1960/1/3908 1961/1/3909
f 1961/1/3909 1956/1/3910 1955/1/3907
f 1955/1/3907 1959/1/3911 1962/1/3912
f 1962/1/3912 1960/1/3908 1955/1/3907
f 1963/1/3428 1964/1/3428 1965/1/3428
f 1965/1/3428 1957/1/3913 1963/1/3428
f 1954/1/3427 1957/1/3427 1965/1/3914
f 1965/1/3914 1966/1/3427 1954/1/3427
f 1954/1/3915 1966/1/3916 1967/1/3917
f 1967/1/3917 1958/1/3916 1954/1/3915
f 1943/1/3423 1958/1/3423 1967/1/3423
f 1967/1/3423 1944/1/3423 1943/1/3423
f 1958/1/3905 1943/1/3900 1953/1/3899
f 1953/1/3899 1959/1/3906 1958/1/3905
f 1952/1/3897 1962/1/3912 1959/1/3911
f 1959/1/3911 1953/1/3898 1952/1/3897
f 1962/1/3422 1952/1/3422 1951/1/3422
f 1951/1/3422 1968/1/3422 1962/1/3422
f 1968/1/3918 1969/1/3919 1960/1/3918
f 1960/1/3918 1962/1/3920 1968/1/3918
f 1969/1/3420 1970/1/3420 1961/1/3420
f 1961/1/3420 1960/1/3420 1969/1/3420
f 1970/1/3416 1971/1/3416 1972/1/3419
f 1972/1/3419 1961/1/3416 1970/1/3416
f 1956/1/3910 1961/1/3909 1972/1/3921
f 1972/1/3921 1973/1/3922 1956/1/3910
f 1956/1/3903 1973/1/3923 1963/1/3924
f 1963/1/3924 1957/1/3904 1956/1/3903
f 1974/1/3925 1975/1/3926 1976/1/3927
f 1976/1/3927 1977/1/3928 1974/1/3925
f 1978/1/3929 1979/1/3930 1975/1/3926
f 1975/1/3926 1974/1/3925 1978/1/3929
f 1975/1/3931 1980/1/3932 1981/1/3933
f 1981/1/3933 1976/1/3934 1975/1/3931
f 1975/1/3931 1979/1/3935 1982/1/3936
f 1982/1/3936 1980/1/3932 1975/1/3931
f 1983/1/3461 1984/1/3461 1985/1/3461
f 1985/1/3461 1977/1/3461 1983/1/3461
f 1974/1/3937 1977/1/3457 1985/1/3938
f 1985/1/3938 1986/1/3457 1974/1/3937
f 1974/1/3456 1986/1/3456 1987/1/3456
f 1987/1/3456 1978/1/3456 1974/1/3456
f 1963/1/3454 1978/1/3454 1987/1/3454
f 1987/1/3454 1964/1/3454 1963/1/3454
f 1978/1/3929 1963/1/3924 1973/1/3923
f 1973/1/3923 1979/1/3930 1978/1/3929
f 1972/1/3921 1982/1/3936 1979/1/3935
f 1979/1/3935 1973/1/3922 1972/1/3921
f 1982/1/3939 1972/1/3940 1971/1/3939
f 1971/1/3939 1988/1/3939 1982/1/3939
f 1988/1/3941 1989/1/3942 1980/1/3942
f 1980/1/3942 1982/1/3943 1988/1/3941
f 1989/1/3448 1990/1/3448 1981/1/3448
f 1981/1/3448 1980/1/3944 1989/1/3448
f 1990/1/3945 1991/1/3945 1992/1/3945
f 1992/1/3945 1981/1/3945 1990/1/3945
f 1976/1/3934 1981/1/3933 1992/1/3946
f 1992/1/3946 1993/1/3947 1976/1/3934
f 1976/1/3927 1993/1/3948 1983/1/3949
f 1983/1/3949 1977/1/3928 1976/1/3927
f 1994/1/3950 1995/1/3951 1996/1/3952
f 1996/1/3952 1997/1/3953 1994/1/3950
f 1998/1/3954 1999/1/3955 1995/1/3951
f 1995/1/3951 1994/1/3950 1998/1/3954
f 1995/1/3956 2000/1/3957 2001/1/3958
f 2001/1/3958 1996/1/3959 1995/1/3956
f 1995/1/3956 1999/1/3960 2002/1/3961
f 2002/1/3961 2000/1/3957 1995/1/3956
f 2003/1/3492 2004/1/3492 2005/1/3962
f 2005/1/3962 1997/1/3492 2003/1/3492
f 1994/1/3963 1997/1/3491 2005/1/3491
f 2005/1/3491 2006/1/3491 1994/1/3963
f 1994/1/3489 2006/1/3489 2007/1/3489
f 2007/1/3489 1998/1/3489 1994/1/3489
f 1983/1/3487 1998/1/3487 2007/1/3487
f 2007/1/3487 1984/1/3487 1983/1/3487
f 1998/1/3954 1983/1/3949 1993/1/3948
f 1993/1/3948 1999/1/3955 1998/1/3954
f 1992/1/3946 2002/1/3961 1999/1/3960
f 1999/1/3960 1993/1/3947 1992/1/3946
f 2002/1/3964 1992/1/3486 1991/1/3486
f 1991/1/3486 2008/1/3486 2002/1/3964
f 2008/1/3483 2009/1/3483 2000/1/3483
f 2000/1/3483 2002/1/3484 2008/1/3483
f 2009/1/3481 2010/1/3481 2001/1/3965
f 2001/1/3965 2000/1/3481 2009/1/3481
f 2010/1/3966 2011/1/3479 2012/1/3479
f 2012/1/3479 2001/1/3479 2010/1/3966
f 1996/1/3959 2001/1/3958 2012/1/3967
f 2012/1/3967 2013/1/3968 1996/1/3959
f 1996/1/3952 2013/1/3969 2003/1/3970
f 2003/1/3970 1997/1/3953 1996/1/3952
f 2014/1/3971 2015/1/3972 2016/1/3973
f 2016/1/3973 2017/1/3974 2014/1/3971
f 2018/1/3975 2019/1/3976 2015/1/3972
f 2015/1/3972 2014/1/3971 2018/1/3975
f 2015/1/3977 2020/1/3978 2021/1/3979
f 2021/1/3979 2016/1/3980 2015/1/3977
f 2015/1/3977 2019/1/3981 2022/1/3982
f 2022/1/3982 2020/1/3978 2015/1/3977
f 2023/1/3983 2024/1/3983 2025/1/3983
f 2025/1/3983 2017/1/3983 2023/1/3983
f 2014/1/3519 2017/1/3519 2025/1/3519
f 2025/1/3519 2026/1/3519 2014/1/3519
f 2014/1/3518 2026/1/3518 2027/1/3518
f 2027/1/3518 2018/1/3518 2014/1/3518
f 2003/1/3517 2018/1/3517 2027/1/3517
f 2027/1/3517 2004/1/3517 2003/1/3517
f 2018/1/3975 2003/1/3970 2013/1/3969
f 2013/1/3969 2019/1/3976 2018/1/3975
f 2012/1/3967 2022/1/3982 2019/1/3981
f 2019/1/3981 2013/1/3968 2012/1/3967
f 2022/1/3984 2012/1/3985 2011/1/3985
f 2011/1/3985 2028/1/3985 2022/1/3984
f 2028/1/3986 2029/1/3986 2020/1/3986
f 2020/1/3986 2022/1/3986 2028/1/3986
f 2029/1/3513 2030/1/3987 2021/1/3987
f 2021/1/3987 2020/1/3987 2029/1/3513
f 2030/1/3511 2031/1/3511 2032/1/3511
f 2032/1/3511 2021/1/3511 2030/1/3511
f 2016/1/3980 2021/1/3979 2032/1/3988
f 2032/1/3988 2033/1/3989 2016/1/3980
f 2016/1/3973 2033/1/3990 2023/1/3991
f 2023/1/3991 2017/1/3974 2016/1/3973
f 2034/1/3992 2035/1/3993 2036/1/3994
f 2036/1/3994 2037/1/3994 2034/1/3992
f 2038/1/3995 2039/1/3996 2035/1/3993
f 2035/1/3993 2034/1/3992 2038/1/3995
f 2035/1/3997 2040/1/3998 2041/1/3999
f 2041/1/3999 2036/1/4000 2035/1/3997
f 2035/1/3997 2039/1/4001 2042/1/4002
f 2042/1/4002 2040/1/3998 2035/1/3997
f 2043/1/3551 2044/1/3551 2045/1/3552
f 2045/1/3552 2037/1/4003 2043/1/3551
f 2034/1/3550 2037/1/3550 2045/1/4004
f 2045/1/4004 2046/1/3550 2034/1/3550
f 2034/1/3549 2046/1/3549 2047/1/4005
f 2047/1/4005 2038/1/4006 2034/1/3549
f 2023/1/3547 2038/1/4007 2047/1/4008
f 2047/1/4008 2024/1/4009 2023/1/3547
f 2038/1/3995 2023/1/3991 2033/1/3990
f 2033/1/3990 2039/1/3996 2038/1/3995
f 2032/1/3988 2042/1/4002 2039/1/4001
f 2039/1/4001 2033/1/3989 2032/1/3988
f 2042/1/4010 2032/1/3545 2031/1/3545
f 2031/1/3545 2048/1/3545 2042/1/4010
f 2048/1/3544 2049/1/3544 2040/1/3544
f 2040/1/3544 2042/1/3544 2048/1/3544
f 2049/1/4011 2050/1/3541 2041/1/3541
f 2041/1/3541 2040/1/3541 2049/1/4011
f 2050/1/3539 2051/1/3539 2052/1/3539
f 2052/1/3539 2041/1/3539 2050/1/3539
f 2036/1/4000 2041/1/3999 2052/1/4012
f 2052/1/4012 2053/1/4013 2036/1/4000
f 2036/1/3994 2053/1/4014 2043/1/4015
f 2043/1/4015 2037/1/3994 2036/1/3994
f 2054/1/4016 2055/1/4017 2056/1/4018
f 2056/1/4018 2057/1/4019 2054/1/4016
f 2058/1/4020 2059/1/4021 2055/1/4017
f 2055/1/4017 2054/1/4016 2058/1/4020
f 2055/1/4022 2060/1/4023 2061/1/4024
f 2061/1/4024 2056/1/4025 2055/1/4022
f 2055/1/4022 2059/1/4026 2062/1/4027
f 2062/1/4027 2060/1/4023 2055/1/4022
f 2063/1/3585 2064/1/4028 2065/1/4029
f 2065/1/4029 2057/1/4030 2063/1/3585
f 2054/1/3581 2057/1/4031 2065/1/4032
f 2065/1/4032 2066/1/4031 2054/1/3581
f 2054/1/3580 2066/1/3580 2067/1/4033
f 2067/1/4033 2058/1/3580 2054/1/3580
f 2043/1/3579 2058/1/3579 2067/1/4034
f 2067/1/4034 2044/1/4035 2043/1/3579
f 2058/1/4020 2043/1/4015 2053/1/4014
f 2053/1/4014 2059/1/4021 2058/1/4020
f 2052/1/4012 2062/1/4027 2059/1/4026
f 2059/1/4026 2053/1/4013 2052/1/4012
f 2062/1/3575 2052/1/3575 2051/1/3575
f 2051/1/3575 2068/1/3575 2062/1/3575
f 2068/1/4036 2069/1/4036 2060/1/4036
f 2060/1/4036 2062/1/4036 2068/1/4036
f 2069/1/4037 2070/1/3571 2061/1/3571
f 2061/1/3571 2060/1/3571 2069/1/4037
f 2070/1/4038 2071/1/3569 2072/1/3569
f 2072/1/3569 2061/1/4039 2070/1/4038
f 2056/1/4025 2061/1/4024 2072/1/4040
f 2072/1/4040 2073/1/4041 2056/1/4025
f 2056/1/4018 2073/1/4042 2063/1/4043
f 2063/1/4043 2057/1/4019 2056/1/4018
f 2074/1/4044 2075/1/4045 2076/1/4046
f 2076/1/4046 2077/1/4046 2074/1/4044
f 2078/1/4047 2079/1/4048 2075/1/4045
f 2075/1/4045 2074/1/4044 2078/1/4047
f 2075/1/4049 2080/1/4050 2081/1/4051
f 2081/1/4051 2076/1/4052 2075/1/4049
f 2075/1/4049 2079/1/4053 2082/1/4054
f 2082/1/4054 2080/1/4050 2075/1/4049
f 2083/1/3617 2084/1/3617 2085/1/3617
f 2085/1/3617 2077/1/4055 2083/1/3617
f 2074/1/3616 2077/1/3616 2085/1/3616
f 2085/1/3616 2086/1/3615 2074/1/3616
f 2074/1/4056 2086/1/4056 2087/1/4056
f 2087/1/4056 2078/1/4056 2074/1/4056
f 2063/1/4057 2078/1/3610 2087/1/3610
f 2087/1/3610 2064/1/3610 2063/1/4057
f 2078/1/4047 2063/1/4043 2073/1/4042
f 2073/1/4042 2079/1/4048 2078/1/4047
f 2072/1/4040 2082/1/4054 2079/1/4053
f 2079/1/4053 2073/1/4041 2072/1/4040
f 2082/1/3609 2072/1/3609 2071/1/3609
f 2071/1/3609 2088/1/3609 2082/1/3609
f 2088/1/3605 2089/1/3605 2080/1/3605
f 2080/1/3605 2082/1/3605 2088/1/3605
f 2089/1/3604 2090/1/3604 2081/1/4058
f 2081/1/4058 2080/1/3604 2089/1/3604
f 2090/1/4059 2091/1/4059 2092/1/4059
f 2092/1/4059 2081/1/4060 2090/1/4059
f 2076/1/4052 2081/1/4051 2092/1/4061
f 2092/1/4061 2093/1/4062 2076/1/4052
f 2076/1/4046 2093/1/4063 2083/1/4064
f 2083/1/4064 2077/1/4046 2076/1/4046
f 2094/1/4065 2095/1/4066 2096/1/4067
f 2096/1/4067 2097/1/4068 2094/1/4065
f 2098/1/4069 2099/1/4070 2095/1/4066
f 2095/1/4066 2094/1/4065 2098/1/4069
f 2095/1/4071 2100/1/4072 2101/1/4073
f 2101/1/4073 2096/1/4074 2095/1/4071
f 2095/1/4071 2099/1/4075 2102/1/4076
f 2102/1/4076 2100/1/4072 2095/1/4071
f 2103/1/4077 2104/1/4078 2105/1/4078
f 2105/1/4078 2097/1/4078 2103/1/4077
f 2094/1/4079 2097/1/4080 2105/1/4081
f 2105/1/4081 2106/1/4082 2094/1/4079
f 2094/1/3644 2106/1/3644 2107/1/4083
f 2107/1/4083 2098/1/3644 2094/1/3644
f 2083/1/3642 2098/1/3642 2107/1/3642
f 2107/1/3642 2084/1/3642 2083/1/3642
f 2098/1/4069 2083/1/4064 2093/1/4063
f 2093/1/4063 2099/1/4070 2098/1/4069
f 2092/1/4061 2102/1/4076 2099/1/4075
f 2099/1/4075 2093/1/4062 2092/1/4061
f 2102/1/3639 2092/1/3640 2091/1/3639
f 2091/1/3639 2108/1/3639 2102/1/3639
f 2108/1/4084 2109/1/3637 2100/1/3637
f 2100/1/3637 2102/1/4084 2108/1/4084
f 2109/1/3636 2110/1/3636 2101/1/3636
f 2101/1/3636 2100/1/3636 2109/1/3636
f 2110/1/4085 2111/1/3634 2112/1/3634
f 2112/1/3634 2101/1/3634 2110/1/4085
f 2096/1/4074 2101/1/4073 2112/1/4086
f 2112/1/4086 2113/1/4087 2096/1/4074
f 2096/1/4067 2113/1/4088 2103/1/4089
f 2103/1/4089 2097/1/4068 2096/1/4067
f 2114/1/4090 2115/1/4091 2116/1/4092
f 2116/1/4092 2117/1/4093 2114/1/4090
f 2118/1/4094 2119/1/4095 2115/1/4091
f 2115/1/4091 2114/1/4090 2118/1/4094
f 2115/1/4096 2120/1/4097 2121/1/4098
f 2121/1/4098 2116/1/4099 2115/1/4096
f 2115/1/4096 2119/1/4100 2122/1/4101
f 2122/1/4101 2120/1/4097 2115/1/4096
f 2123/1/4102 2124/1/4103 2125/1/4102
f 2125/1/4102 2117/1/4102 2123/1/4102
f 2114/1/3679 2117/1/3679 2125/1/3679
f 2125/1/3679 2126/1/3679 2114/1/3679
f 2114/1/4104 2126/1/4104 2127/1/4104
f 2127/1/4104 2118/1/4104 2114/1/4104
f 2103/1/3674 2118/1/3674 2127/1/3674
f 2127/1/3674 2104/1/3674 2103/1/3674
f 2118/1/4094 2103/1/4089 2113/1/4088
f 2113/1/4088 2119/1/4095 2118/1/4094
f 2112/1/4086 2122/1/4101 2119/1/4100
f 2119/1/4100 2113/1/4087 2112/1/4086
f 2122/1/4105 2112/1/4106 2111/1/4106
f 2111/1/4106 2128/1/4106 2122/1/4105
f 2128/1/3669 2129/1/3669 2120/1/4107
f 2120/1/4107 2122/1/3669 2128/1/3669
f 2129/1/4108 2130/1/4109 2121/1/3668
f 2121/1/3668 2120/1/4108 2129/1/4108
f 2130/1/4110 2131/1/4110 2132/1/4110
f 2132/1/4110 2121/1/4110 2130/1/4110
f 2116/1/4099 2121/1/4098 2132/1/4111
f 2132/1/4111 2133/1/4112 2116/1/4099
f 2116/1/4092 2133/1/4113 2123/1/4114
f 2123/1/4114 2117/1/4093 2116/1/4092
f 2134/1/4115 2135/1/4116 2136/1/4117
f 2136/1/4117 2137/1/4118 2134/1/4115
f 2138/1/4119 2139/1/4120 2135/1/4116
f 2135/1/4116 2134/1/4115 2138/1/4119
f 2135/1/4121 2140/1/4122 2141/1/4123
f 2141/1/4123 2136/1/4124 2135/1/4121
f 2135/1/4121 2139/1/4125 2142/1/4126
f 2142/1/4126 2140/1/4122 2135/1/4121
f 2143/1/3710 2144/1/3710 2145/1/3710
f 2145/1/3710 2137/1/3710 2143/1/3710
f 2134/1/3709 2137/1/4127 2145/1/3709
f 2145/1/3709 2146/1/4128 2134/1/3709
f 2134/1/3708 2146/1/3708 2147/1/3708
f 2147/1/3708 2138/1/3708 2134/1/3708
f 2123/1/4129 2138/1/4130 2147/1/4131
f 2147/1/4131 2124/1/4131 2123/1/4129
f 2138/1/4119 2123/1/4114 2133/1/4113
f 2133/1/4113 2139/1/4120 2138/1/4119
f 2132/1/4111 2142/1/4126 2139/1/4125
f 2139/1/4125 2133/1/4112 2132/1/4111
f 2142/1/3704 2132/1/3704 2131/1/3704
f 2131/1/3704 2148/1/3704 2142/1/3704
f 2148/1/4132 2149/1/3702 2140/1/4132
f 2140/1/4132 2142/1/4133 2148/1/4132
f 2149/1/3701 2150/1/4134 2141/1/3701
f 2141/1/3701 2140/1/3701 2149/1/3701
f 2150/1/3698 2151/1/4135 2152/1/3700
f 2152/1/3700 2141/1/4135 2150/1/3698
f 2136/1/4124 2141/1/4123 2152/1/4136
f 2152/1/4136 2153/1/4137 2136/1/4124
f 2136/1/4117 2153/1/4138 2143/1/4139
f 2143/1/4139 2137/1/4118 2136/1/4117
f 2154/1/4140 2155/1/4141 2156/1/4142
f 2156/1/4142 2157/1/4143 2154/1/4140
f 2158/1/4144 2159/1/4145 2155/1/4141
f 2155/1/4141 2154/1/4140 2158/1/4144
f 2155/1/4146 2160/1/4147 2161/1/4148
f 2161/1/4148 2156/1/4149 2155/1/4146
f 2155/1/4146 2159/1/4150 2162/1/4151
f 2162/1/4151 2160/1/4147 2155/1/4146
f 2163/1/3746 2164/1/3746 2165/1/3746
f 2165/1/3746 2157/1/3746 2163/1/3746
f 2154/1/3744 2157/1/3744 2165/1/3744
f 2165/1/3744 2166/1/3744 2154/1/3744
f 2154/1/4152 2166/1/4153 2167/1/4152
f 2167/1/4152 2158/1/4154 2154/1/4152
f 2143/1/3739 2158/1/3739 2167/1/3739
f 2167/1/3739 2144/1/4155 2143/1/3739
f 2158/1/4144 2143/1/4139 2153/1/4138
f 2153/1/4138 2159/1/4145 2158/1/4144
f 2152/1/4136 2162/1/4151 2159/1/4150
f 2159/1/4150 2153/1/4137 2152/1/4136
f 2162/1/4156 2152/1/4156 2151/1/4156
f 2151/1/4156 2168/1/4156 2162/1/4156
f 2168/1/3737 2169/1/4157 2160/1/4158
f 2160/1/4158 2162/1/4159 2168/1/3737
f 2169/1/4160 2170/1/3733 2161/1/3733
f 2161/1/3733 2160/1/4161 2169/1/4160
f 2170/1/3729 2171/1/3729 2172/1/3729
f 2172/1/3729 2161/1/4162 2170/1/3729
f 2156/1/4149 2161/1/4148 2172/1/4163
f 2172/1/4163 2173/1/4164 2156/1/4149
f 2156/1/4142 2173/1/4165 2163/1/4166
f 2163/1/4166 2157/1/4143 2156/1/4142
f 2174/1/4167 2175/1/4168 2176/1/4169
f 2176/1/4169 2177/1/4170 2174/1/4167
f 2178/1/4171 2179/1/4172 2175/1/4168
f 2175/1/4168 2174/1/4167 2178/1/4171
f 2175/1/4173 2180/1/4174 2181/1/4175
f 2181/1/4175 2176/1/4176 2175/1/4173
f 2175/1/4173 2179/1/4177 2182/1/4178
f 2182/1/4178 2180/1/4174 2175/1/4173
f 2183/1/4179 2184/1/4180 2185/1/4181
f 2185/1/4181 2177/1/4181 2183/1/4179
f 2174/1/3779 2177/1/3779 2185/1/4182
f 2185/1/4182 2186/1/3779 2174/1/3779
f 2174/1/3777 2186/1/3777 2187/1/3777
f 2187/1/3777 2178/1/3776 2174/1/3777
f 2163/1/4183 2178/1/4184 2187/1/4184
f 2187/1/4184 2164/1/4184 2163/1/4183
f 2178/1/4171 2163/1/4166 2173/1/4165
f 2173/1/4165 2179/1/4172 2178/1/4171
f 2172/1/4163 2182/1/4178 2179/1/4177
f 2179/1/4177 2173/1/4164 2172/1/4163
f 2182/1/3772 2172/1/3772 2171/1/3773
f 2171/1/3773 2188/1/3773 2182/1/3772
f 2188/1/3770 2189/1/3770 2180/1/4185
f 2180/1/4185 2182/1/4186 2188/1/3770
f 2189/1/4187 2190/1/4187 2181/1/4187
f 2181/1/4187 2180/1/4187 2189/1/4187
f 2190/1/3766 2191/1/3766 2192/1/3766
f 2192/1/3766 2181/1/3766 2190/1/3766
f 2176/1/4176 2181/1/4175 2192/1/4188
f 2192/1/4188 2193/1/4189 2176/1/4176
f 2176/1/4169 2193/1/4190 2183/1/4191
f 2183/1/4191 2177/1/4170 2176/1/4169
f 2194/1/4192 2195/1/4193 2196/1/4194
f 2196/1/4194 2197/1/4195 2194/1/4192
f 2198/1/4196 2199/1/4197 2195/1/4193
f 2195/1/4193 2194/1/4192 2198/1/4196
f 2195/1/4198 2200/1/4199 2201/1/4200
f 2201/1/4200 2196/1/4201 2195/1/4198
f 2195/1/4198 2199/1/4202 2202/1/4203
f 2202/1/4203 2200/1/4199 2195/1/4198
f 944/1/4204 943/1/4205 2203/1/4204
f 2203/1/4204 2197/1/4206 944/1/4204
f 2194/1/3811 2197/1/3811 2203/1/3811
f 2203/1/3811 2204/1/3811 2194/1/3811
f 2194/1/3808 2204/1/3808 2205/1/3808
f 2205/1/3808 2198/1/4207 2194/1/3808
f 2183/1/3806 2198/1/3806 2205/1/3806
f 2205/1/3806 2184/1/3806 2183/1/3806
f 2198/1/4196 2183/1/4191 2193/1/4190
f 2193/1/4190 2199/1/4197 2198/1/4196
f 2192/1/4188 2202/1/4203 2199/1/4202
f 2199/1/4202 2193/1/4189 2192/1/4188
f 2202/1/4208 2192/1/3803 2191/1/4208
f 2191/1/4208 2206/1/4209 2202/1/4208
f 2206/1/4210 2207/1/3802 2200/1/3802
f 2200/1/3802 2202/1/3802 2206/1/4210
f 2207/1/3801 2208/1/3800 2201/1/3800
f 2201/1/3800 2200/1/3800 2207/1/3801
f 946/1/3797 2201/1/3797 2208/1/3797
f 2208/1/3797 948/1/3797 946/1/3797
f 2201/1/4200 946/1/2419 945/1/2418
f 945/1/2418 2196/1/4201 2201/1/4200
f 2196/1/4194 945/1/2416 944/1/2417
f 944/1/2417 2197/1/4195 2196/1/4194
f 2209/1/4211 2210/1/4211 2211/1/4211
f 2211/1/4211 2212/1/4211 2209/1/4211
f 2213/1/4212 2214/1/4213 2210/1/4214
f 2210/1/4214 2209/1/4215 2213/1/4212
f 2210/1/4216 2215/1/4217 2216/1/4218
f 2216/1/4218 2211/1/4216 2210/1/4216
f 2217/1/4219 2215/1/4220 2210/1/4221
f 2210/1/4221 2214/1/4220 2217/1/4219
f 2218/1/4222 1454/1/4223 1476/1/4222
f 1476/1/4222 2212/1/4224 2218/1/4222
f 2212/1/4225 1476/1/4225 1475/1/4225
f 1475/1/4225 2209/1/4225 2212/1/4225
f 2213/1/4226 2209/1/4226 1475/1/4227
f 1475/1/4227 1473/1/4226 2213/1/4226
f 2213/1/4228 1473/1/4228 1474/1/4228
f 1474/1/4228 2219/1/4228 2213/1/4228
f 2213/1/4229 2219/1/4229 2220/1/4229
f 2220/1/4229 2214/1/4229 2213/1/4229
f 2221/1/4230 2217/1/4231 2214/1/4231
f 2214/1/4231 2220/1/4230 2221/1/4230
f 2217/1/4232 2221/1/4232 2091/1/4233
f 2091/1/4233 2090/1/4232 2217/1/4232
f 2217/1/4234 2090/1/4234 2089/1/4234
f 2089/1/4234 2215/1/4234 2217/1/4234
f 2089/1/4235 2088/1/4236 2216/1/4236
f 2216/1/4236 2215/1/4236 2089/1/4235
f 2088/1/4237 2071/1/4238 2222/1/4239
f 2222/1/4239 2216/1/4237 2088/1/4237
f 2211/1/4240 2216/1/4241 2222/1/4242
f 2222/1/4242 2223/1/4243 2211/1/4240
f 2211/1/4244 2223/1/4244 2218/1/4244
f 2218/1/4244 2212/1/4244 2211/1/4244
f 2224/1/4245 2225/1/4245 2226/1/4245
f 2226/1/4245 2227/1/4245 2224/1/4245
f 2228/1/4246 2229/1/4247 2225/1/4246
f 2225/1/4246 2224/1/4246 2228/1/4246
f 2225/1/4248 2230/1/4249 2231/1/4248
f 2231/1/4248 2226/1/4248 2225/1/4248
f 2229/1/4250 2232/1/4250 2230/1/4250
f 2230/1/4250 2225/1/4250 2229/1/4250
f 977/1/4251 1588/1/4251 2227/1/4251
f 2227/1/4251 2233/1/4251 977/1/4251
f 1593/1/4252 2224/1/4252 2227/1/4252
f 2227/1/4252 1588/1/4252 1593/1/4252
f 1593/1/4253 1592/1/4254 2228/1/4254
f 2228/1/4254 2224/1/4254 1593/1/4253
f 1592/1/4255 1569/1/4256 2234/1/4257
f 2234/1/4257 2228/1/4258 1592/1/4255
f 2228/1/4259 2234/1/4259 2235/1/4259
f 2235/1/4259 2229/1/4260 2228/1/4259
f 2236/1/4261 2232/1/4261 2229/1/4261
f 2229/1/4261 2235/1/4261 2236/1/4261
f 2232/1/4262 2236/1/4263 2184/1/4262
f 2184/1/4262 2205/1/4264 2232/1/4262
f 2232/1/4265 2205/1/4265 2204/1/4265
f 2204/1/4265 2230/1/4266 2232/1/4265
f 2230/1/4267 2204/1/4267 2203/1/4267
f 2203/1/4267 2231/1/4267 2230/1/4267
f 2203/1/4268 943/1/4269 2237/1/4268
f 2237/1/4268 2231/1/4270 2203/1/4268
f 2231/1/4271 2237/1/4271 2238/1/4271
f 2238/1/4271 2226/1/4271 2231/1/4271
f 2226/1/4272 2238/1/4272 2233/1/4272
f 2233/1/4272 2227/1/4272 2226/1/4272
f 2239/1/4273 2240/1/4274 2241/1/4275
f 2241/1/4275 2242/1/4273 2239/1/4273
f 2243/1/4276 2244/1/4276 2240/1/4276
f 2240/1/4276 2239/1/4276 2243/1/4276
f 2240/1/4277 2245/1/4278 2246/1/4277
f 2246/1/4277 2241/1/4277 2240/1/4277
f 2240/1/4279 2244/1/4279 2247/1/4280
f 2247/1/4280 2245/1/4281 2240/1/4279
f 2242/1/4282 2248/1/4283 1069/1/4284
f 1069/1/4284 1068/1/4282 2242/1/4282
f 2242/1/4285 1068/1/4285 1078/1/4285
f 1078/1/4285 2239/1/4285 2242/1/4285
f 2243/1/4286 2239/1/4286 1078/1/4286
f 1078/1/4286 1077/1/4286 2243/1/4286
f 1077/1/4287 1049/1/4288 2249/1/4288
f 2249/1/4288 2243/1/4288 1077/1/4287
f 2243/1/4289 2249/1/4289 2250/1/4289
f 2250/1/4289 2244/1/4289 2243/1/4289
f 2251/1/4290 2247/1/4291 2244/1/4292
f 2244/1/4292 2250/1/4293 2251/1/4290
f 1664/1/4294 1687/1/4294 2247/1/4294
f 2247/1/4294 2251/1/4294 1664/1/4294
f 2247/1/4295 1687/1/4295 1686/1/4295
f 1686/1/4295 2245/1/4295 2247/1/4295
f 1686/1/4296 1685/1/4296 2246/1/4297
f 2246/1/4297 2245/1/4298 1686/1/4296
f 1685/1/4299 1684/1/4300 2252/1/4301
f 2252/1/4301 2246/1/4302 1685/1/4299
f 2253/1/4303 2241/1/4303 2246/1/4303
f 2246/1/4303 2252/1/4303 2253/1/4303
f 2241/1/4304 2253/1/4305 2248/1/4305
f 2248/1/4305 2242/1/4305 2241/1/4304
f 2254/1/4306 2255/1/4307 2256/1/4308
f 2256/1/4308 2257/1/4309 2254/1/4306
f 2258/1/4310 2259/1/4310 2255/1/4310
f 2255/1/4310 2254/1/4310 2258/1/4310
f 2255/1/4311 2260/1/4312 2261/1/4311
f 2261/1/4311 2256/1/4311 2255/1/4311
f 2262/1/4313 2260/1/4313 2255/1/4313
f 2255/1/4313 2259/1/4313 2262/1/4313
f 2257/1/4314 2219/1/4314 1474/1/4314
f 1474/1/4314 1496/1/4314 2257/1/4314
f 2257/1/4315 1496/1/4315 1495/1/4315
f 1495/1/4315 2254/1/4315 2257/1/4315
f 2258/1/4316 2254/1/4317 1495/1/4316
f 1495/1/4316 1493/1/4316 2258/1/4316
f 2263/1/4318 2258/1/4318 1493/1/4318
f 1493/1/4318 1494/1/4318 2263/1/4318
f 2263/1/4319 2264/1/4319 2259/1/4319
f 2259/1/4319 2258/1/4319 2263/1/4319
f 2265/1/4320 2262/1/4320 2259/1/4320
f 2259/1/4320 2264/1/4321 2265/1/4320
f 2262/1/4322 2265/1/4322 2111/1/4322
f 2111/1/4322 2110/1/4323 2262/1/4322
f 2262/1/4324 2110/1/4324 2109/1/4324
f 2109/1/4324 2260/1/4324 2262/1/4324
f 2109/1/4325 2108/1/4325 2261/1/4325
f 2261/1/4325 2260/1/4325 2109/1/4325
f 2091/1/4326 2221/1/4326 2261/1/4326
f 2261/1/4326 2108/1/4326 2091/1/4326
f 2256/1/4327 2261/1/4327 2221/1/4327
f 2221/1/4327 2220/1/4327 2256/1/4327
f 2257/1/4328 2256/1/4328 2220/1/4328
f 2220/1/4328 2219/1/4328 2257/1/4328
f 2266/1/4329 2267/1/4329 2268/1/4329
f 2268/1/4329 2269/1/4329 2266/1/4329
f 2270/1/4330 2271/1/4330 2267/1/4330
f 2267/1/4330 2266/1/4330 2270/1/4330
f 2267/1/4331 2272/1/4331 2273/1/4332
f 2273/1/4332 2268/1/4332 2267/1/4331
f 2271/1/4333 2274/1/4334 2272/1/4333
f 2272/1/4333 2267/1/4335 2271/1/4333
f 2275/1/4336 973/1/4336 971/1/4336
f 971/1/4336 2269/1/4336 2275/1/4336
f 970/1/4337 2266/1/4337 2269/1/4337
f 2269/1/4337 971/1/4337 970/1/4337
f 969/1/4338 2270/1/4339 2266/1/4338
f 2266/1/4338 970/1/4340 969/1/4338
f 2276/1/4341 2270/1/4342 969/1/4342
f 969/1/4342 968/1/4343 2276/1/4341
f 2276/1/4344 2277/1/4344 2271/1/4344
f 2271/1/4344 2270/1/4344 2276/1/4344
f 2278/1/4345 2274/1/4345 2271/1/4345
f 2271/1/4345 2277/1/4345 2278/1/4345
f 2278/1/4346 951/1/4346 950/1/4346
f 950/1/4346 2274/1/4346 2278/1/4346
f 2272/1/4347 2274/1/4348 950/1/4347
f 950/1/4347 949/1/4347 2272/1/4347
f 2273/1/4349 2272/1/4349 949/1/4349
f 949/1/4349 947/1/4349 2273/1/4349
f 947/1/4350 948/1/4351 2279/1/4350
f 2279/1/4350 2273/1/4352 947/1/4350
f 2268/1/4353 2273/1/4353 2279/1/4353
f 2279/1/4353 2280/1/4353 2268/1/4353
f 2280/1/4354 2275/1/4354 2269/1/4355
f 2269/1/4355 2268/1/4356 2280/1/4354
f 2281/1/4357 2282/1/4357 2283/1/4357
f 2283/1/4357 2284/1/4357 2281/1/4357
f 2285/1/4358 2286/1/4358 2282/1/4358
f 2282/1/4358 2281/1/4358 2285/1/4358
f 2282/1/4359 2287/1/4360 2288/1/4361
f 2288/1/4361 2283/1/4361 2282/1/4359
f 2286/1/4362 2289/1/4362 2287/1/4362
f 2287/1/4362 2282/1/4363 2286/1/4362
f 2290/1/4364 1089/1/4364 1088/1/4365
f 1088/1/4365 2284/1/4364 2290/1/4364
f 1098/1/4366 2281/1/4366 2284/1/4366
f 2284/1/4366 1088/1/4366 1098/1/4366
f 1098/1/4367 1097/1/4367 2285/1/4367
f 2285/1/4367 2281/1/4367 1098/1/4367
f 2248/1/4368 2285/1/4368 1097/1/4368
f 1097/1/4368 1069/1/4368 2248/1/4368
f 2286/1/4369 2285/1/4369 2248/1/4369
f 2248/1/4369 2253/1/4369 2286/1/4369
f 2286/1/4370 2253/1/4371 2252/1/4372
f 2252/1/4372 2289/1/4371 2286/1/4370
f 1684/1/4373 1707/1/4373 2289/1/4373
f 2289/1/4373 2252/1/4373 1684/1/4373
f 2289/1/4374 1707/1/4374 1706/1/4374
f 1706/1/4374 2287/1/4374 2289/1/4374
f 2287/1/4375 1706/1/4376 1705/1/4375
f 1705/1/4375 2288/1/4376 2287/1/4375
f 1704/1/4377 2291/1/4377 2288/1/4377
f 2288/1/4377 1705/1/4378 1704/1/4377
f 2292/1/4379 2283/1/4379 2288/1/4379
f 2288/1/4379 2291/1/4379 2292/1/4379
f 2292/1/4380 2290/1/4380 2284/1/4380
f 2284/1/4380 2283/1/4381 2292/1/4380
f 2293/1/4382 2294/1/4382 2295/1/4382
f 2295/1/4382 2296/1/4382 2293/1/4382
f 2297/1/4383 2298/1/4383 2294/1/4383
f 2294/1/4383 2293/1/4383 2297/1/4383
f 2294/1/4384 2299/1/4384 2300/1/4384
f 2300/1/4384 2295/1/4384 2294/1/4384
f 2301/1/4385 2299/1/4386 2294/1/4385
f 2294/1/4385 2298/1/4385 2301/1/4385
f 2263/1/4387 1494/1/4388 1516/1/4387
f 1516/1/4387 2296/1/4387 2263/1/4387
f 2296/1/4389 1516/1/4389 1515/1/4389
f 1515/1/4389 2293/1/4389 2296/1/4389
f 2297/1/4390 2293/1/4390 1515/1/4390
f 1515/1/4390 1513/1/4390 2297/1/4390
f 2302/1/4391 2297/1/4392 1513/1/4392
f 1513/1/4392 1514/1/4391 2302/1/4391
f 2302/1/4393 2303/1/4394 2298/1/4393
f 2298/1/4393 2297/1/4395 2302/1/4393
f 2303/1/4396 2304/1/4396 2301/1/4396
f 2301/1/4396 2298/1/4397 2303/1/4396
f 2301/1/4398 2304/1/4398 2131/1/4399
f 2131/1/4399 2130/1/4400 2301/1/4398
f 2301/1/4401 2130/1/4402 2129/1/4403
f 2129/1/4403 2299/1/4403 2301/1/4401
f 2129/1/4404 2128/1/4405 2300/1/4405
f 2300/1/4405 2299/1/4405 2129/1/4404
f 2128/1/4406 2111/1/4407 2265/1/4408
f 2265/1/4408 2300/1/4406 2128/1/4406
f 2265/1/4409 2264/1/4410 2295/1/4410
f 2295/1/4410 2300/1/4410 2265/1/4409
f 2263/1/4411 2296/1/4411 2295/1/4412
f 2295/1/4412 2264/1/4411 2263/1/4411
f 2305/1/4413 2306/1/4413 2307/1/4413
f 2307/1/4413 2308/1/4413 2305/1/4413
f 2309/1/4414 2310/1/4414 2306/1/4415
f 2306/1/4415 2305/1/4414 2309/1/4414
f 2306/1/4416 2311/1/4416 2312/1/4416
f 2312/1/4416 2307/1/4416 2306/1/4416
f 2310/1/4417 2313/1/4418 2311/1/4417
f 2311/1/4417 2306/1/4419 2310/1/4417
f 2276/1/4420 968/1/4420 996/1/4420
f 996/1/4420 2308/1/4420 2276/1/4420
f 995/1/4421 2305/1/4422 2308/1/4421
f 2308/1/4421 996/1/4423 995/1/4421
f 994/1/4424 2309/1/4425 2305/1/4426
f 2305/1/4426 995/1/4427 994/1/4424
f 994/1/4428 993/1/4429 2314/1/4429
f 2314/1/4429 2309/1/4430 994/1/4428
f 2314/1/4431 2315/1/4431 2310/1/4432
f 2310/1/4432 2309/1/4431 2314/1/4431
f 2316/1/4433 2313/1/4433 2310/1/4434
f 2310/1/4434 2315/1/4433 2316/1/4433
f 2313/1/4435 2316/1/4436 1611/1/4436
f 1611/1/4436 1610/1/4436 2313/1/4435
f 2311/1/4437 2313/1/4437 1610/1/4438
f 1610/1/4438 1609/1/4437 2311/1/4437
f 2312/1/4439 2311/1/4439 1609/1/4439
f 1609/1/4439 1608/1/4439 2312/1/4439
f 1608/1/4440 951/1/4440 2278/1/4440
f 2278/1/4440 2312/1/4440 1608/1/4440
f 2277/1/4441 2307/1/4441 2312/1/4441
f 2312/1/4441 2278/1/4441 2277/1/4441
f 2308/1/4442 2307/1/4442 2277/1/4442
f 2277/1/4442 2276/1/4442 2308/1/4442
f 2317/1/4443 2318/1/4444 2319/1/4445
f 2319/1/4445 2320/1/4445 2317/1/4443
f 2321/1/4446 2322/1/4447 2318/1/4446
f 2318/1/4446 2317/1/4446 2321/1/4446
f 2318/1/4448 2323/1/4449 2324/1/4449
f 2324/1/4449 2319/1/4450 2318/1/4448
f 2322/1/4451 2325/1/4451 2323/1/4451
f 2323/1/4451 2318/1/4451 2322/1/4451
f 2320/1/4452 2326/1/4452 1109/1/4452
f 1109/1/4452 1108/1/4452 2320/1/4452
f 1118/1/4453 2317/1/4453 2320/1/4453
f 2320/1/4453 1108/1/4454 1118/1/4453
f 1118/1/4455 1117/1/4456 2321/1/4457
f 2321/1/4457 2317/1/4456 1118/1/4455
f 1089/1/4458 2290/1/4458 2321/1/4458
f 2321/1/4458 1117/1/4458 1089/1/4458
f 2290/1/4459 2292/1/4459 2322/1/4459
f 2322/1/4459 2321/1/4459 2290/1/4459
f 2325/1/4460 2322/1/4461 2292/1/4462
f 2292/1/4462 2291/1/4463 2325/1/4460
f 2325/1/4464 2291/1/4464 1704/1/4464
f 1704/1/4464 1727/1/4464 2325/1/4464
f 2325/1/4465 1727/1/4465 1726/1/4465
f 1726/1/4465 2323/1/4465 2325/1/4465
f 2323/1/4466 1726/1/4467 1725/1/4467
f 1725/1/4467 2324/1/4468 2323/1/4466
f 1725/1/4469 1724/1/4469 2327/1/4469
f 2327/1/4469 2324/1/4469 1725/1/4469
f 2319/1/4470 2324/1/4471 2327/1/4471
f 2327/1/4471 2328/1/4470 2319/1/4470
f 2328/1/4472 2326/1/4472 2320/1/4472
f 2320/1/4472 2319/1/4472 2328/1/4472
f 2329/1/4473 2330/1/4474 2331/1/4475
f 2331/1/4475 2332/1/4476 2329/1/4473
f 2333/1/4477 2334/1/4478 2330/1/4477
f 2330/1/4477 2329/1/4477 2333/1/4477
f 2330/1/4479 2335/1/4480 2336/1/4481
f 2336/1/4481 2331/1/4480 2330/1/4479
f 2337/1/4482 2335/1/4483 2330/1/4482
f 2330/1/4482 2334/1/4482 2337/1/4482
f 2302/1/4484 1514/1/4484 1536/1/4484
f 1536/1/4484 2332/1/4485 2302/1/4484
f 2332/1/4486 1536/1/4487 1535/1/4486
f 1535/1/4486 2329/1/4488 2332/1/4486
f 2333/1/4489 2329/1/4490 1535/1/4491
f 1535/1/4491 1533/1/4489 2333/1/4489
f 2338/1/4492 2333/1/4492 1533/1/4492
f 1533/1/4492 1534/1/4492 2338/1/4492
f 2338/1/4493 2339/1/4494 2334/1/4493
f 2334/1/4493 2333/1/4493 2338/1/4493
f 2337/1/4495 2334/1/4496 2339/1/4497
f 2339/1/4497 2340/1/4497 2337/1/4495
f 2337/1/4498 2340/1/4498 2151/1/4498
f 2151/1/4498 2150/1/4498 2337/1/4498
f 2337/1/4499 2150/1/4499 2149/1/4499
f 2149/1/4499 2335/1/4499 2337/1/4499
f 2149/1/4500 2148/1/4500 2336/1/4500
f 2336/1/4500 2335/1/4500 2149/1/4500
f 2131/1/4501 2304/1/4502 2336/1/4503
f 2336/1/4503 2148/1/4503 2131/1/4501
f 2303/1/4504 2331/1/4504 2336/1/4504
f 2336/1/4504 2304/1/4504 2303/1/4504
f 2332/1/4505 2331/1/4505 2303/1/4505
f 2303/1/4505 2302/1/4505 2332/1/4505
f 2341/1/4506 2342/1/4507 2343/1/4507
f 2343/1/4507 2344/1/4507 2341/1/4506
f 2345/1/4508 2346/1/4508 2342/1/4508
f 2342/1/4508 2341/1/4508 2345/1/4508
f 2342/1/4509 2347/1/4509 2348/1/4510
f 2348/1/4510 2343/1/4510 2342/1/4509
f 2346/1/4511 2349/1/4512 2347/1/4512
f 2347/1/4512 2342/1/4513 2346/1/4511
f 2314/1/4514 993/1/4515 1016/1/4516
f 1016/1/4516 2344/1/4514 2314/1/4514
f 2344/1/4517 1016/1/4518 1015/1/4519
f 1015/1/4519 2341/1/4519 2344/1/4517
f 1014/1/4520 2345/1/4521 2341/1/4522
f 2341/1/4522 1015/1/4523 1014/1/4520
f 1014/1/4524 1013/1/4525 2350/1/4525
f 2350/1/4525 2345/1/4525 1014/1/4524
f 2350/1/4526 2351/1/4526 2346/1/4526
f 2346/1/4526 2345/1/4526 2350/1/4526
f 2349/1/4527 2346/1/4528 2351/1/4529
f 2351/1/4529 2352/1/4528 2349/1/4527
f 2349/1/4530 2352/1/4531 1631/1/4532
f 1631/1/4532 1630/1/4530 2349/1/4530
f 2347/1/4533 2349/1/4533 1630/1/4534
f 1630/1/4534 1629/1/4535 2347/1/4533
f 1629/1/4536 1628/1/4536 2348/1/4537
f 2348/1/4537 2347/1/4536 1629/1/4536
f 1628/1/4538 1611/1/4539 2316/1/4538
f 2316/1/4538 2348/1/4538 1628/1/4538
f 2315/1/4540 2343/1/4540 2348/1/4540
f 2348/1/4540 2316/1/4540 2315/1/4540
f 2343/1/4541 2315/1/4541 2314/1/4541
f 2314/1/4541 2344/1/4541 2343/1/4541
f 2353/1/4542 2354/1/4542 2355/1/4542
f 2355/1/4542 2356/1/4542 2353/1/4542
f 2357/1/4543 2358/1/4544 2354/1/4543
f 2354/1/4543 2353/1/4545 2357/1/4543
f 2354/1/4546 2359/1/4546 2360/1/4546
f 2360/1/4546 2355/1/4546 2354/1/4546
f 2358/1/4547 2361/1/4547 2359/1/4547
f 2359/1/4547 2354/1/4547 2358/1/4547
f 1129/1/4548 1128/1/4549 2356/1/4550
f 2356/1/4550 2362/1/4551 1129/1/4548
f 1138/1/4552 2353/1/4553 2356/1/4553
f 2356/1/4553 1128/1/4553 1138/1/4552
f 1138/1/4554 1137/1/4554 2357/1/4554
f 2357/1/4554 2353/1/4555 1138/1/4554
f 2357/1/4556 1137/1/4557 1109/1/4556
f 1109/1/4556 2326/1/4556 2357/1/4556
f 2358/1/4558 2357/1/4558 2326/1/4558
f 2326/1/4558 2328/1/4558 2358/1/4558
f 2327/1/4559 2361/1/4559 2358/1/4560
f 2358/1/4560 2328/1/4561 2327/1/4559
f 1747/1/4562 2361/1/4562 2327/1/4562
f 2327/1/4562 1724/1/4562 1747/1/4562
f 2361/1/4563 1747/1/4563 1746/1/4563
f 1746/1/4563 2359/1/4564 2361/1/4563
f 2359/1/4565 1746/1/4565 1745/1/4565
f 1745/1/4565 2360/1/4565 2359/1/4565
f 1745/1/4566 1744/1/4567 2363/1/4566
f 2363/1/4566 2360/1/4566 1745/1/4566
f 2355/1/4568 2360/1/4569 2363/1/4570
f 2363/1/4570 2364/1/4571 2355/1/4568
f 2364/1/4572 2362/1/4572 2356/1/4572
f 2356/1/4572 2355/1/4572 2364/1/4572
f 2365/1/4573 2366/1/4573 2367/1/4574
f 2367/1/4574 2368/1/4575 2365/1/4573
f 2369/1/4576 2370/1/4576 2366/1/4576
f 2366/1/4576 2365/1/4576 2369/1/4576
f 2366/1/4577 2371/1/4578 2372/1/4579
f 2372/1/4579 2367/1/4577 2366/1/4577
f 2373/1/4580 2371/1/4581 2366/1/4582
f 2366/1/4582 2370/1/4583 2373/1/4580
f 2338/1/4584 1534/1/4585 1556/1/4585
f 1556/1/4585 2368/1/4585 2338/1/4584
f 2368/1/4586 1556/1/4587 1555/1/4588
f 1555/1/4588 2365/1/4589 2368/1/4586
f 2369/1/4590 2365/1/4591 1555/1/4591
f 1555/1/4591 1553/1/4591 2369/1/4590
f 2374/1/4592 2369/1/4592 1553/1/4592
f 1553/1/4592 1554/1/4593 2374/1/4592
f 2374/1/4594 2375/1/4594 2370/1/4594
f 2370/1/4594 2369/1/4594 2374/1/4594
f 2373/1/4595 2370/1/4596 2375/1/4596
f 2375/1/4596 2376/1/4596 2373/1/4595
f 2373/1/4597 2376/1/4597 2171/1/4598
f 2171/1/4598 2170/1/4598 2373/1/4597
f 2373/1/4599 2170/1/4599 2169/1/4600
f 2169/1/4600 2371/1/4601 2373/1/4599
f 2169/1/4602 2168/1/4603 2372/1/4604
f 2372/1/4604 2371/1/4602 2169/1/4602
f 2168/1/4605 2151/1/4605 2340/1/4606
f 2340/1/4606 2372/1/4607 2168/1/4605
f 2367/1/4608 2372/1/4608 2340/1/4608
f 2340/1/4608 2339/1/4608 2367/1/4608
f 2368/1/4609 2367/1/4610 2339/1/4611
f 2339/1/4611 2338/1/4610 2368/1/4609
f 2377/1/4612 2378/1/4613 2379/1/4614
f 2379/1/4614 2380/1/4613 2377/1/4612
f 2381/1/4615 2382/1/4615 2378/1/4615
f 2378/1/4615 2377/1/4615 2381/1/4615
f 2378/1/4616 2383/1/4617 2384/1/4618
f 2384/1/4618 2379/1/4619 2378/1/4616
f 2382/1/4620 2385/1/4621 2383/1/4620
f 2383/1/4620 2378/1/4620 2382/1/4620
f 2380/1/4622 2350/1/4623 1013/1/4624
f 1013/1/4624 1036/1/4625 2380/1/4622
f 1035/1/4626 2377/1/4627 2380/1/4627
f 2380/1/4627 1036/1/4628 1035/1/4626
f 1033/1/4629 2381/1/4629 2377/1/4629
f 2377/1/4629 1035/1/4629 1033/1/4629
f 2386/1/4630 2381/1/4630 1033/1/4630
f 1033/1/4630 1034/1/4630 2386/1/4630
f 2386/1/4631 2387/1/4631 2382/1/4632
f 2382/1/4632 2381/1/4631 2386/1/4631
f 2385/1/4633 2382/1/4633 2387/1/4633
f 2387/1/4633 2388/1/4633 2385/1/4633
f 2385/1/4634 2388/1/4634 1651/1/4634
f 1651/1/4634 1650/1/4635 2385/1/4634
f 2383/1/4636 2385/1/4637 1650/1/4638
f 1650/1/4638 1649/1/4639 2383/1/4636
f 2384/1/4640 2383/1/4641 1649/1/4642
f 1649/1/4642 1648/1/4640 2384/1/4640
f 1648/1/4643 1631/1/4643 2352/1/4643
f 2352/1/4643 2384/1/4643 1648/1/4643
f 2351/1/4644 2379/1/4645 2384/1/4646
f 2384/1/4646 2352/1/4647 2351/1/4644
f 2380/1/4648 2379/1/4649 2351/1/4650
f 2351/1/4650 2350/1/4650 2380/1/4648
f 2389/1/4213 2390/1/4212 2391/1/4212
f 2391/1/4212 2392/1/4213 2389/1/4213
f 2393/1/4651 2394/1/4652 2390/1/4651
f 2390/1/4651 2389/1/4651 2393/1/4651
f 2390/1/4653 2395/1/4653 2396/1/4653
f 2396/1/4653 2391/1/4653 2390/1/4653
f 2394/1/4654 2397/1/4655 2395/1/4216
f 2395/1/4216 2390/1/4216 2394/1/4654
f 2392/1/4228 2398/1/4228 1149/1/4228
f 1149/1/4228 1148/1/4228 2392/1/4228
f 1158/1/4656 2389/1/4656 2392/1/4657
f 2392/1/4657 1148/1/4656 1158/1/4656
f 1158/1/4225 1157/1/4225 2393/1/4225
f 2393/1/4225 2389/1/4225 1158/1/4225
f 2362/1/4224 2393/1/4224 1157/1/4224
f 1157/1/4224 1129/1/4224 2362/1/4224
f 2394/1/4244 2393/1/4244 2362/1/4658
f 2362/1/4658 2364/1/4244 2394/1/4244
f 2363/1/4243 2397/1/4243 2394/1/4243
f 2394/1/4243 2364/1/4243 2363/1/4243
f 1767/1/4239 2397/1/4237 2363/1/4237
f 2363/1/4237 1744/1/4237 1767/1/4239
f 2397/1/4236 1767/1/4659 1766/1/4236
f 1766/1/4236 2395/1/4236 2397/1/4236
f 2395/1/4234 1766/1/4234 1765/1/4234
f 1765/1/4234 2396/1/4234 2395/1/4234
f 1765/1/4232 1764/1/4232 2399/1/4232
f 2399/1/4232 2396/1/4232 1765/1/4232
f 2391/1/4230 2396/1/4230 2399/1/4230
f 2399/1/4230 2400/1/4230 2391/1/4230
f 2400/1/4229 2398/1/4229 2392/1/4229
f 2392/1/4229 2391/1/4229 2400/1/4229
f 2401/1/4660 2402/1/4660 2403/1/4660
f 2403/1/4660 2404/1/4661 2401/1/4660
f 2405/1/4662 2406/1/4662 2402/1/4662
f 2402/1/4662 2401/1/4662 2405/1/4662
f 2402/1/4663 2407/1/4663 2408/1/4664
f 2408/1/4664 2403/1/4663 2402/1/4663
f 2409/1/4665 2407/1/4665 2402/1/4665
f 2402/1/4665 2406/1/4665 2409/1/4665
f 2374/1/4666 1554/1/4667 1576/1/4668
f 1576/1/4668 2404/1/4667 2374/1/4666
f 2404/1/4669 1576/1/4670 1575/1/4670
f 1575/1/4670 2401/1/4669 2404/1/4669
f 2405/1/4671 2401/1/4671 1575/1/4671
f 1575/1/4671 1573/1/4671 2405/1/4671
f 2410/1/4672 2405/1/4673 1573/1/4673
f 1573/1/4673 1574/1/4674 2410/1/4672
f 2410/1/4675 2411/1/4675 2406/1/4675
f 2406/1/4675 2405/1/4675 2410/1/4675
f 2409/1/4676 2406/1/4676 2411/1/4676
f 2411/1/4676 2412/1/4676 2409/1/4676
f 2409/1/4677 2412/1/4677 2191/1/4677
f 2191/1/4677 2190/1/4677 2409/1/4677
f 2409/1/4678 2190/1/4679 2189/1/4678
f 2189/1/4678 2407/1/4678 2409/1/4678
f 2189/1/4680 2188/1/4680 2408/1/4680
f 2408/1/4680 2407/1/4680 2189/1/4680
f 2188/1/4681 2171/1/4682 2376/1/4683
f 2376/1/4683 2408/1/4681 2188/1/4681
f 2403/1/4684 2408/1/4685 2376/1/4686
f 2376/1/4686 2375/1/4684 2403/1/4684
f 2404/1/4687 2403/1/4687 2375/1/4687
f 2375/1/4687 2374/1/4687 2404/1/4687
f 2413/1/4688 2414/1/4689 2415/1/4688
f 2415/1/4688 2416/1/4688 2413/1/4688
f 2417/1/4690 2418/1/4690 2414/1/4690
f 2414/1/4690 2413/1/4690 2417/1/4690
f 2414/1/4691 2419/1/4691 2420/1/4691
f 2420/1/4691 2415/1/4691 2414/1/4691
f 2418/1/4692 2421/1/4692 2419/1/4692
f 2419/1/4692 2414/1/4692 2418/1/4692
f 2386/1/4693 1034/1/4693 1056/1/4693
f 1056/1/4693 2416/1/4693 2386/1/4693
f 1055/1/4694 2413/1/4694 2416/1/4694
f 2416/1/4694 1056/1/4695 1055/1/4694
f 1054/1/4696 2417/1/4696 2413/1/4697
f 2413/1/4697 1055/1/4698 1054/1/4696
f 2422/1/4699 2417/1/4699 1054/1/4699
f 1054/1/4699 1053/1/4699 2422/1/4699
f 2422/1/4700 2423/1/4700 2418/1/4701
f 2418/1/4701 2417/1/4702 2422/1/4700
f 2421/1/4703 2418/1/4703 2423/1/4704
f 2423/1/4704 2424/1/4704 2421/1/4703
f 2421/1/4705 2424/1/4706 1671/1/4707
f 1671/1/4707 1670/1/4705 2421/1/4705
f 2419/1/4708 2421/1/4708 1670/1/4708
f 1670/1/4708 1669/1/4708 2419/1/4708
f 2420/1/4709 2419/1/4709 1669/1/4709
f 1669/1/4709 1668/1/4709 2420/1/4709
f 1668/1/4710 1651/1/4710 2388/1/4710
f 2388/1/4710 2420/1/4710 1668/1/4710
f 2387/1/4711 2415/1/4712 2420/1/4712
f 2420/1/4712 2388/1/4711 2387/1/4711
f 2416/1/4713 2415/1/4713 2387/1/4714
f 2387/1/4714 2386/1/4714 2416/1/4713
f 2425/1/4310 2426/1/4310 2427/1/4310
f 2427/1/4310 2428/1/4715 2425/1/4310
f 2429/1/4307 2430/1/4716 2426/1/4306
f 2426/1/4306 2425/1/4307 2429/1/4307
f 2426/1/4313 2431/1/4313 2432/1/4313
f 2432/1/4313 2427/1/4313 2426/1/4313
f 2430/1/4717 2433/1/4312 2431/1/4718
f 2431/1/4718 2426/1/4717 2430/1/4717
f 2428/1/4719 2434/1/4720 1169/1/4719
f 1169/1/4719 1168/1/4719 2428/1/4719
f 1178/1/4317 2425/1/4317 2428/1/4317
f 2428/1/4317 1168/1/4317 1178/1/4317
f 1178/1/4315 1177/1/4315 2429/1/4315
f 2429/1/4315 2425/1/4315 1178/1/4315
f 2398/1/4721 2429/1/4722 1177/1/4723
f 1177/1/4723 1149/1/4722 2398/1/4721
f 2430/1/4328 2429/1/4328 2398/1/4328
f 2398/1/4328 2400/1/4724 2430/1/4328
f 2399/1/4327 2433/1/4327 2430/1/4327
f 2430/1/4327 2400/1/4327 2399/1/4327
f 1787/1/4725 2433/1/4725 2399/1/4725
f 2399/1/4725 1764/1/4725 1787/1/4725
f 2433/1/4325 1787/1/4325 1786/1/4325
f 1786/1/4325 2431/1/4325 2433/1/4325
f 2431/1/4324 1786/1/4324 1785/1/4324
f 1785/1/4324 2432/1/4324 2431/1/4324
f 1785/1/4726 1784/1/4322 2435/1/4322
f 2435/1/4322 2432/1/4322 1785/1/4726
f 2427/1/4727 2432/1/4728 2435/1/4729
f 2435/1/4729 2436/1/4730 2427/1/4727
f 2436/1/4731 2434/1/4319 2428/1/4732
f 2428/1/4732 2427/1/4732 2436/1/4731
f 2437/1/4733 2438/1/4733 2439/1/4733
f 2439/1/4733 2440/1/4734 2437/1/4733
f 2441/1/4735 2442/1/4736 2438/1/4737
f 2438/1/4737 2437/1/4735 2441/1/4735
f 2438/1/4738 2443/1/4738 2444/1/4738
f 2444/1/4738 2439/1/4739 2438/1/4738
f 2445/1/4740 2443/1/4740 2438/1/4740
f 2438/1/4740 2442/1/4740 2445/1/4740
f 2410/1/4741 1574/1/4742 1591/1/4743
f 1591/1/4743 2440/1/4742 2410/1/4741
f 2440/1/4744 1591/1/4744 1590/1/4744
f 1590/1/4744 2437/1/4745 2440/1/4744
f 2441/1/4746 2437/1/4746 1590/1/4746
f 1590/1/4746 1589/1/4746 2441/1/4746
f 2275/1/4747 2441/1/4747 1589/1/4747
f 1589/1/4747 973/1/4748 2275/1/4747
f 2280/1/4749 2442/1/4749 2441/1/4750
f 2441/1/4750 2275/1/4749 2280/1/4749
f 2279/1/4751 2445/1/4752 2442/1/4753
f 2442/1/4753 2280/1/4752 2279/1/4751
f 2445/1/4754 2279/1/4754 948/1/4754
f 948/1/4754 2208/1/4754 2445/1/4754
f 2445/1/4755 2208/1/4755 2207/1/4755
f 2207/1/4755 2443/1/4756 2445/1/4755
f 2207/1/4757 2206/1/4757 2444/1/4758
f 2444/1/4758 2443/1/4759 2207/1/4757
f 2206/1/4760 2191/1/4760 2412/1/4760
f 2412/1/4760 2444/1/4760 2206/1/4760
f 2439/1/4761 2444/1/4761 2412/1/4761
f 2412/1/4761 2411/1/4761 2439/1/4761
f 2440/1/4762 2439/1/4762 2411/1/4762
f 2411/1/4762 2410/1/4762 2440/1/4762
f 2446/1/4763 2447/1/4764 2448/1/4765
f 2448/1/4765 2449/1/4765 2446/1/4763
f 2450/1/4766 2451/1/4766 2447/1/4766
f 2447/1/4766 2446/1/4767 2450/1/4766
f 2447/1/4768 2452/1/4769 2453/1/4770
f 2453/1/4770 2448/1/4771 2447/1/4768
f 2451/1/4772 2454/1/4773 2452/1/4772
f 2452/1/4772 2447/1/4772 2451/1/4772
f 2422/1/4774 1053/1/4775 1076/1/4776
f 1076/1/4776 2449/1/4774 2422/1/4774
f 1075/1/4777 2446/1/4777 2449/1/4777
f 2449/1/4777 1076/1/4777 1075/1/4777
f 1074/1/4778 2450/1/4778 2446/1/4778
f 2446/1/4778 1075/1/4778 1074/1/4778
f 1074/1/4779 1073/1/4779 2455/1/4779
f 2455/1/4779 2450/1/4779 1074/1/4779
f 2455/1/4780 2456/1/4780 2451/1/4780
f 2451/1/4780 2450/1/4780 2455/1/4780
f 2451/1/4781 2456/1/4781 2457/1/4781
f 2457/1/4781 2454/1/4781 2451/1/4781
f 1691/1/4782 1690/1/4782 2454/1/4782
f 2454/1/4782 2457/1/4782 1691/1/4782
f 2452/1/4783 2454/1/4783 1690/1/4783
f 1690/1/4783 1689/1/4783 2452/1/4783
f 2453/1/4784 2452/1/4784 1689/1/4784
f 1689/1/4784 1688/1/4784 2453/1/4784
f 1688/1/4785 1671/1/4785 2424/1/4785
f 2424/1/4785 2453/1/4785 1688/1/4785
f 2423/1/4786 2448/1/4786 2453/1/4786
f 2453/1/4786 2424/1/4786 2423/1/4786
f 2449/1/4787 2448/1/4787 2423/1/4787
f 2423/1/4787 2422/1/4787 2449/1/4787
f 2458/1/4788 2459/1/4789 2460/1/4790
f 2460/1/4790 2461/1/4791 2458/1/4788
f 2462/1/4792 2463/1/4382 2459/1/4793
f 2459/1/4793 2458/1/4382 2462/1/4792
f 2459/1/4385 2464/1/4794 2465/1/4385
f 2465/1/4385 2460/1/4385 2459/1/4385
f 2463/1/4384 2466/1/4384 2464/1/4384
f 2464/1/4384 2459/1/4384 2463/1/4384
f 2461/1/4795 2467/1/4796 1189/1/4392
f 1189/1/4392 1188/1/4392 2461/1/4795
f 1198/1/4797 2458/1/4798 2461/1/4799
f 2461/1/4799 1188/1/4390 1198/1/4797
f 1198/1/4389 1197/1/4389 2462/1/4800
f 2462/1/4800 2458/1/4801 1198/1/4389
f 2434/1/4802 2462/1/4387 1197/1/4387
f 1197/1/4387 1169/1/4388 2434/1/4802
f 2463/1/4803 2462/1/4411 2434/1/4804
f 2434/1/4804 2436/1/4805 2463/1/4803
f 2435/1/4410 2466/1/4410 2463/1/4410
f 2463/1/4410 2436/1/4410 2435/1/4410
f 1807/1/4806 2466/1/4806 2435/1/4806
f 2435/1/4806 1784/1/4806 1807/1/4806
f 2466/1/4807 1807/1/4405 1806/1/4405
f 1806/1/4405 2464/1/4405 2466/1/4807
f 2464/1/4403 1806/1/4403 1805/1/4808
f 1805/1/4808 2465/1/4403 2464/1/4403
f 2465/1/4809 1805/1/4810 1804/1/4809
f 1804/1/4809 2468/1/4811 2465/1/4809
f 2465/1/4396 2468/1/4812 2469/1/4396
f 2469/1/4396 2460/1/4397 2465/1/4396
f 2460/1/4395 2469/1/4393 2467/1/4395
f 2467/1/4395 2461/1/4813 2460/1/4395
f 2470/1/4814 2471/1/4814 2472/1/4815
f 2472/1/4815 2473/1/4816 2470/1/4814
f 2474/1/4817 2475/1/4818 2471/1/4819
f 2471/1/4819 2470/1/4819 2474/1/4817
f 2471/1/4820 2476/1/4821 2477/1/4820
f 2477/1/4820 2472/1/4822 2471/1/4820
f 2478/1/4823 2476/1/4823 2471/1/4823
f 2471/1/4823 2475/1/4823 2478/1/4823
f 2455/1/4824 1073/1/4824 1096/1/4824
f 1096/1/4824 2473/1/4824 2455/1/4824
f 2473/1/4825 1096/1/4826 1095/1/4826
f 1095/1/4826 2470/1/4827 2473/1/4825
f 2474/1/4828 2470/1/4828 1095/1/4828
f 1095/1/4828 1094/1/4828 2474/1/4828
f 2479/1/4829 2474/1/4830 1094/1/4830
f 1094/1/4830 1093/1/4830 2479/1/4829
f 2479/1/4831 2480/1/4832 2475/1/4831
f 2475/1/4831 2474/1/4831 2479/1/4831
f 2478/1/4833 2475/1/4833 2480/1/4833
f 2480/1/4833 2481/1/4833 2478/1/4833
f 1711/1/4834 1710/1/4834 2478/1/4835
f 2478/1/4835 2481/1/4834 1711/1/4834
f 2478/1/4836 1710/1/4836 1709/1/4836
f 1709/1/4836 2476/1/4836 2478/1/4836
f 1709/1/4837 1708/1/4837 2477/1/4837
f 2477/1/4837 2476/1/4837 1709/1/4837
f 1708/1/4838 1691/1/4838 2457/1/4838
f 2457/1/4838 2477/1/4838 1708/1/4838
f 2472/1/4839 2477/1/4839 2457/1/4839
f 2457/1/4839 2456/1/4839 2472/1/4839
f 2473/1/4840 2472/1/4840 2456/1/4840
f 2456/1/4840 2455/1/4840 2473/1/4840
f 2482/1/4477 2483/1/4477 2484/1/4477
f 2484/1/4477 2485/1/4477 2482/1/4477
f 2486/1/4841 2487/1/4841 2483/1/4841
f 2483/1/4841 2482/1/4841 2486/1/4841
f 2483/1/4482 2488/1/4482 2489/1/4482
f 2489/1/4482 2484/1/4482 2483/1/4482
f 2487/1/4480 2490/1/4480 2488/1/4480
f 2488/1/4480 2483/1/4480 2487/1/4480
f 2485/1/4492 2491/1/4492 1209/1/4492
f 1209/1/4492 1208/1/4492 2485/1/4492
f 1218/1/4842 2482/1/4489 2485/1/4843
f 2485/1/4843 1208/1/4489 1218/1/4842
f 1218/1/4844 1217/1/4845 2486/1/4844
f 2486/1/4844 2482/1/4488 1218/1/4844
f 1217/1/4846 1189/1/4847 2467/1/4847
f 2467/1/4847 2486/1/4846 1217/1/4846
f 2487/1/4505 2486/1/4505 2467/1/4505
f 2467/1/4505 2469/1/4505 2487/1/4505
f 2468/1/4504 2490/1/4848 2487/1/4849
f 2487/1/4849 2469/1/4504 2468/1/4504
f 2468/1/4501 1804/1/4503 1827/1/4503
f 1827/1/4503 2490/1/4503 2468/1/4501
f 2490/1/4500 1827/1/4500 1826/1/4500
f 1826/1/4500 2488/1/4500 2490/1/4500
f 2488/1/4499 1826/1/4499 1825/1/4499
f 1825/1/4499 2489/1/4850 2488/1/4499
f 2489/1/4498 1825/1/4498 1824/1/4498
f 1824/1/4498 2492/1/4851 2489/1/4498
f 2493/1/4497 2484/1/4497 2489/1/4497
f 2489/1/4497 2492/1/4497 2493/1/4497
f 2484/1/4852 2493/1/4852 2491/1/4852
f 2491/1/4852 2485/1/4853 2484/1/4852
f 2494/1/4854 2495/1/4854 2496/1/4855
f 2496/1/4855 2497/1/4854 2494/1/4854
f 2498/1/4856 2499/1/4856 2495/1/4857
f 2495/1/4857 2494/1/4856 2498/1/4856
f 2495/1/4858 2500/1/4859 2501/1/4859
f 2501/1/4859 2496/1/4859 2495/1/4858
f 2502/1/4860 2500/1/4861 2495/1/4861
f 2495/1/4861 2499/1/4861 2502/1/4860
f 2479/1/4862 1093/1/4863 1116/1/4862
f 1116/1/4862 2497/1/4864 2479/1/4862
f 2497/1/4865 1116/1/4866 1115/1/4867
f 1115/1/4867 2494/1/4868 2497/1/4865
f 2498/1/4869 2494/1/4869 1115/1/4870
f 1115/1/4870 1113/1/4869 2498/1/4869
f 2498/1/4871 1113/1/4872 1114/1/4871
f 1114/1/4871 2503/1/4871 2498/1/4871
f 2503/1/4873 2504/1/4873 2499/1/4873
f 2499/1/4873 2498/1/4873 2503/1/4873
f 2502/1/4874 2499/1/4874 2504/1/4875
f 2504/1/4875 2505/1/4875 2502/1/4874
f 1731/1/4876 1730/1/4876 2502/1/4876
f 2502/1/4876 2505/1/4877 1731/1/4876
f 2502/1/4878 1730/1/4879 1729/1/4878
f 1729/1/4878 2500/1/4880 2502/1/4878
f 1729/1/4881 1728/1/4881 2501/1/4881
f 2501/1/4881 2500/1/4881 1729/1/4881
f 1728/1/4882 1711/1/4883 2481/1/4884
f 2481/1/4884 2501/1/4884 1728/1/4882
f 2480/1/4885 2496/1/4885 2501/1/4886
f 2501/1/4886 2481/1/4885 2480/1/4885
f 2496/1/4887 2480/1/4887 2479/1/4887
f 2479/1/4887 2497/1/4887 2496/1/4887
f 2506/1/4888 2507/1/4889 2508/1/4890
f 2508/1/4890 2509/1/4576 2506/1/4888
f 2510/1/4573 2511/1/4573 2507/1/4573
f 2507/1/4573 2506/1/4891 2510/1/4573
f 2507/1/4892 2512/1/4893 2513/1/4583
f 2513/1/4583 2508/1/4583 2507/1/4892
f 2511/1/4577 2514/1/4577 2512/1/4577
f 2512/1/4577 2507/1/4577 2511/1/4577
f 2509/1/4894 2515/1/4895 1229/1/4896
f 1229/1/4896 1228/1/4897 2509/1/4894
f 1238/1/4591 2506/1/4898 2509/1/4899
f 2509/1/4899 1228/1/4591 1238/1/4591
f 1238/1/4900 1237/1/4589 2510/1/4900
f 2510/1/4900 2506/1/4901 1238/1/4900
f 1237/1/4585 1209/1/4585 2491/1/4585
f 2491/1/4585 2510/1/4585 1237/1/4585
f 2511/1/4610 2510/1/4610 2491/1/4610
f 2491/1/4610 2493/1/4610 2511/1/4610
f 2492/1/4608 2514/1/4608 2511/1/4608
f 2511/1/4608 2493/1/4608 2492/1/4608
f 2492/1/4605 1824/1/4605 1847/1/4605
f 1847/1/4605 2514/1/4605 2492/1/4605
f 2514/1/4902 1847/1/4602 1846/1/4902
f 1846/1/4902 2512/1/4902 2514/1/4902
f 2512/1/4601 1846/1/4601 1845/1/4601
f 1845/1/4601 2513/1/4601 2512/1/4601
f 2513/1/4597 1845/1/4597 1844/1/4597
f 1844/1/4597 2516/1/4598 2513/1/4597
f 2517/1/4596 2508/1/4596 2513/1/4596
f 2513/1/4596 2516/1/4596 2517/1/4596
f 2508/1/4594 2517/1/4594 2515/1/4594
f 2515/1/4594 2509/1/4594 2508/1/4594
f 2518/1/4903 2519/1/4903 2520/1/4904
f 2520/1/4904 2521/1/4905 2518/1/4903
f 2522/1/4906 2523/1/4906 2519/1/4906
f 2519/1/4906 2518/1/4906 2522/1/4906
f 2519/1/4907 2524/1/4908 2525/1/4908
f 2525/1/4908 2520/1/4908 2519/1/4907
f 2526/1/4909 2524/1/4909 2519/1/4910
f 2519/1/4910 2523/1/4909 2526/1/4909
f 2503/1/4911 1114/1/4911 1136/1/4911
f 1136/1/4911 2521/1/4911 2503/1/4911
f 2521/1/4912 1136/1/4913 1135/1/4914
f 1135/1/4914 2518/1/4914 2521/1/4912
f 2522/1/4915 2518/1/4916 1135/1/4917
f 1135/1/4917 1133/1/4918 2522/1/4915
f 2522/1/4919 1133/1/4920 1134/1/4921
f 1134/1/4921 2527/1/4921 2522/1/4919
f 2527/1/4922 2528/1/4922 2523/1/4923
f 2523/1/4923 2522/1/4924 2527/1/4922
f 2526/1/4925 2523/1/4926 2528/1/4926
f 2528/1/4926 2529/1/4926 2526/1/4925
f 1751/1/4927 1750/1/4927 2526/1/4927
f 2526/1/4927 2529/1/4927 1751/1/4927
f 2526/1/4928 1750/1/4928 1749/1/4928
f 1749/1/4928 2524/1/4928 2526/1/4928
f 1749/1/4929 1748/1/4929 2525/1/4930
f 2525/1/4930 2524/1/4929 1749/1/4929
f 1748/1/4931 1731/1/4932 2505/1/4932
f 2505/1/4932 2525/1/4931 1748/1/4931
f 2504/1/4933 2520/1/4934 2525/1/4933
f 2525/1/4933 2505/1/4935 2504/1/4933
f 2503/1/4936 2521/1/4936 2520/1/4936
f 2520/1/4936 2504/1/4936 2503/1/4936
f 2530/1/4937 2531/1/4662 2532/1/4662
f 2532/1/4662 2533/1/4662 2530/1/4937
f 2534/1/4660 2535/1/4660 2531/1/4660
f 2531/1/4660 2530/1/4660 2534/1/4660
f 2531/1/4938 2536/1/4665 2537/1/4665
f 2537/1/4665 2532/1/4665 2531/1/4938
f 2535/1/4663 2538/1/4939 2536/1/4663
f 2536/1/4663 2531/1/4663 2535/1/4663
f 2533/1/4940 2539/1/4941 1249/1/4942
f 1249/1/4942 1248/1/4672 2533/1/4940
f 1258/1/4943 2530/1/4943 2533/1/4671
f 2533/1/4671 1248/1/4671 1258/1/4943
f 1258/1/4670 1257/1/4670 2534/1/4670
f 2534/1/4670 2530/1/4670 1258/1/4670
f 1257/1/4944 1229/1/4667 2515/1/4667
f 2515/1/4667 2534/1/4944 1257/1/4944
f 2535/1/4945 2534/1/4946 2515/1/4687
f 2515/1/4687 2517/1/4687 2535/1/4945
f 2516/1/4684 2538/1/4684 2535/1/4686
f 2535/1/4686 2517/1/4684 2516/1/4684
f 2516/1/4947 1844/1/4681 1867/1/4948
f 1867/1/4948 2538/1/4949 2516/1/4947
f 2538/1/4680 1867/1/4680 1866/1/4680
f 1866/1/4680 2536/1/4680 2538/1/4680
f 2536/1/4678 1866/1/4678 1865/1/4950
f 1865/1/4950 2537/1/4950 2536/1/4678
f 2537/1/4677 1865/1/4677 1864/1/4951
f 1864/1/4951 2540/1/4952 2537/1/4677
f 2537/1/4676 2540/1/4676 2541/1/4676
f 2541/1/4676 2532/1/4953 2537/1/4676
f 2532/1/4675 2541/1/4675 2539/1/4954
f 2539/1/4954 2533/1/4675 2532/1/4675
f 2542/1/4955 2543/1/4955 2544/1/4956
f 2544/1/4956 2545/1/4955 2542/1/4955
f 2546/1/4957 2547/1/4958 2543/1/4957
f 2543/1/4957 2542/1/4957 2546/1/4957
f 2543/1/4959 2548/1/4959 2549/1/4959
f 2549/1/4959 2544/1/4959 2543/1/4959
f 2550/1/4960 2548/1/4961 2543/1/4960
f 2543/1/4960 2547/1/4960 2550/1/4960
f 2527/1/4962 1134/1/4962 1156/1/4962
f 1156/1/4962 2545/1/4962 2527/1/4962
f 2545/1/4963 1156/1/4964 1155/1/4964
f 1155/1/4964 2542/1/4964 2545/1/4963
f 2546/1/4965 2542/1/4965 1155/1/4965
f 1155/1/4965 1153/1/4965 2546/1/4965
f 2546/1/4966 1153/1/4966 1154/1/4966
f 1154/1/4966 2551/1/4966 2546/1/4966
f 2551/1/4967 2552/1/4967 2547/1/4967
f 2547/1/4967 2546/1/4967 2551/1/4967
f 2550/1/4968 2547/1/4968 2552/1/4968
f 2552/1/4968 2553/1/4968 2550/1/4968
f 1771/1/4969 1770/1/4970 2550/1/4971
f 2550/1/4971 2553/1/4972 1771/1/4969
f 2550/1/4973 1770/1/4974 1769/1/4975
f 1769/1/4975 2548/1/4975 2550/1/4973
f 1769/1/4976 1768/1/4976 2549/1/4976
f 2549/1/4976 2548/1/4976 1769/1/4976
f 1768/1/4977 1751/1/4978 2529/1/4977
f 2529/1/4977 2549/1/4977 1768/1/4977
f 2528/1/4979 2544/1/4979 2549/1/4979
f 2549/1/4979 2529/1/4979 2528/1/4979
f 2544/1/4980 2528/1/4980 2527/1/4980
f 2527/1/4980 2545/1/4980 2544/1/4980
f 2554/1/4735 2555/1/4735 2556/1/4981
f 2556/1/4981 2557/1/4982 2554/1/4735
f 2558/1/4734 2559/1/4734 2555/1/4734
f 2555/1/4734 2554/1/4734 2558/1/4734
f 2555/1/4740 2560/1/4740 2561/1/4740
f 2561/1/4740 2556/1/4740 2555/1/4740
f 2559/1/4738 2562/1/4738 2560/1/4738
f 2560/1/4738 2555/1/4738 2559/1/4738
f 2557/1/4983 2563/1/4747 1269/1/4984
f 1269/1/4984 1268/1/4985 2557/1/4983
f 1278/1/4986 2554/1/4746 2557/1/4746
f 2557/1/4746 1268/1/4746 1278/1/4986
f 1278/1/4987 1277/1/4987 2558/1/4987
f 2558/1/4987 2554/1/4987 1278/1/4987
f 1277/1/4742 1249/1/4742 2539/1/4988
f 2539/1/4988 2558/1/4742 1277/1/4742
f 2559/1/4762 2558/1/4762 2539/1/4989
f 2539/1/4989 2541/1/4990 2559/1/4762
f 2540/1/4761 2562/1/4761 2559/1/4761
f 2559/1/4761 2541/1/4761 2540/1/4761
f 2540/1/4991 1864/1/4992 1887/1/4992
f 1887/1/4992 2562/1/4993 2540/1/4991
f 2562/1/4994 1887/1/4994 1886/1/4994
f 1886/1/4994 2560/1/4994 2562/1/4994
f 2560/1/4755 1886/1/4755 1885/1/4755
f 1885/1/4755 2561/1/4995 2560/1/4755
f 2561/1/4754 1885/1/4996 1884/1/4996
f 1884/1/4996 2564/1/4754 2561/1/4754
f 2565/1/4997 2556/1/4998 2561/1/4997
f 2561/1/4997 2564/1/4752 2565/1/4997
f 2556/1/4749 2565/1/4749 2563/1/4749
f 2563/1/4749 2557/1/4749 2556/1/4749
f 2566/1/4999 2567/1/5000 2568/1/5001
f 2568/1/5001 2569/1/5001 2566/1/4999
f 2570/1/5002 2571/1/5002 2567/1/5002
f 2567/1/5002 2566/1/5003 2570/1/5002
f 2567/1/5004 2572/1/5005 2573/1/5006
f 2573/1/5006 2568/1/5007 2567/1/5004
f 2574/1/5008 2572/1/5008 2567/1/5009
f 2567/1/5009 2571/1/5009 2574/1/5008
f 2551/1/5010 1154/1/5010 1176/1/5010
f 1176/1/5010 2569/1/5010 2551/1/5010
f 2569/1/5011 1176/1/5012 1175/1/5013
f 1175/1/5013 2566/1/5011 2569/1/5011
f 2570/1/5014 2566/1/5014 1175/1/5014
f 1175/1/5014 1173/1/5014 2570/1/5014
f 2570/1/5015 1173/1/5016 1174/1/5015
f 1174/1/5015 2575/1/5015 2570/1/5015
f 2575/1/5017 2576/1/5018 2571/1/5017
f 2571/1/5017 2570/1/5017 2575/1/5017
f 2574/1/5019 2571/1/5020 2576/1/5020
f 2576/1/5020 2577/1/5020 2574/1/5019
f 1791/1/5021 1790/1/5021 2574/1/5022
f 2574/1/5022 2577/1/5022 1791/1/5021
f 2574/1/5023 1790/1/5024 1789/1/5025
f 1789/1/5025 2572/1/5026 2574/1/5023
f 1789/1/5027 1788/1/5027 2573/1/5027
f 2573/1/5027 2572/1/5027 1789/1/5027
f 1788/1/5028 1771/1/5028 2553/1/5028
f 2553/1/5028 2573/1/5028 1788/1/5028
f 2552/1/5029 2568/1/5030 2573/1/5029
f 2573/1/5029 2553/1/5029 2552/1/5029
f 2568/1/5031 2552/1/5031 2551/1/5031
f 2551/1/5031 2569/1/5031 2568/1/5031
f 2578/1/5032 2579/1/5032 2580/1/5032
f 2580/1/5032 2581/1/5032 2578/1/5032
f 2582/1/4329 2583/1/4329 2579/1/4329
f 2579/1/4329 2578/1/4329 2582/1/4329
f 2579/1/4335 2584/1/4335 2585/1/5033
f 2585/1/5033 2580/1/4335 2579/1/4335
f 2583/1/4331 2586/1/5034 2584/1/4331
f 2584/1/4331 2579/1/4331 2583/1/4331
f 2581/1/5035 2587/1/5036 1289/1/5036
f 1289/1/5036 1288/1/4343 2581/1/5035
f 1298/1/4338 2578/1/5037 2581/1/4338
f 2581/1/4338 1288/1/4338 1298/1/4338
f 1298/1/5038 1297/1/4337 2582/1/5039
f 2582/1/5039 2578/1/4337 1298/1/5038
f 1297/1/4336 1269/1/4336 2563/1/5040
f 2563/1/5040 2582/1/4336 1297/1/4336
f 2583/1/4354 2582/1/5041 2563/1/4354
f 2563/1/4354 2565/1/4354 2583/1/4354
f 2564/1/4353 2586/1/4353 2583/1/4353
f 2583/1/4353 2565/1/4353 2564/1/4353
f 2564/1/5042 1884/1/4351 1907/1/5042
f 1907/1/5042 2586/1/5043 2564/1/5042
f 2586/1/5044 1907/1/5045 1906/1/5046
f 1906/1/5046 2584/1/4349 2586/1/5044
f 2584/1/5047 1906/1/4347 1905/1/4347
f 1905/1/4347 2585/1/5047 2584/1/5047
f 2585/1/5048 1905/1/5048 1904/1/5048
f 1904/1/5048 2588/1/5049 2585/1/5048
f 2589/1/4345 2580/1/4345 2585/1/4345
f 2585/1/4345 2588/1/4345 2589/1/4345
f 2580/1/4344 2589/1/4344 2587/1/4344
f 2587/1/4344 2581/1/4344 2580/1/4344
f 2590/1/5050 2591/1/5050 2592/1/5050
f 2592/1/5050 2593/1/5050 2590/1/5050
f 2594/1/5051 2595/1/5051 2591/1/5051
f 2591/1/5051 2590/1/5051 2594/1/5051
f 2591/1/5052 2596/1/5053 2597/1/5052
f 2597/1/5052 2592/1/5052 2591/1/5052
f 2598/1/5054 2596/1/5055 2591/1/5054
f 2591/1/5054 2595/1/5054 2598/1/5054
f 2575/1/5056 1174/1/5056 1196/1/5056
f 1196/1/5056 2593/1/5056 2575/1/5056
f 2593/1/5057 1196/1/5057 1195/1/5058
f 1195/1/5058 2590/1/5059 2593/1/5057
f 2594/1/5060 2590/1/5060 1195/1/5060
f 1195/1/5060 1193/1/5060 2594/1/5060
f 2594/1/5061 1193/1/5061 1194/1/5062
f 1194/1/5062 2599/1/5061 2594/1/5061
f 2599/1/5063 2600/1/5064 2595/1/5065
f 2595/1/5065 2594/1/5064 2599/1/5063
f 2598/1/5066 2595/1/5067 2600/1/5067
f 2600/1/5067 2601/1/5067 2598/1/5066
f 1811/1/5068 1810/1/5068 2598/1/5068
f 2598/1/5068 2601/1/5068 1811/1/5068
f 2598/1/5069 1810/1/5070 1809/1/5071
f 1809/1/5071 2596/1/5072 2598/1/5069
f 1809/1/5073 1808/1/5074 2597/1/5075
f 2597/1/5075 2596/1/5076 1809/1/5073
f 1808/1/5077 1791/1/5078 2577/1/5079
f 2577/1/5079 2597/1/5080 1808/1/5077
f 2576/1/5081 2592/1/5082 2597/1/5082
f 2597/1/5082 2577/1/5081 2576/1/5081
f 2575/1/5083 2593/1/5084 2592/1/5084
f 2592/1/5084 2576/1/5084 2575/1/5083
f 2602/1/5085 2603/1/4414 2604/1/5085
f 2604/1/5085 2605/1/5086 2602/1/5085
f 2606/1/4413 2607/1/4413 2603/1/5087
f 2603/1/5087 2602/1/4413 2606/1/4413
f 2603/1/4419 2608/1/4419 2609/1/4419
f 2609/1/4419 2604/1/4417 2603/1/4419
f 2607/1/4416 2610/1/4416 2608/1/5088
f 2608/1/5088 2603/1/4416 2607/1/4416
f 2605/1/5089 2611/1/5090 1309/1/5089
f 1309/1/5089 1308/1/5091 2605/1/5089
f 1318/1/5092 2602/1/5092 2605/1/5092
f 2605/1/5092 1308/1/5092 1318/1/5092
f 1318/1/4421 1317/1/5093 2606/1/4421
f 2606/1/4421 2602/1/4421 1318/1/4421
f 1317/1/4420 1289/1/4420 2587/1/4420
f 2587/1/4420 2606/1/4420 1317/1/4420
f 2607/1/5094 2606/1/4442 2587/1/4442
f 2587/1/4442 2589/1/5095 2607/1/5094
f 2588/1/5096 2610/1/4441 2607/1/4441
f 2607/1/4441 2589/1/5097 2588/1/5096
f 2588/1/5098 1904/1/4440 1927/1/5098
f 1927/1/5098 2610/1/5098 2588/1/5098
f 2610/1/4439 1927/1/4439 1926/1/4439
f 1926/1/4439 2608/1/4439 2610/1/4439
f 2608/1/4437 1926/1/4438 1925/1/4437
f 1925/1/4437 2609/1/4437 2608/1/4437
f 2609/1/4435 1925/1/4435 1924/1/4435
f 1924/1/4435 2612/1/4435 2609/1/4435
f 2613/1/4433 2604/1/4433 2609/1/4433
f 2609/1/4433 2612/1/4433 2613/1/4433
f 2604/1/5099 2613/1/4431 2611/1/5100
f 2611/1/5100 2605/1/5101 2604/1/5099
f 2614/1/5102 2615/1/5102 2616/1/5103
f 2616/1/5103 2617/1/5102 2614/1/5102
f 2618/1/5104 2619/1/5104 2615/1/5104
f 2615/1/5104 2614/1/5104 2618/1/5104
f 2615/1/5105 2620/1/5105 2621/1/5106
f 2621/1/5106 2616/1/5107 2615/1/5105
f 2622/1/5108 2620/1/5108 2615/1/5108
f 2615/1/5108 2619/1/5108 2622/1/5108
f 2599/1/5109 1194/1/5109 1216/1/5109
f 1216/1/5109 2617/1/5109 2599/1/5109
f 2617/1/5110 1216/1/5111 1215/1/5112
f 1215/1/5112 2614/1/5111 2617/1/5110
f 2618/1/5113 2614/1/5113 1215/1/5113
f 1215/1/5113 1213/1/5114 2618/1/5113
f 2618/1/5115 1213/1/5115 1214/1/5115
f 1214/1/5115 2623/1/5115 2618/1/5115
f 2623/1/5116 2624/1/5116 2619/1/5116
f 2619/1/5116 2618/1/5116 2623/1/5116
f 2622/1/5117 2619/1/5117 2624/1/5117
f 2624/1/5117 2625/1/5117 2622/1/5117
f 1831/1/5118 1830/1/5118 2622/1/5118
f 2622/1/5118 2625/1/5118 1831/1/5118
f 2622/1/5119 1830/1/5120 1829/1/5119
f 1829/1/5119 2620/1/5119 2622/1/5119
f 1829/1/5121 1828/1/5121 2621/1/5122
f 2621/1/5122 2620/1/5121 1829/1/5121
f 1828/1/5123 1811/1/5124 2601/1/5123
f 2601/1/5123 2621/1/5125 1828/1/5123
f 2600/1/5126 2616/1/5126 2621/1/5126
f 2621/1/5126 2601/1/5126 2600/1/5126
f 2599/1/5127 2617/1/5128 2616/1/5128
f 2616/1/5128 2600/1/5128 2599/1/5127
f 2626/1/4508 2627/1/5129 2628/1/4508
f 2628/1/4508 2629/1/4508 2626/1/4508
f 2630/1/4507 2631/1/4507 2627/1/4507
f 2627/1/4507 2626/1/4507 2630/1/4507
f 2627/1/4512 2632/1/5130 2633/1/4512
f 2633/1/4512 2628/1/4512 2627/1/4512
f 2631/1/5131 2634/1/4509 2632/1/5131
f 2632/1/5131 2627/1/5132 2631/1/5131
f 2629/1/4525 2635/1/5133 1329/1/4525
f 1329/1/4525 1328/1/5133 2629/1/4525
f 1338/1/4523 2626/1/4523 2629/1/4523
f 2629/1/4523 1328/1/4523 1338/1/4523
f 1338/1/5134 1337/1/5135 2630/1/4519
f 2630/1/4519 2626/1/5135 1338/1/5134
f 1337/1/4514 1309/1/4514 2611/1/4514
f 2611/1/4514 2630/1/4514 1337/1/4514
f 2631/1/4541 2630/1/4541 2611/1/4541
f 2611/1/4541 2613/1/4541 2631/1/4541
f 2612/1/4540 2634/1/4540 2631/1/4540
f 2631/1/4540 2613/1/4540 2612/1/4540
f 2612/1/5136 1924/1/5136 1947/1/5136
f 1947/1/5136 2634/1/5136 2612/1/5136
f 2634/1/4537 1947/1/5137 1946/1/4536
f 1946/1/4536 2632/1/4536 2634/1/4537
f 2632/1/4534 1946/1/4535 1945/1/4533
f 1945/1/4533 2633/1/4534 2632/1/4534
f 2633/1/5138 1945/1/5138 1944/1/5138
f 1944/1/5138 2636/1/5139 2633/1/5138
f 2637/1/4528 2628/1/4528 2633/1/4528
f 2633/1/4528 2636/1/4528 2637/1/4528
f 2628/1/4526 2637/1/4526 2635/1/4526
f 2635/1/4526 2629/1/4526 2628/1/4526
f 2638/1/5140 2639/1/5140 2640/1/5140
f 2640/1/5140 2641/1/5140 2638/1/5140
f 2642/1/5141 2643/1/5142 2639/1/5142
f 2639/1/5142 2638/1/5141 2642/1/5141
f 2639/1/5143 2644/1/5144 2645/1/5143
f 2645/1/5143 2640/1/5143 2639/1/5143
f 2646/1/5145 2644/1/5146 2639/1/5146
f 2639/1/5146 2643/1/5145 2646/1/5145
f 2623/1/5147 1214/1/5147 1236/1/5147
f 1236/1/5147 2641/1/5147 2623/1/5147
f 2641/1/5148 1236/1/5148 1235/1/5148
f 1235/1/5148 2638/1/5148 2641/1/5148
f 2642/1/5149 2638/1/5149 1235/1/5149
f 1235/1/5149 1233/1/5150 2642/1/5149
f 2642/1/5151 1233/1/5152 1234/1/5151
f 1234/1/5151 2647/1/5151 2642/1/5151
f 2647/1/5153 2648/1/5153 2643/1/5153
f 2643/1/5153 2642/1/5153 2647/1/5153
f 2646/1/5154 2643/1/5154 2648/1/5154
f 2648/1/5154 2649/1/5154 2646/1/5154
f 1851/1/5155 1850/1/5156 2646/1/5156
f 2646/1/5156 2649/1/5156 1851/1/5155
f 2646/1/5157 1850/1/5158 1849/1/5157
f 1849/1/5157 2644/1/5158 2646/1/5157
f 1849/1/5159 1848/1/5160 2645/1/5160
f 2645/1/5160 2644/1/5159 1849/1/5159
f 1848/1/5161 1831/1/5161 2625/1/5161
f 2625/1/5161 2645/1/5161 1848/1/5161
f 2624/1/5162 2640/1/5162 2645/1/5162
f 2645/1/5162 2625/1/5162 2624/1/5162
f 2640/1/5163 2624/1/5163 2623/1/5163
f 2623/1/5163 2641/1/5163 2640/1/5163
f 2650/1/5164 2651/1/4615 2652/1/4615
f 2652/1/4615 2653/1/4615 2650/1/5164
f 2654/1/5165 2655/1/4613 2651/1/4613
f 2651/1/4613 2650/1/4613 2654/1/5165
f 2651/1/4620 2656/1/4620 2657/1/4620
f 2657/1/4620 2652/1/4620 2651/1/4620
f 2655/1/5166 2658/1/5166 2656/1/5166
f 2656/1/5166 2651/1/5166 2655/1/5166
f 2653/1/4630 2659/1/5167 1349/1/5168
f 1349/1/5168 1348/1/4630 2653/1/4630
f 1358/1/4629 2650/1/4629 2653/1/4629
f 2653/1/4629 1348/1/4629 1358/1/4629
f 1358/1/5169 1357/1/4628 2654/1/5170
f 2654/1/5170 2650/1/4627 1358/1/5169
f 1357/1/4625 1329/1/4625 2635/1/4625
f 2635/1/4625 2654/1/4625 1357/1/4625
f 2655/1/4650 2654/1/4650 2635/1/4650
f 2635/1/4650 2637/1/4650 2655/1/4650
f 2636/1/5171 2658/1/4647 2655/1/5171
f 2655/1/5171 2637/1/4647 2636/1/5171
f 2636/1/4643 1944/1/4643 1967/1/4643
f 1967/1/4643 2658/1/4643 2636/1/4643
f 2658/1/5172 1967/1/4640 1966/1/5173
f 1966/1/5173 2656/1/4640 2658/1/5172
f 2656/1/5174 1966/1/5174 1965/1/4639
f 1965/1/4639 2657/1/5174 2656/1/5174
f 2657/1/5175 1965/1/5175 1964/1/5176
f 1964/1/5176 2660/1/5176 2657/1/5175
f 2661/1/4633 2652/1/4633 2657/1/4633
f 2657/1/4633 2660/1/4633 2661/1/4633
f 2652/1/5177 2661/1/4631 2659/1/4631
f 2659/1/4631 2653/1/4631 2652/1/5177
f 2662/1/5178 2663/1/5179 2664/1/5179
f 2664/1/5179 2665/1/5180 2662/1/5178
f 2666/1/5181 2667/1/5181 2663/1/5181
f 2663/1/5181 2662/1/5182 2666/1/5181
f 2663/1/5183 2668/1/5184 2669/1/5185
f 2669/1/5185 2664/1/5186 2663/1/5183
f 2670/1/5187 2668/1/5187 2663/1/5187
f 2663/1/5187 2667/1/5187 2670/1/5187
f 2647/1/5188 1234/1/5188 1256/1/5188
f 1256/1/5188 2665/1/5188 2647/1/5188
f 2665/1/5189 1256/1/5189 1255/1/5189
f 1255/1/5189 2662/1/5189 2665/1/5189
f 2666/1/5190 2662/1/5191 1255/1/5191
f 1255/1/5191 1253/1/5191 2666/1/5190
f 2666/1/5192 1253/1/5192 1254/1/5192
f 1254/1/5192 2671/1/5192 2666/1/5192
f 2671/1/5193 2672/1/5194 2667/1/5195
f 2667/1/5195 2666/1/5193 2671/1/5193
f 2670/1/5196 2667/1/5196 2672/1/5197
f 2672/1/5197 2673/1/5198 2670/1/5196
f 1871/1/5199 1870/1/5200 2670/1/5201
f 2670/1/5201 2673/1/5202 1871/1/5199
f 2670/1/5203 1870/1/5203 1869/1/5203
f 1869/1/5203 2668/1/5203 2670/1/5203
f 1869/1/5204 1868/1/5204 2669/1/5204
f 2669/1/5204 2668/1/5204 1869/1/5204
f 1868/1/5205 1851/1/5205 2649/1/5205
f 2649/1/5205 2669/1/5205 1868/1/5205
f 2648/1/5206 2664/1/5207 2669/1/5208
f 2669/1/5208 2649/1/5206 2648/1/5206
f 2664/1/5209 2648/1/5209 2647/1/5209
f 2647/1/5209 2665/1/5209 2664/1/5209
f 2674/1/4690 2675/1/4690 2676/1/4690
f 2676/1/4690 2677/1/4690 2674/1/4690
f 2678/1/4688 2679/1/4688 2675/1/5210
f 2675/1/5210 2674/1/4689 2678/1/4688
f 2675/1/4692 2680/1/5211 2681/1/4692
f 2681/1/4692 2676/1/4692 2675/1/4692
f 2679/1/5212 2682/1/5212 2680/1/5213
f 2680/1/5213 2675/1/5212 2679/1/5212
f 2677/1/4699 2683/1/4699 1369/1/5214
f 1369/1/5214 1368/1/4699 2677/1/4699
f 1378/1/4696 2674/1/4698 2677/1/4696
f 2677/1/4696 1368/1/4696 1378/1/4696
f 1378/1/5215 1377/1/4695 2678/1/4695
f 2678/1/4695 2674/1/4695 1378/1/5215
f 1377/1/4693 1349/1/4693 2659/1/4693
f 2659/1/4693 2678/1/4693 1377/1/4693
f 2679/1/4713 2678/1/4713 2659/1/5216
f 2659/1/5216 2661/1/4713 2679/1/4713
f 2660/1/5217 2682/1/4712 2679/1/4711
f 2679/1/4711 2661/1/4712 2660/1/5217
f 2660/1/5218 1964/1/5219 1987/1/5220
f 1987/1/5220 2682/1/5219 2660/1/5218
f 2682/1/4709 1987/1/4709 1986/1/5221
f 1986/1/5221 2680/1/5222 2682/1/4709
f 2680/1/4708 1986/1/4708 1985/1/4708
f 1985/1/4708 2681/1/4708 2680/1/4708
f 2681/1/5223 1985/1/5223 1984/1/5223
f 1984/1/5223 2684/1/5224 2681/1/5223
f 2685/1/4703 2676/1/4703 2681/1/4703
f 2681/1/4703 2684/1/4703 2685/1/4703
f 2676/1/5225 2685/1/5225 2683/1/5225
f 2683/1/5225 2677/1/5225 2676/1/5225
f 2686/1/4246 2687/1/4246 2688/1/4246
f 2688/1/4246 2689/1/4246 2686/1/4246
f 2690/1/5226 2691/1/4245 2687/1/4245
f 2687/1/4245 2686/1/4245 2690/1/5226
f 2687/1/4250 2692/1/4250 2693/1/4250
f 2693/1/4250 2688/1/4250 2687/1/4250
f 2694/1/4249 2692/1/4249 2687/1/4249
f 2687/1/4249 2691/1/4249 2694/1/4249
f 2671/1/5227 1254/1/5227 1276/1/5227
f 1276/1/5227 2689/1/5227 2671/1/5227
f 2689/1/5228 1276/1/5228 1275/1/5228
f 1275/1/5228 2686/1/5228 2689/1/5228
f 2690/1/5229 2686/1/4252 1275/1/4252
f 1275/1/4252 1273/1/4252 2690/1/5229
f 2690/1/4251 1273/1/4251 1274/1/5230
f 1274/1/5230 2695/1/5231 2690/1/4251
f 2695/1/4272 2696/1/4272 2691/1/4272
f 2691/1/4272 2690/1/5232 2695/1/4272
f 2694/1/4271 2691/1/4271 2696/1/4271
f 2696/1/4271 2697/1/4271 2694/1/4271
f 1891/1/5233 1890/1/5233 2694/1/5233
f 2694/1/5233 2697/1/4269 1891/1/5233
f 2694/1/5234 1890/1/4267 1889/1/4267
f 1889/1/4267 2692/1/4267 2694/1/5234
f 1889/1/5235 1888/1/5236 2693/1/5235
f 2693/1/5235 2692/1/4265 1889/1/5235
f 1888/1/4263 1871/1/4263 2673/1/4263
f 2673/1/4263 2693/1/4263 1888/1/4263
f 2672/1/5237 2688/1/5238 2693/1/5239
f 2693/1/5239 2673/1/4261 2672/1/5237
f 2671/1/4259 2689/1/5240 2688/1/5240
f 2688/1/5240 2672/1/4259 2671/1/4259
f 2698/1/5241 2699/1/5242 2700/1/5241
f 2700/1/5241 2701/1/5243 2698/1/5241
f 2702/1/5244 2703/1/4765 2699/1/4765
f 2699/1/4765 2698/1/4765 2702/1/5244
f 2699/1/5245 2704/1/5246 2705/1/5247
f 2705/1/5247 2700/1/5248 2699/1/5245
f 2703/1/5249 2706/1/5249 2704/1/5249
f 2704/1/5249 2699/1/5250 2703/1/5249
f 2701/1/5251 2707/1/5251 1389/1/5252
f 1389/1/5252 1388/1/5251 2701/1/5251
f 1398/1/4778 2698/1/4778 2701/1/4778
f 2701/1/4778 1388/1/4778 1398/1/4778
f 1398/1/4777 1397/1/4777 2702/1/4777
f 2702/1/4777 2698/1/5253 1398/1/4777
f 1397/1/4774 1369/1/4774 2683/1/4774
f 2683/1/4774 2702/1/4774 1397/1/4774
f 2703/1/4787 2702/1/4787 2683/1/5254
f 2683/1/5254 2685/1/4787 2703/1/4787
f 2684/1/4786 2706/1/4786 2703/1/4786
f 2703/1/4786 2685/1/4786 2684/1/4786
f 2684/1/4785 1984/1/4785 2007/1/4785
f 2007/1/4785 2706/1/4785 2684/1/4785
f 2706/1/4784 2007/1/4784 2006/1/4784
f 2006/1/4784 2704/1/4784 2706/1/4784
f 2704/1/4783 2006/1/4783 2005/1/4783
f 2005/1/4783 2705/1/4783 2704/1/4783
f 2705/1/5255 2005/1/4782 2004/1/5256
f 2004/1/5256 2708/1/4782 2705/1/5255
f 2709/1/4781 2700/1/5257 2705/1/4781
f 2705/1/4781 2708/1/4781 2709/1/4781
f 2700/1/5258 2709/1/4780 2707/1/5258
f 2707/1/5258 2701/1/4780 2700/1/5258
f 2710/1/5259 2711/1/5259 2712/1/5260
f 2712/1/5260 2713/1/5259 2710/1/5259
f 2714/1/5261 2715/1/5261 2711/1/5262
f 2711/1/5262 2710/1/5262 2714/1/5261
f 2711/1/5263 2716/1/5263 2717/1/5263
f 2717/1/5263 2712/1/5263 2711/1/5263
f 2718/1/5264 2716/1/5264 2711/1/5264
f 2711/1/5264 2715/1/5264 2718/1/5264
f 2695/1/5265 1274/1/5265 1296/1/5266
f 1296/1/5266 2713/1/5267 2695/1/5265
f 2713/1/5268 1296/1/5269 1295/1/5270
f 1295/1/5270 2710/1/5268 2713/1/5268
f 2714/1/5271 2710/1/5272 1295/1/5273
f 1295/1/5273 1293/1/5274 2714/1/5271
f 2714/1/5275 1293/1/5276 1294/1/5276
f 1294/1/5276 2719/1/5276 2714/1/5275
f 2719/1/5277 2720/1/5278 2715/1/5279
f 2715/1/5279 2714/1/5279 2719/1/5277
f 2718/1/5280 2715/1/5281 2720/1/5280
f 2720/1/5280 2721/1/5282 2718/1/5280
f 1911/1/5283 1910/1/5284 2718/1/5285
f 2718/1/5285 2721/1/5285 1911/1/5283
f 2718/1/5286 1910/1/5286 1909/1/5286
f 1909/1/5286 2716/1/5286 2718/1/5286
f 1909/1/5287 1908/1/5287 2717/1/5287
f 2717/1/5287 2716/1/5287 1909/1/5287
f 1908/1/5288 1891/1/5288 2697/1/5288
f 2697/1/5288 2717/1/5289 1908/1/5288
f 2696/1/5290 2712/1/5291 2717/1/5290
f 2717/1/5290 2697/1/5290 2696/1/5290
f 2695/1/5292 2713/1/5292 2712/1/5292
f 2712/1/5292 2696/1/5292 2695/1/5292
f 2722/1/4819 2723/1/4818 2724/1/4819
f 2724/1/4819 2725/1/4819 2722/1/4819
f 2726/1/5293 2727/1/5294 2723/1/5293
f 2723/1/5293 2722/1/4815 2726/1/5293
f 2723/1/5295 2728/1/4823 2729/1/5296
f 2729/1/5296 2724/1/5297 2723/1/5295
f 2727/1/4820 2730/1/4820 2728/1/4820
f 2728/1/4820 2723/1/4820 2727/1/4820
f 2725/1/4830 2731/1/4830 1409/1/4830
f 1409/1/4830 1408/1/4830 2725/1/4830
f 1418/1/4828 2722/1/4828 2725/1/4828
f 2725/1/4828 1408/1/4828 1418/1/4828
f 1418/1/4826 1417/1/4826 2726/1/4826
f 2726/1/4826 2722/1/4826 1418/1/4826
f 1417/1/4824 1389/1/4824 2707/1/4824
f 2707/1/4824 2726/1/4824 1417/1/4824
f 2727/1/4840 2726/1/5298 2707/1/5299
f 2707/1/5299 2709/1/4840 2727/1/4840
f 2708/1/4839 2730/1/4839 2727/1/4839
f 2727/1/4839 2709/1/4839 2708/1/4839
f 2708/1/4838 2004/1/5300 2027/1/4838
f 2027/1/4838 2730/1/4838 2708/1/4838
f 2730/1/5301 2027/1/5301 2026/1/5301
f 2026/1/5301 2728/1/5301 2730/1/5301
f 2728/1/4836 2026/1/4836 2025/1/4836
f 2025/1/4836 2729/1/5302 2728/1/4836
f 2729/1/4834 2025/1/4834 2024/1/4834
f 2024/1/4834 2732/1/4834 2729/1/4834
f 2729/1/4833 2732/1/4833 2733/1/4833
f 2733/1/4833 2724/1/4833 2729/1/4833
f 2724/1/4831 2733/1/4831 2731/1/4831
f 2731/1/4831 2725/1/4831 2724/1/4831
f 2734/1/5303 2735/1/5303 2736/1/5303
f 2736/1/5303 2737/1/5303 2734/1/5303
f 2738/1/5304 2739/1/5305 2735/1/5306
f 2735/1/5306 2734/1/5307 2738/1/5304
f 2735/1/5308 2740/1/5308 2741/1/5308
f 2741/1/5308 2736/1/5308 2735/1/5308
f 2742/1/5309 2740/1/5310 2735/1/5311
f 2735/1/5311 2739/1/5312 2742/1/5309
f 2719/1/5313 1294/1/5313 1316/1/5313
f 1316/1/5313 2737/1/5313 2719/1/5313
f 2737/1/5314 1316/1/5315 1315/1/5316
f 1315/1/5316 2734/1/5315 2737/1/5314
f 2738/1/5317 2734/1/5318 1315/1/5319
f 1315/1/5319 1313/1/5318 2738/1/5317
f 2738/1/5320 1313/1/5320 1314/1/5320
f 1314/1/5320 2743/1/5320 2738/1/5320
f 2743/1/5321 2744/1/5321 2739/1/5321
f 2739/1/5321 2738/1/5321 2743/1/5321
f 2742/1/5322 2739/1/5323 2744/1/5323
f 2744/1/5323 2745/1/5323 2742/1/5322
f 1931/1/5324 1930/1/5324 2742/1/5324
f 2742/1/5324 2745/1/5324 1931/1/5324
f 2742/1/5325 1930/1/5325 1929/1/5325
f 1929/1/5325 2740/1/5325 2742/1/5325
f 1929/1/5326 1928/1/5327 2741/1/5327
f 2741/1/5327 2740/1/5327 1929/1/5326
f 1928/1/5328 1911/1/5328 2721/1/5328
f 2721/1/5328 2741/1/5328 1928/1/5328
f 2720/1/5329 2736/1/5330 2741/1/5330
f 2741/1/5330 2721/1/5331 2720/1/5329
f 2736/1/5332 2720/1/5332 2719/1/5333
f 2719/1/5333 2737/1/5332 2736/1/5332
f 2746/1/4856 2747/1/4857 2748/1/5334
f 2748/1/5334 2749/1/4856 2746/1/4856
f 2750/1/5335 2751/1/4854 2747/1/4854
f 2747/1/4854 2746/1/4854 2750/1/5335
f 2747/1/4861 2752/1/4861 2753/1/4861
f 2753/1/4861 2748/1/4861 2747/1/4861
f 2751/1/5336 2754/1/4859 2752/1/5336
f 2752/1/5336 2747/1/5336 2751/1/5336
f 2749/1/5337 2755/1/5337 1429/1/4871
f 1429/1/4871 1428/1/4871 2749/1/5337
f 1438/1/4869 2746/1/4869 2749/1/5338
f 2749/1/5338 1428/1/5339 1438/1/4869
f 1438/1/4868 1437/1/4866 2750/1/5340
f 2750/1/5340 2746/1/4866 1438/1/4868
f 1437/1/5341 1409/1/4862 2731/1/5342
f 2731/1/5342 2750/1/5343 1437/1/5341
f 2751/1/5344 2750/1/4887 2731/1/5345
f 2731/1/5345 2733/1/5346 2751/1/5344
f 2732/1/4885 2754/1/4885 2751/1/4885
f 2751/1/4885 2733/1/4885 2732/1/4885
f 2732/1/4884 2024/1/5347 2047/1/4884
f 2047/1/4884 2754/1/5348 2732/1/4884
f 2754/1/4881 2047/1/4881 2046/1/5349
f 2046/1/5349 2752/1/5350 2754/1/4881
f 2752/1/4880 2046/1/4880 2045/1/4880
f 2045/1/4880 2753/1/4880 2752/1/4880
f 2753/1/5351 2045/1/5352 2044/1/5352
f 2044/1/5352 2756/1/5352 2753/1/5351
f 2753/1/4875 2756/1/4875 2757/1/4875
f 2757/1/4875 2748/1/4875 2753/1/4875
f 2748/1/5353 2757/1/4873 2755/1/5354
f 2755/1/5354 2749/1/4873 2748/1/5353
f 2758/1/5355 2759/1/5355 2760/1/5355
f 2760/1/5355 2761/1/5355 2758/1/5355
f 2762/1/5356 2763/1/5356 2759/1/5356
f 2759/1/5356 2758/1/5356 2762/1/5356
f 2759/1/5357 2764/1/5357 2765/1/5357
f 2765/1/5357 2760/1/5357 2759/1/5357
f 2766/1/5358 2764/1/5359 2759/1/5359
f 2759/1/5359 2763/1/5359 2766/1/5358
f 2743/1/5360 1314/1/5360 1336/1/5360
f 1336/1/5360 2761/1/5361 2743/1/5360
f 2761/1/5362 1336/1/5363 1335/1/5363
f 1335/1/5363 2758/1/5363 2761/1/5362
f 2762/1/5364 2758/1/5365 1335/1/5365
f 1335/1/5365 1333/1/5364 2762/1/5364
f 2762/1/5366 1333/1/5366 1334/1/5366
f 1334/1/5366 2767/1/5366 2762/1/5366
f 2767/1/5367 2768/1/5368 2763/1/5368
f 2763/1/5368 2762/1/5368 2767/1/5367
f 2766/1/5369 2763/1/5369 2768/1/5369
f 2768/1/5369 2769/1/5369 2766/1/5369
f 1951/1/5370 1950/1/5370 2766/1/5370
f 2766/1/5370 2769/1/5370 1951/1/5370
f 2766/1/5371 1950/1/5371 1949/1/5371
f 1949/1/5371 2764/1/5371 2766/1/5371
f 1949/1/5372 1948/1/5373 2765/1/5372
f 2765/1/5372 2764/1/5372 1949/1/5372
f 1948/1/5374 1931/1/5374 2745/1/5374
f 2745/1/5374 2765/1/5374 1948/1/5374
f 2744/1/5375 2760/1/5375 2765/1/5375
f 2765/1/5375 2745/1/5375 2744/1/5375
f 2743/1/5376 2761/1/5376 2760/1/5376
f 2760/1/5376 2744/1/5376 2743/1/5376
f 2770/1/5377 2771/1/4906 2772/1/4906
f 2772/1/4906 2773/1/4906 2770/1/5377
f 2774/1/4903 2775/1/5378 2771/1/4903
f 2771/1/4903 2770/1/4903 2774/1/4903
f 2771/1/4909 2776/1/4909 2777/1/4909
f 2777/1/4909 2772/1/4909 2771/1/4909
f 2775/1/4908 2778/1/4908 2776/1/4908
f 2776/1/4908 2771/1/4907 2775/1/4908
f 2773/1/5379 2779/1/5380 1449/1/5381
f 1449/1/5381 1448/1/5382 2773/1/5379
f 1458/1/5383 2770/1/4916 2773/1/5383
f 2773/1/5383 1448/1/5384 1458/1/5383
f 1458/1/4914 1457/1/5385 2774/1/4914
f 2774/1/4914 2770/1/5385 1458/1/4914
f 1457/1/5386 1429/1/4911 2755/1/4911
f 2755/1/4911 2774/1/4911 1457/1/5386
f 2775/1/4936 2774/1/5387 2755/1/5388
f 2755/1/5388 2757/1/5387 2775/1/4936
f 2756/1/4935 2778/1/4935 2775/1/4935
f 2775/1/4935 2757/1/4935 2756/1/4935
f 2756/1/5389 2044/1/5389 2067/1/5390
f 2067/1/5390 2778/1/5390 2756/1/5389
f 2778/1/4929 2067/1/4929 2066/1/4929
f 2066/1/4929 2776/1/4929 2778/1/4929
f 2776/1/4928 2066/1/5391 2065/1/4928
f 2065/1/4928 2777/1/4928 2776/1/4928
f 2777/1/5392 2065/1/4927 2064/1/5392
f 2064/1/5392 2780/1/5393 2777/1/5392
f 2781/1/4925 2772/1/4926 2777/1/4926
f 2777/1/4926 2780/1/4926 2781/1/4925
f 2772/1/5394 2781/1/5395 2779/1/5396
f 2779/1/5396 2773/1/4924 2772/1/5394
f 2782/1/5397 2783/1/5397 2784/1/5398
f 2784/1/5398 2785/1/5397 2782/1/5397
f 2786/1/5399 2787/1/5400 2783/1/5399
f 2783/1/5399 2782/1/5401 2786/1/5399
f 2783/1/5402 2788/1/5402 2789/1/5402
f 2789/1/5402 2784/1/5402 2783/1/5402
f 2790/1/5403 2788/1/5404 2783/1/5405
f 2783/1/5405 2787/1/5404 2790/1/5403
f 2767/1/5406 1334/1/5406 1356/1/5406
f 1356/1/5406 2785/1/5406 2767/1/5406
f 2785/1/5407 1356/1/5408 1355/1/5407
f 1355/1/5407 2782/1/5407 2785/1/5407
f 2786/1/5409 2782/1/5410 1355/1/5410
f 1355/1/5410 1353/1/5411 2786/1/5409
f 2786/1/5412 1353/1/5413 1354/1/5414
f 1354/1/5414 2791/1/5415 2786/1/5412
f 2791/1/5416 2792/1/5417 2787/1/5417
f 2787/1/5417 2786/1/5418 2791/1/5416
f 2790/1/5419 2787/1/5420 2792/1/5419
f 2792/1/5419 2793/1/5421 2790/1/5419
f 1971/1/5422 1970/1/5422 2790/1/5422
f 2790/1/5422 2793/1/5422 1971/1/5422
f 2790/1/5423 1970/1/5423 1969/1/5423
f 1969/1/5423 2788/1/5423 2790/1/5423
f 1969/1/5424 1968/1/5425 2789/1/5425
f 2789/1/5425 2788/1/5425 1969/1/5424
f 1968/1/5426 1951/1/5426 2769/1/5426
f 2769/1/5426 2789/1/5426 1968/1/5426
f 2768/1/5427 2784/1/5427 2789/1/5427
f 2789/1/5427 2769/1/5427 2768/1/5427
f 2767/1/5428 2785/1/5429 2784/1/5428
f 2784/1/5428 2768/1/5428 2767/1/5428
f 2794/1/5430 2795/1/5430 2796/1/5430
f 2796/1/5430 2797/1/4958 2794/1/5430
f 2798/1/4955 2799/1/4955 2795/1/4956
f 2795/1/4956 2794/1/4955 2798/1/4955
f 2795/1/4960 2800/1/4960 2801/1/4960
f 2801/1/4960 2796/1/4960 2795/1/4960
f 2799/1/5431 2802/1/5431 2800/1/5432
f 2800/1/5432 2795/1/4959 2799/1/5431
f 2797/1/4966 2803/1/4966 1469/1/4966
f 1469/1/4966 1468/1/4966 2797/1/4966
f 1478/1/5433 2794/1/5433 2797/1/5433
f 2797/1/5433 1468/1/5433 1478/1/5433
f 1478/1/4964 1477/1/4964 2798/1/4964
f 2798/1/4964 2794/1/4964 1478/1/4964
f 1477/1/4962 1449/1/4962 2779/1/4962
f 2779/1/4962 2798/1/4962 1477/1/4962
f 2799/1/4980 2798/1/4980 2779/1/4980
f 2779/1/4980 2781/1/4980 2799/1/4980
f 2780/1/5434 2802/1/5435 2799/1/4979
f 2799/1/4979 2781/1/4979 2780/1/5434
f 2780/1/4977 2064/1/4977 2087/1/4977
f 2087/1/4977 2802/1/4977 2780/1/4977
f 2802/1/4976 2087/1/4976 2086/1/4976
f 2086/1/4976 2800/1/4976 2802/1/4976
f 2800/1/5436 2086/1/5436 2085/1/5436
f 2085/1/5436 2801/1/5436 2800/1/5436
f 2801/1/4972 2085/1/4972 2084/1/4972
f 2084/1/4972 2804/1/4972 2801/1/4972
f 2805/1/4968 2796/1/4968 2801/1/4968
f 2801/1/4968 2804/1/4968 2805/1/4968
f 2796/1/5437 2805/1/4967 2803/1/5438
f 2803/1/5438 2797/1/4967 2796/1/5437
f 2806/1/5439 2807/1/5439 2808/1/5440
f 2808/1/5440 2809/1/5441 2806/1/5439
f 2810/1/5442 2811/1/5442 2807/1/5442
f 2807/1/5442 2806/1/5443 2810/1/5442
f 2807/1/5444 2812/1/5444 2813/1/5444
f 2813/1/5444 2808/1/5445 2807/1/5444
f 2814/1/5446 2812/1/5447 2807/1/5446
f 2807/1/5446 2811/1/5446 2814/1/5446
f 2791/1/5448 1354/1/5448 1376/1/5448
f 1376/1/5448 2809/1/5448 2791/1/5448
f 2809/1/5449 1376/1/5450 1375/1/5451
f 1375/1/5451 2806/1/5452 2809/1/5449
f 2810/1/5453 2806/1/5454 1375/1/5455
f 1375/1/5455 1373/1/5453 2810/1/5453
f 2810/1/5456 1373/1/5457 1374/1/5458
f 1374/1/5458 2815/1/5459 2810/1/5456
f 2815/1/5460 2816/1/5460 2811/1/5460
f 2811/1/5460 2810/1/5460 2815/1/5460
f 2814/1/5461 2811/1/5461 2816/1/5461
f 2816/1/5461 2817/1/5461 2814/1/5461
f 1991/1/5462 1990/1/5463 2814/1/5464
f 2814/1/5464 2817/1/5463 1991/1/5462
f 2814/1/5465 1990/1/5465 1989/1/5465
f 1989/1/5465 2812/1/5465 2814/1/5465
f 1989/1/5466 1988/1/5467 2813/1/5468
f 2813/1/5468 2812/1/5469 1989/1/5466
f 1988/1/5470 1971/1/5471 2793/1/5472
f 2793/1/5472 2813/1/5470 1988/1/5470
f 2792/1/5473 2808/1/5474 2813/1/5475
f 2813/1/5475 2793/1/5474 2792/1/5473
f 2808/1/5476 2792/1/5476 2791/1/5477
f 2791/1/5477 2809/1/5477 2808/1/5476
f 2818/1/5002 2819/1/5002 2820/1/5002
f 2820/1/5002 2821/1/5002 2818/1/5002
f 2822/1/5478 2823/1/5478 2819/1/5479
f 2819/1/5479 2818/1/5480 2822/1/5478
f 2819/1/5481 2824/1/5481 2825/1/5482
f 2825/1/5482 2820/1/5009 2819/1/5481
f 2823/1/5483 2826/1/5483 2824/1/5483
f 2824/1/5483 2819/1/5484 2823/1/5483
f 2821/1/5015 2827/1/5015 1489/1/5485
f 1489/1/5485 1488/1/5015 2821/1/5015
f 1498/1/5486 2818/1/5487 2821/1/5014
f 2821/1/5014 1488/1/5486 1498/1/5486
f 1498/1/5011 1497/1/5011 2822/1/5011
f 2822/1/5011 2818/1/5011 1498/1/5011
f 1497/1/5488 1469/1/5010 2803/1/5488
f 2803/1/5488 2822/1/5489 1497/1/5488
f 2823/1/5031 2822/1/5031 2803/1/5031
f 2803/1/5031 2805/1/5031 2823/1/5031
f 2804/1/5029 2826/1/5490 2823/1/5491
f 2823/1/5491 2805/1/5029 2804/1/5029
f 2804/1/5492 2084/1/5493 2107/1/5028
f 2107/1/5028 2826/1/5028 2804/1/5492
f 2826/1/5027 2107/1/5027 2106/1/5494
f 2106/1/5494 2824/1/5027 2826/1/5027
f 2824/1/5024 2106/1/5024 2105/1/5024
f 2105/1/5024 2825/1/5024 2824/1/5024
f 2825/1/5021 2105/1/5021 2104/1/5022
f 2104/1/5022 2828/1/5021 2825/1/5021
f 2825/1/5495 2828/1/5495 2829/1/5495
f 2829/1/5495 2820/1/5495 2825/1/5495
f 2820/1/5496 2829/1/5017 2827/1/5017
f 2827/1/5017 2821/1/5496 2820/1/5496
f 2830/1/5262 2831/1/5262 2832/1/5262
f 2832/1/5262 2833/1/5497 2830/1/5262
f 2834/1/5259 2835/1/5259 2831/1/5498
f 2831/1/5498 2830/1/5259 2834/1/5259
f 2831/1/5499 2836/1/5500 2837/1/5500
f 2837/1/5500 2832/1/5500 2831/1/5499
f 2831/1/5501 2835/1/5263 2838/1/5263
f 2838/1/5263 2836/1/5263 2831/1/5501
f 2833/1/5502 2839/1/5276 965/1/5275
f 965/1/5275 964/1/5276 2833/1/5502
f 2833/1/5503 964/1/5272 978/1/5504
f 978/1/5504 2830/1/5272 2833/1/5503
f 976/1/5268 2834/1/5268 2830/1/5268
f 2830/1/5268 978/1/5268 976/1/5268
f 2233/1/5505 2834/1/5505 976/1/5506
f 976/1/5506 977/1/5507 2233/1/5505
f 2834/1/5292 2233/1/5292 2238/1/5292
f 2238/1/5292 2835/1/5292 2834/1/5292
f 2835/1/5290 2238/1/5290 2237/1/5290
f 2237/1/5290 2838/1/5290 2835/1/5290
f 943/1/5508 942/1/5288 2838/1/5508
f 2838/1/5508 2237/1/5508 943/1/5508
f 2838/1/5509 942/1/5287 941/1/5510
f 941/1/5510 2836/1/5511 2838/1/5509
f 2837/1/5512 2836/1/5512 941/1/5286
f 941/1/5286 940/1/5286 2837/1/5512
f 940/1/5285 939/1/5285 2840/1/5513
f 2840/1/5513 2837/1/5285 940/1/5285
f 2832/1/5514 2837/1/5514 2840/1/5514
f 2840/1/5514 2841/1/5514 2832/1/5514
f 2832/1/5279 2841/1/5279 2839/1/5279
f 2839/1/5279 2833/1/5515 2832/1/5279
f 2842/1/5516 2843/1/5516 2844/1/5516
f 2844/1/5516 2845/1/5516 2842/1/5516
f 2846/1/5517 2847/1/5518 2843/1/5519
f 2843/1/5519 2842/1/4274 2846/1/5517
f 2843/1/5520 2848/1/5520 2849/1/5520
f 2849/1/5520 2844/1/5521 2843/1/5520
f 2850/1/5522 2848/1/5523 2843/1/5523
f 2843/1/5523 2847/1/5524 2850/1/5522
f 2815/1/5525 1374/1/5525 1396/1/5525
f 1396/1/5525 2845/1/5525 2815/1/5525
f 2845/1/4286 1396/1/4286 1395/1/5526
f 1395/1/5526 2842/1/5527 2845/1/4286
f 2846/1/5528 2842/1/4285 1395/1/4285
f 1395/1/4285 1393/1/4285 2846/1/5528
f 2851/1/4282 2846/1/4282 1393/1/4282
f 1393/1/4282 1394/1/4282 2851/1/4282
f 2851/1/5529 2852/1/4305 2847/1/4305
f 2847/1/4305 2846/1/5530 2851/1/5529
f 2850/1/4303 2847/1/4303 2852/1/4303
f 2852/1/4303 2853/1/4303 2850/1/4303
f 2850/1/5531 2853/1/5531 2011/1/5531
f 2011/1/5531 2010/1/5531 2850/1/5531
f 2850/1/4298 2010/1/4298 2009/1/4298
f 2009/1/4298 2848/1/4298 2850/1/4298
f 2009/1/4295 2008/1/5532 2849/1/5533
f 2849/1/5533 2848/1/4295 2009/1/4295
f 2008/1/5534 1991/1/5535 2817/1/5535
f 2817/1/5535 2849/1/5535 2008/1/5534
f 2817/1/4291 2816/1/4293 2844/1/4291
f 2844/1/4291 2849/1/4293 2817/1/4291
f 2815/1/4289 2845/1/4289 2844/1/4289
f 2844/1/4289 2816/1/4289 2815/1/4289
f 2854/1/5536 2855/1/5537 2856/1/5538
f 2856/1/5538 2857/1/5051 2854/1/5536
f 2858/1/5050 2859/1/5050 2855/1/5050
f 2855/1/5050 2854/1/5050 2858/1/5050
f 2855/1/5539 2860/1/5539 2861/1/5539
f 2861/1/5539 2856/1/5539 2855/1/5539
f 2859/1/5052 2862/1/5052 2860/1/5052
f 2860/1/5052 2855/1/5052 2859/1/5052
f 2857/1/5061 2863/1/5061 1509/1/5061
f 1509/1/5061 1508/1/5061 2857/1/5061
f 1518/1/5060 2854/1/5060 2857/1/5060
f 2857/1/5060 1508/1/5060 1518/1/5060
f 1518/1/5540 1517/1/5540 2858/1/5541
f 2858/1/5541 2854/1/5540 1518/1/5540
f 1517/1/5542 1489/1/5543 2827/1/5543
f 2827/1/5543 2858/1/5056 1517/1/5542
f 2859/1/5544 2858/1/5544 2827/1/5544
f 2827/1/5544 2829/1/5545 2859/1/5544
f 2828/1/5546 2862/1/5081 2859/1/5547
f 2859/1/5547 2829/1/5081 2828/1/5546
f 2828/1/5080 2104/1/5080 2127/1/5080
f 2127/1/5080 2862/1/5080 2828/1/5080
f 2862/1/5074 2127/1/5074 2126/1/5075
f 2126/1/5075 2860/1/5074 2862/1/5074
f 2860/1/5072 2126/1/5072 2125/1/5072
f 2125/1/5072 2861/1/5071 2860/1/5072
f 2125/1/5068 2124/1/5068 2864/1/5068
f 2864/1/5068 2861/1/5068 2125/1/5068
f 2856/1/5548 2861/1/5066 2864/1/5548
f 2864/1/5548 2865/1/5549 2856/1/5548
f 2857/1/5550 2856/1/5064 2865/1/5064
f 2865/1/5064 2863/1/5064 2857/1/5550
f 2866/1/5551 2867/1/5551 2868/1/5552
f 2868/1/5552 2869/1/5552 2866/1/5551
f 2870/1/5553 2871/1/5553 2867/1/5553
f 2867/1/5553 2866/1/5553 2870/1/5553
f 2867/1/5310 2872/1/5554 2873/1/5310
f 2873/1/5310 2868/1/5555 2867/1/5310
f 2867/1/5308 2871/1/5308 2874/1/5556
f 2874/1/5556 2872/1/5308 2867/1/5308
f 989/1/5557 988/1/5320 2869/1/5320
f 2869/1/5320 2875/1/5320 989/1/5557
f 2869/1/5318 988/1/5318 998/1/5558
f 998/1/5558 2866/1/5318 2869/1/5318
f 998/1/5315 997/1/5559 2870/1/5559
f 2870/1/5559 2866/1/5315 998/1/5315
f 2870/1/5313 997/1/5560 965/1/5561
f 965/1/5561 2839/1/5562 2870/1/5313
f 2841/1/5332 2871/1/5332 2870/1/5332
f 2870/1/5332 2839/1/5332 2841/1/5332
f 2840/1/5330 2874/1/5330 2871/1/5330
f 2871/1/5330 2841/1/5330 2840/1/5330
f 939/1/5563 1607/1/5564 2874/1/5565
f 2874/1/5565 2840/1/5566 939/1/5563
f 2874/1/5327 1607/1/5327 1606/1/5327
f 1606/1/5327 2872/1/5327 2874/1/5327
f 2873/1/5567 2872/1/5325 1606/1/5567
f 1606/1/5567 1603/1/5568 2873/1/5567
f 1603/1/5569 1605/1/5569 2876/1/5569
f 2876/1/5569 2873/1/5570 1603/1/5569
f 2868/1/5571 2873/1/5322 2876/1/5323
f 2876/1/5323 2877/1/5323 2868/1/5571
f 2868/1/5572 2877/1/5572 2875/1/5573
f 2875/1/5573 2869/1/5574 2868/1/5572
f 2878/1/5575 2879/1/5575 2880/1/5575
f 2880/1/5575 2881/1/5575 2878/1/5575
f 2882/1/5576 2883/1/4357 2879/1/4357
f 2879/1/4357 2878/1/4357 2882/1/5576
f 2879/1/5577 2884/1/5578 2885/1/5578
f 2885/1/5578 2880/1/5579 2879/1/5577
f 2886/1/4361 2884/1/5580 2879/1/5581
f 2879/1/5581 2883/1/4361 2886/1/4361
f 2851/1/4368 1394/1/4368 1416/1/4368
f 1416/1/4368 2881/1/5582 2851/1/4368
f 2881/1/5583 1416/1/5584 1415/1/5584
f 1415/1/5584 2878/1/5584 2881/1/5583
f 2882/1/4366 2878/1/4366 1415/1/5585
f 1415/1/5585 1413/1/4366 2882/1/4366
f 2887/1/4364 2882/1/4364 1413/1/4364
f 1413/1/4364 1414/1/4364 2887/1/4364
f 2887/1/4380 2888/1/4380 2883/1/4380
f 2883/1/4380 2882/1/4381 2887/1/4380
f 2886/1/4379 2883/1/4379 2888/1/4379
f 2888/1/4379 2889/1/4379 2886/1/4379
f 2886/1/4377 2889/1/4377 2031/1/4377
f 2031/1/4377 2030/1/4377 2886/1/4377
f 2886/1/4376 2030/1/4376 2029/1/5586
f 2029/1/5586 2884/1/4376 2886/1/4376
f 2029/1/4374 2028/1/4374 2885/1/4374
f 2885/1/4374 2884/1/4374 2029/1/4374
f 2028/1/4373 2011/1/4373 2853/1/4373
f 2853/1/4373 2885/1/4373 2028/1/4373
f 2880/1/5587 2885/1/4371 2853/1/4371
f 2853/1/4371 2852/1/5588 2880/1/5587
f 2881/1/4369 2880/1/4369 2852/1/4369
f 2852/1/4369 2851/1/4369 2881/1/4369
f 2890/1/5104 2891/1/5104 2892/1/5104
f 2892/1/5104 2893/1/5104 2890/1/5104
f 2894/1/5102 2895/1/5102 2891/1/5102
f 2891/1/5102 2890/1/5102 2894/1/5102
f 2891/1/5108 2896/1/5108 2897/1/5108
f 2897/1/5108 2892/1/5108 2891/1/5108
f 2895/1/5105 2898/1/5105 2896/1/5105
f 2896/1/5105 2891/1/5105 2895/1/5105
f 2893/1/5115 2899/1/5115 1529/1/5589
f 1529/1/5589 1528/1/5115 2893/1/5115
f 1538/1/5590 2890/1/5113 2893/1/5591
f 2893/1/5591 1528/1/5113 1538/1/5590
f 1538/1/5111 1537/1/5111 2894/1/5111
f 2894/1/5111 2890/1/5111 1538/1/5111
f 1537/1/5109 1509/1/5109 2863/1/5109
f 2863/1/5109 2894/1/5109 1537/1/5109
f 2894/1/5128 2863/1/5128 2865/1/5592
f 2865/1/5592 2895/1/5128 2894/1/5128
f 2864/1/5126 2898/1/5126 2895/1/5126
f 2895/1/5126 2865/1/5126 2864/1/5126
f 2147/1/5593 2898/1/5593 2864/1/5594
f 2864/1/5594 2124/1/5124 2147/1/5593
f 2898/1/5121 2147/1/5121 2146/1/5595
f 2146/1/5595 2896/1/5121 2898/1/5121
f 2896/1/5119 2146/1/5596 2145/1/5597
f 2145/1/5597 2897/1/5597 2896/1/5119
f 2145/1/5118 2144/1/5118 2900/1/5118
f 2900/1/5118 2897/1/5118 2145/1/5118
f 2892/1/5598 2897/1/5117 2900/1/5117
f 2900/1/5117 2901/1/5117 2892/1/5598
f 2893/1/5599 2892/1/5116 2901/1/5599
f 2901/1/5599 2899/1/5600 2893/1/5599
f 2902/1/5356 2903/1/5356 2904/1/5356
f 2904/1/5356 2905/1/5356 2902/1/5356
f 2906/1/5355 2907/1/5355 2903/1/5355
f 2903/1/5355 2902/1/5355 2906/1/5355
f 2903/1/5359 2908/1/5359 2909/1/5359
f 2909/1/5359 2904/1/5359 2903/1/5359
f 2903/1/5357 2907/1/5357 2910/1/5357
f 2910/1/5357 2908/1/5357 2903/1/5357
f 2905/1/5366 2911/1/5366 1009/1/5366
f 1009/1/5366 1008/1/5366 2905/1/5366
f 2905/1/5601 1008/1/5601 1018/1/5602
f 1018/1/5602 2902/1/5365 2905/1/5601
f 2902/1/5363 1018/1/5363 1017/1/5603
f 1017/1/5603 2906/1/5604 2902/1/5363
f 1017/1/5605 989/1/5361 2875/1/5360
f 2875/1/5360 2906/1/5606 1017/1/5605
f 2877/1/5607 2907/1/5376 2906/1/5607
f 2906/1/5607 2875/1/5608 2877/1/5607
f 2876/1/5609 2910/1/5609 2907/1/5609
f 2907/1/5609 2877/1/5375 2876/1/5609
f 1627/1/5610 2910/1/5611 2876/1/5610
f 2876/1/5610 1605/1/5612 1627/1/5610
f 2910/1/5613 1627/1/5372 1626/1/5613
f 1626/1/5613 2908/1/5613 2910/1/5613
f 2909/1/5614 2908/1/5615 1626/1/5615
f 1626/1/5615 1625/1/5615 2909/1/5614
f 1625/1/5616 1624/1/5370 2912/1/5617
f 2912/1/5617 2909/1/5370 1625/1/5616
f 2904/1/5618 2909/1/5619 2912/1/5369
f 2912/1/5369 2913/1/5369 2904/1/5618
f 2904/1/5620 2913/1/5368 2911/1/5621
f 2911/1/5621 2905/1/5368 2904/1/5620
f 2914/1/5622 2915/1/4446 2916/1/4446
f 2916/1/4446 2917/1/4447 2914/1/5622
f 2918/1/4445 2919/1/5623 2915/1/5624
f 2915/1/5624 2914/1/4445 2918/1/4445
f 2915/1/4451 2920/1/5625 2921/1/5626
f 2921/1/5626 2916/1/4451 2915/1/4451
f 2922/1/4450 2920/1/4450 2915/1/4450
f 2915/1/4450 2919/1/4450 2922/1/4450
f 2887/1/5627 1414/1/5628 1436/1/4458
f 1436/1/4458 2917/1/4458 2887/1/5627
f 2917/1/4456 1436/1/4456 1435/1/5629
f 1435/1/5629 2914/1/4456 2917/1/4456
f 2918/1/5630 2914/1/5631 1435/1/5632
f 1435/1/5632 1433/1/5630 2918/1/5630
f 2923/1/4452 2918/1/5633 1433/1/5634
f 1433/1/5634 1434/1/5635 2923/1/4452
f 2923/1/4472 2924/1/4472 2919/1/4472
f 2919/1/4472 2918/1/4472 2923/1/4472
f 2922/1/4471 2919/1/4471 2924/1/5636
f 2924/1/5636 2925/1/4471 2922/1/4471
f 2922/1/4469 2925/1/5637 2051/1/4469
f 2051/1/4469 2050/1/4469 2922/1/4469
f 2922/1/5638 2050/1/4467 2049/1/4467
f 2049/1/4467 2920/1/4467 2922/1/5638
f 2049/1/5639 2048/1/5640 2921/1/5640
f 2921/1/5640 2920/1/4465 2049/1/5639
f 2048/1/5641 2031/1/4464 2889/1/4464
f 2889/1/4464 2921/1/5642 2048/1/5641
f 2916/1/5643 2921/1/5643 2889/1/5644
f 2889/1/5644 2888/1/5643 2916/1/5643
f 2917/1/4459 2916/1/4459 2888/1/5645
f 2888/1/5645 2887/1/5645 2917/1/4459
f 2926/1/5141 2927/1/5141 2928/1/5141
f 2928/1/5141 2929/1/5141 2926/1/5141
f 2930/1/5646 2931/1/5646 2927/1/5646
f 2927/1/5646 2926/1/5140 2930/1/5646
f 2927/1/5146 2932/1/5146 2933/1/5146
f 2933/1/5146 2928/1/5146 2927/1/5146
f 2931/1/5143 2934/1/5143 2932/1/5143
f 2932/1/5143 2927/1/5143 2931/1/5143
f 2929/1/5647 2935/1/5151 1549/1/5151
f 1549/1/5151 1548/1/5648 2929/1/5647
f 1558/1/5149 2926/1/5149 2929/1/5649
f 2929/1/5649 1548/1/5149 1558/1/5149
f 1558/1/5650 1557/1/5651 2930/1/5652
f 2930/1/5652 2926/1/5653 1558/1/5650
f 1557/1/5654 1529/1/5655 2899/1/5654
f 2899/1/5654 2930/1/5654 1557/1/5654
f 2930/1/5656 2899/1/5163 2901/1/5657
f 2901/1/5657 2931/1/5163 2930/1/5656
f 2900/1/5658 2934/1/5162 2931/1/5162
f 2931/1/5162 2901/1/5162 2900/1/5658
f 2167/1/5659 2934/1/5161 2900/1/5660
f 2900/1/5660 2144/1/5161 2167/1/5659
f 2934/1/5661 2167/1/5159 2166/1/5662
f 2166/1/5662 2932/1/5159 2934/1/5661
f 2932/1/5663 2166/1/5157 2165/1/5664
f 2165/1/5664 2933/1/5157 2932/1/5663
f 2165/1/5665 2164/1/5666 2936/1/5666
f 2936/1/5666 2933/1/5156 2165/1/5665
f 2928/1/5154 2933/1/5154 2936/1/5154
f 2936/1/5154 2937/1/5154 2928/1/5154
f 2929/1/5667 2928/1/5153 2937/1/5668
f 2937/1/5668 2935/1/5153 2929/1/5667
f 2938/1/5401 2939/1/5401 2940/1/5401
f 2940/1/5401 2941/1/5401 2938/1/5401
f 2942/1/5397 2943/1/5397 2939/1/5397
f 2939/1/5397 2938/1/5397 2942/1/5397
f 2939/1/5404 2944/1/5404 2945/1/5404
f 2945/1/5404 2940/1/5404 2939/1/5404
f 2939/1/5402 2943/1/5402 2946/1/5402
f 2946/1/5402 2944/1/5402 2939/1/5402
f 2941/1/5413 2947/1/5669 1029/1/5413
f 1029/1/5413 1028/1/5669 2941/1/5413
f 2941/1/5410 1028/1/5410 1038/1/5670
f 1038/1/5670 2938/1/5410 2941/1/5410
f 2942/1/5671 2938/1/5672 1038/1/5673
f 1038/1/5673 1037/1/5674 2942/1/5671
f 1037/1/5406 1009/1/5406 2911/1/5406
f 2911/1/5406 2942/1/5675 1037/1/5406
f 2913/1/5428 2943/1/5676 2942/1/5428
f 2942/1/5428 2911/1/5428 2913/1/5428
f 2912/1/5677 2946/1/5677 2943/1/5427
f 2943/1/5427 2913/1/5427 2912/1/5677
f 1647/1/5426 2946/1/5426 2912/1/5426
f 2912/1/5426 1624/1/5426 1647/1/5426
f 2946/1/5678 1647/1/5678 1646/1/5678
f 1646/1/5678 2944/1/5678 2946/1/5678
f 1646/1/5423 1645/1/5679 2945/1/5680
f 2945/1/5680 2944/1/5423 1646/1/5423
f 1645/1/5422 1644/1/5422 2948/1/5422
f 2948/1/5422 2945/1/5681 1645/1/5422
f 2940/1/5682 2945/1/5421 2948/1/5421
f 2948/1/5421 2949/1/5421 2940/1/5682
f 2940/1/5417 2949/1/5417 2947/1/5417
f 2947/1/5417 2941/1/5417 2940/1/5417
f 2950/1/4545 2951/1/4545 2952/1/4545
f 2952/1/4545 2953/1/4545 2950/1/4545
f 2954/1/5683 2955/1/4542 2951/1/5684
f 2951/1/5684 2950/1/4542 2954/1/5683
f 2951/1/4547 2956/1/4547 2957/1/4547
f 2957/1/4547 2952/1/5685 2951/1/4547
f 2958/1/4546 2956/1/5686 2951/1/5687
f 2951/1/5687 2955/1/4546 2958/1/4546
f 2923/1/5688 1434/1/5689 1456/1/5688
f 1456/1/5688 2953/1/5690 2923/1/5688
f 2953/1/4554 1456/1/5691 1455/1/5692
f 1455/1/5692 2950/1/4555 2953/1/4554
f 2954/1/4553 2950/1/4553 1455/1/4553
f 1455/1/4553 1453/1/4553 2954/1/4553
f 1453/1/4549 1454/1/5693 2218/1/5694
f 2218/1/5694 2954/1/4549 1453/1/4549
f 2223/1/4572 2955/1/4572 2954/1/4572
f 2954/1/4572 2218/1/4572 2223/1/4572
f 2958/1/5695 2955/1/5695 2223/1/5695
f 2223/1/5695 2222/1/5695 2958/1/5695
f 2958/1/5696 2222/1/5696 2071/1/5697
f 2071/1/5697 2070/1/4566 2958/1/5696
f 2958/1/4565 2070/1/5698 2069/1/4565
f 2069/1/4565 2956/1/4565 2958/1/4565
f 2069/1/4563 2068/1/4563 2957/1/5699
f 2957/1/5699 2956/1/4563 2069/1/4563
f 2068/1/4562 2051/1/5700 2925/1/5701
f 2925/1/5701 2957/1/4562 2068/1/4562
f 2952/1/4559 2957/1/4559 2925/1/4559
f 2925/1/4559 2924/1/5702 2952/1/4559
f 2953/1/4558 2952/1/4558 2924/1/5703
f 2924/1/5703 2923/1/4558 2953/1/4558
f 2959/1/5181 2960/1/5181 2961/1/5704
f 2961/1/5704 2962/1/5181 2959/1/5181
f 2963/1/5705 2964/1/5180 2960/1/5180
f 2960/1/5180 2959/1/5180 2963/1/5705
f 2960/1/5706 2965/1/5187 2966/1/5187
f 2966/1/5187 2961/1/5187 2960/1/5706
f 2964/1/5707 2967/1/5707 2965/1/5707
f 2965/1/5707 2960/1/5708 2964/1/5707
f 2962/1/5192 2234/1/5192 1569/1/5192
f 1569/1/5192 1568/1/5192 2962/1/5192
f 1578/1/5191 2959/1/5709 2962/1/5709
f 2962/1/5709 1568/1/5191 1578/1/5191
f 1578/1/5189 1577/1/5710 2963/1/5710
f 2963/1/5710 2959/1/5189 1578/1/5189
f 1577/1/5188 1549/1/5188 2935/1/5188
f 2935/1/5188 2963/1/5188 1577/1/5188
f 2963/1/5711 2935/1/5209 2937/1/5712
f 2937/1/5712 2964/1/5712 2963/1/5711
f 2936/1/5713 2967/1/5714 2964/1/5713
f 2964/1/5713 2937/1/5715 2936/1/5713
f 2187/1/5205 2967/1/5205 2936/1/5205
f 2936/1/5205 2164/1/5205 2187/1/5205
f 2967/1/5716 2187/1/5717 2186/1/5718
f 2186/1/5718 2965/1/5719 2967/1/5716
f 2965/1/5720 2186/1/5203 2185/1/5721
f 2185/1/5721 2966/1/5720 2965/1/5720
f 2185/1/5722 2184/1/5723 2236/1/5722
f 2236/1/5722 2966/1/5724 2185/1/5722
f 2966/1/5196 2236/1/5196 2235/1/5196
f 2235/1/5196 2961/1/5196 2966/1/5196
f 2962/1/5193 2961/1/5193 2235/1/5193
f 2235/1/5193 2234/1/5193 2962/1/5193
f 2968/1/5442 2969/1/5442 2970/1/5725
f 2970/1/5725 2971/1/5442 2968/1/5442
f 2972/1/5726 2973/1/5727 2969/1/5441
f 2969/1/5441 2968/1/5727 2972/1/5726
f 2969/1/5446 2974/1/5446 2975/1/5446
f 2975/1/5446 2970/1/5446 2969/1/5446
f 2969/1/5728 2973/1/5728 2976/1/5729
f 2976/1/5729 2974/1/5730 2969/1/5728
f 2971/1/5457 2249/1/5456 1049/1/5457
f 1049/1/5457 1048/1/5457 2971/1/5457
f 2971/1/5453 1048/1/5453 1058/1/5453
f 1058/1/5453 2968/1/5453 2971/1/5453
f 2972/1/5451 2968/1/5452 1058/1/5452
f 1058/1/5452 1057/1/5731 2972/1/5451
f 1057/1/5732 1029/1/5732 2947/1/5732
f 2947/1/5732 2972/1/5732 1057/1/5732
f 2949/1/5733 2973/1/5734 2972/1/5734
f 2972/1/5734 2947/1/5734 2949/1/5733
f 2948/1/5474 2976/1/5473 2973/1/5474
f 2973/1/5474 2949/1/5474 2948/1/5474
f 1667/1/5470 2976/1/5470 2948/1/5470
f 2948/1/5470 1644/1/5470 1667/1/5470
f 2976/1/5735 1667/1/5736 1666/1/5737
f 1666/1/5737 2974/1/5736 2976/1/5735
f 1666/1/5465 1665/1/5465 2975/1/5465
f 2975/1/5465 2974/1/5465 1666/1/5465
f 1665/1/5463 1664/1/5463 2251/1/5463
f 2251/1/5463 2975/1/5463 1665/1/5463
f 2251/1/5738 2250/1/5739 2970/1/5740
f 2970/1/5740 2975/1/5461 2251/1/5738
f 2971/1/5741 2970/1/5460 2250/1/5742
f 2250/1/5742 2249/1/5743 2971/1/5741
f 2977/1/1 2978/1/1 2979/1/1
f 2979/1/1 2980/1/1 2981/1/1
f 2977/1/1 2979/1/1 2981/1/1
f 2981/1/1 2982/1/1 2983/1/1
f 2983/1/1 2984/1/1 2985/1/1
f 2981/1/1 2983/1/1 2985/1/1
f 2977/1/1 2981/1/1 2985/1/1
f 2985/1/1 2986/1/1 2987/1/1
f 2987/1/1 2988/1/1 2989/1/1
f 2985/1/1 2987/1/1 2989/1/1
f 2989/1/1 2990/1/1 2991/1/1
f 2991/1/1 2992/1/1 2993/1/1
f 2989/1/1 2991/1/1 2993/1/1
f 2985/1/1 2989/1/1 2993/1/1
f 2993/1/1 2994/1/1 2995/1/1
f 2995/1/1 2996/1/1 2997/1/1
f 2993/1/1 2995/1/1 2997/1/1
f 2997/1/1 2998/1/1 2999/1/1
f 2999/1/1 3000/1/1 3001/1/1
f 2997/1/1 2999/1/1 3001/1/1
f 2993/1/1 2997/1/1 3001/1/1
f 2985/1/1 2993/1/1 3001/1/1
f 2977/1/1 2985/1/1 3001/1/1
f 3002/1/1 3003/1/1 3004/1/1
f 3001/1/1 3002/1/1 3004/1/1
f 3001/1/1 3004/1/1 3005/1/1
f 2977/1/1 3001/1/1 3005/1/1
f 3006/1/1 2977/1/1 3005/1/1
f 3006/1/1 3005/1/1 3007/1/1
f 3006/1/1 3007/1/1 3008/1/1
f 3009/1/5744 3010/1/5744 3011/1/5744
f 3011/1/5744 3012/1/5744 3009/1/5744
f 3013/1/5745 3001/1/5745 3000/1/5745
f 3000/1/5745 3014/1/5745 3013/1/5745
f 2986/1/5746 3015/1/5746 3016/1/5746
f 3016/1/5746 2987/1/5746 2986/1/5746
f 3000/1/5747 2999/1/5748 3017/1/5748
f 3017/1/5748 3014/1/5748 3000/1/5747
f 2985/1/5749 3018/1/5750 3015/1/5751
f 3015/1/5751 2986/1/5752 2985/1/5749
f 2998/1/5753 3019/1/5754 3017/1/5755
f 3017/1/5755 2999/1/5756 2998/1/5753
f 2984/1/5757 3020/1/5758 3018/1/5759
f 3018/1/5759 2985/1/5760 2984/1/5757
f 2997/1/5761 3021/1/5762 3019/1/5763
f 3019/1/5763 2998/1/5764 2997/1/5761
f 2983/1/5765 3022/1/5766 3020/1/5767
f 3020/1/5767 2984/1/5767 2983/1/5765
f 2996/1/5768 3023/1/5769 3021/1/5770
f 3021/1/5770 2997/1/5769 2996/1/5768
f 2982/1/5771 3024/1/5772 3022/1/5773
f 3022/1/5773 2983/1/5774 2982/1/5771
f 2995/1/5775 3025/1/5776 3023/1/5777
f 3023/1/5777 2996/1/5778 2995/1/5775
f 3026/1/5779 2977/1/5780 3006/1/5779
f 3006/1/5779 3027/1/5781 3026/1/5779
f 2981/1/5782 3028/1/5783 3024/1/5784
f 3024/1/5784 2982/1/5785 2981/1/5782
f 2994/1/5786 3029/1/5786 3025/1/5786
f 3025/1/5786 2995/1/5786 2994/1/5786
f 3027/1/5787 3006/1/5788 3008/1/5787
f 3008/1/5787 3030/1/5787 3027/1/5787
f 2980/1/5789 3031/1/5790 3028/1/5791
f 3028/1/5791 2981/1/5791 2980/1/5789
f 2993/1/5792 3032/1/5793 3029/1/5794
f 3029/1/5794 2994/1/5794 2993/1/5792
f 3030/1/5795 3008/1/5796 3007/1/5797
f 3007/1/5797 3012/1/5795 3030/1/5795
f 2979/1/5798 3033/1/5799 3031/1/5799
f 3031/1/5799 2980/1/5800 2979/1/5798
f 2992/1/5801 3034/1/5801 3032/1/5802
f 3032/1/5802 2993/1/5803 2992/1/5801
f 3007/1/5804 3005/1/5805 3009/1/5806
f 3009/1/5806 3012/1/5807 3007/1/5804
f 2978/1/5808 3035/1/5809 3033/1/5810
f 3033/1/5810 2979/1/5811 2978/1/5808
f 2991/1/5812 3036/1/5812 3034/1/5812
f 3034/1/5812 2992/1/5813 2991/1/5812
f 3004/1/5814 3037/1/5814 3009/1/5815
f 3009/1/5815 3005/1/5816 3004/1/5814
f 2978/1/5817 2977/1/5818 3026/1/5819
f 3026/1/5819 3035/1/5820 2978/1/5817
f 2990/1/5821 3038/1/5822 3036/1/5823
f 3036/1/5823 2991/1/5824 2990/1/5821
f 3039/1/5825 3037/1/5826 3004/1/5825
f 3004/1/5825 3003/1/5827 3039/1/5825
f 2989/1/5828 3040/1/5829 3038/1/5830
f 3038/1/5830 2990/1/5831 2989/1/5828
f 3002/1/5832 3041/1/5833 3039/1/5832
f 3039/1/5832 3003/1/5834 3002/1/5832
f 2988/1/5835 3042/1/5835 3040/1/5836
f 3040/1/5836 2989/1/5837 2988/1/5835
f 3013/1/5838 3041/1/5839 3002/1/5839
f 3002/1/5839 3001/1/5840 3013/1/5838
f 2987/1/5841 3016/1/5842 3042/1/5843
f 3042/1/5843 2988/1/5843 2987/1/5841
f 3043/1/123 3044/1/123 3011/1/123
f 3011/1/123 3010/1/123 3045/1/123
f 3043/1/123 3011/1/123 3045/1/123
f 3045/1/123 3046/1/123 3047/1/123
f 3045/1/123 3047/1/123 3048/1/123
f 3043/1/123 3045/1/123 3048/1/123
f 3043/1/123 3048/1/123 3049/1/123
f 3049/1/123 3050/1/123 3051/1/123
f 3051/1/123 3052/1/123 3053/1/123
f 3049/1/123 3051/1/123 3053/1/123
f 3053/1/123 3054/1/123 3055/1/123
f 3055/1/123 3056/1/123 3057/1/123
f 3053/1/123 3055/1/123 3057/1/123
f 3049/1/123 3053/1/123 3057/1/123
f 3057/1/123 3058/1/123 3059/1/123
f 3059/1/123 3060/1/123 3061/1/123
f 3057/1/123 3059/1/123 3061/1/123
f 3061/1/123 3062/1/123 3063/1/123
f 3063/1/123 3064/1/123 3065/1/123
f 3061/1/123 3063/1/123 3065/1/123
f 3057/1/123 3061/1/123 3065/1/123
f 3049/1/123 3057/1/123 3065/1/123
f 3065/1/123 3066/1/123 3067/1/123
f 3067/1/123 3068/1/123 3069/1/123
f 3065/1/123 3067/1/123 3069/1/123
f 3069/1/123 3070/1/123 3071/1/123
f 3069/1/123 3071/1/123 3072/1/123
f 3065/1/123 3069/1/123 3072/1/123
f 3049/1/123 3065/1/123 3072/1/123
f 3043/1/123 3049/1/123 3072/1/123
f 3035/1/5844 3071/1/5845 3070/1/5844
f 3070/1/5844 3033/1/5844 3035/1/5844
f 3036/1/5846 3058/1/5847 3057/1/5846
f 3057/1/5846 3034/1/5846 3036/1/5846
f 3037/1/5848 3045/1/5848 3010/1/5848
f 3010/1/5848 3009/1/5848 3037/1/5848
f 3035/1/156 3026/1/5849 3072/1/5849
f 3072/1/5849 3071/1/156 3035/1/156
f 3038/1/5850 3059/1/5850 3058/1/5850
f 3058/1/5850 3036/1/5851 3038/1/5850
f 3039/1/5852 3046/1/5852 3045/1/5852
f 3045/1/5852 3037/1/5852 3039/1/5852
f 3040/1/5853 3060/1/5853 3059/1/5853
f 3059/1/5853 3038/1/5853 3040/1/5853
f 3041/1/5854 3047/1/5854 3046/1/5854
f 3046/1/5854 3039/1/5854 3041/1/5854
f 3042/1/5855 3061/1/5855 3060/1/5855
f 3060/1/5855 3040/1/5855 3042/1/5855
f 3013/1/5856 3048/1/5856 3047/1/5856
f 3047/1/5856 3041/1/5857 3013/1/5856
f 3016/1/5858 3062/1/5858 3061/1/5858
f 3061/1/5858 3042/1/5858 3016/1/5858
f 3014/1/5859 3049/1/5859 3048/1/5859
f 3048/1/5859 3013/1/5860 3014/1/5859
f 3015/1/5861 3063/1/5861 3062/1/5861
f 3062/1/5861 3016/1/5861 3015/1/5861
f 3017/1/169 3050/1/5862 3049/1/5863
f 3049/1/5863 3014/1/5863 3017/1/169
f 3018/1/5864 3064/1/170 3063/1/5864
f 3063/1/5864 3015/1/5864 3018/1/5864
f 3019/1/5865 3051/1/5865 3050/1/5865
f 3050/1/5865 3017/1/5865 3019/1/5865
f 3020/1/5866 3065/1/5867 3064/1/5866
f 3064/1/5866 3018/1/5866 3020/1/5866
f 3021/1/124 3052/1/124 3051/1/124
f 3051/1/124 3019/1/124 3021/1/124
f 3022/1/5868 3066/1/5869 3065/1/5868
f 3065/1/5868 3020/1/5868 3022/1/5868
f 3023/1/5870 3053/1/5870 3052/1/5870
f 3052/1/5870 3021/1/5870 3023/1/5870
f 3024/1/5871 3067/1/5871 3066/1/5871
f 3066/1/5871 3022/1/5871 3024/1/5871
f 3025/1/5872 3054/1/5872 3053/1/5872
f 3053/1/5872 3023/1/5872 3025/1/5872
f 3027/1/5873 3043/1/5873 3072/1/5873
f 3072/1/5873 3026/1/5873 3027/1/5873
f 3028/1/135 3068/1/135 3067/1/135
f 3067/1/135 3024/1/135 3028/1/135
f 3029/1/5874 3055/1/5875 3054/1/5876
f 3054/1/5876 3025/1/5875 3029/1/5874
f 3030/1/5877 3044/1/5878 3043/1/5877
f 3043/1/5877 3027/1/5878 3030/1/5877
f 3031/1/140 3069/1/140 3068/1/140
f 3068/1/140 3028/1/140 3031/1/140
f 3032/1/5879 3056/1/5879 3055/1/5879
f 3055/1/5879 3029/1/5879 3032/1/5879
f 3012/1/5880 3011/1/5880 3044/1/5880
f 3044/1/5880 3030/1/5880 3012/1/5880
f 3033/1/5881 3070/1/5881 3069/1/5881
f 3069/1/5881 3031/1/5882 3033/1/5881
f 3034/1/147 3057/1/147 3056/1/5883
f 3056/1/5883 3032/1/5883 3034/1/147
f 3073/1/1 3074/1/1 3075/1/1
f 3075/1/1 3076/1/1 3077/1/1
f 3073/1/1 3075/1/1 3077/1/1
f 3077/1/1 3078/1/1 3079/1/1
f 3079/1/1 3080/1/1 3081/1/1
f 3077/1/1 3079/1/1 3081/1/1
f 3073/1/1 3077/1/1 3081/1/1
f 3081/1/1 3082/1/1 3083/1/1
f 3083/1/1 3084/1/1 3085/1/1
f 3081/1/1 3083/1/1 3085/1/1
f 3085/1/1 3086/1/1 3087/1/1
f 3087/1/1 3088/1/1 3089/1/1
f 3085/1/1 3087/1/1 3089/1/1
f 3081/1/1 3085/1/1 3089/1/1
f 3089/1/1 3090/1/1 3091/1/1
f 3091/1/1 3092/1/1 3093/1/1
f 3089/1/1 3091/1/1 3093/1/1
f 3093/1/1 3094/1/1 3095/1/1
f 3095/1/1 3096/1/1 3097/1/1
f 3093/1/1 3095/1/1 3097/1/1
f 3089/1/1 3093/1/1 3097/1/1
f 3081/1/1 3089/1/1 3097/1/1
f 3073/1/1 3081/1/1 3097/1/1
f 3098/1/1 3099/1/1 3100/1/1
f 3097/1/1 3098/1/1 3100/1/1
f 3097/1/1 3100/1/1 3101/1/1
f 3073/1/1 3097/1/1 3101/1/1
f 3102/1/1 3073/1/1 3101/1/1
f 3102/1/1 3101/1/1 3103/1/1
f 3102/1/1 3103/1/1 3104/1/1
f 3105/1/123 3106/1/123 3107/1/123
f 3107/1/123 3108/1/123 3109/1/123
f 3105/1/123 3107/1/123 3109/1/123
f 3109/1/123 3110/1/123 3111/1/123
f 3111/1/123 3112/1/123 3113/1/123
f 3109/1/123 3111/1/123 3113/1/123
f 3105/1/123 3109/1/123 3113/1/123
f 3113/1/123 3114/1/123 3115/1/123
f 3115/1/123 3116/1/123 3117/1/123
f 3113/1/123 3115/1/123 3117/1/123
f 3117/1/123 3118/1/123 3119/1/123
f 3119/1/123 3120/1/123 3121/1/123
f 3117/1/123 3119/1/123 3121/1/123
f 3113/1/123 3117/1/123 3121/1/123
f 3105/1/123 3113/1/123 3121/1/123
f 3121/1/123 3122/1/123 3123/1/123
f 3123/1/123 3124/1/123 3125/1/123
f 3121/1/123 3123/1/123 3125/1/123
f 3125/1/123 3126/1/123 3127/1/123
f 3127/1/123 3128/1/123 3129/1/123
f 3125/1/123 3127/1/123 3129/1/123
f 3121/1/123 3125/1/123 3129/1/123
f 3129/1/123 3130/1/123 3131/1/123
f 3131/1/123 3132/1/123 3133/1/123
f 3129/1/123 3131/1/123 3133/1/123
f 3133/1/123 3134/1/123 3135/1/123
f 3133/1/123 3135/1/123 3136/1/123
f 3129/1/123 3133/1/123 3136/1/123
f 3121/1/123 3129/1/123 3136/1/123
f 3105/1/123 3121/1/123 3136/1/123
f 3098/1/5884 3111/1/5885 3110/1/5886
f 3110/1/5886 3099/1/5887 3098/1/5884
f 3084/1/5888 3125/1/5889 3124/1/5890
f 3124/1/5890 3085/1/5891 3084/1/5888
f 3112/1/5892 3111/1/5893 3098/1/5893
f 3098/1/5893 3097/1/5894 3112/1/5892
f 3083/1/5895 3126/1/5896 3125/1/5896
f 3125/1/5896 3084/1/5897 3083/1/5895
f 3112/1/5898 3097/1/5899 3096/1/5900
f 3096/1/5900 3113/1/5901 3112/1/5898
f 3082/1/5902 3127/1/5902 3126/1/5903
f 3126/1/5903 3083/1/5902 3082/1/5902
f 3096/1/5904 3095/1/5905 3114/1/5906
f 3114/1/5906 3113/1/5907 3096/1/5904
f 3081/1/5908 3128/1/5909 3127/1/5908
f 3127/1/5908 3082/1/5910 3081/1/5908
f 3094/1/5911 3115/1/5912 3114/1/5913
f 3114/1/5913 3095/1/5914 3094/1/5911
f 3080/1/5915 3129/1/5915 3128/1/5915
f 3128/1/5915 3081/1/5915 3080/1/5915
f 3093/1/5916 3116/1/5917 3115/1/5918
f 3115/1/5918 3094/1/5919 3093/1/5916
f 3079/1/5920 3130/1/5921 3129/1/5920
f 3129/1/5920 3080/1/5922 3079/1/5920
f 3092/1/5923 3117/1/5924 3116/1/5925
f 3116/1/5925 3093/1/5926 3092/1/5923
f 3078/1/5927 3131/1/5928 3130/1/5929
f 3130/1/5929 3079/1/5930 3078/1/5927
f 3091/1/5931 3118/1/5932 3117/1/5933
f 3117/1/5933 3092/1/5934 3091/1/5931
f 3136/1/5935 3073/1/5936 3102/1/5935
f 3102/1/5935 3105/1/5937 3136/1/5935
f 3077/1/5938 3132/1/5939 3131/1/5940
f 3131/1/5940 3078/1/5941 3077/1/5938
f 3090/1/5942 3119/1/5943 3118/1/5944
f 3118/1/5944 3091/1/5945 3090/1/5942
f 3105/1/5946 3102/1/5947 3104/1/5948
f 3104/1/5948 3106/1/5949 3105/1/5946
f 3076/1/5950 3133/1/5951 3132/1/5952
f 3132/1/5952 3077/1/5953 3076/1/5950
f 3089/1/5954 3120/1/5955 3119/1/5956
f 3119/1/5956 3090/1/5956 3089/1/5954
f 3106/1/5957 3104/1/5958 3103/1/5959
f 3103/1/5959 3107/1/5957 3106/1/5957
f 3075/1/5960 3134/1/5961 3133/1/5962
f 3133/1/5962 3076/1/5960 3075/1/5960
f 3088/1/5963 3121/1/5964 3120/1/5965
f 3120/1/5965 3089/1/5966 3088/1/5963
f 3103/1/5967 3101/1/5968 3108/1/5969
f 3108/1/5969 3107/1/5970 3103/1/5967
f 3074/1/5971 3135/1/5972 3134/1/5973
f 3134/1/5973 3075/1/5971 3074/1/5971
f 3087/1/5974 3122/1/5975 3121/1/5976
f 3121/1/5976 3088/1/5977 3087/1/5974
f 3100/1/5978 3109/1/5979 3108/1/5980
f 3108/1/5980 3101/1/5981 3100/1/5978
f 3074/1/5982 3073/1/5983 3136/1/5984
f 3136/1/5984 3135/1/5983 3074/1/5982
f 3086/1/5985 3123/1/5986 3122/1/5987
f 3122/1/5987 3087/1/5988 3086/1/5985
f 3110/1/5989 3109/1/5990 3100/1/5991
f 3100/1/5991 3099/1/5992 3110/1/5989
f 3085/1/5993 3124/1/5994 3123/1/5995
f 3123/1/5995 3086/1/5996 3085/1/5993
f 3137/2/5997 3138/3/5997 3139/4/5998
f 3139/4/5998 3140/5/5998 3137/2/5997
f 3138/3/5999 3141/6/5999 3142/7/6000
f 3142/7/6000 3139/4/6000 3138/3/5999
f 3141/6/6001 3143/8/6001 3144/9/6001
f 3144/9/6001 3142/7/6001 3141/6/6001
f 3143/8/6002 3145/10/6002 3146/11/6002
f 3146/11/6002 3144/9/6002 3143/8/6002
f 3147/12/6003 3148/13/6003 3146/11/6003
f 3146/11/6003 3145/10/6004 3147/12/6003
f 3149/14/6005 3148/13/6005 3147/12/6006
f 3147/12/6006 3150/15/6006 3149/14/6005
f 3151/16/6007 3149/14/6007 3150/15/6007
f 3150/15/6007 3152/17/6007 3151/16/6007
f 3153/18/6008 3154/19/6009 3151/16/6010
f 3151/16/6010 3152/17/6008 3153/18/6008
f 3155/20/6011 3154/19/6011 3153/18/6011
f 3153/18/6011 3156/21/6011 3155/20/6011
f 3157/22/6012 3155/20/6012 3156/21/6012
f 3156/21/6012 3158/23/6012 3157/22/6012
f 3159/24/6013 3157/22/6013 3158/23/6013
f 3158/23/6013 3160/25/6013 3159/24/6013
f 3161/26/6014 3162/27/6014 3159/24/6014
f 3159/24/6014 3160/25/6014 3161/26/6014
f 3163/28/6015 3162/27/6016 3161/26/6015
f 3161/26/6015 3164/29/6017 3163/28/6015
f 3165/30/6018 3163/28/6018 3164/29/6018
f 3164/29/6018 3166/31/6018 3165/30/6018
f 3167/32/6019 3165/30/6019 3166/31/6019
f 3166/31/6019 3168/33/6019 3167/32/6019
f 3169/34/6020 3167/32/6020 3168/33/6020
f 3168/33/6020 3170/35/6020 3169/34/6020
f 3171/36/6021 3169/34/6021 3170/35/6021
f 3170/35/6021 3172/37/6021 3171/36/6021
f 3173/38/6022 3171/36/6022 3172/37/6022
f 3172/37/6022 3174/39/6022 3173/38/6022
f 3175/40/6023 3173/38/6023 3174/39/6023
f 3174/39/6023 3176/41/6023 3175/40/6023
f 3177/42/6024 3178/43/6024 3175/40/6024
f 3175/40/6024 3176/41/6024 3177/42/6024
f 3177/42/6025 3179/44/6025 3180/45/6025
f 3180/45/6025 3178/43/6025 3177/42/6025
f 3181/46/6026 3180/45/6026 3179/44/6026
f 3179/44/6026 3182/47/6026 3181/46/6026
f 3183/48/6027 3181/46/6027 3182/47/6027
f 3182/47/6027 3184/49/6027 3183/48/6027
f 3185/50/6028 3186/51/6028 3183/48/6028
f 3183/48/6028 3184/49/6028 3185/50/6028
f 3187/52/6029 3188/53/6029 3186/51/6029
f 3186/51/6029 3185/50/6029 3187/52/6029
f 3189/54/6030 3188/53/6030 3187/52/6030
f 3187/52/6030 3190/55/6030 3189/54/6030
f 3191/56/6031 3192/57/6031 3189/54/6031
f 3189/54/6031 3190/55/6031 3191/56/6031
f 3193/58/6032 3192/57/6032 3191/56/6032
f 3191/56/6032 3194/59/6032 3193/58/6032
f 3195/60/6033 3193/58/6033 3194/59/6034
f 3194/59/6034 3196/61/6035 3195/60/6033
f 3197/62/6036 3198/63/6036 3195/60/6037
f 3195/60/6037 3196/61/6036 3197/62/6036
f 3153/18/6038 3199/18/6038 3200/21/6038
f 3200/21/6038 3156/21/6038 3153/18/6038
f 3201/64/6039 3202/65/6039 3198/63/6039
f 3198/63/6039 3197/62/6039 3201/64/6039
f 3202/65/6040 3201/64/6041 3137/66/6041
f 3137/66/6041 3140/67/6042 3202/65/6040
f 3139/68/1 3142/69/1 3144/70/1
f 3139/68/1 3144/70/1 3146/71/1
f 3146/71/1 3148/72/6043 3149/73/1
f 3149/73/1 3151/74/1 3154/75/1
f 3154/75/1 3155/76/6044 3157/77/1
f 3149/73/1 3154/75/1 3157/77/1
f 3146/71/1 3149/73/1 3157/77/1
f 3157/77/1 3159/78/1 3162/79/1
f 3162/79/1 3163/80/1 3165/81/1
f 3157/77/1 3162/79/1 3165/81/1
f 3165/81/1 3167/82/1 3169/83/1
f 3169/83/1 3171/84/1 3173/85/1
f 3165/81/1 3169/83/1 3173/85/1
f 3173/85/1 3175/86/6044 3178/87/1
f 3178/87/1 3180/88/1 3181/89/1
f 3173/85/1 3178/87/1 3181/89/1
f 3181/89/1 3183/90/1 3186/91/1
f 3186/91/1 3188/92/6043 3189/93/1
f 3181/89/1 3186/91/1 3189/93/1
f 3173/85/1 3181/89/1 3189/93/1
f 3165/81/1 3173/85/1 3189/93/1
f 3157/77/1 3165/81/1 3189/93/1
f 3146/71/1 3157/77/1 3189/93/1
f 3189/93/1 3192/94/1 3193/95/1
f 3193/95/1 3195/96/1 3198/97/1
f 3189/93/1 3193/95/1 3198/97/1
f 3146/71/1 3189/93/1 3198/97/1
f 3139/68/1 3146/71/1 3198/97/1
f 3140/98/1 3139/68/1 3198/97/1
f 3140/98/1 3198/97/1 3202/99/1
f 3203/8/6045 3204/8/6046 3205/10/6046
f 3205/10/6046 3206/10/6045 3203/8/6045
f 3207/39/6047 3174/39/6048 3172/37/6047
f 3172/37/6047 3208/37/6049 3207/39/6047
f 3209/56/6050 3191/56/6051 3190/55/6051
f 3190/55/6051 3210/55/6050 3209/56/6050
f 3211/12/6052 3147/12/6052 3145/10/6052
f 3145/10/6052 3206/10/6053 3211/12/6052
f 3212/31/6054 3166/31/6054 3164/29/6054
f 3164/29/6054 3213/29/6055 3212/31/6054
f 3214/49/6056 3184/49/6056 3182/47/6056
f 3182/47/6056 3215/47/6057 3214/49/6056
f 3138/3/6058 3137/2/6058 3216/2/6058
f 3216/2/6058 3217/3/6059 3138/3/6058
f 3201/64/6060 3218/64/6061 3216/66/6062
f 3216/66/6062 3137/66/6060 3201/64/6060
f 3219/23/6063 3158/23/6063 3156/21/6063
f 3156/21/6063 3200/21/6063 3219/23/6063
f 3220/41/6064 3176/41/6065 3174/39/6066
f 3174/39/6066 3207/39/6064 3220/41/6064
f 3209/56/6067 3221/59/6068 3194/59/6069
f 3194/59/6069 3191/56/6069 3209/56/6067
f 3222/15/6070 3150/15/6070 3147/12/6070
f 3147/12/6070 3211/12/6070 3222/15/6070
f 3223/33/6071 3168/33/6071 3166/31/6071
f 3166/31/6071 3212/31/6071 3223/33/6071
f 3224/50/6072 3185/50/6072 3184/49/6072
f 3184/49/6072 3214/49/6072 3224/50/6072
f 3217/3/6073 3225/6/6074 3141/6/6073
f 3141/6/6073 3138/3/6073 3217/3/6073
f 3226/25/6075 3160/25/6075 3158/23/6075
f 3158/23/6075 3219/23/6075 3226/25/6075
f 3220/41/6076 3227/42/6077 3177/42/6078
f 3177/42/6078 3176/41/6079 3220/41/6076
f 3196/61/6080 3194/59/6081 3221/59/6080
f 3221/59/6080 3228/61/6082 3196/61/6080
f 3229/17/6083 3152/17/6083 3150/15/6083
f 3150/15/6083 3222/15/6083 3229/17/6083
f 3230/35/6084 3170/35/6085 3168/33/6085
f 3168/33/6085 3223/33/6084 3230/35/6084
f 3231/52/6086 3187/52/6086 3185/50/6086
f 3185/50/6086 3224/50/6087 3231/52/6086
f 3203/8/6088 3143/8/6088 3141/6/6088
f 3141/6/6088 3225/6/6088 3203/8/6088
f 3232/26/6089 3161/26/6089 3160/25/6089
f 3160/25/6089 3226/25/6089 3232/26/6089
f 3233/44/6090 3179/44/6091 3177/42/6091
f 3177/42/6091 3227/42/6090 3233/44/6090
f 3197/62/6092 3196/61/6093 3228/61/6094
f 3228/61/6094 3234/62/6092 3197/62/6092
f 3152/17/6095 3229/17/6095 3199/18/6095
f 3199/18/6095 3153/18/6095 3152/17/6095
f 3208/37/6096 3172/37/6097 3170/35/6096
f 3170/35/6096 3230/35/6098 3208/37/6096
f 3210/55/6099 3190/55/6099 3187/52/6099
f 3187/52/6099 3231/52/6099 3210/55/6099
f 3145/10/6100 3143/8/6101 3203/8/6100
f 3203/8/6100 3206/10/6100 3145/10/6100
f 3213/29/6102 3164/29/6103 3161/26/6102
f 3161/26/6102 3232/26/6104 3213/29/6102
f 3215/47/6105 3182/47/6105 3179/44/6105
f 3179/44/6105 3233/44/6105 3215/47/6105
f 3201/64/6106 3197/62/6106 3234/62/6107
f 3234/62/6107 3218/64/6107 3201/64/6106
f 3235/100/6108 3236/101/6109 3237/102/6108
f 3237/102/6108 3238/103/6110 3239/104/6111
f 3235/100/6108 3237/102/6108 3239/104/6111
f 3239/104/6111 3240/105/6112 3241/106/6113
f 3241/106/6113 3242/107/6114 3243/108/6108
f 3239/104/6111 3241/106/6113 3243/108/6108
f 3243/108/6108 3244/109/6115 3245/110/6116
f 3245/110/6116 3246/111/6117 3247/112/6108
f 3243/108/6108 3245/110/6116 3247/112/6108
f 3239/104/6111 3243/108/6108 3247/112/6108
f 3247/112/6108 3248/113/6118 3249/114/6119
f 3249/114/6119 3250/115/6112 3251/116/6108
f 3247/112/6108 3249/114/6119 3251/116/6108
f 3251/116/6108 3252/117/6120 3253/118/6108
f 3253/118/6108 3254/119/6121 3255/120/6108
f 3251/116/6108 3253/118/6108 3255/120/6108
f 3247/112/6108 3251/116/6108 3255/120/6108
f 3239/104/6111 3247/112/6108 3255/120/6108
f 3255/120/6108 3256/121/6114 3257/122/6112
f 3257/122/6112 3258/123/6122 3259/124/6123
f 3255/120/6108 3257/122/6112 3259/124/6123
f 3255/120/6108 3259/124/6123 3260/125/6108
f 3239/104/6111 3255/120/6108 3260/125/6108
f 3260/125/6108 3261/126/6124 3262/127/6123
f 3262/127/6123 3263/128/6125 3205/129/6108
f 3260/125/6108 3262/127/6123 3205/129/6108
f 3239/104/6111 3260/125/6108 3205/129/6108
f 3235/100/6108 3239/104/6111 3205/129/6108
f 3235/100/6108 3205/129/6108 3204/130/6111
f 3235/100/6108 3204/130/6111 3264/131/6120
f 3234/62/6126 3238/62/6127 3237/64/6128
f 3237/64/6128 3218/64/6129 3234/62/6126
f 3208/37/6130 3251/37/6131 3250/39/6130
f 3250/39/6130 3207/39/6130 3208/37/6130
f 3206/10/6132 3205/10/6133 3263/12/6132
f 3263/12/6132 3211/12/6132 3206/10/6132
f 3218/64/6134 3237/64/6135 3236/66/6136
f 3236/66/6136 3216/66/6134 3218/64/6134
f 3207/39/6137 3250/39/6137 3249/41/6137
f 3249/41/6137 3220/41/6138 3207/39/6137
f 3211/12/6139 3263/12/6140 3262/15/6140
f 3262/15/6140 3222/15/6139 3211/12/6139
f 3220/41/6141 3249/41/6142 3248/42/6142
f 3248/42/6142 3227/42/6143 3220/41/6141
f 3222/15/6144 3262/15/6144 3261/17/6144
f 3261/17/6144 3229/17/6144 3222/15/6144
f 3227/42/6145 3248/42/6145 3247/44/6145
f 3247/44/6145 3233/44/6145 3227/42/6145
f 3199/18/6146 3229/17/6147 3261/17/6146
f 3261/17/6146 3260/18/6146 3199/18/6146
f 3233/44/6148 3247/44/6149 3246/47/6150
f 3246/47/6150 3215/47/6151 3233/44/6148
f 3199/18/6152 3260/18/6152 3259/21/6152
f 3259/21/6152 3200/21/6153 3199/18/6152
f 3215/47/6154 3246/47/6155 3245/49/6155
f 3245/49/6155 3214/49/6154 3215/47/6154
f 3200/21/6156 3259/21/6157 3258/23/6158
f 3258/23/6158 3219/23/6156 3200/21/6156
f 3214/49/6159 3245/49/6160 3244/50/6159
f 3244/50/6159 3224/50/6161 3214/49/6159
f 3219/23/6162 3258/23/6163 3257/25/6163
f 3257/25/6163 3226/25/6163 3219/23/6162
f 3224/50/6164 3244/50/6164 3243/52/6164
f 3243/52/6164 3231/52/6165 3224/50/6164
f 3226/25/6166 3257/25/6167 3256/26/6167
f 3256/26/6167 3232/26/6166 3226/25/6166
f 3231/52/6168 3243/52/6168 3242/55/6168
f 3242/55/6168 3210/55/6168 3231/52/6168
f 3232/26/6169 3256/26/6170 3255/29/6170
f 3255/29/6170 3213/29/6169 3232/26/6169
f 3210/55/6171 3242/55/6171 3241/56/6171
f 3241/56/6171 3209/56/6172 3210/55/6171
f 3213/29/6173 3255/29/6174 3254/31/6173
f 3254/31/6173 3212/31/6173 3213/29/6173
f 3216/2/6175 3236/2/6176 3235/3/6177
f 3235/3/6177 3217/3/6175 3216/2/6175
f 3209/56/6178 3241/56/6179 3240/59/6178
f 3240/59/6178 3221/59/6178 3209/56/6178
f 3212/31/6180 3254/31/6180 3253/33/6181
f 3253/33/6181 3223/33/6180 3212/31/6180
f 3217/3/6182 3235/3/6183 3264/6/6182
f 3264/6/6182 3225/6/6184 3217/3/6182
f 3221/59/6185 3240/59/6185 3239/61/6186
f 3239/61/6186 3228/61/6185 3221/59/6185
f 3223/33/6187 3253/33/6187 3252/35/6187
f 3252/35/6187 3230/35/6187 3223/33/6187
f 3225/6/6188 3264/6/6189 3204/8/6189
f 3204/8/6189 3203/8/6188 3225/6/6188
f 3228/61/6190 3239/61/6191 3238/62/6192
f 3238/62/6192 3234/62/6193 3228/61/6190
f 3230/35/6194 3252/35/6195 3251/37/6196
f 3251/37/6196 3208/37/6194 3230/35/6194
f 3265/3/6197 3266/4/6198 3267/5/6199
f 3267/5/6199 3268/2/6198 3265/3/6197
f 3269/7/6200 3266/4/6201 3265/3/6200
f 3265/3/6200 3270/6/6200 3269/7/6200
f 3271/8/6202 3272/9/6202 3269/7/6202
f 3269/7/6202 3270/6/6202 3271/8/6202
f 3273/11/6203 3272/9/6203 3271/8/6203
f 3271/8/6203 3274/10/6203 3273/11/6203
f 3275/12/6204 3276/13/6204 3273/11/6204
f 3273/11/6204 3274/10/6204 3275/12/6204
f 3277/14/6205 3276/13/6205 3275/12/6205
f 3275/12/6205 3278/15/6205 3277/14/6205
f 3279/16/6206 3277/14/6206 3278/15/6206
f 3278/15/6206 3280/17/6206 3279/16/6206
f 3281/18/6207 3282/19/6207 3279/16/6207
f 3279/16/6207 3280/17/6207 3281/18/6207
f 3283/20/6208 3282/19/6208 3281/18/6208
f 3281/18/6208 3284/21/6208 3283/20/6208
f 3285/23/6209 3286/22/6209 3283/20/6209
f 3283/20/6209 3284/21/6210 3285/23/6209
f 3287/25/6211 3288/24/6211 3286/22/6211
f 3286/22/6211 3285/23/6212 3287/25/6211
f 3289/27/6213 3288/24/6213 3287/25/6213
f 3287/25/6213 3290/26/6213 3289/27/6213
f 3291/29/6214 3292/28/6214 3289/27/6214
f 3289/27/6214 3290/26/6214 3291/29/6214
f 3293/31/6215 3294/30/6216 3292/28/6216
f 3292/28/6216 3291/29/6215 3293/31/6215
f 3295/32/6217 3294/30/6217 3293/31/6218
f 3293/31/6218 3296/33/6218 3295/32/6217
f 3296/33/6219 3297/35/6219 3298/34/6219
f 3298/34/6219 3295/32/6219 3296/33/6219
f 3299/37/6220 3300/36/6221 3298/34/6221
f 3298/34/6221 3297/35/6222 3299/37/6220
f 3301/38/6223 3300/36/6223 3299/37/6223
f 3299/37/6223 3302/39/6223 3301/38/6223
f 3303/40/6224 3301/38/6224 3302/39/6224
f 3302/39/6224 3304/41/6224 3303/40/6224
f 3305/42/6225 3306/43/6225 3303/40/6225
f 3303/40/6225 3304/41/6226 3305/42/6225
f 3307/45/6227 3306/43/6227 3305/42/6227
f 3305/42/6227 3308/44/6227 3307/45/6227
f 3309/47/6228 3310/46/6228 3307/45/6228
f 3307/45/6228 3308/44/6228 3309/47/6228
f 3311/49/6229 3312/48/6229 3310/46/6229
f 3310/46/6229 3309/47/6229 3311/49/6229
f 3313/51/6230 3312/48/6230 3311/49/6230
f 3311/49/6230 3314/50/6230 3313/51/6230
f 3315/53/6231 3313/51/6231 3314/50/6231
f 3314/50/6231 3316/52/6231 3315/53/6231
f 3317/55/6232 3318/54/6233 3315/53/6233
f 3315/53/6233 3316/52/6232 3317/55/6232
f 3319/57/6234 3318/54/6234 3317/55/6234
f 3317/55/6234 3320/56/6234 3319/57/6234
f 3321/59/6235 3322/58/6235 3319/57/6235
f 3319/57/6235 3320/56/6235 3321/59/6235
f 3323/61/6236 3324/60/6236 3322/58/6236
f 3322/58/6236 3321/59/6236 3323/61/6236
f 3325/63/6237 3324/60/6237 3323/61/6237
f 3323/61/6237 3326/62/6237 3325/63/6237
f 3327/21/6238 3284/21/6238 3281/18/6238
f 3281/18/6238 3328/18/6238 3327/21/6238
f 3329/64/6239 3330/65/6240 3325/63/6240
f 3325/63/6240 3326/62/6239 3329/64/6239
f 3329/64/6241 3268/66/6242 3267/67/6241
f 3267/67/6241 3330/65/6243 3329/64/6241
f 3267/98/1 3266/68/6244 3269/69/1
f 3269/69/1 3272/70/1 3273/71/1
f 3267/98/1 3269/69/1 3273/71/1
f 3276/72/1 3277/73/6245 3279/74/6043
f 3273/71/1 3276/72/1 3279/74/6043
f 3273/71/1 3279/74/6043 3282/75/1
f 3282/75/1 3283/76/1 3286/77/1
f 3273/71/1 3282/75/1 3286/77/1
f 3273/71/1 3286/77/1 3288/78/1
f 3288/78/1 3289/79/6246 3292/80/1
f 3273/71/1 3288/78/1 3292/80/1
f 3273/71/1 3292/80/1 3294/81/1
f 3294/81/1 3295/82/6247 3298/83/1
f 3273/71/1 3294/81/1 3298/83/1
f 3273/71/1 3298/83/1 3300/84/1
f 3300/84/1 3301/85/1 3303/86/1
f 3273/71/1 3300/84/1 3303/86/1
f 3273/71/1 3303/86/1 3306/87/1
f 3306/87/1 3307/88/1 3310/89/1
f 3273/71/1 3306/87/1 3310/89/1
f 3273/71/1 3310/89/1 3312/90/1
f 3312/90/1 3313/91/1 3315/92/1
f 3273/71/1 3312/90/1 3315/92/1
f 3273/71/1 3315/92/1 3318/93/1
f 3318/93/1 3319/94/1 3322/95/1
f 3273/71/1 3318/93/1 3322/95/1
f 3273/71/1 3322/95/1 3324/96/1
f 3267/98/1 3273/71/1 3324/96/1
f 3267/98/1 3324/96/1 3325/97/6043
f 3267/98/1 3325/97/6043 3330/99/6044
f 3331/10/6248 3332/8/6248 3333/8/6248
f 3333/8/6248 3334/10/6249 3331/10/6248
f 3335/39/6250 3302/39/6251 3299/37/6251
f 3299/37/6251 3336/37/6252 3335/39/6250
f 3337/56/6253 3320/56/6254 3317/55/6253
f 3317/55/6253 3338/55/6255 3337/56/6253
f 3274/10/6256 3331/10/6257 3339/12/6257
f 3339/12/6257 3275/12/6256 3274/10/6256
f 3291/29/6258 3340/29/6258 3341/31/6258
f 3341/31/6258 3293/31/6259 3291/29/6258
f 3311/49/6260 3309/47/6260 3342/47/6260
f 3342/47/6260 3343/49/6261 3311/49/6260
f 3268/2/6262 3344/2/6263 3345/3/6262
f 3345/3/6262 3265/3/6264 3268/2/6262
f 3268/66/6265 3329/64/6265 3346/64/6266
f 3346/64/6266 3344/66/6266 3268/66/6265
f 3327/21/6267 3347/23/6267 3285/23/6267
f 3285/23/6267 3284/21/6267 3327/21/6267
f 3335/39/6268 3348/41/6269 3304/41/6269
f 3304/41/6269 3302/39/6268 3335/39/6268
f 3337/56/6270 3349/59/6271 3321/59/6272
f 3321/59/6272 3320/56/6272 3337/56/6270
f 3350/15/6273 3278/15/6273 3275/12/6273
f 3275/12/6273 3339/12/6274 3350/15/6273
f 3351/33/6275 3296/33/6275 3293/31/6275
f 3293/31/6275 3341/31/6275 3351/33/6275
f 3352/50/6276 3314/50/6276 3311/49/6276
f 3311/49/6276 3343/49/6277 3352/50/6276
f 3353/6/6278 3270/6/6279 3265/3/6279
f 3265/3/6279 3345/3/6279 3353/6/6278
f 3285/23/6280 3347/23/6280 3354/25/6280
f 3354/25/6280 3287/25/6280 3285/23/6280
f 3305/42/6281 3304/41/6281 3348/41/6282
f 3348/41/6282 3355/42/6283 3305/42/6281
f 3323/61/6284 3321/59/6285 3349/59/6286
f 3349/59/6286 3356/61/6287 3323/61/6284
f 3350/15/6288 3357/17/6288 3280/17/6289
f 3280/17/6289 3278/15/6290 3350/15/6288
f 3351/33/6291 3358/35/6291 3297/35/6292
f 3297/35/6292 3296/33/6292 3351/33/6291
f 3352/50/6293 3359/52/6293 3316/52/6293
f 3316/52/6293 3314/50/6293 3352/50/6293
f 3270/6/6294 3353/6/6294 3332/8/6294
f 3332/8/6294 3271/8/6294 3270/6/6294
f 3360/26/6295 3290/26/6296 3287/25/6296
f 3287/25/6296 3354/25/6295 3360/26/6295
f 3361/44/6297 3308/44/6298 3305/42/6297
f 3305/42/6297 3355/42/6299 3361/44/6297
f 3362/62/6300 3326/62/6301 3323/61/6301
f 3323/61/6301 3356/61/6302 3362/62/6300
f 3280/17/6303 3357/17/6303 3328/18/6303
f 3328/18/6303 3281/18/6304 3280/17/6303
f 3297/35/6305 3358/35/6306 3336/37/6307
f 3336/37/6307 3299/37/6305 3297/35/6305
f 3317/55/6308 3316/52/6308 3359/52/6308
f 3359/52/6308 3338/55/6308 3317/55/6308
f 3331/10/6309 3274/10/6309 3271/8/6309
f 3271/8/6309 3332/8/6309 3331/10/6309
f 3360/26/6310 3340/29/6310 3291/29/6311
f 3291/29/6311 3290/26/6311 3360/26/6310
f 3361/44/6312 3342/47/6313 3309/47/6312
f 3309/47/6312 3308/44/6314 3361/44/6312
f 3362/62/6315 3346/64/6315 3329/64/6316
f 3329/64/6316 3326/62/6317 3362/62/6315
f 3363/102/6318 3364/103/6319 3365/104/6320
f 3363/102/6318 3365/104/6320 3366/105/6321
f 3366/105/6321 3367/106/6322 3368/107/6323
f 3363/102/6318 3366/105/6321 3368/107/6323
f 3363/102/6318 3368/107/6323 3369/108/6318
f 3369/108/6318 3370/109/6324 3371/110/6318
f 3363/102/6318 3369/108/6318 3371/110/6318
f 3363/102/6318 3371/110/6318 3372/111/6318
f 3372/111/6318 3373/112/6325 3374/113/6324
f 3363/102/6318 3372/111/6318 3374/113/6324
f 3363/102/6318 3374/113/6324 3375/114/6318
f 3375/114/6318 3376/115/6326 3377/116/6318
f 3363/102/6318 3375/114/6318 3377/116/6318
f 3363/102/6318 3377/116/6318 3378/117/6318
f 3378/117/6318 3379/118/6323 3380/119/6318
f 3363/102/6318 3378/117/6318 3380/119/6318
f 3363/102/6318 3380/119/6318 3381/120/6323
f 3381/120/6323 3382/121/6327 3383/122/6323
f 3363/102/6318 3381/120/6323 3383/122/6323
f 3363/102/6318 3383/122/6323 3384/123/6318
f 3384/123/6318 3385/124/6328 3386/125/6318
f 3363/102/6318 3384/123/6318 3386/125/6318
f 3386/125/6318 3387/126/6329 3388/127/6330
f 3386/125/6318 3388/127/6330 3389/128/6318
f 3363/102/6318 3386/125/6318 3389/128/6318
f 3363/102/6318 3389/128/6318 3334/129/6318
f 3334/129/6318 3333/130/6331 3390/131/6318
f 3363/102/6318 3334/129/6318 3390/131/6318
f 3391/101/6332 3363/102/6318 3390/131/6318
f 3392/100/6333 3391/101/6332 3390/131/6318
f 3346/64/6334 3362/62/6335 3364/62/6335
f 3364/62/6335 3363/64/6335 3346/64/6334
f 3377/37/6336 3376/39/6336 3335/39/6337
f 3335/39/6337 3336/37/6338 3377/37/6336
f 3339/12/6339 3331/10/6339 3334/10/6340
f 3334/10/6340 3389/12/6340 3339/12/6339
f 3344/66/6341 3346/64/6341 3363/64/6342
f 3363/64/6342 3391/66/6342 3344/66/6341
f 3348/41/6343 3335/39/6344 3376/39/6345
f 3376/39/6345 3375/41/6346 3348/41/6343
f 3388/15/6347 3350/15/6348 3339/12/6347
f 3339/12/6347 3389/12/6347 3388/15/6347
f 3355/42/6349 3348/41/6350 3375/41/6351
f 3375/41/6351 3374/42/6350 3355/42/6349
f 3357/17/6352 3350/15/6352 3388/15/6352
f 3388/15/6352 3387/17/6352 3357/17/6352
f 3374/42/6353 3373/44/6354 3361/44/6355
f 3361/44/6355 3355/42/6356 3374/42/6353
f 3328/18/6357 3357/17/6358 3387/17/6359
f 3387/17/6359 3386/18/6360 3328/18/6357
f 3342/47/6361 3361/44/6361 3373/44/6362
f 3373/44/6362 3372/47/6363 3342/47/6361
f 3386/18/6364 3385/21/6365 3327/21/6366
f 3327/21/6366 3328/18/6367 3386/18/6364
f 3343/49/6368 3342/47/6369 3372/47/6368
f 3372/47/6368 3371/49/6368 3343/49/6368
f 3347/23/6370 3327/21/6371 3385/21/6372
f 3385/21/6372 3384/23/6372 3347/23/6370
f 3371/49/6373 3370/50/6373 3352/50/6373
f 3352/50/6373 3343/49/6373 3371/49/6373
f 3354/25/6374 3347/23/6375 3384/23/6375
f 3384/23/6375 3383/25/6376 3354/25/6374
f 3359/52/6377 3352/50/6377 3370/50/6377
f 3370/50/6377 3369/52/6377 3359/52/6377
f 3383/25/6378 3382/26/6378 3360/26/6379
f 3360/26/6379 3354/25/6379 3383/25/6378
f 3338/55/6380 3359/52/6380 3369/52/6381
f 3369/52/6381 3368/55/6381 3338/55/6380
f 3340/29/6382 3360/26/6382 3382/26/6383
f 3382/26/6383 3381/29/6384 3340/29/6382
f 3368/55/6385 3367/56/6385 3337/56/6385
f 3337/56/6385 3338/55/6386 3368/55/6385
f 3341/31/6387 3340/29/6387 3381/29/6387
f 3381/29/6387 3380/31/6387 3341/31/6387
f 3344/2/6388 3391/2/6389 3392/3/6390
f 3392/3/6390 3345/3/6388 3344/2/6388
f 3349/59/6391 3337/56/6392 3367/56/6393
f 3367/56/6393 3366/59/6393 3349/59/6391
f 3380/31/6394 3379/33/6394 3351/33/6395
f 3351/33/6395 3341/31/6394 3380/31/6394
f 3390/6/6396 3353/6/6397 3345/3/6397
f 3345/3/6397 3392/3/6398 3390/6/6396
f 3356/61/6399 3349/59/6399 3366/59/6400
f 3366/59/6400 3365/61/6401 3356/61/6399
f 3358/35/6402 3351/33/6402 3379/33/6403
f 3379/33/6403 3378/35/6404 3358/35/6402
f 3333/8/6405 3332/8/6406 3353/6/6406
f 3353/6/6406 3390/6/6407 3333/8/6405
f 3365/61/6408 3364/62/6409 3362/62/6408
f 3362/62/6408 3356/61/6410 3365/61/6408
f 3336/37/6411 3358/35/6411 3378/35/6412
f 3378/35/6412 3377/37/6413 3336/37/6411
f 3393/3/6414 3394/4/6414 3395/5/6414
f 3395/5/6414 3396/2/6414 3393/3/6414
f 3397/7/6415 3394/4/6415 3393/3/6415
f 3393/3/6415 3398/6/6415 3397/7/6415
f 3399/8/6416 3400/9/6417 3397/7/6417
f 3397/7/6417 3398/6/6416 3399/8/6416
f 3401/10/6418 3402/11/6419 3400/9/6419
f 3400/9/6419 3399/8/6418 3401/10/6418
f 3403/13/6420 3402/11/6420 3401/10/6421
f 3401/10/6421 3404/12/6421 3403/13/6420
f 3405/15/6422 3406/14/6422 3403/13/6423
f 3403/13/6423 3404/12/6424 3405/15/6422
f 3407/17/6425 3408/16/6426 3406/14/6425
f 3406/14/6425 3405/15/6425 3407/17/6425
f 3409/19/6427 3408/16/6427 3407/17/6427
f 3407/17/6427 3410/18/6427 3409/19/6427
f 3411/21/6428 3412/20/6428 3409/19/6428
f 3409/19/6428 3410/18/6428 3411/21/6428
f 3413/23/6429 3414/22/6429 3412/20/6429
f 3412/20/6429 3411/21/6429 3413/23/6429
f 3415/24/6430 3414/22/6430 3413/23/6430
f 3413/23/6430 3416/25/6430 3415/24/6430
f 3417/26/6431 3418/27/6431 3415/24/6431
f 3415/24/6431 3416/25/6431 3417/26/6431
f 3419/29/6432 3420/28/6432 3418/27/6432
f 3418/27/6432 3417/26/6432 3419/29/6432
f 3421/30/6433 3420/28/6434 3419/29/6435
f 3419/29/6435 3422/31/6434 3421/30/6433
f 3423/32/6436 3421/30/6436 3422/31/6436
f 3422/31/6436 3424/33/6436 3423/32/6436
f 3425/35/6437 3426/34/6438 3423/32/6438
f 3423/32/6438 3424/33/6438 3425/35/6437
f 3427/36/6439 3426/34/6439 3425/35/6440
f 3425/35/6440 3428/37/6441 3427/36/6439
f 3429/38/6442 3427/36/6442 3428/37/6442
f 3428/37/6442 3430/39/6442 3429/38/6442
f 3431/41/6443 3432/40/6444 3429/38/6444
f 3429/38/6444 3430/39/6443 3431/41/6443
f 3433/43/6445 3432/40/6446 3431/41/6447
f 3431/41/6447 3434/42/6448 3433/43/6445
f 3435/44/6449 3436/45/6450 3433/43/6450
f 3433/43/6450 3434/42/6449 3435/44/6449
f 3437/47/6451 3438/46/6451 3436/45/6451
f 3436/45/6451 3435/44/6451 3437/47/6451
f 3439/48/6452 3438/46/6452 3437/47/6452
f 3437/47/6452 3440/49/6452 3439/48/6452
f 3441/51/6453 3439/48/6453 3440/49/6453
f 3440/49/6453 3442/50/6453 3441/51/6453
f 3443/52/6454 3444/53/6454 3441/51/6454
f 3441/51/6454 3442/50/6454 3443/52/6454
f 3445/54/6455 3444/53/6455 3443/52/6455
f 3443/52/6455 3446/55/6455 3445/54/6455
f 3447/56/6456 3448/57/6456 3445/54/6456
f 3445/54/6456 3446/55/6456 3447/56/6456
f 3449/59/6457 3450/58/6458 3448/57/6458
f 3448/57/6458 3447/56/6459 3449/59/6457
f 3451/60/6460 3450/58/6460 3449/59/6461
f 3449/59/6461 3452/61/6461 3451/60/6460
f 3453/62/6462 3454/63/6463 3451/60/6463
f 3451/60/6463 3452/61/6464 3453/62/6462
f 3410/18/6465 3455/18/6466 3456/21/6466
f 3456/21/6466 3411/21/6465 3410/18/6465
f 3457/64/6467 3458/65/6467 3454/63/6467
f 3454/63/6467 3453/62/6467 3457/64/6467
f 3457/64/6468 3396/66/6469 3395/67/6468
f 3395/67/6468 3458/65/6468 3457/64/6468
f 3394/68/1 3397/69/6470 3400/70/1
f 3395/98/1 3394/68/1 3400/70/1
f 3395/98/1 3400/70/1 3402/71/1
f 3402/71/1 3403/72/6471 3406/73/1
f 3395/98/1 3402/71/1 3406/73/1
f 3395/98/1 3406/73/1 3408/74/1
f 3408/74/1 3409/75/1 3412/76/1
f 3395/98/1 3408/74/1 3412/76/1
f 3395/98/1 3412/76/1 3414/77/1
f 3414/77/1 3415/78/1 3418/79/1
f 3395/98/1 3414/77/1 3418/79/1
f 3395/98/1 3418/79/1 3420/80/1
f 3420/80/1 3421/81/6043 3423/82/1
f 3395/98/1 3420/80/1 3423/82/1
f 3395/98/1 3423/82/1 3426/83/1
f 3426/83/1 3427/84/1 3429/85/1
f 3395/98/1 3426/83/1 3429/85/1
f 3395/98/1 3429/85/1 3432/86/1
f 3432/86/1 3433/87/6043 3436/88/1
f 3395/98/1 3432/86/1 3436/88/1
f 3395/98/1 3436/88/1 3438/89/1
f 3438/89/1 3439/90/6247 3441/91/1
f 3395/98/1 3438/89/1 3441/91/1
f 3395/98/1 3441/91/1 3444/92/1
f 3444/92/1 3445/93/1 3448/94/1
f 3395/98/1 3444/92/1 3448/94/1
f 3395/98/1 3448/94/1 3450/95/1
f 3450/95/1 3451/96/1 3454/97/1
f 3395/98/1 3450/95/1 3454/97/1
f 3395/98/1 3454/97/1 3458/99/6043
f 3459/8/6472 3460/8/6473 3461/10/6473
f 3461/10/6473 3462/10/6472 3459/8/6472
f 3463/39/6474 3430/39/6475 3428/37/6476
f 3428/37/6476 3464/37/6474 3463/39/6474
f 3465/56/6477 3447/56/6478 3446/55/6478
f 3446/55/6478 3466/55/6479 3465/56/6477
f 3401/10/6480 3462/10/6481 3467/12/6480
f 3467/12/6480 3404/12/6480 3401/10/6480
f 3422/31/6482 3419/29/6482 3468/29/6482
f 3468/29/6482 3469/31/6482 3422/31/6482
f 3440/49/6483 3437/47/6483 3470/47/6484
f 3470/47/6484 3471/49/6484 3440/49/6483
f 3472/3/6485 3393/3/6486 3396/2/6486
f 3396/2/6486 3473/2/6487 3472/3/6485
f 3474/64/6488 3473/66/6488 3396/66/6488
f 3396/66/6488 3457/64/6488 3474/64/6488
f 3411/21/6489 3456/21/6490 3475/23/6490
f 3475/23/6490 3413/23/6491 3411/21/6489
f 3476/41/6492 3431/41/6493 3430/39/6492
f 3430/39/6492 3463/39/6492 3476/41/6492
f 3477/59/6494 3449/59/6495 3447/56/6496
f 3447/56/6496 3465/56/6495 3477/59/6494
f 3404/12/6497 3467/12/6497 3478/15/6497
f 3478/15/6497 3405/15/6497 3404/12/6497
f 3479/33/6498 3424/33/6499 3422/31/6499
f 3422/31/6499 3469/31/6500 3479/33/6498
f 3480/50/6501 3442/50/6501 3440/49/6501
f 3440/49/6501 3471/49/6501 3480/50/6501
f 3393/3/6502 3472/3/6502 3481/6/6502
f 3481/6/6502 3398/6/6502 3393/3/6502
f 3475/23/6503 3482/25/6504 3416/25/6504
f 3416/25/6504 3413/23/6504 3475/23/6503
f 3434/42/6505 3431/41/6505 3476/41/6506
f 3476/41/6506 3483/42/6506 3434/42/6505
f 3452/61/6507 3449/59/6508 3477/59/6509
f 3477/59/6509 3484/61/6510 3452/61/6507
f 3405/15/6511 3478/15/6512 3485/17/6511
f 3485/17/6511 3407/17/6511 3405/15/6511
f 3486/35/6513 3425/35/6513 3424/33/6513
f 3424/33/6513 3479/33/6514 3486/35/6513
f 3487/52/6515 3443/52/6515 3442/50/6515
f 3442/50/6515 3480/50/6515 3487/52/6515
f 3398/6/6516 3481/6/6517 3459/8/6517
f 3459/8/6517 3399/8/6518 3398/6/6516
f 3482/25/6519 3488/26/6519 3417/26/6520
f 3417/26/6520 3416/25/6520 3482/25/6519
f 3489/44/6521 3435/44/6522 3434/42/6522
f 3434/42/6522 3483/42/6521 3489/44/6521
f 3490/62/6523 3453/62/6524 3452/61/6524
f 3452/61/6524 3484/61/6525 3490/62/6523
f 3407/17/6526 3485/17/6526 3455/18/6526
f 3455/18/6526 3410/18/6526 3407/17/6526
f 3428/37/6527 3425/35/6527 3486/35/6527
f 3486/35/6527 3464/37/6527 3428/37/6527
f 3446/55/6528 3443/52/6528 3487/52/6528
f 3487/52/6528 3466/55/6528 3446/55/6528
f 3399/8/6529 3459/8/6529 3462/10/6529
f 3462/10/6529 3401/10/6529 3399/8/6529
f 3419/29/6530 3417/26/6530 3488/26/6530
f 3488/26/6530 3468/29/6530 3419/29/6530
f 3470/47/6531 3437/47/6531 3435/44/6531
f 3435/44/6531 3489/44/6531 3470/47/6531
f 3474/64/6532 3457/64/6533 3453/62/6533
f 3453/62/6533 3490/62/6534 3474/64/6532
f 3491/100/6535 3492/101/6536 3493/102/6537
f 3493/102/6537 3494/103/6538 3495/104/6535
f 3491/100/6535 3493/102/6537 3495/104/6535
f 3496/105/6539 3497/106/6535 3498/107/6535
f 3495/104/6535 3496/105/6539 3498/107/6535
f 3491/100/6535 3495/104/6535 3498/107/6535
f 3499/108/6540 3500/109/6535 3501/110/6535
f 3498/107/6535 3499/108/6540 3501/110/6535
f 3502/111/6535 3503/112/6541 3504/113/6535
f 3501/110/6535 3502/111/6535 3504/113/6535
f 3498/107/6535 3501/110/6535 3504/113/6535
f 3491/100/6535 3498/107/6535 3504/113/6535
f 3505/114/6535 3506/115/6542 3507/116/6535
f 3504/113/6535 3505/114/6535 3507/116/6535
f 3508/117/6542 3509/118/6543 3510/119/6544
f 3507/116/6535 3508/117/6542 3510/119/6544
f 3504/113/6535 3507/116/6535 3510/119/6544
f 3511/120/6545 3512/121/6546 3513/122/6535
f 3510/119/6544 3511/120/6545 3513/122/6535
f 3514/123/6547 3515/124/6544 3516/125/6535
f 3513/122/6535 3514/123/6547 3516/125/6535
f 3510/119/6544 3513/122/6535 3516/125/6535
f 3504/113/6535 3510/119/6544 3516/125/6535
f 3491/100/6535 3504/113/6535 3516/125/6535
f 3517/126/6548 3518/127/6535 3519/128/6535
f 3516/125/6535 3517/126/6548 3519/128/6535
f 3461/129/6549 3460/130/6548 3520/131/6545
f 3519/128/6535 3461/129/6549 3520/131/6545
f 3516/125/6535 3519/128/6535 3520/131/6545
f 3491/100/6535 3516/125/6535 3520/131/6545
f 3490/62/6550 3494/62/6551 3493/64/6552
f 3493/64/6552 3474/64/6550 3490/62/6550
f 3463/39/6553 3464/37/6553 3507/37/6554
f 3507/37/6554 3506/39/6555 3463/39/6553
f 3519/12/6556 3467/12/6557 3462/10/6557
f 3462/10/6557 3461/10/6558 3519/12/6556
f 3493/64/6559 3492/66/6560 3473/66/6561
f 3473/66/6561 3474/64/6561 3493/64/6559
f 3463/39/6562 3506/39/6562 3505/41/6563
f 3505/41/6563 3476/41/6564 3463/39/6562
f 3478/15/6565 3467/12/6566 3519/12/6565
f 3519/12/6565 3518/15/6567 3478/15/6565
f 3504/42/6568 3483/42/6568 3476/41/6569
f 3476/41/6569 3505/41/6568 3504/42/6568
f 3478/15/6570 3518/15/6571 3517/17/6571
f 3517/17/6571 3485/17/6570 3478/15/6570
f 3489/44/6572 3483/42/6573 3504/42/6573
f 3504/42/6573 3503/44/6574 3489/44/6572
f 3516/18/6575 3455/18/6576 3485/17/6576
f 3485/17/6576 3517/17/6577 3516/18/6575
f 3489/44/6578 3503/44/6579 3502/47/6580
f 3502/47/6580 3470/47/6581 3489/44/6578
f 3456/21/6582 3455/18/6582 3516/18/6583
f 3516/18/6583 3515/21/6583 3456/21/6582
f 3501/49/6584 3471/49/6585 3470/47/6586
f 3470/47/6586 3502/47/6584 3501/49/6584
f 3456/21/6587 3515/21/6587 3514/23/6587
f 3514/23/6587 3475/23/6587 3456/21/6587
f 3480/50/6588 3471/49/6589 3501/49/6590
f 3501/49/6590 3500/50/6591 3480/50/6588
f 3475/23/6592 3514/23/6593 3513/25/6593
f 3513/25/6593 3482/25/6593 3475/23/6592
f 3480/50/6594 3500/50/6595 3499/52/6595
f 3499/52/6595 3487/52/6594 3480/50/6594
f 3513/25/6596 3512/26/6596 3488/26/6597
f 3488/26/6597 3482/25/6597 3513/25/6596
f 3498/55/6598 3466/55/6599 3487/52/6599
f 3487/52/6599 3499/52/6600 3498/55/6598
f 3511/29/6601 3468/29/6602 3488/26/6602
f 3488/26/6602 3512/26/6601 3511/29/6601
f 3465/56/6603 3466/55/6603 3498/55/6604
f 3498/55/6604 3497/56/6603 3465/56/6603
f 3510/31/6605 3469/31/6606 3468/29/6607
f 3468/29/6607 3511/29/6605 3510/31/6605
f 3472/3/6608 3473/2/6608 3492/2/6609
f 3492/2/6609 3491/3/6609 3472/3/6608
f 3465/56/6610 3497/56/6611 3496/59/6611
f 3496/59/6611 3477/59/6612 3465/56/6610
f 3479/33/6613 3469/31/6613 3510/31/6613
f 3510/31/6613 3509/33/6613 3479/33/6613
f 3520/6/6614 3481/6/6614 3472/3/6614
f 3472/3/6614 3491/3/6614 3520/6/6614
f 3495/61/6615 3484/61/6615 3477/59/6616
f 3477/59/6616 3496/59/6616 3495/61/6615
f 3479/33/6617 3509/33/6617 3508/35/6617
f 3508/35/6617 3486/35/6617 3479/33/6617
f 3459/8/6618 3481/6/6618 3520/6/6618
f 3520/6/6618 3460/8/6618 3459/8/6618
f 3490/62/6619 3484/61/6620 3495/61/6621
f 3495/61/6621 3494/62/6619 3490/62/6619
f 3507/37/6622 3464/37/6623 3486/35/6623
f 3486/35/6623 3508/35/6624 3507/37/6622
