# Blender 5.0.1
# www.blender.org
o C_rculo_019_C_rculo_020
v 0.039273 -0.738417 -0.483800
v 0.132773 -0.738417 -0.474600
v 0.222673 -0.738417 -0.447300
v 0.305573 -0.738417 -0.403000
v 0.378173 -0.738417 -0.343400
v 0.437773 -0.738417 -0.270800
v 0.482073 -0.738417 -0.187900
v 0.509373 -0.738417 -0.098000
v 0.518573 -0.738417 -0.004500
v 0.509373 -0.738417 0.089000
v 0.482073 -0.738417 0.179000
v 0.437773 -0.738417 0.261800
v 0.378173 -0.738417 0.334500
v 0.305573 -0.738417 0.394100
v 0.222673 -0.738417 0.438400
v 0.132773 -0.738417 0.465700
v 0.039273 -0.738417 0.474900
v -0.054327 -0.738417 0.465700
v -0.144227 -0.738417 0.438400
v -0.227027 -0.738417 0.394100
v -0.299727 -0.738417 0.334500
v -0.359327 -0.738417 0.261800
v -0.403627 -0.738417 0.179000
v -0.430927 -0.738417 0.089000
v -0.440127 -0.738417 -0.004500
v -0.430927 -0.738417 -0.098000
v -0.403627 -0.738417 -0.187900
v -0.359327 -0.738417 -0.270800
v -0.299727 -0.738417 -0.343400
v -0.054327 -0.738417 -0.474600
v -0.227027 -0.738417 -0.403000
v -0.144227 -0.738417 -0.447300
v 0.544173 -0.759817 -0.104900
v 0.544173 -0.860617 -0.104900
v 0.554073 -0.860617 -0.004500
v 0.554073 -0.759817 -0.004500
v 0.236273 -0.759817 -0.480100
v 0.325273 -0.759817 -0.432600
v 0.139673 -0.759817 0.500500
v 0.039273 -0.759817 0.510400
v -0.324827 -0.759817 -0.368500
v -0.246827 -0.759817 -0.432600
v 0.139673 -0.759817 -0.509400
v 0.236273 -0.759817 0.471200
v -0.388827 -0.759817 -0.290500
v 0.039273 -0.759817 -0.519300
v 0.325273 -0.759817 0.423600
v -0.436427 -0.759817 -0.201500
v 0.403273 -0.759817 0.359600
v -0.465727 -0.759817 -0.104900
v 0.467273 -0.759817 0.281600
v -0.475627 -0.759817 -0.004500
v 0.514873 -0.759817 0.192500
v -0.465727 -0.759817 0.096000
v 0.544173 -0.759817 0.096000
v -0.436427 -0.759817 0.192500
v -0.388827 -0.759817 0.281600
v -0.324827 -0.759817 0.359600
v 0.514873 -0.759817 -0.201500
v -0.246827 -0.759817 0.423600
v 0.467273 -0.759817 -0.290500
v -0.157827 -0.759817 0.471200
v -0.061227 -0.759817 -0.509400
v 0.403273 -0.759817 -0.368500
v -0.061227 -0.759817 0.500500
v -0.157827 -0.759817 -0.480100
v -0.061227 -0.860617 -0.509400
v -0.157827 -0.860617 -0.480100
v -0.246827 -0.860617 -0.432600
v -0.324827 -0.860617 -0.368500
v -0.388827 -0.860617 -0.290500
v -0.436427 -0.860617 -0.201500
v -0.465727 -0.860617 -0.104900
v -0.475627 -0.860617 -0.004500
v -0.465727 -0.860617 0.096000
v -0.436427 -0.860617 0.192500
v -0.388827 -0.860617 0.281600
v -0.324827 -0.860617 0.359600
v -0.246827 -0.860617 0.423600
v -0.157827 -0.860617 0.471200
v -0.061227 -0.860617 0.500500
v 0.039273 -0.860617 0.510400
v 0.139673 -0.860617 0.500500
v 0.236273 -0.860617 0.471200
v 0.325273 -0.860617 0.423600
v 0.403273 -0.860617 0.359600
v 0.467273 -0.860617 0.281600
v 0.514873 -0.860617 0.192500
v 0.544173 -0.860617 0.096000
v 0.514873 -0.860617 -0.201500
v 0.467273 -0.860617 -0.290500
v 0.403273 -0.860617 -0.368500
v 0.325273 -0.860617 -0.432600
v 0.236273 -0.860617 -0.480100
v 0.139673 -0.860617 -0.509400
v 0.039273 -0.860617 -0.519300
v -0.233727 0.521083 -0.430800
v -0.231127 0.519583 -0.418500
v -0.212427 0.527583 -0.421000
v -0.214427 0.529283 -0.433400
v -0.193527 0.535583 -0.422500
v -0.195027 0.537583 -0.434900
v -0.214627 0.526683 -0.445700
v -0.234527 0.518183 -0.443100
v -0.194727 0.535183 -0.447300
v -0.249727 0.511683 -0.415000
v -0.245127 0.505983 -0.404900
v -0.226927 0.513683 -0.408300
v -0.208727 0.521483 -0.410700
v -0.190327 0.529283 -0.412200
v -0.171927 0.537183 -0.412700
v -0.174727 0.543683 -0.423000
v -0.175627 0.545883 -0.435400
v -0.174727 0.543683 -0.447900
v -0.192327 0.528483 -0.457600
v -0.171927 0.537183 -0.458200
v -0.212827 0.519783 -0.456000
v -0.233127 0.511083 -0.453300
v -0.253327 0.502483 -0.449500
v -0.254227 0.509783 -0.439400
v -0.252927 0.512883 -0.427200
v -0.206627 0.457483 -0.430800
v -0.187327 0.465683 -0.433400
v -0.187127 0.468383 -0.421000
v -0.205927 0.460383 -0.418500
v -0.209227 0.458983 -0.443100
v -0.189427 0.467383 -0.445700
v -0.167927 0.473983 -0.434900
v -0.168327 0.476383 -0.422500
v -0.169427 0.475883 -0.447300
v -0.224527 0.452483 -0.415000
v -0.207227 0.467483 -0.408300
v -0.225427 0.459683 -0.404900
v -0.225827 0.449283 -0.427200
v -0.228927 0.450583 -0.439400
v -0.233527 0.456283 -0.449500
v -0.213427 0.464883 -0.453300
v -0.193127 0.473483 -0.456000
v -0.172627 0.482183 -0.457600
v -0.149427 0.484483 -0.447900
v -0.152227 0.490983 -0.458200
v -0.148527 0.482283 -0.435400
v -0.149427 0.484483 -0.423000
v -0.170627 0.483083 -0.412200
v -0.152227 0.490983 -0.412700
v -0.189027 0.475283 -0.410700
v -0.281927 0.425383 -0.410300
v -0.263527 0.433283 -0.416900
v -0.261127 0.436783 -0.405000
v -0.279027 0.429183 -0.398600
v -0.286727 0.425883 -0.422000
v -0.267727 0.433983 -0.428800
v -0.244727 0.441183 -0.422500
v -0.242927 0.444583 -0.410500
v -0.248427 0.442183 -0.434600
v -0.278627 0.437083 -0.388900
v -0.295827 0.429683 -0.381700
v -0.296627 0.421683 -0.391200
v -0.300127 0.417583 -0.402700
v -0.305427 0.417883 -0.414100
v -0.311827 0.422883 -0.423700
v -0.292727 0.430983 -0.431700
v -0.273227 0.439283 -0.438700
v -0.253527 0.447683 -0.444600
v -0.243427 0.452083 -0.400500
v -0.261127 0.444483 -0.395100
v -0.352227 0.395383 -0.374200
v -0.335227 0.402683 -0.384600
v -0.330827 0.407083 -0.373600
v -0.347227 0.400083 -0.363500
v -0.359027 0.395083 -0.384800
v -0.341627 0.402483 -0.395600
v -0.317927 0.410083 -0.394100
v -0.313927 0.414283 -0.382900
v -0.323727 0.410083 -0.405300
v -0.345127 0.408683 -0.354700
v -0.360727 0.402083 -0.344000
v -0.363227 0.393283 -0.352500
v -0.368627 0.388383 -0.362900
v -0.375927 0.387883 -0.373200
v -0.383927 0.392183 -0.381800
v -0.366627 0.399483 -0.393700
v -0.348827 0.407083 -0.404600
v -0.330527 0.414883 -0.414600
v -0.312627 0.422483 -0.373500
v -0.329127 0.415483 -0.364500
v -0.414527 0.368783 -0.323900
v -0.399827 0.375083 -0.337700
v -0.393527 0.380383 -0.328100
v -0.407827 0.374283 -0.314700
v -0.423127 0.367683 -0.333100
v -0.408027 0.374183 -0.347300
v -0.384527 0.381683 -0.350700
v -0.378627 0.386683 -0.340700
v -0.392227 0.380883 -0.360700
v -0.404227 0.383483 -0.307000
v -0.417527 0.377783 -0.293200
v -0.421527 0.368483 -0.300500
v -0.428627 0.362783 -0.309300
v -0.437627 0.361583 -0.318100
v -0.432327 0.371483 -0.340700
v -0.447127 0.365183 -0.325400
v -0.416827 0.378083 -0.355300
v -0.400627 0.384983 -0.368900
v -0.375727 0.395583 -0.332400
v -0.390227 0.389483 -0.320100
v -0.466727 0.346583 -0.261300
v -0.454727 0.351683 -0.278000
v -0.446827 0.357583 -0.270100
v -0.458427 0.352683 -0.253900
v -0.476827 0.344883 -0.268700
v -0.464527 0.350083 -0.285900
v -0.442027 0.357083 -0.294000
v -0.434527 0.362883 -0.285600
v -0.451427 0.355683 -0.302300
v -0.453627 0.362383 -0.247800
v -0.464227 0.357883 -0.231400
v -0.469327 0.348083 -0.237100
v -0.477927 0.341783 -0.244000
v -0.488327 0.339883 -0.250900
v -0.499027 0.343083 -0.256700
v -0.487227 0.348083 -0.274900
v -0.474627 0.353483 -0.292400
v -0.461227 0.359183 -0.309300
v -0.430227 0.372383 -0.278700
v -0.442327 0.367283 -0.263600
v -0.506627 0.329583 -0.188900
v -0.497927 0.333283 -0.207800
v -0.488727 0.339783 -0.201900
v -0.497227 0.336183 -0.183600
v -0.517927 0.327283 -0.194200
v -0.508927 0.331183 -0.213600
v -0.488327 0.337383 -0.226200
v -0.479427 0.343683 -0.219800
v -0.499027 0.335383 -0.232600
v -0.491427 0.346283 -0.179200
v -0.498927 0.343083 -0.160900
v -0.504927 0.332883 -0.164800
v -0.514527 0.326183 -0.169600
v -0.526027 0.323883 -0.174300
v -0.537527 0.326683 -0.178300
v -0.529227 0.330183 -0.198600
v -0.520027 0.334083 -0.218500
v -0.509927 0.338383 -0.237900
v -0.474127 0.353683 -0.214500
v -0.483127 0.349783 -0.197100
v -0.532827 0.318383 -0.109400
v -0.527627 0.320583 -0.129800
v -0.517627 0.327483 -0.126200
v -0.522627 0.325283 -0.106400
v -0.544827 0.315883 -0.112400
v -0.539527 0.318083 -0.133400
v -0.521527 0.323183 -0.149800
v -0.511727 0.329983 -0.145700
v -0.533227 0.320783 -0.154000
v -0.516227 0.335683 -0.103900
v -0.520227 0.333983 -0.084300
v -0.526827 0.323583 -0.086300
v -0.537127 0.316583 -0.088800
v -0.549227 0.313983 -0.091200
v -0.561327 0.316483 -0.093200
v -0.556827 0.318383 -0.114900
v -0.551327 0.320783 -0.136400
v -0.544927 0.323483 -0.157500
v -0.505527 0.340283 -0.142200
v -0.511327 0.337783 -0.123200
v -0.544227 0.313583 -0.025900
v -0.542827 0.314183 -0.047000
v -0.532327 0.321183 -0.045700
v -0.533727 0.320583 -0.025300
v -0.556527 0.310883 -0.026500
v -0.555127 0.311483 -0.048200
v -0.540427 0.315183 -0.067900
v -0.530027 0.322183 -0.066100
v -0.552627 0.312483 -0.069800
v -0.527027 0.331083 -0.024800
v -0.527527 0.330883 -0.004700
v -0.534227 0.320383 -0.004700
v -0.544727 0.313383 -0.004700
v -0.557027 0.310683 -0.004700
v -0.568827 0.313283 -0.027000
v -0.569327 0.313083 -0.004700
v -0.567327 0.313983 -0.049200
v -0.564827 0.314983 -0.071300
v -0.523427 0.332683 -0.064600
v -0.525627 0.331683 -0.044700
v -0.540427 0.315183 0.058500
v -0.542827 0.314183 0.037500
v -0.532327 0.321183 0.036300
v -0.530027 0.322183 0.056600
v -0.552627 0.312483 0.060300
v -0.555127 0.311483 0.038700
v -0.544227 0.313583 0.016400
v -0.533727 0.320583 0.015800
v -0.556527 0.310883 0.017000
v -0.523427 0.332683 0.055100
v -0.520227 0.333983 0.074900
v -0.526827 0.323583 0.076900
v -0.537127 0.316583 0.079300
v -0.549227 0.313983 0.081700
v -0.564827 0.314983 0.061800
v -0.561327 0.316483 0.083700
v -0.567327 0.313983 0.039700
v -0.568827 0.313283 0.017500
v -0.527027 0.331083 0.015300
v -0.525627 0.331683 0.035200
v -0.521527 0.323183 0.140400
v -0.527627 0.320583 0.120300
v -0.517627 0.327483 0.116700
v -0.511727 0.329983 0.136200
v -0.533227 0.320783 0.144600
v -0.539527 0.318083 0.123900
v -0.532827 0.318383 0.099900
v -0.522627 0.325283 0.096900
v -0.544827 0.315883 0.102900
v -0.505527 0.340283 0.132700
v -0.498927 0.343083 0.151400
v -0.504927 0.332883 0.155300
v -0.514527 0.326183 0.160100
v -0.526027 0.323883 0.164800
v -0.544927 0.323483 0.148000
v -0.537527 0.326683 0.168800
v -0.551327 0.320783 0.126900
v -0.556827 0.318383 0.105400
v -0.516227 0.335683 0.094400
v -0.511327 0.337783 0.113700
v -0.488327 0.337383 0.216700
v -0.497927 0.333283 0.198300
v -0.488727 0.339783 0.192400
v -0.479427 0.343683 0.210300
v -0.499027 0.335383 0.223100
v -0.508927 0.331183 0.204200
v -0.506627 0.329583 0.179400
v -0.497227 0.336183 0.174100
v -0.517927 0.327283 0.184700
v -0.474127 0.353683 0.205000
v -0.464227 0.357883 0.221900
v -0.469327 0.348083 0.227600
v -0.477927 0.341783 0.234500
v -0.488327 0.339883 0.241500
v -0.509927 0.338383 0.228400
v -0.499027 0.343083 0.247200
v -0.520027 0.334083 0.209000
v -0.529227 0.330183 0.189100
v -0.491427 0.346283 0.169700
v -0.483127 0.349783 0.187600
v -0.442027 0.357083 0.284500
v -0.454727 0.351683 0.268500
v -0.446827 0.357583 0.260600
v -0.434527 0.362883 0.276200
v -0.451427 0.355683 0.292900
v -0.464527 0.350083 0.276400
v -0.466727 0.346583 0.251800
v -0.458427 0.352683 0.244400
v -0.476827 0.344883 0.259200
v -0.430227 0.372383 0.269200
v -0.417527 0.377783 0.283700
v -0.421527 0.368483 0.291000
v -0.428627 0.362783 0.299800
v -0.437627 0.361583 0.308600
v -0.461227 0.359183 0.299800
v -0.447127 0.365183 0.315900
v -0.474627 0.353483 0.282900
v -0.487227 0.348083 0.265400
v -0.453627 0.362383 0.238300
v -0.442327 0.367283 0.254100
v -0.384527 0.381683 0.341200
v -0.399827 0.375083 0.328200
v -0.393527 0.380383 0.318600
v -0.378627 0.386683 0.331200
v -0.392227 0.380883 0.351200
v -0.408027 0.374183 0.337800
v -0.414527 0.368783 0.314400
v -0.407827 0.374283 0.305200
v -0.423127 0.367683 0.323600
v -0.375727 0.395583 0.322900
v -0.360727 0.402083 0.334500
v -0.363227 0.393283 0.343000
v -0.368627 0.388383 0.353400
v -0.375927 0.387883 0.363700
v -0.400627 0.384983 0.359500
v -0.383927 0.392183 0.372300
v -0.416827 0.378083 0.345800
v -0.432327 0.371483 0.331200
v -0.404227 0.383483 0.297500
v -0.390227 0.389483 0.310600
v -0.317927 0.410083 0.384600
v -0.335227 0.402683 0.375100
v -0.330827 0.407083 0.364100
v -0.313927 0.414283 0.373400
v -0.323727 0.410083 0.395900
v -0.341627 0.402483 0.386100
v -0.352227 0.395383 0.364700
v -0.347227 0.400083 0.354000
v -0.359027 0.395083 0.375400
v -0.312627 0.422483 0.364100
v -0.295827 0.429683 0.372200
v -0.296627 0.421683 0.381700
v -0.300127 0.417583 0.393200
v -0.305427 0.417883 0.404700
v -0.330527 0.414883 0.405200
v -0.311827 0.422883 0.414200
v -0.348827 0.407083 0.395200
v -0.366627 0.399483 0.384200
v -0.345127 0.408683 0.345200
v -0.329127 0.415483 0.355100
v -0.244727 0.441183 0.413100
v -0.263527 0.433283 0.407400
v -0.261127 0.436783 0.395500
v -0.242927 0.444583 0.401000
v -0.248427 0.442183 0.425100
v -0.267727 0.433983 0.419300
v -0.281927 0.425383 0.400800
v -0.279027 0.429183 0.389100
v -0.286727 0.425883 0.412500
v -0.243427 0.452083 0.391000
v -0.225427 0.459683 0.395400
v -0.224527 0.452483 0.405500
v -0.225827 0.449283 0.417700
v -0.228927 0.450583 0.429900
v -0.253527 0.447683 0.435100
v -0.233527 0.456283 0.440000
v -0.273227 0.439283 0.429200
v -0.292727 0.430983 0.422200
v -0.278627 0.437083 0.379400
v -0.261127 0.444483 0.385700
v -0.167927 0.473983 0.425400
v -0.187327 0.465683 0.423900
v -0.187127 0.468383 0.411500
v -0.168327 0.476383 0.413000
v -0.169427 0.475883 0.437900
v -0.189427 0.467383 0.436300
v -0.206627 0.457483 0.421300
v -0.205927 0.460383 0.409000
v -0.209227 0.458983 0.433600
v -0.170627 0.483083 0.402700
v -0.152227 0.490983 0.403200
v -0.149427 0.484483 0.413500
v -0.148527 0.482283 0.426000
v -0.149427 0.484483 0.438400
v -0.172627 0.482183 0.448200
v -0.152227 0.490983 0.448700
v -0.193127 0.473483 0.446500
v -0.213427 0.464883 0.443800
v -0.207227 0.467483 0.398800
v -0.189027 0.475283 0.401300
v -0.090327 0.507083 0.421300
v -0.109627 0.498883 0.423900
v -0.111727 0.500483 0.411500
v -0.092927 0.508483 0.409000
v -0.089627 0.509983 0.433600
v -0.109427 0.501483 0.436300
v -0.129027 0.490583 0.425400
v -0.130527 0.492483 0.413000
v -0.129427 0.492983 0.437900
v -0.097127 0.514383 0.398800
v -0.079027 0.522183 0.395400
v -0.074327 0.516483 0.405500
v -0.071227 0.515183 0.417700
v -0.069927 0.518383 0.429900
v -0.091027 0.517083 0.443800
v -0.070827 0.525683 0.440000
v -0.111327 0.508383 0.446500
v -0.131727 0.499683 0.448200
v -0.133827 0.498783 0.402700
v -0.115427 0.506583 0.401300
v -0.015027 0.539183 0.400800
v -0.033527 0.531283 0.407400
v -0.037727 0.532083 0.395500
v -0.019827 0.539683 0.389100
v -0.012127 0.542983 0.412500
v -0.031127 0.534883 0.419300
v -0.052227 0.523283 0.413100
v -0.055927 0.524283 0.401000
v -0.050327 0.526683 0.425100
v -0.025727 0.544883 0.379400
v -0.008627 0.552183 0.372200
v -0.002227 0.547183 0.381700
v 0.003073 0.546883 0.393200
v 0.006573 0.550983 0.404700
v -0.011627 0.550883 0.422200
v 0.007473 0.558983 0.414200
v -0.031127 0.542583 0.429200
v -0.050827 0.534183 0.435100
v -0.061027 0.529783 0.391000
v -0.043227 0.537383 0.385700
v 0.055173 0.569083 0.364700
v 0.038273 0.561883 0.375100
v 0.031973 0.561783 0.364100
v 0.048373 0.568783 0.354000
v 0.060173 0.573783 0.375400
v 0.042773 0.566383 0.386100
v 0.020873 0.554483 0.384600
v 0.015073 0.554583 0.373400
v 0.024873 0.558783 0.395900
v 0.040773 0.573183 0.345200
v 0.056273 0.579883 0.334500
v 0.064373 0.575583 0.343000
v 0.071573 0.576083 0.353400
v 0.077073 0.580983 0.363700
v 0.062273 0.582383 0.384200
v 0.079573 0.589783 0.372300
v 0.044473 0.574783 0.395200
v 0.026173 0.566983 0.405200
v 0.008273 0.559383 0.364100
v 0.024673 0.566383 0.355100
v 0.117573 0.595683 0.314400
v 0.102873 0.589483 0.328200
v 0.094673 0.588483 0.318600
v 0.108973 0.594583 0.305200
v 0.124373 0.601183 0.323600
v 0.109173 0.594683 0.337800
v 0.087473 0.582883 0.341200
v 0.079773 0.582183 0.331200
v 0.093373 0.587983 0.351200
v 0.099873 0.598383 0.297500
v 0.113173 0.604083 0.283700
v 0.122673 0.600483 0.291000
v 0.131673 0.601683 0.299800
v 0.138773 0.607383 0.308600
v 0.127873 0.610383 0.331200
v 0.142773 0.616683 0.315900
v 0.112373 0.603783 0.345800
v 0.096273 0.596883 0.359500
v 0.071373 0.586283 0.322900
v 0.085873 0.592483 0.310600
v 0.169773 0.617983 0.251800
v 0.157773 0.612883 0.268500
v 0.147973 0.611283 0.260600
v 0.159573 0.616183 0.244400
v 0.177973 0.624083 0.259200
v 0.165673 0.618783 0.276400
v 0.145073 0.607483 0.284500
v 0.135673 0.605983 0.276200
v 0.152573 0.613183 0.292900
v 0.149273 0.619483 0.238300
v 0.159873 0.623983 0.221900
v 0.170473 0.620883 0.227600
v 0.180973 0.622783 0.234600
v 0.189473 0.628983 0.241500
v 0.182873 0.633783 0.265400
v 0.194573 0.638783 0.247200
v 0.170273 0.628383 0.282900
v 0.156873 0.622683 0.299800
v 0.125873 0.609483 0.269200
v 0.137873 0.614683 0.254100
v 0.209673 0.634983 0.179400
v 0.200873 0.631283 0.198300
v 0.189873 0.629083 0.192400
v 0.198373 0.632783 0.174100
v 0.219073 0.641583 0.184700
v 0.210073 0.637683 0.204200
v 0.191373 0.627183 0.216700
v 0.180573 0.625183 0.210300
v 0.200173 0.633483 0.223100
v 0.187073 0.635583 0.169700
v 0.194573 0.638783 0.151400
v 0.206073 0.635983 0.155300
v 0.217573 0.638383 0.160100
v 0.227173 0.644983 0.164800
v 0.224873 0.651683 0.189100
v 0.233173 0.655283 0.168800
v 0.215673 0.647783 0.209000
v 0.205573 0.643483 0.228400
v 0.169673 0.628183 0.205000
v 0.178773 0.632083 0.187600
v 0.235873 0.646183 0.099900
v 0.230673 0.643883 0.120300
v 0.218773 0.641383 0.116700
v 0.223773 0.643583 0.096900
v 0.245973 0.653083 0.102900
v 0.240673 0.650783 0.123900
v 0.224573 0.641283 0.140400
v 0.212873 0.638883 0.136200
v 0.234373 0.648083 0.144600
v 0.211873 0.646183 0.094400
v 0.215873 0.647883 0.074900
v 0.227973 0.645383 0.076900
v 0.240073 0.647983 0.079300
v 0.250373 0.654883 0.081700
v 0.252373 0.663483 0.105400
v 0.256873 0.665383 0.083700
v 0.246973 0.661083 0.126900
v 0.240573 0.658383 0.148000
v 0.201173 0.641583 0.132700
v 0.206973 0.644083 0.113700
v 0.247173 0.650983 0.016400
v 0.245773 0.650383 0.037500
v 0.233473 0.647683 0.036300
v 0.234873 0.648283 0.015800
v 0.257673 0.658083 0.017000
v 0.256273 0.657383 0.038700
v 0.243373 0.649383 0.058500
v 0.231173 0.646683 0.056600
v 0.253773 0.656383 0.060300
v 0.222673 0.650783 0.015300
v 0.223073 0.650983 -0.004700
v 0.235373 0.648483 -0.004700
v 0.247673 0.651183 -0.004700
v 0.258173 0.658283 -0.004700
v 0.264373 0.668583 0.017500
v 0.264873 0.668783 -0.004700
v 0.262873 0.667883 0.039700
v 0.260373 0.666883 0.061800
v 0.219073 0.649183 0.055100
v 0.221273 0.650183 0.035200
v 0.243373 0.649383 -0.067900
v 0.245773 0.650383 -0.047000
v 0.233473 0.647683 -0.045700
v 0.231173 0.646683 -0.066100
v 0.253773 0.656383 -0.069800
v 0.256273 0.657383 -0.048200
v 0.247173 0.650983 -0.025900
v 0.234873 0.648283 -0.025300
v 0.257673 0.658083 -0.026500
v 0.219073 0.649183 -0.064600
v 0.215873 0.647883 -0.084300
v 0.227973 0.645383 -0.086300
v 0.240073 0.647983 -0.088800
v 0.250373 0.654883 -0.091200
v 0.260373 0.666883 -0.071300
v 0.256873 0.665383 -0.093200
v 0.262873 0.667883 -0.049200
v 0.264373 0.668583 -0.027000
v 0.222673 0.650783 -0.024800
v 0.221273 0.650183 -0.044700
v 0.224573 0.641283 -0.149800
v 0.230673 0.643883 -0.129800
v 0.218773 0.641383 -0.126200
v 0.212873 0.638883 -0.145700
v 0.234373 0.648083 -0.154000
v 0.240673 0.650783 -0.133400
v 0.235873 0.646183 -0.109400
v 0.223773 0.643583 -0.106400
v 0.245973 0.653083 -0.112400
v 0.201173 0.641583 -0.142200
v 0.194573 0.638783 -0.160900
v 0.206073 0.635983 -0.164800
v 0.217573 0.638383 -0.169600
v 0.227173 0.644983 -0.174300
v 0.240573 0.658383 -0.157500
v 0.233173 0.655283 -0.178300
v 0.246973 0.661083 -0.136400
v 0.252373 0.663483 -0.114900
v 0.211873 0.646183 -0.103900
v 0.206973 0.644083 -0.123200
v 0.191373 0.627183 -0.226200
v 0.200873 0.631283 -0.207800
v 0.189873 0.629083 -0.201900
v 0.180573 0.625183 -0.219800
v 0.200173 0.633483 -0.232600
v 0.210073 0.637683 -0.213600
v 0.209673 0.634983 -0.188900
v 0.198373 0.632783 -0.183600
v 0.219073 0.641583 -0.194200
v 0.169673 0.628183 -0.214500
v 0.159873 0.623983 -0.231400
v 0.170473 0.620883 -0.237100
v 0.180973 0.622783 -0.244000
v 0.189473 0.628983 -0.250900
v 0.205573 0.643483 -0.237900
v 0.194573 0.638783 -0.256700
v 0.215673 0.647783 -0.218500
v 0.224873 0.651683 -0.198600
v 0.187073 0.635583 -0.179200
v 0.178773 0.632083 -0.197100
v 0.145073 0.607483 -0.294000
v 0.157773 0.612883 -0.278000
v 0.147973 0.611283 -0.270100
v 0.135673 0.605983 -0.285600
v 0.152573 0.613183 -0.302300
v 0.165673 0.618783 -0.285900
v 0.169773 0.617983 -0.261300
v 0.159573 0.616183 -0.253900
v 0.177973 0.624083 -0.268700
v 0.125873 0.609483 -0.278700
v 0.113173 0.604083 -0.293200
v 0.122673 0.600483 -0.300500
v 0.131673 0.601683 -0.309300
v 0.138773 0.607383 -0.318100
v 0.156873 0.622683 -0.309300
v 0.142773 0.616683 -0.325400
v 0.170273 0.628383 -0.292400
v 0.182873 0.633783 -0.274900
v 0.149273 0.619483 -0.247800
v 0.137873 0.614683 -0.263600
v 0.087473 0.582883 -0.350700
v 0.102873 0.589483 -0.337700
v 0.094673 0.588483 -0.328100
v 0.079773 0.582183 -0.340700
v 0.093373 0.587983 -0.360700
v 0.109173 0.594683 -0.347300
v 0.117573 0.595683 -0.323900
v 0.108973 0.594583 -0.314700
v 0.124373 0.601183 -0.333100
v 0.071373 0.586283 -0.332400
v 0.056273 0.579883 -0.344000
v 0.064373 0.575583 -0.352500
v 0.071573 0.576083 -0.362900
v 0.077073 0.580983 -0.373200
v 0.096273 0.596883 -0.368900
v 0.079573 0.589783 -0.381800
v 0.112373 0.603783 -0.355300
v 0.127873 0.610383 -0.340700
v 0.099873 0.598383 -0.307000
v 0.085873 0.592483 -0.320100
v 0.020873 0.554483 -0.394100
v 0.038273 0.561883 -0.384600
v 0.031973 0.561783 -0.373600
v 0.015073 0.554583 -0.382900
v 0.024873 0.558783 -0.405300
v 0.042773 0.566383 -0.395600
v 0.055173 0.569083 -0.374200
v 0.048373 0.568783 -0.363500
v 0.060173 0.573783 -0.384800
v 0.008273 0.559383 -0.373500
v -0.008627 0.552183 -0.381700
v -0.002227 0.547183 -0.391200
v 0.003073 0.546883 -0.402700
v 0.006573 0.550983 -0.414100
v 0.026173 0.566983 -0.414600
v 0.007473 0.558983 -0.423700
v 0.044473 0.574783 -0.404600
v 0.062273 0.582383 -0.393700
v 0.040773 0.573183 -0.354700
v 0.024673 0.566383 -0.364500
v -0.052227 0.523283 -0.422500
v -0.033527 0.531283 -0.416900
v -0.037727 0.532083 -0.405000
v -0.055927 0.524283 -0.410500
v -0.050327 0.526683 -0.434600
v -0.031127 0.534883 -0.428800
v -0.015027 0.539183 -0.410300
v -0.019827 0.539683 -0.398600
v -0.012127 0.542983 -0.422000
v -0.061027 0.529783 -0.400500
v -0.079027 0.522183 -0.404900
v -0.074327 0.516483 -0.415000
v -0.071227 0.515183 -0.427200
v -0.069927 0.518383 -0.439400
v -0.050827 0.534183 -0.444600
v -0.070827 0.525683 -0.449500
v -0.031127 0.542583 -0.438700
v -0.011627 0.550883 -0.431700
v -0.025727 0.544883 -0.388900
v -0.043227 0.537383 -0.395100
v -0.129027 0.490583 -0.434900
v -0.109627 0.498883 -0.433400
v -0.111727 0.500483 -0.421000
v -0.130527 0.492483 -0.422500
v -0.129427 0.492983 -0.447300
v -0.109427 0.501483 -0.445700
v -0.090327 0.507083 -0.430800
v -0.092927 0.508483 -0.418500
v -0.089627 0.509983 -0.443100
v -0.133827 0.498783 -0.412200
v -0.131727 0.499683 -0.457600
v -0.111327 0.508383 -0.456000
v -0.091027 0.517083 -0.453300
v -0.097127 0.514383 -0.408300
v -0.115427 0.506583 -0.410700
v -0.286327 0.496083 -0.405000
v -0.290627 0.496783 -0.416900
v -0.309127 0.488983 -0.410300
v -0.304327 0.488383 -0.398600
v -0.268127 0.503783 -0.410500
v -0.271827 0.504783 -0.422500
v -0.293027 0.493183 -0.428800
v -0.312027 0.485083 -0.422000
v -0.273727 0.501483 -0.434600
v -0.298327 0.483283 -0.388900
v -0.321927 0.480883 -0.391200
v -0.315527 0.475983 -0.381700
v -0.280827 0.490683 -0.395100
v -0.263127 0.498283 -0.400500
v -0.273227 0.493983 -0.444600
v -0.293027 0.485583 -0.438700
v -0.312427 0.477283 -0.431700
v -0.331527 0.469083 -0.423700
v -0.330627 0.477183 -0.414100
v -0.327227 0.481183 -0.402700
v -0.356027 0.466383 -0.373600
v -0.362327 0.466183 -0.384600
v -0.379327 0.458983 -0.374200
v -0.372527 0.459383 -0.363500
v -0.339227 0.473583 -0.382900
v -0.345027 0.473583 -0.394100
v -0.366827 0.461783 -0.395600
v -0.384227 0.454283 -0.384800
v -0.348927 0.469383 -0.405300
v -0.388427 0.452583 -0.352500
v -0.380427 0.448283 -0.344000
v -0.364827 0.454883 -0.354700
v -0.348827 0.461783 -0.364500
v -0.332327 0.468783 -0.373500
v -0.350227 0.461183 -0.414600
v -0.368527 0.453383 -0.404600
v -0.386327 0.445783 -0.393700
v -0.403627 0.438383 -0.381800
v -0.401127 0.447083 -0.373200
v -0.395727 0.451983 -0.362900
v -0.418727 0.439583 -0.328100
v -0.426927 0.438683 -0.337700
v -0.441627 0.432383 -0.323900
v -0.433027 0.433483 -0.314700
v -0.403927 0.445983 -0.340700
v -0.411627 0.445183 -0.350700
v -0.433327 0.433383 -0.347300
v -0.448427 0.426983 -0.333100
v -0.417527 0.440183 -0.360700
v -0.446727 0.427683 -0.300500
v -0.437227 0.424083 -0.293200
v -0.423927 0.429683 -0.307000
v -0.410027 0.435683 -0.320100
v -0.395427 0.441883 -0.332400
v -0.420427 0.431283 -0.368900
v -0.436527 0.424383 -0.355300
v -0.452027 0.417783 -0.340700
v -0.466827 0.411383 -0.325400
v -0.462927 0.420783 -0.318100
v -0.455727 0.426383 -0.309300
v -0.472127 0.416883 -0.270100
v -0.481827 0.415283 -0.278000
v -0.493827 0.410183 -0.261300
v -0.483727 0.411883 -0.253900
v -0.459727 0.422083 -0.285600
v -0.469127 0.420683 -0.294000
v -0.489827 0.409283 -0.285900
v -0.502127 0.404083 -0.268700
v -0.476727 0.414883 -0.302300
v -0.494627 0.407283 -0.237100
v -0.483927 0.404183 -0.231400
v -0.473327 0.408683 -0.247800
v -0.462027 0.413483 -0.263600
v -0.449927 0.418583 -0.278700
v -0.480927 0.405383 -0.309300
v -0.494327 0.399683 -0.292400
v -0.506927 0.394283 -0.274900
v -0.518727 0.389283 -0.256700
v -0.513627 0.399183 -0.250900
v -0.505027 0.405383 -0.244000
v -0.514027 0.398983 -0.201900
v -0.525027 0.396883 -0.207800
v -0.533727 0.393183 -0.188900
v -0.522527 0.395383 -0.183600
v -0.504727 0.402983 -0.219800
v -0.515427 0.400983 -0.226200
v -0.534227 0.390383 -0.213600
v -0.543127 0.386583 -0.194200
v -0.524327 0.394583 -0.232600
v -0.530127 0.392083 -0.164800
v -0.518627 0.389383 -0.160900
v -0.511127 0.392483 -0.179200
v -0.502827 0.396083 -0.197100
v -0.493827 0.399883 -0.214500
v -0.529627 0.384683 -0.237900
v -0.539727 0.380283 -0.218500
v -0.548927 0.376383 -0.198600
v -0.557227 0.372883 -0.178300
v -0.551327 0.383083 -0.174300
v -0.541627 0.389783 -0.169600
v -0.542827 0.386683 -0.126200
v -0.554727 0.384183 -0.129800
v -0.559927 0.381983 -0.109400
v -0.547927 0.384583 -0.106400
v -0.536927 0.389183 -0.145700
v -0.548627 0.386783 -0.149800
v -0.564727 0.377383 -0.133400
v -0.570127 0.375083 -0.112400
v -0.558527 0.380083 -0.154000
v -0.552027 0.382783 -0.086300
v -0.540027 0.380283 -0.084300
v -0.535927 0.381983 -0.103900
v -0.531027 0.384083 -0.123200
v -0.525227 0.386483 -0.142200
v -0.564627 0.369683 -0.157500
v -0.571027 0.366983 -0.136400
v -0.576527 0.364683 -0.114900
v -0.581027 0.362783 -0.093200
v -0.574527 0.373183 -0.091200
v -0.564227 0.380183 -0.088800
v -0.557627 0.380383 -0.045700
v -0.569927 0.377683 -0.047000
v -0.571327 0.377083 -0.025900
v -0.558927 0.379783 -0.025300
v -0.555227 0.381383 -0.066100
v -0.567527 0.378783 -0.067900
v -0.580327 0.370683 -0.048200
v -0.581827 0.370083 -0.026500
v -0.577927 0.371783 -0.069800
v -0.559427 0.379583 -0.004700
v -0.547227 0.377183 -0.004700
v -0.546727 0.377383 -0.024800
v -0.545427 0.377983 -0.044700
v -0.543127 0.378883 -0.064600
v -0.584527 0.361283 -0.071300
v -0.587027 0.360183 -0.049200
v -0.588527 0.359583 -0.027000
v -0.589027 0.359283 -0.004700
v -0.582327 0.369883 -0.004700
v -0.571827 0.376883 -0.004700
v -0.557627 0.380383 0.036300
v -0.569927 0.377683 0.037500
v -0.567527 0.378783 0.058500
v -0.555227 0.381383 0.056600
v -0.558927 0.379783 0.015800
v -0.571327 0.377083 0.016400
v -0.580327 0.370683 0.038700
v -0.577927 0.371783 0.060300
v -0.581827 0.370083 0.017000
v -0.552027 0.382783 0.076900
v -0.540027 0.380283 0.074900
v -0.543127 0.378883 0.055100
v -0.545427 0.377983 0.035200
v -0.546727 0.377383 0.015300
v -0.588527 0.359583 0.017500
v -0.587027 0.360183 0.039700
v -0.584527 0.361283 0.061800
v -0.581027 0.362783 0.083700
v -0.574527 0.373183 0.081700
v -0.564227 0.380183 0.079300
v -0.542827 0.386683 0.116700
v -0.554727 0.384183 0.120300
v -0.548627 0.386783 0.140400
v -0.536927 0.389183 0.136200
v -0.547927 0.384583 0.096900
v -0.559927 0.381983 0.099900
v -0.564727 0.377383 0.123900
v -0.558527 0.380083 0.144600
v -0.570127 0.375083 0.102900
v -0.530127 0.392083 0.155300
v -0.518627 0.389383 0.151400
v -0.525227 0.386483 0.132700
v -0.531027 0.384083 0.113700
v -0.535927 0.381983 0.094400
v -0.576527 0.364683 0.105400
v -0.571027 0.366983 0.126900
v -0.564627 0.369683 0.148000
v -0.557227 0.372883 0.168800
v -0.551327 0.383083 0.164800
v -0.541627 0.389783 0.160100
v -0.514027 0.398983 0.192400
v -0.525027 0.396883 0.198300
v -0.515427 0.400983 0.216700
v -0.504727 0.402983 0.210300
v -0.522527 0.395383 0.174100
v -0.533727 0.393183 0.179400
v -0.534227 0.390383 0.204200
v -0.524327 0.394583 0.223100
v -0.543127 0.386583 0.184700
v -0.494627 0.407283 0.227600
v -0.483927 0.404183 0.221900
v -0.493827 0.399883 0.205000
v -0.502827 0.396083 0.187600
v -0.511127 0.392483 0.169700
v -0.548927 0.376383 0.189100
v -0.539727 0.380283 0.209000
v -0.529627 0.384683 0.228400
v -0.518727 0.389283 0.247200
v -0.513627 0.399183 0.241500
v -0.505027 0.405383 0.234500
v -0.472127 0.416883 0.260600
v -0.481827 0.415283 0.268500
v -0.469127 0.420683 0.284500
v -0.459727 0.422083 0.276200
v -0.483727 0.411883 0.244400
v -0.493827 0.410183 0.251800
v -0.489827 0.409283 0.276400
v -0.476727 0.414883 0.292900
v -0.502127 0.404083 0.259200
v -0.446727 0.427683 0.291000
v -0.437227 0.424083 0.283700
v -0.449927 0.418583 0.269200
v -0.462027 0.413483 0.254100
v -0.473327 0.408683 0.238300
v -0.506927 0.394283 0.265400
v -0.494327 0.399683 0.282900
v -0.480927 0.405383 0.299800
v -0.466827 0.411383 0.315900
v -0.462927 0.420783 0.308600
v -0.455727 0.426383 0.299800
v -0.418727 0.439583 0.318600
v -0.426927 0.438683 0.328200
v -0.411627 0.445183 0.341200
v -0.403927 0.445983 0.331200
v -0.433027 0.433483 0.305200
v -0.441627 0.432383 0.314400
v -0.433327 0.433383 0.337800
v -0.417527 0.440183 0.351200
v -0.448427 0.426983 0.323600
v -0.388427 0.452583 0.343000
v -0.380427 0.448283 0.334500
v -0.395427 0.441883 0.322900
v -0.410027 0.435683 0.310600
v -0.423927 0.429683 0.297500
v -0.452027 0.417783 0.331200
v -0.436527 0.424383 0.345800
v -0.420427 0.431283 0.359500
v -0.403627 0.438383 0.372300
v -0.401127 0.447083 0.363700
v -0.395727 0.451983 0.353400
v -0.356027 0.466383 0.364100
v -0.362327 0.466183 0.375100
v -0.345027 0.473583 0.384600
v -0.339227 0.473583 0.373400
v -0.372527 0.459383 0.354000
v -0.379327 0.458983 0.364700
v -0.366827 0.461783 0.386100
v -0.348927 0.469383 0.395900
v -0.384227 0.454283 0.375400
v -0.321927 0.480883 0.381700
v -0.315527 0.475983 0.372200
v -0.332327 0.468783 0.364100
v -0.348827 0.461783 0.355100
v -0.364827 0.454883 0.345200
v -0.386327 0.445783 0.384200
v -0.368527 0.453383 0.395200
v -0.350227 0.461183 0.405200
v -0.331527 0.469083 0.414200
v -0.330627 0.477183 0.404700
v -0.327227 0.481183 0.393200
v -0.286327 0.496083 0.395500
v -0.290627 0.496783 0.407400
v -0.271827 0.504783 0.413100
v -0.268127 0.503783 0.401000
v -0.304327 0.488383 0.389100
v -0.309127 0.488983 0.400800
v -0.293027 0.493183 0.419300
v -0.273727 0.501483 0.425100
v -0.312027 0.485083 0.412500
v -0.249727 0.511683 0.405500
v -0.245127 0.505983 0.395400
v -0.263127 0.498283 0.391000
v -0.280827 0.490683 0.385700
v -0.298327 0.483283 0.379400
v -0.312427 0.477283 0.422200
v -0.293027 0.485583 0.429200
v -0.273227 0.493983 0.435100
v -0.253327 0.502483 0.440000
v -0.254227 0.509783 0.429900
v -0.252927 0.512883 0.417700
v -0.212427 0.527583 0.411500
v -0.214427 0.529283 0.423900
v -0.195027 0.537583 0.425400
v -0.193527 0.535583 0.413000
v -0.231127 0.519583 0.409000
v -0.233727 0.521083 0.421300
v -0.214627 0.526683 0.436300
v -0.194727 0.535183 0.437900
v -0.234527 0.518183 0.433600
v -0.174727 0.543683 0.413500
v -0.171927 0.537183 0.403200
v -0.190327 0.529283 0.402700
v -0.208727 0.521483 0.401300
v -0.226927 0.513683 0.398800
v -0.233127 0.511083 0.443800
v -0.212827 0.519783 0.446500
v -0.192327 0.528483 0.448200
v -0.171927 0.537183 0.448700
v -0.174727 0.543683 0.438400
v -0.175627 0.545883 0.426000
v -0.136927 0.559783 0.411500
v -0.136727 0.562383 0.423900
v -0.117427 0.570683 0.421300
v -0.118227 0.567783 0.409000
v -0.155827 0.551683 0.413000
v -0.156127 0.554183 0.425400
v -0.134727 0.560683 0.436300
v -0.114827 0.569183 0.433600
v -0.154727 0.552183 0.437900
v -0.099627 0.575683 0.405500
v -0.098727 0.568383 0.395400
v -0.116827 0.560683 0.398800
v -0.135127 0.552883 0.401300
v -0.153527 0.544983 0.402700
v -0.151427 0.545883 0.448200
v -0.131027 0.554583 0.446500
v -0.110727 0.563283 0.443800
v -0.090527 0.571883 0.440000
v -0.095127 0.577583 0.429900
v -0.098327 0.578783 0.417700
v -0.063027 0.591283 0.395500
v -0.060627 0.594883 0.407400
v -0.042127 0.602783 0.400800
v -0.045027 0.598983 0.389100
v -0.081227 0.583583 0.401000
v -0.079327 0.586883 0.413100
v -0.056327 0.594083 0.419300
v -0.037327 0.602183 0.412500
v -0.075627 0.585883 0.425100
v -0.027427 0.606483 0.381700
v -0.028327 0.598383 0.372200
v -0.045527 0.591083 0.379400
v -0.062927 0.583583 0.385700
v -0.080727 0.576083 0.391000
v -0.070527 0.580383 0.435100
v -0.050827 0.588783 0.429200
v -0.031427 0.597083 0.422200
v -0.012327 0.605283 0.414200
v -0.018727 0.610183 0.404700
v -0.024027 0.610483 0.393200
v 0.006673 0.620983 0.364100
v 0.011173 0.625483 0.375100
v 0.028073 0.632683 0.364700
v 0.023173 0.627983 0.354000
v -0.010127 0.613783 0.373400
v -0.006227 0.618083 0.384600
v 0.017473 0.625583 0.386100
v 0.034873 0.633083 0.375400
v -0.000427 0.617983 0.395900
v 0.039073 0.634783 0.343000
v 0.036573 0.626083 0.334500
v 0.021073 0.619483 0.345200
v 0.004973 0.612583 0.355100
v -0.011427 0.605583 0.364100
v 0.006473 0.613183 0.405200
v 0.024673 0.620983 0.395200
v 0.042573 0.628583 0.384200
v 0.059873 0.635983 0.372300
v 0.051773 0.640283 0.363700
v 0.044473 0.639683 0.353400
v 0.069373 0.647783 0.318600
v 0.075773 0.652983 0.328200
v 0.090473 0.659283 0.314400
v 0.083673 0.653883 0.305200
v 0.054473 0.641383 0.331200
v 0.060373 0.646483 0.341200
v 0.083873 0.653983 0.337800
v 0.099073 0.660383 0.323600
v 0.068173 0.647183 0.351200
v 0.097373 0.659683 0.291000
v 0.093473 0.650283 0.283700
v 0.080073 0.644683 0.297500
v 0.066173 0.638683 0.310600
v 0.051673 0.632483 0.322900
v 0.076573 0.643083 0.359500
v 0.092673 0.649983 0.345800
v 0.108173 0.656583 0.331200
v 0.123073 0.662883 0.315900
v 0.113573 0.666583 0.308600
v 0.104573 0.665283 0.299800
v 0.122773 0.670483 0.260600
v 0.130673 0.676383 0.268500
v 0.142673 0.681483 0.251800
v 0.134373 0.675483 0.244400
v 0.110373 0.665183 0.276200
v 0.117973 0.670983 0.284500
v 0.140473 0.677983 0.276400
v 0.152773 0.683283 0.259200
v 0.127373 0.672483 0.292900
v 0.145273 0.680083 0.227600
v 0.140173 0.670183 0.221900
v 0.129573 0.665683 0.238300
v 0.118173 0.660883 0.254100
v 0.106173 0.655783 0.269200
v 0.137173 0.668983 0.299800
v 0.150573 0.674683 0.282900
v 0.163073 0.679983 0.265400
v 0.174873 0.685083 0.247200
v 0.164273 0.688183 0.241500
v 0.153873 0.686283 0.234600
v 0.164673 0.688383 0.192400
v 0.173773 0.694783 0.198300
v 0.182573 0.698583 0.179400
v 0.173173 0.691983 0.174100
v 0.155373 0.684383 0.210300
v 0.164273 0.690783 0.216700
v 0.184773 0.696983 0.204200
v 0.193773 0.700783 0.184700
v 0.174973 0.692783 0.223100
v 0.180773 0.695283 0.155300
v 0.174773 0.684983 0.151400
v 0.167373 0.681783 0.169700
v 0.159073 0.678283 0.187600
v 0.149973 0.674383 0.205000
v 0.185873 0.689683 0.228400
v 0.195973 0.693983 0.209000
v 0.205173 0.697983 0.189100
v 0.213473 0.701483 0.168800
v 0.201973 0.704283 0.164800
v 0.190473 0.701883 0.160100
v 0.193473 0.700683 0.116700
v 0.203573 0.707483 0.120300
v 0.208673 0.709683 0.099900
v 0.198573 0.702783 0.096900
v 0.187573 0.698183 0.136200
v 0.197473 0.704883 0.140400
v 0.215373 0.709983 0.123900
v 0.220773 0.712283 0.102900
v 0.209173 0.707283 0.144600
v 0.202673 0.704583 0.076900
v 0.196173 0.694083 0.074900
v 0.192173 0.692383 0.094400
v 0.187173 0.690283 0.113700
v 0.181473 0.687883 0.132700
v 0.220773 0.704583 0.148000
v 0.227273 0.707383 0.126900
v 0.232673 0.709683 0.105400
v 0.237173 0.711583 0.083700
v 0.225173 0.714183 0.081700
v 0.212973 0.711483 0.079300
v 0.208273 0.706983 0.036300
v 0.218673 0.713983 0.037500
v 0.220073 0.714583 0.016400
v 0.209573 0.707483 0.015800
v 0.205873 0.705983 0.056600
v 0.216273 0.712983 0.058500
v 0.230973 0.716683 0.038700
v 0.232473 0.717283 0.017000
v 0.228573 0.715583 0.060300
v 0.210073 0.707683 -0.004700
v 0.203373 0.697183 -0.004700
v 0.202973 0.696983 0.015300
v 0.201573 0.696383 0.035200
v 0.199273 0.695483 0.055100
v 0.240673 0.713083 0.061800
v 0.243173 0.714183 0.039700
v 0.244673 0.714783 0.017500
v 0.245173 0.714983 -0.004700
v 0.232973 0.717483 -0.004700
v 0.220573 0.714783 -0.004700
v 0.208273 0.706983 -0.045700
v 0.218673 0.713983 -0.047000
v 0.216273 0.712983 -0.067900
v 0.205873 0.705983 -0.066100
v 0.209573 0.707483 -0.025300
v 0.220073 0.714583 -0.025900
v 0.230973 0.716683 -0.048200
v 0.228573 0.715583 -0.069800
v 0.232473 0.717283 -0.026500
v 0.202673 0.704583 -0.086300
v 0.196173 0.694083 -0.084300
v 0.199273 0.695483 -0.064600
v 0.201573 0.696383 -0.044700
v 0.202973 0.696983 -0.024800
v 0.244673 0.714783 -0.027000
v 0.243173 0.714183 -0.049200
v 0.240673 0.713083 -0.071300
v 0.237173 0.711583 -0.093200
v 0.225173 0.714183 -0.091200
v 0.212973 0.711483 -0.088800
v 0.193473 0.700683 -0.126200
v 0.203573 0.707483 -0.129800
v 0.197473 0.704883 -0.149800
v 0.187573 0.698183 -0.145700
v 0.198573 0.702783 -0.106400
v 0.208673 0.709683 -0.109400
v 0.215373 0.709983 -0.133400
v 0.209173 0.707283 -0.154000
v 0.220773 0.712283 -0.112400
v 0.180773 0.695283 -0.164800
v 0.174773 0.684983 -0.160900
v 0.181473 0.687883 -0.142200
v 0.187173 0.690283 -0.123200
v 0.192173 0.692383 -0.103900
v 0.232673 0.709683 -0.114900
v 0.227273 0.707383 -0.136400
v 0.220773 0.704583 -0.157500
v 0.213473 0.701483 -0.178300
v 0.201973 0.704283 -0.174300
v 0.190473 0.701883 -0.169600
v 0.164673 0.688383 -0.201900
v 0.173773 0.694783 -0.207800
v 0.164273 0.690783 -0.226200
v 0.155373 0.684383 -0.219800
v 0.173173 0.691983 -0.183600
v 0.182573 0.698583 -0.188900
v 0.184773 0.696983 -0.213600
v 0.174973 0.692783 -0.232600
v 0.193773 0.700783 -0.194200
v 0.145273 0.680083 -0.237100
v 0.140173 0.670183 -0.231400
v 0.149973 0.674383 -0.214500
v 0.159073 0.678283 -0.197100
v 0.167373 0.681783 -0.179200
v 0.205173 0.697983 -0.198600
v 0.195973 0.693983 -0.218500
v 0.185873 0.689683 -0.237900
v 0.174873 0.685083 -0.256700
v 0.164273 0.688183 -0.250900
v 0.153873 0.686283 -0.244000
v 0.122773 0.670483 -0.270100
v 0.130673 0.676383 -0.278000
v 0.117973 0.670983 -0.294000
v 0.110373 0.665183 -0.285600
v 0.134373 0.675483 -0.253900
v 0.142673 0.681483 -0.261300
v 0.140473 0.677983 -0.285900
v 0.127373 0.672483 -0.302300
v 0.152773 0.683283 -0.268700
v 0.097373 0.659683 -0.300500
v 0.093473 0.650283 -0.293200
v 0.106173 0.655783 -0.278700
v 0.118173 0.660883 -0.263600
v 0.129573 0.665683 -0.247800
v 0.163073 0.679983 -0.274900
v 0.150573 0.674683 -0.292400
v 0.137173 0.668983 -0.309300
v 0.123073 0.662883 -0.325400
v 0.113573 0.666583 -0.318100
v 0.104573 0.665283 -0.309300
v 0.069373 0.647783 -0.328100
v 0.075773 0.652983 -0.337700
v 0.060373 0.646483 -0.350700
v 0.054473 0.641383 -0.340700
v 0.083673 0.653883 -0.314700
v 0.090473 0.659283 -0.323900
v 0.083873 0.653983 -0.347300
v 0.068173 0.647183 -0.360700
v 0.099073 0.660383 -0.333100
v 0.039073 0.634783 -0.352500
v 0.036573 0.626083 -0.344000
v 0.051673 0.632483 -0.332400
v 0.066173 0.638683 -0.320100
v 0.080073 0.644683 -0.307000
v 0.108173 0.656583 -0.340700
v 0.092673 0.649983 -0.355300
v 0.076573 0.643083 -0.368900
v 0.059873 0.635983 -0.381800
v 0.051773 0.640283 -0.373200
v 0.044473 0.639683 -0.362900
v 0.006673 0.620983 -0.373600
v 0.011173 0.625483 -0.384600
v -0.006227 0.618083 -0.394100
v -0.010127 0.613783 -0.382900
v 0.023173 0.627983 -0.363500
v 0.028073 0.632683 -0.374200
v 0.017473 0.625583 -0.395600
v -0.000427 0.617983 -0.405300
v 0.034873 0.633083 -0.384800
v -0.027427 0.606483 -0.391200
v -0.028327 0.598383 -0.381700
v -0.011427 0.605583 -0.373500
v 0.004973 0.612583 -0.364500
v 0.021073 0.619483 -0.354700
v 0.042573 0.628583 -0.393700
v 0.024673 0.620983 -0.404600
v 0.006473 0.613183 -0.414600
v -0.012327 0.605283 -0.423700
v -0.018727 0.610183 -0.414100
v -0.024027 0.610483 -0.402700
v -0.063027 0.591283 -0.405000
v -0.060627 0.594883 -0.416900
v -0.079327 0.586883 -0.422500
v -0.081227 0.583583 -0.410500
v -0.045027 0.598983 -0.398600
v -0.042127 0.602783 -0.410300
v -0.056327 0.594083 -0.428800
v -0.075627 0.585883 -0.434600
v -0.037327 0.602183 -0.422000
v -0.099627 0.575683 -0.415000
v -0.098727 0.568383 -0.404900
v -0.080727 0.576083 -0.400500
v -0.062927 0.583583 -0.395100
v -0.045527 0.591083 -0.388900
v -0.031427 0.597083 -0.431700
v -0.050827 0.588783 -0.438700
v -0.070527 0.580383 -0.444600
v -0.090527 0.571883 -0.449500
v -0.095127 0.577583 -0.439400
v -0.098327 0.578783 -0.427200
v -0.136927 0.559783 -0.421000
v -0.136727 0.562383 -0.433400
v -0.156127 0.554183 -0.434900
v -0.155827 0.551683 -0.422500
v -0.118227 0.567783 -0.418500
v -0.117427 0.570683 -0.430800
v -0.134727 0.560683 -0.445700
v -0.154727 0.552183 -0.447300
v -0.114827 0.569183 -0.443100
v -0.153527 0.544983 -0.412200
v -0.135127 0.552883 -0.410700
v -0.116827 0.560683 -0.408300
v -0.110727 0.563283 -0.453300
v -0.131027 0.554583 -0.456000
v -0.151427 0.545883 -0.457600
v 0.248073 0.673983 -0.138200
v 0.244573 0.687483 -0.138800
v 0.250173 0.689783 -0.117000
v 0.253673 0.676383 -0.116500
v 0.241573 0.671183 -0.159700
v 0.238073 0.684683 -0.160400
v 0.237373 0.699283 -0.138200
v 0.242873 0.701683 -0.116500
v 0.230873 0.696483 -0.159700
v 0.258173 0.678283 -0.094400
v 0.234173 0.668083 -0.180700
v 0.230573 0.681483 -0.181500
v 0.223373 0.693283 -0.180700
v 0.247473 0.703583 -0.094400
v 0.254773 0.691783 -0.094900
v -0.120427 0.516883 -0.404400
v -0.126027 0.529383 -0.402300
v -0.144027 0.521783 -0.403700
v -0.138527 0.509183 -0.405800
v -0.102427 0.524483 -0.402000
v -0.108127 0.537083 -0.399900
v -0.131227 0.542183 -0.404400
v -0.149327 0.534383 -0.405800
v -0.113227 0.549783 -0.402000
v -0.156627 0.501383 -0.406300
v -0.084627 0.532183 -0.398600
v -0.090327 0.544583 -0.396500
v -0.095327 0.557383 -0.398600
v -0.167427 0.526683 -0.406300
v -0.162027 0.514083 -0.404200
v -0.482427 0.362483 -0.194000
v -0.486127 0.375883 -0.193000
v -0.494227 0.372483 -0.175500
v -0.490627 0.359083 -0.176400
v -0.473527 0.366283 -0.211200
v -0.477227 0.379683 -0.210100
v -0.493227 0.387783 -0.194000
v -0.501327 0.384283 -0.176400
v -0.484327 0.391583 -0.211200
v -0.497927 0.355883 -0.158400
v -0.463827 0.370483 -0.227800
v -0.467527 0.383783 -0.226700
v -0.474627 0.395783 -0.227800
v -0.508727 0.381183 -0.158400
v -0.501527 0.369283 -0.157600
v 0.216373 0.660483 -0.221500
v 0.212773 0.673883 -0.222500
v 0.222073 0.677883 -0.202300
v 0.225673 0.664483 -0.201300
v 0.206173 0.656083 -0.241100
v 0.202473 0.669483 -0.242200
v 0.205573 0.685783 -0.221500
v 0.214973 0.689783 -0.201300
v 0.195373 0.681383 -0.241100
v 0.195073 0.651383 -0.260200
v 0.191273 0.664683 -0.261400
v 0.184273 0.676683 -0.260200
v -0.198127 0.483783 -0.462400
v -0.203727 0.496283 -0.464500
v -0.182927 0.505183 -0.466200
v -0.177427 0.492583 -0.464000
v -0.218727 0.474983 -0.459600
v -0.224427 0.487483 -0.461700
v -0.208927 0.508983 -0.462400
v -0.188227 0.517883 -0.464000
v -0.229527 0.500283 -0.459600
v -0.156627 0.501383 -0.464600
v -0.239227 0.466183 -0.455700
v -0.244927 0.478683 -0.457800
v -0.249927 0.491483 -0.455700
v -0.167427 0.526683 -0.464600
v -0.162027 0.514083 -0.466700
v -0.510127 0.350683 -0.121300
v -0.513627 0.364183 -0.120700
v -0.518527 0.362083 -0.101800
v -0.515027 0.348683 -0.102300
v -0.504427 0.353083 -0.140000
v -0.508027 0.366583 -0.139300
v -0.520927 0.375983 -0.121300
v -0.525727 0.373883 -0.102300
v -0.515227 0.378383 -0.140000
v -0.518927 0.346983 -0.083100
v -0.529727 0.372183 -0.083100
v -0.522427 0.360383 -0.082700
v 0.170273 0.640783 -0.296500
v 0.166473 0.654083 -0.297800
v 0.179273 0.659583 -0.279900
v 0.183073 0.646283 -0.278700
v 0.156773 0.635083 -0.313500
v 0.152773 0.648283 -0.315000
v 0.159573 0.666083 -0.296500
v 0.172273 0.671583 -0.278700
v 0.145973 0.660383 -0.313500
v 0.142473 0.628983 -0.329900
v 0.138473 0.642183 -0.331400
v 0.131673 0.654183 -0.329900
v -0.279427 0.449083 -0.444800
v -0.285427 0.461483 -0.446800
v -0.265327 0.470083 -0.452900
v -0.259427 0.457583 -0.450800
v -0.299127 0.440683 -0.437700
v -0.305227 0.452983 -0.439700
v -0.290227 0.474383 -0.444800
v -0.270227 0.482883 -0.450800
v -0.309927 0.465983 -0.437700
v -0.318527 0.432383 -0.429600
v -0.324627 0.444683 -0.431500
v -0.329327 0.457683 -0.429600
v -0.524327 0.344683 -0.044100
v -0.527727 0.358183 -0.043900
v -0.529027 0.357583 -0.024300
v -0.525627 0.344083 -0.024400
v -0.522027 0.345583 -0.063700
v -0.525527 0.359083 -0.063300
v -0.535027 0.369983 -0.044100
v -0.536427 0.369383 -0.024400
v -0.532827 0.370883 -0.063700
v -0.526027 0.343883 -0.004700
v -0.536827 0.369183 -0.004700
v -0.529527 0.357383 -0.004700
v 0.111673 0.615883 -0.360200
v 0.107573 0.628983 -0.361800
v 0.123373 0.635783 -0.347000
v 0.127373 0.622583 -0.345500
v 0.095273 0.608883 -0.374100
v 0.091073 0.621983 -0.375800
v 0.100873 0.641083 -0.360200
v 0.116673 0.647783 -0.345500
v 0.084573 0.634183 -0.374100
v 0.078373 0.601583 -0.387100
v 0.074073 0.614683 -0.388900
v 0.067573 0.626883 -0.387100
v -0.356027 0.416383 -0.410300
v -0.362327 0.428683 -0.412200
v -0.343727 0.436583 -0.422400
v -0.337527 0.424283 -0.420400
v -0.374127 0.408683 -0.399200
v -0.380527 0.420883 -0.401000
v -0.366827 0.441683 -0.410300
v -0.348327 0.449583 -0.420400
v -0.384927 0.433983 -0.399200
v -0.391627 0.401183 -0.387100
v -0.398127 0.413383 -0.388900
v -0.402427 0.426483 -0.387100
v -0.524327 0.344683 0.034600
v -0.527727 0.358183 0.034400
v -0.525527 0.359083 0.053900
v -0.522027 0.345583 0.054200
v -0.525627 0.344083 0.015000
v -0.529027 0.357583 0.014900
v -0.535027 0.369983 0.034600
v -0.532827 0.370883 0.054200
v -0.536427 0.369383 0.015000
v -0.518927 0.346983 0.073600
v -0.529727 0.372183 0.073600
v -0.522427 0.360383 0.073200
v 0.042773 0.586483 -0.410300
v 0.038273 0.599483 -0.412200
v 0.056373 0.607183 -0.401000
v 0.060773 0.594183 -0.399200
v 0.024173 0.578483 -0.420400
v 0.019673 0.591483 -0.422400
v 0.031973 0.611683 -0.410300
v 0.049973 0.619383 -0.399200
v 0.013373 0.603783 -0.420400
v 0.005173 0.570483 -0.429600
v 0.000573 0.583383 -0.431500
v -0.005527 0.595683 -0.429600
v -0.425027 0.386983 -0.360200
v -0.431627 0.399083 -0.361800
v -0.415227 0.406083 -0.375800
v -0.408627 0.393983 -0.374100
v -0.440727 0.380283 -0.345500
v -0.447427 0.392383 -0.347000
v -0.435827 0.412283 -0.360200
v -0.419427 0.419283 -0.374100
v -0.451527 0.405583 -0.345500
v -0.455727 0.373883 -0.329900
v -0.462527 0.385983 -0.331400
v -0.466527 0.399183 -0.329900
v -0.510127 0.350683 0.111800
v -0.513627 0.364183 0.111200
v -0.508027 0.366583 0.129800
v -0.504427 0.353083 0.130500
v -0.515027 0.348683 0.092800
v -0.518527 0.362083 0.092300
v -0.520927 0.375983 0.111800
v -0.515227 0.378383 0.130500
v -0.525727 0.373883 0.092800
v -0.497927 0.355883 0.148900
v -0.508727 0.381183 0.148900
v -0.501527 0.369283 0.148100
v -0.033827 0.553783 -0.444800
v -0.038727 0.566683 -0.446800
v -0.018927 0.575083 -0.439700
v -0.014127 0.562183 -0.437700
v -0.053927 0.545283 -0.450800
v -0.058827 0.558083 -0.452900
v -0.044627 0.579083 -0.444800
v -0.024927 0.587483 -0.437700
v -0.064627 0.570483 -0.450800
v -0.074127 0.536583 -0.455700
v -0.079127 0.549383 -0.457800
v -0.084927 0.561883 -0.455700
v -0.483627 0.361983 -0.296500
v -0.490527 0.373983 -0.297800
v -0.476927 0.379783 -0.315000
v -0.470127 0.367783 -0.313500
v -0.496427 0.356583 -0.278700
v -0.503327 0.368483 -0.279900
v -0.494427 0.387283 -0.296500
v -0.480827 0.393083 -0.313500
v -0.507227 0.381883 -0.278700
v -0.508327 0.351483 -0.260200
v -0.515427 0.363383 -0.261400
v -0.519127 0.376783 -0.260200
v -0.482427 0.362483 0.184600
v -0.486127 0.375883 0.183600
v -0.477227 0.379683 0.200600
v -0.473527 0.366283 0.201700
v -0.490627 0.359083 0.167000
v -0.494227 0.372483 0.166000
v -0.493227 0.387783 0.184600
v -0.484327 0.391583 0.201700
v -0.501327 0.384283 0.167000
v -0.463827 0.370483 0.218400
v -0.474627 0.395783 0.218400
v -0.467527 0.383783 0.217200
v -0.115227 0.519083 -0.462400
v -0.120427 0.531783 -0.464500
v -0.099727 0.540683 -0.461700
v -0.094627 0.527883 -0.459600
v -0.135927 0.510283 -0.464000
v -0.141227 0.522983 -0.466200
v -0.126027 0.544383 -0.462400
v -0.105327 0.553183 -0.459600
v -0.146727 0.535583 -0.464000
v -0.529727 0.342383 -0.221500
v -0.536827 0.354283 -0.222500
v -0.526527 0.358683 -0.242200
v -0.519427 0.346683 -0.241100
v -0.539027 0.338383 -0.201300
v -0.546227 0.350283 -0.202300
v -0.540527 0.367683 -0.221500
v -0.530227 0.371983 -0.241100
v -0.549827 0.363683 -0.201300
v -0.547427 0.334783 -0.180700
v -0.554627 0.346683 -0.181500
v -0.558227 0.360083 -0.180700
v -0.442227 0.379683 0.250000
v -0.446127 0.392983 0.248700
v -0.434327 0.397983 0.263500
v -0.430327 0.384683 0.264900
v -0.453327 0.374883 0.234500
v -0.457227 0.388183 0.233200
v -0.453027 0.404983 0.250000
v -0.441127 0.409983 0.264900
v -0.464127 0.400183 0.234500
v -0.417827 0.390083 0.279200
v -0.428627 0.415283 0.279200
v -0.421827 0.403283 0.277700
v -0.561427 0.328783 -0.138200
v -0.568727 0.340683 -0.138800
v -0.562127 0.343483 -0.160400
v -0.554927 0.331583 -0.159700
v -0.567027 0.326483 -0.116500
v -0.574227 0.338283 -0.117000
v -0.572227 0.354083 -0.138200
v -0.565727 0.356883 -0.159700
v -0.577727 0.351783 -0.116500
v -0.571527 0.324483 -0.094400
v -0.578827 0.336383 -0.094900
v -0.582327 0.349783 -0.094400
v -0.391027 0.401483 0.305700
v -0.395127 0.414683 0.304000
v -0.380927 0.420783 0.316100
v -0.376727 0.407583 0.317800
v -0.404727 0.395683 0.292800
v -0.408827 0.408883 0.291200
v -0.401827 0.426783 0.305700
v -0.387527 0.432883 0.317800
v -0.415527 0.420883 0.292800
v -0.361927 0.413883 0.329200
v -0.372627 0.439183 0.329200
v -0.366227 0.426983 0.327400
v -0.577627 0.321983 -0.049800
v -0.584927 0.333783 -0.050000
v -0.582427 0.334783 -0.072500
v -0.575027 0.322983 -0.072200
v -0.579127 0.321283 -0.027300
v -0.586527 0.333083 -0.027400
v -0.588427 0.347183 -0.049800
v -0.585827 0.348283 -0.072200
v -0.589927 0.346583 -0.027300
v -0.579627 0.321083 -0.004700
v -0.587027 0.332883 -0.004700
v -0.590427 0.346383 -0.004700
v -0.330827 0.427183 0.349400
v -0.335227 0.440183 0.347500
v -0.319127 0.447083 0.356400
v -0.314627 0.434083 0.358300
v -0.346527 0.420483 0.339700
v -0.350927 0.433483 0.337900
v -0.341527 0.452483 0.349400
v -0.325427 0.459383 0.358300
v -0.357327 0.445683 0.339700
v -0.298027 0.441183 0.366300
v -0.308827 0.466383 0.366300
v -0.302627 0.454083 0.364300
v -0.577627 0.321983 0.040300
v -0.584927 0.333783 0.040500
v -0.586527 0.333083 0.017900
v -0.579127 0.321283 0.017800
v -0.575027 0.322983 0.062700
v -0.582427 0.334783 0.063000
v -0.588427 0.347183 0.040300
v -0.589927 0.346583 0.017800
v -0.585827 0.348283 0.062700
v -0.571527 0.324483 0.085000
v -0.578827 0.336383 0.085400
v -0.582327 0.349783 0.085000
v -0.263927 0.455683 0.379500
v -0.268727 0.468583 0.377500
v -0.251327 0.475983 0.382700
v -0.246427 0.463183 0.384800
v -0.281127 0.448383 0.373400
v -0.285827 0.461283 0.371400
v -0.274627 0.480983 0.379500
v -0.257227 0.488383 0.384800
v -0.291927 0.473683 0.373400
v -0.228727 0.470683 0.389100
v -0.239527 0.495983 0.389100
v -0.233727 0.483483 0.387000
v -0.561427 0.328783 0.128700
v -0.568727 0.340683 0.129400
v -0.574227 0.338283 0.107500
v -0.567027 0.326483 0.107000
v -0.554927 0.331583 0.150200
v -0.562127 0.343483 0.150900
v -0.572227 0.354083 0.128700
v -0.577727 0.351783 0.107000
v -0.565727 0.356883 0.150200
v -0.547427 0.334783 0.171200
v -0.554627 0.346683 0.172000
v -0.558227 0.360083 0.171200
v -0.192827 0.485983 0.394900
v -0.198027 0.498683 0.392800
v -0.180127 0.506383 0.394200
v -0.174827 0.493683 0.396400
v -0.210827 0.478283 0.392500
v -0.215927 0.491083 0.390400
v -0.203627 0.511283 0.394900
v -0.185527 0.518983 0.396400
v -0.221627 0.503583 0.392500
v -0.156627 0.501383 0.396800
v -0.167427 0.526683 0.396800
v -0.162027 0.514083 0.394700
v -0.529727 0.342383 0.212000
v -0.536827 0.354283 0.213000
v -0.546227 0.350283 0.192800
v -0.539027 0.338383 0.191900
v -0.519427 0.346683 0.231700
v -0.526527 0.358683 0.232800
v -0.540527 0.367683 0.212000
v -0.549827 0.363683 0.191900
v -0.530227 0.371983 0.231700
v -0.508327 0.351483 0.250700
v -0.515427 0.363383 0.251900
v -0.519127 0.376783 0.250700
v -0.120427 0.516883 0.394900
v -0.126027 0.529383 0.392800
v -0.108127 0.537083 0.390400
v -0.102427 0.524483 0.392500
v -0.138527 0.509183 0.396400
v -0.144027 0.521783 0.394200
v -0.131227 0.542183 0.394900
v -0.113227 0.549783 0.392500
v -0.149327 0.534383 0.396400
v -0.084627 0.532183 0.389100
v -0.095327 0.557383 0.389100
v -0.090327 0.544583 0.387000
v -0.483627 0.361983 0.287000
v -0.490527 0.373983 0.288300
v -0.503327 0.368483 0.270500
v -0.496427 0.356583 0.269200
v -0.470127 0.367783 0.304100
v -0.476927 0.379783 0.305500
v -0.494427 0.387283 0.287000
v -0.507227 0.381883 0.269200
v -0.480827 0.393083 0.304100
v -0.455727 0.373883 0.320400
v -0.462527 0.385983 0.321900
v -0.466527 0.399183 0.320400
v -0.049427 0.547183 0.379500
v -0.055427 0.559583 0.377500
v -0.038227 0.566883 0.371400
v -0.032227 0.554483 0.373400
v -0.066927 0.539683 0.384800
v -0.072727 0.552083 0.382700
v -0.060227 0.572383 0.379500
v -0.043027 0.579783 0.373400
v -0.077727 0.564983 0.384800
v -0.015327 0.561683 0.366300
v -0.026027 0.586983 0.366300
v -0.021427 0.573983 0.364300
v -0.425027 0.386983 0.350700
v -0.431627 0.399083 0.352400
v -0.447427 0.392383 0.337600
v -0.440727 0.380283 0.336000
v -0.408627 0.393983 0.364600
v -0.415227 0.406083 0.366300
v -0.435827 0.412283 0.350700
v -0.451527 0.405583 0.336000
v -0.419427 0.419283 0.364600
v -0.391627 0.401183 0.377600
v -0.398127 0.413383 0.379400
v -0.402427 0.426483 0.377600
v 0.017473 0.575683 0.349400
v 0.011173 0.587883 0.347500
v 0.026873 0.594583 0.337900
v 0.033273 0.582383 0.339700
v 0.001273 0.568783 0.358300
v -0.004927 0.581083 0.356400
v 0.006673 0.600983 0.349400
v 0.022473 0.607683 0.339700
v -0.009527 0.594083 0.358300
v 0.048573 0.588883 0.329200
v 0.037773 0.614183 0.329200
v 0.042073 0.601083 0.327400
v -0.356027 0.416383 0.400800
v -0.362327 0.428683 0.402700
v -0.380527 0.420883 0.391500
v -0.374127 0.408683 0.389700
v -0.337527 0.424283 0.410900
v -0.343727 0.436583 0.412900
v -0.366827 0.441683 0.400800
v -0.384927 0.433983 0.389700
v -0.348327 0.449583 0.410900
v -0.318527 0.432383 0.420100
v -0.324627 0.444683 0.422100
v -0.329327 0.457683 0.420100
v 0.077673 0.601383 0.305700
v 0.071073 0.613483 0.304000
v 0.084673 0.619283 0.291200
v 0.091373 0.607183 0.292800
v 0.063373 0.595283 0.317800
v 0.056873 0.607383 0.316100
v 0.066873 0.626583 0.305700
v 0.080673 0.632483 0.292800
v 0.052573 0.620483 0.317800
v 0.104573 0.612783 0.279200
v 0.093773 0.638083 0.279200
v 0.097773 0.624883 0.277700
v -0.279427 0.449083 0.435300
v -0.285427 0.461483 0.437300
v -0.305227 0.452983 0.430200
v -0.299127 0.440683 0.428200
v -0.259427 0.457583 0.441300
v -0.265327 0.470083 0.443400
v -0.290227 0.474383 0.435300
v -0.309927 0.465983 0.428200
v -0.270227 0.482883 0.441300
v -0.239227 0.466183 0.446300
v -0.244927 0.478683 0.448400
v -0.249927 0.491483 0.446300
v 0.128873 0.623183 0.250000
v 0.121973 0.635183 0.248700
v 0.133073 0.639883 0.233200
v 0.140073 0.627883 0.234500
v 0.117073 0.618083 0.264900
v 0.110173 0.630183 0.263500
v 0.118073 0.648483 0.250000
v 0.129273 0.653183 0.234500
v 0.106273 0.643383 0.264900
v 0.150473 0.632383 0.218400
v 0.139673 0.657683 0.218400
v 0.143473 0.644283 0.217200
v -0.198127 0.483783 0.452900
v -0.203727 0.496283 0.455000
v -0.224427 0.487483 0.452200
v -0.218727 0.474983 0.450100
v -0.177427 0.492583 0.454500
v -0.182927 0.505183 0.456700
v -0.208927 0.508983 0.452900
v -0.229527 0.500283 0.450100
v -0.188227 0.517883 0.454500
v -0.156627 0.501383 0.455100
v -0.162027 0.514083 0.457200
v -0.167427 0.526683 0.455100
v 0.169073 0.640283 0.184600
v 0.161973 0.652183 0.183600
v 0.170073 0.655683 0.166000
v 0.177273 0.643783 0.167000
v 0.160173 0.636483 0.201700
v 0.153073 0.648483 0.200600
v 0.158373 0.665583 0.184600
v 0.166473 0.669083 0.167000
v 0.149373 0.661783 0.201700
v 0.184573 0.646983 0.148900
v 0.173873 0.672183 0.148900
v 0.177373 0.658783 0.148100
v -0.115227 0.519083 0.452900
v -0.120427 0.531783 0.455000
v -0.141227 0.522983 0.456700
v -0.135927 0.510283 0.454500
v -0.094627 0.527883 0.450100
v -0.099727 0.540683 0.452200
v -0.126027 0.544383 0.452900
v -0.146727 0.535583 0.454500
v -0.105327 0.553183 0.450100
v -0.074127 0.536583 0.446300
v -0.079127 0.549383 0.448400
v -0.084927 0.561883 0.446300
v 0.196873 0.652183 0.111800
v 0.189573 0.663983 0.111200
v 0.194373 0.665983 0.092300
v 0.201673 0.654183 0.092800
v 0.191173 0.649683 0.130500
v 0.183873 0.661583 0.129800
v 0.186073 0.677383 0.111800
v 0.190873 0.679483 0.092800
v 0.180373 0.674983 0.130500
v 0.205673 0.655883 0.073600
v 0.194873 0.681183 0.073600
v 0.198373 0.667683 0.073200
v -0.033827 0.553783 0.435300
v -0.038727 0.566683 0.437300
v -0.058827 0.558083 0.443400
v -0.053927 0.545283 0.441300
v -0.014127 0.562183 0.428200
v -0.018927 0.575083 0.430200
v -0.044627 0.579083 0.435300
v -0.064627 0.570483 0.441300
v -0.024927 0.587483 0.428200
v 0.005173 0.570483 0.420100
v 0.000573 0.583383 0.422100
v -0.005527 0.595683 0.420100
v 0.210973 0.658183 0.034600
v 0.203573 0.669983 0.034400
v 0.204973 0.670583 0.014900
v 0.212273 0.658683 0.015000
v 0.208773 0.657183 0.054200
v 0.201373 0.668983 0.053900
v 0.200173 0.683483 0.034600
v 0.201473 0.683983 0.015000
v 0.197973 0.682483 0.054200
v 0.212773 0.658883 -0.004700
v 0.201973 0.684183 -0.004700
v 0.205373 0.670683 -0.004700
v 0.042773 0.586483 0.400800
v 0.038273 0.599483 0.402700
v 0.019673 0.591483 0.412900
v 0.024173 0.578483 0.410900
v 0.060773 0.594183 0.389700
v 0.056373 0.607183 0.391500
v 0.031973 0.611683 0.400800
v 0.013373 0.603783 0.410900
v 0.049973 0.619383 0.389700
v 0.078373 0.601583 0.377600
v 0.074073 0.614683 0.379400
v 0.067573 0.626883 0.377600
v 0.210973 0.658183 -0.044100
v 0.203573 0.669983 -0.043900
v 0.201373 0.668983 -0.063300
v 0.208773 0.657183 -0.063700
v 0.212273 0.658683 -0.024400
v 0.204973 0.670583 -0.024300
v 0.200173 0.683483 -0.044100
v 0.197973 0.682483 -0.063700
v 0.201473 0.683983 -0.024400
v 0.205673 0.655883 -0.083100
v 0.194873 0.681183 -0.083100
v 0.198373 0.667683 -0.082700
v 0.111673 0.615883 0.350700
v 0.107573 0.628983 0.352400
v 0.091073 0.621983 0.366300
v 0.095273 0.608883 0.364600
v 0.127373 0.622583 0.336000
v 0.123373 0.635783 0.337600
v 0.100873 0.641083 0.350700
v 0.084573 0.634183 0.364600
v 0.116673 0.647783 0.336000
v 0.142473 0.628983 0.320400
v 0.138473 0.642183 0.321900
v 0.131673 0.654183 0.320400
v 0.196873 0.652183 -0.121300
v 0.189573 0.663983 -0.120700
v 0.183873 0.661583 -0.139300
v 0.191173 0.649683 -0.140000
v 0.201673 0.654183 -0.102300
v 0.194373 0.665983 -0.101800
v 0.186073 0.677383 -0.121300
v 0.180373 0.674983 -0.140000
v 0.190873 0.679483 -0.102300
v 0.184573 0.646983 -0.158400
v 0.173873 0.672183 -0.158400
v 0.177373 0.658783 -0.157600
v 0.170273 0.640783 0.287000
v 0.166473 0.654083 0.288300
v 0.152773 0.648283 0.305500
v 0.156773 0.635083 0.304100
v 0.183073 0.646283 0.269200
v 0.179273 0.659583 0.270500
v 0.159573 0.666083 0.287000
v 0.145973 0.660383 0.304100
v 0.172273 0.671583 0.269200
v 0.195073 0.651383 0.250700
v 0.191273 0.664683 0.251900
v 0.184273 0.676683 0.250700
v 0.169073 0.640283 -0.194000
v 0.161973 0.652183 -0.193000
v 0.153073 0.648483 -0.210100
v 0.160173 0.636483 -0.211200
v 0.177273 0.643783 -0.176400
v 0.170073 0.655683 -0.175500
v 0.158373 0.665583 -0.194000
v 0.149373 0.661783 -0.211200
v 0.166473 0.669083 -0.176400
v 0.150473 0.632383 -0.227800
v 0.139673 0.657683 -0.227800
v 0.143473 0.644283 -0.226700
v -0.192827 0.485983 -0.404400
v -0.198027 0.498683 -0.402300
v -0.215927 0.491083 -0.399900
v -0.210827 0.478283 -0.402000
v -0.174827 0.493683 -0.405800
v -0.180127 0.506383 -0.403700
v -0.203627 0.511283 -0.404400
v -0.221627 0.503583 -0.402000
v -0.185527 0.518983 -0.405800
v -0.228727 0.470683 -0.398600
v -0.239527 0.495983 -0.398600
v -0.233727 0.483483 -0.396500
v 0.216373 0.660483 0.212000
v 0.212773 0.673883 0.213000
v 0.202473 0.669483 0.232800
v 0.206173 0.656083 0.231700
v 0.225673 0.664483 0.191900
v 0.222073 0.677883 0.192800
v 0.205573 0.685783 0.212000
v 0.195373 0.681383 0.231700
v 0.214973 0.689783 0.191900
v 0.234173 0.668083 0.171200
v 0.230573 0.681483 0.172000
v 0.223373 0.693283 0.171200
v 0.128873 0.623183 -0.259500
v 0.121973 0.635183 -0.258100
v 0.110173 0.630183 -0.273000
v 0.117073 0.618083 -0.274400
v 0.140073 0.627883 -0.244000
v 0.133073 0.639883 -0.242700
v 0.118073 0.648483 -0.259500
v 0.106273 0.643383 -0.274400
v 0.129273 0.653183 -0.244000
v 0.104573 0.612783 -0.288700
v 0.093773 0.638083 -0.288700
v 0.097773 0.624883 -0.287200
v -0.263927 0.455683 -0.389000
v -0.268727 0.468583 -0.387000
v -0.285827 0.461283 -0.380800
v -0.281127 0.448383 -0.382800
v -0.246427 0.463183 -0.394300
v -0.251327 0.475983 -0.392200
v -0.274627 0.480983 -0.389000
v -0.291927 0.473683 -0.382800
v -0.257227 0.488383 -0.394300
v -0.298027 0.441183 -0.375700
v -0.308827 0.466383 -0.375700
v -0.302627 0.454083 -0.373800
v 0.248073 0.673983 0.128700
v 0.244573 0.687483 0.129400
v 0.238073 0.684683 0.150900
v 0.241573 0.671183 0.150200
v 0.253673 0.676383 0.107000
v 0.250173 0.689783 0.107500
v 0.237373 0.699283 0.128700
v 0.230873 0.696483 0.150200
v 0.242873 0.701683 0.107000
v 0.258173 0.678283 0.085000
v 0.254773 0.691783 0.085400
v 0.247473 0.703583 0.085000
v 0.077673 0.601383 -0.315200
v 0.071073 0.613483 -0.313500
v 0.056873 0.607383 -0.325600
v 0.063373 0.595283 -0.327300
v 0.091373 0.607183 -0.302300
v 0.084673 0.619283 -0.300700
v 0.066873 0.626583 -0.315200
v 0.052573 0.620483 -0.327300
v 0.080673 0.632483 -0.302300
v 0.048573 0.588883 -0.338600
v 0.037773 0.614183 -0.338600
v 0.042073 0.601083 -0.336900
v -0.330827 0.427183 -0.358900
v -0.335227 0.440183 -0.357000
v -0.350927 0.433483 -0.347400
v -0.346527 0.420483 -0.349200
v -0.314627 0.434083 -0.367800
v -0.319127 0.447083 -0.365800
v -0.341527 0.452483 -0.358900
v -0.357327 0.445683 -0.349200
v -0.325427 0.459383 -0.367800
v -0.361927 0.413883 -0.338600
v -0.372627 0.439183 -0.338600
v -0.366227 0.426983 -0.336900
v 0.264273 0.680883 0.040300
v 0.260873 0.694383 0.040500
v 0.258273 0.693283 0.063000
v 0.261773 0.679783 0.062700
v 0.265873 0.681583 0.017800
v 0.262373 0.694983 0.017900
v 0.253473 0.706183 0.040300
v 0.250973 0.705083 0.062700
v 0.255073 0.706883 0.017800
v 0.266373 0.681783 -0.004700
v 0.262873 0.695283 -0.004700
v 0.255573 0.707083 -0.004700
v 0.017473 0.575683 -0.358900
v 0.011173 0.587883 -0.357000
v -0.004927 0.581083 -0.365800
v 0.001273 0.568783 -0.367800
v 0.033273 0.582383 -0.349200
v 0.026873 0.594583 -0.347400
v 0.006673 0.600983 -0.358900
v -0.009527 0.594083 -0.367800
v 0.022473 0.607683 -0.349200
v -0.015327 0.561683 -0.375700
v -0.026027 0.586983 -0.375700
v -0.021427 0.573983 -0.373800
v -0.391027 0.401483 -0.315200
v -0.395127 0.414683 -0.313500
v -0.408827 0.408883 -0.300700
v -0.404727 0.395683 -0.302300
v -0.376727 0.407583 -0.327300
v -0.380927 0.420783 -0.325600
v -0.401827 0.426783 -0.315200
v -0.415527 0.420883 -0.302300
v -0.387527 0.432883 -0.327300
v -0.417827 0.390083 -0.288700
v -0.428627 0.415283 -0.288700
v -0.421827 0.403283 -0.287200
v 0.264273 0.680883 -0.049800
v 0.260873 0.694383 -0.050000
v 0.262373 0.694983 -0.027400
v 0.265873 0.681583 -0.027300
v 0.261773 0.679783 -0.072200
v 0.258273 0.693283 -0.072500
v 0.253473 0.706183 -0.049800
v 0.255073 0.706883 -0.027300
v 0.250973 0.705083 -0.072200
v -0.049427 0.547183 -0.389000
v -0.055427 0.559583 -0.387000
v -0.072727 0.552083 -0.392200
v -0.066927 0.539683 -0.394300
v -0.032227 0.554483 -0.382800
v -0.038227 0.566883 -0.380800
v -0.060227 0.572383 -0.389000
v -0.077727 0.564983 -0.394300
v -0.043027 0.579783 -0.382800
v -0.442227 0.379683 -0.259500
v -0.446127 0.392983 -0.258100
v -0.457227 0.388183 -0.242700
v -0.453327 0.374883 -0.244000
v -0.430327 0.384683 -0.274400
v -0.434327 0.397983 -0.273000
v -0.453027 0.404983 -0.259500
v -0.464127 0.400183 -0.244000
v -0.441127 0.409983 -0.274400
v -0.151127 0.504483 -0.409100
v -0.084027 0.533283 -0.401400
v -0.019427 0.560883 -0.378500
v 0.039973 0.586283 -0.341500
v 0.092073 0.608583 -0.291700
v 0.134873 0.626883 -0.230900
v 0.166673 0.640483 -0.161600
v 0.186173 0.648883 -0.086400
v 0.192873 0.651683 -0.008200
v 0.186173 0.648883 0.070000
v 0.166673 0.640483 0.145200
v 0.134873 0.626883 0.214500
v 0.092073 0.608583 0.275300
v 0.039973 0.586283 0.325100
v -0.019427 0.560883 0.362100
v -0.084027 0.533283 0.385000
v -0.151127 0.504483 0.392700
v -0.218127 0.475783 0.385000
v -0.282727 0.448183 0.362100
v -0.342127 0.422783 0.325100
v -0.394227 0.400483 0.275300
v -0.437027 0.382183 0.214500
v -0.468827 0.368583 0.145200
v -0.488427 0.360183 0.070000
v -0.495027 0.357383 -0.008200
v -0.488427 0.360183 -0.086400
v -0.468827 0.368583 -0.161600
v -0.437027 0.382183 -0.230900
v -0.394227 0.400483 -0.291700
v -0.218127 0.475783 -0.401400
v -0.342127 0.422783 -0.341500
v -0.282727 0.448183 -0.378500
v -0.460327 0.294683 0.070000
v -0.422427 0.289683 0.063000
v -0.428427 0.287183 -0.008200
v -0.466927 0.291883 -0.008200
v -0.254627 0.382683 0.362100
v -0.314127 0.357283 0.325100
v -0.123027 0.438983 -0.409100
v -0.190127 0.410283 -0.401400
v 0.120173 0.543083 -0.291700
v 0.162873 0.561383 -0.230900
v -0.190127 0.410283 0.385000
v -0.254627 0.382683 -0.378500
v 0.067973 0.520783 -0.341500
v -0.123027 0.438983 0.392700
v -0.314127 0.357283 -0.341500
v 0.008573 0.495283 -0.378500
v -0.055927 0.467683 0.385000
v -0.366227 0.334983 -0.291700
v -0.055927 0.467683 -0.401400
v 0.008573 0.495283 0.362100
v -0.409027 0.316683 -0.230900
v 0.067973 0.520783 0.325100
v -0.440727 0.303083 -0.161600
v 0.120173 0.543083 0.275300
v -0.460327 0.294683 -0.086400
v 0.162873 0.561383 0.214500
v 0.194673 0.574983 0.145200
v 0.214273 0.583283 0.070000
v -0.440727 0.303083 0.145200
v 0.220873 0.586083 -0.008200
v -0.409027 0.316683 0.214500
v 0.214273 0.583283 -0.086400
v -0.366227 0.334983 0.275300
v 0.194673 0.574983 -0.161600
v -0.336727 0.326383 0.249800
v -0.350527 0.309083 0.270700
v -0.392627 0.290983 0.210900
v -0.375627 0.309683 0.194500
v 0.191673 0.552483 0.063000
v 0.173873 0.544783 0.131400
v -0.404627 0.297283 0.131400
v 0.197673 0.554983 -0.008200
v 0.191673 0.552483 -0.079400
v 0.173873 0.544783 -0.147800
v -0.289327 0.346683 0.295200
v 0.144973 0.532483 -0.210900
v -0.235227 0.369783 0.328900
v -0.176427 0.394983 -0.366100
v -0.115327 0.421083 -0.373100
v 0.105973 0.515783 -0.266200
v -0.176427 0.394983 0.349700
v -0.235227 0.369783 -0.345300
v 0.058573 0.495483 -0.311600
v -0.115327 0.421083 0.356700
v -0.289327 0.346683 -0.311600
v 0.004473 0.472283 -0.345300
v -0.054327 0.447183 0.349700
v -0.336727 0.326383 -0.266200
v -0.054327 0.447183 -0.366100
v 0.004473 0.472283 0.328900
v -0.375627 0.309683 -0.210900
v 0.058573 0.495483 0.295200
v -0.404627 0.297283 -0.147800
v 0.105973 0.515783 0.249800
v -0.422427 0.289683 -0.079400
v 0.144973 0.532483 0.194500
v -0.240727 0.355983 0.356200
v -0.177227 0.383183 0.378700
v -0.144927 0.307583 0.378700
v -0.208427 0.280483 0.356200
v 0.201373 0.545183 -0.159200
v 0.220673 0.553383 -0.085200
v -0.299227 0.330983 0.319800
v 0.170173 0.531783 -0.227300
v -0.177227 0.383183 -0.395100
v -0.111227 0.411383 -0.402700
v 0.128073 0.513783 -0.287100
v -0.240727 0.355983 -0.372600
v 0.076773 0.491883 -0.336200
v -0.111227 0.411383 0.386300
v -0.299227 0.330983 -0.336200
v 0.018273 0.466783 -0.372600
v -0.045227 0.439683 0.378700
v -0.350527 0.309083 -0.287100
v -0.045227 0.439683 -0.395100
v 0.018273 0.466783 0.356200
v -0.392627 0.290983 -0.227300
v 0.076773 0.491883 0.319800
v -0.423927 0.277683 -0.159200
v 0.128073 0.513783 0.270700
v -0.443127 0.269383 -0.085200
v 0.170173 0.531783 0.210900
v -0.449627 0.266583 -0.008200
v 0.201373 0.545183 0.142800
v -0.443127 0.269383 0.068800
v 0.220673 0.553383 0.068800
v -0.423927 0.277683 0.142800
v 0.227173 0.556183 -0.008200
v 0.050573 0.391283 0.356200
v 0.045673 0.364583 0.317200
v -0.011027 0.340283 0.337300
v -0.012927 0.364083 0.378700
v -0.208427 0.280483 -0.372600
v -0.144927 0.307583 -0.395100
v 0.109073 0.416283 -0.336200
v 0.160373 0.438183 -0.287100
v -0.078927 0.335883 0.386300
v -0.266927 0.255383 -0.336200
v 0.050573 0.391283 -0.372600
v -0.318227 0.233483 -0.287100
v -0.012927 0.364083 -0.395100
v -0.360327 0.215483 -0.227300
v -0.078927 0.335883 -0.402700
v 0.109073 0.416283 0.319800
v -0.391527 0.202083 -0.159200
v 0.160373 0.438183 0.270700
v -0.410827 0.193883 -0.085200
v 0.202473 0.456283 0.210900
v -0.417327 0.191083 -0.008200
v 0.233773 0.469583 0.142800
v -0.410827 0.193883 0.068800
v 0.252973 0.477883 0.068800
v -0.391527 0.202083 0.142800
v 0.259473 0.480683 -0.008200
v -0.360327 0.215483 0.210900
v 0.252973 0.477883 -0.085200
v -0.318227 0.233483 0.270700
v 0.233773 0.469583 -0.159200
v -0.266927 0.255383 0.319800
v 0.202473 0.456283 -0.227300
v 0.181273 0.422583 0.187500
v 0.221073 0.410683 0.210400
v 0.179173 0.392683 0.270000
v 0.143673 0.406483 0.240900
v -0.321327 0.207583 -0.203900
v -0.283727 0.223683 -0.257300
v -0.011027 0.340283 -0.353700
v -0.070027 0.315083 -0.360500
v 0.097873 0.386883 0.284700
v -0.349227 0.195583 -0.143000
v -0.366427 0.188283 -0.076900
v -0.372227 0.185783 -0.008200
v 0.209173 0.434483 0.126600
v -0.366427 0.188283 0.060500
v 0.226373 0.441883 0.060500
v -0.349227 0.195583 0.126600
v 0.232173 0.444383 -0.008200
v -0.321327 0.207583 0.187500
v 0.226373 0.441883 -0.076900
v -0.283727 0.223683 0.240900
v 0.209173 0.434483 -0.143000
v -0.237927 0.243283 0.284700
v 0.181273 0.422583 -0.203900
v -0.185627 0.265583 0.317200
v -0.129027 0.289883 -0.353700
v 0.143673 0.406483 -0.257300
v -0.129027 0.289883 0.337300
v -0.185627 0.265583 -0.333600
v 0.097873 0.386883 -0.301100
v -0.070027 0.315083 0.344100
v -0.237927 0.243283 -0.301100
v 0.045673 0.364583 -0.333600
v 0.309973 0.360283 -0.008200
v 0.303473 0.357583 0.068600
v 0.271473 0.432183 0.068600
v 0.277973 0.434983 -0.008200
v -0.390627 0.148983 -0.085000
v -0.397127 0.146183 -0.008200
v 0.252273 0.423983 0.142400
v -0.390627 0.148983 0.068600
v -0.371427 0.157183 0.142400
v -0.340227 0.170483 0.210400
v 0.271473 0.432183 -0.085000
v -0.298227 0.188483 0.270000
v 0.252273 0.423983 -0.158800
v -0.247027 0.210383 0.318900
v 0.221073 0.410683 -0.226800
v -0.188727 0.235283 0.355300
v -0.125427 0.262383 -0.394100
v -0.059527 0.290583 -0.401600
v 0.179173 0.392683 -0.286400
v -0.125427 0.262383 0.377700
v -0.188727 0.235283 -0.371700
v 0.127973 0.370783 -0.335300
v -0.059527 0.290583 0.385200
v -0.247027 0.210383 -0.335300
v 0.069573 0.345883 -0.371700
v 0.006273 0.318783 0.377700
v -0.298227 0.188483 -0.286400
v 0.006273 0.318783 -0.394100
v 0.069573 0.345883 0.355300
v -0.340227 0.170483 -0.226800
v 0.127973 0.370783 0.318900
v -0.371427 0.157183 -0.158800
v 0.253073 0.335983 -0.226800
v 0.227773 0.285583 -0.196200
v 0.254873 0.296183 -0.137700
v 0.284273 0.349383 -0.158800
v -0.308227 0.095883 0.210400
v -0.339427 0.082483 0.142400
v 0.303473 0.357583 -0.085000
v -0.266327 0.113783 0.270000
v -0.215127 0.135683 0.318900
v -0.156727 0.160683 0.355300
v -0.093427 0.187783 -0.394100
v -0.027627 0.215883 -0.401600
v 0.211073 0.318083 -0.286400
v -0.093427 0.187783 0.377700
v -0.156727 0.160683 -0.371700
v 0.159873 0.296183 -0.335300
v -0.027627 0.215883 0.385200
v -0.215127 0.135683 -0.335300
v 0.101573 0.271183 -0.371700
v 0.038273 0.244083 0.377700
v -0.266327 0.113783 -0.286400
v 0.038273 0.244083 -0.394100
v 0.101573 0.271183 0.355300
v -0.308227 0.095883 -0.226800
v 0.159873 0.296183 0.318900
v -0.339427 0.082483 -0.158800
v 0.211073 0.318083 0.270000
v -0.358627 0.074283 -0.085000
v 0.253073 0.335983 0.210400
v -0.365127 0.071483 -0.008200
v 0.284273 0.349383 0.142400
v -0.358627 0.074283 0.068600
v 0.322073 0.298483 0.067800
v 0.302773 0.290883 0.140800
v 0.254873 0.296183 0.121300
v 0.271573 0.302683 0.057800
v -0.128827 0.145783 0.304400
v -0.179627 0.125883 0.273100
v -0.073727 0.167383 -0.340000
v -0.016427 0.189883 -0.346600
v 0.191173 0.271183 -0.247500
v -0.073727 0.167383 0.323700
v -0.128827 0.145783 -0.320800
v 0.146673 0.253783 -0.289500
v -0.016427 0.189883 0.330200
v -0.179627 0.125883 -0.289500
v 0.095973 0.233883 -0.320800
v 0.040873 0.212283 0.323700
v -0.224127 0.108483 -0.247500
v 0.040873 0.212283 -0.340000
v 0.095973 0.233883 0.304400
v -0.260627 0.094083 -0.196200
v 0.146673 0.253783 0.273100
v -0.287827 0.083483 -0.137700
v 0.191173 0.271183 0.231100
v -0.304527 0.076983 -0.074200
v 0.227773 0.285583 0.179800
v -0.310127 0.074783 -0.008200
v -0.304527 0.076983 0.057800
v -0.287827 0.083483 0.121300
v 0.277273 0.304983 -0.008200
v -0.260627 0.094083 0.179800
v 0.271573 0.302683 -0.074200
v -0.224127 0.108483 0.231100
v 0.302773 0.290883 -0.157200
v 0.326373 0.218283 -0.157200
v 0.345573 0.225783 -0.084200
v 0.322073 0.298483 -0.084200
v -0.321827 0.046083 0.140800
v -0.341127 0.038583 0.067800
v 0.328573 0.300983 -0.008200
v -0.290627 0.058383 0.208200
v -0.248627 0.074783 0.267200
v -0.197327 0.094883 0.315600
v 0.271573 0.278683 -0.224600
v -0.138927 0.117783 0.351600
v -0.075527 0.142683 -0.390200
v -0.009527 0.168483 -0.397700
v 0.229473 0.262183 -0.283600
v -0.075527 0.142683 0.373800
v -0.138927 0.117783 -0.368000
v 0.178273 0.242083 -0.332000
v -0.009527 0.168483 0.381300
v -0.197327 0.094883 -0.332000
v 0.119873 0.219183 -0.368000
v 0.056373 0.194383 0.373800
v -0.248627 0.074783 -0.283600
v 0.056373 0.194383 -0.390200
v 0.119873 0.219183 0.351600
v -0.290627 0.058383 -0.224600
v 0.178273 0.242083 0.315600
v -0.321827 0.046083 -0.157200
v 0.229473 0.262183 0.267200
v -0.341127 0.038583 -0.084200
v 0.271573 0.278683 0.208200
v -0.347627 0.035983 -0.008200
v 0.230573 0.138083 -0.244000
v 0.253073 0.189583 -0.283600
v 0.201873 0.169483 -0.332000
v 0.186273 0.122483 -0.285500
v -0.173827 0.022283 0.315600
v -0.225027 0.002183 0.267200
v 0.295073 0.205983 -0.224600
v -0.115327 0.045183 0.351600
v -0.051927 0.069983 -0.390200
v 0.013973 0.095883 -0.397700
v -0.051927 0.069983 0.373800
v -0.115327 0.045183 -0.368000
v 0.013973 0.095883 0.381300
v -0.173827 0.022283 -0.332000
v 0.143373 0.146583 -0.368000
v 0.079973 0.121683 0.373800
v -0.225027 0.002183 -0.283600
v 0.079973 0.121683 -0.390200
v 0.143373 0.146583 0.351600
v -0.267027 -0.014317 -0.224600
v 0.201873 0.169483 0.315600
v -0.298327 -0.026517 -0.157200
v 0.253073 0.189583 0.267200
v -0.317527 -0.034117 -0.084200
v 0.295073 0.205983 0.208200
v -0.324027 -0.036617 -0.008200
v 0.326373 0.218283 0.140800
v -0.317527 -0.034117 0.067800
v 0.345573 0.225783 0.067800
v -0.298327 -0.026517 0.140800
v 0.352073 0.228383 -0.008200
v -0.267027 -0.014317 0.208200
v 0.028573 0.043983 -0.385300
v 0.093073 0.066683 -0.378100
v 0.080973 0.085283 -0.335300
v 0.023973 0.065183 -0.341700
v 0.023973 0.065183 0.325300
v -0.033027 0.044983 0.318900
v -0.138427 0.007883 -0.285500
v -0.087827 0.025683 -0.316300
v 0.135773 0.104583 -0.316300
v 0.080973 0.085283 0.318900
v -0.182627 -0.007817 -0.244000
v 0.135773 0.104583 0.299900
v -0.219027 -0.020617 -0.193500
v 0.186273 0.122483 0.269100
v -0.246027 -0.030117 -0.135800
v 0.230573 0.138083 0.227600
v -0.262627 -0.036017 -0.073300
v 0.266973 0.150883 0.177100
v -0.268227 -0.038017 -0.008200
v 0.293973 0.160483 0.119400
v -0.262627 -0.036017 0.056900
v 0.310573 0.166283 0.056900
v -0.246027 -0.030117 0.119400
v 0.316173 0.168283 -0.008200
v -0.219027 -0.020617 0.177100
v 0.310573 0.166283 -0.073300
v -0.182627 -0.007817 0.227600
v 0.293973 0.160483 -0.135800
v -0.138427 0.007883 0.269100
v 0.266973 0.150883 -0.193500
v -0.087827 0.025683 0.299900
v -0.033027 0.044983 -0.335300
v 0.333873 0.151783 0.136100
v 0.348973 0.082483 0.136100
v 0.318373 0.071683 0.201300
v 0.303373 0.140983 0.201300
v 0.212173 0.108783 0.305400
v 0.155073 0.088583 0.340200
v -0.246227 -0.053017 -0.217700
v -0.276727 -0.063817 -0.152500
v 0.262273 0.126483 0.258500
v -0.295627 -0.070417 -0.081800
v -0.301927 -0.072717 -0.008200
v -0.295627 -0.070417 0.065400
v 0.352673 0.158383 0.065400
v -0.276727 -0.063817 0.136100
v 0.359073 0.160583 -0.008200
v -0.246227 -0.053017 0.201300
v 0.352673 0.158383 -0.081800
v -0.205127 -0.038517 0.258500
v 0.333873 0.151783 -0.152500
v -0.155027 -0.020817 0.305400
v 0.303373 0.140983 -0.217700
v -0.097927 -0.000617 0.340200
v -0.035927 0.021183 -0.378100
v 0.262273 0.126483 -0.274900
v -0.035927 0.021183 0.361700
v -0.097927 -0.000617 -0.356600
v 0.212173 0.108783 -0.321800
v 0.028573 0.043983 0.368900
v -0.155027 -0.020817 -0.321800
v 0.155073 0.088583 -0.356600
v 0.093073 0.066683 0.361700
v -0.205127 -0.038517 -0.274900
v 0.327773 0.032983 -0.008200
v 0.374073 0.091383 -0.008200
v 0.367773 0.089083 -0.081800
v 0.322373 0.031383 -0.069800
v -0.280527 -0.139717 0.065400
v -0.286927 -0.141917 -0.008200
v 0.367773 0.089083 0.065400
v -0.261727 -0.133017 0.136100
v -0.231227 -0.122317 0.201300
v -0.190127 -0.107717 0.258500
v 0.348973 0.082483 -0.152500
v -0.140027 -0.090117 0.305400
v 0.318373 0.071683 -0.217700
v -0.082827 -0.069917 0.340200
v 0.043573 -0.025317 -0.385300
v -0.020827 -0.048017 -0.378100
v 0.277273 0.057183 -0.274900
v -0.020827 -0.048017 0.361700
v -0.082827 -0.069917 -0.356600
v 0.227173 0.039483 -0.321800
v 0.043573 -0.025317 0.368900
v -0.140027 -0.090117 -0.321800
v 0.170073 0.019383 -0.356600
v 0.108073 -0.002517 0.361700
v -0.190127 -0.107717 -0.274900
v 0.108073 -0.002517 -0.378100
v 0.170073 0.019383 0.340200
v -0.231227 -0.122317 -0.217700
v 0.227173 0.039483 0.305400
v -0.261727 -0.133017 -0.152500
v 0.277273 0.057183 0.258500
v -0.280527 -0.139717 -0.081800
v 0.049073 -0.050717 -0.323800
v -0.005227 -0.067017 -0.317700
v -0.011027 -0.102517 -0.365900
v 0.051773 -0.083617 -0.372900
v -0.147927 -0.109917 0.215000
v -0.182527 -0.120317 0.167100
v 0.306573 0.026683 -0.129000
v -0.105727 -0.097217 0.254200
v 0.280773 0.018883 -0.183500
v -0.057527 -0.082717 0.283400
v 0.246173 0.008483 -0.231400
v -0.005227 -0.067017 0.301300
v -0.057527 -0.082717 -0.299800
v 0.203873 -0.004217 -0.270600
v 0.049073 -0.050717 0.307400
v -0.105727 -0.097217 -0.270600
v 0.155773 -0.018617 -0.299800
v 0.103473 -0.034317 0.301300
v -0.147927 -0.109917 -0.231400
v 0.103473 -0.034317 -0.317700
v 0.155773 -0.018617 0.283400
v -0.182527 -0.120317 -0.183500
v 0.203873 -0.004217 0.254200
v -0.208327 -0.128017 -0.129000
v 0.246173 0.008483 0.215000
v -0.224127 -0.132817 -0.069800
v 0.280773 0.018883 0.167100
v -0.229527 -0.134417 -0.008200
v 0.306573 0.026683 0.112600
v -0.224127 -0.132817 0.053400
v 0.322373 0.031383 0.053400
v -0.208327 -0.128017 0.112600
v -0.175827 -0.152017 -0.266100
v -0.169927 -0.224117 -0.266100
v -0.121127 -0.209417 -0.311400
v -0.127027 -0.137417 -0.311400
v 0.279473 -0.015217 -0.266100
v 0.319473 -0.003217 -0.210800
v -0.011027 -0.102517 0.349500
v -0.071427 -0.120617 0.328700
v -0.071427 -0.120617 -0.345100
v 0.230673 -0.029917 -0.311400
v 0.051773 -0.083617 0.356500
v 0.174973 -0.046617 -0.345100
v 0.114573 -0.064717 0.349500
v 0.114573 -0.064717 -0.365900
v 0.174973 -0.046617 0.328700
v -0.215927 -0.164017 -0.210800
v 0.230673 -0.029917 0.295000
v -0.245627 -0.173017 -0.147800
v 0.279473 -0.015217 0.249700
v -0.263927 -0.178517 -0.079300
v 0.319473 -0.003217 0.194400
v -0.270127 -0.180317 -0.008200
v 0.349273 0.005783 0.131400
v -0.263927 -0.178517 0.062900
v 0.367573 0.011283 0.062900
v -0.245627 -0.173017 0.131400
v 0.373773 0.013083 -0.008200
v -0.215927 -0.164017 0.194400
v 0.367573 0.011283 -0.079300
v -0.175827 -0.152017 0.249700
v 0.349273 0.005783 -0.147800
v -0.127027 -0.137417 0.295000
v -0.206127 -0.243117 -0.067800
v -0.190727 -0.238917 -0.125200
v -0.239727 -0.245017 -0.147800
v -0.258127 -0.250517 -0.079300
v 0.120473 -0.136817 -0.365900
v 0.180873 -0.118717 -0.345100
v 0.180873 -0.118717 0.328700
v 0.120473 -0.136817 0.349500
v -0.210027 -0.236117 -0.210800
v 0.057673 -0.155717 -0.372900
v 0.236573 -0.101917 0.295000
v 0.285373 -0.087317 0.249700
v 0.325373 -0.075217 0.194400
v -0.264227 -0.252417 -0.008200
v 0.355173 -0.066317 0.131400
v -0.258127 -0.250517 0.062900
v 0.373473 -0.060817 0.062900
v -0.239727 -0.245017 0.131400
v 0.379673 -0.058917 -0.008200
v -0.210027 -0.236117 0.194400
v 0.373473 -0.060817 -0.079300
v -0.169927 -0.224117 0.249700
v 0.355173 -0.066317 -0.147800
v -0.121127 -0.209417 0.295000
v 0.325373 -0.075217 -0.210800
v -0.065527 -0.192717 0.328700
v -0.005127 -0.174517 -0.365900
v 0.285373 -0.087317 -0.266100
v -0.005127 -0.174517 0.349500
v -0.065527 -0.192717 -0.345100
v 0.236573 -0.101917 -0.311400
v 0.057673 -0.155717 0.356500
v -0.190727 -0.238917 0.108800
v -0.231327 -0.269217 0.128000
v -0.249227 -0.274117 0.061200
v -0.206127 -0.243117 0.051400
v 0.283573 -0.108817 0.161600
v 0.249973 -0.118117 0.208000
v -0.211327 -0.244517 -0.008200
v 0.308573 -0.102017 0.108800
v 0.323973 -0.097817 0.051400
v 0.329073 -0.096417 -0.008200
v -0.165727 -0.232017 0.161600
v 0.323973 -0.097817 -0.067800
v -0.132127 -0.222817 0.208000
v 0.308573 -0.102017 -0.125200
v -0.091227 -0.211617 0.246000
v 0.283573 -0.108817 -0.178000
v -0.044527 -0.198817 0.274200
v 0.006173 -0.184917 -0.308000
v 0.058873 -0.170417 -0.313900
v 0.249973 -0.118117 -0.224400
v 0.006173 -0.184917 0.291600
v -0.044527 -0.198817 -0.290600
v 0.209073 -0.129317 -0.262400
v 0.058873 -0.170417 0.297500
v -0.091227 -0.211617 -0.262400
v 0.162273 -0.142117 -0.290600
v 0.111573 -0.156017 0.291600
v -0.132127 -0.222817 -0.224400
v 0.111573 -0.156017 -0.308000
v 0.162273 -0.142117 0.274200
v -0.165727 -0.232017 -0.178000
v 0.209073 -0.129317 0.246000
v -0.115527 -0.237417 0.287600
v -0.114227 -0.309617 0.287600
v -0.161927 -0.322717 0.243400
v -0.163127 -0.250517 0.243400
v 0.373773 -0.103317 -0.008200
v 0.367673 -0.105017 0.061200
v -0.202327 -0.261217 0.189500
v 0.367673 -0.105017 -0.077600
v 0.349773 -0.109917 -0.144400
v 0.320773 -0.117817 -0.205900
v -0.061127 -0.222517 0.320500
v -0.002127 -0.206317 -0.357200
v 0.059273 -0.189517 -0.364000
v 0.281673 -0.128617 -0.259800
v -0.002127 -0.206317 0.340800
v -0.061127 -0.222517 -0.336900
v 0.233973 -0.141617 -0.304000
v 0.059273 -0.189517 0.347600
v -0.115527 -0.237417 -0.304000
v 0.179573 -0.156517 -0.336900
v 0.120573 -0.172717 0.340800
v -0.163127 -0.250517 -0.259800
v 0.120573 -0.172717 -0.357200
v 0.179573 -0.156517 0.320500
v -0.202327 -0.261217 -0.205900
v 0.233973 -0.141617 0.287600
v -0.231327 -0.269217 -0.144400
v 0.281673 -0.128617 0.243400
v -0.249227 -0.274117 -0.077600
v 0.320773 -0.117817 0.189500
v -0.255327 -0.275717 -0.008200
v 0.349773 -0.109917 0.128000
v 0.060473 -0.261717 0.347600
v 0.060973 -0.289917 0.301900
v 0.007773 -0.300517 0.295900
v -0.000927 -0.278617 0.340800
v 0.321973 -0.190117 -0.205900
v 0.351073 -0.182117 -0.144400
v -0.059927 -0.294717 0.320500
v -0.000927 -0.278617 -0.357200
v 0.060473 -0.261717 -0.364000
v 0.282873 -0.200817 -0.259800
v -0.059927 -0.294717 -0.336900
v 0.235173 -0.213817 -0.304000
v -0.114227 -0.309617 -0.304000
v 0.180873 -0.228717 -0.336900
v 0.121873 -0.244917 0.340800
v -0.161927 -0.322717 -0.259800
v 0.121873 -0.244917 -0.357200
v 0.180873 -0.228717 0.320500
v -0.201027 -0.333417 -0.205900
v 0.235173 -0.213817 0.287600
v -0.230127 -0.341417 -0.144400
v 0.282873 -0.200817 0.243400
v -0.248027 -0.346317 -0.077600
v 0.321973 -0.190117 0.189500
v -0.254027 -0.347917 -0.008200
v 0.351073 -0.182117 0.128000
v -0.248027 -0.346317 0.061200
v 0.368973 -0.177217 0.061200
v -0.230127 -0.341417 0.128000
v 0.374973 -0.175517 -0.008200
v -0.201027 -0.333417 0.189500
v 0.368973 -0.177217 -0.077600
v 0.212373 -0.259717 0.249600
v 0.230273 -0.269817 0.283700
v 0.176873 -0.280417 0.316100
v 0.165273 -0.269117 0.278300
v -0.090527 -0.320117 -0.266000
v -0.043427 -0.310717 -0.294700
v 0.165273 -0.269117 -0.294700
v 0.212373 -0.259717 -0.266000
v 0.114173 -0.279317 0.295900
v -0.131827 -0.328417 -0.227400
v 0.114173 -0.279317 -0.312300
v -0.165727 -0.335217 -0.180500
v 0.060973 -0.289917 -0.318300
v -0.190927 -0.340217 -0.126900
v 0.253773 -0.251517 0.211000
v -0.206427 -0.343317 -0.068700
v 0.287673 -0.244717 0.164100
v -0.211627 -0.344317 -0.008200
v 0.312873 -0.239717 0.110500
v -0.206427 -0.343317 0.052300
v 0.328373 -0.236617 0.052300
v -0.190927 -0.340217 0.110500
v 0.333573 -0.235517 -0.008200
v -0.165727 -0.335217 0.164100
v 0.328373 -0.236617 -0.068700
v -0.131827 -0.328417 0.211000
v 0.312873 -0.239717 -0.126900
v -0.090527 -0.320117 0.249600
v 0.287673 -0.244717 -0.180500
v -0.043427 -0.310717 0.278300
v 0.007773 -0.300517 -0.312300
v 0.253773 -0.251517 -0.227400
v 0.343973 -0.247117 0.126100
v 0.332673 -0.320217 0.126100
v 0.304173 -0.325917 0.186800
v 0.315373 -0.252817 0.186800
v -0.197827 -0.355217 -0.203200
v -0.226327 -0.360917 -0.142500
v 0.277073 -0.260417 0.240000
v -0.243927 -0.364417 -0.076700
v -0.249827 -0.365617 -0.008200
v -0.243927 -0.364417 0.060300
v 0.361473 -0.243617 0.060300
v -0.226327 -0.360917 0.126100
v 0.367473 -0.242417 -0.008200
v -0.197827 -0.355217 0.186800
v 0.361473 -0.243617 -0.076700
v -0.159427 -0.347517 0.240000
v 0.343973 -0.247117 -0.142500
v -0.112727 -0.338217 0.283700
v 0.315373 -0.252817 -0.203200
v -0.059327 -0.327517 0.316100
v -0.001427 -0.316017 -0.352500
v 0.058773 -0.304017 -0.359200
v 0.277073 -0.260417 -0.256400
v -0.001427 -0.316017 0.336100
v -0.059327 -0.327517 -0.332500
v 0.230273 -0.269817 -0.300100
v 0.058773 -0.304017 0.342800
v -0.112727 -0.338217 -0.300100
v 0.176873 -0.280417 -0.332500
v 0.118973 -0.292017 0.336100
v -0.159427 -0.347517 -0.256400
v 0.118973 -0.292017 -0.352500
v 0.350173 -0.316717 -0.076700
v 0.311473 -0.354917 -0.069100
v 0.316673 -0.354017 -0.008200
v 0.356173 -0.315517 -0.008200
v -0.255227 -0.437517 0.060300
v -0.261127 -0.438717 -0.008200
v 0.350173 -0.316717 0.060300
v -0.237627 -0.434017 0.126100
v -0.209127 -0.428317 0.186800
v -0.170727 -0.420717 0.240000
v 0.332673 -0.320217 -0.142500
v -0.123927 -0.411317 0.283700
v 0.304173 -0.325917 -0.203200
v -0.070627 -0.400717 0.316100
v 0.047473 -0.377117 -0.359200
v -0.012727 -0.389117 -0.352500
v 0.265773 -0.333617 -0.256400
v -0.012727 -0.389117 0.336100
v -0.070627 -0.400717 -0.332500
v 0.218973 -0.342917 -0.300100
v 0.047473 -0.377117 0.342800
v -0.123927 -0.411317 -0.300100
v 0.165573 -0.353517 -0.332500
v 0.107673 -0.365117 0.336100
v -0.170727 -0.420717 -0.256400
v 0.107673 -0.365117 -0.352500
v 0.165573 -0.353517 0.316100
v -0.209127 -0.428317 -0.203200
v 0.218973 -0.342917 0.283700
v -0.237627 -0.434017 -0.142500
v 0.265773 -0.333617 0.240000
v -0.255227 -0.437517 -0.076700
v 0.107673 -0.411217 0.336200
v 0.097373 -0.389917 0.298000
v 0.148473 -0.381617 0.280200
v 0.165173 -0.401817 0.316200
v -0.148527 -0.430217 0.212500
v -0.182427 -0.435717 0.165200
v 0.295973 -0.357417 -0.127700
v -0.107227 -0.423417 0.251300
v 0.270773 -0.361517 -0.181600
v -0.060127 -0.415717 0.280200
v -0.009027 -0.407417 -0.314400
v 0.044173 -0.398617 -0.320400
v 0.236873 -0.367117 -0.228900
v -0.009027 -0.407417 0.298000
v -0.060127 -0.415717 -0.296600
v 0.195573 -0.373917 -0.267700
v 0.044173 -0.398617 0.304000
v -0.107227 -0.423417 -0.267700
v 0.148473 -0.381617 -0.296600
v -0.148527 -0.430217 -0.228900
v 0.097373 -0.389917 -0.314400
v -0.182427 -0.435717 -0.181600
v 0.195573 -0.373917 0.251300
v -0.207627 -0.439917 -0.127700
v 0.236873 -0.367117 0.212500
v -0.223127 -0.442417 -0.069100
v 0.270773 -0.361517 0.165200
v -0.228327 -0.443317 -0.008200
v 0.295973 -0.357417 0.111300
v -0.223127 -0.442417 0.052700
v 0.311473 -0.354917 0.052700
v -0.207627 -0.439917 0.111300
v 0.273073 -0.437317 0.240100
v 0.264573 -0.385517 0.240100
v 0.302773 -0.379217 0.186900
v 0.311173 -0.431117 0.186900
v -0.207027 -0.462717 -0.203300
v -0.168927 -0.456517 -0.256500
v 0.047873 -0.421017 -0.359300
v 0.107673 -0.411217 -0.352600
v 0.218173 -0.393117 0.283800
v -0.235327 -0.467417 -0.142600
v -0.252827 -0.470217 -0.076700
v -0.258727 -0.471217 -0.008200
v 0.331073 -0.374617 0.126200
v -0.252827 -0.470217 0.060300
v 0.348473 -0.371717 0.060300
v -0.235327 -0.467417 0.126200
v 0.354373 -0.370817 -0.008200
v -0.207027 -0.462717 0.186900
v 0.348473 -0.371717 -0.076700
v -0.168927 -0.456517 0.240100
v 0.331073 -0.374617 -0.142600
v -0.122427 -0.448917 0.283800
v 0.302773 -0.379217 -0.203300
v -0.069427 -0.440217 0.316200
v -0.011927 -0.430817 -0.352600
v 0.264573 -0.385517 -0.256500
v -0.011927 -0.430817 0.336200
v -0.069427 -0.440217 -0.332600
v 0.218173 -0.393117 -0.300200
v 0.047873 -0.421017 0.342900
v -0.122427 -0.448917 -0.300200
v 0.165173 -0.401817 -0.332600
v 0.334973 -0.495717 0.053400
v 0.356973 -0.423617 0.060300
v 0.362873 -0.422617 -0.008200
v 0.340273 -0.495517 -0.008200
v -0.244327 -0.522117 -0.076700
v -0.250227 -0.523017 -0.008200
v 0.339573 -0.426417 0.126200
v -0.244327 -0.522117 0.060300
v -0.226927 -0.519217 0.126200
v -0.198527 -0.514617 0.186900
v 0.356973 -0.423617 -0.076700
v -0.160427 -0.508317 0.240100
v 0.339573 -0.426417 -0.142600
v -0.114027 -0.500717 0.283800
v 0.311173 -0.431117 -0.203300
v -0.061027 -0.492017 0.316200
v -0.003427 -0.482617 -0.352600
v 0.056373 -0.472817 -0.359300
v 0.273073 -0.437317 -0.256500
v -0.003427 -0.482617 0.336200
v -0.061027 -0.492017 -0.332600
v 0.226673 -0.444917 -0.300200
v 0.056373 -0.472817 0.342900
v -0.114027 -0.500717 -0.300200
v 0.173673 -0.453617 -0.332600
v 0.116173 -0.463017 0.336200
v -0.160427 -0.508317 -0.256500
v 0.116173 -0.463017 -0.352600
v 0.173673 -0.453617 0.316200
v -0.198527 -0.514617 -0.203300
v 0.226673 -0.444917 0.283800
v -0.226927 -0.519217 -0.142600
v 0.006773 -0.503917 -0.317800
v -0.045627 -0.505317 -0.299800
v -0.093827 -0.506517 -0.270600
v -0.136127 -0.507517 -0.231400
v -0.170927 -0.508417 -0.183600
v -0.196627 -0.509117 -0.129000
v -0.212527 -0.509517 -0.069800
v -0.217927 -0.509617 -0.008200
v -0.212527 -0.509517 0.053400
v -0.196627 -0.509117 0.112600
v -0.170927 -0.508417 0.167200
v -0.136127 -0.507517 0.215000
v -0.093827 -0.506517 0.254200
v -0.045627 -0.505317 0.283400
v 0.006773 -0.503917 0.301400
v 0.061173 -0.502617 0.307400
v 0.115673 -0.501217 0.301400
v 0.167973 -0.499917 0.283400
v 0.216273 -0.498717 0.254200
v 0.258573 -0.497617 0.215000
v 0.293273 -0.496717 0.167200
v 0.319073 -0.496117 0.112600
v 0.334973 -0.495717 -0.069800
v 0.319073 -0.496117 -0.129000
v 0.293273 -0.496717 -0.183500
v 0.258573 -0.497617 -0.231400
v 0.216273 -0.498717 -0.270600
v 0.167973 -0.499917 -0.299800
v 0.115673 -0.501217 -0.317800
v 0.061173 -0.502617 -0.323800
v 0.038573 -0.495917 -0.364700
v 0.108473 -0.495917 -0.357800
v 0.175673 -0.495917 -0.337400
v 0.237573 -0.495917 -0.304300
v 0.291873 -0.495917 -0.259800
v 0.336373 -0.495917 -0.205500
v 0.369473 -0.495917 -0.143600
v 0.389873 -0.495917 -0.076400
v 0.396773 -0.495917 -0.006500
v 0.389873 -0.495917 0.063400
v 0.369473 -0.495917 0.130500
v 0.336373 -0.495917 0.192500
v 0.291873 -0.495917 0.246700
v 0.237573 -0.495917 0.291300
v 0.175673 -0.495917 0.324400
v 0.108473 -0.495917 0.344800
v 0.038573 -0.495917 0.351600
v -0.031327 -0.495917 0.344800
v -0.098427 -0.495917 0.324400
v -0.160427 -0.495917 0.291300
v -0.214627 -0.495917 0.246700
v -0.259227 -0.495917 0.192500
v -0.292327 -0.495917 0.130500
v -0.312727 -0.495917 0.063400
v -0.319527 -0.495917 -0.006500
v -0.312727 -0.495917 -0.076400
v -0.292327 -0.495917 -0.143600
v -0.259227 -0.495917 -0.205500
v -0.214627 -0.495917 -0.259800
v -0.031327 -0.495917 -0.357800
v -0.160427 -0.495917 -0.304300
v -0.098427 -0.495917 -0.337400
v -0.229127 -0.526817 -0.274300
v -0.229127 -0.561617 -0.274300
v -0.171727 -0.561617 -0.321400
v -0.171727 -0.526817 -0.321400
v -0.340027 -0.526817 -0.006500
v -0.332827 -0.526817 0.067400
v 0.409973 -0.526817 0.067400
v 0.388473 -0.526817 0.138400
v -0.311227 -0.526817 0.138400
v 0.417273 -0.526817 -0.006500
v -0.276227 -0.526817 0.203900
v 0.409973 -0.526817 -0.080400
v -0.229127 -0.526817 0.261200
v 0.388473 -0.526817 -0.151400
v -0.171727 -0.526817 0.308300
v 0.353473 -0.526817 -0.216900
v -0.106327 -0.526817 0.343300
v 0.038573 -0.526817 -0.385200
v -0.035327 -0.526817 -0.377900
v 0.306373 -0.526817 -0.274300
v -0.035327 -0.526817 0.364900
v -0.106327 -0.526817 -0.356300
v 0.248973 -0.526817 -0.321400
v 0.038573 -0.526817 0.372100
v 0.183473 -0.526817 -0.356300
v 0.112473 -0.526817 0.364900
v 0.112473 -0.526817 -0.377900
v 0.183473 -0.526817 0.343300
v -0.276227 -0.526817 -0.216900
v 0.248973 -0.526817 0.308300
v -0.311227 -0.526817 -0.151400
v 0.306373 -0.526817 0.261200
v -0.332827 -0.526817 -0.080400
v 0.353473 -0.526817 0.203900
v -0.035327 -0.561617 -0.377900
v -0.106327 -0.561617 -0.356300
v -0.276227 -0.561617 -0.216900
v -0.311227 -0.561617 -0.151400
v -0.332827 -0.561617 -0.080400
v -0.340027 -0.561617 -0.006500
v -0.332827 -0.561617 0.067400
v -0.311227 -0.561617 0.138400
v -0.276227 -0.561617 0.203900
v -0.229127 -0.561617 0.261200
v -0.171727 -0.561617 0.308300
v -0.106327 -0.561617 0.343300
v -0.035327 -0.561617 0.364900
v 0.038573 -0.561617 0.372100
v 0.112473 -0.561617 0.364900
v 0.183473 -0.561617 0.343300
v 0.248973 -0.561617 0.308300
v 0.306373 -0.561617 0.261200
v 0.353473 -0.561617 0.203900
v 0.388473 -0.561617 0.138400
v 0.409973 -0.561617 0.067400
v 0.417273 -0.561617 -0.006500
v 0.409973 -0.561617 -0.080400
v 0.388473 -0.561617 -0.151400
v 0.353473 -0.561617 -0.216900
v 0.306373 -0.561617 -0.274300
v 0.248973 -0.561617 -0.321400
v 0.183473 -0.561617 -0.356300
v 0.112473 -0.561617 -0.377900
v 0.038573 -0.561617 -0.385200
v 0.037973 -0.560517 -0.382200
v 0.111573 -0.560517 -0.375000
v 0.182373 -0.560517 -0.353500
v 0.247673 -0.560517 -0.318600
v 0.304873 -0.560517 -0.271700
v 0.351773 -0.560517 -0.214500
v 0.386673 -0.560517 -0.149300
v 0.408073 -0.560517 -0.078500
v 0.415373 -0.560517 -0.004800
v 0.408073 -0.560517 0.068800
v 0.386673 -0.560517 0.139600
v 0.351773 -0.560517 0.204800
v 0.304873 -0.560517 0.262000
v 0.247673 -0.560517 0.308900
v 0.182373 -0.560517 0.343800
v 0.111573 -0.560517 0.365300
v 0.037973 -0.560517 0.372500
v -0.035627 -0.560517 0.365300
v -0.106427 -0.560517 0.343800
v -0.171627 -0.560517 0.308900
v -0.228827 -0.560517 0.262000
v -0.275827 -0.560517 0.204800
v -0.310627 -0.560517 0.139600
v -0.332127 -0.560517 0.068800
v -0.339427 -0.560517 -0.004800
v -0.332127 -0.560517 -0.078500
v -0.310627 -0.560517 -0.149300
v -0.275827 -0.560517 -0.214500
v -0.228827 -0.560517 -0.271700
v -0.035627 -0.560517 -0.375000
v -0.171627 -0.560517 -0.318600
v -0.106427 -0.560517 -0.353500
v -0.055027 -0.739717 -0.472500
v -0.144527 -0.739717 -0.445400
v -0.226927 -0.739717 -0.401300
v -0.299227 -0.739717 -0.342000
v -0.358527 -0.739717 -0.269800
v -0.402527 -0.739717 -0.187300
v -0.429727 -0.739717 -0.097900
v -0.438827 -0.739717 -0.004800
v -0.429727 -0.739717 0.088200
v -0.402527 -0.739717 0.177600
v -0.358527 -0.739717 0.260100
v -0.299227 -0.739717 0.332400
v -0.226927 -0.739717 0.391700
v -0.144527 -0.739717 0.435700
v -0.055027 -0.739717 0.462900
v 0.037973 -0.739717 0.472000
v 0.130973 -0.739717 0.462900
v 0.220473 -0.739717 0.435700
v 0.302873 -0.739717 0.391700
v 0.375173 -0.739717 0.332400
v 0.434473 -0.739717 0.260100
v 0.478573 -0.739717 0.177600
v 0.505673 -0.739717 0.088200
v 0.514873 -0.739717 -0.004800
v 0.505673 -0.739717 -0.097900
v 0.478573 -0.739717 -0.187300
v 0.434473 -0.739717 -0.269800
v 0.375173 -0.739717 -0.342000
v 0.302873 -0.739717 -0.401300
v 0.220473 -0.739717 -0.445400
v 0.130973 -0.739717 -0.472500
v 0.037973 -0.739717 -0.481700
v 0.486773 -0.787517 -0.264600
v 0.490673 -0.787517 -0.266100
v 0.490673 -0.861917 -0.266100
v 0.486773 -0.861917 -0.264600
v 0.494773 -0.787517 -0.266800
v 0.494773 -0.861917 -0.266800
v 0.498973 -0.787517 -0.266700
v 0.498973 -0.861917 -0.266700
v 0.503073 -0.787517 -0.265700
v 0.503073 -0.861917 -0.265700
v 0.506873 -0.787517 -0.264000
v 0.506873 -0.861917 -0.264000
v 0.510273 -0.861917 -0.261600
v 0.510273 -0.787517 -0.261600
v 0.513173 -0.861917 -0.258500
v 0.513173 -0.787517 -0.258500
v 0.515373 -0.787517 -0.255000
v 0.515373 -0.861917 -0.255000
v 0.516873 -0.861917 -0.251100
v 0.516873 -0.787517 -0.251100
v 0.517573 -0.861917 -0.246900
v 0.517573 -0.787517 -0.246900
v 0.517373 -0.861917 -0.242800
v 0.517373 -0.787517 -0.242800
v 0.516473 -0.787517 -0.238700
v 0.516473 -0.861917 -0.238700
v 0.514773 -0.861917 -0.234900
v 0.514773 -0.787517 -0.234900
v 0.512273 -0.861917 -0.231500
v 0.512273 -0.787517 -0.231500
v 0.509273 -0.861917 -0.228600
v 0.509273 -0.787517 -0.228600
v 0.505773 -0.861917 -0.226400
v 0.505773 -0.787517 -0.226400
v 0.501773 -0.861917 -0.224900
v 0.501773 -0.787517 -0.224900
v 0.497673 -0.861917 -0.224200
v 0.497673 -0.787517 -0.224200
v 0.493473 -0.861917 -0.224300
v 0.493473 -0.787517 -0.224300
v 0.489473 -0.787517 -0.225300
v 0.489473 -0.861917 -0.225300
v 0.485573 -0.787517 -0.227000
v 0.485573 -0.861917 -0.227000
v 0.482173 -0.861917 -0.229400
v 0.482173 -0.787517 -0.229400
v 0.479373 -0.861917 -0.232400
v 0.479373 -0.787517 -0.232400
v 0.477073 -0.787517 -0.236000
v 0.477073 -0.861917 -0.236000
v 0.475673 -0.787517 -0.239900
v 0.475673 -0.861917 -0.239900
v 0.474973 -0.861917 -0.244000
v 0.474973 -0.787517 -0.244000
v 0.475073 -0.787517 -0.248200
v 0.475073 -0.861917 -0.248200
v 0.475973 -0.861917 -0.252300
v 0.475973 -0.787517 -0.252300
v 0.477673 -0.861917 -0.256100
v 0.477673 -0.787517 -0.256100
v 0.480173 -0.787517 -0.259500
v 0.480173 -0.861917 -0.259500
v 0.506773 -0.769117 -0.250700
v 0.507873 -0.769317 -0.248100
v 0.483173 -0.787517 -0.262400
v 0.483173 -0.861917 -0.262400
v 0.496673 -0.773117 -0.259400
v 0.482273 -0.762317 -0.252300
v 0.482273 -0.760317 -0.250200
v 0.499073 -0.771817 -0.258600
v 0.498273 -0.781517 -0.231200
v 0.500573 -0.779817 -0.231500
v 0.483773 -0.785517 -0.248500
v 0.483973 -0.786317 -0.245700
v 0.501373 -0.770617 -0.257200
v 0.506373 -0.774617 -0.235300
v 0.507573 -0.773117 -0.237400
v 0.487173 -0.786817 -0.237800
v 0.488973 -0.786317 -0.235600
v 0.489673 -0.778017 -0.258700
v 0.491873 -0.776317 -0.259500
v 0.487673 -0.779817 -0.257500
v 0.508473 -0.769817 -0.245300
v 0.495873 -0.783017 -0.231600
v 0.484073 -0.784317 -0.251100
v 0.503473 -0.769817 -0.255400
v 0.504773 -0.776317 -0.233500
v 0.485673 -0.787017 -0.240200
v 0.494173 -0.774617 -0.259700
v 0.508673 -0.770617 -0.242500
v 0.493373 -0.784317 -0.232400
v 0.484873 -0.783017 -0.253600
v 0.505373 -0.769317 -0.253200
v 0.502773 -0.778017 -0.232200
v 0.484573 -0.786817 -0.242900
v 0.508373 -0.771817 -0.239800
v 0.491073 -0.785517 -0.233800
v 0.486073 -0.781517 -0.255700
v 0.483173 -0.767217 -0.255200
v 0.484073 -0.769917 -0.256000
v 0.485273 -0.772517 -0.256300
v 0.486673 -0.775017 -0.256000
v 0.488173 -0.777417 -0.255200
v 0.489773 -0.779417 -0.254000
v 0.491473 -0.781117 -0.252300
v 0.493073 -0.782417 -0.250300
v 0.494673 -0.783117 -0.247900
v 0.495973 -0.783417 -0.245400
v 0.497173 -0.783117 -0.242700
v 0.498173 -0.782417 -0.240100
v 0.498773 -0.781117 -0.237600
v 0.499073 -0.779417 -0.235200
v 0.499173 -0.777417 -0.233200
v 0.498773 -0.775017 -0.231500
v 0.498173 -0.772517 -0.230300
v 0.497273 -0.769917 -0.229500
v 0.496073 -0.767217 -0.229200
v 0.494773 -0.764717 -0.229500
v 0.493173 -0.762317 -0.230300
v 0.491573 -0.760317 -0.231500
v 0.489973 -0.758617 -0.233200
v 0.488273 -0.757317 -0.235200
v 0.486773 -0.756617 -0.237600
v 0.485373 -0.756317 -0.240100
v 0.484173 -0.756617 -0.242700
v 0.483273 -0.757317 -0.245400
v 0.482673 -0.758617 -0.247900
v 0.482573 -0.764717 -0.254000
v 0.528073 -0.787517 0.193500
v 0.528073 -0.861917 0.193500
v 0.525173 -0.861917 0.190500
v 0.525173 -0.787517 0.190500
v 0.530373 -0.861917 0.197000
v 0.530373 -0.787517 0.197000
v 0.531873 -0.787517 0.200900
v 0.531873 -0.861917 0.200900
v 0.532673 -0.861917 0.205000
v 0.532673 -0.787517 0.205000
v 0.532573 -0.787517 0.209200
v 0.532573 -0.861917 0.209200
v 0.531773 -0.861917 0.213300
v 0.531773 -0.787517 0.213300
v 0.530073 -0.861917 0.217100
v 0.530073 -0.787517 0.217100
v 0.527773 -0.787517 0.220600
v 0.527773 -0.861917 0.220600
v 0.524773 -0.861917 0.223500
v 0.524773 -0.787517 0.223500
v 0.521273 -0.787517 0.225800
v 0.521273 -0.861917 0.225800
v 0.517373 -0.787517 0.227300
v 0.517373 -0.861917 0.227300
v 0.513273 -0.861917 0.228100
v 0.513273 -0.787517 0.228100
v 0.509073 -0.787517 0.228100
v 0.509073 -0.861917 0.228100
v 0.504973 -0.787517 0.227200
v 0.504973 -0.861917 0.227200
v 0.501173 -0.861917 0.225600
v 0.501173 -0.787517 0.225600
v 0.497673 -0.787517 0.223200
v 0.497673 -0.861917 0.223200
v 0.494773 -0.787517 0.220200
v 0.494773 -0.861917 0.220200
v 0.492473 -0.861917 0.216700
v 0.492473 -0.787517 0.216700
v 0.490873 -0.861917 0.212800
v 0.490873 -0.787517 0.212800
v 0.490173 -0.787517 0.208700
v 0.490173 -0.861917 0.208700
v 0.490173 -0.861917 0.204500
v 0.490173 -0.787517 0.204500
v 0.491073 -0.787517 0.200400
v 0.491073 -0.861917 0.200400
v 0.492673 -0.787517 0.196600
v 0.492673 -0.861917 0.196600
v 0.495073 -0.861917 0.193100
v 0.495073 -0.787517 0.193100
v 0.498073 -0.861917 0.190200
v 0.498073 -0.787517 0.190200
v 0.501573 -0.787517 0.187900
v 0.501573 -0.861917 0.187900
v 0.505473 -0.861917 0.186300
v 0.505473 -0.787517 0.186300
v 0.509573 -0.787517 0.185600
v 0.509573 -0.861917 0.185600
v 0.513773 -0.787517 0.185600
v 0.513773 -0.861917 0.185600
v 0.517773 -0.861917 0.186500
v 0.517773 -0.787517 0.186500
v 0.518373 -0.769317 0.216500
v 0.520473 -0.769117 0.214400
v 0.521673 -0.787517 0.188100
v 0.521673 -0.861917 0.188100
v 0.524573 -0.771817 0.204200
v 0.524373 -0.773117 0.201600
v 0.512073 -0.762317 0.191300
v 0.510173 -0.760317 0.192200
v 0.499173 -0.781517 0.214400
v 0.500273 -0.779817 0.216500
v 0.509173 -0.785517 0.194200
v 0.506673 -0.786317 0.195500
v 0.524173 -0.770617 0.206900
v 0.508573 -0.773117 0.220500
v 0.506073 -0.774617 0.220200
v 0.499373 -0.786317 0.204200
v 0.500673 -0.786817 0.201600
v 0.520873 -0.778017 0.195500
v 0.522473 -0.776317 0.197200
v 0.518973 -0.779817 0.194200
v 0.516173 -0.769817 0.218200
v 0.498473 -0.783017 0.212000
v 0.511773 -0.784317 0.193500
v 0.523373 -0.769817 0.209500
v 0.503873 -0.776317 0.219400
v 0.502373 -0.787017 0.199200
v 0.523673 -0.774617 0.199300
v 0.513673 -0.770617 0.219500
v 0.498273 -0.784317 0.209500
v 0.514273 -0.783017 0.193200
v 0.522173 -0.769317 0.212100
v 0.501873 -0.778017 0.218200
v 0.504373 -0.786817 0.197200
v 0.511073 -0.771817 0.220200
v 0.498573 -0.785517 0.206800
v 0.516773 -0.781517 0.193500
v 0.516873 -0.772517 0.192500
v 0.517173 -0.775017 0.193900
v 0.517073 -0.777417 0.195600
v 0.516573 -0.779417 0.197600
v 0.515773 -0.781117 0.199800
v 0.514473 -0.782417 0.202100
v 0.512973 -0.783117 0.204400
v 0.511173 -0.783417 0.206700
v 0.509273 -0.783117 0.208800
v 0.507273 -0.782417 0.210700
v 0.505173 -0.781117 0.212300
v 0.503173 -0.779417 0.213600
v 0.501273 -0.777417 0.214400
v 0.499673 -0.775017 0.214800
v 0.498273 -0.772517 0.214700
v 0.497173 -0.769917 0.214200
v 0.496473 -0.767217 0.213200
v 0.496173 -0.764717 0.211900
v 0.496273 -0.762317 0.210200
v 0.496773 -0.760317 0.208200
v 0.497573 -0.758617 0.206000
v 0.498873 -0.757317 0.203700
v 0.500373 -0.756617 0.201300
v 0.502173 -0.756317 0.199100
v 0.504073 -0.756617 0.196900
v 0.506073 -0.757317 0.195000
v 0.508173 -0.758617 0.193400
v 0.513673 -0.764717 0.190900
v 0.516173 -0.769917 0.191500
v 0.515073 -0.767217 0.191000
v 0.559673 -0.787517 -0.044700
v 0.559673 -0.861917 -0.044700
v 0.555473 -0.861917 -0.045000
v 0.555473 -0.787517 -0.045000
v 0.563773 -0.861917 -0.043700
v 0.563773 -0.787517 -0.043700
v 0.567473 -0.787517 -0.041900
v 0.567473 -0.861917 -0.041900
v 0.570873 -0.787517 -0.039300
v 0.570873 -0.861917 -0.039300
v 0.573573 -0.861917 -0.036200
v 0.573573 -0.787517 -0.036200
v 0.575673 -0.787517 -0.032600
v 0.575673 -0.861917 -0.032600
v 0.577073 -0.787517 -0.028600
v 0.577073 -0.861917 -0.028600
v 0.577673 -0.861917 -0.024500
v 0.577673 -0.787517 -0.024500
v 0.577373 -0.787517 -0.020300
v 0.577373 -0.861917 -0.020300
v 0.576373 -0.787517 -0.016300
v 0.576373 -0.861917 -0.016300
v 0.574473 -0.861917 -0.012500
v 0.574473 -0.787517 -0.012500
v 0.571973 -0.787517 -0.009200
v 0.571973 -0.861917 -0.009200
v 0.568873 -0.787517 -0.006400
v 0.568873 -0.861917 -0.006400
v 0.565273 -0.861917 -0.004300
v 0.565273 -0.787517 -0.004300
v 0.561273 -0.861917 -0.002900
v 0.561273 -0.787517 -0.002900
v 0.557173 -0.787517 -0.002300
v 0.557173 -0.861917 -0.002300
v 0.552973 -0.861917 -0.002600
v 0.552973 -0.787517 -0.002600
v 0.548873 -0.861917 -0.003700
v 0.548873 -0.787517 -0.003700
v 0.545173 -0.787517 -0.005500
v 0.545173 -0.861917 -0.005500
v 0.541773 -0.861917 -0.008000
v 0.541773 -0.787517 -0.008000
v 0.539073 -0.787517 -0.011100
v 0.539073 -0.861917 -0.011100
v 0.536973 -0.787517 -0.014800
v 0.536973 -0.861917 -0.014800
v 0.535573 -0.861917 -0.018700
v 0.535573 -0.787517 -0.018700
v 0.534973 -0.861917 -0.022900
v 0.534973 -0.787517 -0.022900
v 0.535273 -0.787517 -0.027000
v 0.535273 -0.861917 -0.027000
v 0.536273 -0.861917 -0.031100
v 0.536273 -0.787517 -0.031100
v 0.538173 -0.787517 -0.034800
v 0.538173 -0.861917 -0.034800
v 0.540673 -0.787517 -0.038200
v 0.540673 -0.861917 -0.038200
v 0.543773 -0.861917 -0.041000
v 0.543773 -0.787517 -0.041000
v 0.547373 -0.787517 -0.043100
v 0.547373 -0.861917 -0.043100
v 0.568173 -0.769117 -0.024100
v 0.567973 -0.769317 -0.021200
v 0.551373 -0.787517 -0.044400
v 0.551373 -0.861917 -0.044400
v 0.562373 -0.773117 -0.036200
v 0.546373 -0.762317 -0.035600
v 0.545573 -0.760317 -0.033700
v 0.564273 -0.771817 -0.034400
v 0.552373 -0.781517 -0.009800
v 0.554573 -0.779817 -0.009100
v 0.546173 -0.785517 -0.031500
v 0.545173 -0.786317 -0.028900
v 0.565873 -0.770617 -0.032300
v 0.563373 -0.773117 -0.011600
v 0.561373 -0.774617 -0.010200
v 0.545673 -0.786317 -0.017600
v 0.544873 -0.786817 -0.020300
v 0.558073 -0.776317 -0.038300
v 0.555773 -0.778017 -0.038500
v 0.553473 -0.779817 -0.038100
v 0.567473 -0.769817 -0.018400
v 0.550273 -0.783017 -0.011100
v 0.547573 -0.784317 -0.033800
v 0.566973 -0.769817 -0.029700
v 0.559173 -0.776317 -0.009300
v 0.544573 -0.787017 -0.023200
v 0.560373 -0.774617 -0.037500
v 0.566473 -0.770617 -0.015800
v 0.548373 -0.784317 -0.012900
v 0.549273 -0.783017 -0.035700
v 0.567773 -0.769317 -0.027000
v 0.556873 -0.778017 -0.008900
v 0.544673 -0.786817 -0.026100
v 0.565073 -0.771817 -0.013500
v 0.546873 -0.785517 -0.015100
v 0.551273 -0.781517 -0.037200
v 0.548473 -0.767217 -0.037900
v 0.549573 -0.769917 -0.038200
v 0.550773 -0.772517 -0.038000
v 0.551873 -0.775017 -0.037200
v 0.552973 -0.777417 -0.035900
v 0.553973 -0.779417 -0.034000
v 0.554773 -0.781117 -0.031800
v 0.555473 -0.782417 -0.029300
v 0.555873 -0.783117 -0.026500
v 0.556073 -0.783417 -0.023700
v 0.556073 -0.783117 -0.020800
v 0.555873 -0.782417 -0.018000
v 0.555373 -0.781117 -0.015400
v 0.554773 -0.779417 -0.013100
v 0.553873 -0.777417 -0.011300
v 0.552973 -0.775017 -0.009900
v 0.551873 -0.772517 -0.009000
v 0.550673 -0.769917 -0.008700
v 0.549573 -0.767217 -0.008900
v 0.548373 -0.764717 -0.009700
v 0.547373 -0.762317 -0.011000
v 0.546373 -0.760317 -0.012800
v 0.545573 -0.758617 -0.015000
v 0.544873 -0.757317 -0.017600
v 0.544473 -0.756617 -0.020300
v 0.544173 -0.756317 -0.023200
v 0.544273 -0.756617 -0.026100
v 0.544473 -0.757317 -0.028900
v 0.544873 -0.758617 -0.031500
v 0.547373 -0.764717 -0.037000
vn -0.0000 -1.0000 -0.0000
vn -0.9952 -0.0000 0.0981
vn -0.9952 -0.0000 0.0978
vn -0.2440 -0.8556 0.4565
vn -0.2440 -0.8555 0.4567
vn -0.2439 -0.8556 0.4565
vn -0.2439 -0.8557 0.4564
vn -0.0507 -0.8556 -0.5152
vn -0.0509 -0.8552 -0.5158
vn -0.0507 -0.8557 -0.5150
vn 0.3283 -0.8557 0.4000
vn 0.3284 -0.8556 0.4002
vn 0.3284 -0.8555 0.4003
vn 0.3283 -0.8558 0.3998
vn -0.1502 -0.8557 0.4953
vn -0.1501 -0.8557 0.4952
vn -0.1502 -0.8558 -0.4951
vn -0.1502 -0.8557 -0.4953
vn 0.4002 -0.8556 0.3284
vn 0.4001 -0.8556 0.3284
vn 0.4000 -0.8557 0.3282
vn -0.0507 -0.8557 0.5150
vn -0.0507 -0.8556 0.5151
vn -0.0507 -0.8554 0.5154
vn -0.2441 -0.8556 -0.4566
vn -0.2441 -0.8556 -0.4564
vn -0.2441 -0.8555 -0.4567
vn -0.2441 -0.8554 -0.4569
vn 0.4569 -0.8553 0.2442
vn 0.4564 -0.8556 0.2440
vn 0.4564 -0.8557 0.2440
vn 0.4565 -0.8556 0.2440
vn -0.3283 -0.8556 -0.4002
vn -0.3284 -0.8555 -0.4002
vn -0.3283 -0.8556 -0.4001
vn 0.4954 -0.8556 0.1503
vn 0.4953 -0.8556 0.1502
vn 0.4958 -0.8553 0.1505
vn 0.4957 -0.8554 0.1505
vn -0.4003 -0.8555 -0.3284
vn -0.4000 -0.8557 -0.3282
vn -0.4001 -0.8557 -0.3282
vn 0.5151 -0.8556 0.0507
vn 0.5153 -0.8555 0.0507
vn 0.5149 -0.8558 0.0507
vn -0.4566 -0.8556 -0.2440
vn -0.4568 -0.8554 -0.2441
vn -0.4565 -0.8556 -0.2440
vn -0.4566 -0.8555 -0.2443
vn 0.5152 -0.8556 -0.0507
vn 0.5149 -0.8557 -0.0507
vn 0.5151 -0.8556 -0.0507
vn 0.5150 -0.8557 -0.0507
vn -0.4954 -0.8556 -0.1502
vn -0.4951 -0.8558 -0.1502
vn -0.4953 -0.8557 -0.1502
vn -0.4956 -0.8555 -0.1502
vn 0.4953 -0.8556 -0.1502
vn 0.4955 -0.8555 -0.1503
vn 0.4957 -0.8553 -0.1505
vn -0.5152 -0.8556 -0.0507
vn -0.5149 -0.8558 -0.0507
vn -0.5151 -0.8556 -0.0507
vn -0.5153 -0.8555 -0.0507
vn 0.4563 -0.8557 -0.2440
vn 0.4568 -0.8555 -0.2440
vn 0.4565 -0.8556 -0.2440
vn 0.4565 -0.8556 -0.2441
vn -0.5154 -0.8555 0.0507
vn -0.5153 -0.8555 0.0507
vn -0.5157 -0.8553 0.0508
vn -0.5150 -0.8557 0.0507
vn 0.4003 -0.8555 -0.3284
vn 0.4002 -0.8556 -0.3283
vn 0.4001 -0.8556 -0.3283
vn 0.4000 -0.8557 -0.3283
vn -0.4953 -0.8557 0.1502
vn -0.4952 -0.8557 0.1502
vn -0.4954 -0.8556 0.1502
vn 0.3284 -0.8555 -0.4003
vn 0.3284 -0.8556 -0.4002
vn -0.4566 -0.8555 0.2441
vn -0.4564 -0.8557 0.2440
vn -0.4569 -0.8553 0.2442
vn -0.4569 -0.8554 0.2441
vn 0.2443 -0.8554 -0.4567
vn 0.2443 -0.8554 -0.4568
vn 0.2443 -0.8555 -0.4566
vn 0.0507 -0.8555 0.5153
vn 0.0507 -0.8557 0.5150
vn 0.0507 -0.8556 0.5152
vn 0.0508 -0.8552 0.5158
vn -0.4002 -0.8556 0.3283
vn -0.4000 -0.8557 0.3283
vn -0.4001 -0.8557 0.3283
vn -0.4000 -0.8557 0.3282
vn 0.1502 -0.8557 -0.4952
vn 0.1502 -0.8556 -0.4953
vn 0.1503 -0.8556 -0.4954
vn 0.1502 -0.8556 -0.4954
vn 0.1502 -0.8557 0.4953
vn 0.1502 -0.8556 0.4953
vn 0.1502 -0.8557 0.4952
vn -0.3287 -0.8556 0.4000
vn -0.3286 -0.8556 0.3999
vn -0.3287 -0.8554 0.4003
vn -0.3283 -0.8556 0.4001
vn 0.0507 -0.8556 -0.5151
vn 0.0507 -0.8556 -0.5152
vn 0.2441 -0.8555 0.4566
vn 0.2440 -0.8557 0.4563
vn 0.2436 -0.8559 0.4562
vn 0.2434 -0.8560 0.4561
vn -0.0000 1.0000 -0.0000
vn 0.7731 -0.0000 -0.6343
vn -0.9569 -0.0000 0.2903
vn 0.6343 -0.0000 -0.7731
vn -0.8818 -0.0000 0.4716
vn 0.4716 -0.0000 -0.8818
vn 0.0980 -0.0000 0.9952
vn -0.7731 -0.0000 0.6343
vn 0.2903 -0.0000 -0.9569
vn 0.2903 -0.0000 0.9569
vn -0.6344 -0.0000 0.7730
vn -0.6345 -0.0000 0.7730
vn 0.0980 -0.0000 -0.9952
vn 0.4708 -0.0000 0.8822
vn -0.4714 -0.0000 0.8819
vn -0.4708 -0.0000 0.8822
vn -0.4713 -0.0000 0.8820
vn -0.0981 -0.0000 -0.9952
vn 0.6342 -0.0000 0.7732
vn 0.6342 -0.0000 0.7731
vn -0.2903 -0.0000 0.9569
vn -0.2903 -0.0000 -0.9569
vn 0.7731 -0.0000 0.6343
vn -0.0981 -0.0000 0.9952
vn -0.0978 -0.0000 0.9952
vn -0.4716 -0.0000 -0.8818
vn 0.8818 -0.0000 0.4716
vn -0.6343 -0.0000 -0.7731
vn 0.9569 -0.0000 0.2903
vn -0.7731 -0.0000 -0.6343
vn 0.9952 -0.0000 0.0981
vn -0.8820 -0.0000 -0.4712
vn 0.9952 -0.0000 -0.0980
vn -0.9569 -0.0000 -0.2905
vn 0.9569 -0.0000 -0.2905
vn -0.9952 -0.0000 -0.0980
vn 0.8820 -0.0000 -0.4712
vn -0.3609 0.9148 0.1813
vn -0.3607 0.9148 0.1819
vn -0.3642 0.9121 0.1880
vn -0.3721 0.9095 0.1853
vn -0.3766 0.9079 0.1841
vn -0.3767 0.9078 0.1845
vn -0.4019 0.8961 -0.1882
vn -0.4018 0.8962 -0.1880
vn -0.4064 0.8946 -0.1859
vn -0.4143 0.8914 -0.1839
vn -0.3928 0.9000 -0.1889
vn -0.3928 0.9001 -0.1885
vn -0.2344 0.7964 0.5575
vn -0.2597 0.7856 0.5616
vn -0.2851 0.7748 0.5643
vn -0.3106 0.7639 0.5657
vn -0.3828 0.9052 0.1848
vn -0.3872 0.9035 0.1839
vn -0.3883 0.9030 -0.1839
vn -0.3883 0.9028 -0.1847
vn -0.3362 0.7530 -0.5657
vn -0.3361 0.7531 -0.5656
vn -0.3617 0.7421 -0.5643
vn -0.3617 0.7421 -0.5644
vn -0.3871 0.7313 -0.5616
vn -0.3870 0.7314 -0.5615
vn -0.4122 0.7206 -0.5575
vn -0.4122 0.7206 -0.5576
vn -0.4118 0.7206 -0.5578
vn -0.4120 0.7204 -0.5580
vn -0.4177 0.8895 -0.1854
vn -0.4167 0.8900 -0.1849
vn -0.3506 0.9191 0.1796
vn -0.3486 0.9195 0.1818
vn 0.4108 -0.8934 0.1820
vn 0.4002 -0.8979 0.1834
vn 0.4045 -0.8959 0.1836
vn 0.4111 -0.8933 0.1819
vn 0.3628 -0.9137 -0.1830
vn 0.3695 -0.9110 -0.1834
vn 0.3696 -0.9110 -0.1829
vn 0.3588 -0.9155 -0.1820
vn 0.3905 -0.9018 0.1852
vn 0.3963 -0.8997 0.1830
vn 0.3735 -0.9088 -0.1861
vn 0.3766 -0.9069 -0.1890
vn 0.4123 -0.7205 0.5575
vn 0.4167 -0.8907 0.1818
vn 0.4200 -0.8893 0.1809
vn 0.3536 -0.9177 -0.1811
vn 0.3500 -0.9191 -0.1810
vn 0.2343 -0.7964 -0.5575
vn 0.2344 -0.7964 -0.5575
vn 0.2342 -0.7964 -0.5575
vn 0.2597 -0.7856 -0.5616
vn 0.2596 -0.7856 -0.5616
vn 0.2851 -0.7748 -0.5643
vn 0.3106 -0.7639 -0.5657
vn 0.3823 -0.9055 -0.1843
vn 0.3838 -0.9051 -0.1828
vn 0.3851 -0.9045 0.1833
vn 0.3854 -0.9045 0.1828
vn 0.3361 -0.7530 0.5657
vn 0.3362 -0.7530 0.5657
vn 0.3617 -0.7421 0.5643
vn 0.3618 -0.7421 0.5643
vn 0.3871 -0.7313 0.5616
vn 0.3870 -0.7313 0.5616
vn 0.3871 -0.7313 0.5615
vn 0.4427 -0.8785 0.1794
vn 0.4332 -0.8831 0.1802
vn 0.4367 -0.8816 0.1792
vn 0.4460 -0.8781 0.1733
vn 0.3250 -0.9291 -0.1764
vn 0.3352 -0.9248 -0.1799
vn 0.3353 -0.9247 -0.1804
vn 0.3251 -0.9292 -0.1756
vn 0.4270 -0.8863 0.1792
vn 0.4268 -0.8865 0.1787
vn 0.3473 -0.9203 -0.1802
vn 0.3466 -0.9205 -0.1804
vn 0.5107 -0.6786 0.5279
vn 0.5108 -0.6785 0.5280
vn 0.4479 -0.8774 0.1719
vn 0.4531 -0.8753 0.1688
vn 0.3185 -0.9315 -0.1759
vn 0.3202 -0.9322 -0.1685
vn 0.1361 -0.8383 -0.5280
vn 0.1361 -0.8383 -0.5279
vn 0.1601 -0.8281 -0.5373
vn 0.1601 -0.8281 -0.5372
vn 0.1845 -0.8177 -0.5452
vn 0.1845 -0.8177 -0.5453
vn 0.2093 -0.8071 -0.5521
vn 0.2094 -0.8071 -0.5521
vn 0.4374 -0.7098 0.5521
vn 0.4375 -0.7099 0.5520
vn 0.4375 -0.7098 0.5521
vn 0.4622 -0.6993 0.5453
vn 0.4622 -0.6992 0.5453
vn 0.4866 -0.6888 0.5374
vn 0.4866 -0.6889 0.5373
vn 0.4866 -0.6888 0.5373
vn 0.4735 -0.8654 0.1638
vn 0.4643 -0.8698 0.1667
vn 0.4690 -0.8677 0.1650
vn 0.4770 -0.8643 0.1596
vn 0.2981 -0.9415 -0.1571
vn 0.3041 -0.9380 -0.1663
vn 0.3034 -0.9382 -0.1665
vn 0.2977 -0.9416 -0.1576
vn 0.4596 -0.8717 0.1697
vn 0.4599 -0.8715 0.1702
vn 0.3117 -0.9348 -0.1701
vn 0.3118 -0.9349 -0.1697
vn 0.6018 -0.6397 0.4781
vn 0.4773 -0.8649 0.1555
vn 0.4832 -0.8623 0.1514
vn 0.2916 -0.9443 -0.1524
vn 0.2909 -0.9445 -0.1529
vn 0.0448 -0.8772 -0.4781
vn 0.0448 -0.8772 -0.4780
vn 0.0449 -0.8772 -0.4781
vn 0.0668 -0.8678 -0.4923
vn 0.0668 -0.8679 -0.4923
vn 0.0893 -0.8582 -0.5055
vn 0.0893 -0.8582 -0.5054
vn 0.1125 -0.8484 -0.5173
vn 0.1129 -0.8484 -0.5172
vn 0.1125 -0.8484 -0.5172
vn 0.1124 -0.8484 -0.5173
vn 0.5343 -0.6685 0.5173
vn 0.5574 -0.6587 0.5054
vn 0.5575 -0.6587 0.5053
vn 0.5799 -0.6492 0.4923
vn 0.5799 -0.6492 0.4921
vn 0.5798 -0.6492 0.4923
vn 0.5799 -0.6491 0.4923
vn 0.4984 -0.8559 0.1382
vn 0.4910 -0.8591 0.1445
vn 0.4948 -0.8574 0.1414
vn 0.5010 -0.8547 0.1359
vn 0.2724 -0.9526 -0.1356
vn 0.2782 -0.9500 -0.1416
vn 0.2764 -0.9507 -0.1406
vn 0.2709 -0.9532 -0.1341
vn 0.4881 -0.8597 0.1508
vn 0.4887 -0.8592 0.1515
vn 0.2818 -0.9474 -0.1516
vn 0.2824 -0.9474 -0.1508
vn 0.6823 -0.6054 0.4098
vn 0.5057 -0.8527 0.1309
vn 0.5057 -0.8528 0.1307
vn 0.2665 -0.9547 -0.1324
vn 0.2644 -0.9557 -0.1296
vn -0.0355 -0.9115 -0.4098
vn -0.0355 -0.9115 -0.4097
vn -0.0166 -0.9034 -0.4285
vn -0.0166 -0.9033 -0.4286
vn 0.0032 -0.8950 -0.4460
vn 0.0032 -0.8950 -0.4461
vn 0.0031 -0.8950 -0.4461
vn 0.0237 -0.8862 -0.4626
vn 0.6231 -0.6307 0.4626
vn 0.6436 -0.6219 0.4461
vn 0.6633 -0.6135 0.4285
vn 0.5214 -0.8455 0.1151
vn 0.5164 -0.8476 0.1219
vn 0.5209 -0.8455 0.1174
vn 0.5247 -0.8445 0.1073
vn 0.2496 -0.9622 -0.1089
vn 0.2566 -0.9593 -0.1178
vn 0.2557 -0.9597 -0.1169
vn 0.2495 -0.9622 -0.1095
vn 0.5111 -0.8507 0.1230
vn 0.5106 -0.8509 0.1236
vn 0.2582 -0.9583 -0.1221
vn 0.2610 -0.9571 -0.1256
vn 0.7490 -0.5770 0.3257
vn 0.7489 -0.5770 0.3258
vn 0.5264 -0.8440 0.1027
vn 0.5256 -0.8445 0.1022
vn 0.2395 -0.9656 -0.1018
vn 0.2399 -0.9653 -0.1036
vn -0.1023 -0.9399 -0.3258
vn -0.1022 -0.9399 -0.3258
vn -0.0865 -0.9334 -0.3483
vn -0.0869 -0.9334 -0.3481
vn -0.0708 -0.9265 -0.3696
vn -0.0536 -0.9192 -0.3901
vn 0.7004 -0.5977 0.3902
vn 0.7175 -0.5904 0.3696
vn 0.7337 -0.5835 0.3481
vn 0.5377 -0.8392 0.0817
vn 0.5361 -0.8391 0.0926
vn 0.5378 -0.8388 0.0843
vn 0.5400 -0.8382 0.0763
vn 0.2274 -0.9705 -0.0802
vn 0.2360 -0.9679 -0.0859
vn 0.2364 -0.9679 -0.0851
vn 0.2285 -0.9702 -0.0802
vn 0.5338 -0.8401 0.0964
vn 0.5347 -0.8395 0.0968
vn 0.2415 -0.9655 -0.0975
vn 0.2420 -0.9654 -0.0968
vn 0.7992 -0.5556 0.2293
vn 0.7992 -0.5557 0.2293
vn 0.5418 -0.8375 0.0704
vn 0.5418 -0.8375 0.0706
vn 0.2299 -0.9707 -0.0702
vn 0.2292 -0.9708 -0.0708
vn -0.1526 -0.9613 -0.2293
vn -0.1412 -0.9567 -0.2544
vn -0.1415 -0.9567 -0.2544
vn -0.1295 -0.9516 -0.2789
vn -0.1167 -0.9458 -0.3030
vn -0.1164 -0.9460 -0.3027
vn -0.1164 -0.9459 -0.3027
vn -0.1164 -0.9459 -0.3028
vn 0.7631 -0.5710 0.3027
vn 0.7763 -0.5654 0.2789
vn 0.7765 -0.5652 0.2785
vn 0.7762 -0.5654 0.2789
vn 0.7883 -0.5602 0.2544
vn 0.5503 -0.8335 0.0496
vn 0.5476 -0.8349 0.0554
vn 0.5485 -0.8346 0.0516
vn 0.5532 -0.8321 0.0410
vn 0.2214 -0.9741 -0.0453
vn 0.2237 -0.9730 -0.0566
vn 0.2245 -0.9729 -0.0548
vn 0.2210 -0.9742 -0.0452
vn 0.5452 -0.8360 0.0622
vn 0.5452 -0.8360 0.0621
vn 0.2264 -0.9721 -0.0609
vn 0.2267 -0.9720 -0.0612
vn 0.8312 -0.5420 0.1240
vn 0.8312 -0.5419 0.1241
vn 0.8312 -0.5419 0.1240
vn 0.5516 -0.8333 0.0349
vn 0.5517 -0.8334 0.0341
vn 0.2185 -0.9753 -0.0328
vn 0.2179 -0.9754 -0.0332
vn -0.1845 -0.9750 -0.1240
vn -0.1783 -0.9723 -0.1509
vn -0.1708 -0.9692 -0.1774
vn -0.1708 -0.9692 -0.1775
vn -0.1622 -0.9655 -0.2036
vn -0.1621 -0.9655 -0.2038
vn -0.1622 -0.9655 -0.2038
vn 0.8090 -0.5514 0.2036
vn 0.8176 -0.5477 0.1775
vn 0.8176 -0.5478 0.1775
vn 0.8250 -0.5446 0.1509
vn 0.8250 -0.5446 0.1508
vn 0.8250 -0.5447 0.1508
vn 0.8249 -0.5447 0.1509
vn 0.5579 -0.8298 0.0117
vn 0.5570 -0.8302 0.0211
vn 0.5577 -0.8299 0.0163
vn 0.5579 -0.8299 0.0064
vn 0.2111 -0.9774 -0.0112
vn 0.2133 -0.9768 -0.0208
vn 0.2127 -0.9769 -0.0203
vn 0.2110 -0.9774 -0.0113
vn 0.5550 -0.8315 0.0233
vn 0.5548 -0.8315 0.0273
vn 0.2137 -0.9765 -0.0281
vn 0.2141 -0.9764 -0.0279
vn 0.8437 -0.5366 0.0139
vn 0.5590 -0.8292 -0.0000
vn 0.5589 -0.8292 -0.0000
vn 0.2105 -0.9776 -0.0017
vn 0.2101 -0.9777 0.0009
vn -0.1970 -0.9803 -0.0139
vn -0.1957 -0.9798 -0.0416
vn -0.1932 -0.9787 -0.0692
vn -0.1895 -0.9771 -0.0967
vn -0.1894 -0.9771 -0.0967
vn 0.8362 -0.5398 0.0967
vn 0.8362 -0.5398 0.0966
vn 0.8400 -0.5382 0.0691
vn 0.8400 -0.5382 0.0692
vn 0.8425 -0.5371 0.0416
vn 0.5562 -0.8307 -0.0232
vn 0.5574 -0.8301 -0.0158
vn 0.5573 -0.8301 -0.0209
vn 0.5537 -0.8322 -0.0313
vn 0.2136 -0.9765 0.0281
vn 0.2133 -0.9768 0.0208
vn 0.2128 -0.9769 0.0203
vn 0.2140 -0.9764 0.0279
vn 0.5586 -0.8294 -0.0091
vn 0.5586 -0.8294 -0.0090
vn 0.2110 -0.9774 0.0113
vn 0.2106 -0.9775 0.0108
vn 0.8362 -0.5398 -0.0967
vn 0.5517 -0.8333 -0.0350
vn 0.5515 -0.8334 -0.0343
vn 0.2186 -0.9753 0.0329
vn 0.2179 -0.9754 0.0332
vn -0.1895 -0.9771 0.0967
vn -0.1932 -0.9787 0.0692
vn -0.1957 -0.9798 0.0416
vn -0.1956 -0.9798 0.0417
vn -0.1970 -0.9803 0.0139
vn 0.8437 -0.5366 -0.0139
vn 0.8437 -0.5366 -0.0138
vn 0.8425 -0.5371 -0.0416
vn 0.8400 -0.5382 -0.0692
vn 0.8400 -0.5382 -0.0693
vn 0.5460 -0.8356 -0.0603
vn 0.5483 -0.8347 -0.0519
vn 0.5477 -0.8348 -0.0558
vn 0.5447 -0.8362 -0.0641
vn 0.2264 -0.9721 0.0609
vn 0.2237 -0.9730 0.0566
vn 0.2244 -0.9730 0.0549
vn 0.2267 -0.9720 0.0612
vn 0.5537 -0.8316 -0.0433
vn 0.5502 -0.8340 -0.0422
vn 0.2215 -0.9741 0.0453
vn 0.2210 -0.9742 0.0452
vn 0.8090 -0.5514 -0.2036
vn 0.8090 -0.5515 -0.2036
vn 0.5418 -0.8375 -0.0704
vn 0.5418 -0.8375 -0.0706
vn 0.2298 -0.9707 0.0699
vn 0.2292 -0.9708 0.0707
vn -0.1622 -0.9655 0.2037
vn -0.1622 -0.9655 0.2038
vn -0.1622 -0.9655 0.2036
vn -0.1709 -0.9692 0.1774
vn -0.1709 -0.9692 0.1775
vn -0.1783 -0.9723 0.1509
vn -0.1845 -0.9750 0.1240
vn 0.8312 -0.5419 -0.1240
vn 0.8313 -0.5419 -0.1240
vn 0.8251 -0.5445 -0.1508
vn 0.8254 -0.5441 -0.1504
vn 0.8250 -0.5446 -0.1509
vn 0.8176 -0.5477 -0.1775
vn 0.8176 -0.5478 -0.1775
vn 0.5345 -0.8399 -0.0940
vn 0.5378 -0.8389 -0.0838
vn 0.5367 -0.8387 -0.0924
vn 0.5331 -0.8403 -0.0985
vn 0.2410 -0.9655 0.0982
vn 0.2360 -0.9680 0.0855
vn 0.2359 -0.9681 0.0844
vn 0.2420 -0.9654 0.0970
vn 0.5380 -0.8392 -0.0790
vn 0.5380 -0.8393 -0.0787
vn 0.2275 -0.9705 0.0804
vn 0.2285 -0.9702 0.0802
vn 0.7631 -0.5709 -0.3027
vn 0.7632 -0.5709 -0.3027
vn 0.7632 -0.5708 -0.3027
vn 0.5264 -0.8440 -0.1027
vn 0.5256 -0.8446 -0.1023
vn 0.2394 -0.9654 0.1036
vn 0.2404 -0.9651 0.1040
vn -0.1164 -0.9459 0.3027
vn -0.1164 -0.9460 0.3027
vn -0.1295 -0.9515 0.2789
vn -0.1296 -0.9515 0.2790
vn -0.1415 -0.9567 0.2543
vn -0.1415 -0.9567 0.2544
vn -0.1416 -0.9567 0.2544
vn -0.1525 -0.9613 0.2293
vn 0.7992 -0.5556 -0.2293
vn 0.7883 -0.5602 -0.2544
vn 0.7763 -0.5653 -0.2789
vn 0.7763 -0.5654 -0.2788
vn 0.5124 -0.8500 -0.1219
vn 0.5204 -0.8460 -0.1162
vn 0.5169 -0.8473 -0.1224
vn 0.5100 -0.8509 -0.1259
vn 0.2603 -0.9576 0.1234
vn 0.2564 -0.9593 0.1186
vn 0.2559 -0.9596 0.1173
vn 0.2605 -0.9575 0.1238
vn 0.5243 -0.8438 -0.1146
vn 0.5238 -0.8451 -0.1069
vn 0.2496 -0.9622 0.1087
vn 0.2495 -0.9622 0.1095
vn 0.7004 -0.5977 -0.3901
vn 0.5058 -0.8527 -0.1309
vn 0.5057 -0.8528 -0.1307
vn 0.2658 -0.9551 0.1307
vn 0.2656 -0.9552 0.1308
vn -0.0535 -0.9192 0.3901
vn -0.0536 -0.9192 0.3901
vn -0.0708 -0.9265 0.3696
vn -0.0707 -0.9265 0.3697
vn -0.0708 -0.9264 0.3697
vn -0.0869 -0.9334 0.3481
vn -0.0865 -0.9334 0.3483
vn -0.1022 -0.9399 0.3258
vn 0.7490 -0.5770 -0.3258
vn 0.7489 -0.5770 -0.3258
vn 0.7489 -0.5770 -0.3260
vn 0.7337 -0.5835 -0.3481
vn 0.7175 -0.5905 -0.3694
vn 0.7175 -0.5904 -0.3696
vn 0.4898 -0.8590 -0.1489
vn 0.4941 -0.8578 -0.1417
vn 0.4910 -0.8591 -0.1446
vn 0.4872 -0.8600 -0.1517
vn 0.2818 -0.9474 0.1517
vn 0.2782 -0.9500 0.1416
vn 0.2764 -0.9507 0.1405
vn 0.2824 -0.9474 0.1508
vn 0.4995 -0.8554 -0.1370
vn 0.4995 -0.8554 -0.1369
vn 0.2723 -0.9526 0.1356
vn 0.2709 -0.9532 0.1341
vn 0.6231 -0.6307 -0.4626
vn 0.4789 -0.8645 -0.1525
vn 0.4820 -0.8631 -0.1510
vn 0.2920 -0.9442 0.1526
vn 0.2911 -0.9444 0.1530
vn 0.0237 -0.8862 0.4626
vn 0.0237 -0.8863 0.4626
vn 0.0031 -0.8950 0.4461
vn -0.0164 -0.9033 0.4287
vn -0.0166 -0.9034 0.4285
vn -0.0355 -0.9115 0.4097
vn -0.0355 -0.9115 0.4098
vn 0.6823 -0.6054 -0.4098
vn 0.6634 -0.6135 -0.4284
vn 0.6634 -0.6135 -0.4285
vn 0.6633 -0.6136 -0.4284
vn 0.6436 -0.6219 -0.4461
vn 0.4611 -0.8713 -0.1683
vn 0.4687 -0.8677 -0.1653
vn 0.4645 -0.8697 -0.1668
vn 0.4577 -0.8725 -0.1710
vn 0.3117 -0.9349 0.1698
vn 0.3041 -0.9380 0.1663
vn 0.3035 -0.9382 0.1663
vn 0.3118 -0.9349 0.1695
vn 0.4705 -0.8674 -0.1620
vn 0.4710 -0.8669 -0.1630
vn 0.2978 -0.9417 0.1567
vn 0.2974 -0.9417 0.1572
vn 0.5343 -0.6685 -0.5173
vn 0.4500 -0.8767 -0.1698
vn 0.4504 -0.8768 -0.1686
vn 0.3182 -0.9318 0.1747
vn 0.3164 -0.9331 0.1710
vn 0.1124 -0.8484 0.5173
vn 0.0890 -0.8582 0.5055
vn 0.0893 -0.8582 0.5054
vn 0.0892 -0.8583 0.5054
vn 0.0895 -0.8583 0.5053
vn 0.0668 -0.8679 0.4922
vn 0.0668 -0.8678 0.4923
vn 0.0668 -0.8679 0.4921
vn 0.0449 -0.8772 0.4781
vn 0.6018 -0.6397 -0.4781
vn 0.6018 -0.6397 -0.4782
vn 0.5799 -0.6491 -0.4923
vn 0.5799 -0.6491 -0.4924
vn 0.5574 -0.6588 -0.5052
vn 0.5574 -0.6587 -0.5054
vn 0.4286 -0.8858 -0.1781
vn 0.4373 -0.8814 -0.1784
vn 0.4342 -0.8826 -0.1803
vn 0.4247 -0.8872 -0.1801
vn 0.3461 -0.9211 0.1783
vn 0.3352 -0.9248 0.1799
vn 0.3355 -0.9246 0.1805
vn 0.3458 -0.9211 0.1791
vn 0.4403 -0.8805 -0.1756
vn 0.4402 -0.8802 -0.1773
vn 0.3252 -0.9291 0.1764
vn 0.3251 -0.9292 0.1756
vn 0.4373 -0.7099 -0.5521
vn 0.4374 -0.7098 -0.5521
vn 0.4185 -0.8900 -0.1811
vn 0.4184 -0.8901 -0.1810
vn 0.3517 -0.9185 0.1806
vn 0.3518 -0.9185 0.1808
vn 0.2093 -0.8071 0.5521
vn 0.1845 -0.8176 0.5454
vn 0.1845 -0.8177 0.5453
vn 0.1601 -0.8281 0.5373
vn 0.1361 -0.8383 0.5279
vn 0.1361 -0.8384 0.5278
vn 0.5107 -0.6786 -0.5279
vn 0.5108 -0.6786 -0.5279
vn 0.4866 -0.6888 -0.5373
vn 0.4866 -0.6888 -0.5374
vn 0.4622 -0.6993 -0.5453
vn 0.3965 -0.8996 -0.1832
vn 0.4043 -0.8961 -0.1833
vn 0.4000 -0.8979 -0.1835
vn 0.3902 -0.9019 -0.1851
vn 0.3745 -0.9080 0.1881
vn 0.3704 -0.9106 0.1834
vn 0.3706 -0.9106 0.1830
vn 0.3758 -0.9074 0.1881
vn 0.4106 -0.8935 -0.1818
vn 0.4107 -0.8934 -0.1820
vn 0.3611 -0.9146 0.1820
vn 0.3609 -0.9147 0.1820
vn 0.3362 -0.7530 -0.5657
vn 0.3362 -0.7529 -0.5657
vn 0.3877 -0.9034 -0.1831
vn 0.3872 -0.9038 -0.1824
vn 0.3834 -0.9052 0.1834
vn 0.3844 -0.9047 0.1837
vn 0.3106 -0.7639 0.5657
vn 0.2851 -0.7748 0.5643
vn 0.2597 -0.7856 0.5616
vn 0.2343 -0.7964 0.5575
vn 0.2344 -0.7964 0.5575
vn 0.4123 -0.7205 -0.5575
vn 0.3871 -0.7313 -0.5616
vn 0.3617 -0.7421 -0.5643
vn 0.3618 -0.7421 -0.5643
vn 0.3622 -0.9134 -0.1857
vn 0.3703 -0.9099 -0.1869
vn 0.3667 -0.9114 -0.1866
vn 0.3575 -0.9152 -0.1859
vn 0.4108 -0.8935 0.1815
vn 0.4018 -0.8964 0.1873
vn 0.4016 -0.8963 0.1881
vn 0.4113 -0.8932 0.1820
vn 0.3759 -0.9071 -0.1892
vn 0.3772 -0.9066 -0.1891
vn 0.3953 -0.8988 0.1893
vn 0.3912 -0.9007 0.1889
vn 0.3522 -0.9183 -0.1807
vn 0.3526 -0.9183 -0.1799
vn 0.4189 -0.8898 0.1808
vn 0.4189 -0.8898 0.1811
vn 0.4119 -0.7205 0.5579
vn 0.4120 -0.7204 0.5580
vn 0.4123 -0.7205 0.5576
vn 0.4125 -0.7205 0.5575
vn 0.3616 -0.7422 0.5642
vn 0.2597 -0.7857 -0.5614
vn 0.2597 -0.7857 -0.5615
vn 0.3310 -0.9269 -0.1772
vn 0.3384 -0.9243 -0.1763
vn 0.3332 -0.9263 -0.1759
vn 0.3234 -0.9297 -0.1764
vn 0.4425 -0.8802 0.1717
vn 0.4337 -0.8839 0.1750
vn 0.4334 -0.8840 0.1755
vn 0.4440 -0.8795 0.1713
vn 0.3429 -0.9225 -0.1770
vn 0.3444 -0.9219 -0.1775
vn 0.4265 -0.8867 0.1783
vn 0.4260 -0.8869 0.1784
vn 0.3163 -0.9331 -0.1713
vn 0.3160 -0.9332 -0.1710
vn 0.4500 -0.8768 0.1694
vn 0.4500 -0.8768 0.1697
vn 0.4866 -0.6889 0.5372
vn 0.4623 -0.6991 0.5455
vn 0.4621 -0.6994 0.5452
vn 0.4376 -0.7098 0.5521
vn 0.1601 -0.8280 -0.5373
vn 0.1602 -0.8280 -0.5373
vn 0.3005 -0.9404 -0.1593
vn 0.3082 -0.9370 -0.1644
vn 0.3032 -0.9393 -0.1608
vn 0.2959 -0.9423 -0.1565
vn 0.4772 -0.8642 0.1596
vn 0.4678 -0.8690 0.1611
vn 0.4680 -0.8689 0.1611
vn 0.4758 -0.8644 0.1626
vn 0.3139 -0.9349 -0.1655
vn 0.3138 -0.9350 -0.1651
vn 0.4584 -0.8733 0.1651
vn 0.4580 -0.8735 0.1650
vn 0.0450 -0.8771 -0.4781
vn 0.0451 -0.8771 -0.4781
vn 0.2906 -0.9449 -0.1509
vn 0.2911 -0.9446 -0.1514
vn 0.4781 -0.8641 0.1574
vn 0.4788 -0.8637 0.1577
vn 0.6019 -0.6397 0.4781
vn 0.5800 -0.6491 0.4922
vn 0.5801 -0.6491 0.4921
vn 0.0670 -0.8679 -0.4923
vn 0.0669 -0.8679 -0.4923
vn 0.2729 -0.9517 -0.1410
vn 0.2778 -0.9494 -0.1464
vn 0.2747 -0.9506 -0.1445
vn 0.2690 -0.9537 -0.1345
vn 0.4992 -0.8558 0.1357
vn 0.4956 -0.8563 0.1455
vn 0.4966 -0.8557 0.1452
vn 0.5002 -0.8553 0.1354
vn 0.2835 -0.9477 -0.1468
vn 0.2821 -0.9482 -0.1461
vn 0.4841 -0.8620 0.1506
vn 0.4848 -0.8619 0.1487
vn -0.0354 -0.9115 -0.4098
vn 0.2653 -0.9553 -0.1305
vn 0.2654 -0.9554 -0.1297
vn 0.5054 -0.8530 0.1305
vn 0.5058 -0.8527 0.1308
vn 0.6435 -0.6220 0.4460
vn 0.0237 -0.8863 -0.4625
vn 0.0237 -0.8863 -0.4626
vn 0.0236 -0.8863 -0.4626
vn 0.0029 -0.8949 -0.4462
vn 0.0028 -0.8950 -0.4461
vn -0.0168 -0.9034 -0.4284
vn -0.0167 -0.9034 -0.4285
vn 0.2481 -0.9619 -0.1147
vn 0.2555 -0.9591 -0.1218
vn 0.2506 -0.9613 -0.1146
vn 0.2444 -0.9635 -0.1096
vn 0.5210 -0.8465 0.1096
vn 0.5181 -0.8467 0.1207
vn 0.5185 -0.8465 0.1212
vn 0.5215 -0.8462 0.1096
vn 0.2565 -0.9583 -0.1256
vn 0.2554 -0.9587 -0.1248
vn 0.5137 -0.8484 0.1277
vn 0.5129 -0.8490 0.1268
vn 0.2404 -0.9654 -0.1013
vn 0.2402 -0.9655 -0.1010
vn 0.5266 -0.8441 0.1011
vn 0.5269 -0.8439 0.1010
vn -0.0536 -0.9192 -0.3902
vn -0.0870 -0.9334 -0.3481
vn -0.0871 -0.9334 -0.3481
vn 0.2333 -0.9691 -0.0797
vn 0.2343 -0.9679 -0.0905
vn 0.2320 -0.9688 -0.0873
vn 0.2302 -0.9701 -0.0765
vn 0.5418 -0.8371 0.0758
vn 0.5374 -0.8387 0.0886
vn 0.5378 -0.8384 0.0890
vn 0.5386 -0.8390 0.0778
vn 0.2408 -0.9660 -0.0945
vn 0.2419 -0.9654 -0.0971
vn 0.5354 -0.8390 0.0969
vn 0.5298 -0.8424 0.0983
vn -0.1524 -0.9613 -0.2293
vn 0.2258 -0.9715 -0.0724
vn 0.2256 -0.9714 -0.0735
vn 0.5464 -0.8347 0.0694
vn 0.5457 -0.8349 0.0717
vn 0.7992 -0.5558 0.2289
vn 0.7993 -0.5555 0.2292
vn 0.7882 -0.5603 0.2546
vn 0.7883 -0.5602 0.2543
vn 0.7762 -0.5655 0.2789
vn 0.7763 -0.5654 0.2788
vn 0.7763 -0.5653 0.2789
vn -0.1293 -0.9516 -0.2789
vn -0.1295 -0.9515 -0.2789
vn 0.2164 -0.9751 -0.0475
vn 0.2252 -0.9728 -0.0543
vn 0.2206 -0.9741 -0.0503
vn 0.2178 -0.9751 -0.0420
vn 0.5494 -0.8343 0.0457
vn 0.5479 -0.8348 0.0539
vn 0.5478 -0.8349 0.0540
vn 0.5498 -0.8340 0.0459
vn 0.2263 -0.9720 -0.0638
vn 0.2261 -0.9719 -0.0652
vn 0.5451 -0.8361 0.0615
vn 0.5455 -0.8358 0.0616
vn -0.1848 -0.9749 -0.1242
vn 0.2194 -0.9748 -0.0391
vn 0.2160 -0.9756 -0.0397
vn 0.5559 -0.8304 0.0364
vn 0.5552 -0.8309 0.0364
vn 0.8313 -0.5418 0.1240
vn 0.8251 -0.5446 0.1507
vn 0.8089 -0.5515 0.2038
vn 0.8091 -0.5512 0.2037
vn -0.1622 -0.9655 -0.2037
vn -0.1621 -0.9655 -0.2037
vn -0.1617 -0.9655 -0.2042
vn -0.1709 -0.9692 -0.1775
vn 0.2135 -0.9768 -0.0134
vn 0.2133 -0.9767 -0.0216
vn 0.2133 -0.9769 -0.0145
vn 0.2136 -0.9769 -0.0046
vn 0.5544 -0.8322 0.0096
vn 0.5576 -0.8299 0.0190
vn 0.5583 -0.8294 0.0196
vn 0.5547 -0.8320 0.0090
vn 0.2138 -0.9765 -0.0284
vn 0.5575 -0.8298 0.0260
vn 0.5542 -0.8320 0.0235
vn 0.2144 -0.9767 -0.0000
vn 0.2102 -0.9777 0.0002
vn 0.5549 -0.8319 -0.0000
vn 0.8438 -0.5366 0.0139
vn 0.8438 -0.5365 0.0139
vn 0.8363 -0.5397 0.0967
vn 0.8363 -0.5398 0.0967
vn 0.8364 -0.5395 0.0967
vn -0.1932 -0.9787 -0.0693
vn 0.2139 -0.9765 0.0254
vn 0.2124 -0.9771 0.0151
vn 0.2133 -0.9768 0.0216
vn 0.2147 -0.9762 0.0300
vn 0.5575 -0.8298 -0.0262
vn 0.5576 -0.8299 -0.0190
vn 0.5583 -0.8294 -0.0195
vn 0.5553 -0.8313 -0.0234
vn 0.2108 -0.9775 0.0110
vn 0.2104 -0.9776 0.0101
vn 0.5544 -0.8322 -0.0096
vn 0.5547 -0.8320 -0.0090
vn -0.1895 -0.9771 0.0966
vn -0.1895 -0.9771 0.0965
vn 0.2188 -0.9750 0.0394
vn 0.2157 -0.9757 0.0394
vn 0.5559 -0.8305 -0.0365
vn 0.5552 -0.8309 -0.0364
vn 0.8362 -0.5399 -0.0967
vn 0.8425 -0.5371 -0.0415
vn 0.8436 -0.5367 -0.0139
vn -0.1958 -0.9798 0.0417
vn -0.1957 -0.9798 0.0417
vn -0.1959 -0.9797 0.0417
vn -0.1932 -0.9787 0.0693
vn -0.1933 -0.9787 0.0694
vn 0.2262 -0.9721 0.0614
vn 0.2205 -0.9741 0.0505
vn 0.2253 -0.9727 0.0555
vn 0.2258 -0.9720 0.0657
vn 0.5451 -0.8361 -0.0615
vn 0.5479 -0.8348 -0.0539
vn 0.5478 -0.8349 -0.0540
vn 0.5455 -0.8358 -0.0616
vn 0.2172 -0.9752 0.0434
vn 0.2176 -0.9751 0.0429
vn 0.5493 -0.8344 -0.0457
vn 0.5498 -0.8341 -0.0459
vn -0.1623 -0.9655 0.2036
vn 0.2258 -0.9715 0.0724
vn 0.2257 -0.9714 0.0735
vn 0.5466 -0.8345 -0.0698
vn 0.5457 -0.8349 -0.0719
vn 0.8089 -0.5515 -0.2037
vn 0.8175 -0.5478 -0.1775
vn 0.8312 -0.5419 -0.1239
vn -0.1847 -0.9749 0.1246
vn 0.2405 -0.9662 0.0924
vn 0.2321 -0.9689 0.0861
vn 0.2333 -0.9682 0.0898
vn 0.2407 -0.9657 0.0979
vn 0.5357 -0.8390 -0.0956
vn 0.5375 -0.8386 -0.0887
vn 0.5379 -0.8383 -0.0891
vn 0.5294 -0.8427 -0.0982
vn 0.2324 -0.9694 0.0788
vn 0.2340 -0.9691 0.0781
vn 0.5410 -0.8376 -0.0756
vn 0.5386 -0.8389 -0.0778
vn -0.1163 -0.9460 0.3027
vn 0.2421 -0.9651 0.1001
vn 0.2423 -0.9651 0.0997
vn 0.5266 -0.8441 -0.1011
vn 0.5269 -0.8439 -0.1010
vn 0.7759 -0.5659 -0.2788
vn 0.7762 -0.5655 -0.2789
vn 0.7762 -0.5654 -0.2788
vn 0.7762 -0.5656 -0.2787
vn 0.7882 -0.5603 -0.2546
vn 0.7882 -0.5604 -0.2544
vn 0.7881 -0.5605 -0.2545
vn 0.7989 -0.5559 -0.2295
vn 0.7992 -0.5556 -0.2292
vn -0.1414 -0.9566 0.2549
vn -0.1295 -0.9516 0.2789
vn 0.2561 -0.9587 0.1237
vn 0.2518 -0.9612 0.1131
vn 0.2551 -0.9593 0.1213
vn 0.2574 -0.9579 0.1272
vn 0.5134 -0.8485 -0.1284
vn 0.5183 -0.8466 -0.1207
vn 0.5187 -0.8463 -0.1212
vn 0.5129 -0.8490 -0.1272
vn 0.2453 -0.9629 0.1123
vn 0.2446 -0.9631 0.1124
vn 0.5209 -0.8465 -0.1098
vn 0.5214 -0.8462 -0.1097
vn -0.0536 -0.9193 0.3900
vn -0.0540 -0.9194 0.3897
vn -0.0537 -0.9192 0.3901
vn 0.2654 -0.9553 0.1306
vn 0.2655 -0.9553 0.1297
vn 0.5054 -0.8530 -0.1306
vn 0.5058 -0.8527 -0.1308
vn 0.7004 -0.5977 -0.3902
vn 0.7337 -0.5836 -0.3481
vn -0.1025 -0.9398 0.3260
vn 0.2810 -0.9485 0.1462
vn 0.2741 -0.9509 0.1436
vn 0.2771 -0.9496 0.1466
vn 0.2867 -0.9462 0.1503
vn 0.4841 -0.8620 -0.1503
vn 0.4956 -0.8563 -0.1456
vn 0.4966 -0.8557 -0.1452
vn 0.4848 -0.8619 -0.1486
vn 0.2729 -0.9519 0.1392
vn 0.2739 -0.9518 0.1384
vn 0.4992 -0.8558 -0.1357
vn 0.5002 -0.8553 -0.1354
vn 0.0237 -0.8863 0.4625
vn 0.2913 -0.9447 0.1509
vn 0.2913 -0.9446 0.1514
vn 0.4775 -0.8645 -0.1568
vn 0.4788 -0.8636 -0.1581
vn 0.6435 -0.6219 -0.4463
vn 0.6436 -0.6219 -0.4462
vn 0.6633 -0.6135 -0.4285
vn 0.6823 -0.6054 -0.4099
vn -0.0354 -0.9115 0.4098
vn 0.0032 -0.8950 0.4461
vn 0.3101 -0.9363 0.1651
vn 0.3030 -0.9393 0.1609
vn 0.3082 -0.9370 0.1642
vn 0.3161 -0.9337 0.1685
vn 0.4582 -0.8733 -0.1657
vn 0.4678 -0.8690 -0.1611
vn 0.4670 -0.8695 -0.1609
vn 0.4580 -0.8734 -0.1658
vn 0.2987 -0.9413 0.1573
vn 0.2990 -0.9412 0.1572
vn 0.4722 -0.8675 -0.1562
vn 0.4720 -0.8676 -0.1565
vn 0.1126 -0.8483 0.5174
vn 0.1124 -0.8484 0.5174
vn 0.3163 -0.9331 0.1713
vn 0.3159 -0.9332 0.1713
vn 0.4500 -0.8767 -0.1700
vn 0.4501 -0.8766 -0.1703
vn 0.5801 -0.6490 -0.4922
vn 0.5800 -0.6491 -0.4922
vn 0.6016 -0.6397 -0.4785
vn 0.6018 -0.6398 -0.4780
vn 0.6018 -0.6401 -0.4777
vn 0.0448 -0.8772 0.4780
vn 0.0447 -0.8775 0.4774
vn 0.0671 -0.8679 0.4922
vn 0.0671 -0.8680 0.4920
vn 0.0671 -0.8678 0.4923
vn 0.0671 -0.8677 0.4925
vn 0.0894 -0.8582 0.5055
vn 0.0893 -0.8583 0.5053
vn 0.0896 -0.8581 0.5055
vn 0.3416 -0.9228 0.1783
vn 0.3332 -0.9263 0.1757
vn 0.3388 -0.9240 0.1771
vn 0.3466 -0.9207 0.1793
vn 0.4263 -0.8869 -0.1779
vn 0.4336 -0.8839 -0.1751
vn 0.4333 -0.8840 -0.1753
vn 0.4252 -0.8874 -0.1781
vn 0.3262 -0.9283 0.1785
vn 0.3274 -0.9277 0.1794
vn 0.4421 -0.8803 -0.1720
vn 0.4440 -0.8795 -0.1713
vn 0.3522 -0.9183 0.1807
vn 0.3527 -0.9183 0.1800
vn 0.4189 -0.8899 -0.1808
vn 0.4189 -0.8898 -0.1811
vn 0.4374 -0.7098 -0.5522
vn 0.4375 -0.7098 -0.5521
vn 0.4621 -0.6994 -0.5452
vn 0.4622 -0.6992 -0.5453
vn 0.4866 -0.6889 -0.5373
vn 0.4865 -0.6891 -0.5371
vn 0.4866 -0.6889 -0.5372
vn 0.5106 -0.6787 -0.5279
vn 0.5105 -0.6787 -0.5279
vn 0.1601 -0.8280 0.5373
vn 0.1846 -0.8177 0.5453
vn 0.3779 -0.9064 0.1889
vn 0.3665 -0.9116 0.1864
vn 0.3701 -0.9100 0.1870
vn 0.3787 -0.9062 0.1880
vn 0.3978 -0.8986 -0.1852
vn 0.4018 -0.8962 -0.1881
vn 0.4015 -0.8961 -0.1890
vn 0.3900 -0.9021 -0.1848
vn 0.3606 -0.9140 0.1861
vn 0.3603 -0.9140 0.1867
vn 0.4109 -0.8934 -0.1816
vn 0.4113 -0.8932 -0.1820
vn 0.3105 -0.7639 0.5657
vn 0.3363 -0.7528 -0.5659
vn 0.3360 -0.7526 -0.5663
vn 0.3367 -0.7529 -0.5655
vn 0.3364 -0.7530 -0.5656
vn 0.3872 -0.7312 -0.5616
vn 0.3872 -0.7313 -0.5616
vn 0.4122 -0.7206 -0.5575
vn 0.4120 -0.7207 -0.5576
vn 0.4123 -0.7206 -0.5574
vn 0.4124 -0.7205 -0.5575
vn 0.2598 -0.7856 0.5616
vn 0.2851 -0.7747 0.5644
vn -0.3355 0.9246 0.1806
vn -0.3382 0.9238 0.1796
vn -0.3295 0.9279 0.1742
vn -0.3261 0.9293 0.1736
vn -0.3409 0.9230 0.1785
vn -0.3468 0.9208 0.1787
vn -0.4341 0.8838 -0.1747
vn -0.4325 0.8841 -0.1770
vn -0.4427 0.8797 -0.1737
vn -0.4428 0.8796 -0.1741
vn -0.4255 0.8864 -0.1825
vn -0.4290 0.8849 -0.1816
vn -0.1361 0.8383 0.5279
vn -0.1361 0.8383 0.5280
vn -0.1601 0.8280 0.5373
vn -0.1601 0.8281 0.5373
vn -0.1602 0.8281 0.5373
vn -0.1601 0.8281 0.5372
vn -0.1845 0.8176 0.5454
vn -0.2093 0.8071 0.5521
vn -0.2094 0.8071 0.5520
vn -0.4374 0.7098 -0.5522
vn -0.4374 0.7098 -0.5521
vn -0.4622 0.6993 -0.5453
vn -0.4866 0.6889 -0.5373
vn -0.4866 0.6888 -0.5373
vn -0.5108 0.6787 -0.5278
vn -0.5107 0.6787 -0.5278
vn -0.5107 0.6786 -0.5278
vn -0.5107 0.6786 -0.5279
vn -0.4542 0.8746 -0.1694
vn -0.4477 0.8775 -0.1719
vn -0.3222 0.9303 0.1752
vn -0.3222 0.9306 0.1738
vn -0.3024 0.9389 0.1645
vn -0.3055 0.9376 0.1662
vn -0.2982 0.9407 0.1619
vn -0.2950 0.9420 0.1600
vn -0.3113 0.9350 0.1699
vn -0.3113 0.9351 0.1696
vn -0.4667 0.8687 -0.1663
vn -0.4664 0.8689 -0.1655
vn -0.4707 0.8678 -0.1591
vn -0.4748 0.8659 -0.1574
vn -0.4553 0.8739 -0.1704
vn -0.4620 0.8708 -0.1684
vn -0.0449 0.8772 0.4781
vn -0.0668 0.8679 0.4923
vn -0.0668 0.8678 0.4923
vn -0.0893 0.8582 0.5054
vn -0.0893 0.8583 0.5053
vn -0.0893 0.8583 0.5054
vn -0.1124 0.8484 0.5173
vn -0.5343 0.6685 -0.5173
vn -0.5574 0.6587 -0.5054
vn -0.5799 0.6491 -0.4923
vn -0.5800 0.6491 -0.4922
vn -0.6018 0.6397 -0.4781
vn -0.4797 0.8642 -0.1521
vn -0.4792 0.8643 -0.1531
vn -0.2891 0.9445 0.1562
vn -0.2890 0.9445 0.1563
vn -0.2752 0.9509 0.1414
vn -0.2797 0.9495 0.1422
vn -0.2741 0.9518 0.1374
vn -0.2738 0.9518 0.1386
vn -0.2819 0.9475 0.1510
vn -0.2824 0.9474 0.1509
vn -0.4947 0.8566 -0.1468
vn -0.4910 0.8589 -0.1459
vn -0.5015 0.8538 -0.1398
vn -0.5012 0.8540 -0.1395
vn -0.4871 0.8600 -0.1518
vn -0.4897 0.8591 -0.1490
vn 0.0355 0.9115 0.4098
vn 0.0166 0.9034 0.4285
vn -0.0031 0.8950 0.4461
vn -0.0237 0.8863 0.4626
vn -0.0237 0.8863 0.4625
vn -0.6231 0.6307 -0.4626
vn -0.6437 0.6219 -0.4461
vn -0.6436 0.6219 -0.4461
vn -0.6437 0.6218 -0.4460
vn -0.6633 0.6135 -0.4286
vn -0.6634 0.6135 -0.4285
vn -0.6633 0.6135 -0.4284
vn -0.6633 0.6135 -0.4285
vn -0.6822 0.6054 -0.4099
vn -0.6823 0.6054 -0.4098
vn -0.6823 0.6054 -0.4099
vn -0.5094 0.8505 -0.1312
vn -0.5060 0.8520 -0.1347
vn -0.2609 0.9566 0.1296
vn -0.2645 0.9548 0.1356
vn -0.2489 0.9612 0.1191
vn -0.2548 0.9594 0.1212
vn -0.2501 0.9621 0.1089
vn -0.2495 0.9622 0.1096
vn -0.2615 0.9572 0.1239
vn -0.2605 0.9575 0.1238
vn -0.5184 0.8475 -0.1143
vn -0.5177 0.8479 -0.1145
vn -0.5206 0.8460 -0.1151
vn -0.5258 0.8437 -0.1080
vn -0.5102 0.8504 -0.1289
vn -0.5151 0.8485 -0.1216
vn 0.1022 0.9399 0.3258
vn 0.0869 0.9334 0.3481
vn 0.0868 0.9334 0.3481
vn 0.0708 0.9265 0.3696
vn 0.0708 0.9265 0.3695
vn 0.0536 0.9192 0.3901
vn 0.0536 0.9192 0.3902
vn -0.7004 0.5977 -0.3902
vn -0.7005 0.5976 -0.3902
vn -0.7004 0.5976 -0.3902
vn -0.7004 0.5977 -0.3901
vn -0.7175 0.5904 -0.3697
vn -0.7175 0.5904 -0.3696
vn -0.7337 0.5835 -0.3481
vn -0.7489 0.5769 -0.3259
vn -0.7489 0.5770 -0.3260
vn -0.7489 0.5769 -0.3260
vn -0.7489 0.5770 -0.3258
vn -0.5302 0.8413 -0.1055
vn -0.5299 0.8416 -0.1047
vn -0.2398 0.9655 0.1011
vn -0.2442 0.9637 0.1075
vn -0.2345 0.9685 0.0842
vn -0.2374 0.9673 0.0895
vn -0.2326 0.9695 0.0778
vn -0.2326 0.9695 0.0777
vn -0.2422 0.9656 0.0942
vn -0.2422 0.9654 0.0962
vn -0.5340 0.8411 -0.0862
vn -0.5337 0.8413 -0.0860
vn -0.5376 0.8393 -0.0813
vn -0.5400 0.8382 -0.0760
vn -0.5295 0.8427 -0.0975
vn -0.5319 0.8418 -0.0925
vn 0.1524 0.9614 0.2291
vn 0.1524 0.9614 0.2293
vn 0.1526 0.9614 0.2292
vn 0.1415 0.9567 0.2544
vn 0.1295 0.9515 0.2789
vn 0.1295 0.9515 0.2790
vn 0.1164 0.9459 0.3027
vn 0.1164 0.9460 0.3027
vn -0.7633 0.5707 -0.3029
vn -0.7632 0.5707 -0.3029
vn -0.7763 0.5653 -0.2789
vn -0.7762 0.5654 -0.2789
vn -0.7762 0.5652 -0.2795
vn -0.7883 0.5602 -0.2544
vn -0.7992 0.5556 -0.2294
vn -0.7992 0.5556 -0.2293
vn -0.5465 0.8343 -0.0726
vn -0.5435 0.8361 -0.0750
vn -0.2273 0.9714 0.0681
vn -0.2299 0.9705 0.0722
vn -0.2190 0.9745 0.0492
vn -0.2234 0.9730 0.0575
vn -0.2167 0.9751 0.0471
vn -0.2170 0.9751 0.0462
vn -0.2267 0.9720 0.0616
vn -0.2264 0.9721 0.0614
vn -0.5512 0.8325 -0.0556
vn -0.5504 0.8330 -0.0568
vn -0.5518 0.8325 -0.0494
vn -0.5528 0.8323 -0.0412
vn -0.5472 0.8345 -0.0647
vn -0.5482 0.8341 -0.0611
vn 0.1844 0.9750 0.1240
vn 0.1845 0.9750 0.1240
vn 0.1843 0.9750 0.1243
vn 0.1847 0.9749 0.1243
vn 0.1783 0.9723 0.1509
vn 0.1709 0.9692 0.1775
vn 0.1709 0.9692 0.1774
vn 0.1622 0.9655 0.2037
vn 0.1621 0.9655 0.2038
vn 0.1622 0.9655 0.2036
vn -0.8090 0.5514 -0.2036
vn -0.8176 0.5477 -0.1775
vn -0.8176 0.5478 -0.1774
vn -0.8250 0.5446 -0.1509
vn -0.8250 0.5446 -0.1510
vn -0.8313 0.5418 -0.1241
vn -0.8313 0.5419 -0.1240
vn -0.8314 0.5417 -0.1240
vn -0.8315 0.5415 -0.1240
vn -0.5512 0.8336 -0.0347
vn -0.5516 0.8334 -0.0352
vn -0.2189 0.9752 0.0334
vn -0.2204 0.9746 0.0392
vn -0.2132 0.9769 0.0144
vn -0.2149 0.9764 0.0231
vn -0.2179 0.9759 0.0080
vn -0.2174 0.9761 0.0077
vn -0.2178 0.9756 0.0263
vn -0.2174 0.9757 0.0266
vn -0.5545 0.8319 -0.0214
vn -0.5534 0.8327 -0.0198
vn -0.5582 0.8296 -0.0121
vn -0.5581 0.8298 -0.0065
vn -0.5538 0.8321 -0.0312
vn -0.5550 0.8316 -0.0224
vn 0.1970 0.9803 0.0139
vn 0.1957 0.9798 0.0416
vn 0.1932 0.9787 0.0692
vn 0.1895 0.9771 0.0967
vn -0.8363 0.5397 -0.0968
vn -0.8363 0.5397 -0.0967
vn -0.8363 0.5396 -0.0967
vn -0.8364 0.5395 -0.0967
vn -0.8400 0.5382 -0.0692
vn -0.8400 0.5382 -0.0691
vn -0.8425 0.5371 -0.0416
vn -0.8437 0.5366 -0.0139
vn -0.5589 0.8292 -0.0000
vn -0.5590 0.8292 -0.0000
vn -0.2158 0.9764 -0.0037
vn -0.2157 0.9765 0.0037
vn -0.2137 0.9768 -0.0161
vn -0.2142 0.9767 -0.0149
vn -0.2179 0.9756 -0.0265
vn -0.2176 0.9757 -0.0269
vn -0.2181 0.9759 -0.0091
vn -0.2176 0.9760 -0.0099
vn -0.5544 0.8320 0.0214
vn -0.5534 0.8327 0.0198
vn -0.5544 0.8319 0.0225
vn -0.5536 0.8322 0.0311
vn -0.5581 0.8298 0.0065
vn -0.5582 0.8296 0.0121
vn 0.1895 0.9771 -0.0968
vn 0.1894 0.9771 -0.0968
vn 0.1898 0.9770 -0.0973
vn 0.1932 0.9787 -0.0692
vn 0.1957 0.9798 -0.0416
vn 0.1970 0.9803 -0.0139
vn -0.8435 0.5370 0.0136
vn -0.8436 0.5368 0.0139
vn -0.8437 0.5366 0.0139
vn -0.8438 0.5365 0.0139
vn -0.8425 0.5371 0.0416
vn -0.8400 0.5382 0.0692
vn -0.8362 0.5398 0.0968
vn -0.8362 0.5399 0.0967
vn -0.8361 0.5400 0.0968
vn -0.8362 0.5398 0.0969
vn -0.5513 0.8336 0.0347
vn -0.5516 0.8334 0.0352
vn -0.2200 0.9747 -0.0394
vn -0.2182 0.9753 -0.0333
vn -0.2229 0.9732 -0.0573
vn -0.2194 0.9744 -0.0491
vn -0.2270 0.9719 -0.0618
vn -0.2270 0.9719 -0.0622
vn -0.2169 0.9750 -0.0473
vn -0.2172 0.9750 -0.0465
vn -0.5510 0.8326 0.0558
vn -0.5503 0.8330 0.0568
vn -0.5482 0.8341 0.0611
vn -0.5473 0.8344 0.0648
vn -0.5528 0.8323 0.0412
vn -0.5517 0.8326 0.0495
vn 0.1622 0.9655 -0.2037
vn 0.1622 0.9655 -0.2036
vn 0.1621 0.9655 -0.2037
vn 0.1709 0.9692 -0.1775
vn 0.1709 0.9692 -0.1774
vn 0.1783 0.9723 -0.1509
vn 0.1783 0.9723 -0.1510
vn 0.1843 0.9750 -0.1240
vn 0.1845 0.9750 -0.1241
vn 0.1845 0.9750 -0.1240
vn -0.8312 0.5419 0.1241
vn -0.8312 0.5419 0.1240
vn -0.8313 0.5419 0.1240
vn -0.8312 0.5419 0.1239
vn -0.8250 0.5446 0.1510
vn -0.8250 0.5446 0.1511
vn -0.8250 0.5446 0.1509
vn -0.8176 0.5477 0.1775
vn -0.8090 0.5514 0.2036
vn -0.5467 0.8342 0.0721
vn -0.5437 0.8359 0.0751
vn -0.2299 0.9706 -0.0719
vn -0.2272 0.9715 -0.0681
vn -0.2374 0.9673 -0.0897
vn -0.2350 0.9683 -0.0843
vn -0.2405 0.9663 -0.0922
vn -0.2394 0.9666 -0.0920
vn -0.2327 0.9694 -0.0780
vn -0.2328 0.9694 -0.0780
vn -0.5337 0.8413 0.0862
vn -0.5330 0.8417 0.0862
vn -0.5318 0.8418 0.0925
vn -0.5296 0.8426 0.0977
vn -0.5400 0.8382 0.0760
vn -0.5376 0.8393 0.0815
vn 0.1164 0.9460 -0.3027
vn 0.1164 0.9459 -0.3027
vn 0.1295 0.9515 -0.2789
vn 0.1295 0.9516 -0.2789
vn 0.1415 0.9567 -0.2544
vn 0.1416 0.9567 -0.2545
vn 0.1416 0.9567 -0.2544
vn 0.1525 0.9613 -0.2293
vn 0.1524 0.9613 -0.2293
vn -0.7992 0.5556 0.2293
vn -0.7883 0.5602 0.2544
vn -0.7883 0.5602 0.2545
vn -0.7763 0.5654 0.2789
vn -0.7763 0.5654 0.2788
vn -0.7762 0.5654 0.2789
vn -0.7632 0.5708 0.3027
vn -0.7632 0.5709 0.3027
vn -0.5300 0.8414 0.1053
vn -0.5296 0.8418 0.1046
vn -0.2445 0.9637 -0.1069
vn -0.2394 0.9654 -0.1037
vn -0.2552 0.9592 -0.1221
vn -0.2501 0.9614 -0.1151
vn -0.2610 0.9574 -0.1235
vn -0.2601 0.9576 -0.1238
vn -0.2501 0.9621 -0.1089
vn -0.2495 0.9622 -0.1095
vn -0.5188 0.8472 0.1143
vn -0.5168 0.8484 0.1146
vn -0.5156 0.8480 0.1229
vn -0.5114 0.8496 0.1289
vn -0.5257 0.8437 0.1083
vn -0.5207 0.8459 0.1153
vn 0.0536 0.9192 -0.3901
vn 0.0707 0.9265 -0.3696
vn 0.0708 0.9265 -0.3696
vn 0.0871 0.9334 -0.3481
vn 0.0869 0.9334 -0.3481
vn 0.1022 0.9399 -0.3258
vn -0.7489 0.5770 0.3258
vn -0.7337 0.5835 0.3481
vn -0.7175 0.5904 0.3696
vn -0.7004 0.5977 0.3902
vn -0.5080 0.8510 0.1334
vn -0.5082 0.8509 0.1331
vn -0.2658 0.9546 -0.1349
vn -0.2600 0.9568 -0.1303
vn -0.2806 0.9489 -0.1447
vn -0.2762 0.9508 -0.1405
vn -0.2818 0.9476 -0.1507
vn -0.2821 0.9475 -0.1503
vn -0.2733 0.9524 -0.1351
vn -0.2709 0.9532 -0.1340
vn -0.4947 0.8566 0.1469
vn -0.4909 0.8589 0.1459
vn -0.4896 0.8591 0.1490
vn -0.4871 0.8600 0.1518
vn -0.5026 0.8534 0.1380
vn -0.4995 0.8548 0.1408
vn -0.0237 0.8862 -0.4627
vn -0.0239 0.8862 -0.4627
vn -0.0031 0.8950 -0.4461
vn 0.0166 0.9034 -0.4285
vn 0.0355 0.9115 -0.4098
vn -0.6824 0.6053 0.4098
vn -0.6823 0.6054 0.4098
vn -0.6633 0.6134 0.4286
vn -0.6634 0.6135 0.4285
vn -0.6633 0.6136 0.4285
vn -0.6632 0.6136 0.4286
vn -0.6436 0.6219 0.4460
vn -0.6436 0.6219 0.4461
vn -0.6231 0.6307 0.4626
vn -0.4795 0.8643 0.1520
vn -0.4792 0.8643 0.1531
vn -0.2907 0.9438 -0.1571
vn -0.2878 0.9451 -0.1547
vn -0.3055 0.9376 -0.1662
vn -0.3024 0.9389 -0.1645
vn -0.3115 0.9349 -0.1700
vn -0.3117 0.9349 -0.1698
vn -0.2965 0.9413 -0.1612
vn -0.2965 0.9413 -0.1613
vn -0.4667 0.8687 0.1661
vn -0.4664 0.8689 0.1655
vn -0.4614 0.8710 0.1688
vn -0.4563 0.8732 0.1710
vn -0.4749 0.8659 0.1571
vn -0.4702 0.8680 0.1595
vn -0.1124 0.8484 -0.5173
vn -0.1125 0.8484 -0.5173
vn -0.0893 0.8582 -0.5054
vn -0.0892 0.8582 -0.5054
vn -0.0893 0.8582 -0.5055
vn -0.0668 0.8679 -0.4923
vn -0.0668 0.8678 -0.4923
vn -0.0449 0.8772 -0.4781
vn -0.0449 0.8772 -0.4780
vn -0.6018 0.6397 0.4781
vn -0.5799 0.6491 0.4923
vn -0.5799 0.6491 0.4922
vn -0.5574 0.6587 0.5054
vn -0.5344 0.6684 0.5173
vn -0.5343 0.6685 0.5173
vn -0.4477 0.8775 0.1717
vn -0.4488 0.8766 0.1738
vn -0.3237 0.9306 -0.1710
vn -0.3161 0.9329 -0.1725
vn -0.3377 0.9237 -0.1808
vn -0.3314 0.9263 -0.1791
vn -0.3437 0.9215 -0.1806
vn -0.3460 0.9213 -0.1774
vn -0.3282 0.9286 -0.1731
vn -0.3282 0.9285 -0.1739
vn -0.4339 0.8838 0.1751
vn -0.4325 0.8841 0.1769
vn -0.4292 0.8847 0.1819
vn -0.4252 0.8865 0.1827
vn -0.4446 0.8787 0.1735
vn -0.4415 0.8801 0.1745
vn -0.2093 0.8071 -0.5521
vn -0.2094 0.8071 -0.5520
vn -0.1845 0.8176 -0.5454
vn -0.1843 0.8177 -0.5454
vn -0.1845 0.8177 -0.5453
vn -0.1601 0.8281 -0.5373
vn -0.1601 0.8280 -0.5373
vn -0.1602 0.8281 -0.5373
vn -0.1361 0.8383 -0.5279
vn -0.1361 0.8383 -0.5280
vn -0.5107 0.6786 0.5280
vn -0.5107 0.6786 0.5279
vn -0.4866 0.6889 0.5373
vn -0.4866 0.6888 0.5373
vn -0.4622 0.6993 0.5453
vn -0.4375 0.7098 0.5521
vn -0.4180 0.8893 0.1857
vn -0.4169 0.8899 0.1853
vn -0.3563 0.9166 -0.1815
vn -0.3481 0.9197 -0.1816
vn -0.3732 0.9092 -0.1844
vn -0.3650 0.9124 -0.1850
vn -0.3767 0.9079 -0.1839
vn -0.3769 0.9077 -0.1844
vn -0.3611 0.9147 -0.1814
vn -0.3609 0.9147 -0.1820
vn -0.4019 0.8963 0.1876
vn -0.4018 0.8964 0.1874
vn -0.3960 0.8989 0.1874
vn -0.3913 0.9009 0.1879
vn -0.4142 0.8914 0.1841
vn -0.4069 0.8943 0.1864
vn -0.3106 0.7639 -0.5657
vn -0.2851 0.7748 -0.5643
vn -0.2598 0.7856 -0.5616
vn -0.2597 0.7856 -0.5616
vn -0.2344 0.7964 -0.5575
vn -0.4121 0.7206 0.5577
vn -0.4120 0.7207 0.5576
vn -0.4123 0.7206 0.5575
vn -0.4123 0.7205 0.5576
vn -0.3870 0.7313 0.5616
vn -0.3871 0.7311 0.5617
vn -0.3617 0.7421 0.5643
vn -0.3617 0.7422 0.5642
vn -0.3362 0.7530 0.5657
vn -0.3363 0.7530 0.5657
vn -0.3863 0.9041 0.1826
vn -0.3852 0.9045 0.1833
vn -0.3888 0.9026 -0.1847
vn -0.3826 0.9054 -0.1838
vn -0.4033 0.8957 -0.1872
vn -0.3994 0.8976 -0.1867
vn -0.4102 0.8925 -0.1877
vn -0.4125 0.8915 -0.1875
vn -0.3949 0.9002 -0.1837
vn -0.3944 0.9003 -0.1843
vn -0.3711 0.9106 0.1820
vn -0.3695 0.9099 0.1886
vn -0.3625 0.9140 0.1821
vn -0.3580 0.9157 0.1824
vn -0.3800 0.9062 0.1853
vn -0.3754 0.9087 0.1825
vn -0.4123 0.7205 -0.5575
vn -0.3873 0.7312 -0.5616
vn -0.3871 0.7312 -0.5616
vn -0.3872 0.7312 -0.5616
vn -0.3617 0.7423 -0.5642
vn -0.3363 0.7530 -0.5657
vn -0.3105 0.7638 0.5659
vn -0.3104 0.7636 0.5662
vn -0.3106 0.7638 0.5658
vn -0.3105 0.7638 0.5658
vn -0.2597 0.7855 0.5617
vn -0.2598 0.7856 0.5616
vn -0.3545 0.9175 0.1802
vn -0.3554 0.9166 0.1833
vn -0.4218 0.8879 -0.1837
vn -0.4154 0.8907 -0.1846
vn -0.4382 0.8814 -0.1763
vn -0.4309 0.8843 -0.1799
vn -0.4415 0.8807 -0.1717
vn -0.4405 0.8810 -0.1726
vn -0.4270 0.8856 -0.1827
vn -0.4270 0.8857 -0.1821
vn -0.3363 0.9251 0.1764
vn -0.3364 0.9250 0.1765
vn -0.3294 0.9279 0.1745
vn -0.3262 0.9292 0.1735
vn -0.3472 0.9204 0.1796
vn -0.3423 0.9226 0.1780
vn -0.5106 0.6786 -0.5280
vn -0.5108 0.6785 -0.5279
vn -0.4865 0.6890 -0.5372
vn -0.4375 0.7098 -0.5521
vn -0.1845 0.8177 0.5453
vn -0.3203 0.9322 0.1684
vn -0.3216 0.9304 0.1757
vn -0.4540 0.8746 -0.1702
vn -0.4526 0.8746 -0.1739
vn -0.4678 0.8692 -0.1603
vn -0.4628 0.8711 -0.1643
vn -0.4726 0.8671 -0.1573
vn -0.4727 0.8670 -0.1576
vn -0.4581 0.8732 -0.1664
vn -0.4582 0.8730 -0.1669
vn -0.3022 0.9395 0.1613
vn -0.3044 0.9388 0.1612
vn -0.2980 0.9407 0.1622
vn -0.2949 0.9420 0.1600
vn -0.3158 0.9334 0.1702
vn -0.3087 0.9367 0.1654
vn -0.6019 0.6397 -0.4781
vn -0.6021 0.6397 -0.4777
vn -0.6019 0.6397 -0.4780
vn -0.5799 0.6490 -0.4925
vn -0.1124 0.8483 0.5174
vn -0.0668 0.8678 0.4924
vn -0.2890 0.9443 0.1572
vn -0.2886 0.9446 0.1564
vn -0.4813 0.8634 -0.1513
vn -0.4775 0.8648 -0.1553
vn -0.4957 0.8565 -0.1439
vn -0.4931 0.8576 -0.1462
vn -0.5015 0.8539 -0.1393
vn -0.5016 0.8538 -0.1391
vn -0.4892 0.8599 -0.1456
vn -0.4876 0.8607 -0.1464
vn -0.2754 0.9503 0.1455
vn -0.2758 0.9502 0.1449
vn -0.2722 0.9517 0.1418
vn -0.2677 0.9540 0.1351
vn -0.2860 0.9464 0.1504
vn -0.2841 0.9475 0.1469
vn -0.6634 0.6134 -0.4285
vn -0.6231 0.6306 -0.4626
vn -0.6233 0.6305 -0.4626
vn -0.0237 0.8862 0.4626
vn -0.2621 0.9557 0.1339
vn -0.2628 0.9555 0.1343
vn -0.5093 0.8507 -0.1304
vn -0.5067 0.8516 -0.1343
vn -0.5204 0.8458 -0.1175
vn -0.5171 0.8472 -0.1220
vn -0.5240 0.8443 -0.1119
vn -0.5238 0.8445 -0.1117
vn -0.5152 0.8479 -0.1252
vn -0.5152 0.8482 -0.1229
vn -0.2522 0.9600 0.1215
vn -0.2563 0.9593 0.1188
vn -0.2475 0.9622 0.1140
vn -0.2451 0.9632 0.1101
vn -0.2586 0.9575 0.1277
vn -0.2558 0.9587 0.1246
vn -0.7337 0.5835 -0.3482
vn -0.7003 0.5978 -0.3902
vn -0.2403 0.9652 0.1027
vn -0.2406 0.9652 0.1024
vn -0.5308 0.8413 -0.1025
vn -0.5279 0.8426 -0.1062
vn -0.5396 0.8374 -0.0870
vn -0.5356 0.8395 -0.0914
vn -0.5403 0.8373 -0.0838
vn -0.5380 0.8392 -0.0794
vn -0.5293 0.8430 -0.0962
vn -0.5302 0.8425 -0.0951
vn -0.2325 0.9685 0.0892
vn -0.2329 0.9684 0.0887
vn -0.2344 0.9687 0.0816
vn -0.2297 0.9703 0.0760
vn -0.2406 0.9655 0.0992
vn -0.2355 0.9675 0.0926
vn -0.7764 0.5652 -0.2789
vn -0.7763 0.5654 -0.2787
vn -0.7763 0.5654 -0.2789
vn -0.7631 0.5710 -0.3027
vn -0.7630 0.5711 -0.3027
vn -0.7630 0.5712 -0.3027
vn 0.1165 0.9459 0.3027
vn 0.1416 0.9567 0.2544
vn 0.1525 0.9613 0.2293
vn 0.1524 0.9613 0.2293
vn 0.1526 0.9613 0.2293
vn -0.2252 0.9715 0.0733
vn -0.2256 0.9715 0.0724
vn -0.5450 0.8355 -0.0698
vn -0.5441 0.8358 -0.0734
vn -0.5510 0.8329 -0.0524
vn -0.5497 0.8335 -0.0563
vn -0.5491 0.8346 -0.0425
vn -0.5497 0.8342 -0.0443
vn -0.5477 0.8343 -0.0632
vn -0.5477 0.8343 -0.0633
vn -0.2185 0.9744 0.0522
vn -0.2187 0.9744 0.0527
vn -0.2175 0.9748 0.0489
vn -0.2169 0.9753 0.0426
vn -0.2261 0.9719 0.0660
vn -0.2261 0.9723 0.0595
vn -0.8313 0.5418 -0.1240
vn -0.8312 0.5419 -0.1240
vn -0.8312 0.5419 -0.1241
vn -0.8177 0.5477 -0.1775
vn 0.1709 0.9692 0.1773
vn 0.1784 0.9724 0.1507
vn -0.2150 0.9759 0.0361
vn -0.2158 0.9758 0.0362
vn -0.5554 0.8309 -0.0344
vn -0.5540 0.8316 -0.0395
vn -0.5551 0.8317 -0.0148
vn -0.5536 0.8325 -0.0217
vn -0.5547 0.8320 -0.0086
vn -0.5548 0.8319 -0.0085
vn -0.5554 0.8310 -0.0309
vn -0.5544 0.8317 -0.0307
vn -0.2173 0.9760 0.0149
vn -0.2119 0.9771 0.0168
vn -0.2153 0.9765 0.0130
vn -0.2161 0.9764 0.0054
vn -0.2178 0.9756 0.0295
vn -0.2174 0.9758 0.0253
vn -0.8437 0.5367 -0.0140
vn -0.8362 0.5398 -0.0967
vn -0.2175 0.9761 -0.0000
vn -0.2174 0.9761 -0.0000
vn -0.5552 0.8317 0.0021
vn -0.5552 0.8317 -0.0021
vn -0.5528 0.8331 0.0202
vn -0.5551 0.8316 0.0147
vn -0.5561 0.8305 0.0309
vn -0.5517 0.8337 0.0253
vn -0.5546 0.8321 0.0088
vn -0.5547 0.8320 0.0090
vn -0.2171 0.9760 -0.0147
vn -0.2120 0.9771 -0.0166
vn -0.2174 0.9758 -0.0253
vn -0.2178 0.9755 -0.0295
vn -0.2161 0.9764 -0.0054
vn -0.2153 0.9765 -0.0130
vn -0.8362 0.5398 0.0967
vn -0.8362 0.5398 0.0966
vn -0.8400 0.5382 0.0694
vn -0.8400 0.5382 0.0691
vn -0.8425 0.5371 0.0415
vn 0.1932 0.9787 -0.0691
vn 0.1895 0.9771 -0.0967
vn -0.2150 0.9759 -0.0362
vn -0.2158 0.9758 -0.0362
vn -0.5535 0.8319 0.0394
vn -0.5550 0.8311 0.0360
vn -0.5500 0.8333 0.0558
vn -0.5509 0.8329 0.0522
vn -0.5478 0.8342 0.0632
vn -0.5479 0.8342 0.0631
vn -0.5484 0.8351 0.0436
vn -0.5496 0.8342 0.0448
vn -0.2188 0.9744 -0.0519
vn -0.2189 0.9743 -0.0525
vn -0.2261 0.9723 -0.0595
vn -0.2261 0.9719 -0.0660
vn -0.2169 0.9753 -0.0425
vn -0.2175 0.9748 -0.0490
vn -0.8177 0.5476 0.1775
vn -0.8177 0.5475 0.1775
vn -0.2254 0.9715 -0.0734
vn -0.2256 0.9715 -0.0724
vn -0.5438 0.8360 0.0736
vn -0.5450 0.8355 0.0703
vn -0.5370 0.8386 0.0917
vn -0.5389 0.8381 0.0851
vn -0.5293 0.8430 0.0956
vn -0.5302 0.8425 0.0949
vn -0.5434 0.8359 0.0775
vn -0.5386 0.8390 0.0777
vn -0.2323 0.9685 -0.0893
vn -0.2329 0.9684 -0.0888
vn -0.2358 0.9674 -0.0924
vn -0.2407 0.9655 -0.0993
vn -0.2298 0.9703 -0.0760
vn -0.2344 0.9688 -0.0812
vn -0.7631 0.5710 0.3027
vn -0.7631 0.5709 0.3027
vn -0.7633 0.5708 0.3027
vn -0.7763 0.5653 0.2789
vn -0.7764 0.5653 0.2786
vn -0.7883 0.5601 0.2547
vn 0.1524 0.9614 -0.2293
vn -0.2403 0.9652 -0.1027
vn -0.2406 0.9652 -0.1024
vn -0.5274 0.8429 0.1065
vn -0.5306 0.8416 0.1010
vn -0.5166 0.8476 0.1214
vn -0.5204 0.8458 0.1175
vn -0.5148 0.8480 0.1259
vn -0.5151 0.8479 0.1254
vn -0.5239 0.8444 0.1119
vn -0.5238 0.8445 0.1117
vn -0.2520 0.9601 -0.1216
vn -0.2565 0.9593 -0.1181
vn -0.2555 0.9587 -0.1247
vn -0.2587 0.9574 -0.1280
vn -0.2451 0.9632 -0.1102
vn -0.2477 0.9621 -0.1140
vn -0.7006 0.5975 0.3900
vn -0.7004 0.5976 0.3902
vn -0.7175 0.5905 0.3696
vn -0.7337 0.5835 0.3482
vn 0.0868 0.9335 -0.3480
vn 0.0536 0.9192 -0.3902
vn -0.2622 0.9557 -0.1341
vn -0.2628 0.9555 -0.1343
vn -0.5064 0.8518 0.1346
vn -0.5092 0.8507 0.1304
vn -0.4935 0.8574 0.1462
vn -0.4959 0.8564 0.1435
vn -0.4842 0.8618 0.1514
vn -0.4848 0.8618 0.1493
vn -0.5014 0.8539 0.1394
vn -0.5012 0.8540 0.1395
vn -0.2754 0.9503 -0.1455
vn -0.2758 0.9502 -0.1449
vn -0.2841 0.9475 -0.1468
vn -0.2860 0.9464 -0.1504
vn -0.2677 0.9540 -0.1351
vn -0.2722 0.9517 -0.1418
vn -0.6232 0.6305 0.4627
vn -0.6633 0.6135 0.4285
vn -0.0237 0.8862 -0.4626
vn -0.2889 0.9444 -0.1573
vn -0.2886 0.9446 -0.1564
vn -0.4776 0.8648 0.1553
vn -0.4808 0.8636 0.1514
vn -0.4632 0.8712 0.1629
vn -0.4687 0.8684 0.1617
vn -0.4582 0.8731 0.1663
vn -0.4583 0.8730 0.1669
vn -0.4725 0.8672 0.1574
vn -0.4725 0.8671 0.1577
vn -0.3038 0.9391 -0.1606
vn -0.3044 0.9388 -0.1612
vn -0.3103 0.9362 -0.1650
vn -0.3158 0.9337 -0.1685
vn -0.2946 0.9421 -0.1600
vn -0.2980 0.9406 -0.1626
vn -0.5343 0.6686 0.5173
vn -0.5798 0.6492 0.4923
vn -0.6021 0.6397 0.4777
vn -0.0449 0.8771 -0.4782
vn -0.0449 0.8771 -0.4781
vn -0.0668 0.8678 -0.4924
vn -0.0893 0.8582 -0.5056
vn -0.3208 0.9319 -0.1693
vn -0.3221 0.9314 -0.1693
vn -0.4474 0.8772 0.1744
vn -0.4543 0.8746 0.1697
vn -0.4311 0.8843 0.1793
vn -0.4378 0.8819 0.1749
vn -0.4271 0.8855 0.1831
vn -0.4272 0.8855 0.1825
vn -0.4430 0.8800 0.1711
vn -0.4437 0.8797 0.1713
vn -0.3363 0.9251 -0.1763
vn -0.3364 0.9250 -0.1766
vn -0.3413 0.9230 -0.1778
vn -0.3480 0.9200 -0.1805
vn -0.3263 0.9292 -0.1734
vn -0.3295 0.9279 -0.1745
vn -0.4376 0.7098 0.5521
vn -0.4374 0.7098 0.5521
vn -0.4866 0.6887 0.5375
vn -0.5106 0.6786 0.5280
vn -0.5108 0.6785 0.5279
vn -0.1362 0.8383 -0.5279
vn -0.1601 0.8281 -0.5372
vn -0.1846 0.8177 -0.5453
vn -0.3550 0.9172 -0.1811
vn -0.3551 0.9167 -0.1833
vn -0.4157 0.8904 0.1855
vn -0.4219 0.8878 0.1838
vn -0.3998 0.8972 0.1877
vn -0.4046 0.8953 0.1864
vn -0.3946 0.9003 0.1837
vn -0.3940 0.9005 0.1842
vn -0.4095 0.8928 0.1876
vn -0.4073 0.8941 0.1862
vn -0.3689 0.9115 -0.1821
vn -0.3691 0.9115 -0.1814
vn -0.3785 0.9072 -0.1838
vn -0.3781 0.9073 -0.1839
vn -0.3580 0.9157 -0.1824
vn -0.3624 0.9140 -0.1822
vn -0.3871 0.7313 0.5616
vn -0.3871 0.7313 0.5615
vn -0.3869 0.7314 0.5616
vn -0.4123 0.7205 0.5575
vn -0.4124 0.7205 0.5575
vn -0.2343 0.7964 -0.5576
vn -0.2344 0.7963 -0.5576
vn -0.2852 0.7748 -0.5642
vn -0.2851 0.7747 -0.5644
vn 0.9362 0.2326 -0.2636
vn 0.9232 0.2271 -0.3099
vn 0.8160 0.5145 -0.2636
vn 0.8160 0.5144 -0.2636
vn 0.8031 0.5090 -0.3098
vn 0.8031 0.5090 -0.3099
vn 0.9746 -0.1166 -0.1911
vn 0.9746 -0.1166 -0.1912
vn 0.9651 -0.1207 -0.2326
vn 0.9536 -0.1255 -0.2735
vn 0.9404 -0.1312 -0.3138
vn 0.9082 0.2207 -0.3556
vn 0.7879 0.5026 -0.3557
vn 0.7880 0.5026 -0.3556
vn 0.5564 0.7694 -0.3138
vn 0.5565 0.7693 -0.3138
vn 0.5697 0.7750 -0.2735
vn 0.5811 0.7799 -0.2325
vn 0.5811 0.7799 -0.2326
vn 0.5906 0.7840 -0.1911
vn 0.8268 0.5192 -0.2166
vn 0.8268 0.5191 -0.2166
vn 0.9470 0.2372 -0.2165
vn 0.9470 0.2372 -0.2166
vn -0.0068 -0.1695 0.9855
vn -0.0511 -0.1883 0.9808
vn -0.0511 -0.1882 0.9808
vn -0.0512 -0.1882 0.9808
vn -0.1270 0.1124 0.9855
vn -0.1269 0.1124 0.9855
vn -0.1713 0.0935 0.9808
vn -0.1713 0.0936 0.9808
vn -0.1713 0.0934 0.9808
vn 0.1723 -0.4588 0.8717
vn 0.1720 -0.4588 0.8717
vn 0.1722 -0.4587 0.8718
vn 0.1723 -0.4587 0.8717
vn 0.1330 -0.4755 0.8696
vn 0.1329 -0.4755 0.8696
vn 0.0938 -0.4922 0.8654
vn 0.0549 -0.5087 0.8592
vn 0.0549 -0.5088 0.8592
vn -0.0953 -0.2072 0.9736
vn -0.0953 -0.2072 0.9737
vn -0.2155 0.0747 0.9736
vn -0.2154 0.0747 0.9737
vn -0.2157 0.0747 0.9736
vn -0.3291 0.3918 0.8592
vn -0.3291 0.3917 0.8592
vn -0.2902 0.4084 0.8654
vn -0.2902 0.4084 0.8655
vn -0.2510 0.4251 0.8696
vn -0.2509 0.4252 0.8696
vn -0.2116 0.4418 0.8718
vn -0.2116 0.4419 0.8718
vn -0.2117 0.4418 0.8718
vn -0.2118 0.4419 0.8717
vn -0.0824 0.1314 0.9879
vn -0.0824 0.1315 0.9879
vn 0.0377 -0.1505 0.9879
vn 0.0377 -0.1503 0.9879
vn 0.8720 0.2052 0.4444
vn 0.8720 0.2052 0.4443
vn 0.8720 0.2053 0.4445
vn 0.8510 0.1963 0.4870
vn 0.8510 0.1963 0.4871
vn 0.8510 0.1964 0.4870
vn 0.7519 0.4871 0.4443
vn 0.7308 0.4782 0.4870
vn 0.7308 0.4782 0.4871
vn 0.9253 -0.1375 0.3536
vn 0.9253 -0.1376 0.3534
vn 0.9253 -0.1375 0.3535
vn 0.9085 -0.1448 0.3921
vn 0.8899 -0.1527 0.4298
vn 0.8697 -0.1613 0.4665
vn 0.8281 0.1865 0.5286
vn 0.8281 0.1865 0.5287
vn 0.7079 0.4684 0.5287
vn 0.7079 0.4684 0.5286
vn 0.7080 0.4683 0.5287
vn 0.4857 0.7392 0.4666
vn 0.4857 0.7392 0.4665
vn 0.5059 0.7479 0.4298
vn 0.5244 0.7558 0.3922
vn 0.5245 0.7558 0.3921
vn 0.5413 0.7629 0.3534
vn 0.5413 0.7630 0.3534
vn 0.7709 0.4953 0.4005
vn 0.8911 0.2137 0.4003
vn 0.8911 0.2134 0.4005
vn 0.8911 0.2135 0.4005
vn 0.8720 0.2052 -0.4443
vn 0.8510 0.1963 -0.4871
vn 0.8510 0.1964 -0.4870
vn 0.7519 0.4871 -0.4443
vn 0.7518 0.4871 -0.4443
vn 0.7519 0.4872 -0.4443
vn 0.7519 0.4871 -0.4442
vn 0.7308 0.4782 -0.4870
vn 0.7308 0.4783 -0.4870
vn 0.9253 -0.1376 -0.3534
vn 0.9085 -0.1448 -0.3921
vn 0.8899 -0.1527 -0.4298
vn 0.8899 -0.1526 -0.4298
vn 0.8697 -0.1612 -0.4665
vn 0.8697 -0.1613 -0.4665
vn 0.8696 -0.1613 -0.4666
vn 0.8281 0.1865 -0.5286
vn 0.8283 0.1866 -0.5282
vn 0.8282 0.1865 -0.5286
vn 0.7081 0.4679 -0.5288
vn 0.7079 0.4685 -0.5286
vn 0.7079 0.4684 -0.5287
vn 0.7079 0.4683 -0.5287
vn 0.4858 0.7392 -0.4665
vn 0.4858 0.7392 -0.4664
vn 0.4857 0.7392 -0.4665
vn 0.5060 0.7478 -0.4298
vn 0.5061 0.7477 -0.4298
vn 0.5060 0.7479 -0.4297
vn 0.5059 0.7479 -0.4298
vn 0.5245 0.7558 -0.3920
vn 0.5245 0.7558 -0.3921
vn 0.5244 0.7558 -0.3921
vn 0.5413 0.7629 -0.3534
vn 0.5412 0.7630 -0.3534
vn 0.5413 0.7629 -0.3535
vn 0.7709 0.4953 -0.4005
vn 0.7708 0.4955 -0.4003
vn 0.8911 0.2134 -0.4005
vn -0.0068 -0.1695 -0.9855
vn -0.0510 -0.1884 -0.9808
vn -0.0511 -0.1884 -0.9808
vn -0.1269 0.1124 -0.9855
vn -0.1268 0.1124 -0.9855
vn -0.1270 0.1124 -0.9855
vn -0.1712 0.0936 -0.9808
vn -0.1712 0.0935 -0.9808
vn -0.1713 0.0935 -0.9808
vn 0.1723 -0.4587 -0.8717
vn 0.1330 -0.4755 -0.8696
vn 0.0936 -0.4922 -0.8655
vn 0.0937 -0.4921 -0.8655
vn 0.0936 -0.4922 -0.8654
vn 0.0935 -0.4923 -0.8654
vn 0.0549 -0.5088 -0.8591
vn 0.0549 -0.5089 -0.8591
vn 0.0549 -0.5088 -0.8592
vn -0.0953 -0.2072 -0.9736
vn -0.2155 0.0747 -0.9736
vn -0.2154 0.0747 -0.9737
vn -0.3291 0.3918 -0.8592
vn -0.2901 0.4082 -0.8656
vn -0.2510 0.4251 -0.8696
vn -0.2511 0.4251 -0.8696
vn -0.2118 0.4419 -0.8717
vn -0.2117 0.4419 -0.8717
vn -0.0824 0.1314 -0.9879
vn 0.0374 -0.1506 -0.9879
vn 0.0378 -0.1505 -0.9879
vn 0.9362 0.2326 0.2636
vn 0.9233 0.2271 0.3099
vn 0.9232 0.2271 0.3099
vn 0.9233 0.2272 0.3096
vn 0.9233 0.2269 0.3099
vn 0.8160 0.5145 0.2637
vn 0.8160 0.5144 0.2636
vn 0.8160 0.5145 0.2636
vn 0.8032 0.5087 0.3100
vn 0.8033 0.5085 0.3101
vn 0.8031 0.5090 0.3099
vn 0.9746 -0.1166 0.1911
vn 0.9650 -0.1207 0.2326
vn 0.9651 -0.1207 0.2326
vn 0.9536 -0.1255 0.2735
vn 0.9404 -0.1312 0.3138
vn 0.9082 0.2207 0.3556
vn 0.7880 0.5026 0.3556
vn 0.7881 0.5025 0.3555
vn 0.5564 0.7693 0.3140
vn 0.5564 0.7694 0.3138
vn 0.5564 0.7693 0.3138
vn 0.5565 0.7693 0.3138
vn 0.5699 0.7749 0.2734
vn 0.5697 0.7750 0.2735
vn 0.5700 0.7749 0.2732
vn 0.5810 0.7799 0.2326
vn 0.5815 0.7796 0.2325
vn 0.5812 0.7798 0.2326
vn 0.5811 0.7798 0.2326
vn 0.5906 0.7840 0.1911
vn 0.8268 0.5191 0.2167
vn 0.8268 0.5191 0.2166
vn 0.8268 0.5191 0.2168
vn 0.9470 0.2372 0.2166
vn 0.7768 0.1645 -0.6078
vn 0.7767 0.1646 -0.6080
vn 0.7766 0.1647 -0.6080
vn 0.7484 0.1525 -0.6454
vn 0.7485 0.1525 -0.6454
vn 0.7485 0.1524 -0.6454
vn 0.6565 0.4465 -0.6080
vn 0.6282 0.4344 -0.6455
vn 0.6282 0.4345 -0.6454
vn 0.8478 -0.1707 -0.5021
vn 0.8478 -0.1706 -0.5021
vn 0.8243 -0.1807 -0.5365
vn 0.7994 -0.1913 -0.5695
vn 0.7730 -0.2026 -0.6012
vn 0.7730 -0.2027 -0.6012
vn 0.7185 0.1398 -0.6814
vn 0.7184 0.1398 -0.6814
vn 0.5983 0.4216 -0.6814
vn 0.5983 0.4217 -0.6814
vn 0.3890 0.6980 -0.6012
vn 0.3890 0.6979 -0.6013
vn 0.4154 0.7093 -0.5695
vn 0.4401 0.7199 -0.5367
vn 0.4403 0.7199 -0.5365
vn 0.4637 0.7300 -0.5021
vn 0.4638 0.7299 -0.5021
vn 0.6831 0.4578 -0.5690
vn 0.8033 0.1759 -0.5690
vn 0.8033 0.1760 -0.5690
vn -0.1824 -0.2443 -0.9524
vn -0.2246 -0.2626 -0.9384
vn -0.2250 -0.2625 -0.9383
vn -0.2252 -0.2624 -0.9383
vn -0.2251 -0.2625 -0.9383
vn -0.3026 0.0378 -0.9524
vn -0.3026 0.0376 -0.9524
vn -0.3453 0.0193 -0.9383
vn -0.3453 0.0194 -0.9383
vn -0.3452 0.0194 -0.9383
vn 0.0162 -0.5253 -0.8508
vn 0.0162 -0.5252 -0.8508
vn -0.0220 -0.5415 -0.8404
vn -0.0596 -0.5576 -0.8280
vn -0.0968 -0.5733 -0.8136
vn -0.0973 -0.5737 -0.8133
vn -0.0968 -0.5734 -0.8136
vn -0.0967 -0.5734 -0.8136
vn -0.2670 -0.2804 -0.9220
vn -0.2670 -0.2797 -0.9222
vn -0.3872 0.0015 -0.9220
vn -0.3872 0.0014 -0.9220
vn -0.4806 0.3270 -0.8137
vn -0.4806 0.3273 -0.8136
vn -0.4806 0.3274 -0.8136
vn -0.4436 0.3430 -0.8280
vn -0.4436 0.3429 -0.8280
vn -0.4060 0.3591 -0.8404
vn -0.4059 0.3591 -0.8404
vn -0.3678 0.3753 -0.8508
vn -0.2593 0.0560 -0.9642
vn -0.1391 -0.2259 -0.9642
vn 0.9667 0.2456 0.0727
vn 0.9666 0.2456 0.0727
vn 0.9623 0.2437 0.1208
vn 0.9623 0.2438 0.1209
vn 0.9623 0.2437 0.1209
vn 0.8464 0.5275 0.0727
vn 0.8464 0.5276 0.0728
vn 0.8421 0.5256 0.1209
vn 0.9939 -0.1084 0.0214
vn 0.9919 -0.1092 0.0642
vn 0.9881 -0.1109 0.1067
vn 0.9882 -0.1106 0.1063
vn 0.9823 -0.1133 0.1491
vn 0.9823 -0.1134 0.1490
vn 0.9823 -0.1133 0.1490
vn 0.9557 0.2409 0.1689
vn 0.9557 0.2410 0.1689
vn 0.8357 0.5227 0.1686
vn 0.5983 0.7873 0.1490
vn 0.5984 0.7872 0.1490
vn 0.6041 0.7897 0.1067
vn 0.6041 0.7897 0.1066
vn 0.6079 0.7914 0.0643
vn 0.6079 0.7914 0.0642
vn 0.6080 0.7914 0.0642
vn 0.6080 0.7913 0.0642
vn 0.6099 0.7922 0.0214
vn 0.8487 0.5283 0.0243
vn 0.8486 0.5284 0.0243
vn 0.9688 0.2467 0.0243
vn 0.9688 0.2465 0.0243
vn 0.9688 0.2465 0.0244
vn 0.6538 0.1122 -0.7483
vn 0.6194 0.0976 -0.7790
vn 0.6195 0.0975 -0.7789
vn 0.6193 0.0976 -0.7790
vn 0.6194 0.0975 -0.7790
vn 0.5336 0.3941 -0.7483
vn 0.4992 0.3794 -0.7790
vn 0.4993 0.3794 -0.7790
vn 0.7450 -0.2145 -0.6317
vn 0.7450 -0.2145 -0.6316
vn 0.7451 -0.2145 -0.6316
vn 0.7159 -0.2269 -0.6603
vn 0.7160 -0.2271 -0.6601
vn 0.7159 -0.2268 -0.6604
vn 0.6855 -0.2400 -0.6874
vn 0.6855 -0.2399 -0.6874
vn 0.6854 -0.2399 -0.6875
vn 0.6855 -0.2401 -0.6874
vn 0.6539 -0.2534 -0.7129
vn 0.5836 0.0822 -0.8079
vn 0.5835 0.0822 -0.8079
vn 0.4634 0.3641 -0.8079
vn 0.4634 0.3642 -0.8078
vn 0.2699 0.6472 -0.7129
vn 0.3015 0.6607 -0.6874
vn 0.3319 0.6737 -0.6603
vn 0.3611 0.6861 -0.6315
vn 0.3611 0.6861 -0.6316
vn 0.5667 0.4082 -0.7157
vn 0.6868 0.1263 -0.7158
vn 0.6869 0.1263 -0.7157
vn 0.6868 0.1263 -0.7157
vn -0.3487 -0.3151 -0.8827
vn -0.3488 -0.3152 -0.8826
vn -0.3486 -0.3152 -0.8827
vn -0.3879 -0.3320 -0.8598
vn -0.3879 -0.3320 -0.8599
vn -0.4687 -0.0333 -0.8827
vn -0.4683 -0.0331 -0.8829
vn -0.4688 -0.0333 -0.8827
vn -0.5081 -0.0501 -0.8598
vn -0.5081 -0.0501 -0.8599
vn -0.1331 -0.5889 -0.7972
vn -0.1331 -0.5889 -0.7971
vn -0.1687 -0.6041 -0.7789
vn -0.2033 -0.6189 -0.7587
vn -0.2031 -0.6189 -0.7588
vn -0.2371 -0.6333 -0.7367
vn -0.4262 -0.3484 -0.8349
vn -0.4262 -0.3483 -0.8349
vn -0.4263 -0.3483 -0.8348
vn -0.5464 -0.0665 -0.8349
vn -0.5464 -0.0664 -0.8349
vn -0.5466 -0.0664 -0.8348
vn -0.6212 0.2673 -0.7367
vn -0.6211 0.2674 -0.7367
vn -0.5873 0.2818 -0.7587
vn -0.5873 0.2817 -0.7587
vn -0.5527 0.2965 -0.7789
vn -0.5171 0.3117 -0.7971
vn -0.5171 0.3117 -0.7972
vn -0.4285 -0.0161 -0.9034
vn -0.3083 -0.2981 -0.9034
vn -0.3083 -0.2980 -0.9034
vn 0.9623 0.2437 -0.1209
vn 0.9666 0.2456 -0.0727
vn 0.8421 0.5256 -0.1209
vn 0.8464 0.5275 -0.0727
vn 0.8465 0.5275 -0.0727
vn 0.9824 -0.1132 -0.1489
vn 0.9823 -0.1133 -0.1490
vn 0.9823 -0.1132 -0.1489
vn 0.9824 -0.1131 -0.1488
vn 0.9881 -0.1109 -0.1067
vn 0.9882 -0.1106 -0.1063
vn 0.9919 -0.1092 -0.0642
vn 0.9919 -0.1092 -0.0643
vn 0.9939 -0.1084 -0.0214
vn 0.9689 0.2463 -0.0244
vn 0.9688 0.2465 -0.0243
vn 0.8486 0.5284 -0.0242
vn 0.8486 0.5284 -0.0243
vn 0.6099 0.7922 -0.0213
vn 0.6099 0.7922 -0.0214
vn 0.6098 0.7923 -0.0213
vn 0.6080 0.7913 -0.0642
vn 0.6079 0.7914 -0.0642
vn 0.6080 0.7914 -0.0642
vn 0.6041 0.7897 -0.1066
vn 0.6041 0.7897 -0.1067
vn 0.5984 0.7872 -0.1490
vn 0.5983 0.7873 -0.1490
vn 0.5983 0.7873 -0.1488
vn 0.8356 0.5228 -0.1689
vn 0.8356 0.5227 -0.1689
vn 0.8355 0.5228 -0.1689
vn 0.9557 0.2409 -0.1689
vn 0.5082 0.0502 -0.8597
vn 0.5082 0.0501 -0.8598
vn 0.5082 0.0502 -0.8598
vn 0.5081 0.0501 -0.8598
vn 0.4688 0.0333 -0.8827
vn 0.4687 0.0333 -0.8827
vn 0.3879 0.3320 -0.8598
vn 0.3486 0.3152 -0.8827
vn 0.6212 -0.2675 -0.7366
vn 0.6211 -0.2677 -0.7366
vn 0.6211 -0.2675 -0.7367
vn 0.6211 -0.2673 -0.7367
vn 0.5873 -0.2817 -0.7588
vn 0.5873 -0.2817 -0.7587
vn 0.5874 -0.2818 -0.7587
vn 0.5526 -0.2965 -0.7789
vn 0.5527 -0.2965 -0.7789
vn 0.5525 -0.2967 -0.7789
vn 0.5171 -0.3119 -0.7971
vn 0.5173 -0.3120 -0.7969
vn 0.5172 -0.3118 -0.7971
vn 0.5171 -0.3117 -0.7972
vn 0.4285 0.0161 -0.9034
vn 0.3083 0.2980 -0.9034
vn 0.1331 0.5889 -0.7972
vn 0.1687 0.6042 -0.7788
vn 0.1688 0.6043 -0.7786
vn 0.1688 0.6042 -0.7788
vn 0.1687 0.6041 -0.7789
vn 0.2033 0.6189 -0.7587
vn 0.2034 0.6189 -0.7587
vn 0.2371 0.6333 -0.7367
vn 0.4263 0.3484 -0.8348
vn 0.4262 0.3483 -0.8349
vn 0.5464 0.0664 -0.8349
vn 0.5464 0.0663 -0.8349
vn 0.5464 0.0662 -0.8349
vn -0.4992 -0.3794 -0.7790
vn -0.4993 -0.3794 -0.7790
vn -0.5336 -0.3941 -0.7483
vn -0.6194 -0.0975 -0.7790
vn -0.6538 -0.1122 -0.7483
vn -0.2699 -0.6472 -0.7129
vn -0.2699 -0.6473 -0.7129
vn -0.3015 -0.6607 -0.6874
vn -0.3015 -0.6607 -0.6875
vn -0.3317 -0.6741 -0.6600
vn -0.3319 -0.6737 -0.6603
vn -0.3611 -0.6861 -0.6316
vn -0.3611 -0.6861 -0.6315
vn -0.5667 -0.4082 -0.7157
vn -0.5668 -0.4080 -0.7158
vn -0.6869 -0.1263 -0.7157
vn -0.7451 0.2146 -0.6315
vn -0.7451 0.2145 -0.6315
vn -0.7159 0.2269 -0.6602
vn -0.7159 0.2269 -0.6603
vn -0.7159 0.2270 -0.6603
vn -0.6853 0.2400 -0.6875
vn -0.6855 0.2399 -0.6874
vn -0.6854 0.2399 -0.6875
vn -0.6537 0.2535 -0.7130
vn -0.6539 0.2534 -0.7129
vn -0.6538 0.2530 -0.7131
vn -0.6538 0.2536 -0.7129
vn -0.5835 -0.0823 -0.8079
vn -0.5837 -0.0820 -0.8078
vn -0.5835 -0.0822 -0.8079
vn -0.4633 -0.3643 -0.8079
vn -0.4634 -0.3641 -0.8079
vn 0.9232 0.2271 -0.3100
vn 0.8030 0.5090 -0.3099
vn 0.9650 -0.1207 -0.2326
vn 0.9746 -0.1166 -0.1910
vn 0.8268 0.5191 -0.2165
vn 0.5811 0.7798 -0.2326
vn 0.5813 0.7797 -0.2327
vn 0.5811 0.7798 -0.2327
vn 0.5697 0.7750 -0.2734
vn 0.5564 0.7694 -0.3137
vn 0.5564 0.7694 -0.3139
vn 0.7882 0.5025 -0.3554
vn 0.3452 -0.0193 -0.9383
vn 0.3452 -0.0194 -0.9383
vn 0.3027 -0.0376 -0.9523
vn 0.3026 -0.0376 -0.9524
vn 0.2250 0.2625 -0.9383
vn 0.1822 0.2443 -0.9524
vn 0.1824 0.2443 -0.9524
vn 0.4806 -0.3272 -0.8136
vn 0.4436 -0.3428 -0.8281
vn 0.4436 -0.3430 -0.8280
vn 0.4441 -0.3429 -0.8278
vn 0.4437 -0.3430 -0.8280
vn 0.4060 -0.3591 -0.8404
vn 0.3678 -0.3753 -0.8508
vn 0.3678 -0.3754 -0.8508
vn 0.2593 -0.0560 -0.9642
vn 0.1391 0.2259 -0.9642
vn -0.0162 0.5252 -0.8508
vn 0.0220 0.5415 -0.8404
vn 0.0597 0.5577 -0.8279
vn 0.0600 0.5579 -0.8277
vn 0.0596 0.5577 -0.8279
vn 0.0967 0.5735 -0.8135
vn 0.0967 0.5733 -0.8136
vn 0.0968 0.5736 -0.8134
vn 0.2670 0.2804 -0.9220
vn 0.3872 -0.0015 -0.9220
vn 0.3872 -0.0014 -0.9220
vn -0.6283 -0.4344 -0.6454
vn -0.6280 -0.4346 -0.6456
vn -0.6282 -0.4345 -0.6455
vn -0.6565 -0.4465 -0.6080
vn -0.7484 -0.1525 -0.6454
vn -0.7484 -0.1525 -0.6455
vn -0.7767 -0.1646 -0.6080
vn -0.3890 -0.6980 -0.6012
vn -0.3891 -0.6980 -0.6012
vn -0.4154 -0.7093 -0.5695
vn -0.4406 -0.7197 -0.5366
vn -0.4404 -0.7199 -0.5365
vn -0.4403 -0.7199 -0.5365
vn -0.4638 -0.7299 -0.5021
vn -0.4639 -0.7299 -0.5021
vn -0.6831 -0.4578 -0.5690
vn -0.6832 -0.4578 -0.5690
vn -0.8033 -0.1760 -0.5690
vn -0.8033 -0.1759 -0.5690
vn -0.8034 -0.1758 -0.5689
vn -0.8478 0.1706 -0.5021
vn -0.8478 0.1707 -0.5021
vn -0.8243 0.1807 -0.5365
vn -0.7994 0.1913 -0.5695
vn -0.7730 0.2025 -0.6012
vn -0.7729 0.2028 -0.6013
vn -0.7730 0.2026 -0.6012
vn -0.7185 -0.1398 -0.6814
vn -0.7185 -0.1398 -0.6813
vn -0.5982 -0.4217 -0.6814
vn -0.5983 -0.4217 -0.6814
vn -0.5983 -0.4216 -0.6814
vn -0.5983 -0.4215 -0.6814
vn 0.8510 0.1964 -0.4871
vn 0.8509 0.1963 -0.4872
vn 0.8720 0.2053 -0.4444
vn 0.8720 0.2053 -0.4443
vn 0.8722 0.2051 -0.4441
vn 0.8720 0.2054 -0.4444
vn 0.7307 0.4783 -0.4872
vn 0.7310 0.4781 -0.4870
vn 0.7308 0.4782 -0.4871
vn 0.9253 -0.1377 -0.3533
vn 0.7709 0.4953 -0.4006
vn 0.5413 0.7630 -0.3533
vn 0.5413 0.7630 -0.3534
vn 0.1713 -0.0933 -0.9808
vn 0.1713 -0.0935 -0.9808
vn 0.1714 -0.0933 -0.9808
vn 0.1270 -0.1124 -0.9855
vn 0.1269 -0.1124 -0.9855
vn 0.0511 0.1884 -0.9808
vn 0.0512 0.1883 -0.9808
vn 0.0068 0.1695 -0.9855
vn 0.0067 0.1695 -0.9855
vn 0.3292 -0.3918 -0.8591
vn 0.3291 -0.3918 -0.8592
vn 0.3291 -0.3917 -0.8592
vn 0.2902 -0.4084 -0.8654
vn 0.2901 -0.4082 -0.8656
vn 0.2901 -0.4083 -0.8655
vn 0.2510 -0.4251 -0.8696
vn 0.2510 -0.4252 -0.8696
vn 0.2117 -0.4419 -0.8717
vn 0.2118 -0.4419 -0.8717
vn 0.0824 -0.1314 -0.9879
vn -0.0378 0.1505 -0.9879
vn -0.0377 0.1505 -0.9879
vn -0.1723 0.4587 -0.8717
vn -0.1330 0.4755 -0.8696
vn -0.0938 0.4921 -0.8655
vn -0.0938 0.4920 -0.8655
vn -0.0939 0.4921 -0.8655
vn -0.0549 0.5088 -0.8591
vn 0.0953 0.2072 -0.9736
vn 0.2156 -0.0746 -0.9736
vn 0.2155 -0.0747 -0.9736
vn 0.2154 -0.0747 -0.9737
vn -0.7308 -0.4782 -0.4871
vn -0.7308 -0.4782 -0.4870
vn -0.7519 -0.4871 -0.4443
vn -0.7518 -0.4871 -0.4443
vn -0.8510 -0.1963 -0.4871
vn -0.8720 -0.2053 -0.4443
vn -0.8718 -0.2052 -0.4448
vn -0.4857 -0.7392 -0.4665
vn -0.4857 -0.7392 -0.4666
vn -0.5059 -0.7479 -0.4298
vn -0.5060 -0.7478 -0.4299
vn -0.5245 -0.7557 -0.3921
vn -0.5245 -0.7557 -0.3922
vn -0.5245 -0.7558 -0.3921
vn -0.5413 -0.7628 -0.3537
vn -0.5413 -0.7630 -0.3534
vn -0.5411 -0.7630 -0.3537
vn -0.5409 -0.7630 -0.3539
vn -0.7709 -0.4953 -0.4004
vn -0.7709 -0.4953 -0.4005
vn -0.8911 -0.2133 -0.4005
vn -0.8911 -0.2134 -0.4005
vn -0.9253 0.1377 -0.3534
vn -0.9253 0.1380 -0.3533
vn -0.9085 0.1448 -0.3921
vn -0.8898 0.1529 -0.4300
vn -0.8899 0.1527 -0.4298
vn -0.8697 0.1613 -0.4665
vn -0.8281 -0.1865 -0.5286
vn -0.8282 -0.1865 -0.5286
vn -0.7079 -0.4684 -0.5286
vn -0.7080 -0.4684 -0.5286
vn 0.6282 0.4344 -0.6454
vn 0.7730 -0.2025 -0.6012
vn 0.8478 -0.1707 -0.5022
vn 0.8478 -0.1708 -0.5021
vn 0.8034 0.1759 -0.5689
vn 0.4405 0.7199 -0.5363
vn 0.4152 0.7094 -0.5695
vn 0.4150 0.7095 -0.5696
vn 0.5983 0.4215 -0.6815
vn -0.8030 -0.5091 -0.3099
vn -0.8030 -0.5090 -0.3099
vn -0.8160 -0.5145 -0.2635
vn -0.8160 -0.5145 -0.2636
vn -0.8160 -0.5144 -0.2636
vn -0.9232 -0.2271 -0.3099
vn -0.9362 -0.2326 -0.2636
vn -0.9362 -0.2326 -0.2635
vn -0.5564 -0.7694 -0.3138
vn -0.5697 -0.7750 -0.2735
vn -0.5696 -0.7751 -0.2735
vn -0.5811 -0.7799 -0.2326
vn -0.5906 -0.7840 -0.1911
vn -0.8268 -0.5191 -0.2166
vn -0.9470 -0.2372 -0.2167
vn -0.9470 -0.2372 -0.2166
vn -0.9746 0.1166 -0.1911
vn -0.9650 0.1205 -0.2328
vn -0.9651 0.1207 -0.2326
vn -0.9650 0.1210 -0.2325
vn -0.9536 0.1256 -0.2735
vn -0.9404 0.1312 -0.3138
vn -0.9404 0.1310 -0.3138
vn -0.9404 0.1313 -0.3138
vn -0.9082 -0.2207 -0.3556
vn -0.7880 -0.5026 -0.3556
vn 0.6194 0.0974 -0.7790
vn 0.7451 -0.2143 -0.6316
vn 0.7451 -0.2144 -0.6316
vn 0.5667 0.4083 -0.7157
vn -0.8421 -0.5256 -0.1208
vn -0.8421 -0.5256 -0.1209
vn -0.8465 -0.5274 -0.0727
vn -0.8465 -0.5275 -0.0727
vn -0.9623 -0.2437 -0.1209
vn -0.9623 -0.2437 -0.1208
vn -0.9666 -0.2456 -0.0728
vn -0.9666 -0.2456 -0.0727
vn -0.5983 -0.7873 -0.1490
vn -0.5982 -0.7874 -0.1490
vn -0.5982 -0.7873 -0.1490
vn -0.6041 -0.7897 -0.1067
vn -0.6042 -0.7897 -0.1067
vn -0.6080 -0.7914 -0.0642
vn -0.6079 -0.7914 -0.0642
vn -0.6099 -0.7922 -0.0214
vn -0.8486 -0.5284 -0.0243
vn -0.9688 -0.2465 -0.0243
vn -0.9939 0.1086 -0.0216
vn -0.9939 0.1085 -0.0215
vn -0.9939 0.1086 -0.0215
vn -0.9938 0.1086 -0.0215
vn -0.9920 0.1088 -0.0638
vn -0.9919 0.1092 -0.0642
vn -0.9920 0.1092 -0.0640
vn -0.9881 0.1109 -0.1067
vn -0.9881 0.1109 -0.1068
vn -0.9823 0.1133 -0.1490
vn -0.9557 -0.2409 -0.1690
vn -0.9557 -0.2409 -0.1689
vn -0.9557 -0.2410 -0.1689
vn -0.8355 -0.5229 -0.1689
vn -0.8355 -0.5228 -0.1689
vn 0.5081 0.0501 -0.8599
vn 0.5081 0.0500 -0.8598
vn 0.5171 -0.3116 -0.7972
vn 0.5528 -0.2966 -0.7788
vn 0.5525 -0.2965 -0.7790
vn 0.5874 -0.2817 -0.7587
vn 0.2373 0.6331 -0.7368
vn 0.2370 0.6332 -0.7368
vn 0.2032 0.6189 -0.7587
vn 0.2027 0.6189 -0.7589
vn 0.1687 0.6040 -0.7790
vn 0.1687 0.6041 -0.7788
vn 0.1329 0.5889 -0.7972
vn 0.1330 0.5889 -0.7972
vn 0.4285 0.0160 -0.9034
vn 0.4284 0.0163 -0.9034
vn -0.8465 -0.5275 0.0727
vn -0.8421 -0.5256 0.1209
vn -0.8421 -0.5256 0.1208
vn -0.9666 -0.2456 0.0727
vn -0.9666 -0.2456 0.0728
vn -0.9623 -0.2437 0.1208
vn -0.9623 -0.2437 0.1209
vn -0.6099 -0.7922 0.0214
vn -0.6079 -0.7914 0.0642
vn -0.6080 -0.7914 0.0642
vn -0.6080 -0.7913 0.0642
vn -0.6041 -0.7897 0.1067
vn -0.5984 -0.7873 0.1490
vn -0.5983 -0.7873 0.1490
vn -0.5983 -0.7873 0.1489
vn -0.8355 -0.5229 0.1689
vn -0.8356 -0.5227 0.1689
vn -0.8355 -0.5228 0.1689
vn -0.9557 -0.2411 0.1689
vn -0.9557 -0.2409 0.1689
vn -0.9557 -0.2410 0.1688
vn -0.9823 0.1133 0.1490
vn -0.9881 0.1109 0.1068
vn -0.9881 0.1109 0.1067
vn -0.9920 0.1092 0.0640
vn -0.9919 0.1092 0.0642
vn -0.9920 0.1088 0.0638
vn -0.9939 0.1084 0.0214
vn -0.9939 0.1086 0.0216
vn -0.9939 0.1082 0.0213
vn -0.9939 0.1083 0.0214
vn -0.9688 -0.2465 0.0243
vn -0.8486 -0.5284 0.0243
vn 0.3025 -0.0375 -0.9524
vn 0.3451 -0.0194 -0.9384
vn 0.3451 -0.0194 -0.9383
vn 0.1823 0.2443 -0.9524
vn 0.1824 0.2442 -0.9524
vn 0.2250 0.2624 -0.9383
vn 0.3677 -0.3754 -0.8508
vn 0.4060 -0.3591 -0.8403
vn 0.4060 -0.3596 -0.8402
vn 0.4436 -0.3429 -0.8280
vn 0.4806 -0.3273 -0.8136
vn 0.0967 0.5734 -0.8135
vn 0.0967 0.5734 -0.8136
vn 0.0596 0.5576 -0.8280
vn -0.0162 0.5253 -0.8508
vn 0.1392 0.2259 -0.9642
vn -0.8160 -0.5145 0.2636
vn -0.8160 -0.5144 0.2636
vn -0.8031 -0.5089 0.3099
vn -0.8031 -0.5090 0.3098
vn -0.8030 -0.5091 0.3098
vn -0.9362 -0.2326 0.2636
vn -0.9362 -0.2326 0.2635
vn -0.9232 -0.2271 0.3099
vn -0.9233 -0.2271 0.3099
vn -0.5909 -0.7837 0.1915
vn -0.5906 -0.7840 0.1911
vn -0.5811 -0.7799 0.2326
vn -0.5697 -0.7750 0.2735
vn -0.5564 -0.7694 0.3138
vn -0.7880 -0.5026 0.3556
vn -0.9082 -0.2207 0.3556
vn -0.9404 0.1312 0.3138
vn -0.9536 0.1255 0.2735
vn -0.9536 0.1255 0.2736
vn -0.9650 0.1210 0.2325
vn -0.9651 0.1207 0.2326
vn -0.9651 0.1206 0.2327
vn -0.9746 0.1166 0.1911
vn -0.9746 0.1166 0.1910
vn -0.9470 -0.2372 0.2166
vn -0.9470 -0.2371 0.2166
vn -0.9470 -0.2372 0.2167
vn -0.8268 -0.5191 0.2166
vn 0.1271 -0.1124 -0.9855
vn 0.1713 -0.0934 -0.9808
vn 0.1712 -0.0934 -0.9808
vn 0.0511 0.1883 -0.9808
vn 0.0509 0.1882 -0.9808
vn 0.2512 -0.4253 -0.8695
vn 0.2510 -0.4251 -0.8697
vn 0.3292 -0.3914 -0.8593
vn 0.3293 -0.3917 -0.8592
vn 0.3294 -0.3914 -0.8592
vn -0.0549 0.5088 -0.8592
vn -0.0549 0.5089 -0.8591
vn -0.0549 0.5087 -0.8592
vn -0.0937 0.4921 -0.8655
vn -0.1331 0.4755 -0.8696
vn 0.0825 -0.1314 -0.9879
vn -0.7518 -0.4871 0.4445
vn -0.7518 -0.4871 0.4444
vn -0.7517 -0.4871 0.4445
vn -0.7518 -0.4872 0.4443
vn -0.7308 -0.4782 0.4871
vn -0.8719 -0.2054 0.4444
vn -0.8720 -0.2053 0.4443
vn -0.8720 -0.2053 0.4445
vn -0.8720 -0.2053 0.4444
vn -0.8510 -0.1963 0.4872
vn -0.8510 -0.1964 0.4871
vn -0.8510 -0.1961 0.4872
vn -0.5413 -0.7630 0.3534
vn -0.5412 -0.7631 0.3533
vn -0.5245 -0.7558 0.3921
vn -0.5059 -0.7479 0.4297
vn -0.5059 -0.7479 0.4298
vn -0.4857 -0.7392 0.4666
vn -0.4856 -0.7393 0.4665
vn -0.4857 -0.7392 0.4665
vn -0.7079 -0.4685 0.5286
vn -0.7079 -0.4684 0.5286
vn -0.7079 -0.4684 0.5287
vn -0.8281 -0.1864 0.5286
vn -0.8281 -0.1865 0.5286
vn -0.8697 0.1613 0.4665
vn -0.8698 0.1614 0.4663
vn -0.8697 0.1612 0.4664
vn -0.8899 0.1527 0.4298
vn -0.9085 0.1448 0.3921
vn -0.9253 0.1376 0.3534
vn -0.9253 0.1377 0.3534
vn -0.8911 -0.2134 0.4005
vn -0.7709 -0.4953 0.4004
vn -0.7709 -0.4953 0.4005
vn -0.1270 0.1123 -0.9855
vn 0.0550 -0.5088 -0.8591
vn 0.0938 -0.4922 -0.8654
vn 0.0377 -0.1505 -0.9879
vn -0.2116 0.4419 -0.8718
vn -0.2907 0.4087 -0.8651
vn -0.2902 0.4084 -0.8654
vn -0.3291 0.3917 -0.8592
vn -0.3291 0.3915 -0.8593
vn -0.2156 0.0746 -0.9736
vn -0.2153 0.0747 -0.9737
vn -0.0954 -0.2072 -0.9736
vn -0.6565 -0.4465 0.6080
vn -0.6565 -0.4466 0.6079
vn -0.6565 -0.4467 0.6078
vn -0.6283 -0.4344 0.6454
vn -0.6282 -0.4344 0.6455
vn -0.7767 -0.1646 0.6080
vn -0.7485 -0.1526 0.6453
vn -0.7484 -0.1525 0.6454
vn -0.7485 -0.1525 0.6454
vn -0.4638 -0.7299 0.5021
vn -0.4403 -0.7199 0.5365
vn -0.4154 -0.7093 0.5695
vn -0.3889 -0.6980 0.6012
vn -0.3890 -0.6980 0.6012
vn -0.3889 -0.6980 0.6013
vn -0.3890 -0.6980 0.6013
vn -0.5983 -0.4217 0.6814
vn -0.5983 -0.4217 0.6813
vn -0.7185 -0.1398 0.6813
vn -0.7185 -0.1398 0.6814
vn -0.7728 0.2029 0.6013
vn -0.7730 0.2025 0.6012
vn -0.7730 0.2026 0.6012
vn -0.7731 0.2026 0.6011
vn -0.7994 0.1914 0.5695
vn -0.7994 0.1915 0.5695
vn -0.7994 0.1913 0.5695
vn -0.8243 0.1807 0.5365
vn -0.8243 0.1808 0.5365
vn -0.8478 0.1707 0.5021
vn -0.8478 0.1706 0.5021
vn -0.8033 -0.1759 0.5690
vn -0.8034 -0.1759 0.5689
vn -0.6831 -0.4578 0.5690
vn -0.1825 -0.2443 -0.9524
vn -0.1824 -0.2444 -0.9524
vn -0.3026 0.0377 -0.9524
vn -0.3027 0.0376 -0.9523
vn -0.3026 0.0375 -0.9524
vn -0.0967 -0.5733 -0.8136
vn -0.0968 -0.5735 -0.8134
vn -0.0966 -0.5733 -0.8136
vn 0.0161 -0.5252 -0.8508
vn -0.1391 -0.2260 -0.9642
vn -0.2595 0.0561 -0.9641
vn -0.2598 0.0564 -0.9640
vn -0.2593 0.0559 -0.9642
vn -0.3678 0.3752 -0.8509
vn -0.4806 0.3272 -0.8136
vn -0.3874 0.0018 -0.9219
vn -0.2671 -0.2804 -0.9220
vn -0.2670 -0.2805 -0.9220
vn -0.5337 -0.3940 0.7483
vn -0.5336 -0.3941 0.7483
vn -0.5336 -0.3942 0.7482
vn -0.5337 -0.3941 0.7482
vn -0.4992 -0.3794 0.7790
vn -0.6538 -0.1122 0.7483
vn -0.6538 -0.1124 0.7483
vn -0.6535 -0.1123 0.7485
vn -0.6194 -0.0974 0.7790
vn -0.6194 -0.0973 0.7790
vn -0.6194 -0.0975 0.7790
vn -0.3611 -0.6861 0.6316
vn -0.3611 -0.6860 0.6317
vn -0.3319 -0.6737 0.6603
vn -0.3015 -0.6607 0.6875
vn -0.3015 -0.6607 0.6874
vn -0.2699 -0.6472 0.7129
vn -0.2698 -0.6473 0.7129
vn -0.4634 -0.3641 0.8079
vn -0.4634 -0.3642 0.8079
vn -0.5836 -0.0822 0.8079
vn -0.5839 -0.0818 0.8077
vn -0.5835 -0.0823 0.8079
vn -0.6539 0.2534 0.7129
vn -0.6855 0.2399 0.6874
vn -0.7158 0.2268 0.6604
vn -0.7159 0.2269 0.6603
vn -0.7453 0.2145 0.6313
vn -0.7453 0.2145 0.6312
vn -0.7452 0.2145 0.6313
vn -0.7451 0.2145 0.6315
vn -0.6869 -0.1263 0.7157
vn -0.5667 -0.4082 0.7157
vn -0.2372 -0.6332 -0.7367
vn -0.2371 -0.6332 -0.7367
vn -0.2034 -0.6189 -0.7587
vn -0.1687 -0.6042 -0.7787
vn -0.1687 -0.6041 -0.7788
vn -0.1330 -0.5889 -0.7972
vn -0.1333 -0.5889 -0.7971
vn -0.4285 -0.0160 -0.9034
vn -0.4285 -0.0163 -0.9034
vn -0.5170 0.3115 -0.7973
vn -0.5170 0.3117 -0.7972
vn -0.6211 0.2673 -0.7367
vn -0.6209 0.2673 -0.7369
vn -0.5463 -0.0662 -0.8350
vn -0.5464 -0.0666 -0.8349
vn -0.4262 -0.3481 -0.8350
vn -0.3879 -0.3320 0.8598
vn -0.3879 -0.3320 0.8599
vn -0.3486 -0.3152 0.8827
vn -0.3486 -0.3151 0.8827
vn -0.3485 -0.3151 0.8828
vn -0.5081 -0.0501 0.8598
vn -0.5081 -0.0501 0.8599
vn -0.5081 -0.0502 0.8598
vn -0.4687 -0.0333 0.8827
vn -0.4680 -0.0329 0.8831
vn -0.4688 -0.0333 0.8827
vn -0.2370 -0.6332 0.7368
vn -0.2371 -0.6333 0.7367
vn -0.2370 -0.6333 0.7368
vn -0.2034 -0.6189 0.7587
vn -0.2035 -0.6191 0.7585
vn -0.2033 -0.6189 0.7587
vn -0.1687 -0.6041 0.7789
vn -0.1687 -0.6041 0.7788
vn -0.1331 -0.5889 0.7972
vn -0.1331 -0.5888 0.7972
vn -0.1330 -0.5889 0.7972
vn -0.3083 -0.2980 0.9034
vn -0.3083 -0.2981 0.9034
vn -0.4285 -0.0161 0.9034
vn -0.4286 -0.0161 0.9034
vn -0.5171 0.3117 0.7971
vn -0.5171 0.3117 0.7972
vn -0.5527 0.2965 0.7789
vn -0.5873 0.2817 0.7588
vn -0.5873 0.2817 0.7587
vn -0.5877 0.2817 0.7585
vn -0.6211 0.2673 0.7367
vn -0.6211 0.2672 0.7368
vn -0.6212 0.2672 0.7367
vn -0.5465 -0.0664 0.8348
vn -0.5464 -0.0664 0.8349
vn -0.5464 -0.0668 0.8349
vn -0.4261 -0.3483 0.8349
vn -0.4262 -0.3483 0.8349
vn -0.4262 -0.3482 0.8349
vn -0.4994 -0.3793 -0.7789
vn -0.6539 -0.1122 -0.7483
vn -0.6194 -0.0976 -0.7790
vn -0.3612 -0.6861 -0.6315
vn -0.2702 -0.6472 -0.7129
vn -0.4637 -0.3640 -0.8078
vn -0.4633 -0.3642 -0.8079
vn -0.4633 -0.3641 -0.8079
vn -0.6853 0.2401 -0.6876
vn -0.6856 0.2403 -0.6872
vn -0.6855 0.2399 -0.6875
vn -0.7451 0.2145 -0.6316
vn -0.7451 0.2144 -0.6316
vn -0.7452 0.2145 -0.6314
vn -0.2250 -0.2623 0.9384
vn -0.2250 -0.2625 0.9383
vn -0.2252 -0.2628 0.9382
vn -0.2250 -0.2626 0.9383
vn -0.1823 -0.2442 0.9524
vn -0.1824 -0.2443 0.9524
vn -0.3451 0.0194 0.9384
vn -0.3452 0.0191 0.9383
vn -0.3451 0.0193 0.9384
vn -0.3449 0.0197 0.9384
vn -0.3026 0.0376 0.9524
vn -0.3026 0.0375 0.9524
vn -0.0966 -0.5734 0.8136
vn -0.0965 -0.5732 0.8137
vn -0.0967 -0.5734 0.8136
vn -0.0596 -0.5576 0.8280
vn -0.0220 -0.5415 0.8404
vn 0.0162 -0.5253 0.8508
vn 0.0162 -0.5252 0.8508
vn -0.1390 -0.2259 0.9642
vn -0.1391 -0.2259 0.9642
vn -0.2593 0.0560 0.9642
vn -0.3678 0.3753 0.8508
vn -0.3679 0.3753 0.8508
vn -0.3678 0.3754 0.8508
vn -0.4060 0.3591 0.8404
vn -0.4059 0.3591 0.8404
vn -0.4059 0.3590 0.8404
vn -0.4436 0.3429 0.8280
vn -0.4436 0.3430 0.8280
vn -0.4806 0.3272 0.8136
vn -0.4805 0.3271 0.8137
vn -0.3871 0.0015 0.9220
vn -0.3873 0.0015 0.9220
vn -0.2670 -0.2804 0.9220
vn -0.2669 -0.2804 0.9220
vn -0.6564 -0.4466 -0.6080
vn -0.6282 -0.4344 -0.6455
vn -0.6282 -0.4344 -0.6454
vn -0.7766 -0.1647 -0.6081
vn -0.4638 -0.7298 -0.5022
vn -0.4403 -0.7200 -0.5365
vn -0.4153 -0.7093 -0.5695
vn -0.3890 -0.6979 -0.6013
vn -0.5983 -0.4217 -0.6813
vn -0.7184 -0.1398 -0.6814
vn -0.7730 0.2024 -0.6013
vn -0.7729 0.2026 -0.6013
vn -0.7730 0.2024 -0.6012
vn -0.7733 0.2022 -0.6010
vn -0.7993 0.1913 -0.5697
vn -0.7994 0.1914 -0.5695
vn -0.8033 -0.1757 -0.5690
vn -0.8033 -0.1759 -0.5691
vn -0.8033 -0.1757 -0.5691
vn -0.6831 -0.4579 -0.5690
vn -0.6830 -0.4579 -0.5690
vn -0.0511 -0.1884 0.9808
vn -0.0512 -0.1884 0.9808
vn -0.1713 0.0933 0.9808
vn -0.1713 0.0932 0.9808
vn -0.1268 0.1124 0.9855
vn 0.0549 -0.5088 0.8591
vn 0.0937 -0.4922 0.8654
vn 0.1331 -0.4755 0.8696
vn 0.1722 -0.4587 0.8717
vn 0.0378 -0.1505 0.9879
vn 0.0377 -0.1506 0.9879
vn -0.2117 0.4419 0.8717
vn -0.2901 0.4082 0.8656
vn -0.2900 0.4082 0.8656
vn -0.3289 0.3916 0.8593
vn -0.3290 0.3916 0.8593
vn -0.7518 -0.4872 -0.4443
vn -0.7520 -0.4871 -0.4442
vn -0.7309 -0.4781 -0.4871
vn -0.8721 -0.2053 -0.4443
vn -0.8510 -0.1963 -0.4870
vn -0.5412 -0.7630 -0.3534
vn -0.5244 -0.7558 -0.3921
vn -0.5244 -0.7557 -0.3922
vn -0.4857 -0.7392 -0.4664
vn -0.4859 -0.7392 -0.4664
vn -0.4857 -0.7393 -0.4665
vn -0.7079 -0.4684 -0.5287
vn -0.7079 -0.4685 -0.5286
vn -0.9253 0.1376 -0.3533
vn -0.9253 0.1376 -0.3534
vn -0.9253 0.1375 -0.3534
vn 0.1270 -0.1124 0.9855
vn 0.1270 -0.1122 0.9855
vn 0.1270 -0.1123 0.9855
vn 0.1713 -0.0935 0.9808
vn 0.0067 0.1695 0.9855
vn 0.0068 0.1695 0.9855
vn 0.0510 0.1884 0.9808
vn 0.0511 0.1884 0.9808
vn 0.0509 0.1884 0.9808
vn 0.2116 -0.4421 0.8716
vn 0.2117 -0.4419 0.8717
vn 0.2510 -0.4251 0.8696
vn 0.2512 -0.4251 0.8696
vn 0.2510 -0.4252 0.8696
vn 0.2904 -0.4086 0.8653
vn 0.2902 -0.4084 0.8654
vn 0.2902 -0.4085 0.8654
vn 0.2901 -0.4082 0.8656
vn 0.3291 -0.3918 0.8592
vn 0.3289 -0.3918 0.8592
vn 0.2155 -0.0747 0.9736
vn 0.0953 0.2072 0.9736
vn 0.0954 0.2072 0.9736
vn -0.0549 0.5088 0.8591
vn -0.0549 0.5087 0.8592
vn -0.0549 0.5088 0.8592
vn -0.0940 0.4920 0.8655
vn -0.0938 0.4921 0.8655
vn -0.1330 0.4755 0.8696
vn -0.1723 0.4587 0.8717
vn -0.0377 0.1505 0.9879
vn 0.0823 -0.1314 0.9879
vn 0.0824 -0.1314 0.9879
vn -0.9361 -0.2326 -0.2637
vn -0.9232 -0.2271 -0.3100
vn -0.5906 -0.7840 -0.1910
vn -0.5906 -0.7840 -0.1909
vn -0.5907 -0.7840 -0.1910
vn -0.9403 0.1314 -0.3138
vn -0.9537 0.1255 -0.2735
vn -0.9536 0.1255 -0.2735
vn -0.9650 0.1207 -0.2326
vn -0.9470 -0.2373 -0.2167
vn -0.9469 -0.2374 -0.2168
vn -0.8268 -0.5191 -0.2167
vn -0.8268 -0.5191 -0.2168
vn 0.3026 -0.0376 0.9524
vn 0.3025 -0.0377 0.9524
vn 0.3452 -0.0194 0.9383
vn 0.1824 0.2443 0.9524
vn 0.1823 0.2442 0.9524
vn 0.2250 0.2625 0.9383
vn 0.2251 0.2625 0.9383
vn 0.3678 -0.3753 0.8508
vn 0.4059 -0.3591 0.8404
vn 0.4060 -0.3591 0.8404
vn 0.4436 -0.3429 0.8280
vn 0.4437 -0.3430 0.8280
vn 0.4441 -0.3429 0.8278
vn 0.4436 -0.3430 0.8280
vn 0.4806 -0.3272 0.8136
vn 0.4807 -0.3272 0.8136
vn 0.3872 -0.0015 0.9220
vn 0.3870 -0.0015 0.9221
vn 0.2670 0.2804 0.9220
vn 0.2671 0.2804 0.9220
vn 0.0967 0.5734 0.8135
vn 0.0967 0.5734 0.8136
vn 0.0967 0.5733 0.8136
vn 0.0598 0.5578 0.8278
vn 0.0600 0.5579 0.8277
vn 0.0597 0.5577 0.8279
vn 0.0596 0.5576 0.8279
vn 0.0219 0.5415 0.8404
vn 0.0220 0.5415 0.8404
vn 0.0220 0.5416 0.8404
vn -0.0162 0.5252 0.8508
vn 0.1391 0.2259 0.9642
vn 0.2593 -0.0560 0.9642
vn -0.8465 -0.5275 -0.0728
vn -0.8464 -0.5275 -0.0727
vn -0.9665 -0.2461 -0.0730
vn -0.9623 -0.2436 -0.1209
vn -0.6041 -0.7897 -0.1066
vn -0.6041 -0.7898 -0.1065
vn -0.5983 -0.7873 -0.1488
vn -0.5983 -0.7873 -0.1489
vn -0.5985 -0.7873 -0.1484
vn -0.9557 -0.2409 -0.1688
vn -0.9557 -0.2410 -0.1688
vn -0.9881 0.1108 -0.1067
vn -0.9919 0.1092 -0.0643
vn -0.9939 0.1084 -0.0214
vn -0.9688 -0.2466 -0.0243
vn 0.4689 0.0333 0.8826
vn 0.4690 0.0333 0.8826
vn 0.4688 0.0333 0.8827
vn 0.5082 0.0501 0.8598
vn 0.5081 0.0501 0.8598
vn 0.5082 0.0503 0.8598
vn 0.5085 0.0504 0.8596
vn 0.3486 0.3152 0.8827
vn 0.3879 0.3321 0.8598
vn 0.3879 0.3322 0.8598
vn 0.3879 0.3320 0.8598
vn 0.5171 -0.3117 0.7972
vn 0.5171 -0.3116 0.7972
vn 0.5527 -0.2965 0.7789
vn 0.5873 -0.2817 0.7587
vn 0.5873 -0.2817 0.7588
vn 0.6210 -0.2673 0.7368
vn 0.6211 -0.2673 0.7367
vn 0.6210 -0.2674 0.7368
vn 0.5464 0.0664 0.8349
vn 0.5464 0.0665 0.8349
vn 0.5464 0.0666 0.8349
vn 0.4262 0.3483 0.8349
vn 0.2371 0.6333 0.7367
vn 0.2371 0.6333 0.7366
vn 0.2033 0.6189 0.7587
vn 0.2035 0.6187 0.7588
vn 0.2033 0.6188 0.7588
vn 0.1687 0.6040 0.7789
vn 0.1687 0.6041 0.7789
vn 0.1331 0.5889 0.7972
vn 0.3083 0.2980 0.9034
vn 0.4285 0.0161 0.9034
vn -0.8465 -0.5274 0.0726
vn -0.5982 -0.7874 0.1489
vn -0.5982 -0.7874 0.1488
vn -0.6041 -0.7897 0.1066
vn -0.6042 -0.7897 0.1067
vn -0.6041 -0.7898 0.1065
vn -0.8486 -0.5285 0.0243
vn -0.8486 -0.5284 0.0242
vn -0.9688 -0.2466 0.0242
vn -0.9919 0.1093 0.0642
vn -0.9823 0.1132 0.1490
vn -0.9823 0.1133 0.1491
vn -0.9823 0.1129 0.1494
vn 0.6195 0.0975 0.7789
vn 0.6194 0.0975 0.7790
vn 0.6196 0.0976 0.7788
vn 0.6538 0.1122 0.7483
vn 0.4992 0.3794 0.7790
vn 0.5336 0.3941 0.7483
vn 0.6539 -0.2534 0.7129
vn 0.6541 -0.2536 0.7127
vn 0.6855 -0.2399 0.6874
vn 0.7159 -0.2269 0.6603
vn 0.7159 -0.2268 0.6604
vn 0.7161 -0.2273 0.6599
vn 0.7450 -0.2145 0.6316
vn 0.6869 0.1263 0.7157
vn 0.5667 0.4082 0.7157
vn 0.3611 0.6861 0.6316
vn 0.3319 0.6737 0.6603
vn 0.3319 0.6736 0.6604
vn 0.3016 0.6607 0.6874
vn 0.3015 0.6607 0.6874
vn 0.3015 0.6608 0.6873
vn 0.2699 0.6472 0.7129
vn 0.2700 0.6472 0.7129
vn 0.2700 0.6471 0.7130
vn 0.4634 0.3638 0.8080
vn 0.4634 0.3641 0.8079
vn 0.5835 0.0822 0.8079
vn -0.8030 -0.5090 0.3099
vn -0.8031 -0.5090 0.3099
vn -0.9232 -0.2271 0.3100
vn -0.9231 -0.2271 0.3102
vn -0.5697 -0.7750 0.2736
vn -0.5811 -0.7799 0.2325
vn -0.9746 0.1167 0.1911
vn -0.9536 0.1256 0.2735
vn -0.9538 0.1255 0.2730
vn 0.7484 0.1526 0.6455
vn 0.7484 0.1525 0.6454
vn 0.7767 0.1646 0.6080
vn 0.6283 0.4344 0.6454
vn 0.6283 0.4343 0.6454
vn 0.6282 0.4344 0.6454
vn 0.6565 0.4465 0.6080
vn 0.6566 0.4464 0.6080
vn 0.7730 -0.2026 0.6012
vn 0.7730 -0.2027 0.6012
vn 0.7995 -0.1910 0.5695
vn 0.7995 -0.1911 0.5695
vn 0.7994 -0.1913 0.5695
vn 0.8243 -0.1807 0.5365
vn 0.8478 -0.1707 0.5021
vn 0.8478 -0.1707 0.5022
vn 0.8478 -0.1706 0.5021
vn 0.8033 0.1760 0.5689
vn 0.8033 0.1759 0.5690
vn 0.8035 0.1757 0.5688
vn 0.8033 0.1758 0.5690
vn 0.6831 0.4578 0.5690
vn 0.6832 0.4577 0.5689
vn 0.4638 0.7299 0.5022
vn 0.4638 0.7299 0.5021
vn 0.4640 0.7298 0.5022
vn 0.4403 0.7199 0.5365
vn 0.4404 0.7199 0.5364
vn 0.4154 0.7093 0.5694
vn 0.4156 0.7097 0.5689
vn 0.4155 0.7093 0.5694
vn 0.4155 0.7093 0.5695
vn 0.3890 0.6980 0.6012
vn 0.5982 0.4217 0.6814
vn 0.5983 0.4217 0.6814
vn 0.7185 0.1398 0.6814
vn 0.7185 0.1398 0.6813
vn -0.7309 -0.4782 0.4870
vn -0.7518 -0.4872 0.4444
vn -0.7518 -0.4871 0.4443
vn -0.8510 -0.1963 0.4870
vn -0.8511 -0.1963 0.4870
vn -0.8721 -0.2052 0.4443
vn -0.5058 -0.7479 0.4298
vn -0.5412 -0.7630 0.3534
vn -0.5411 -0.7631 0.3534
vn -0.7709 -0.4954 0.4005
vn -0.8911 -0.2134 0.4006
vn -0.8911 -0.2133 0.4005
vn -0.9253 0.1376 0.3533
vn -0.8899 0.1528 0.4298
vn -0.8281 -0.1866 0.5286
vn -0.7079 -0.4683 0.5287
vn -0.7080 -0.4684 0.5286
vn -0.7079 -0.4682 0.5288
vn 0.1269 -0.1124 0.9855
vn 0.0511 0.1883 0.9808
vn 0.0510 0.1885 0.9808
vn 0.3290 -0.3922 0.8591
vn 0.3292 -0.3919 0.8591
vn 0.3288 -0.3918 0.8593
vn 0.2902 -0.4084 0.8655
vn 0.2901 -0.4084 0.8655
vn 0.2117 -0.4420 0.8717
vn -0.1720 0.4590 0.8716
vn -0.1722 0.4587 0.8717
vn -0.1324 0.4758 0.8696
vn -0.0938 0.4920 0.8655
vn 0.0952 0.2072 0.9737
vn 0.0953 0.2072 0.9737
vn 0.8511 0.1963 0.4870
vn 0.8720 0.2053 0.4443
vn 0.8721 0.2053 0.4443
vn 0.7308 0.4783 0.4870
vn 0.7519 0.4870 0.4443
vn 0.7518 0.4871 0.4443
vn 0.8900 -0.1527 0.4297
vn 0.9253 -0.1377 0.3534
vn 0.8911 0.2134 0.4006
vn 0.5412 0.7630 0.3534
vn 0.5412 0.7631 0.3534
vn 0.4855 0.7395 0.4663
vn 0.4858 0.7392 0.4665
vn 0.4858 0.7393 0.4663
vn 0.4856 0.7393 0.4665
vn 0.7079 0.4685 0.5286
vn -0.6282 -0.4345 0.6454
vn -0.6280 -0.4345 0.6456
vn -0.7484 -0.1525 0.6455
vn -0.7486 -0.1525 0.6453
vn -0.7486 -0.1526 0.6453
vn -0.3891 -0.6980 0.6012
vn -0.7995 0.1913 0.5694
vn -0.7731 0.2024 0.6011
vn -0.7729 0.2026 0.6013
vn -0.5982 -0.4217 0.6814
vn 0.3451 -0.0194 0.9384
vn 0.1824 0.2442 0.9524
vn 0.3677 -0.3754 0.8508
vn 0.2593 -0.0561 0.9642
vn 0.1391 0.2260 0.9642
vn 0.1390 0.2265 0.9640
vn -0.0162 0.5253 0.8508
vn 0.0596 0.5576 0.8280
vn 0.2671 0.2805 0.9220
vn 0.2671 0.2805 0.9219
vn 0.3874 -0.0015 0.9219
vn 0.9232 0.2271 0.3100
vn 0.8031 0.5090 0.3098
vn 0.8031 0.5090 0.3097
vn 0.8161 0.5144 0.2636
vn 0.9404 -0.1307 0.3141
vn 0.9470 0.2371 0.2166
vn 0.9470 0.2372 0.2165
vn 0.5811 0.7799 0.2326
vn 0.5812 0.7800 0.2322
vn 0.5697 0.7750 0.2736
vn 0.9082 0.2208 0.3556
vn -0.4992 -0.3795 0.7790
vn -0.4990 -0.3792 0.7793
vn -0.6194 -0.0976 0.7790
vn -0.3611 -0.6861 0.6315
vn -0.3611 -0.6862 0.6315
vn -0.3612 -0.6861 0.6315
vn -0.7450 0.2145 0.6316
vn -0.7451 0.2145 0.6316
vn -0.7159 0.2269 0.6604
vn -0.6852 0.2396 0.6878
vn -0.6855 0.2395 0.6876
vn -0.6854 0.2399 0.6875
vn -0.6854 0.2401 0.6875
vn -0.5835 -0.0822 0.8079
vn 0.5078 0.0502 0.8600
vn 0.5171 -0.3117 0.7971
vn 0.3083 0.2979 0.9034
vn 0.9623 0.2434 0.1212
vn 0.9666 0.2456 0.0728
vn 0.8421 0.5257 0.1209
vn 0.8421 0.5256 0.1210
vn 0.8465 0.5275 0.0727
vn 0.9823 -0.1135 0.1490
vn 0.9939 -0.1084 0.0213
vn 0.9688 0.2466 0.0243
vn 0.8486 0.5284 0.0244
vn 0.6042 0.7897 0.1067
vn 0.6041 0.7897 0.1068
vn 0.8355 0.5228 0.1689
vn 0.8356 0.5228 0.1689
vn -0.3486 -0.3153 0.8827
vn -0.3486 -0.3153 0.8826
vn -0.4689 -0.0331 0.8826
vn -0.4688 -0.0332 0.8827
vn -0.5081 -0.0502 0.8599
vn -0.1331 -0.5886 0.7974
vn -0.4263 -0.3483 0.8349
vn -0.5526 0.2966 0.7789
vn -0.5172 0.3117 0.7971
vn -0.4285 -0.0159 0.9034
vn -0.4285 -0.0160 0.9034
vn 0.6195 0.0975 0.7790
vn 0.7451 -0.2144 0.6316
vn 0.7451 -0.2145 0.6316
vn 0.5835 0.0823 0.8079
vn 0.9666 0.2457 -0.0727
vn 0.9623 0.2438 -0.1209
vn 0.8421 0.5256 -0.1210
vn 0.8420 0.5257 -0.1209
vn 0.9919 -0.1093 -0.0642
vn 0.9823 -0.1132 -0.1491
vn 0.9558 0.2409 -0.1688
vn 0.5982 0.7874 -0.1489
vn 0.5983 0.7873 -0.1491
vn 0.6042 0.7897 -0.1068
vn 0.6041 0.7897 -0.1070
vn 0.6042 0.7896 -0.1067
vn 0.8487 0.5283 -0.0243
vn 0.8487 0.5284 -0.0243
vn 0.9688 0.2466 -0.0243
vn -0.1824 -0.2441 0.9524
vn -0.3026 0.0377 0.9524
vn -0.3452 0.0194 0.9383
vn -0.3452 0.0193 0.9383
vn 0.0163 -0.5252 0.8508
vn 0.0162 -0.5254 0.8507
vn -0.0594 -0.5576 0.8280
vn -0.2670 -0.2803 0.9220
vn -0.3872 0.0015 0.9220
vn -0.4064 0.3595 0.8400
vn -0.4061 0.3593 0.8403
vn -0.4062 0.3593 0.8402
vn -0.4064 0.3594 0.8401
vn -0.3678 0.3751 0.8509
vn -0.3679 0.3752 0.8508
vn -0.2597 0.0564 0.9640
vn -0.2596 0.0563 0.9641
vn -0.1391 -0.2258 0.9642
vn -0.1392 -0.2258 0.9642
vn 0.6280 0.4344 0.6457
vn 0.6282 0.4345 0.6455
vn 0.8478 -0.1708 0.5021
vn 0.8477 -0.1709 0.5022
vn 0.7731 -0.2026 0.6011
vn 0.7731 -0.2024 0.6012
vn 0.7185 0.1400 0.6813
vn 0.5983 0.4216 0.6814
vn 0.5984 0.4216 0.6813
vn 0.4154 0.7093 0.5696
vn 0.4154 0.7093 0.5695
vn 0.4154 0.7092 0.5696
vn 0.4405 0.7199 0.5363
vn 0.8034 0.1762 0.5688
vn 0.3935 -0.9193 -0.0002
vn 0.3933 -0.9194 -0.0000
vn 0.3934 -0.9194 -0.0002
vn 0.3933 -0.9194 -0.0001
vn 0.3934 -0.9194 -0.0000
vn 0.3934 -0.9194 -0.0001
vn 0.3935 -0.9193 -0.0000
vn 0.3934 -0.9193 0.0001
vn 0.3935 -0.9193 0.0002
vn 0.3934 -0.9194 0.0001
vn 0.3935 -0.9193 0.0001
vn 0.3930 -0.9195 0.0001
vn 0.3932 -0.9195 -0.0000
vn 0.3933 -0.9194 0.0001
vn 0.1218 0.9915 -0.0459
vn 0.1218 0.9915 -0.0460
vn 0.1216 0.9915 -0.0458
vn 0.1215 0.9915 -0.0460
vn 0.4569 0.1954 -0.8678
vn 0.4569 0.1955 -0.8678
vn 0.4570 0.1954 -0.8678
vn 0.0965 0.0413 0.9945
vn 0.0964 0.0411 0.9945
vn 0.0965 0.0412 0.9945
vn -0.7300 -0.3124 0.6079
vn -0.7299 -0.3123 0.6080
vn -0.7301 -0.3121 0.6079
vn 0.2843 0.1217 -0.9510
vn 0.2842 0.1216 -0.9510
vn 0.2843 0.1216 -0.9510
vn 0.2843 0.1216 0.9510
vn 0.2842 0.1216 0.9510
vn -0.6071 -0.2599 0.7509
vn -0.6071 -0.2598 0.7509
vn -0.6069 -0.2598 0.7511
vn -0.6066 -0.2602 0.7512
vn 0.0965 0.0413 -0.9945
vn 0.0964 0.0414 -0.9945
vn 0.0966 0.0413 -0.9945
vn 0.4566 0.1956 0.8679
vn 0.4569 0.1957 0.8677
vn 0.4566 0.1955 0.8679
vn 0.4568 0.1954 0.8678
vn -0.4569 -0.1952 0.8678
vn -0.4570 -0.1955 0.8677
vn -0.4570 -0.1954 0.8678
vn -0.0964 -0.0413 -0.9945
vn 0.6070 0.2595 0.7512
vn -0.2844 -0.1216 0.9510
vn -0.2843 -0.1216 0.9510
vn -0.2842 -0.1216 0.9510
vn -0.2843 -0.1216 -0.9510
vn -0.2844 -0.1217 -0.9509
vn -0.2849 -0.1220 -0.9508
vn 0.7301 0.3121 0.6079
vn -0.0964 -0.0413 0.9945
vn -0.4569 -0.1952 -0.8678
vn -0.4568 -0.1953 -0.8679
vn -0.4571 -0.1951 -0.8678
vn 0.8227 0.3524 0.4461
vn 0.8232 0.3519 0.4456
vn 0.8228 0.3523 0.4461
vn 0.8228 0.3520 0.4463
vn -0.6072 -0.2598 -0.7509
vn -0.6071 -0.2598 -0.7509
vn 0.8846 0.3785 0.2724
vn -0.7299 -0.3123 -0.6080
vn -0.7299 -0.3122 -0.6081
vn -0.7299 -0.3124 -0.6080
vn 0.9156 0.3915 0.0915
vn 0.9155 0.3918 0.0915
vn 0.9156 0.3916 0.0915
vn -0.8227 -0.3517 -0.4466
vn -0.8227 -0.3522 -0.4462
vn -0.8227 -0.3520 -0.4464
vn 0.9156 0.3916 -0.0915
vn 0.9156 0.3915 -0.0915
vn 0.9155 0.3917 -0.0915
vn -0.8846 -0.3784 -0.2725
vn -0.8846 -0.3784 -0.2724
vn -0.8846 -0.3785 -0.2723
vn -0.8848 -0.3784 -0.2720
vn 0.8846 0.3785 -0.2724
vn -0.9155 -0.3917 -0.0916
vn -0.9155 -0.3917 -0.0915
vn -0.9156 -0.3915 -0.0919
vn -0.9155 -0.3917 -0.0917
vn 0.8228 0.3523 -0.4461
vn 0.8229 0.3520 -0.4460
vn 0.8228 0.3520 -0.4462
vn 0.8227 0.3520 -0.4463
vn -0.9156 -0.3915 0.0918
vn -0.9154 -0.3921 0.0913
vn -0.9156 -0.3916 0.0916
vn -0.9155 -0.3917 0.0915
vn 0.7301 0.3121 -0.6079
vn -0.8847 -0.3786 0.2721
vn -0.8848 -0.3782 0.2723
vn -0.8847 -0.3786 0.2720
vn -0.8846 -0.3785 0.2724
vn 0.6070 0.2595 -0.7512
vn 0.6071 0.2597 -0.7510
vn -0.8227 -0.3520 0.4464
vn -0.8227 -0.3517 0.4466
vn 0.6235 -0.7524 -0.2124
vn 0.6235 -0.7524 -0.2123
vn -0.7842 0.6053 -0.1365
vn -0.7844 0.6050 -0.1368
vn -0.7846 0.6047 -0.1370
vn -0.7845 0.6048 -0.1369
vn 0.1042 0.9851 -0.1368
vn -0.8011 0.5967 -0.0461
vn -0.8012 0.5966 -0.0461
vn -0.8012 0.5967 -0.0461
vn -0.8011 0.5968 -0.0461
vn 0.0695 0.9724 -0.2226
vn -0.8012 0.5966 0.0461
vn 0.0186 0.9535 -0.3007
vn 0.0185 0.9536 -0.3005
vn 0.0188 0.9536 -0.3005
vn 0.0191 0.9536 -0.3006
vn -0.7846 0.6047 0.1368
vn -0.7845 0.6049 0.1368
vn -0.7841 0.6053 0.1371
vn -0.0462 0.9289 -0.3673
vn -0.0459 0.9289 -0.3674
vn -0.0464 0.9290 -0.3673
vn -0.0462 0.9289 -0.3674
vn -0.7513 0.6213 0.2226
vn -0.1221 0.8991 -0.4205
vn -0.1227 0.8990 -0.4204
vn -0.1223 0.8991 -0.4204
vn -0.1224 0.8991 -0.4203
vn -0.2991 0.8270 0.4761
vn -0.2991 0.8269 0.4761
vn -0.2991 0.8270 0.4760
vn -0.7027 0.6450 0.3003
vn -0.7027 0.6449 0.3005
vn -0.7029 0.6447 0.3005
vn -0.2079 0.8647 -0.4573
vn -0.2082 0.8646 -0.4573
vn -0.2076 0.8647 -0.4573
vn -0.2085 0.8647 0.4571
vn -0.2083 0.8646 0.4573
vn -0.2082 0.8646 0.4573
vn -0.2082 0.8647 0.4572
vn -0.6403 0.6745 0.3676
vn -0.6401 0.6747 0.3674
vn -0.6397 0.6749 0.3677
vn -0.6401 0.6748 0.3674
vn -0.2991 0.8270 -0.4760
vn -0.2991 0.8271 -0.4759
vn -0.2991 0.8270 -0.4761
vn -0.2991 0.8269 -0.4762
vn -0.1227 0.8990 0.4204
vn -0.1222 0.8992 0.4201
vn -0.1222 0.8990 0.4205
vn -0.1226 0.8990 0.4205
vn -0.5655 0.7095 0.4204
vn -0.5655 0.7096 0.4204
vn -0.3915 0.7874 -0.4761
vn -0.3915 0.7875 -0.4760
vn -0.0463 0.9290 0.3672
vn -0.0464 0.9291 0.3670
vn -0.0463 0.9289 0.3674
vn -0.0462 0.9288 0.3676
vn -0.4817 0.7476 0.4572
vn -0.4815 0.7479 0.4570
vn -0.4816 0.7477 0.4571
vn -0.4816 0.7477 0.4572
vn -0.4816 0.7476 -0.4573
vn -0.4816 0.7477 -0.4572
vn -0.4818 0.7478 -0.4569
vn -0.4817 0.7477 -0.4570
vn 0.0189 0.9536 0.3006
vn 0.0188 0.9536 0.3005
vn 0.0188 0.9536 0.3004
vn -0.3915 0.7874 0.4761
vn -0.3915 0.7875 0.4760
vn -0.5655 0.7095 -0.4204
vn -0.5655 0.7096 -0.4204
vn -0.5656 0.7095 -0.4204
vn 0.0696 0.9724 0.2226
vn 0.0695 0.9724 0.2226
vn 0.0696 0.9724 0.2227
vn 0.0697 0.9724 0.2226
vn -0.6401 0.6748 -0.3673
vn -0.6401 0.6747 -0.3674
vn -0.6401 0.6748 -0.3674
vn 0.1043 0.9851 0.1368
vn 0.1040 0.9851 0.1368
vn 0.1042 0.9851 0.1368
vn -0.7029 0.6447 -0.3006
vn -0.7027 0.6448 -0.3006
vn -0.7028 0.6449 -0.3003
vn -0.7027 0.6449 -0.3004
vn 0.1218 0.9915 0.0460
vn 0.1220 0.9915 0.0456
vn 0.1218 0.9915 0.0461
vn -0.7513 0.6212 -0.2227
vn -0.7513 0.6213 -0.2226
vn 0.0526 -0.9939 0.0970
vn 0.0528 -0.9939 0.0969
vn 0.0529 -0.9939 0.0969
vn 0.5787 -0.7732 -0.2593
vn 0.5787 -0.7732 -0.2592
vn 0.5787 -0.7734 -0.2588
vn 0.5787 -0.7734 -0.2589
vn 0.0774 -0.9844 0.1577
vn 0.0776 -0.9844 0.1576
vn 0.0776 -0.9845 0.1575
vn 0.0776 -0.9845 0.1576
vn 0.5257 -0.7974 -0.2964
vn 0.5257 -0.7975 -0.2962
vn 0.5257 -0.7973 -0.2966
vn 0.4027 -0.8518 0.3351
vn 0.4028 -0.8518 0.3349
vn 0.4024 -0.8519 0.3351
vn 0.4028 -0.8519 0.3348
vn 0.1133 -0.9706 0.2126
vn 0.1131 -0.9706 0.2125
vn 0.1135 -0.9706 0.2124
vn 0.1136 -0.9706 0.2124
vn 0.4664 -0.8239 -0.3218
vn 0.4666 -0.8238 -0.3220
vn 0.4664 -0.8240 -0.3218
vn 0.4663 -0.8241 0.3217
vn 0.4664 -0.8240 0.3218
vn 0.4664 -0.8239 0.3218
vn 0.4662 -0.8241 0.3216
vn 0.1596 -0.9526 0.2592
vn 0.1596 -0.9525 0.2594
vn 0.1598 -0.9524 0.2595
vn 0.1597 -0.9525 0.2591
vn 0.4025 -0.8519 -0.3351
vn 0.4032 -0.8517 -0.3347
vn 0.4027 -0.8518 -0.3350
vn 0.5257 -0.7973 0.2966
vn 0.5257 -0.7974 0.2964
vn 0.5257 -0.7974 0.2965
vn 0.2139 -0.9309 0.2961
vn 0.2138 -0.9309 0.2962
vn 0.2140 -0.9309 0.2961
vn 0.3379 -0.8796 -0.3350
vn 0.3379 -0.8796 -0.3349
vn 0.3381 -0.8796 -0.3347
vn 0.3379 -0.8795 -0.3350
vn 0.5785 -0.7735 0.2591
vn 0.5787 -0.7733 0.2592
vn 0.5788 -0.7731 0.2593
vn 0.5787 -0.7732 0.2592
vn 0.2740 -0.9063 0.3217
vn 0.2740 -0.9063 0.3218
vn 0.2741 -0.9063 -0.3217
vn 0.2741 -0.9063 -0.3218
vn 0.2740 -0.9063 -0.3217
vn 0.2740 -0.9063 -0.3218
vn 0.6235 -0.7524 0.2123
vn 0.6235 -0.7524 0.2125
vn 0.6235 -0.7524 0.2122
vn 0.3380 -0.8796 0.3347
vn 0.3379 -0.8797 0.3347
vn 0.3381 -0.8796 0.3347
vn 0.2138 -0.9309 -0.2962
vn 0.2139 -0.9309 -0.2962
vn 0.6585 -0.7359 0.1576
vn 0.1597 -0.9525 -0.2593
vn 0.1596 -0.9525 -0.2592
vn 0.1595 -0.9525 -0.2594
vn 0.6825 -0.7245 0.0966
vn 0.6826 -0.7244 0.0967
vn 0.6824 -0.7245 0.0969
vn 0.1135 -0.9706 -0.2124
vn 0.1136 -0.9706 -0.2124
vn 0.1135 -0.9705 -0.2125
vn 0.1136 -0.9705 -0.2125
vn 0.6946 -0.7187 0.0327
vn 0.6946 -0.7186 0.0327
vn 0.6946 -0.7187 0.0328
vn 0.0776 -0.9844 -0.1576
vn 0.0777 -0.9844 -0.1576
vn 0.0775 -0.9845 -0.1576
vn 0.0774 -0.9845 -0.1576
vn 0.6947 -0.7186 -0.0327
vn 0.6946 -0.7187 -0.0327
vn 0.0528 -0.9939 -0.0969
vn 0.0527 -0.9939 -0.0969
vn 0.0529 -0.9939 -0.0969
vn 0.6824 -0.7245 -0.0969
vn 0.6824 -0.7246 -0.0969
vn 0.6824 -0.7246 -0.0967
vn 0.6828 -0.7241 -0.0972
vn 0.0402 -0.9987 -0.0327
vn 0.0406 -0.9986 -0.0329
vn 0.6585 -0.7359 -0.1576
vn 0.0402 -0.9987 0.0327
vn 0.0401 -0.9987 0.0326
vn -0.4814 0.7504 -0.4530
vn -0.4812 0.7505 -0.4530
vn -0.4814 0.7503 -0.4530
vn -0.4815 0.7502 -0.4531
vn -0.6072 -0.2597 0.7509
vn -0.6071 -0.2598 0.7510
vn -0.6076 -0.2596 0.7506
vn 0.0963 0.0412 -0.9945
vn 0.0968 0.0414 -0.9944
vn 0.4565 0.1952 0.8680
vn 0.4569 0.1954 0.8678
vn 0.4568 0.1953 0.8679
vn 0.4566 0.1953 0.8680
vn -0.4565 -0.1952 0.8680
vn -0.4567 -0.1953 0.8679
vn -0.4567 -0.1951 0.8680
vn -0.0968 -0.0414 -0.9944
vn -0.0962 -0.0413 -0.9945
vn -0.0965 -0.0413 -0.9945
vn -0.0962 -0.0412 -0.9945
vn 0.6076 0.2596 0.7506
vn 0.6072 0.2598 0.7509
vn -0.2844 -0.1217 0.9510
vn -0.2841 -0.1216 0.9510
vn -0.2842 -0.1216 -0.9510
vn -0.2845 -0.1216 -0.9509
vn 0.7299 0.3121 0.6081
vn 0.7300 0.3123 0.6079
vn 0.7300 0.3121 0.6081
vn 0.7299 0.3119 0.6083
vn -0.0968 -0.0414 0.9944
vn -0.0962 -0.0413 0.9945
vn -0.0962 -0.0412 0.9945
vn -0.4565 -0.1952 -0.8680
vn -0.4565 -0.1950 -0.8681
vn -0.4569 -0.1954 -0.8678
vn 0.8225 0.3522 0.4465
vn 0.8227 0.3521 0.4463
vn 0.8227 0.3520 0.4465
vn -0.6076 -0.2596 -0.7506
vn 0.8845 0.3788 0.2723
vn 0.8846 0.3784 0.2726
vn 0.8845 0.3787 0.2723
vn 0.8845 0.3791 0.2720
vn -0.7300 -0.3121 -0.6081
vn -0.7300 -0.3123 -0.6079
vn -0.7299 -0.3121 -0.6081
vn -0.7299 -0.3126 -0.6079
vn 0.9155 0.3917 0.0915
vn -0.8225 -0.3522 -0.4465
vn -0.8227 -0.3522 -0.4463
vn -0.8228 -0.3521 -0.4462
vn -0.8845 -0.3788 -0.2723
vn -0.8845 -0.3787 -0.2723
vn -0.8846 -0.3784 -0.2726
vn 0.8845 0.3788 -0.2723
vn 0.8847 0.3785 -0.2720
vn 0.8845 0.3787 -0.2723
vn 0.8843 0.3790 -0.2726
vn 0.8225 0.3522 -0.4465
vn 0.8227 0.3520 -0.4465
vn 0.8227 0.3522 -0.4463
vn 0.7300 0.3121 -0.6081
vn 0.7298 0.3122 -0.6083
vn 0.7299 0.3121 -0.6081
vn 0.7301 0.3120 -0.6079
vn -0.8847 -0.3783 0.2725
vn -0.8847 -0.3785 0.2720
vn -0.8845 -0.3788 0.2723
vn 0.6076 0.2596 -0.7506
vn 0.6072 0.2598 -0.7509
vn 0.6073 0.2597 -0.7508
vn -0.8228 -0.3519 0.4462
vn -0.8228 -0.3520 0.4462
vn -0.8225 -0.3522 0.4465
vn 0.4565 0.1952 -0.8680
vn 0.4567 0.1952 -0.8679
vn 0.4570 0.1954 -0.8677
vn 0.4566 0.1953 -0.8680
vn 0.0968 0.0414 0.9944
vn 0.0968 0.0413 0.9944
vn -0.7302 -0.3123 0.6077
vn -0.7301 -0.3120 0.6079
vn -0.7301 -0.3122 0.6078
vn -0.0841 -0.9362 -0.3413
vn -0.0844 -0.9362 -0.3413
vn -0.0843 -0.9362 -0.3413
vn 0.0144 0.9545 0.2978
vn 0.0145 0.9545 0.2980
vn 0.0144 0.9546 0.2976
vn 0.0146 0.9545 0.2978
vn -0.3918 0.7898 0.4720
vn -0.3923 0.7898 0.4716
vn -0.5644 0.7127 -0.4165
vn -0.5644 0.7127 -0.4166
vn -0.5643 0.7127 -0.4166
vn -0.5645 0.7127 -0.4164
vn 0.0648 0.9732 0.2206
vn 0.0646 0.9732 0.2207
vn 0.0647 0.9732 0.2209
vn 0.0648 0.9733 0.2203
vn -0.6383 0.6783 -0.3641
vn -0.6383 0.6783 -0.3639
vn -0.6384 0.6783 -0.3638
vn -0.6382 0.6781 -0.3644
vn 0.0990 0.9858 0.1358
vn 0.0991 0.9858 0.1354
vn 0.0992 0.9858 0.1354
vn 0.0991 0.9858 0.1356
vn -0.7005 0.6485 -0.2978
vn -0.7004 0.6486 -0.2978
vn -0.7005 0.6486 -0.2977
vn 0.1166 0.9921 0.0459
vn 0.1165 0.9921 0.0459
vn -0.7486 0.6252 -0.2206
vn -0.7486 0.6253 -0.2206
vn -0.7486 0.6252 -0.2207
vn -0.7487 0.6252 -0.2206
vn 0.1166 0.9921 -0.0459
vn 0.1165 0.9921 -0.0459
vn 0.1165 0.9921 -0.0456
vn -0.7815 0.6091 -0.1354
vn -0.7816 0.6089 -0.1355
vn -0.7815 0.6091 -0.1353
vn -0.7814 0.6091 -0.1355
vn 0.0991 0.9858 -0.1354
vn 0.0991 0.9859 -0.1352
vn 0.0991 0.9858 -0.1353
vn 0.0991 0.9858 -0.1356
vn -0.7982 0.6007 -0.0457
vn -0.7981 0.6008 -0.0457
vn -0.7984 0.6004 -0.0456
vn 0.0647 0.9732 -0.2209
vn 0.0649 0.9732 -0.2205
vn 0.0648 0.9732 -0.2207
vn -0.7981 0.6008 0.0456
vn -0.7982 0.6007 0.0457
vn -0.7984 0.6004 0.0456
vn 0.0146 0.9545 -0.2979
vn 0.0145 0.9545 -0.2978
vn 0.0145 0.9546 -0.2977
vn 0.0145 0.9545 -0.2979
vn -0.7814 0.6092 0.1353
vn -0.7814 0.6092 0.1356
vn -0.7814 0.6091 0.1356
vn -0.7815 0.6091 0.1356
vn -0.0497 0.9301 -0.3639
vn -0.0501 0.9301 -0.3639
vn -0.0497 0.9301 -0.3640
vn -0.7486 0.6253 0.2206
vn -0.7486 0.6252 0.2205
vn -0.7486 0.6252 0.2206
vn -0.1259 0.9004 -0.4165
vn -0.1257 0.9004 -0.4165
vn -0.3006 0.8290 0.4716
vn -0.3005 0.8290 0.4717
vn -0.3006 0.8290 0.4717
vn -0.3010 0.8287 0.4719
vn -0.7004 0.6487 0.2977
vn -0.7004 0.6486 0.2978
vn -0.7007 0.6484 0.2976
vn -0.7004 0.6487 0.2976
vn -0.2105 0.8662 -0.4532
vn -0.2105 0.8663 -0.4530
vn -0.2104 0.8663 -0.4530
vn -0.2106 0.8663 -0.4530
vn -0.2106 0.8662 0.4531
vn -0.2105 0.8663 0.4530
vn -0.2105 0.8662 0.4531
vn -0.6383 0.6782 0.3642
vn -0.6385 0.6780 0.3642
vn -0.6382 0.6783 0.3641
vn -0.6384 0.6782 0.3640
vn -0.3005 0.8290 -0.4717
vn -0.1258 0.9004 0.4165
vn -0.1259 0.9004 0.4165
vn -0.1257 0.9004 0.4165
vn -0.5643 0.7127 0.4166
vn -0.5641 0.7127 0.4170
vn -0.5644 0.7127 0.4165
vn -0.3918 0.7898 -0.4720
vn -0.3917 0.7898 -0.4720
vn -0.3918 0.7898 -0.4719
vn -0.0497 0.9301 0.3640
vn -0.0501 0.9301 0.3639
vn -0.4812 0.7505 0.4530
vn -0.4814 0.7504 0.4530
vn -0.4810 0.7506 0.4530
vn -0.9156 -0.3916 -0.0915
vn -0.9156 -0.3915 -0.0915
vn -0.9156 -0.3916 -0.0914
vn 0.8459 -0.5307 0.0523
vn 0.8458 -0.5310 0.0522
vn 0.8458 -0.5309 0.0523
vn 0.8459 -0.5308 0.0523
vn -0.1414 -0.9572 -0.2525
vn -0.1415 -0.9572 -0.2526
vn -0.1415 -0.9571 -0.2527
vn 0.8459 -0.5308 -0.0523
vn 0.8458 -0.5310 -0.0523
vn 0.8460 -0.5307 -0.0523
vn -0.1806 -0.9713 -0.1551
vn -0.1801 -0.9713 -0.1552
vn -0.1806 -0.9712 -0.1552
vn -0.1807 -0.9712 -0.1551
vn 0.8272 -0.5401 -0.1551
vn 0.8271 -0.5402 -0.1551
vn -0.2008 -0.9782 -0.0526
vn -0.2008 -0.9782 -0.0527
vn -0.2009 -0.9782 -0.0526
vn 0.7900 -0.5587 -0.2526
vn 0.7900 -0.5587 -0.2527
vn 0.7901 -0.5585 -0.2527
vn 0.7902 -0.5585 -0.2525
vn -0.2009 -0.9782 0.0526
vn -0.2005 -0.9783 0.0525
vn -0.2008 -0.9782 0.0526
vn -0.2008 -0.9782 0.0525
vn 0.7354 -0.5853 -0.3414
vn 0.7353 -0.5855 -0.3413
vn 0.7354 -0.5853 -0.3413
vn -0.1805 -0.9712 0.1554
vn -0.1805 -0.9713 0.1550
vn -0.1803 -0.9713 0.1551
vn -0.1803 -0.9713 0.1550
vn 0.6646 -0.6194 -0.4180
vn 0.6646 -0.6194 -0.4178
vn 0.6647 -0.6193 -0.4179
vn -0.1415 -0.9571 0.2527
vn -0.1415 -0.9572 0.2524
vn -0.1415 -0.9572 0.2526
vn -0.1415 -0.9571 0.2528
vn 0.5800 -0.6594 -0.4784
vn 0.5801 -0.6593 -0.4783
vn 0.5798 -0.6593 -0.4788
vn 0.5801 -0.6593 -0.4784
vn 0.3823 -0.7481 0.5424
vn 0.3822 -0.7481 0.5425
vn -0.0841 -0.9362 0.3413
vn -0.0838 -0.9361 0.3416
vn -0.0844 -0.9362 0.3413
vn -0.0842 -0.9362 0.3413
vn 0.4849 -0.7027 -0.5207
vn 0.4848 -0.7027 -0.5208
vn 0.4848 -0.7028 -0.5207
vn 0.4848 -0.7028 -0.5206
vn 0.4847 -0.7028 0.5207
vn 0.4848 -0.7029 0.5205
vn 0.4849 -0.7028 0.5206
vn 0.4848 -0.7027 0.5207
vn -0.0108 -0.9084 0.4179
vn -0.0106 -0.9084 0.4179
vn -0.0107 -0.9084 0.4179
vn -0.0110 -0.9084 0.4180
vn 0.3823 -0.7481 -0.5424
vn 0.3823 -0.7482 -0.5423
vn 0.3822 -0.7480 -0.5425
vn 0.5798 -0.6593 0.4788
vn 0.5801 -0.6592 0.4784
vn 0.0763 -0.8748 0.4784
vn 0.0762 -0.8748 0.4784
vn 0.2770 -0.7931 -0.5424
vn 0.2771 -0.7932 -0.5423
vn 0.2775 -0.7932 -0.5421
vn 0.6646 -0.6196 0.4176
vn 0.6644 -0.6194 0.4182
vn 0.6646 -0.6195 0.4178
vn 0.6646 -0.6196 0.4177
vn 0.1735 -0.8359 0.5207
vn 0.1737 -0.8360 -0.5205
vn 0.1737 -0.8360 -0.5206
vn 0.1738 -0.8360 -0.5205
vn 0.7354 -0.5853 0.3414
vn 0.7353 -0.5855 0.3413
vn 0.7354 -0.5854 0.3414
vn 0.2770 -0.7931 0.5424
vn 0.2771 -0.7932 0.5423
vn 0.2775 -0.7932 0.5421
vn 0.2768 -0.7932 0.5424
vn 0.0762 -0.8747 -0.4785
vn 0.0762 -0.8748 -0.4784
vn 0.0762 -0.8748 -0.4785
vn 0.7899 -0.5587 0.2526
vn 0.7900 -0.5587 0.2527
vn 0.7899 -0.5590 0.2523
vn 0.7900 -0.5586 0.2526
vn -0.0108 -0.9084 -0.4179
vn -0.0110 -0.9084 -0.4180
vn -0.0107 -0.9084 -0.4179
vn -0.0106 -0.9084 -0.4179
vn 0.8272 -0.5401 0.1551
vn -0.7937 0.5491 0.2618
vn -0.7937 0.5493 0.2614
vn 0.8226 0.3521 -0.4464
vn 0.8226 0.3522 -0.4465
vn 0.8227 0.3521 -0.4464
vn 0.8228 0.3519 -0.4463
vn -0.9154 -0.3919 0.0915
vn -0.9155 -0.3918 0.0915
vn -0.9156 -0.3916 0.0915
vn -0.9153 -0.3921 0.0918
vn 0.7300 0.3125 -0.6079
vn 0.7299 0.3122 -0.6081
vn 0.7300 0.3124 -0.6079
vn 0.7299 0.3123 -0.6080
vn -0.8846 -0.3784 0.2724
vn -0.8846 -0.3786 0.2724
vn -0.8226 -0.3522 0.4464
vn -0.8227 -0.3521 0.4464
vn -0.8227 -0.3521 0.4463
vn 0.4571 0.1956 -0.8677
vn 0.4569 0.1960 -0.8677
vn 0.4574 0.1958 -0.8675
vn 0.4571 0.1955 -0.8677
vn -0.7299 -0.3121 0.6081
vn -0.7299 -0.3125 0.6079
vn 0.2843 0.1220 -0.9509
vn 0.2843 0.1220 0.9509
vn -0.6070 -0.2597 0.7510
vn -0.6072 -0.2598 0.7509
vn -0.6071 -0.2597 0.7510
vn -0.6067 -0.2594 0.7514
vn 0.0962 0.0411 -0.9945
vn 0.4569 0.1956 0.8677
vn 0.4570 0.1955 0.8677
vn 0.4571 0.1956 0.8677
vn -0.4571 -0.1955 0.8677
vn -0.4574 -0.1958 0.8674
vn -0.0966 -0.0414 -0.9945
vn -0.0964 -0.0412 -0.9945
vn -0.0963 -0.0412 -0.9945
vn -0.2844 -0.1218 0.9509
vn -0.2842 -0.1215 0.9510
vn -0.2844 -0.1218 -0.9509
vn 0.7300 0.3124 0.6079
vn 0.7299 0.3125 0.6079
vn 0.7298 0.3122 0.6082
vn -0.0966 -0.0413 0.9945
vn -0.0962 -0.0411 0.9945
vn -0.4572 -0.1956 -0.8676
vn -0.4574 -0.1956 -0.8675
vn -0.4571 -0.1955 -0.8677
vn -0.4571 -0.1956 -0.8677
vn 0.8227 0.3522 0.4463
vn 0.8226 0.3522 0.4464
vn 0.8229 0.3519 0.4462
vn -0.6072 -0.2599 -0.7508
vn -0.6067 -0.2594 -0.7514
vn -0.6070 -0.2596 -0.7511
vn -0.6074 -0.2599 -0.7507
vn 0.8845 0.3789 0.2722
vn -0.7300 -0.3124 -0.6079
vn 0.9156 0.3915 0.0914
vn 0.9156 0.3916 0.0914
vn 0.9157 0.3914 0.0914
vn -0.8227 -0.3521 -0.4463
vn -0.8228 -0.3519 -0.4463
vn -0.8226 -0.3522 -0.4464
vn -0.8226 -0.3524 -0.4463
vn 0.9156 0.3916 -0.0914
vn -0.8846 -0.3785 -0.2724
vn -0.8846 -0.3786 -0.2724
vn 0.8845 0.3789 -0.2722
vn 0.8846 0.3786 -0.2724
vn -0.0600 -0.9912 -0.1180
vn -0.0606 -0.9911 -0.1184
vn -0.0604 -0.9911 -0.1185
vn -0.0605 -0.9912 -0.1182
vn -0.1661 0.9238 -0.3449
vn -0.1660 0.9238 -0.3449
vn -0.2969 0.8453 0.4442
vn -0.2969 0.8454 0.4440
vn -0.2968 0.8454 0.4440
vn -0.7311 0.5876 0.3467
vn -0.7313 0.5873 0.3468
vn -0.7313 0.5873 0.3469
vn -0.2244 0.8884 -0.4004
vn -0.2246 0.8884 -0.4004
vn -0.2244 0.8885 0.4004
vn -0.2244 0.8884 0.4004
vn -0.6535 0.6344 0.4128
vn -0.6536 0.6344 0.4128
vn -0.2972 0.8451 -0.4444
vn -0.2969 0.8454 -0.4440
vn -0.1661 0.9238 0.3449
vn -0.5653 0.6872 0.4563
vn -0.5654 0.6872 0.4563
vn -0.3810 0.7960 -0.4704
vn -0.1223 0.9514 0.2825
vn -0.4725 0.7423 0.4752
vn -0.4723 0.7422 0.4754
vn -0.4723 0.7423 0.4754
vn -0.4723 0.7422 -0.4755
vn -0.4723 0.7422 -0.4754
vn -0.0919 0.9717 0.2176
vn -0.0919 0.9717 0.2177
vn -0.0919 0.9716 0.2179
vn -0.3810 0.7961 0.4701
vn -0.3810 0.7960 0.4704
vn -0.5653 0.6872 -0.4563
vn -0.5653 0.6871 -0.4564
vn -0.0725 0.9855 0.1533
vn -0.0725 0.9855 0.1534
vn -0.6536 0.6344 -0.4127
vn -0.6536 0.6344 -0.4128
vn -0.0615 0.9940 0.0908
vn -0.7313 0.5873 -0.3468
vn -0.7311 0.5876 -0.3467
vn -0.0567 0.9979 0.0300
vn -0.0566 0.9979 0.0300
vn -0.7937 0.5493 -0.2614
vn -0.7937 0.5491 -0.2618
vn -0.7936 0.5492 -0.2618
vn -0.0566 0.9979 -0.0300
vn -0.0565 0.9979 -0.0300
vn -0.8371 0.5223 -0.1628
vn -0.0615 0.9940 -0.0908
vn -0.0614 0.9940 -0.0907
vn -0.8590 0.5089 -0.0556
vn -0.8593 0.5085 -0.0554
vn -0.8590 0.5090 -0.0555
vn -0.8593 0.5085 -0.0552
vn -0.0726 0.9855 -0.1534
vn -0.0725 0.9855 -0.1534
vn -0.8594 0.5083 0.0551
vn -0.8595 0.5082 0.0549
vn -0.8594 0.5083 0.0550
vn -0.8593 0.5085 0.0552
vn -0.0918 0.9717 -0.2177
vn -0.0919 0.9717 -0.2177
vn -0.8371 0.5222 0.1628
vn -0.8371 0.5223 0.1628
vn -0.8370 0.5225 0.1628
vn -0.1223 0.9514 -0.2826
vn -0.1223 0.9514 -0.2825
vn -0.9154 -0.2967 0.2721
vn -0.9155 -0.2969 0.2716
vn -0.9155 -0.2968 0.2717
vn -0.9155 -0.2967 0.2717
vn 0.7042 -0.7008 -0.1134
vn 0.7042 -0.7010 -0.1131
vn 0.7043 -0.7008 -0.1135
vn -0.0766 -0.9963 -0.0401
vn -0.0763 -0.9963 -0.0399
vn -0.0763 -0.9963 -0.0400
vn -0.0764 -0.9963 -0.0399
vn 0.6763 -0.7132 -0.1842
vn 0.6765 -0.7130 -0.1842
vn 0.6767 -0.7128 -0.1841
vn 0.6764 -0.7131 -0.1842
vn -0.0761 -0.9963 0.0400
vn -0.0764 -0.9963 0.0399
vn 0.6360 -0.7305 -0.2488
vn 0.6359 -0.7305 -0.2491
vn 0.6359 -0.7305 -0.2489
vn -0.0600 -0.9912 0.1180
vn -0.0605 -0.9911 0.1182
vn -0.0604 -0.9911 0.1185
vn 0.5835 -0.7526 -0.3052
vn 0.5835 -0.7525 -0.3055
vn 0.5835 -0.7526 -0.3051
vn -0.0292 -0.9810 0.1920
vn -0.0293 -0.9810 0.1920
vn 0.5210 -0.7783 -0.3505
vn 0.5208 -0.7787 -0.3500
vn 0.5210 -0.7783 -0.3504
vn 0.5211 -0.7783 -0.3502
vn 0.3735 -0.8370 0.3998
vn 0.3735 -0.8371 0.3997
vn 0.3737 -0.8371 0.3996
vn 0.3734 -0.8371 0.3997
vn 0.0161 -0.9659 0.2584
vn 0.0162 -0.9659 0.2583
vn 0.0160 -0.9659 0.2583
vn 0.4505 -0.8070 -0.3820
vn 0.4503 -0.8071 -0.3819
vn 0.4504 -0.8070 -0.3820
vn 0.4502 -0.8069 -0.3823
vn 0.4500 -0.8072 0.3821
vn 0.4502 -0.8069 0.3823
vn 0.4500 -0.8072 0.3820
vn 0.4499 -0.8072 0.3822
vn 0.0738 -0.9464 0.3145
vn 0.0741 -0.9463 0.3146
vn 0.0737 -0.9463 0.3147
vn 0.0734 -0.9464 0.3146
vn 0.3734 -0.8371 -0.3997
vn 0.3732 -0.8371 -0.3999
vn 0.3734 -0.8370 -0.4000
vn 0.3740 -0.8371 -0.3993
vn 0.5207 -0.7786 0.3503
vn 0.5212 -0.7781 0.3505
vn 0.5210 -0.7783 0.3504
vn 0.5208 -0.7785 0.3504
vn 0.1413 -0.9230 0.3580
vn 0.1413 -0.9230 0.3579
vn 0.1412 -0.9229 0.3581
vn 0.2942 -0.8672 -0.4017
vn 0.2943 -0.8672 -0.4016
vn 0.2943 -0.8672 -0.4017
vn 0.2942 -0.8673 -0.4015
vn 0.5834 -0.7526 0.3054
vn 0.5835 -0.7525 0.3053
vn 0.5834 -0.7525 0.3055
vn 0.5833 -0.7526 0.3056
vn 0.2158 -0.8962 0.3876
vn 0.2156 -0.8964 0.3874
vn 0.2158 -0.8963 0.3875
vn 0.2157 -0.8962 -0.3876
vn 0.2158 -0.8962 -0.3877
vn 0.6362 -0.7304 0.2486
vn 0.6359 -0.7305 0.2491
vn 0.6359 -0.7307 0.2486
vn 0.2939 -0.8673 0.4017
vn 0.2943 -0.8672 0.4016
vn 0.2942 -0.8674 0.4014
vn 0.1408 -0.9228 -0.3587
vn 0.1407 -0.9228 -0.3587
vn 0.1411 -0.9229 -0.3582
vn 0.1411 -0.9229 -0.3584
vn 0.6767 -0.7128 0.1841
vn 0.6765 -0.7130 0.1842
vn 0.6763 -0.7132 0.1842
vn 0.0735 -0.9463 -0.3147
vn 0.0733 -0.9464 -0.3146
vn 0.0737 -0.9463 -0.3147
vn 0.0741 -0.9463 -0.3146
vn 0.7041 -0.7010 0.1130
vn 0.7042 -0.7010 0.1131
vn 0.7042 -0.7009 0.1132
vn 0.7043 -0.7009 0.1132
vn 0.0163 -0.9658 -0.2589
vn 0.0160 -0.9659 -0.2585
vn 0.0163 -0.9658 -0.2587
vn 0.0160 -0.9659 -0.2583
vn 0.7181 -0.6949 0.0381
vn 0.7182 -0.6948 0.0380
vn 0.7180 -0.6950 0.0382
vn -0.0293 -0.9810 -0.1920
vn 0.7181 -0.6949 -0.0381
vn 0.7182 -0.6948 -0.0380
vn -0.6440 0.6295 0.4347
vn -0.6444 0.6291 0.4347
vn -0.6441 0.6295 0.4347
vn 0.6292 0.2038 -0.7500
vn 0.6292 0.2037 -0.7501
vn 0.6292 0.2039 -0.7500
vn -0.8518 -0.2761 0.4451
vn -0.8518 -0.2760 0.4454
vn -0.8515 -0.2764 0.4456
vn 0.4738 0.1537 -0.8671
vn 0.4737 0.1537 -0.8672
vn 0.4742 0.1535 -0.8669
vn 0.1003 0.0325 0.9944
vn 0.1003 0.0326 0.9944
vn 0.1004 0.0325 0.9944
vn -0.7559 -0.2451 0.6071
vn -0.7560 -0.2451 0.6069
vn -0.7559 -0.2450 0.6071
vn -0.7560 -0.2450 0.6070
vn 0.2950 0.0957 -0.9507
vn 0.2949 0.0957 -0.9507
vn 0.2953 0.0959 0.9506
vn 0.2946 0.0956 0.9508
vn 0.2953 0.0960 0.9506
vn -0.6292 -0.2039 0.7500
vn -0.6291 -0.2040 0.7500
vn -0.6291 -0.2042 0.7500
vn 0.1003 0.0325 -0.9944
vn 0.1003 0.0326 -0.9944
vn 0.1004 0.0325 -0.9944
vn 0.4738 0.1537 0.8671
vn 0.4740 0.1541 0.8669
vn 0.4739 0.1537 0.8671
vn -0.4738 -0.1537 0.8671
vn -0.4739 -0.1536 0.8671
vn -0.4737 -0.1537 0.8672
vn -0.1003 -0.0325 -0.9944
vn -0.1003 -0.0326 -0.9944
vn -0.1004 -0.0325 -0.9944
vn 0.6293 0.2039 0.7499
vn 0.6292 0.2039 0.7500
vn 0.6293 0.2039 0.7500
vn -0.2951 -0.0957 0.9506
vn -0.2948 -0.0956 0.9508
vn -0.2951 -0.0957 0.9507
vn -0.2952 -0.0958 0.9506
vn -0.2951 -0.0957 -0.9507
vn -0.2951 -0.0955 -0.9507
vn -0.2948 -0.0956 -0.9508
vn -0.2952 -0.0958 -0.9506
vn 0.7561 0.2456 0.6067
vn 0.7560 0.2454 0.6068
vn 0.7561 0.2455 0.6067
vn -0.1003 -0.0325 0.9944
vn -0.1004 -0.0325 0.9944
vn -0.1003 -0.0326 0.9944
vn -0.4738 -0.1532 -0.8672
vn -0.4739 -0.1536 -0.8671
vn -0.4738 -0.1537 -0.8671
vn -0.4737 -0.1537 -0.8672
vn 0.8517 0.2758 0.4455
vn 0.8519 0.2765 0.4448
vn 0.8518 0.2759 0.4454
vn 0.8518 0.2757 0.4455
vn -0.6292 -0.2039 -0.7500
vn -0.6291 -0.2040 -0.7500
vn -0.6292 -0.2040 -0.7500
vn -0.6293 -0.2037 -0.7500
vn 0.9154 0.2967 0.2721
vn 0.9155 0.2968 0.2717
vn 0.9155 0.2967 0.2716
vn 0.9155 0.2966 0.2719
vn -0.7559 -0.2450 -0.6071
vn -0.7559 -0.2448 -0.6072
vn -0.7559 -0.2451 -0.6071
vn -0.7560 -0.2453 -0.6068
vn 0.9471 0.3077 0.0913
vn 0.9473 0.3070 0.0913
vn 0.9473 0.3072 0.0913
vn 0.9473 0.3071 0.0913
vn -0.8518 -0.2761 -0.4451
vn -0.8518 -0.2760 -0.4452
vn -0.8517 -0.2761 -0.4454
vn 0.9471 0.3077 -0.0913
vn 0.9471 0.3075 -0.0915
vn 0.9473 0.3070 -0.0913
vn -0.9154 -0.2967 -0.2721
vn -0.9156 -0.2965 -0.2717
vn -0.9156 -0.2967 -0.2715
vn -0.9155 -0.2967 -0.2717
vn 0.9154 0.2967 -0.2721
vn 0.9154 0.2968 -0.2720
vn 0.9156 0.2964 -0.2717
vn -0.9474 -0.3068 -0.0913
vn -0.9473 -0.3070 -0.0913
vn 0.8518 0.2761 -0.4451
vn 0.8518 0.2757 -0.4455
vn 0.8517 0.2758 -0.4456
vn 0.8519 0.2765 -0.4448
vn -0.9474 -0.3068 0.0913
vn -0.9473 -0.3070 0.0913
vn -0.9474 -0.3067 0.0913
vn 0.7560 0.2452 -0.6069
vn 0.7561 0.2451 -0.6068
vn 0.7561 0.2456 -0.6067
vn 0.7559 0.2457 -0.6068
vn 0.2536 -0.8596 0.4436
vn 0.2537 -0.8596 0.4435
vn 0.2535 -0.8596 0.4437
vn -0.2574 0.8352 -0.4860
vn -0.2574 0.8353 -0.4859
vn -0.2575 0.8352 -0.4860
vn -0.1073 0.9170 0.3842
vn -0.5512 0.6793 0.4845
vn -0.5511 0.6792 0.4847
vn -0.5509 0.6792 0.4849
vn -0.3512 0.7854 -0.5097
vn -0.0554 0.9468 0.3171
vn -0.4512 0.7323 0.5101
vn -0.4512 0.7324 0.5099
vn -0.4511 0.7323 0.5101
vn -0.4512 0.7324 -0.5099
vn -0.4512 0.7323 -0.5100
vn -0.0186 0.9691 0.2460
vn -0.0186 0.9691 0.2459
vn -0.0186 0.9691 0.2458
vn -0.3512 0.7854 0.5097
vn -0.5511 0.6791 -0.4849
vn -0.5511 0.6792 -0.4847
vn 0.0055 0.9847 0.1741
vn -0.6442 0.6290 -0.4350
vn -0.6444 0.6291 -0.4347
vn -0.6445 0.6292 -0.4345
vn 0.0196 0.9944 0.1035
vn 0.0195 0.9944 0.1035
vn -0.7254 0.5852 -0.3624
vn -0.7254 0.5853 -0.3624
vn 0.0257 0.9991 0.0343
vn 0.0258 0.9991 0.0343
vn 0.0260 0.9991 0.0341
vn -0.7899 0.5496 -0.2721
vn -0.7895 0.5501 -0.2721
vn -0.7896 0.5500 -0.2721
vn 0.0258 0.9991 -0.0343
vn 0.0260 0.9991 -0.0343
vn 0.0262 0.9991 -0.0342
vn -0.8339 0.5255 -0.1688
vn -0.8338 0.5257 -0.1685
vn -0.8338 0.5257 -0.1684
vn 0.0196 0.9944 -0.1035
vn 0.0195 0.9944 -0.1035
vn -0.8566 0.5129 -0.0568
vn -0.8564 0.5131 -0.0571
vn -0.8564 0.5132 -0.0570
vn 0.0055 0.9847 -0.1741
vn -0.8565 0.5130 0.0568
vn -0.8563 0.5133 0.0572
vn -0.8564 0.5132 0.0571
vn -0.0186 0.9691 -0.2460
vn -0.0186 0.9691 -0.2459
vn -0.8338 0.5257 0.1688
vn -0.8338 0.5257 0.1685
vn -0.0554 0.9468 -0.3171
vn -0.7897 0.5499 0.2720
vn -0.7895 0.5501 0.2721
vn -0.7898 0.5498 0.2719
vn -0.1072 0.9169 -0.3845
vn -0.1073 0.9170 -0.3842
vn -0.2576 0.8353 0.4857
vn -0.2574 0.8353 0.4859
vn -0.2574 0.8352 0.4859
vn -0.7252 0.5853 0.3627
vn -0.7254 0.5852 0.3624
vn -0.7254 0.5852 0.3625
vn -0.1749 0.8796 -0.4423
vn -0.1749 0.8796 0.4423
vn -0.1749 0.8797 0.4423
vn -0.8767 -0.1903 -0.4418
vn -0.8766 -0.1903 -0.4420
vn -0.8765 -0.1903 -0.4422
vn -0.8767 -0.1901 -0.4418
vn 0.0785 -0.9133 -0.3997
vn 0.6730 -0.7129 0.1973
vn 0.6729 -0.7130 0.1973
vn 0.6729 -0.7129 0.1974
vn 0.6730 -0.7128 0.1973
vn 0.0003 -0.9359 -0.3524
vn 0.0002 -0.9358 -0.3526
vn -0.0001 -0.9358 -0.3525
vn 0.7019 -0.7019 0.1214
vn 0.7020 -0.7018 0.1209
vn 0.7022 -0.7016 0.1209
vn 0.7021 -0.7018 0.1208
vn -0.0671 -0.9545 -0.2905
vn -0.0670 -0.9546 -0.2904
vn -0.0673 -0.9545 -0.2906
vn 0.7168 -0.6961 0.0406
vn 0.7169 -0.6960 0.0408
vn 0.7169 -0.6960 0.0407
vn 0.7168 -0.6961 0.0407
vn -0.1203 -0.9688 -0.2165
vn -0.1203 -0.9689 -0.2164
vn 0.7168 -0.6961 -0.0406
vn 0.7169 -0.6960 -0.0407
vn 0.7169 -0.6960 -0.0408
vn -0.1572 -0.9785 -0.1337
vn -0.1571 -0.9785 -0.1335
vn -0.1571 -0.9785 -0.1337
vn -0.1572 -0.9785 -0.1335
vn 0.7021 -0.7017 -0.1207
vn 0.7021 -0.7017 -0.1208
vn 0.7023 -0.7016 -0.1207
vn 0.7022 -0.7017 -0.1208
vn -0.1758 -0.9834 -0.0451
vn -0.1758 -0.9834 -0.0452
vn -0.1761 -0.9833 -0.0449
vn -0.1759 -0.9834 -0.0451
vn 0.6730 -0.7128 -0.1973
vn 0.6730 -0.7129 -0.1972
vn 0.6730 -0.7129 -0.1973
vn -0.1758 -0.9834 0.0449
vn -0.1757 -0.9834 0.0449
vn -0.1761 -0.9833 0.0451
vn -0.1758 -0.9834 0.0451
vn 0.6293 -0.7295 -0.2681
vn 0.6296 -0.7293 -0.2678
vn 0.6293 -0.7296 -0.2677
vn 0.6294 -0.7296 -0.2675
vn -0.1571 -0.9785 0.1335
vn -0.1570 -0.9785 0.1336
vn -0.1570 -0.9785 0.1337
vn -0.1571 -0.9785 0.1338
vn 0.5735 -0.7501 -0.3293
vn 0.5733 -0.7502 -0.3294
vn 0.5734 -0.7502 -0.3293
vn -0.1203 -0.9688 0.2165
vn -0.1203 -0.9688 0.2169
vn -0.1198 -0.9688 0.2168
vn -0.1201 -0.9689 0.2165
vn 0.5055 -0.7746 -0.3801
vn 0.5053 -0.7748 -0.3800
vn 0.5053 -0.7747 -0.3802
vn 0.3424 -0.8308 0.4388
vn 0.3425 -0.8307 0.4389
vn 0.3426 -0.8306 0.4389
vn -0.0667 -0.9547 0.2900
vn -0.0671 -0.9545 0.2905
vn -0.0668 -0.9547 0.2901
vn 0.4273 -0.8021 -0.4171
vn 0.4275 -0.8020 -0.4172
vn 0.4273 -0.8021 -0.4172
vn 0.4271 -0.8022 -0.4172
vn 0.4273 -0.8021 0.4172
vn 0.4274 -0.8021 0.4172
vn 0.4272 -0.8022 0.4171
vn 0.4276 -0.8019 0.4172
vn 0.0001 -0.9358 0.3526
vn 0.0001 -0.9357 0.3528
vn 0.0002 -0.9357 0.3527
vn 0.0002 -0.9359 0.3523
vn 0.3425 -0.8307 -0.4389
vn 0.3426 -0.8306 -0.4389
vn 0.5052 -0.7748 0.3800
vn 0.5051 -0.7748 0.3801
vn 0.5052 -0.7747 0.3804
vn 0.0785 -0.9133 0.3997
vn 0.0786 -0.9132 0.3998
vn 0.2536 -0.8595 -0.4437
vn 0.2536 -0.8596 -0.4437
vn 0.2535 -0.8596 -0.4437
vn 0.5735 -0.7502 0.3292
vn 0.5733 -0.7502 0.3294
vn 0.5734 -0.7502 0.3294
vn 0.1643 -0.8875 0.4305
vn 0.1643 -0.8876 0.4304
vn 0.1642 -0.8876 0.4304
vn 0.1643 -0.8875 -0.4305
vn 0.1642 -0.8875 -0.4306
vn 0.1640 -0.8874 -0.4309
vn 0.6294 -0.7294 0.2679
vn 0.6300 -0.7290 0.2679
vn 0.6295 -0.7294 0.2678
vn 0.6293 -0.7296 0.2677
vn -0.7811 0.6224 0.0499
vn -0.7813 0.6222 0.0496
vn 0.9732 0.2115 -0.0904
vn 0.9732 0.2111 -0.0906
vn 0.9732 0.2114 -0.0903
vn -0.9411 -0.2046 -0.2693
vn -0.9410 -0.2047 -0.2693
vn 0.9410 0.2044 -0.2698
vn 0.9411 0.2045 -0.2693
vn 0.9410 0.2044 -0.2696
vn -0.9732 -0.2115 -0.0904
vn -0.9732 -0.2116 -0.0901
vn -0.9732 -0.2112 -0.0907
vn 0.8765 0.1904 -0.4422
vn 0.8766 0.1902 -0.4420
vn 0.8765 0.1903 -0.4421
vn -0.9732 -0.2115 0.0904
vn -0.9732 -0.2113 0.0904
vn -0.9732 -0.2112 0.0907
vn 0.7793 0.1691 -0.6034
vn 0.7795 0.1687 -0.6032
vn 0.7794 0.1691 -0.6033
vn 0.7793 0.1692 -0.6034
vn -0.9410 -0.2050 0.2694
vn -0.9411 -0.2046 0.2694
vn 0.6497 0.1407 -0.7470
vn 0.6498 0.1407 -0.7470
vn 0.6496 0.1408 -0.7471
vn -0.8766 -0.1902 0.4419
vn -0.8766 -0.1902 0.4420
vn -0.8765 -0.1904 0.4422
vn -0.8767 -0.1902 0.4419
vn 0.4899 0.1064 -0.8653
vn 0.4901 0.1064 -0.8651
vn 0.4900 0.1064 -0.8652
vn 0.4899 0.1060 -0.8653
vn 0.1035 0.0225 0.9944
vn 0.1040 0.0225 0.9943
vn 0.1037 0.0225 0.9943
vn 0.1038 0.0225 0.9943
vn -0.7794 -0.1691 0.6033
vn -0.7793 -0.1692 0.6034
vn 0.3055 0.0664 -0.9499
vn 0.3055 0.0663 -0.9499
vn 0.3054 0.0663 -0.9499
vn 0.3056 0.0665 0.9498
vn 0.3054 0.0663 0.9499
vn 0.3058 0.0666 0.9498
vn -0.6497 -0.1410 0.7470
vn -0.6497 -0.1406 0.7471
vn 0.1035 0.0224 -0.9944
vn 0.1033 0.0224 -0.9944
vn 0.1037 0.0224 -0.9944
vn 0.1040 0.0225 -0.9943
vn 0.4900 0.1064 0.8652
vn 0.4901 0.1064 0.8651
vn 0.4903 0.1064 0.8651
vn -0.4899 -0.1061 0.8653
vn -0.4901 -0.1064 0.8651
vn -0.4900 -0.1064 0.8652
vn -0.1038 -0.0225 -0.9943
vn -0.1039 -0.0225 -0.9943
vn 0.6497 0.1407 0.7470
vn 0.6497 0.1412 0.7470
vn 0.6498 0.1408 0.7470
vn -0.3059 -0.0663 0.9497
vn -0.3059 -0.0663 -0.9497
vn -0.3056 -0.0663 -0.9498
vn 0.7793 0.1692 0.6034
vn 0.7793 0.1691 0.6034
vn -0.1038 -0.0225 0.9943
vn -0.1039 -0.0225 0.9943
vn -0.4899 -0.1061 -0.8653
vn -0.4901 -0.1064 -0.8651
vn -0.4898 -0.1062 -0.8653
vn 0.8765 0.1904 0.4422
vn 0.8766 0.1903 0.4420
vn 0.8765 0.1903 0.4422
vn -0.6497 -0.1406 -0.7471
vn 0.9410 0.2045 0.2695
vn 0.9411 0.2044 0.2696
vn 0.9409 0.2050 0.2696
vn -0.7794 -0.1691 -0.6033
vn -0.7793 -0.1692 -0.6034
vn 0.9733 0.2110 0.0903
vn 0.9732 0.2112 0.0904
vn 0.9732 0.2115 0.0904
vn 0.9732 0.2116 0.0901
vn 0.2966 -0.7854 0.5433
vn 0.2966 -0.7854 0.5434
vn 0.2967 -0.7854 0.5432
vn 0.2965 -0.7853 0.5434
vn -0.1223 0.9819 -0.1448
vn -0.7601 0.6330 0.1471
vn -0.7598 0.6332 0.1471
vn -0.7599 0.6331 0.1471
vn -0.7599 0.6332 0.1471
vn -0.1313 0.9707 -0.2011
vn -0.1316 0.9707 -0.2011
vn -0.1316 0.9707 -0.2010
vn -0.7182 0.6544 0.2365
vn -0.7182 0.6545 0.2363
vn -0.7181 0.6546 0.2363
vn -0.1545 0.9528 -0.2613
vn -0.1546 0.9528 -0.2612
vn -0.1546 0.9528 -0.2613
vn -0.2527 0.8942 0.3696
vn -0.2525 0.8943 0.3694
vn -0.6582 0.6850 0.3123
vn -0.6582 0.6850 0.3122
vn -0.1944 0.9273 -0.3199
vn -0.1947 0.9273 -0.3197
vn -0.1947 0.9273 0.3196
vn -0.1947 0.9273 0.3197
vn -0.5834 0.7229 0.3703
vn -0.5833 0.7230 0.3702
vn -0.2527 0.8942 -0.3696
vn -0.2527 0.8942 -0.3695
vn -0.1546 0.9529 0.2611
vn -0.1546 0.9528 0.2612
vn -0.1546 0.9529 0.2610
vn -0.4987 0.7657 0.4061
vn -0.4986 0.7660 0.4058
vn -0.3264 0.8546 -0.4039
vn -0.3263 0.8546 -0.4039
vn -0.3263 0.8546 -0.4040
vn -0.1315 0.9707 0.2011
vn -0.1316 0.9707 0.2011
vn -0.4106 0.8109 0.4170
vn -0.4106 0.8109 -0.4169
vn -0.4106 0.8109 -0.4170
vn -0.1223 0.9819 0.1448
vn -0.1223 0.9819 0.1447
vn -0.3263 0.8547 0.4039
vn -0.3263 0.8546 0.4039
vn -0.3264 0.8546 0.4039
vn -0.4986 0.7660 -0.4058
vn -0.4986 0.7659 -0.4058
vn -0.1217 0.9880 0.0955
vn -0.1215 0.9880 0.0955
vn -0.5833 0.7232 -0.3699
vn -0.5833 0.7230 -0.3702
vn -0.1248 0.9907 0.0537
vn -0.1248 0.9907 0.0536
vn -0.6582 0.6850 -0.3122
vn -0.6582 0.6850 -0.3123
vn -0.1275 0.9917 0.0171
vn -0.1275 0.9917 0.0172
vn -0.1274 0.9917 0.0171
vn -0.7182 0.6545 -0.2364
vn -0.7182 0.6545 -0.2363
vn -0.7180 0.6547 -0.2363
vn -0.1274 0.9917 -0.0171
vn -0.1275 0.9917 -0.0172
vn -0.1274 0.9917 -0.0169
vn -0.7598 0.6333 -0.1471
vn -0.7599 0.6332 -0.1471
vn -0.7598 0.6333 -0.1474
vn -0.7598 0.6332 -0.1471
vn -0.1248 0.9907 -0.0538
vn -0.1248 0.9907 -0.0536
vn -0.7812 0.6223 -0.0496
vn -0.7812 0.6223 -0.0499
vn -0.7814 0.6221 -0.0499
vn -0.7811 0.6224 -0.0499
vn -0.1216 0.9880 -0.0955
vn -0.1217 0.9880 -0.0955
vn 0.6707 0.0548 0.7397
vn 0.6708 0.0548 0.7396
vn -0.2473 -0.8939 0.3738
vn -0.2473 -0.8939 0.3739
vn 0.4032 -0.7592 -0.5110
vn 0.4036 -0.7589 -0.5110
vn 0.4035 -0.7589 -0.5111
vn 0.4035 -0.7589 0.5111
vn 0.4034 -0.7589 0.5111
vn 0.4031 -0.7592 0.5110
vn 0.4033 -0.7591 0.5110
vn -0.1554 -0.8787 0.4515
vn -0.1554 -0.8787 0.4514
vn -0.1553 -0.8787 0.4515
vn -0.1555 -0.8787 0.4514
vn 0.2966 -0.7854 -0.5434
vn 0.2967 -0.7854 -0.5433
vn 0.4995 -0.7337 0.4606
vn 0.4993 -0.7338 0.4607
vn 0.4996 -0.7336 0.4606
vn 0.4997 -0.7337 0.4605
vn -0.0499 -0.8595 0.5087
vn 0.1821 -0.8119 -0.5547
vn 0.1821 -0.8118 -0.5548
vn 0.1822 -0.8119 -0.5547
vn 0.5812 -0.7112 0.3954
vn 0.5811 -0.7112 0.3956
vn 0.5812 -0.7112 0.3955
vn 0.5813 -0.7112 0.3955
vn 0.0643 -0.8369 0.5436
vn 0.0646 -0.8370 0.5434
vn 0.0644 -0.8369 0.5436
vn 0.0647 -0.8369 0.5435
vn 0.0643 -0.8369 -0.5436
vn 0.0648 -0.8369 -0.5435
vn 0.0647 -0.8369 -0.5435
vn 0.6477 -0.6920 0.3187
vn 0.6477 -0.6921 0.3187
vn 0.1821 -0.8119 0.5547
vn 0.1820 -0.8118 0.5548
vn -0.0500 -0.8595 -0.5087
vn -0.0500 -0.8596 -0.5086
vn -0.0498 -0.8596 -0.5086
vn -0.0499 -0.8595 -0.5087
vn 0.6977 -0.6773 0.2333
vn 0.6979 -0.6771 0.2334
vn 0.6976 -0.6774 0.2333
vn 0.6978 -0.6772 0.2334
vn -0.1553 -0.8787 -0.4515
vn -0.1555 -0.8787 -0.4514
vn -0.1553 -0.8787 -0.4514
vn -0.1554 -0.8787 -0.4514
vn 0.7317 -0.6667 0.1420
vn 0.7317 -0.6667 0.1419
vn 0.7315 -0.6668 0.1422
vn -0.2473 -0.8939 -0.3738
vn -0.2473 -0.8939 -0.3739
vn -0.2474 -0.8940 -0.3735
vn -0.2474 -0.8940 -0.3734
vn 0.7482 -0.6617 0.0480
vn 0.7482 -0.6617 0.0478
vn 0.7482 -0.6617 0.0481
vn -0.3201 -0.9052 -0.2795
vn -0.3202 -0.9052 -0.2794
vn -0.3200 -0.9052 -0.2796
vn 0.7482 -0.6617 -0.0481
vn 0.7482 -0.6617 -0.0485
vn 0.7482 -0.6617 -0.0484
vn 0.7482 -0.6618 -0.0484
vn -0.3707 -0.9126 -0.1726
vn -0.3706 -0.9126 -0.1726
vn -0.3705 -0.9127 -0.1726
vn 0.7316 -0.6668 -0.1420
vn 0.7316 -0.6668 -0.1422
vn 0.7314 -0.6669 -0.1422
vn 0.7315 -0.6669 -0.1420
vn -0.3964 -0.9162 -0.0583
vn -0.3965 -0.9162 -0.0582
vn -0.3962 -0.9163 -0.0583
vn -0.3962 -0.9163 -0.0584
vn 0.6979 -0.6771 -0.2334
vn 0.6980 -0.6770 -0.2334
vn 0.6977 -0.6773 -0.2333
vn 0.6978 -0.6772 -0.2334
vn -0.3963 -0.9163 0.0584
vn -0.3964 -0.9162 0.0584
vn -0.3964 -0.9162 0.0585
vn 0.6477 -0.6921 -0.3186
vn 0.6478 -0.6920 -0.3185
vn 0.6477 -0.6920 -0.3187
vn -0.3707 -0.9126 0.1725
vn -0.3705 -0.9127 0.1726
vn -0.3707 -0.9126 0.1726
vn -0.3708 -0.9125 0.1725
vn 0.5813 -0.7112 -0.3954
vn 0.5813 -0.7111 -0.3954
vn -0.3201 -0.9052 0.2796
vn -0.3201 -0.9052 0.2795
vn -0.3202 -0.9052 0.2795
vn 0.4994 -0.7337 -0.4607
vn 0.4994 -0.7338 -0.4607
vn 0.4995 -0.7337 -0.4607
vn -0.1463 0.9885 0.0372
vn -0.3182 -0.0260 0.9477
vn -0.3185 -0.0261 0.9476
vn -0.3185 -0.0261 -0.9476
vn 0.8010 0.0655 0.5951
vn -0.1081 -0.0088 0.9941
vn -0.5080 -0.0416 -0.8603
vn -0.5080 -0.0416 -0.8604
vn -0.5081 -0.0416 -0.8603
vn 0.8979 0.0733 0.4340
vn 0.8979 0.0733 0.4341
vn 0.8978 0.0732 0.4342
vn 0.8979 0.0732 0.4342
vn -0.6708 -0.0548 -0.7396
vn -0.6709 -0.0548 -0.7395
vn -0.6709 -0.0548 -0.7396
vn 0.9614 0.0784 0.2637
vn 0.9614 0.0785 0.2638
vn 0.9614 0.0786 0.2637
vn 0.9614 0.0786 0.2636
vn -0.8013 -0.0654 -0.5947
vn -0.8017 -0.0656 -0.5942
vn 0.9928 0.0810 0.0884
vn 0.9928 0.0811 0.0884
vn 0.9928 0.0812 0.0884
vn -0.8979 -0.0733 -0.4342
vn -0.8979 -0.0733 -0.4340
vn 0.9928 0.0810 -0.0884
vn 0.9928 0.0811 -0.0884
vn 0.9928 0.0809 -0.0882
vn 0.9928 0.0813 -0.0884
vn -0.9615 -0.0786 -0.2635
vn -0.9615 -0.0787 -0.2632
vn 0.9614 0.0781 -0.2638
vn 0.9612 0.0788 -0.2645
vn 0.9614 0.0784 -0.2638
vn -0.9928 -0.0811 -0.0884
vn -0.9928 -0.0810 -0.0881
vn -0.9928 -0.0809 -0.0882
vn 0.8980 0.0735 -0.4338
vn 0.8979 0.0732 -0.4341
vn 0.8979 0.0733 -0.4341
vn -0.9927 -0.0813 0.0887
vn -0.9928 -0.0809 0.0879
vn -0.9927 -0.0813 0.0886
vn 0.8010 0.0655 -0.5951
vn -0.9614 -0.0785 0.2636
vn -0.9613 -0.0784 0.2640
vn -0.9615 -0.0786 0.2635
vn 0.6708 0.0548 -0.7396
vn 0.6707 0.0548 -0.7397
vn 0.6709 0.0548 -0.7395
vn -0.8979 -0.0733 0.4340
vn -0.8979 -0.0733 0.4341
vn -0.8978 -0.0733 0.4342
vn 0.5087 0.0417 -0.8599
vn 0.5087 0.0416 -0.8599
vn 0.5086 0.0417 -0.8600
vn 0.1081 0.0089 0.9941
vn 0.1082 0.0089 0.9941
vn -0.8012 -0.0654 0.5948
vn -0.8014 -0.0654 0.5946
vn 0.3179 0.0260 -0.9478
vn 0.3180 0.0260 -0.9477
vn 0.3185 0.0261 0.9476
vn 0.3179 0.0260 0.9478
vn 0.3182 0.0260 0.9477
vn -0.6708 -0.0548 0.7396
vn -0.6710 -0.0548 0.7394
vn -0.6707 -0.0548 0.7397
vn -0.6710 -0.0548 0.7395
vn 0.1081 0.0089 -0.9941
vn 0.1082 0.0089 -0.9941
vn 0.5087 0.0417 0.8599
vn 0.5087 0.0416 0.8599
vn 0.5086 0.0417 0.8600
vn -0.5080 -0.0416 0.8603
vn -0.5080 -0.0416 0.8604
vn -0.5081 -0.0416 0.8603
vn -0.1081 -0.0088 -0.9941
vn 0.5674 -0.8183 -0.0921
vn 0.5677 -0.8181 -0.0920
vn 0.5674 -0.8183 -0.0922
vn 0.5674 -0.8183 -0.0919
vn -0.5103 0.8376 -0.1949
vn -0.5104 0.8376 -0.1949
vn -0.1465 0.9891 0.0121
vn -0.1464 0.9892 0.0121
vn -0.1464 0.9891 0.0121
vn -0.5509 0.8213 -0.1482
vn -0.5509 0.8213 -0.1483
vn -0.5509 0.8213 -0.1484
vn -0.1465 0.9891 -0.0121
vn -0.1464 0.9892 -0.0121
vn -0.1465 0.9891 -0.0120
vn -0.5794 0.8097 -0.0928
vn -0.5793 0.8098 -0.0927
vn -0.5796 0.8096 -0.0928
vn -0.1463 0.9885 -0.0372
vn -0.5941 0.8038 -0.0315
vn -0.5940 0.8038 -0.0315
vn -0.5942 0.8037 -0.0313
vn -0.5940 0.8039 -0.0314
vn -0.1472 0.9870 -0.0649
vn -0.1473 0.9870 -0.0649
vn -0.5940 0.8038 0.0313
vn -0.5940 0.8038 0.0315
vn -0.5945 0.8035 0.0312
vn -0.5940 0.8039 0.0314
vn -0.1514 0.9838 -0.0959
vn -0.5794 0.8097 0.0929
vn -0.5793 0.8098 0.0927
vn -0.5795 0.8096 0.0928
vn -0.1613 0.9783 -0.1300
vn -0.5509 0.8213 0.1483
vn -0.5508 0.8213 0.1485
vn -0.1795 0.9697 -0.1655
vn -0.1796 0.9697 -0.1654
vn -0.2462 0.9419 0.2286
vn -0.2462 0.9419 0.2285
vn -0.2461 0.9419 0.2286
vn -0.5104 0.8376 0.1949
vn -0.2077 0.9576 -0.1996
vn -0.2077 0.9576 -0.1998
vn -0.2074 0.9577 0.1995
vn -0.2077 0.9576 0.1996
vn -0.2076 0.9575 0.2000
vn -0.4607 0.8573 0.2298
vn -0.4607 0.8573 0.2297
vn -0.4605 0.8573 0.2300
vn -0.2457 0.9419 -0.2289
vn -0.2462 0.9419 -0.2285
vn -0.2461 0.9419 -0.2286
vn -0.1795 0.9697 0.1655
vn -0.1794 0.9697 0.1657
vn -0.4050 0.8792 0.2508
vn -0.4052 0.8792 0.2506
vn -0.4048 0.8793 0.2508
vn -0.2942 0.9229 -0.2486
vn -0.2939 0.9229 -0.2486
vn -0.2938 0.9229 -0.2486
vn -0.1613 0.9783 0.1300
vn -0.3480 0.9016 0.2568
vn -0.3482 0.9016 0.2567
vn -0.3478 0.9017 0.2569
vn -0.3478 0.9017 -0.2569
vn -0.3482 0.9016 -0.2567
vn -0.3480 0.9016 -0.2568
vn -0.1514 0.9838 0.0959
vn -0.1512 0.9838 0.0960
vn -0.2940 0.9229 0.2486
vn -0.2939 0.9229 0.2486
vn -0.2936 0.9230 0.2486
vn -0.4052 0.8792 -0.2508
vn -0.4052 0.8792 -0.2506
vn -0.1471 0.9870 0.0644
vn -0.1473 0.9870 0.0649
vn -0.1472 0.9870 0.0650
vn -0.4607 0.8573 -0.2297
vn -0.4607 0.8573 -0.2298
vn 0.6785 0.0116 -0.7345
vn 0.6784 0.0117 -0.7346
vn 0.6786 0.0115 -0.7344
vn 0.6787 0.0113 -0.7343
vn -0.1535 -0.9875 -0.0370
vn -0.1537 -0.9874 -0.0369
vn -0.1536 -0.9874 -0.0369
vn 0.5446 -0.8251 -0.1502
vn 0.5447 -0.8250 -0.1505
vn 0.5447 -0.8251 -0.1504
vn 0.5445 -0.8252 -0.1502
vn -0.1536 -0.9874 0.0372
vn -0.1537 -0.9874 0.0366
vn -0.1537 -0.9874 0.0369
vn 0.5108 -0.8349 -0.2051
vn 0.5111 -0.8348 -0.2047
vn 0.5107 -0.8349 -0.2050
vn 0.5109 -0.8350 -0.2046
vn -0.1372 -0.9845 0.1091
vn -0.1370 -0.9845 0.1091
vn 0.4672 -0.8472 -0.2529
vn 0.4671 -0.8472 -0.2531
vn 0.4671 -0.8472 -0.2530
vn -0.1050 -0.9788 0.1761
vn -0.1048 -0.9787 0.1763
vn -0.1050 -0.9787 0.1762
vn -0.1052 -0.9787 0.1762
vn 0.4136 -0.8619 -0.2934
vn 0.4133 -0.8621 -0.2932
vn 0.4134 -0.8621 -0.2931
vn 0.4138 -0.8618 -0.2935
vn 0.2838 -0.8956 0.3427
vn 0.2837 -0.8955 0.3429
vn 0.2836 -0.8955 0.3430
vn 0.2837 -0.8955 0.3430
vn -0.0585 -0.9702 0.2353
vn -0.0584 -0.9701 0.2354
vn 0.3519 -0.8783 -0.3236
vn 0.3519 -0.8782 -0.3239
vn 0.3519 -0.8783 -0.3237
vn 0.3518 -0.8784 -0.3235
vn 0.3519 -0.8783 0.3236
vn 0.3519 -0.8782 0.3239
vn 0.3519 -0.8783 0.3237
vn -0.0008 -0.9590 0.2833
vn -0.0005 -0.9589 0.2838
vn -0.0009 -0.9590 0.2833
vn -0.0005 -0.9590 0.2832
vn 0.2838 -0.8956 -0.3427
vn 0.2837 -0.8955 -0.3430
vn 0.2839 -0.8956 -0.3426
vn 0.4134 -0.8621 0.2931
vn 0.4134 -0.8621 0.2932
vn 0.4133 -0.8621 0.2931
vn 0.0659 -0.9453 0.3194
vn 0.0659 -0.9453 0.3195
vn 0.0658 -0.9453 0.3196
vn 0.2109 -0.9130 -0.3491
vn 0.2113 -0.9129 -0.3493
vn 0.2110 -0.9130 -0.3492
vn 0.2114 -0.9129 -0.3492
vn 0.4672 -0.8472 0.2530
vn 0.4675 -0.8470 0.2530
vn 0.4671 -0.8472 0.2530
vn 0.1378 -0.9298 0.3413
vn 0.1380 -0.9299 0.3409
vn 0.1377 -0.9298 0.3415
vn 0.1377 -0.9298 -0.3414
vn 0.1378 -0.9299 -0.3411
vn 0.1377 -0.9298 -0.3413
vn 0.5113 -0.8346 0.2049
vn 0.5115 -0.8344 0.2050
vn 0.5109 -0.8349 0.2049
vn 0.2114 -0.9129 0.3491
vn 0.2116 -0.9131 0.3486
vn 0.2115 -0.9129 0.3491
vn 0.2111 -0.9129 0.3493
vn 0.0660 -0.9454 -0.3193
vn 0.0659 -0.9453 -0.3195
vn 0.0659 -0.9453 -0.3194
vn 0.5447 -0.8250 0.1505
vn 0.5447 -0.8251 0.1502
vn -0.0005 -0.9589 -0.2837
vn -0.0006 -0.9589 -0.2836
vn -0.0009 -0.9589 -0.2836
vn 0.5674 -0.8183 0.0922
vn 0.5675 -0.8182 0.0921
vn 0.5673 -0.8184 0.0917
vn 0.5675 -0.8182 0.0917
vn -0.0584 -0.9701 -0.2354
vn -0.0585 -0.9702 -0.2353
vn -0.0584 -0.9702 -0.2354
vn -0.0583 -0.9701 -0.2355
vn 0.5788 -0.8149 0.0309
vn -0.1049 -0.9788 -0.1760
vn -0.1049 -0.9787 -0.1763
vn -0.1049 -0.9788 -0.1761
vn -0.1050 -0.9788 -0.1758
vn 0.5788 -0.8149 -0.0309
vn -0.1371 -0.9845 -0.1091
vn -0.1370 -0.9845 -0.1091
vn -0.1508 0.8584 -0.4904
vn -0.9033 -0.0156 0.4287
vn -0.9032 -0.0155 0.4289
vn -0.9033 -0.0155 0.4288
vn 0.5156 0.0088 -0.8568
vn 0.5155 0.0088 -0.8569
vn 0.5161 0.0089 -0.8565
vn 0.5156 0.0093 -0.8568
vn 0.1101 0.0019 0.9939
vn -0.8080 -0.0140 0.5890
vn -0.8080 -0.0144 0.5890
vn -0.8080 -0.0139 0.5890
vn -0.8080 -0.0141 0.5891
vn 0.3232 0.0055 -0.9463
vn 0.3233 0.0055 -0.9463
vn 0.3232 0.0055 0.9463
vn 0.3233 0.0055 0.9463
vn 0.3234 0.0055 0.9462
vn 0.3235 0.0055 0.9462
vn -0.6784 -0.0116 0.7346
vn -0.6784 -0.0115 0.7346
vn -0.6786 -0.0116 0.7344
vn 0.1101 0.0019 -0.9939
vn 0.1099 0.0019 -0.9939
vn 0.1096 0.0018 -0.9940
vn 0.5158 0.0088 0.8567
vn 0.5155 0.0088 0.8569
vn 0.5156 0.0084 0.8568
vn -0.5156 -0.0088 0.8568
vn -0.5156 -0.0087 0.8568
vn -0.5161 -0.0089 0.8565
vn -0.5155 -0.0088 0.8569
vn -0.1100 -0.0019 -0.9939
vn -0.1102 -0.0019 -0.9939
vn -0.1101 -0.0019 -0.9939
vn 0.6783 0.0118 0.7347
vn 0.6784 0.0114 0.7346
vn 0.6783 0.0117 0.7347
vn 0.6786 0.0122 0.7344
vn -0.3234 -0.0056 0.9462
vn -0.3232 -0.0055 0.9463
vn -0.3235 -0.0057 0.9462
vn -0.3232 -0.0055 -0.9463
vn 0.8080 0.0139 0.5890
vn 0.8080 0.0140 0.5890
vn 0.8081 0.0139 0.5889
vn -0.1097 -0.0019 0.9940
vn -0.1101 -0.0019 0.9939
vn -0.1095 -0.0020 0.9940
vn -0.5161 -0.0089 -0.8565
vn -0.5156 -0.0093 -0.8568
vn -0.5160 -0.0090 -0.8565
vn -0.5158 -0.0088 -0.8567
vn 0.9033 0.0157 0.4287
vn 0.9033 0.0155 0.4288
vn 0.9033 0.0156 0.4287
vn 0.9033 0.0155 0.4287
vn -0.6786 -0.0116 -0.7344
vn 0.9655 0.0160 0.2599
vn 0.9654 0.0167 0.2601
vn 0.9654 0.0165 0.2601
vn -0.8080 -0.0140 -0.5890
vn -0.8080 -0.0139 -0.5890
vn -0.8080 -0.0141 -0.5891
vn 0.9960 0.0172 0.0872
vn 0.9961 0.0171 0.0871
vn 0.9960 0.0173 0.0872
vn 0.9960 0.0169 0.0874
vn -0.9033 -0.0156 -0.4287
vn -0.9033 -0.0155 -0.4287
vn -0.9033 -0.0154 -0.4287
vn 0.9960 0.0172 -0.0872
vn 0.9960 0.0169 -0.0874
vn 0.9960 0.0173 -0.0872
vn 0.9961 0.0174 -0.0869
vn -0.9654 -0.0165 -0.2601
vn 0.9654 0.0165 -0.2601
vn 0.9655 0.0160 -0.2599
vn -0.9960 -0.0172 -0.0873
vn -0.9960 -0.0168 -0.0874
vn -0.9960 -0.0173 -0.0872
vn -0.9961 -0.0172 -0.0871
vn 0.9033 0.0153 -0.4288
vn 0.9032 0.0152 -0.4290
vn 0.9033 0.0154 -0.4288
vn -0.9960 -0.0173 0.0872
vn -0.9960 -0.0170 0.0872
vn -0.9960 -0.0172 0.0873
vn -0.9961 -0.0172 0.0871
vn 0.8080 0.0140 -0.5890
vn 0.8081 0.0139 -0.5889
vn 0.8077 0.0140 -0.5895
vn -0.9654 -0.0165 0.2601
vn -0.9654 -0.0167 0.2601
vn 0.0148 -0.9569 -0.2901
vn 0.0147 -0.9569 -0.2901
vn 0.0144 -0.9568 -0.2902
vn -0.0284 0.9448 0.3263
vn -0.4844 0.7020 0.5220
vn -0.4846 0.7019 0.5221
vn -0.4846 0.7018 0.5221
vn -0.2530 0.8055 -0.5358
vn -0.2528 0.8054 -0.5361
vn -0.2528 0.8054 -0.5362
vn -0.0143 0.9720 0.2347
vn -0.3681 0.7520 0.5468
vn -0.3682 0.7520 0.5468
vn -0.3677 0.7523 0.5466
vn -0.3682 0.7520 -0.5468
vn -0.3684 0.7516 -0.5472
vn -0.0238 0.9878 0.1540
vn -0.2529 0.8055 0.5360
vn -0.2528 0.8054 0.5361
vn -0.2528 0.8054 0.5362
vn -0.4846 0.7018 -0.5221
vn -0.4846 0.7019 -0.5221
vn -0.0453 0.9948 0.0909
vn -0.5914 0.6581 -0.4661
vn -0.5913 0.6581 -0.4662
vn -0.0671 0.9967 0.0459
vn -0.6816 0.6222 -0.3851
vn -0.6814 0.6222 -0.3853
vn -0.6814 0.6222 -0.3855
vn -0.0803 0.9967 0.0138
vn -0.7508 0.5951 -0.2866
vn -0.7507 0.5952 -0.2866
vn -0.7507 0.5952 -0.2867
vn -0.0803 0.9967 -0.0138
vn -0.0802 0.9967 -0.0138
vn -0.7974 0.5771 -0.1764
vn -0.7973 0.5773 -0.1763
vn -0.7975 0.5771 -0.1759
vn -0.0671 0.9967 -0.0459
vn -0.8207 0.5683 -0.0596
vn -0.8207 0.5683 -0.0595
vn -0.8206 0.5684 -0.0594
vn -0.0453 0.9948 -0.0909
vn -0.8207 0.5683 0.0594
vn -0.8206 0.5684 0.0595
vn -0.8207 0.5683 0.0592
vn -0.8207 0.5683 0.0595
vn -0.0238 0.9878 -0.1540
vn -0.7972 0.5773 0.1766
vn -0.7973 0.5773 0.1763
vn -0.7974 0.5772 0.1762
vn -0.0143 0.9720 -0.2347
vn -0.7507 0.5952 0.2866
vn -0.7507 0.5952 0.2867
vn -0.0284 0.9448 -0.3263
vn -0.1508 0.8584 0.4904
vn -0.6814 0.6223 0.3852
vn -0.6814 0.6222 0.3853
vn -0.6813 0.6223 0.3854
vn -0.6815 0.6222 0.3853
vn -0.0738 0.9062 -0.4164
vn -0.0738 0.9062 0.4164
vn -0.5913 0.6581 0.4661
vn -0.5914 0.6581 0.4661
vn -0.9013 0.1392 -0.4102
vn -0.9013 0.1393 -0.4101
vn -0.9013 0.1392 -0.4103
vn -0.9012 0.1389 -0.4106
vn 0.4558 -0.8803 0.1318
vn 0.4556 -0.8804 0.1316
vn 0.4561 -0.8801 0.1318
vn 0.4557 -0.8804 0.1316
vn -0.0492 -0.9646 -0.2589
vn -0.0492 -0.9647 -0.2589
vn -0.0491 -0.9646 -0.2592
vn 0.4760 -0.8758 0.0805
vn 0.4757 -0.8759 0.0806
vn 0.4762 -0.8757 0.0804
vn 0.4761 -0.8757 0.0803
vn -0.1053 -0.9708 -0.2157
vn -0.1054 -0.9708 -0.2157
vn -0.1052 -0.9708 -0.2157
vn 0.4859 -0.8736 0.0270
vn 0.4862 -0.8734 0.0270
vn 0.4858 -0.8737 0.0273
vn -0.1506 -0.9752 -0.1622
vn -0.1504 -0.9752 -0.1622
vn 0.4860 -0.8735 -0.0268
vn 0.4860 -0.8736 -0.0270
vn 0.4858 -0.8737 -0.0268
vn 0.4859 -0.8736 -0.0265
vn -0.1824 -0.9781 -0.1006
vn -0.1825 -0.9780 -0.1006
vn -0.1823 -0.9781 -0.1006
vn -0.1822 -0.9781 -0.1006
vn 0.4758 -0.8759 -0.0802
vn 0.4757 -0.8759 -0.0803
vn 0.4760 -0.8758 -0.0804
vn 0.4758 -0.8759 -0.0801
vn -0.1985 -0.9795 -0.0341
vn -0.1986 -0.9795 -0.0342
vn 0.4559 -0.8802 -0.1317
vn 0.4557 -0.8804 -0.1313
vn 0.4557 -0.8803 -0.1316
vn 0.4556 -0.8804 -0.1316
vn -0.1984 -0.9795 0.0340
vn -0.1985 -0.9795 0.0340
vn -0.1985 -0.9795 0.0341
vn 0.4257 -0.8869 -0.1796
vn 0.4255 -0.8869 -0.1798
vn 0.4256 -0.8869 -0.1796
vn 0.4257 -0.8869 -0.1795
vn -0.1824 -0.9781 0.1006
vn -0.1823 -0.9781 0.1005
vn -0.1825 -0.9780 0.1007
vn 0.3869 -0.8949 -0.2224
vn 0.3866 -0.8950 -0.2228
vn 0.3864 -0.8951 -0.2225
vn 0.3863 -0.8951 -0.2225
vn -0.1505 -0.9752 0.1623
vn -0.1505 -0.9752 0.1622
vn -0.1504 -0.9752 0.1622
vn -0.1506 -0.9752 0.1623
vn 0.3380 -0.9048 -0.2591
vn 0.3381 -0.9047 -0.2592
vn 0.3382 -0.9047 -0.2592
vn 0.2191 -0.9264 0.3061
vn -0.1052 -0.9708 0.2155
vn -0.1053 -0.9708 0.2157
vn -0.1054 -0.9707 0.2161
vn 0.2818 -0.9154 -0.2876
vn 0.2817 -0.9153 -0.2879
vn 0.2818 -0.9154 0.2875
vn 0.2818 -0.9154 0.2874
vn 0.2818 -0.9154 0.2876
vn -0.0489 -0.9646 0.2590
vn -0.0492 -0.9646 0.2592
vn -0.0492 -0.9646 0.2590
vn -0.0492 -0.9646 0.2589
vn 0.2191 -0.9264 -0.3061
vn 0.2191 -0.9264 -0.3062
vn 0.3381 -0.9047 0.2592
vn 0.3380 -0.9048 0.2591
vn 0.0147 -0.9569 0.2901
vn 0.0146 -0.9569 0.2901
vn 0.1519 -0.9374 -0.3133
vn 0.1519 -0.9374 -0.3134
vn 0.3867 -0.8950 0.2223
vn 0.3862 -0.8953 0.2221
vn 0.3862 -0.8952 0.2223
vn 0.3864 -0.8951 0.2225
vn 0.0827 -0.9477 0.3082
vn 0.0827 -0.9478 0.3081
vn 0.0827 -0.9477 -0.3082
vn 0.0826 -0.9478 -0.3081
vn 0.4257 -0.8869 0.1794
vn 0.4258 -0.8869 0.1794
vn 0.4258 -0.8869 0.1791
vn 0.1519 -0.9374 0.3135
vn 0.1519 -0.9373 0.3136
vn 0.1519 -0.9374 0.3134
vn -0.6965 0.7159 0.0487
vn -0.6968 0.7156 0.0489
vn -0.6970 0.7154 0.0487
vn -0.6967 0.7157 0.0488
vn 0.9849 -0.1523 -0.0822
vn 0.9849 -0.1520 -0.0824
vn 0.9849 -0.1520 -0.0826
vn -0.9577 0.1480 -0.2468
vn 0.9574 -0.1478 -0.2479
vn 0.9573 -0.1480 -0.2482
vn 0.9575 -0.1477 -0.2477
vn -0.9849 0.1519 -0.0827
vn 0.9012 -0.1391 -0.4105
vn 0.9012 -0.1390 -0.4105
vn 0.9012 -0.1391 -0.4104
vn -0.9849 0.1519 0.0828
vn -0.9849 0.1519 0.0827
vn 0.8129 -0.1256 -0.5687
vn 0.8129 -0.1255 -0.5688
vn 0.8130 -0.1257 -0.5686
vn -0.9576 0.1479 0.2471
vn -0.9576 0.1478 0.2472
vn -0.9576 0.1476 0.2475
vn 0.6899 -0.1063 -0.7160
vn 0.6897 -0.1064 -0.7162
vn 0.6898 -0.1064 -0.7161
vn -0.9013 0.1392 0.4103
vn -0.9012 0.1390 0.4105
vn -0.9011 0.1386 0.4109
vn 0.5295 -0.0816 -0.8444
vn 0.5295 -0.0817 -0.8443
vn 0.5295 -0.0817 -0.8444
vn 0.5296 -0.0817 -0.8443
vn 0.1148 -0.0177 0.9932
vn 0.1150 -0.0177 0.9932
vn 0.1144 -0.0177 0.9933
vn -0.8131 0.1253 0.5685
vn -0.8130 0.1250 0.5687
vn -0.8130 0.1254 0.5686
vn -0.8131 0.1254 0.5685
vn 0.3353 -0.0518 -0.9407
vn 0.3352 -0.0517 -0.9407
vn 0.3353 -0.0518 0.9407
vn 0.3352 -0.0518 0.9407
vn -0.6899 0.1066 0.7160
vn -0.6899 0.1065 0.7160
vn -0.6898 0.1066 0.7161
vn 0.1145 -0.0177 -0.9933
vn 0.1146 -0.0177 -0.9933
vn 0.1150 -0.0177 -0.9932
vn 0.5295 -0.0817 0.8444
vn 0.5296 -0.0816 0.8443
vn 0.5295 -0.0818 0.8443
vn 0.5296 -0.0817 0.8443
vn -0.5295 0.0817 0.8443
vn -0.5296 0.0817 0.8443
vn -0.5294 0.0817 0.8444
vn -0.1148 0.0177 -0.9932
vn -0.1147 0.0177 -0.9932
vn 0.6898 -0.1064 0.7162
vn 0.6897 -0.1064 0.7162
vn 0.6898 -0.1064 0.7161
vn 0.6899 -0.1065 0.7160
vn -0.3353 0.0518 0.9407
vn -0.3353 0.0518 -0.9407
vn 0.8129 -0.1256 0.5687
vn 0.8128 -0.1257 0.5688
vn 0.8130 -0.1255 0.5686
vn -0.1149 0.0177 0.9932
vn -0.1148 0.0177 0.9932
vn -0.5295 0.0817 -0.8443
vn 0.9012 -0.1391 0.4105
vn 0.9012 -0.1390 0.4105
vn 0.9013 -0.1393 0.4101
vn -0.6897 0.1064 -0.7162
vn -0.6894 0.1062 -0.7165
vn -0.6896 0.1063 -0.7164
vn 0.9573 -0.1480 0.2482
vn -0.8133 0.1251 -0.5682
vn -0.8130 0.1250 -0.5686
vn -0.8133 0.1250 -0.5683
vn -0.8131 0.1254 -0.5685
vn 0.9849 -0.1520 0.0824
vn 0.9849 -0.1523 0.0822
vn -0.0237 -0.8766 -0.4807
vn -0.0235 -0.8766 -0.4807
vn -0.0239 -0.8765 -0.4807
vn 0.1211 0.9692 -0.2145
vn -0.6774 0.7212 0.1449
vn -0.6772 0.7213 0.1450
vn -0.6773 0.7213 0.1450
vn 0.0927 0.9540 -0.2851
vn -0.6383 0.7326 0.2362
vn -0.6384 0.7325 0.2363
vn -0.6384 0.7325 0.2365
vn 0.0451 0.9342 -0.3539
vn -0.1100 0.8829 0.4565
vn -0.5806 0.7491 0.3191
vn -0.5806 0.7490 0.3191
vn -0.5807 0.7490 0.3190
vn -0.0232 0.9102 -0.4135
vn -0.0232 0.9102 0.4135
vn -0.5053 0.7703 0.3891
vn -0.5052 0.7703 0.3891
vn -0.1100 0.8829 -0.4565
vn 0.0451 0.9342 0.3539
vn -0.4147 0.7957 0.4414
vn -0.2096 0.8536 -0.4769
vn 0.0927 0.9540 0.2851
vn -0.3139 0.8240 0.4717
vn -0.3140 0.8241 -0.4716
vn -0.3139 0.8240 -0.4717
vn 0.1211 0.9692 0.2145
vn -0.2096 0.8536 0.4769
vn -0.4147 0.7957 -0.4414
vn 0.1351 0.9799 0.1471
vn 0.1351 0.9798 0.1471
vn -0.5052 0.7703 -0.3890
vn -0.5052 0.7703 -0.3891
vn -0.5052 0.7703 -0.3892
vn 0.1401 0.9865 0.0852
vn -0.5806 0.7491 -0.3190
vn -0.5806 0.7490 -0.3191
vn -0.5805 0.7490 -0.3195
vn 0.1413 0.9896 0.0278
vn -0.6387 0.7323 -0.2362
vn -0.6384 0.7325 -0.2363
vn -0.6384 0.7326 -0.2363
vn 0.1413 0.9896 -0.0278
vn -0.6773 0.7213 -0.1450
vn -0.6772 0.7213 -0.1450
vn -0.6774 0.7212 -0.1448
vn -0.6772 0.7214 -0.1450
vn 0.1401 0.9865 -0.0852
vn -0.6970 0.7155 -0.0487
vn -0.6968 0.7156 -0.0485
vn -0.6970 0.7154 -0.0487
vn -0.6971 0.7153 -0.0490
vn 0.1351 0.9798 -0.1471
vn 0.1351 0.9799 -0.1471
vn -0.7985 -0.1307 -0.5876
vn -0.7986 -0.1308 -0.5875
vn -0.7986 -0.1306 -0.5875
vn -0.7986 -0.1307 -0.5875
vn 0.5623 -0.7652 0.3134
vn 0.5623 -0.7653 0.3132
vn 0.5623 -0.7654 0.3132
vn 0.5621 -0.7653 0.3135
vn 0.0845 -0.8612 0.5011
vn 0.0845 -0.8612 0.5012
vn 0.0845 -0.8613 0.5011
vn -0.1244 -0.8889 -0.4408
vn -0.1242 -0.8889 -0.4410
vn -0.1240 -0.8892 -0.4405
vn -0.1244 -0.8889 -0.4409
vn 0.6185 -0.7510 0.2312
vn 0.6184 -0.7510 0.2312
vn -0.2138 -0.8982 -0.3840
vn -0.2139 -0.8982 -0.3840
vn 0.6565 -0.7409 0.1417
vn -0.2887 -0.9048 -0.3132
vn -0.2887 -0.9048 -0.3131
vn -0.2887 -0.9047 -0.3132
vn 0.6757 -0.7357 0.0472
vn 0.6754 -0.7359 0.0474
vn 0.6757 -0.7356 0.0473
vn 0.6758 -0.7356 0.0476
vn -0.3467 -0.9091 -0.2310
vn -0.3467 -0.9091 -0.2312
vn -0.3470 -0.9090 -0.2309
vn -0.3469 -0.9090 -0.2311
vn 0.6759 -0.7355 -0.0473
vn 0.6761 -0.7353 -0.0475
vn 0.6757 -0.7356 -0.0474
vn 0.6757 -0.7356 -0.0476
vn -0.3856 -0.9118 -0.1416
vn -0.3858 -0.9117 -0.1417
vn -0.3860 -0.9116 -0.1414
vn -0.3859 -0.9116 -0.1417
vn 0.6565 -0.7409 -0.1418
vn 0.6565 -0.7409 -0.1417
vn -0.4057 -0.9128 -0.0476
vn -0.4059 -0.9127 -0.0477
vn -0.4060 -0.9126 -0.0477
vn -0.4058 -0.9127 -0.0477
vn 0.6185 -0.7510 -0.2312
vn -0.4055 -0.9129 0.0477
vn -0.4058 -0.9127 0.0477
vn -0.4060 -0.9127 0.0474
vn 0.5623 -0.7653 -0.3133
vn 0.5623 -0.7653 -0.3131
vn 0.5623 -0.7654 -0.3130
vn 0.5622 -0.7654 -0.3132
vn -0.3859 -0.9116 0.1417
vn -0.3860 -0.9116 0.1418
vn 0.4892 -0.7831 -0.3841
vn 0.4892 -0.7831 -0.3839
vn 0.4892 -0.7831 -0.3840
vn -0.3468 -0.9091 0.2308
vn -0.3467 -0.9091 0.2310
vn -0.3469 -0.9090 0.2311
vn -0.3471 -0.9088 0.2314
vn 0.4014 -0.8028 -0.4409
vn 0.1945 -0.8432 0.5012
vn 0.1946 -0.8432 0.5012
vn -0.2887 -0.9048 0.3131
vn -0.2888 -0.9048 0.3129
vn -0.2887 -0.9048 0.3132
vn -0.2886 -0.9048 0.3131
vn 0.3018 -0.8232 -0.4809
vn 0.3018 -0.8233 -0.4807
vn 0.3019 -0.8230 -0.4812
vn 0.3017 -0.8232 0.4809
vn 0.3016 -0.8232 0.4809
vn 0.3018 -0.8232 0.4809
vn -0.2137 -0.8983 0.3838
vn -0.2139 -0.8982 0.3840
vn -0.2140 -0.8982 0.3839
vn 0.1946 -0.8431 -0.5013
vn 0.1946 -0.8432 -0.5012
vn 0.1943 -0.8430 -0.5016
vn 0.4014 -0.8028 0.4409
vn 0.4013 -0.8029 0.4408
vn -0.1244 -0.8889 0.4409
vn -0.1247 -0.8889 0.4409
vn 0.0845 -0.8612 -0.5012
vn 0.0845 -0.8612 -0.5011
vn 0.4894 -0.7828 0.3842
vn 0.4892 -0.7830 0.3841
vn 0.4892 -0.7831 0.3840
vn -0.0237 -0.8766 0.4807
vn -0.0239 -0.8765 0.4807
vn -0.0240 -0.8765 0.4808
vn -0.0235 -0.8766 0.4807
vn -0.9518 0.2964 -0.0794
vn -0.9517 0.2964 -0.0798
vn -0.9517 0.2964 -0.0799
vn 0.9831 0.1611 0.0869
vn 0.9831 0.1610 0.0870
vn 0.9831 0.1612 0.0869
vn 0.9831 0.1613 0.0868
vn -0.8921 -0.1461 -0.4275
vn -0.8923 -0.1464 -0.4271
vn -0.8921 -0.1459 -0.4276
vn 0.9831 0.1611 -0.0869
vn 0.9831 0.1610 -0.0868
vn 0.9831 0.1612 -0.0869
vn 0.9831 0.1610 -0.0870
vn -0.9532 -0.1561 -0.2589
vn -0.9531 -0.1561 -0.2591
vn -0.9532 -0.1561 -0.2590
vn 0.9532 0.1558 -0.2591
vn 0.9531 0.1560 -0.2592
vn 0.9532 0.1559 -0.2592
vn 0.9532 0.1561 -0.2590
vn -0.9831 -0.1612 -0.0869
vn -0.9831 -0.1610 -0.0868
vn -0.9831 -0.1611 -0.0869
vn 0.8922 0.1461 -0.4274
vn 0.8921 0.1461 -0.4275
vn 0.8922 0.1460 -0.4275
vn 0.8922 0.1461 -0.4273
vn -0.9831 -0.1611 0.0869
vn -0.9831 -0.1610 0.0870
vn -0.9831 -0.1612 0.0869
vn -0.9831 -0.1610 0.0868
vn 0.7987 0.1309 -0.5874
vn 0.7986 0.1310 -0.5874
vn 0.7987 0.1309 -0.5873
vn 0.7987 0.1308 -0.5873
vn -0.9532 -0.1561 0.2589
vn -0.9533 -0.1563 0.2584
vn -0.9532 -0.1561 0.2590
vn 0.6712 0.1098 -0.7331
vn 0.6712 0.1099 -0.7331
vn 0.6713 0.1098 -0.7330
vn 0.6710 0.1101 -0.7332
vn -0.8922 -0.1463 0.4273
vn -0.8923 -0.1464 0.4271
vn -0.8921 -0.1461 0.4275
vn 0.5104 0.0837 -0.8559
vn 0.5104 0.0835 -0.8559
vn 0.1093 0.0179 0.9938
vn -0.7986 -0.1306 0.5875
vn -0.7986 -0.1308 0.5875
vn -0.7986 -0.1307 0.5875
vn -0.7986 -0.1305 0.5875
vn 0.3202 0.0523 -0.9459
vn 0.3200 0.0519 -0.9460
vn 0.3202 0.0522 -0.9459
vn 0.3201 0.0524 -0.9459
vn 0.3201 0.0525 0.9459
vn 0.3202 0.0524 0.9459
vn 0.3202 0.0523 0.9459
vn -0.6714 -0.1100 0.7329
vn -0.6712 -0.1099 0.7330
vn -0.6713 -0.1099 0.7330
vn 0.1092 0.0179 -0.9939
vn 0.1084 0.0178 -0.9939
vn 0.1093 0.0179 -0.9938
vn 0.1090 0.0179 -0.9939
vn 0.5103 0.0835 0.8559
vn 0.5102 0.0835 0.8560
vn 0.5103 0.0835 0.8560
vn 0.5103 0.0836 0.8559
vn -0.5105 -0.0836 0.8558
vn -0.5102 -0.0836 0.8560
vn -0.1093 -0.0179 -0.9938
vn -0.1088 -0.0179 -0.9939
vn -0.1090 -0.0179 -0.9939
vn 0.6715 0.1095 0.7329
vn 0.6712 0.1098 0.7331
vn 0.6712 0.1099 0.7330
vn 0.6713 0.1099 0.7330
vn -0.3204 -0.0526 0.9458
vn -0.3201 -0.0524 0.9459
vn -0.3204 -0.0526 -0.9458
vn -0.3201 -0.0524 -0.9459
vn -0.3200 -0.0523 -0.9460
vn 0.7987 0.1309 0.5873
vn 0.7986 0.1310 0.5874
vn 0.7987 0.1309 0.5874
vn 0.7987 0.1308 0.5873
vn -0.1093 -0.0179 0.9938
vn -0.1092 -0.0179 0.9939
vn -0.5104 -0.0836 -0.8559
vn -0.5101 -0.0836 -0.8560
vn -0.5102 -0.0836 -0.8560
vn -0.5103 -0.0836 -0.8559
vn 0.8922 0.1459 0.4275
vn 0.8921 0.1461 0.4275
vn 0.8922 0.1460 0.4274
vn 0.8922 0.1461 0.4273
vn -0.6712 -0.1099 -0.7330
vn -0.6713 -0.1099 -0.7330
vn -0.6712 -0.1099 -0.7331
vn 0.9532 0.1558 0.2591
vn 0.9532 0.1561 0.2589
vn 0.9532 0.1559 0.2592
vn 0.9531 0.1559 0.2592
vn -0.0252 0.9997 -0.0000
vn -0.0251 0.9997 0.0003
vn -0.0253 0.9997 0.0001
vn -0.0250 0.9997 -0.0000
vn -0.0251 0.9997 -0.0002
vn -0.0250 0.9997 -0.0001
vn -0.0251 0.9997 -0.0006
vn -0.0249 0.9997 -0.0000
vn -0.0253 0.9997 -0.0001
vn -0.0255 0.9997 -0.0000
vn -0.0253 0.9997 -0.0000
vn -0.0256 0.9997 -0.0002
vn -0.0254 0.9997 0.0002
vn -0.0251 0.9997 -0.0001
vn -0.0252 0.9997 -0.0001
vn -0.0254 0.9997 0.0003
vn -0.2350 0.9698 0.0659
vn -0.9518 0.2964 0.0794
vn -0.9517 0.2964 0.0798
vn -0.9517 0.2965 0.0796
vn -0.1189 0.9928 0.0158
vn -0.9205 0.3104 0.2372
vn -0.0071 0.9953 -0.0964
vn -0.8575 0.3388 0.3872
vn -0.8575 0.3388 0.3871
vn -0.8575 0.3390 0.3870
vn 0.0627 0.9641 -0.2579
vn 0.0627 0.9641 -0.2580
vn -0.0129 0.8079 0.5892
vn -0.7622 0.3824 0.5223
vn -0.7621 0.3825 0.5224
vn 0.0625 0.8982 -0.4351
vn 0.0625 0.8982 0.4351
vn -0.6348 0.4424 0.6335
vn -0.6350 0.4423 0.6334
vn -0.0129 0.8079 -0.5892
vn 0.0627 0.9641 0.2579
vn -0.4810 0.5180 0.7073
vn -0.4810 0.5181 0.7073
vn -0.1467 0.7071 -0.6917
vn -0.0071 0.9953 0.0964
vn -0.3116 0.6078 0.7304
vn -0.3116 0.6078 -0.7304
vn -0.1189 0.9928 -0.0158
vn -0.1467 0.7071 0.6917
vn -0.4810 0.5180 -0.7073
vn -0.2350 0.9698 -0.0659
vn -0.6353 0.4421 -0.6332
vn -0.6350 0.4423 -0.6334
vn -0.3255 0.9435 -0.0622
vn -0.7621 0.3825 -0.5224
vn -0.7621 0.3824 -0.5224
vn -0.3739 0.9271 -0.0245
vn -0.8575 0.3389 -0.3870
vn -0.8575 0.3388 -0.3871
vn -0.3739 0.9272 0.0245
vn -0.3739 0.9271 0.0245
vn -0.9205 0.3104 -0.2372
vn -0.9205 0.3105 -0.2372
vn -0.3255 0.9435 0.0622
vn 0.6343 -0.0000 0.7731
vn 0.8308 -0.5505 -0.0818
vn 0.8308 -0.5505 -0.0817
vn 0.8308 -0.5506 -0.0815
vn -0.7988 -0.5505 -0.2424
vn -0.7989 -0.5505 -0.2424
vn -0.7989 -0.5505 -0.2423
vn 0.7989 -0.5505 -0.2423
vn 0.7989 -0.5505 -0.2422
vn 0.7989 -0.5505 -0.2424
vn -0.8305 -0.5509 -0.0820
vn -0.8307 -0.5506 -0.0819
vn -0.8306 -0.5509 -0.0820
vn 0.7361 -0.5507 -0.3935
vn 0.7363 -0.5507 -0.3932
vn 0.7362 -0.5507 -0.3934
vn -0.8305 -0.5509 0.0820
vn -0.8307 -0.5507 0.0819
vn -0.8305 -0.5510 0.0820
vn 0.6453 -0.5505 -0.5296
vn 0.6452 -0.5507 -0.5296
vn 0.6453 -0.5505 -0.5297
vn 0.6454 -0.5505 -0.5296
vn -0.7989 -0.5505 0.2423
vn -0.7988 -0.5506 0.2423
vn -0.7986 -0.5509 0.2424
vn 0.5296 -0.5506 -0.6453
vn 0.5296 -0.5505 -0.6453
vn -0.7362 -0.5506 0.3935
vn -0.7361 -0.5507 0.3935
vn -0.7362 -0.5507 0.3935
vn 0.3937 -0.5504 -0.7362
vn 0.3935 -0.5506 -0.7362
vn 0.3935 -0.5505 -0.7363
vn 0.0820 -0.5509 0.8305
vn 0.0818 -0.5506 0.8307
vn 0.0818 -0.5505 0.8308
vn -0.6453 -0.5506 0.5296
vn -0.6453 -0.5504 0.5297
vn -0.6453 -0.5505 0.5296
vn 0.2425 -0.5505 -0.7988
vn 0.2423 -0.5505 -0.7989
vn 0.2428 -0.5506 -0.7987
vn 0.2425 -0.5506 0.7988
vn 0.2424 -0.5506 0.7988
vn 0.2426 -0.5506 0.7988
vn 0.2430 -0.5506 0.7986
vn -0.5296 -0.5505 0.6453
vn -0.5297 -0.5505 0.6453
vn 0.0817 -0.5505 -0.8308
vn 0.0818 -0.5505 -0.8308
vn 0.0819 -0.5505 -0.8308
vn 0.3934 -0.5507 0.7362
vn 0.3935 -0.5506 0.7362
vn 0.3929 -0.5511 0.7362
vn -0.3934 -0.5505 0.7363
vn -0.3935 -0.5505 0.7363
vn -0.3935 -0.5507 0.7362
vn -0.3935 -0.5508 0.7361
vn -0.0818 -0.5505 -0.8308
vn -0.0815 -0.5506 -0.8308
vn 0.5297 -0.5504 0.6454
vn 0.5296 -0.5507 0.6452
vn 0.5295 -0.5510 0.6450
vn 0.5295 -0.5507 0.6453
vn -0.2422 -0.5505 0.7989
vn -0.2423 -0.5505 0.7989
vn -0.2423 -0.5506 0.7988
vn -0.2424 -0.5505 -0.7989
vn -0.2423 -0.5505 -0.7989
vn -0.2426 -0.5506 -0.7987
vn 0.6452 -0.5506 0.5296
vn 0.6454 -0.5505 0.5296
vn 0.6450 -0.5509 0.5296
vn -0.0820 -0.5509 0.8305
vn -0.0820 -0.5510 0.8305
vn -0.0818 -0.5505 0.8308
vn -0.3936 -0.5502 -0.7364
vn -0.3935 -0.5503 -0.7364
vn -0.3936 -0.5503 -0.7364
vn -0.3936 -0.5503 -0.7363
vn 0.7365 -0.5500 0.3937
vn 0.7364 -0.5503 0.3935
vn 0.7364 -0.5502 0.3936
vn 0.7363 -0.5505 0.3936
vn -0.5298 -0.5503 -0.6453
vn -0.5296 -0.5505 -0.6453
vn -0.5297 -0.5506 -0.6451
vn -0.5299 -0.5504 -0.6452
vn 0.7989 -0.5505 0.2422
vn 0.7989 -0.5503 0.2427
vn 0.7989 -0.5505 0.2423
vn -0.6453 -0.5505 -0.5296
vn -0.6453 -0.5506 -0.5296
vn -0.6454 -0.5505 -0.5296
vn 0.8308 -0.5506 0.0816
vn 0.8308 -0.5505 0.0817
vn 0.8308 -0.5505 0.0818
vn -0.7362 -0.5507 -0.3935
vn -0.7363 -0.5505 -0.3935
vn -0.7362 -0.5506 -0.3935
vn -0.2906 -0.0000 0.9568
vn -0.2905 -0.0000 0.9569
vn -0.2911 -0.0000 0.9567
vn -0.2905 -0.0000 -0.9569
vn -0.2904 -0.0000 -0.9569
vn -0.2906 -0.0000 -0.9568
vn -0.2907 -0.0000 -0.9568
vn -0.0983 -0.0000 0.9952
vn -0.4713 -0.0000 -0.8820
vn 0.8820 -0.0000 0.4713
vn 0.9568 -0.0000 0.2906
vn 0.9569 -0.0000 0.2904
vn -0.7728 -0.0000 -0.6346
vn 0.9952 -0.0000 0.0979
vn 0.9952 -0.0000 0.0980
vn -0.8820 -0.0000 -0.4713
vn 0.9952 -0.0000 -0.0979
vn -0.9571 -0.0000 -0.2898
vn -0.9569 -0.0000 -0.2903
vn 0.9568 -0.0000 -0.2906
vn 0.9569 -0.0000 -0.2904
vn 0.9567 -0.0000 -0.2911
vn -0.9952 -0.0000 -0.0983
vn 0.8820 -0.0000 -0.4713
vn -0.9952 -0.0000 0.0983
vn -0.9952 -0.0000 0.0980
vn 0.7728 -0.0000 -0.6346
vn -0.9571 -0.0000 0.2898
vn -0.8820 -0.0000 0.4713
vn 0.4718 -0.0000 -0.8817
vn 0.0983 -0.0000 0.9952
vn 0.2905 -0.0000 -0.9569
vn 0.2907 -0.0000 -0.9568
vn 0.2911 -0.0000 -0.9567
vn 0.2902 -0.0000 0.9570
vn 0.2905 -0.0000 0.9569
vn -0.6343 -0.0000 0.7731
vn 0.0979 -0.0000 -0.9952
vn 0.4714 -0.0000 0.8819
vn 0.4712 -0.0000 0.8820
vn 0.4711 -0.0000 0.8821
vn -0.4715 -0.0000 0.8819
vn -0.0979 -0.0000 -0.9952
vn 0.8375 -0.4835 0.2545
vn 0.8376 -0.4836 0.2539
vn 0.8374 -0.4836 0.2547
vn 0.8376 -0.4835 0.2544
vn -0.6768 -0.4836 -0.5550
vn -0.6768 -0.4836 -0.5551
vn -0.6769 -0.4836 -0.5550
vn 0.8711 -0.4836 0.0854
vn 0.8711 -0.4836 0.0858
vn 0.8712 -0.4833 0.0863
vn -0.7719 -0.4837 -0.4125
vn -0.7720 -0.4834 -0.4127
vn -0.7719 -0.4835 -0.4128
vn -0.7718 -0.4836 -0.4128
vn 0.8711 -0.4836 -0.0855
vn 0.8711 -0.4836 -0.0858
vn 0.8712 -0.4834 -0.0861
vn 0.8711 -0.4837 -0.0852
vn -0.8376 -0.4835 -0.2541
vn -0.8376 -0.4837 -0.2539
vn -0.8377 -0.4836 -0.2538
vn -0.8376 -0.4836 -0.2541
vn 0.8376 -0.4836 -0.2540
vn 0.8376 -0.4835 -0.2544
vn 0.8376 -0.4835 -0.2542
vn 0.8376 -0.4836 -0.2541
vn -0.8711 -0.4836 -0.0858
vn -0.8711 -0.4836 -0.0854
vn -0.8711 -0.4836 -0.0856
vn 0.7719 -0.4836 -0.4127
vn 0.7720 -0.4836 -0.4125
vn 0.7720 -0.4836 -0.4124
vn -0.8711 -0.4836 0.0859
vn -0.8710 -0.4837 0.0861
vn -0.8711 -0.4836 0.0858
vn 0.6764 -0.4837 -0.5555
vn 0.6767 -0.4839 -0.5550
vn 0.6766 -0.4834 -0.5554
vn 0.6763 -0.4836 -0.5557
vn -0.8375 -0.4836 0.2543
vn -0.8376 -0.4836 0.2542
vn -0.8375 -0.4836 0.2542
vn -0.8376 -0.4836 0.2541
vn 0.5552 -0.4837 -0.6766
vn 0.5553 -0.4836 -0.6766
vn 0.5550 -0.4839 -0.6767
vn 0.5549 -0.4839 -0.6767
vn -0.7719 -0.4837 0.4125
vn -0.7719 -0.4836 0.4126
vn -0.7719 -0.4835 0.4127
vn -0.7720 -0.4838 0.4124
vn 0.4128 -0.4838 -0.7717
vn 0.4126 -0.4836 -0.7719
vn 0.4124 -0.4837 -0.7720
vn 0.4130 -0.4839 -0.7715
vn 0.0860 -0.4834 0.8712
vn 0.0859 -0.4836 0.8711
vn 0.0855 -0.4836 0.8711
vn 0.0858 -0.4836 0.8711
vn -0.6765 -0.4835 0.5555
vn -0.6765 -0.4834 0.5556
vn -0.6766 -0.4834 0.5555
vn -0.6768 -0.4836 0.5550
vn 0.2541 -0.4836 -0.8376
vn 0.2545 -0.4837 -0.8374
vn 0.2545 -0.4836 -0.8375
vn 0.2543 -0.4836 -0.8375
vn 0.2538 -0.4835 0.8377
vn 0.2541 -0.4836 0.8376
vn 0.2542 -0.4834 0.8377
vn -0.5552 -0.4835 0.6767
vn -0.5552 -0.4834 0.6769
vn -0.5552 -0.4836 0.6766
vn -0.5551 -0.4833 0.6770
vn 0.0857 -0.4836 -0.8711
vn 0.0859 -0.4836 -0.8711
vn 0.0858 -0.4836 -0.8711
vn 0.4126 -0.4836 0.7719
vn 0.4126 -0.4836 0.7720
vn 0.4125 -0.4836 0.7720
vn 0.4127 -0.4836 0.7719
vn -0.4127 -0.4835 0.7720
vn -0.4130 -0.4836 0.7717
vn -0.4129 -0.4835 0.7718
vn -0.4126 -0.4837 0.7719
vn -0.0857 -0.4836 -0.8711
vn -0.0859 -0.4836 -0.8711
vn 0.5550 -0.4836 0.6768
vn 0.5550 -0.4836 0.6769
vn 0.5551 -0.4836 0.6768
vn -0.2542 -0.4835 0.8376
vn -0.2542 -0.4837 0.8375
vn -0.2538 -0.4834 0.8378
vn -0.2543 -0.4836 0.8375
vn -0.2544 -0.4836 -0.8375
vn -0.2540 -0.4836 -0.8376
vn -0.2545 -0.4836 -0.8375
vn -0.2543 -0.4837 -0.8375
vn 0.6766 -0.4836 0.5553
vn 0.6768 -0.4836 0.5551
vn 0.6763 -0.4837 0.5557
vn -0.0855 -0.4836 0.8711
vn -0.0852 -0.4837 0.8711
vn -0.0860 -0.4834 0.8712
vn -0.0858 -0.4836 0.8711
vn -0.4125 -0.4836 -0.7720
vn -0.4123 -0.4837 -0.7720
vn -0.4126 -0.4836 -0.7720
vn 0.7720 -0.4836 0.4125
vn 0.7719 -0.4836 0.4127
vn -0.5553 -0.4836 -0.6766
vn -0.5550 -0.4836 -0.6768
vn -0.5555 -0.4836 -0.6764
vn -0.3549 -0.0000 -0.9349
vn -0.3550 -0.0000 -0.9349
vn -0.1657 -0.0000 -0.9862
vn 0.0299 -0.0000 -0.9996
vn 0.2243 -0.0000 -0.9745
vn 0.4101 -0.0000 -0.9121
vn 0.5802 -0.0000 -0.8145
vn 0.7279 -0.0000 -0.6857
vn 0.8477 -0.0000 -0.5305
vn 0.9349 -0.0000 -0.3550
vn 0.9349 -0.0000 -0.3549
vn 0.9862 -0.0000 -0.1657
vn 0.9862 -0.0000 -0.1656
vn 0.9996 -0.0000 0.0299
vn 0.9745 -0.0000 0.2243
vn 0.9121 -0.0000 0.4101
vn 0.9121 -0.0000 0.4100
vn 0.9120 -0.0000 0.4101
vn 0.8145 -0.0000 0.5802
vn 0.6857 -0.0000 0.7279
vn 0.5305 -0.0000 0.8477
vn 0.3549 -0.0000 0.9349
vn 0.1657 -0.0000 0.9862
vn -0.0299 -0.0000 0.9996
vn -0.2243 -0.0000 0.9745
vn -0.4101 -0.0000 0.9120
vn -0.5801 -0.0000 0.8145
vn -0.7279 -0.0000 0.6857
vn -0.8477 -0.0000 0.5305
vn -0.9349 -0.0000 0.3549
vn -0.9862 -0.0000 0.1657
vn -0.9996 -0.0000 -0.0299
vn -0.9745 -0.0000 -0.2243
vn -0.9121 -0.0000 -0.4101
vn -0.8145 -0.0000 -0.5802
vn 0.8312 0.4606 -0.3113
vn -0.6857 -0.0000 -0.7279
vn -0.5305 -0.0000 -0.8477
vn 0.0001 -1.0000 -0.0000
vn 0.0002 -1.0000 -0.0000
vn -0.0001 -1.0000 -0.0000
vn -0.0001 -1.0000 0.0002
vn 0.0579 0.6232 -0.7799
vn -0.0799 0.7021 0.7076
vn -0.0797 0.7021 0.7076
vn -0.0800 0.7021 0.7076
vn -0.1629 0.9797 0.1167
vn -0.1629 0.9797 0.1168
vn 0.3330 0.4517 -0.8277
vn 0.6771 0.4608 0.5738
vn -0.1180 0.9930 0.0100
vn -0.4227 0.5300 -0.7351
vn -0.4228 0.5300 -0.7351
vn -0.5559 0.6037 -0.5715
vn -0.5559 0.6037 -0.5714
vn -0.5558 0.6037 -0.5715
vn 0.8784 0.4584 -0.1349
vn -0.2241 0.8075 0.5457
vn -0.2239 0.8075 0.5457
vn -0.2240 0.8075 0.5457
vn -0.2940 0.9504 0.1014
vn -0.2940 0.9504 0.1015
vn 0.4980 0.4548 -0.7383
vn 0.5216 0.4843 0.7024
vn 0.5215 0.4843 0.7025
vn -0.0647 0.9978 0.0115
vn -0.2447 0.4843 -0.8400
vn -0.2446 0.4843 -0.8400
vn 0.8892 0.4548 0.0493
vn -0.2814 0.8945 0.3473
vn -0.2814 0.8945 0.3474
vn -0.2814 0.8946 0.3473
vn -0.4467 0.8946 0.0144
vn 0.6383 0.4584 -0.6184
vn 0.3304 0.5300 0.7810
vn -0.0482 0.9978 0.0446
vn -0.0482 0.4608 -0.8862
vn 0.8607 0.4517 0.2348
vn -0.2585 0.9504 0.1730
vn -0.2584 0.9504 0.1730
vn -0.5702 0.8075 -0.1511
vn 0.7503 0.4606 -0.4742
vn 0.1195 0.6037 0.7882
vn 0.1194 0.6037 0.7882
vn -0.0792 0.9930 0.0880
vn 0.1484 0.4521 -0.8795
vn 0.7905 0.4521 0.4132
vn -0.1914 0.9797 0.0593
vn -0.1915 0.9797 0.0593
vn -0.6121 0.7021 -0.3638
vn -0.8205 -0.4011 0.4074
vn -0.8203 -0.4014 0.4074
vn -0.8203 -0.4014 0.4075
vn -0.8203 -0.4013 0.4075
vn -0.8202 -0.4015 0.4075
vn -0.8203 -0.4014 0.4073
vn -0.8204 -0.4014 0.4073
vn -0.8202 -0.4014 0.4075
vn -0.8202 -0.4016 0.4074
vn -0.8203 -0.4016 0.4072
vn -0.8204 -0.4013 0.4074
vn -0.9366 -0.1056 -0.3341
vn -0.9366 -0.1055 -0.3340
vn -0.9366 -0.1056 -0.3340
vn -0.2998 -0.1056 0.9481
vn -0.2997 -0.1056 0.9482
vn 0.1544 0.7314 -0.6643
vn 0.1544 0.7314 -0.6642
vn -0.5748 -0.0877 -0.8136
vn -0.5747 -0.0878 -0.8137
vn -0.5748 -0.0878 -0.8135
vn -0.5748 -0.0878 -0.8136
vn -0.8931 0.3342 0.3011
vn 0.2405 0.8072 -0.5390
vn -0.7744 0.6269 -0.0856
vn -0.7744 0.6269 -0.0858
vn -0.7744 0.6269 -0.0857
vn 0.3184 0.8550 -0.4094
vn -0.6107 0.7775 -0.1500
vn -0.6107 0.7775 -0.1501
vn -0.6107 0.7775 -0.1502
vn 0.3901 0.8780 -0.2773
vn 0.3901 0.8780 -0.2774
vn -0.4802 0.8702 -0.1105
vn -0.4801 0.8702 -0.1104
vn 0.4567 0.8780 -0.1432
vn -0.3773 0.9257 -0.0287
vn -0.3773 0.9256 -0.0287
vn 0.5186 0.8550 -0.0064
vn -0.2976 0.9518 0.0749
vn -0.2976 0.9517 0.0749
vn 0.5748 0.8072 0.1341
vn -0.2395 0.9518 0.1918
vn 0.6226 0.7314 0.2783
vn -0.2052 0.9256 0.3180
vn 0.6564 0.6232 0.4252
vn 0.6564 0.6233 0.4250
vn 0.6564 0.6232 0.4251
vn -0.2020 0.8702 0.4494
vn -0.2020 0.8702 0.4495
vn -0.2021 0.8702 0.4493
vn 0.6664 0.4793 0.5711
vn 0.6664 0.4794 0.5711
vn 0.6664 0.4794 0.5710
vn -0.3422 0.0998 -0.9343
vn -0.3420 0.0999 -0.9344
vn -0.2494 0.7775 0.5773
vn 0.6363 0.3010 0.7103
vn 0.6363 0.3011 0.7103
vn 0.6363 0.3012 0.7102
vn -0.1816 0.3010 -0.9362
vn -0.3997 0.6269 0.6688
vn -0.3996 0.6269 0.6688
vn -0.3995 0.6269 0.6688
vn 0.5377 0.0998 0.8372
vn -0.0525 0.4794 -0.8760
vn -0.7796 0.3341 0.5298
vn -0.7796 0.3341 0.5297
vn -0.7796 0.3342 0.5297
vn -0.7796 0.3342 0.5296
vn 0.3010 -0.0878 0.9496
vn 0.3009 -0.0878 0.9496
vn 0.3008 -0.0878 0.9496
vn 0.7148 -0.0000 -0.6994
vn 0.8375 -0.0000 -0.5465
vn 0.8375 -0.0000 -0.5464
vn 0.9280 -0.0000 -0.3726
vn 0.9829 -0.0000 -0.1844
vn 0.9828 -0.0000 -0.1844
vn 0.9999 -0.0000 0.0109
vn 0.9786 -0.0000 0.2058
vn 0.9197 -0.0000 0.3927
vn 0.8254 -0.0000 0.5646
vn 0.6993 -0.0000 0.7148
vn 0.5465 -0.0000 0.8375
vn 0.5464 -0.0000 0.8375
vn 0.3726 -0.0000 0.9280
vn 0.1844 -0.0000 0.9829
vn -0.0109 -0.0000 0.9999
vn -0.2058 -0.0000 0.9786
vn -0.3927 -0.0000 0.9197
vn -0.5646 -0.0000 0.8254
vn -0.5647 -0.0000 0.8253
vn -0.5645 -0.0000 0.8254
vn -0.7148 -0.0000 0.6994
vn -0.8375 -0.0000 0.5465
vn -0.9280 -0.0000 0.3726
vn -0.9829 -0.0000 0.1844
vn -0.9999 -0.0000 -0.0109
vn -0.9786 -0.0000 -0.2058
vn -0.9197 -0.0000 -0.3927
vn -0.9197 -0.0000 -0.3926
vn -0.8254 -0.0000 -0.5645
vn -0.8254 -0.0000 -0.5646
vn -0.6993 -0.0000 -0.7148
vn -0.5465 -0.0000 -0.8375
vn -0.3726 -0.0000 -0.9280
vn -0.1844 -0.0000 -0.9829
vn 0.0109 -0.0000 -0.9999
vn 0.2058 -0.0000 -0.9786
vn 0.6179 0.4606 0.6372
vn 0.3927 -0.0000 -0.9197
vn 0.5646 -0.0000 -0.8254
vn 0.5646 -0.0000 -0.8253
vn 0.7379 0.6232 -0.2591
vn -0.6804 0.7021 0.2099
vn -0.6804 0.7021 0.2100
vn -0.1721 0.9797 -0.1026
vn -0.1721 0.9797 -0.1027
vn 0.8918 0.4517 -0.0260
vn 0.8918 0.4517 -0.0261
vn -0.2550 0.4608 0.8501
vn -0.0563 0.9930 -0.1042
vn 0.5046 0.5300 -0.6815
vn 0.3013 0.6037 -0.7381
vn 0.3012 0.6037 -0.7381
vn 0.4751 0.4584 0.7511
vn -0.5897 0.8075 0.0128
vn -0.5897 0.8075 0.0129
vn -0.5897 0.8075 0.0130
vn -0.2105 0.9504 -0.2289
vn -0.2106 0.9504 -0.2289
vn 0.8759 0.4548 0.1610
vn -0.4351 0.4843 0.7590
vn -0.4351 0.4843 0.7591
vn -0.0364 0.9978 -0.0547
vn 0.6720 0.4843 -0.5603
vn 0.6720 0.4843 -0.5602
vn 0.6719 0.4843 -0.5603
vn 0.3106 0.4548 0.8347
vn -0.4308 0.8946 -0.1188
vn -0.4308 0.8946 -0.1187
vn -0.4308 0.8946 -0.1189
vn -0.1919 0.8946 -0.4036
vn -0.1917 0.8946 -0.4036
vn 0.8222 0.4584 0.3375
vn -0.5835 0.5300 0.6153
vn -0.0602 0.9978 -0.0263
vn 0.7929 0.4608 -0.3987
vn 0.1292 0.4517 0.8828
vn -0.2619 0.9504 -0.1677
vn -0.2619 0.9504 -0.1676
vn -0.2619 0.9504 -0.1678
vn -0.0897 0.8075 -0.5830
vn -0.0895 0.8075 -0.5830
vn 0.7349 0.4606 0.4978
vn 0.7348 0.4606 0.4978
vn -0.6745 0.6037 0.4249
vn -0.6747 0.6036 0.4248
vn -0.6746 0.6037 0.4248
vn -0.1124 0.9930 -0.0374
vn 0.8654 0.4521 -0.2160
vn -0.0624 0.4521 0.8898
vn -0.1309 0.9797 -0.1517
vn 0.0885 0.7021 -0.7065
vn 0.0886 0.7021 -0.7065
vn -0.7016 -0.4014 -0.5887
vn -0.7017 -0.4011 -0.5888
vn -0.7016 -0.4015 -0.5887
vn -0.7015 -0.4013 -0.5889
vn -0.7015 -0.4015 -0.5889
vn -0.7015 -0.4014 -0.5889
vn -0.7015 -0.4014 -0.5888
vn -0.7017 -0.4012 -0.5888
vn -0.7016 -0.4014 -0.5888
vn -0.0685 -0.1056 -0.9920
vn -0.0686 -0.1056 -0.9920
vn -0.9889 -0.1056 0.1047
vn -0.9889 -0.1056 0.1048
vn 0.6706 0.7314 -0.1242
vn 0.6706 0.7314 -0.1241
vn 0.5158 -0.0878 -0.8522
vn 0.5157 -0.0878 -0.8523
vn -0.6333 0.3342 -0.6980
vn 0.5902 0.8072 0.0047
vn -0.2313 0.6269 -0.7440
vn -0.2311 0.6269 -0.7440
vn 0.5026 0.8550 0.1280
vn -0.1067 0.7775 -0.6197
vn -0.1067 0.7775 -0.6198
vn -0.1068 0.7775 -0.6197
vn 0.4102 0.8780 0.2465
vn -0.0908 0.8702 -0.4842
vn -0.0908 0.8702 -0.4843
vn -0.0907 0.8702 -0.4843
vn 0.3140 0.8780 0.3612
vn -0.1247 0.9256 -0.3573
vn 0.2133 0.8550 0.4727
vn -0.1877 0.9518 -0.2427
vn 0.1071 0.8072 0.5804
vn -0.2716 0.9518 -0.1427
vn -0.0059 0.7314 0.6820
vn -0.0059 0.7314 0.6819
vn -0.0059 0.7313 0.6820
vn -0.3735 0.9256 -0.0608
vn -0.1270 0.6232 0.7717
vn -0.1269 0.6232 0.7717
vn -0.4927 0.8702 -0.0054
vn -0.4927 0.8702 -0.0053
vn -0.4927 0.8702 -0.0055
vn -0.2568 0.4793 0.8392
vn -0.2568 0.4794 0.8392
vn 0.7193 0.0998 -0.6875
vn 0.7194 0.0998 -0.6874
vn -0.6288 0.7775 0.0024
vn -0.6288 0.7776 0.0023
vn -0.6289 0.7775 0.0024
vn -0.6289 0.7775 0.0025
vn -0.3964 0.3011 0.8673
vn -0.3964 0.3010 0.8673
vn -0.3965 0.3009 0.8673
vn 0.7853 0.3010 -0.5410
vn 0.7854 0.3011 -0.5409
vn -0.7728 0.6269 -0.0986
vn -0.5521 0.0998 0.8278
vn -0.5520 0.0999 0.8278
vn 0.7819 0.4794 -0.3985
vn 0.7819 0.4794 -0.3986
vn 0.7818 0.4794 -0.3986
vn -0.7974 0.3342 -0.5024
vn -0.7974 0.3343 -0.5024
vn -0.7498 -0.0879 0.6558
vn -0.7498 -0.0878 0.6558
vn -0.7497 -0.0876 0.6560
vn 0.0602 -0.0000 -0.9982
vn 0.2538 -0.0000 -0.9673
vn 0.4375 -0.0000 -0.8992
vn 0.6047 -0.0000 -0.7965
vn 0.6046 -0.0000 -0.7966
vn 0.7484 -0.0000 -0.6633
vn 0.8634 -0.0000 -0.5044
vn 0.8633 -0.0000 -0.5046
vn 0.8634 -0.0000 -0.5045
vn 0.9452 -0.0000 -0.3264
vn 0.9452 -0.0000 -0.3265
vn 0.9908 -0.0000 -0.1357
vn 0.9907 -0.0000 -0.1357
vn 0.9982 -0.0000 0.0602
vn 0.9673 -0.0000 0.2538
vn 0.8992 -0.0000 0.4376
vn 0.7968 -0.0000 0.6042
vn 0.7967 -0.0000 0.6044
vn 0.6633 -0.0000 0.7484
vn 0.5043 -0.0000 0.8635
vn 0.5042 -0.0000 0.8636
vn 0.5044 -0.0000 0.8634
vn 0.3264 -0.0000 0.9452
vn 0.3265 -0.0000 0.9452
vn 0.1357 -0.0000 0.9908
vn -0.0602 -0.0000 0.9982
vn -0.2538 -0.0000 0.9673
vn -0.4375 -0.0000 0.8992
vn -0.6046 -0.0000 0.7965
vn -0.7484 -0.0000 0.6633
vn -0.8634 -0.0000 0.5045
vn -0.9452 -0.0000 0.3264
vn -0.9907 -0.0000 0.1357
vn -0.9982 -0.0000 -0.0602
vn -0.9673 -0.0000 -0.2538
vn -0.8992 -0.0000 -0.4376
vn -0.7965 -0.0000 -0.6046
vn -0.6633 -0.0000 -0.7484
vn -0.6633 -0.0000 -0.7483
vn -0.5044 -0.0000 -0.8634
vn -0.5045 -0.0000 -0.8634
vn 0.8857 0.4606 0.0574
vn -0.3264 -0.0000 -0.9452
vn -0.1357 -0.0000 -0.9907
vn -0.1357 -0.0000 -0.9908
vn 0.3730 0.6232 -0.6874
vn 0.3730 0.6232 -0.6873
vn -0.3634 0.7021 0.6124
vn -0.1964 0.9797 0.0395
vn -0.1964 0.9797 0.0394
vn 0.6435 0.4517 -0.6180
vn 0.3818 0.4608 0.8012
vn -0.1117 0.9930 -0.0394
vn -0.0837 0.5300 -0.8439
vn -0.0836 0.5300 -0.8439
vn -0.0838 0.5300 -0.8438
vn -0.2723 0.6037 -0.7493
vn -0.2724 0.6037 -0.7493
vn -0.2722 0.6037 -0.7493
vn -0.2721 0.6037 -0.7493
vn 0.8564 0.4584 0.2376
vn -0.4284 0.8075 0.4055
vn -0.4283 0.8075 0.4055
vn -0.4284 0.8075 0.4054
vn -0.3097 0.9504 -0.0282
vn -0.3097 0.9504 -0.0283
vn 0.7572 0.4548 -0.4688
vn 0.1871 0.4843 0.8547
vn 0.1872 0.4843 0.8546
vn 0.1872 0.4843 0.8547
vn -0.0637 0.9978 -0.0161
vn 0.1219 0.4843 -0.8664
vn 0.1218 0.4843 -0.8664
vn 0.7906 0.4548 0.4100
vn -0.3991 0.8946 0.2011
vn -0.4131 0.8946 -0.1703
vn -0.4132 0.8946 -0.1703
vn 0.8359 0.4584 -0.3019
vn -0.0195 0.5300 0.8478
vn -0.0194 0.5300 0.8478
vn -0.0623 0.9978 0.0209
vn 0.3199 0.4608 -0.8279
vn 0.3197 0.4608 -0.8279
vn 0.3198 0.4608 -0.8279
vn 0.6884 0.4517 0.5675
vn 0.6885 0.4517 0.5674
vn 0.6885 0.4517 0.5675
vn -0.3066 0.9504 0.0517
vn -0.3067 0.9504 0.0517
vn -0.4579 0.8075 -0.3718
vn -0.4579 0.8075 -0.3719
vn 0.8788 0.4606 -0.1244
vn -0.2147 0.6037 0.7678
vn -0.2146 0.6037 0.7678
vn -0.2149 0.6037 0.7677
vn -0.1084 0.9930 0.0477
vn 0.4964 0.4521 -0.7411
vn 0.5512 0.4521 0.7013
vn -0.1989 0.9797 -0.0245
vn -0.4088 0.7021 -0.5830
vn -0.4088 0.7021 -0.5831
vn -0.9152 -0.4014 0.0347
vn -0.9152 -0.4015 0.0351
vn -0.9153 -0.4014 0.0348
vn -0.9152 -0.4016 0.0347
vn -0.9152 -0.4014 0.0348
vn -0.9153 -0.4013 0.0347
vn -0.9152 -0.4015 0.0347
vn -0.9154 -0.4010 0.0346
vn -0.9153 -0.4014 0.0346
vn -0.9153 -0.4013 0.0348
vn -0.9152 -0.4014 0.0344
vn -0.9153 -0.4014 0.0347
vn -0.7168 -0.1056 -0.6892
vn -0.7169 -0.1056 -0.6892
vn -0.7169 -0.1056 -0.6891
vn -0.6625 -0.1057 0.7415
vn -0.6626 -0.1056 0.7415
vn 0.4135 0.7314 -0.5423
vn -0.1901 -0.0878 -0.9778
vn -0.9380 0.3342 -0.0922
vn -0.9380 0.3343 -0.0922
vn -0.9380 0.3341 -0.0923
vn 0.4406 0.8072 -0.3928
vn 0.4406 0.8072 -0.3927
vn -0.6709 0.6269 -0.3962
vn -0.6709 0.6269 -0.3961
vn 0.4584 0.8550 -0.2426
vn -0.4952 0.7775 -0.3876
vn -0.4952 0.7775 -0.3877
vn 0.4695 0.8780 -0.0928
vn -0.3925 0.8702 -0.2979
vn -0.3925 0.8701 -0.2981
vn -0.3925 0.8702 -0.2978
vn 0.4752 0.8780 0.0569
vn -0.3323 0.9256 -0.1810
vn -0.3323 0.9257 -0.1809
vn 0.4755 0.8550 0.2071
vn 0.4755 0.8550 0.2070
vn -0.3021 0.9518 -0.0539
vn 0.4691 0.8072 0.3582
vn -0.2971 0.9518 0.0766
vn 0.4535 0.7314 0.5094
vn 0.4535 0.7313 0.5094
vn -0.3176 0.9256 0.2058
vn -0.3176 0.9257 0.2056
vn -0.3176 0.9256 0.2057
vn 0.4240 0.6232 0.6571
vn 0.4240 0.6231 0.6573
vn 0.4240 0.6231 0.6572
vn -0.3687 0.8703 0.3267
vn -0.3687 0.8702 0.3268
vn -0.3687 0.8702 0.3269
vn 0.3731 0.4795 0.7943
vn 0.3731 0.4794 0.7944
vn 0.0715 0.0998 -0.9924
vn -0.4644 0.7775 0.4240
vn 0.2886 0.3010 0.9089
vn 0.2188 0.3010 -0.9282
vn 0.2190 0.3010 -0.9281
vn -0.6389 0.6269 0.4459
vn -0.6389 0.6269 0.4458
vn 0.1465 0.0998 0.9842
vn 0.3118 0.4793 -0.8204
vn -0.9283 0.3342 0.1630
vn -0.9283 0.3341 0.1631
vn -0.1154 -0.0878 0.9894
vt 0.000000 0.000000
vt 1.000000 1.000000
vt 0.968800 1.000000
vt 0.968800 0.500000
vt 1.000000 0.500000
vt 0.937500 1.000000
vt 0.937500 0.500000
vt 0.906200 1.000000
vt 0.906200 0.500000
vt 0.875000 1.000000
vt 0.875000 0.500000
vt 0.843800 1.000000
vt 0.843800 0.500000
vt 0.812500 0.500000
vt 0.812500 1.000000
vt 0.781200 0.500000
vt 0.781200 1.000000
vt 0.750000 1.000000
vt 0.750000 0.500000
vt 0.718800 0.500000
vt 0.718800 1.000000
vt 0.687500 0.500000
vt 0.687500 1.000000
vt 0.656200 0.500000
vt 0.656200 1.000000
vt 0.625000 1.000000
vt 0.625000 0.500000
vt 0.593800 0.500000
vt 0.593800 1.000000
vt 0.562500 0.500000
vt 0.562500 1.000000
vt 0.531200 0.500000
vt 0.531200 1.000000
vt 0.500000 0.500000
vt 0.500000 1.000000
vt 0.468800 0.500000
vt 0.468800 1.000000
vt 0.437500 0.500000
vt 0.437500 1.000000
vt 0.406200 0.500000
vt 0.406200 1.000000
vt 0.375000 1.000000
vt 0.375000 0.500000
vt 0.343800 1.000000
vt 0.343800 0.500000
vt 0.312500 0.500000
vt 0.312500 1.000000
vt 0.281200 0.500000
vt 0.281200 1.000000
vt 0.250000 1.000000
vt 0.250000 0.500000
vt 0.218800 1.000000
vt 0.218800 0.500000
vt 0.187500 0.500000
vt 0.187500 1.000000
vt 0.156200 1.000000
vt 0.156200 0.500000
vt 0.125000 0.500000
vt 0.125000 1.000000
vt 0.093800 0.500000
vt 0.093800 1.000000
vt 0.062500 1.000000
vt 0.062500 0.500000
vt 0.031200 1.000000
vt 0.031200 0.500000
vt 0.000000 1.000000
vt 0.000000 0.500000
vt 0.796800 0.485400
vt 0.841800 0.471700
vt 0.883300 0.449600
vt 0.919700 0.419700
vt 0.949600 0.383300
vt 0.971700 0.341800
vt 0.985400 0.296800
vt 0.990000 0.250000
vt 0.985400 0.203200
vt 0.971700 0.158200
vt 0.949600 0.116700
vt 0.919700 0.080300
vt 0.883300 0.050400
vt 0.841800 0.028300
vt 0.796800 0.014600
vt 0.750000 0.010000
vt 0.703200 0.014600
vt 0.658200 0.028300
vt 0.616700 0.050400
vt 0.580300 0.080300
vt 0.550400 0.116700
vt 0.528300 0.158200
vt 0.514600 0.203200
vt 0.510000 0.250000
vt 0.514600 0.296800
vt 0.528300 0.341800
vt 0.550400 0.383300
vt 0.580300 0.419700
vt 0.616700 0.449600
vt 0.658200 0.471700
vt 0.750000 0.490000
vt 0.703200 0.485400
vt 0.296800 0.485400
vt 0.250000 0.490000
vt 0.203200 0.485400
vt 0.158200 0.471700
vt 0.116700 0.449600
vt 0.080300 0.419700
vt 0.050400 0.383300
vt 0.028300 0.341800
vt 0.014600 0.296800
vt 0.010000 0.250000
vt 0.014600 0.203200
vt 0.028300 0.158200
vt 0.050400 0.116700
vt 0.080300 0.080300
vt 0.116700 0.050400
vt 0.158200 0.028300
vt 0.203200 0.014600
vt 0.250000 0.010000
vt 0.296800 0.014600
vt 0.341800 0.028300
vt 0.383300 0.050400
vt 0.419700 0.080300
vt 0.449600 0.116700
vt 0.471700 0.158200
vt 0.485400 0.203200
vt 0.490000 0.250000
vt 0.485400 0.296800
vt 0.471700 0.341800
vt 0.449600 0.383300
vt 0.419700 0.419700
vt 0.383300 0.449600
vt 0.341800 0.471700
s 1
g off
f 1/1/1 2/1/1 3/1/1
f 3/1/1 4/1/1 5/1/1
f 1/1/1 3/1/1 5/1/1
f 5/1/1 6/1/1 7/1/1
f 7/1/1 8/1/1 9/1/1
f 5/1/1 7/1/1 9/1/1
f 1/1/1 5/1/1 9/1/1
f 9/1/1 10/1/1 11/1/1
f 11/1/1 12/1/1 13/1/1
f 9/1/1 11/1/1 13/1/1
f 13/1/1 14/1/1 15/1/1
f 15/1/1 16/1/1 17/1/1
f 13/1/1 15/1/1 17/1/1
f 9/1/1 13/1/1 17/1/1
f 17/1/1 18/1/1 19/1/1
f 19/1/1 20/1/1 21/1/1
f 17/1/1 19/1/1 21/1/1
f 21/1/1 22/1/1 23/1/1
f 23/1/1 24/1/1 25/1/1
f 21/1/1 23/1/1 25/1/1
f 17/1/1 21/1/1 25/1/1
f 9/1/1 17/1/1 25/1/1
f 1/1/1 9/1/1 25/1/1
f 26/1/1 27/1/1 28/1/1
f 25/1/1 26/1/1 28/1/1
f 25/1/1 28/1/1 29/1/1
f 1/1/1 25/1/1 29/1/1
f 30/1/1 1/1/1 29/1/1
f 30/1/1 29/1/1 31/1/1
f 30/1/1 31/1/1 32/1/1
f 33/1/2 34/1/2 35/1/2
f 35/1/2 36/1/3 33/1/2
f 3/1/4 37/1/5 38/1/6
f 38/1/6 4/1/7 3/1/4
f 16/1/8 39/1/9 40/1/8
f 40/1/8 17/1/10 16/1/8
f 31/1/11 29/1/12 41/1/13
f 41/1/13 42/1/14 31/1/11
f 2/1/15 43/1/15 37/1/15
f 37/1/15 3/1/16 2/1/15
f 15/1/17 44/1/18 39/1/18
f 39/1/18 16/1/17 15/1/17
f 28/1/19 45/1/20 41/1/21
f 41/1/21 29/1/19 28/1/19
f 2/1/22 1/1/23 46/1/23
f 46/1/23 43/1/24 2/1/22
f 14/1/25 47/1/26 44/1/27
f 44/1/27 15/1/28 14/1/25
f 48/1/29 45/1/30 28/1/31
f 28/1/31 27/1/32 48/1/29
f 13/1/33 49/1/34 47/1/35
f 47/1/35 14/1/35 13/1/33
f 26/1/36 50/1/37 48/1/38
f 48/1/38 27/1/39 26/1/36
f 12/1/40 51/1/41 49/1/42
f 49/1/42 13/1/40 12/1/40
f 52/1/43 50/1/44 26/1/43
f 26/1/43 25/1/45 52/1/43
f 11/1/46 53/1/47 51/1/48
f 51/1/48 12/1/49 11/1/46
f 52/1/50 25/1/51 24/1/52
f 24/1/52 54/1/53 52/1/50
f 10/1/54 55/1/55 53/1/56
f 53/1/56 11/1/57 10/1/54
f 24/1/58 23/1/58 56/1/59
f 56/1/59 54/1/60 24/1/58
f 9/1/61 36/1/62 55/1/63
f 55/1/63 10/1/64 9/1/61
f 22/1/65 57/1/66 56/1/67
f 56/1/67 23/1/68 22/1/65
f 8/1/69 33/1/70 36/1/71
f 36/1/71 9/1/72 8/1/69
f 21/1/73 58/1/74 57/1/75
f 57/1/75 22/1/76 21/1/73
f 7/1/77 59/1/78 33/1/77
f 33/1/77 8/1/79 7/1/77
f 20/1/80 60/1/81 58/1/81
f 58/1/81 21/1/80 20/1/80
f 6/1/82 61/1/83 59/1/84
f 59/1/84 7/1/85 6/1/82
f 19/1/86 62/1/87 60/1/86
f 60/1/86 20/1/88 19/1/86
f 46/1/89 1/1/90 30/1/91
f 30/1/91 63/1/92 46/1/89
f 5/1/93 64/1/94 61/1/95
f 61/1/95 6/1/96 5/1/93
f 18/1/97 65/1/98 62/1/99
f 62/1/99 19/1/100 18/1/97
f 63/1/101 30/1/102 32/1/101
f 32/1/101 66/1/103 63/1/101
f 4/1/104 38/1/105 64/1/106
f 64/1/106 5/1/107 4/1/104
f 17/1/108 40/1/109 65/1/109
f 65/1/109 18/1/108 17/1/108
f 66/1/110 32/1/111 31/1/112
f 31/1/112 42/1/113 66/1/110
f 67/1/114 68/1/114 69/1/114
f 69/1/114 70/1/114 71/1/114
f 67/1/114 69/1/114 71/1/114
f 71/1/114 72/1/114 73/1/114
f 71/1/114 73/1/114 74/1/114
f 67/1/114 71/1/114 74/1/114
f 67/1/114 74/1/114 75/1/114
f 75/1/114 76/1/114 77/1/114
f 77/1/114 78/1/114 79/1/114
f 75/1/114 77/1/114 79/1/114
f 79/1/114 80/1/114 81/1/114
f 81/1/114 82/1/114 83/1/114
f 79/1/114 81/1/114 83/1/114
f 75/1/114 79/1/114 83/1/114
f 83/1/114 84/1/114 85/1/114
f 85/1/114 86/1/114 87/1/114
f 83/1/114 85/1/114 87/1/114
f 87/1/114 88/1/114 89/1/114
f 89/1/114 35/1/114 34/1/114
f 87/1/114 89/1/114 34/1/114
f 83/1/114 87/1/114 34/1/114
f 75/1/114 83/1/114 34/1/114
f 34/1/114 90/1/114 91/1/114
f 91/1/114 92/1/114 93/1/114
f 34/1/114 91/1/114 93/1/114
f 93/1/114 94/1/114 95/1/114
f 93/1/114 95/1/114 96/1/114
f 34/1/114 93/1/114 96/1/114
f 75/1/114 34/1/114 96/1/114
f 67/1/114 75/1/114 96/1/114
f 58/1/115 78/1/115 77/1/115
f 77/1/115 57/1/115 58/1/115
f 59/1/116 90/1/116 34/1/116
f 34/1/116 33/1/116 59/1/116
f 60/1/117 79/1/117 78/1/117
f 78/1/117 58/1/117 60/1/117
f 61/1/118 91/1/118 90/1/118
f 90/1/118 59/1/118 61/1/118
f 62/1/119 80/1/119 79/1/119
f 79/1/119 60/1/119 62/1/119
f 63/1/120 67/1/120 96/1/120
f 96/1/120 46/1/120 63/1/120
f 64/1/121 92/1/121 91/1/121
f 91/1/121 61/1/121 64/1/121
f 65/1/122 81/1/122 80/1/122
f 80/1/122 62/1/122 65/1/122
f 66/1/123 68/1/123 67/1/123
f 67/1/123 63/1/123 66/1/123
f 38/1/124 93/1/124 92/1/124
f 92/1/124 64/1/125 38/1/124
f 40/1/126 82/1/126 81/1/126
f 81/1/126 65/1/126 40/1/126
f 42/1/127 69/1/127 68/1/127
f 68/1/127 66/1/127 42/1/127
f 37/1/128 94/1/129 93/1/128
f 93/1/128 38/1/130 37/1/128
f 39/1/131 83/1/131 82/1/131
f 82/1/131 40/1/131 39/1/131
f 41/1/132 70/1/133 69/1/132
f 69/1/132 42/1/133 41/1/132
f 43/1/134 95/1/134 94/1/134
f 94/1/134 37/1/134 43/1/134
f 44/1/135 84/1/135 83/1/135
f 83/1/135 39/1/135 44/1/135
f 45/1/136 71/1/136 70/1/136
f 70/1/136 41/1/136 45/1/136
f 43/1/137 46/1/137 96/1/137
f 96/1/137 95/1/138 43/1/137
f 47/1/139 85/1/139 84/1/139
f 84/1/139 44/1/139 47/1/139
f 48/1/140 72/1/140 71/1/140
f 71/1/140 45/1/140 48/1/140
f 49/1/141 86/1/141 85/1/141
f 85/1/141 47/1/141 49/1/141
f 50/1/142 73/1/142 72/1/142
f 72/1/142 48/1/142 50/1/142
f 51/1/143 87/1/143 86/1/143
f 86/1/143 49/1/143 51/1/143
f 52/1/144 74/1/144 73/1/144
f 73/1/144 50/1/144 52/1/144
f 53/1/145 88/1/145 87/1/145
f 87/1/145 51/1/145 53/1/145
f 54/1/146 75/1/146 74/1/146
f 74/1/146 52/1/146 54/1/146
f 55/1/147 89/1/147 88/1/147
f 88/1/147 53/1/147 55/1/147
f 56/1/148 76/1/148 75/1/148
f 75/1/148 54/1/148 56/1/148
f 36/1/149 35/1/149 89/1/149
f 89/1/149 55/1/149 36/1/149
f 57/1/150 77/1/150 76/1/150
f 76/1/150 56/1/150 57/1/150
f 97/1/151 98/1/152 99/1/153
f 99/1/153 100/1/154 97/1/151
f 100/1/154 99/1/153 101/1/155
f 101/1/155 102/1/156 100/1/154
f 100/1/157 103/1/158 104/1/159
f 104/1/159 97/1/160 100/1/157
f 105/1/161 103/1/158 100/1/157
f 100/1/157 102/1/162 105/1/161
f 106/1/163 107/1/163 108/1/163
f 108/1/163 98/1/163 106/1/163
f 109/1/164 99/1/164 98/1/164
f 98/1/164 108/1/164 109/1/164
f 109/1/165 110/1/165 101/1/165
f 101/1/165 99/1/165 109/1/165
f 101/1/166 110/1/166 111/1/166
f 111/1/166 112/1/166 101/1/166
f 113/1/167 102/1/156 101/1/155
f 101/1/155 112/1/168 113/1/167
f 113/1/169 114/1/170 105/1/161
f 105/1/161 102/1/162 113/1/169
f 115/1/171 105/1/171 114/1/172
f 114/1/172 116/1/171 115/1/171
f 105/1/173 115/1/173 117/1/174
f 117/1/174 103/1/173 105/1/173
f 103/1/175 117/1/175 118/1/176
f 118/1/176 104/1/175 103/1/175
f 118/1/177 119/1/178 120/1/179
f 120/1/179 104/1/180 118/1/177
f 97/1/160 104/1/159 120/1/181
f 120/1/181 121/1/182 97/1/160
f 106/1/183 98/1/152 97/1/151
f 97/1/151 121/1/184 106/1/183
f 122/1/185 123/1/186 124/1/187
f 124/1/187 125/1/188 122/1/185
f 126/1/189 127/1/190 123/1/191
f 123/1/191 122/1/192 126/1/189
f 123/1/186 128/1/193 129/1/194
f 129/1/194 124/1/187 123/1/186
f 123/1/191 127/1/190 130/1/195
f 130/1/195 128/1/196 123/1/191
f 131/1/197 125/1/197 132/1/197
f 132/1/197 133/1/197 131/1/197
f 122/1/185 125/1/188 131/1/198
f 131/1/198 134/1/199 122/1/185
f 135/1/200 126/1/189 122/1/192
f 122/1/192 134/1/201 135/1/200
f 126/1/202 135/1/203 136/1/203
f 136/1/203 137/1/204 126/1/202
f 138/1/205 127/1/205 126/1/205
f 126/1/205 137/1/206 138/1/205
f 139/1/207 130/1/207 127/1/207
f 127/1/207 138/1/207 139/1/207
f 140/1/208 130/1/208 139/1/208
f 139/1/208 141/1/208 140/1/208
f 140/1/209 142/1/210 128/1/196
f 128/1/196 130/1/195 140/1/209
f 128/1/193 142/1/211 143/1/212
f 143/1/212 129/1/194 128/1/193
f 144/1/213 129/1/213 143/1/213
f 143/1/213 145/1/214 144/1/213
f 124/1/215 129/1/216 144/1/215
f 144/1/215 146/1/215 124/1/215
f 125/1/217 124/1/218 146/1/217
f 146/1/217 132/1/219 125/1/217
f 147/1/220 148/1/221 149/1/222
f 149/1/222 150/1/223 147/1/220
f 151/1/224 152/1/225 148/1/226
f 148/1/226 147/1/227 151/1/224
f 148/1/221 153/1/228 154/1/229
f 154/1/229 149/1/222 148/1/221
f 148/1/226 152/1/225 155/1/230
f 155/1/230 153/1/231 148/1/226
f 150/1/232 156/1/232 157/1/232
f 157/1/232 158/1/233 150/1/232
f 158/1/234 159/1/235 147/1/220
f 147/1/220 150/1/223 158/1/234
f 151/1/224 147/1/227 159/1/236
f 159/1/236 160/1/237 151/1/224
f 160/1/238 161/1/239 162/1/239
f 162/1/239 151/1/239 160/1/238
f 163/1/240 152/1/241 151/1/240
f 151/1/240 162/1/240 163/1/240
f 164/1/242 155/1/243 152/1/243
f 152/1/243 163/1/243 164/1/242
f 135/1/244 155/1/244 164/1/244
f 164/1/244 136/1/245 135/1/244
f 134/1/201 153/1/231 155/1/230
f 155/1/230 135/1/200 134/1/201
f 134/1/199 131/1/198 154/1/229
f 154/1/229 153/1/228 134/1/199
f 131/1/246 133/1/246 165/1/247
f 165/1/247 154/1/248 131/1/246
f 149/1/249 154/1/249 165/1/249
f 165/1/249 166/1/250 149/1/249
f 150/1/251 149/1/252 166/1/253
f 166/1/253 156/1/253 150/1/251
f 167/1/254 168/1/255 169/1/256
f 169/1/256 170/1/257 167/1/254
f 171/1/258 172/1/259 168/1/260
f 168/1/260 167/1/261 171/1/258
f 168/1/255 173/1/262 174/1/263
f 174/1/263 169/1/256 168/1/255
f 168/1/260 172/1/259 175/1/264
f 175/1/264 173/1/265 168/1/260
f 176/1/266 177/1/266 178/1/266
f 178/1/266 170/1/266 176/1/266
f 167/1/254 170/1/257 178/1/267
f 178/1/267 179/1/268 167/1/254
f 171/1/258 167/1/261 179/1/269
f 179/1/269 180/1/270 171/1/258
f 180/1/271 181/1/271 182/1/272
f 182/1/272 171/1/273 180/1/271
f 183/1/274 172/1/274 171/1/275
f 171/1/275 182/1/274 183/1/274
f 184/1/276 175/1/277 172/1/276
f 172/1/276 183/1/276 184/1/276
f 161/1/278 160/1/279 175/1/280
f 175/1/280 184/1/281 161/1/278
f 159/1/236 173/1/265 175/1/264
f 175/1/264 160/1/237 159/1/236
f 159/1/235 158/1/234 174/1/263
f 174/1/263 173/1/262 159/1/235
f 158/1/282 157/1/282 185/1/282
f 185/1/282 174/1/282 158/1/282
f 174/1/283 185/1/283 186/1/283
f 186/1/283 169/1/284 174/1/283
f 170/1/285 169/1/286 186/1/287
f 186/1/287 176/1/288 170/1/285
f 187/1/289 188/1/290 189/1/291
f 189/1/291 190/1/292 187/1/289
f 191/1/293 192/1/294 188/1/295
f 188/1/295 187/1/296 191/1/293
f 188/1/290 193/1/297 194/1/298
f 194/1/298 189/1/291 188/1/290
f 188/1/295 192/1/294 195/1/299
f 195/1/299 193/1/300 188/1/295
f 190/1/301 196/1/301 197/1/301
f 197/1/301 198/1/301 190/1/301
f 190/1/292 198/1/302 199/1/303
f 199/1/303 187/1/289 190/1/292
f 199/1/304 200/1/305 191/1/293
f 191/1/293 187/1/296 199/1/304
f 201/1/306 191/1/306 200/1/307
f 200/1/307 202/1/306 201/1/306
f 192/1/308 191/1/309 201/1/308
f 201/1/308 203/1/308 192/1/308
f 204/1/310 195/1/311 192/1/311
f 192/1/311 203/1/312 204/1/310
f 181/1/313 180/1/313 195/1/313
f 195/1/313 204/1/313 181/1/313
f 179/1/269 193/1/300 195/1/299
f 195/1/299 180/1/270 179/1/269
f 179/1/268 178/1/267 194/1/298
f 194/1/298 193/1/297 179/1/268
f 178/1/314 177/1/314 205/1/314
f 205/1/314 194/1/314 178/1/314
f 194/1/315 205/1/315 206/1/315
f 206/1/315 189/1/315 194/1/315
f 196/1/316 190/1/316 189/1/316
f 189/1/316 206/1/316 196/1/316
f 207/1/317 208/1/318 209/1/319
f 209/1/319 210/1/320 207/1/317
f 211/1/321 212/1/322 208/1/323
f 208/1/323 207/1/324 211/1/321
f 208/1/318 213/1/325 214/1/326
f 214/1/326 209/1/319 208/1/318
f 208/1/323 212/1/322 215/1/327
f 215/1/327 213/1/328 208/1/323
f 210/1/329 216/1/330 217/1/330
f 217/1/330 218/1/330 210/1/329
f 210/1/320 218/1/331 219/1/332
f 219/1/332 207/1/317 210/1/320
f 211/1/321 207/1/324 219/1/333
f 219/1/333 220/1/334 211/1/321
f 220/1/335 221/1/336 222/1/336
f 222/1/336 211/1/336 220/1/335
f 212/1/337 211/1/338 222/1/338
f 222/1/338 223/1/338 212/1/337
f 224/1/339 215/1/339 212/1/339
f 212/1/339 223/1/339 224/1/339
f 200/1/340 215/1/340 224/1/340
f 224/1/340 202/1/340 200/1/340
f 213/1/328 215/1/327 200/1/305
f 200/1/305 199/1/304 213/1/328
f 199/1/303 198/1/302 214/1/326
f 214/1/326 213/1/325 199/1/303
f 198/1/341 197/1/341 225/1/341
f 225/1/341 214/1/341 198/1/341
f 214/1/342 225/1/342 226/1/342
f 226/1/342 209/1/342 214/1/342
f 216/1/343 210/1/343 209/1/343
f 209/1/343 226/1/343 216/1/343
f 227/1/344 228/1/345 229/1/346
f 229/1/346 230/1/347 227/1/344
f 231/1/348 232/1/349 228/1/350
f 228/1/350 227/1/351 231/1/348
f 228/1/345 233/1/352 234/1/353
f 234/1/353 229/1/346 228/1/345
f 228/1/350 232/1/349 235/1/354
f 235/1/354 233/1/355 228/1/350
f 230/1/356 236/1/356 237/1/356
f 237/1/356 238/1/357 230/1/356
f 230/1/347 238/1/358 239/1/359
f 239/1/359 227/1/344 230/1/347
f 231/1/348 227/1/351 239/1/360
f 239/1/360 240/1/361 231/1/348
f 240/1/362 241/1/362 242/1/362
f 242/1/362 231/1/362 240/1/362
f 232/1/363 231/1/364 242/1/364
f 242/1/364 243/1/364 232/1/363
f 244/1/365 235/1/365 232/1/365
f 232/1/365 243/1/365 244/1/365
f 220/1/366 235/1/367 244/1/368
f 244/1/368 221/1/369 220/1/366
f 219/1/333 233/1/355 235/1/354
f 235/1/354 220/1/334 219/1/333
f 219/1/332 218/1/331 234/1/353
f 234/1/353 233/1/352 219/1/332
f 218/1/370 217/1/370 245/1/370
f 245/1/370 234/1/370 218/1/370
f 234/1/371 245/1/371 246/1/372
f 246/1/372 229/1/373 234/1/371
f 236/1/374 230/1/374 229/1/374
f 229/1/374 246/1/374 236/1/374
f 247/1/375 248/1/376 249/1/377
f 249/1/377 250/1/378 247/1/375
f 251/1/379 252/1/380 248/1/381
f 248/1/381 247/1/382 251/1/379
f 248/1/376 253/1/383 254/1/384
f 254/1/384 249/1/377 248/1/376
f 248/1/381 252/1/380 255/1/385
f 255/1/385 253/1/386 248/1/381
f 250/1/387 256/1/388 257/1/389
f 257/1/389 258/1/389 250/1/387
f 250/1/378 258/1/390 259/1/391
f 259/1/391 247/1/375 250/1/378
f 251/1/379 247/1/382 259/1/392
f 259/1/392 260/1/393 251/1/379
f 260/1/394 261/1/394 262/1/394
f 262/1/394 251/1/394 260/1/394
f 252/1/395 251/1/395 262/1/395
f 262/1/395 263/1/395 252/1/395
f 264/1/396 255/1/397 252/1/396
f 252/1/396 263/1/397 264/1/396
f 240/1/398 255/1/399 264/1/400
f 264/1/400 241/1/398 240/1/398
f 239/1/360 253/1/386 255/1/385
f 255/1/385 240/1/361 239/1/360
f 239/1/359 238/1/358 254/1/384
f 254/1/384 253/1/383 239/1/359
f 238/1/401 237/1/401 265/1/401
f 265/1/401 254/1/401 238/1/401
f 254/1/402 265/1/403 266/1/403
f 266/1/403 249/1/402 254/1/402
f 256/1/404 250/1/405 249/1/406
f 249/1/406 266/1/407 256/1/404
f 267/1/408 268/1/409 269/1/410
f 269/1/410 270/1/411 267/1/408
f 271/1/412 272/1/413 268/1/414
f 268/1/414 267/1/415 271/1/412
f 268/1/409 273/1/416 274/1/417
f 274/1/417 269/1/410 268/1/409
f 268/1/414 272/1/413 275/1/418
f 275/1/418 273/1/419 268/1/414
f 270/1/420 276/1/420 277/1/420
f 277/1/420 278/1/420 270/1/420
f 270/1/411 278/1/421 279/1/422
f 279/1/422 267/1/408 270/1/411
f 271/1/412 267/1/415 279/1/423
f 279/1/423 280/1/424 271/1/412
f 281/1/425 271/1/425 280/1/425
f 280/1/425 282/1/425 281/1/425
f 272/1/426 271/1/426 281/1/426
f 281/1/426 283/1/426 272/1/426
f 284/1/427 275/1/427 272/1/427
f 272/1/427 283/1/427 284/1/427
f 260/1/428 275/1/428 284/1/429
f 284/1/429 261/1/428 260/1/428
f 259/1/392 273/1/419 275/1/418
f 275/1/418 260/1/393 259/1/392
f 259/1/391 258/1/390 274/1/417
f 274/1/417 273/1/416 259/1/391
f 258/1/430 257/1/430 285/1/430
f 285/1/430 274/1/431 258/1/430
f 274/1/432 285/1/432 286/1/433
f 286/1/433 269/1/433 274/1/432
f 276/1/434 270/1/434 269/1/434
f 269/1/434 286/1/434 276/1/434
f 287/1/435 288/1/436 289/1/437
f 289/1/437 290/1/438 287/1/435
f 291/1/439 292/1/440 288/1/441
f 288/1/441 287/1/442 291/1/439
f 288/1/436 293/1/443 294/1/444
f 294/1/444 289/1/437 288/1/436
f 288/1/441 292/1/440 295/1/445
f 295/1/445 293/1/446 288/1/441
f 290/1/447 296/1/447 297/1/447
f 297/1/447 298/1/447 290/1/447
f 290/1/438 298/1/448 299/1/449
f 299/1/449 287/1/435 290/1/438
f 291/1/439 287/1/442 299/1/450
f 299/1/450 300/1/451 291/1/439
f 301/1/452 291/1/452 300/1/452
f 300/1/452 302/1/452 301/1/452
f 292/1/453 291/1/453 301/1/453
f 301/1/453 303/1/453 292/1/453
f 304/1/454 295/1/454 292/1/455
f 292/1/455 303/1/454 304/1/454
f 282/1/456 280/1/456 295/1/456
f 295/1/456 304/1/456 282/1/456
f 279/1/423 293/1/446 295/1/445
f 295/1/445 280/1/424 279/1/423
f 279/1/422 278/1/421 294/1/444
f 294/1/444 293/1/443 279/1/422
f 278/1/457 277/1/458 305/1/457
f 305/1/457 294/1/457 278/1/457
f 294/1/459 305/1/459 306/1/459
f 306/1/459 289/1/459 294/1/459
f 296/1/460 290/1/461 289/1/460
f 289/1/460 306/1/460 296/1/460
f 307/1/462 308/1/463 309/1/464
f 309/1/464 310/1/465 307/1/462
f 311/1/466 312/1/467 308/1/468
f 308/1/468 307/1/469 311/1/466
f 308/1/463 313/1/470 314/1/471
f 314/1/471 309/1/464 308/1/463
f 308/1/468 312/1/467 315/1/472
f 315/1/472 313/1/473 308/1/468
f 310/1/474 316/1/474 317/1/474
f 317/1/474 318/1/475 310/1/474
f 310/1/465 318/1/476 319/1/477
f 319/1/477 307/1/462 310/1/465
f 311/1/466 307/1/469 319/1/478
f 319/1/478 320/1/479 311/1/466
f 321/1/480 311/1/481 320/1/480
f 320/1/480 322/1/482 321/1/480
f 312/1/483 311/1/483 321/1/483
f 321/1/483 323/1/484 312/1/483
f 324/1/485 315/1/485 312/1/485
f 312/1/485 323/1/485 324/1/485
f 302/1/486 300/1/486 315/1/486
f 315/1/486 324/1/486 302/1/486
f 299/1/450 313/1/473 315/1/472
f 315/1/472 300/1/451 299/1/450
f 299/1/449 298/1/448 314/1/471
f 314/1/471 313/1/470 299/1/449
f 298/1/487 297/1/487 325/1/488
f 325/1/488 314/1/487 298/1/487
f 314/1/489 325/1/490 326/1/489
f 326/1/489 309/1/491 314/1/489
f 316/1/492 310/1/493 309/1/493
f 309/1/493 326/1/492 316/1/492
f 327/1/494 328/1/495 329/1/496
f 329/1/496 330/1/497 327/1/494
f 331/1/498 332/1/499 328/1/500
f 328/1/500 327/1/501 331/1/498
f 328/1/495 333/1/502 334/1/503
f 334/1/503 329/1/496 328/1/495
f 328/1/500 332/1/499 335/1/504
f 335/1/504 333/1/505 328/1/500
f 330/1/506 336/1/507 337/1/508
f 337/1/508 338/1/506 330/1/506
f 330/1/497 338/1/509 339/1/510
f 339/1/510 327/1/494 330/1/497
f 331/1/498 327/1/501 339/1/511
f 339/1/511 340/1/512 331/1/498
f 341/1/513 331/1/514 340/1/514
f 340/1/514 342/1/514 341/1/513
f 332/1/515 331/1/515 341/1/515
f 341/1/515 343/1/516 332/1/515
f 344/1/517 335/1/518 332/1/519
f 332/1/519 343/1/517 344/1/517
f 322/1/520 320/1/520 335/1/520
f 335/1/520 344/1/520 322/1/520
f 319/1/478 333/1/505 335/1/504
f 335/1/504 320/1/479 319/1/478
f 319/1/477 318/1/476 334/1/503
f 334/1/503 333/1/502 319/1/477
f 318/1/521 317/1/521 345/1/521
f 345/1/521 334/1/521 318/1/521
f 334/1/522 345/1/522 346/1/522
f 346/1/522 329/1/522 334/1/522
f 336/1/523 330/1/523 329/1/523
f 329/1/523 346/1/524 336/1/523
f 347/1/525 348/1/526 349/1/527
f 349/1/527 350/1/528 347/1/525
f 351/1/529 352/1/530 348/1/531
f 348/1/531 347/1/532 351/1/529
f 348/1/526 353/1/533 354/1/534
f 354/1/534 349/1/527 348/1/526
f 348/1/531 352/1/530 355/1/535
f 355/1/535 353/1/536 348/1/531
f 350/1/537 356/1/537 357/1/537
f 357/1/537 358/1/537 350/1/537
f 350/1/528 358/1/538 359/1/539
f 359/1/539 347/1/525 350/1/528
f 351/1/529 347/1/532 359/1/540
f 359/1/540 360/1/541 351/1/529
f 361/1/542 351/1/543 360/1/542
f 360/1/542 362/1/543 361/1/542
f 352/1/544 351/1/545 361/1/546
f 361/1/546 363/1/544 352/1/544
f 364/1/547 355/1/547 352/1/548
f 352/1/548 363/1/547 364/1/547
f 342/1/549 340/1/549 355/1/549
f 355/1/549 364/1/549 342/1/549
f 339/1/511 353/1/536 355/1/535
f 355/1/535 340/1/512 339/1/511
f 339/1/510 338/1/509 354/1/534
f 354/1/534 353/1/533 339/1/510
f 338/1/550 337/1/551 365/1/552
f 365/1/552 354/1/551 338/1/550
f 354/1/553 365/1/553 366/1/553
f 366/1/553 349/1/553 354/1/553
f 356/1/554 350/1/555 349/1/555
f 349/1/555 366/1/555 356/1/554
f 367/1/556 368/1/557 369/1/558
f 369/1/558 370/1/559 367/1/556
f 371/1/560 372/1/561 368/1/562
f 368/1/562 367/1/563 371/1/560
f 368/1/557 373/1/564 374/1/565
f 374/1/565 369/1/558 368/1/557
f 368/1/562 372/1/561 375/1/566
f 375/1/566 373/1/567 368/1/562
f 370/1/568 376/1/568 377/1/568
f 377/1/568 378/1/568 370/1/568
f 370/1/559 378/1/569 379/1/570
f 379/1/570 367/1/556 370/1/559
f 371/1/560 367/1/563 379/1/571
f 379/1/571 380/1/572 371/1/560
f 381/1/573 371/1/574 380/1/574
f 380/1/574 382/1/574 381/1/573
f 372/1/575 371/1/575 381/1/575
f 381/1/575 383/1/575 372/1/575
f 384/1/576 375/1/577 372/1/577
f 372/1/577 383/1/577 384/1/576
f 362/1/578 360/1/579 375/1/579
f 375/1/579 384/1/579 362/1/578
f 359/1/540 373/1/567 375/1/566
f 375/1/566 360/1/541 359/1/540
f 359/1/539 358/1/538 374/1/565
f 374/1/565 373/1/564 359/1/539
f 358/1/580 357/1/580 385/1/580
f 385/1/580 374/1/580 358/1/580
f 374/1/581 385/1/582 386/1/583
f 386/1/583 369/1/581 374/1/581
f 376/1/584 370/1/584 369/1/584
f 369/1/584 386/1/584 376/1/584
f 387/1/585 388/1/586 389/1/587
f 389/1/587 390/1/588 387/1/585
f 391/1/589 392/1/590 388/1/591
f 388/1/591 387/1/592 391/1/589
f 388/1/586 393/1/593 394/1/594
f 394/1/594 389/1/587 388/1/586
f 388/1/591 392/1/590 395/1/595
f 395/1/595 393/1/596 388/1/591
f 390/1/597 396/1/597 397/1/597
f 397/1/597 398/1/597 390/1/597
f 390/1/588 398/1/598 399/1/599
f 399/1/599 387/1/585 390/1/588
f 391/1/589 387/1/592 399/1/600
f 399/1/600 400/1/601 391/1/589
f 401/1/602 391/1/602 400/1/602
f 400/1/602 402/1/602 401/1/602
f 392/1/603 391/1/604 401/1/605
f 401/1/605 403/1/606 392/1/603
f 404/1/607 395/1/607 392/1/608
f 392/1/608 403/1/609 404/1/607
f 382/1/610 380/1/610 395/1/610
f 395/1/610 404/1/610 382/1/610
f 379/1/571 393/1/596 395/1/595
f 395/1/595 380/1/572 379/1/571
f 379/1/570 378/1/569 394/1/594
f 394/1/594 393/1/593 379/1/570
f 378/1/611 377/1/611 405/1/611
f 405/1/611 394/1/612 378/1/611
f 394/1/613 405/1/614 406/1/613
f 406/1/613 389/1/614 394/1/613
f 396/1/615 390/1/616 389/1/616
f 389/1/616 406/1/616 396/1/615
f 407/1/617 408/1/618 409/1/619
f 409/1/619 410/1/620 407/1/617
f 411/1/621 412/1/622 408/1/623
f 408/1/623 407/1/624 411/1/621
f 408/1/618 413/1/625 414/1/626
f 414/1/626 409/1/619 408/1/618
f 408/1/623 412/1/622 415/1/627
f 415/1/627 413/1/628 408/1/623
f 410/1/629 416/1/630 417/1/630
f 417/1/630 418/1/630 410/1/629
f 410/1/620 418/1/631 419/1/632
f 419/1/632 407/1/617 410/1/620
f 411/1/621 407/1/624 419/1/633
f 419/1/633 420/1/634 411/1/621
f 421/1/635 411/1/635 420/1/635
f 420/1/635 422/1/635 421/1/635
f 412/1/636 411/1/637 421/1/636
f 421/1/636 423/1/636 412/1/636
f 424/1/638 415/1/638 412/1/638
f 412/1/638 423/1/638 424/1/638
f 402/1/639 400/1/639 415/1/640
f 415/1/640 424/1/639 402/1/639
f 399/1/600 413/1/628 415/1/627
f 415/1/627 400/1/601 399/1/600
f 399/1/599 398/1/598 414/1/626
f 414/1/626 413/1/625 399/1/599
f 398/1/641 397/1/642 425/1/641
f 425/1/641 414/1/641 398/1/641
f 414/1/643 425/1/644 426/1/644
f 426/1/644 409/1/643 414/1/643
f 416/1/645 410/1/645 409/1/645
f 409/1/645 426/1/645 416/1/645
f 427/1/646 428/1/647 429/1/648
f 429/1/648 430/1/649 427/1/646
f 431/1/650 432/1/651 428/1/652
f 428/1/652 427/1/653 431/1/650
f 428/1/647 433/1/654 434/1/655
f 434/1/655 429/1/648 428/1/647
f 428/1/652 432/1/651 435/1/656
f 435/1/656 433/1/657 428/1/652
f 430/1/658 436/1/658 437/1/658
f 437/1/658 438/1/659 430/1/658
f 430/1/649 438/1/660 439/1/661
f 439/1/661 427/1/646 430/1/649
f 431/1/650 427/1/653 439/1/662
f 439/1/662 440/1/663 431/1/650
f 441/1/664 431/1/664 440/1/664
f 440/1/664 442/1/664 441/1/664
f 432/1/665 431/1/665 441/1/665
f 441/1/665 443/1/665 432/1/665
f 444/1/666 435/1/666 432/1/666
f 432/1/666 443/1/666 444/1/666
f 422/1/667 420/1/667 435/1/667
f 435/1/667 444/1/668 422/1/667
f 419/1/633 433/1/657 435/1/656
f 435/1/656 420/1/634 419/1/633
f 419/1/632 418/1/631 434/1/655
f 434/1/655 433/1/654 419/1/632
f 418/1/669 417/1/669 445/1/669
f 445/1/669 434/1/669 418/1/669
f 434/1/670 445/1/670 446/1/670
f 446/1/670 429/1/670 434/1/670
f 436/1/671 430/1/672 429/1/671
f 429/1/671 446/1/671 436/1/671
f 447/1/673 448/1/674 449/1/675
f 449/1/675 450/1/676 447/1/673
f 451/1/677 452/1/678 448/1/679
f 448/1/679 447/1/680 451/1/677
f 448/1/674 453/1/681 454/1/682
f 454/1/682 449/1/675 448/1/674
f 448/1/679 452/1/678 455/1/683
f 455/1/683 453/1/684 448/1/679
f 450/1/203 456/1/203 457/1/203
f 457/1/203 458/1/203 450/1/203
f 450/1/676 458/1/685 459/1/686
f 459/1/686 447/1/673 450/1/676
f 451/1/677 447/1/680 459/1/687
f 459/1/687 460/1/688 451/1/677
f 461/1/689 451/1/690 460/1/691
f 460/1/691 462/1/692 461/1/689
f 452/1/217 451/1/217 461/1/217
f 461/1/217 463/1/217 452/1/217
f 464/1/215 455/1/693 452/1/215
f 452/1/215 463/1/215 464/1/215
f 442/1/214 440/1/214 455/1/214
f 455/1/214 464/1/214 442/1/214
f 439/1/662 453/1/684 455/1/683
f 455/1/683 440/1/663 439/1/662
f 439/1/661 438/1/660 454/1/682
f 454/1/682 453/1/681 439/1/661
f 438/1/208 437/1/208 465/1/208
f 465/1/208 454/1/208 438/1/208
f 454/1/207 465/1/207 466/1/207
f 466/1/207 449/1/207 454/1/207
f 456/1/694 450/1/694 449/1/695
f 449/1/695 466/1/206 456/1/694
f 467/1/696 468/1/697 469/1/698
f 469/1/698 470/1/699 467/1/696
f 471/1/700 472/1/701 468/1/702
f 468/1/702 467/1/703 471/1/700
f 468/1/697 473/1/704 474/1/705
f 474/1/705 469/1/698 468/1/697
f 468/1/702 472/1/701 475/1/706
f 475/1/706 473/1/707 468/1/702
f 470/1/239 476/1/239 477/1/239
f 477/1/239 478/1/239 470/1/239
f 470/1/699 478/1/708 479/1/709
f 479/1/709 467/1/696 470/1/699
f 471/1/700 467/1/703 479/1/710
f 479/1/710 480/1/711 471/1/700
f 481/1/232 471/1/232 480/1/232
f 480/1/232 482/1/232 481/1/232
f 472/1/252 471/1/252 481/1/712
f 481/1/712 483/1/712 472/1/252
f 484/1/713 475/1/249 472/1/714
f 472/1/714 483/1/249 484/1/713
f 462/1/248 460/1/715 475/1/248
f 475/1/248 484/1/248 462/1/248
f 459/1/687 473/1/707 475/1/706
f 475/1/706 460/1/688 459/1/687
f 459/1/686 458/1/685 474/1/705
f 474/1/705 473/1/704 459/1/686
f 458/1/244 457/1/244 485/1/244
f 485/1/244 474/1/244 458/1/244
f 474/1/243 485/1/243 486/1/243
f 486/1/243 469/1/243 474/1/243
f 476/1/716 470/1/240 469/1/240
f 469/1/240 486/1/717 476/1/716
f 487/1/718 488/1/719 489/1/720
f 489/1/720 490/1/721 487/1/718
f 491/1/722 492/1/723 488/1/724
f 488/1/724 487/1/725 491/1/722
f 488/1/719 493/1/726 494/1/727
f 494/1/727 489/1/720 488/1/719
f 488/1/724 492/1/723 495/1/728
f 495/1/728 493/1/729 488/1/724
f 490/1/730 496/1/731 497/1/730
f 497/1/730 498/1/273 490/1/730
f 490/1/721 498/1/732 499/1/733
f 499/1/733 487/1/718 490/1/721
f 491/1/722 487/1/725 499/1/734
f 499/1/734 500/1/735 491/1/722
f 501/1/266 491/1/266 500/1/736
f 500/1/736 502/1/266 501/1/266
f 492/1/288 491/1/288 501/1/737
f 501/1/737 503/1/738 492/1/288
f 504/1/283 495/1/283 492/1/283
f 492/1/283 503/1/283 504/1/283
f 482/1/282 480/1/282 495/1/282
f 495/1/282 504/1/282 482/1/282
f 479/1/710 493/1/729 495/1/728
f 495/1/728 480/1/711 479/1/710
f 479/1/709 478/1/708 494/1/727
f 494/1/727 493/1/726 479/1/709
f 478/1/281 477/1/281 505/1/281
f 505/1/281 494/1/281 478/1/281
f 494/1/276 505/1/276 506/1/276
f 506/1/276 489/1/276 494/1/276
f 496/1/739 490/1/740 489/1/274
f 489/1/274 506/1/274 496/1/739
f 507/1/741 508/1/742 509/1/743
f 509/1/743 510/1/744 507/1/741
f 511/1/745 512/1/746 508/1/747
f 508/1/747 507/1/748 511/1/745
f 508/1/742 513/1/749 514/1/750
f 514/1/750 509/1/743 508/1/742
f 508/1/747 512/1/746 515/1/751
f 515/1/751 513/1/752 508/1/747
f 510/1/753 516/1/753 517/1/306
f 517/1/306 518/1/306 510/1/753
f 510/1/744 518/1/754 519/1/755
f 519/1/755 507/1/741 510/1/744
f 511/1/745 507/1/748 519/1/756
f 519/1/756 520/1/757 511/1/745
f 521/1/301 511/1/301 520/1/301
f 520/1/301 522/1/301 521/1/301
f 512/1/316 511/1/316 521/1/316
f 521/1/316 523/1/316 512/1/316
f 524/1/758 515/1/315 512/1/315
f 512/1/315 523/1/315 524/1/758
f 502/1/314 500/1/314 515/1/314
f 515/1/314 524/1/314 502/1/314
f 499/1/734 513/1/752 515/1/751
f 515/1/751 500/1/735 499/1/734
f 499/1/733 498/1/732 514/1/750
f 514/1/750 513/1/749 499/1/733
f 498/1/759 497/1/760 525/1/761
f 525/1/761 514/1/759 498/1/759
f 514/1/762 525/1/763 526/1/312
f 526/1/312 509/1/312 514/1/762
f 516/1/764 510/1/308 509/1/765
f 509/1/765 526/1/308 516/1/764
f 527/1/766 528/1/767 529/1/768
f 529/1/768 530/1/769 527/1/766
f 531/1/770 532/1/771 528/1/772
f 528/1/772 527/1/773 531/1/770
f 528/1/767 533/1/774 534/1/775
f 534/1/775 529/1/768 528/1/767
f 528/1/772 532/1/771 535/1/776
f 535/1/776 533/1/777 528/1/772
f 530/1/336 536/1/336 537/1/336
f 537/1/336 538/1/336 530/1/336
f 530/1/769 538/1/778 539/1/779
f 539/1/779 527/1/766 530/1/769
f 531/1/770 527/1/773 539/1/780
f 539/1/780 540/1/781 531/1/770
f 541/1/330 531/1/330 540/1/330
f 540/1/330 542/1/330 541/1/330
f 532/1/343 531/1/343 541/1/343
f 541/1/343 543/1/343 532/1/343
f 544/1/342 535/1/342 532/1/342
f 532/1/342 543/1/342 544/1/342
f 522/1/341 520/1/341 535/1/341
f 535/1/341 544/1/341 522/1/341
f 519/1/756 533/1/777 535/1/776
f 535/1/776 520/1/757 519/1/756
f 519/1/755 518/1/754 534/1/775
f 534/1/775 533/1/774 519/1/755
f 518/1/782 517/1/782 545/1/782
f 545/1/782 534/1/782 518/1/782
f 534/1/339 545/1/339 546/1/339
f 546/1/339 529/1/339 534/1/339
f 536/1/783 530/1/784 529/1/338
f 529/1/338 546/1/338 536/1/783
f 547/1/785 548/1/786 549/1/787
f 549/1/787 550/1/788 547/1/785
f 551/1/789 552/1/790 548/1/791
f 548/1/791 547/1/792 551/1/789
f 548/1/786 553/1/793 554/1/794
f 554/1/794 549/1/787 548/1/786
f 548/1/791 552/1/790 555/1/795
f 555/1/795 553/1/796 548/1/791
f 550/1/797 556/1/797 557/1/797
f 557/1/797 558/1/797 550/1/797
f 550/1/788 558/1/798 559/1/799
f 559/1/799 547/1/785 550/1/788
f 551/1/789 547/1/792 559/1/800
f 559/1/800 560/1/801 551/1/789
f 561/1/356 551/1/356 560/1/802
f 560/1/802 562/1/803 561/1/356
f 552/1/804 551/1/374 561/1/805
f 561/1/805 563/1/374 552/1/804
f 564/1/371 555/1/806 552/1/807
f 552/1/807 563/1/808 564/1/371
f 542/1/370 540/1/370 555/1/370
f 555/1/370 564/1/370 542/1/370
f 539/1/780 553/1/796 555/1/795
f 555/1/795 540/1/781 539/1/780
f 539/1/779 538/1/778 554/1/794
f 554/1/794 553/1/793 539/1/779
f 538/1/367 537/1/367 565/1/367
f 565/1/367 554/1/367 538/1/367
f 554/1/809 565/1/810 566/1/810
f 566/1/810 549/1/810 554/1/809
f 556/1/364 550/1/364 549/1/364
f 549/1/364 566/1/364 556/1/364
f 567/1/811 568/1/812 569/1/813
f 569/1/813 570/1/814 567/1/811
f 571/1/815 572/1/816 568/1/817
f 568/1/817 567/1/818 571/1/815
f 568/1/812 573/1/819 574/1/820
f 574/1/820 569/1/813 568/1/812
f 568/1/817 572/1/816 575/1/821
f 575/1/821 573/1/822 568/1/817
f 570/1/823 576/1/394 577/1/394
f 577/1/394 578/1/394 570/1/823
f 570/1/814 578/1/824 579/1/825
f 579/1/825 567/1/811 570/1/814
f 571/1/815 567/1/818 579/1/826
f 579/1/826 580/1/827 571/1/815
f 581/1/389 571/1/389 580/1/387
f 580/1/387 582/1/828 581/1/389
f 572/1/404 571/1/829 581/1/405
f 581/1/405 583/1/404 572/1/404
f 584/1/402 575/1/402 572/1/402
f 572/1/402 583/1/403 584/1/402
f 562/1/830 560/1/831 575/1/401
f 575/1/401 584/1/401 562/1/830
f 559/1/800 573/1/822 575/1/821
f 575/1/821 560/1/801 559/1/800
f 559/1/799 558/1/798 574/1/820
f 574/1/820 573/1/819 559/1/799
f 558/1/832 557/1/398 585/1/833
f 585/1/833 574/1/834 558/1/832
f 574/1/835 585/1/835 586/1/835
f 586/1/835 569/1/835 574/1/835
f 576/1/395 570/1/395 569/1/395
f 569/1/395 586/1/395 576/1/395
f 587/1/836 588/1/837 589/1/838
f 589/1/838 590/1/839 587/1/836
f 591/1/840 592/1/841 588/1/842
f 588/1/842 587/1/843 591/1/840
f 588/1/837 593/1/419 594/1/844
f 594/1/844 589/1/838 588/1/837
f 588/1/842 592/1/841 595/1/845
f 595/1/845 593/1/846 588/1/842
f 590/1/425 596/1/425 597/1/425
f 597/1/425 598/1/425 590/1/425
f 590/1/839 598/1/847 599/1/848
f 599/1/848 587/1/836 590/1/839
f 591/1/840 587/1/843 599/1/849
f 599/1/849 600/1/849 591/1/840
f 601/1/420 591/1/420 600/1/850
f 600/1/850 602/1/851 601/1/420
f 592/1/434 591/1/434 601/1/434
f 601/1/434 603/1/434 592/1/434
f 604/1/433 595/1/433 592/1/433
f 592/1/433 603/1/433 604/1/433
f 582/1/852 580/1/853 595/1/852
f 595/1/852 604/1/854 582/1/852
f 579/1/826 593/1/846 595/1/845
f 595/1/845 580/1/827 579/1/826
f 579/1/825 578/1/824 594/1/844
f 594/1/844 593/1/419 579/1/825
f 578/1/428 577/1/428 605/1/428
f 605/1/428 594/1/428 578/1/428
f 594/1/427 605/1/427 606/1/855
f 606/1/855 589/1/855 594/1/427
f 596/1/426 590/1/426 589/1/426
f 589/1/426 606/1/426 596/1/426
f 607/1/856 608/1/857 609/1/858
f 609/1/858 610/1/859 607/1/856
f 611/1/860 612/1/861 608/1/862
f 608/1/862 607/1/863 611/1/860
f 608/1/857 613/1/864 614/1/865
f 614/1/865 609/1/858 608/1/857
f 608/1/862 612/1/861 615/1/866
f 615/1/866 613/1/867 608/1/862
f 610/1/868 616/1/869 617/1/868
f 617/1/868 618/1/452 610/1/868
f 610/1/859 618/1/870 619/1/871
f 619/1/871 607/1/856 610/1/859
f 611/1/860 607/1/863 619/1/872
f 619/1/872 620/1/873 611/1/860
f 621/1/874 611/1/447 620/1/447
f 620/1/447 622/1/447 621/1/874
f 612/1/460 611/1/460 621/1/460
f 621/1/460 623/1/460 612/1/460
f 624/1/459 615/1/459 612/1/875
f 612/1/875 623/1/459 624/1/459
f 602/1/457 600/1/876 615/1/457
f 615/1/457 624/1/457 602/1/457
f 599/1/849 613/1/867 615/1/866
f 615/1/866 600/1/849 599/1/849
f 599/1/848 598/1/847 614/1/865
f 614/1/865 613/1/864 599/1/848
f 598/1/456 597/1/456 625/1/456
f 625/1/456 614/1/456 598/1/456
f 614/1/877 625/1/878 626/1/878
f 626/1/878 609/1/879 614/1/877
f 616/1/880 610/1/881 609/1/880
f 609/1/880 626/1/880 616/1/880
f 627/1/882 628/1/883 629/1/884
f 629/1/884 630/1/885 627/1/882
f 631/1/886 632/1/887 628/1/888
f 628/1/888 627/1/889 631/1/886
f 628/1/883 633/1/890 634/1/891
f 634/1/891 629/1/884 628/1/883
f 628/1/888 632/1/887 635/1/892
f 635/1/892 633/1/893 628/1/888
f 630/1/894 636/1/894 637/1/894
f 637/1/894 638/1/894 630/1/894
f 630/1/885 638/1/895 639/1/896
f 639/1/896 627/1/882 630/1/885
f 631/1/886 627/1/889 639/1/897
f 639/1/897 640/1/898 631/1/886
f 641/1/474 631/1/474 640/1/899
f 640/1/899 642/1/474 641/1/474
f 632/1/493 631/1/492 641/1/493
f 641/1/493 643/1/900 632/1/493
f 644/1/491 635/1/491 632/1/491
f 632/1/491 643/1/491 644/1/491
f 622/1/487 620/1/487 635/1/487
f 635/1/487 644/1/901 622/1/487
f 619/1/872 633/1/893 635/1/892
f 635/1/892 620/1/873 619/1/872
f 619/1/871 618/1/870 634/1/891
f 634/1/891 633/1/890 619/1/871
f 618/1/486 617/1/486 645/1/902
f 645/1/902 634/1/486 618/1/486
f 634/1/485 645/1/485 646/1/485
f 646/1/485 629/1/485 634/1/485
f 636/1/484 630/1/483 629/1/484
f 629/1/484 646/1/484 636/1/484
f 647/1/903 648/1/904 649/1/905
f 649/1/905 650/1/906 647/1/903
f 651/1/907 652/1/908 648/1/909
f 648/1/909 647/1/910 651/1/907
f 648/1/904 653/1/911 654/1/912
f 654/1/912 649/1/905 648/1/904
f 648/1/909 652/1/908 655/1/913
f 655/1/913 653/1/914 648/1/909
f 650/1/514 656/1/514 657/1/514
f 657/1/514 658/1/915 650/1/514
f 650/1/906 658/1/916 659/1/917
f 659/1/917 647/1/903 650/1/906
f 651/1/907 647/1/910 659/1/918
f 659/1/918 660/1/919 651/1/907
f 661/1/507 651/1/507 660/1/507
f 660/1/507 662/1/507 661/1/507
f 652/1/920 651/1/921 661/1/922
f 661/1/922 663/1/923 652/1/920
f 664/1/924 655/1/522 652/1/925
f 652/1/925 663/1/926 664/1/924
f 642/1/927 640/1/928 655/1/928
f 655/1/928 664/1/521 642/1/927
f 639/1/897 653/1/914 655/1/913
f 655/1/913 640/1/898 639/1/897
f 639/1/896 638/1/895 654/1/912
f 654/1/912 653/1/911 639/1/896
f 638/1/520 637/1/520 665/1/520
f 665/1/520 654/1/520 638/1/520
f 654/1/929 665/1/518 666/1/518
f 666/1/518 649/1/518 654/1/929
f 656/1/930 650/1/930 649/1/930
f 649/1/930 666/1/930 656/1/930
f 667/1/931 668/1/932 669/1/933
f 669/1/933 670/1/934 667/1/931
f 671/1/935 672/1/936 668/1/937
f 668/1/937 667/1/938 671/1/935
f 668/1/932 673/1/939 674/1/940
f 674/1/940 669/1/933 668/1/932
f 668/1/937 672/1/936 675/1/941
f 675/1/941 673/1/942 668/1/937
f 670/1/943 676/1/944 677/1/945
f 677/1/945 678/1/543 670/1/943
f 670/1/934 678/1/946 679/1/947
f 679/1/947 667/1/931 670/1/934
f 671/1/935 667/1/938 679/1/948
f 679/1/948 680/1/949 671/1/935
f 681/1/950 671/1/950 680/1/950
f 680/1/950 682/1/950 681/1/950
f 672/1/555 671/1/555 681/1/555
f 681/1/555 683/1/555 672/1/555
f 684/1/951 675/1/553 672/1/951
f 672/1/951 683/1/951 684/1/951
f 662/1/551 660/1/551 675/1/551
f 675/1/551 684/1/551 662/1/551
f 659/1/918 673/1/942 675/1/941
f 675/1/941 660/1/919 659/1/918
f 659/1/917 658/1/916 674/1/940
f 674/1/940 673/1/939 659/1/917
f 658/1/952 657/1/549 685/1/549
f 685/1/549 674/1/549 658/1/952
f 674/1/547 685/1/547 686/1/547
f 686/1/547 669/1/547 674/1/547
f 676/1/544 670/1/544 669/1/544
f 669/1/544 686/1/544 676/1/544
f 687/1/953 688/1/954 689/1/955
f 689/1/955 690/1/956 687/1/953
f 691/1/957 692/1/958 688/1/959
f 688/1/959 687/1/960 691/1/957
f 688/1/954 693/1/961 694/1/962
f 694/1/962 689/1/955 688/1/954
f 688/1/959 692/1/958 695/1/963
f 695/1/963 693/1/964 688/1/959
f 690/1/574 696/1/965 697/1/573
f 697/1/573 698/1/573 690/1/574
f 690/1/956 698/1/966 699/1/967
f 699/1/967 687/1/953 690/1/956
f 691/1/957 687/1/960 699/1/968
f 699/1/968 700/1/969 691/1/957
f 701/1/568 691/1/568 700/1/568
f 700/1/568 702/1/568 701/1/568
f 692/1/584 691/1/970 701/1/971
f 701/1/971 703/1/584 692/1/584
f 704/1/972 695/1/972 692/1/972
f 692/1/972 703/1/972 704/1/972
f 682/1/580 680/1/580 695/1/973
f 695/1/973 704/1/580 682/1/580
f 679/1/948 693/1/964 695/1/963
f 695/1/963 680/1/949 679/1/948
f 679/1/947 678/1/946 694/1/962
f 694/1/962 693/1/961 679/1/947
f 678/1/579 677/1/579 705/1/974
f 705/1/974 694/1/974 678/1/579
f 694/1/577 705/1/577 706/1/577
f 706/1/577 689/1/577 694/1/577
f 696/1/975 690/1/575 689/1/575
f 689/1/575 706/1/575 696/1/975
f 707/1/976 708/1/977 709/1/978
f 709/1/978 710/1/979 707/1/976
f 711/1/980 712/1/981 708/1/982
f 708/1/982 707/1/983 711/1/980
f 708/1/977 713/1/984 714/1/985
f 714/1/985 709/1/978 708/1/977
f 708/1/982 712/1/981 715/1/986
f 715/1/986 713/1/987 708/1/982
f 710/1/988 716/1/989 717/1/602
f 717/1/602 718/1/602 710/1/988
f 710/1/979 718/1/990 719/1/991
f 719/1/991 707/1/976 710/1/979
f 711/1/980 707/1/983 719/1/992
f 719/1/992 720/1/993 711/1/980
f 721/1/597 711/1/597 720/1/597
f 720/1/597 722/1/597 721/1/597
f 712/1/616 711/1/616 721/1/616
f 721/1/616 723/1/616 712/1/616
f 724/1/994 715/1/995 712/1/613
f 712/1/613 723/1/613 724/1/994
f 702/1/996 700/1/997 715/1/998
f 715/1/998 724/1/611 702/1/996
f 699/1/968 713/1/987 715/1/986
f 715/1/986 700/1/969 699/1/968
f 699/1/967 698/1/966 714/1/985
f 714/1/985 713/1/984 699/1/967
f 698/1/999 697/1/610 725/1/999
f 725/1/999 714/1/1000 698/1/999
f 714/1/1001 725/1/1002 726/1/1003
f 726/1/1003 709/1/1004 714/1/1001
f 716/1/1005 710/1/1006 709/1/1005
f 709/1/1005 726/1/1007 716/1/1005
f 727/1/1008 728/1/1009 729/1/1010
f 729/1/1010 730/1/1011 727/1/1008
f 731/1/1012 732/1/1013 728/1/1014
f 728/1/1014 727/1/1015 731/1/1012
f 728/1/1009 733/1/1016 734/1/1017
f 734/1/1017 729/1/1010 728/1/1009
f 728/1/1014 732/1/1013 735/1/1018
f 735/1/1018 733/1/1019 728/1/1014
f 730/1/635 736/1/635 737/1/635
f 737/1/635 738/1/635 730/1/635
f 730/1/1011 738/1/1020 739/1/1021
f 739/1/1021 727/1/1008 730/1/1011
f 731/1/1012 727/1/1015 739/1/1022
f 739/1/1022 740/1/1023 731/1/1012
f 741/1/1024 731/1/630 740/1/630
f 740/1/630 742/1/1025 741/1/1024
f 732/1/1026 731/1/1027 741/1/1027
f 741/1/1027 743/1/645 732/1/1026
f 744/1/1028 735/1/643 732/1/1029
f 732/1/1029 743/1/1030 744/1/1028
f 722/1/641 720/1/641 735/1/1031
f 735/1/1031 744/1/1032 722/1/641
f 719/1/992 733/1/1019 735/1/1018
f 735/1/1018 720/1/993 719/1/992
f 719/1/991 718/1/990 734/1/1017
f 734/1/1017 733/1/1016 719/1/991
f 718/1/639 717/1/639 745/1/639
f 745/1/639 734/1/639 718/1/639
f 734/1/1033 745/1/1033 746/1/638
f 746/1/638 729/1/638 734/1/1033
f 736/1/637 730/1/1034 729/1/637
f 729/1/637 746/1/637 736/1/637
f 747/1/1035 748/1/1036 749/1/1037
f 749/1/1037 750/1/1038 747/1/1035
f 751/1/1039 752/1/1040 748/1/1041
f 748/1/1041 747/1/1042 751/1/1039
f 748/1/1036 753/1/1043 754/1/1044
f 754/1/1044 749/1/1037 748/1/1036
f 748/1/1041 752/1/1040 755/1/1045
f 755/1/1045 753/1/1046 748/1/1041
f 750/1/664 756/1/664 145/1/664
f 145/1/664 143/1/1047 750/1/664
f 747/1/1035 750/1/1038 143/1/212
f 143/1/212 142/1/211 747/1/1035
f 747/1/1042 142/1/210 140/1/209
f 140/1/209 751/1/1039 747/1/1042
f 140/1/1048 141/1/1049 757/1/1050
f 757/1/1050 751/1/1051 140/1/1048
f 752/1/671 751/1/671 757/1/672
f 757/1/672 758/1/671 752/1/671
f 759/1/670 755/1/1052 752/1/1052
f 752/1/1052 758/1/1053 759/1/670
f 742/1/1054 740/1/1055 755/1/1056
f 755/1/1056 759/1/1057 742/1/1054
f 739/1/1022 753/1/1046 755/1/1045
f 755/1/1045 740/1/1023 739/1/1022
f 739/1/1021 738/1/1020 754/1/1044
f 754/1/1044 753/1/1043 739/1/1021
f 738/1/668 737/1/668 760/1/668
f 760/1/668 754/1/668 738/1/668
f 754/1/666 760/1/666 761/1/1058
f 761/1/1058 749/1/666 754/1/666
f 756/1/1059 750/1/665 749/1/1059
f 749/1/1059 761/1/665 756/1/1059
f 762/1/1060 763/1/1061 764/1/1062
f 764/1/1062 765/1/1063 762/1/1060
f 766/1/1064 767/1/1065 763/1/1061
f 763/1/1061 762/1/1060 766/1/1064
f 763/1/1066 768/1/1067 769/1/1068
f 769/1/1068 764/1/1069 763/1/1066
f 763/1/1066 767/1/1070 770/1/1071
f 770/1/1071 768/1/1067 763/1/1066
f 771/1/1072 765/1/1073 772/1/1072
f 772/1/1072 773/1/1072 771/1/1072
f 774/1/1074 762/1/1075 765/1/1076
f 765/1/1076 771/1/1077 774/1/1074
f 762/1/1078 774/1/1078 775/1/1078
f 775/1/1078 766/1/1078 762/1/1078
f 106/1/1079 766/1/1079 775/1/1079
f 775/1/1079 107/1/1080 106/1/1079
f 106/1/183 121/1/184 767/1/1065
f 767/1/1065 766/1/1064 106/1/183
f 120/1/181 770/1/1071 767/1/1070
f 767/1/1070 121/1/182 120/1/181
f 770/1/1081 120/1/1081 119/1/1081
f 119/1/1081 776/1/1082 770/1/1081
f 776/1/1083 777/1/1083 768/1/1083
f 768/1/1083 770/1/1083 776/1/1083
f 768/1/1084 777/1/1085 778/1/1084
f 778/1/1084 769/1/1084 768/1/1084
f 778/1/1086 779/1/1087 780/1/1088
f 780/1/1088 769/1/1089 778/1/1086
f 769/1/1068 780/1/1090 781/1/1091
f 781/1/1091 764/1/1069 769/1/1068
f 765/1/1063 764/1/1062 781/1/1092
f 781/1/1092 772/1/1093 765/1/1063
f 782/1/1094 783/1/1095 784/1/1096
f 784/1/1096 785/1/1097 782/1/1094
f 786/1/1098 787/1/1099 783/1/1095
f 783/1/1095 782/1/1094 786/1/1098
f 783/1/1100 788/1/1101 789/1/1102
f 789/1/1102 784/1/1103 783/1/1100
f 783/1/1100 787/1/1104 790/1/1105
f 790/1/1105 788/1/1101 783/1/1100
f 791/1/1106 792/1/1106 793/1/1106
f 793/1/1106 785/1/1106 791/1/1106
f 793/1/1107 794/1/1108 782/1/1107
f 782/1/1107 785/1/1108 793/1/1107
f 782/1/1109 794/1/1110 795/1/1110
f 795/1/1110 786/1/1111 782/1/1109
f 772/1/1112 786/1/1112 795/1/1112
f 795/1/1112 773/1/1112 772/1/1112
f 786/1/1098 772/1/1093 781/1/1092
f 781/1/1092 787/1/1099 786/1/1098
f 780/1/1090 790/1/1105 787/1/1104
f 787/1/1104 781/1/1091 780/1/1090
f 790/1/1113 780/1/1113 779/1/1113
f 779/1/1113 796/1/1113 790/1/1113
f 796/1/1114 797/1/1114 788/1/1114
f 788/1/1114 790/1/1114 796/1/1114
f 798/1/1115 789/1/1115 788/1/1116
f 788/1/1116 797/1/1115 798/1/1115
f 798/1/1117 799/1/1117 800/1/1117
f 800/1/1117 789/1/1117 798/1/1117
f 784/1/1103 789/1/1102 800/1/1118
f 800/1/1118 801/1/1119 784/1/1103
f 801/1/1120 791/1/1121 785/1/1097
f 785/1/1097 784/1/1096 801/1/1120
f 802/1/1122 803/1/1123 804/1/1124
f 804/1/1124 805/1/1125 802/1/1122
f 806/1/1126 807/1/1127 803/1/1123
f 803/1/1123 802/1/1122 806/1/1126
f 803/1/1128 808/1/1129 809/1/1130
f 809/1/1130 804/1/1131 803/1/1128
f 803/1/1128 807/1/1132 810/1/1133
f 810/1/1133 808/1/1129 803/1/1128
f 811/1/1134 812/1/1134 813/1/1134
f 813/1/1134 805/1/1134 811/1/1134
f 802/1/1135 805/1/1135 813/1/1135
f 813/1/1135 814/1/1135 802/1/1135
f 802/1/1136 814/1/1136 815/1/1136
f 815/1/1136 806/1/1136 802/1/1136
f 791/1/1137 806/1/1137 815/1/1138
f 815/1/1138 792/1/1137 791/1/1137
f 806/1/1126 791/1/1121 801/1/1120
f 801/1/1120 807/1/1127 806/1/1126
f 800/1/1118 810/1/1133 807/1/1132
f 807/1/1132 801/1/1119 800/1/1118
f 810/1/1139 800/1/1139 799/1/1139
f 799/1/1139 816/1/1139 810/1/1139
f 816/1/1140 817/1/1141 808/1/1141
f 808/1/1141 810/1/1142 816/1/1140
f 817/1/1143 818/1/1144 809/1/1145
f 809/1/1145 808/1/1146 817/1/1143
f 818/1/1147 819/1/1148 820/1/1149
f 820/1/1149 809/1/1147 818/1/1147
f 809/1/1130 820/1/1150 821/1/1151
f 821/1/1151 804/1/1131 809/1/1130
f 804/1/1124 821/1/1152 811/1/1153
f 811/1/1153 805/1/1125 804/1/1124
f 822/1/1154 823/1/1155 824/1/1156
f 824/1/1156 825/1/1157 822/1/1154
f 826/1/1158 827/1/1159 823/1/1155
f 823/1/1155 822/1/1154 826/1/1158
f 823/1/1160 828/1/1161 829/1/1162
f 829/1/1162 824/1/1163 823/1/1160
f 823/1/1160 827/1/1164 830/1/1165
f 830/1/1165 828/1/1161 823/1/1160
f 831/1/1166 832/1/1166 833/1/1166
f 833/1/1166 825/1/1166 831/1/1166
f 822/1/1167 825/1/1167 833/1/1168
f 833/1/1168 834/1/1167 822/1/1167
f 822/1/1169 834/1/1169 835/1/1169
f 835/1/1169 826/1/1170 822/1/1169
f 811/1/1171 826/1/1172 835/1/1172
f 835/1/1172 812/1/1171 811/1/1171
f 826/1/1158 811/1/1153 821/1/1152
f 821/1/1152 827/1/1159 826/1/1158
f 827/1/1164 821/1/1151 820/1/1150
f 820/1/1150 830/1/1165 827/1/1164
f 830/1/1173 820/1/1174 819/1/1175
f 819/1/1175 836/1/1176 830/1/1173
f 836/1/1177 837/1/1178 828/1/1177
f 828/1/1177 830/1/1177 836/1/1177
f 837/1/1179 838/1/1179 829/1/1179
f 829/1/1179 828/1/1179 837/1/1179
f 838/1/1180 839/1/1181 840/1/1182
f 840/1/1182 829/1/1183 838/1/1180
f 824/1/1163 829/1/1162 840/1/1184
f 840/1/1184 841/1/1185 824/1/1163
f 824/1/1156 841/1/1186 831/1/1187
f 831/1/1187 825/1/1157 824/1/1156
f 842/1/1188 843/1/1189 844/1/1190
f 844/1/1190 845/1/1191 842/1/1188
f 846/1/1192 847/1/1193 843/1/1189
f 843/1/1189 842/1/1188 846/1/1192
f 843/1/1194 848/1/1195 849/1/1196
f 849/1/1196 844/1/1197 843/1/1194
f 843/1/1194 847/1/1198 850/1/1199
f 850/1/1199 848/1/1195 843/1/1194
f 851/1/1200 852/1/1201 853/1/1202
f 853/1/1202 845/1/1201 851/1/1200
f 842/1/1203 845/1/1203 853/1/1203
f 853/1/1203 854/1/1203 842/1/1203
f 842/1/1204 854/1/1205 855/1/1204
f 855/1/1204 846/1/1204 842/1/1204
f 831/1/1206 846/1/1207 855/1/1206
f 855/1/1206 832/1/1207 831/1/1206
f 846/1/1192 831/1/1187 841/1/1186
f 841/1/1186 847/1/1193 846/1/1192
f 840/1/1184 850/1/1199 847/1/1198
f 847/1/1198 841/1/1185 840/1/1184
f 850/1/1208 840/1/1208 839/1/1208
f 839/1/1208 856/1/1209 850/1/1208
f 856/1/1210 857/1/1211 848/1/1210
f 848/1/1210 850/1/1212 856/1/1210
f 857/1/1213 858/1/1213 849/1/1213
f 849/1/1213 848/1/1213 857/1/1213
f 858/1/1214 859/1/1215 860/1/1215
f 860/1/1215 849/1/1215 858/1/1214
f 844/1/1197 849/1/1196 860/1/1216
f 860/1/1216 861/1/1217 844/1/1197
f 844/1/1190 861/1/1218 851/1/1219
f 851/1/1219 845/1/1191 844/1/1190
f 862/1/1220 863/1/1221 864/1/1222
f 864/1/1222 865/1/1223 862/1/1220
f 866/1/1224 867/1/1225 863/1/1221
f 863/1/1221 862/1/1220 866/1/1224
f 863/1/1226 868/1/1227 869/1/1228
f 869/1/1228 864/1/1229 863/1/1226
f 863/1/1226 867/1/1230 870/1/1231
f 870/1/1231 868/1/1227 863/1/1226
f 871/1/1232 872/1/1233 873/1/1234
f 873/1/1234 865/1/1235 871/1/1232
f 862/1/1236 865/1/1236 873/1/1236
f 873/1/1236 874/1/1236 862/1/1236
f 862/1/1237 874/1/1237 875/1/1238
f 875/1/1238 866/1/1237 862/1/1237
f 851/1/1239 866/1/1240 875/1/1239
f 875/1/1239 852/1/1241 851/1/1239
f 866/1/1224 851/1/1219 861/1/1218
f 861/1/1218 867/1/1225 866/1/1224
f 860/1/1216 870/1/1231 867/1/1230
f 867/1/1230 861/1/1217 860/1/1216
f 870/1/1242 860/1/1242 859/1/1242
f 859/1/1242 876/1/1242 870/1/1242
f 876/1/1243 877/1/1244 868/1/1243
f 868/1/1243 870/1/1243 876/1/1243
f 877/1/1245 878/1/1245 869/1/1246
f 869/1/1246 868/1/1246 877/1/1245
f 878/1/1247 879/1/1248 880/1/1249
f 880/1/1249 869/1/1250 878/1/1247
f 864/1/1229 869/1/1228 880/1/1251
f 880/1/1251 881/1/1252 864/1/1229
f 864/1/1222 881/1/1253 871/1/1254
f 871/1/1254 865/1/1223 864/1/1222
f 882/1/1255 883/1/1256 884/1/1257
f 884/1/1257 885/1/1258 882/1/1255
f 886/1/1259 887/1/1260 883/1/1256
f 883/1/1256 882/1/1255 886/1/1259
f 883/1/1261 888/1/1262 889/1/1263
f 889/1/1263 884/1/1264 883/1/1261
f 883/1/1261 887/1/1265 890/1/1266
f 890/1/1266 888/1/1262 883/1/1261
f 891/1/1267 892/1/1267 893/1/1267
f 893/1/1267 885/1/1267 891/1/1267
f 882/1/1268 885/1/1268 893/1/1268
f 893/1/1268 894/1/1268 882/1/1268
f 882/1/1269 894/1/1269 895/1/1269
f 895/1/1269 886/1/1269 882/1/1269
f 871/1/1270 886/1/1270 895/1/1270
f 895/1/1270 872/1/1270 871/1/1270
f 886/1/1259 871/1/1254 881/1/1253
f 881/1/1253 887/1/1260 886/1/1259
f 880/1/1251 890/1/1266 887/1/1265
f 887/1/1265 881/1/1252 880/1/1251
f 890/1/1271 880/1/1272 879/1/1273
f 879/1/1273 896/1/1274 890/1/1271
f 896/1/1275 897/1/1275 888/1/1275
f 888/1/1275 890/1/1276 896/1/1275
f 897/1/1277 898/1/1277 889/1/1277
f 889/1/1277 888/1/1277 897/1/1277
f 898/1/1278 899/1/1278 900/1/1278
f 900/1/1278 889/1/1278 898/1/1278
f 884/1/1264 889/1/1263 900/1/1279
f 900/1/1279 901/1/1280 884/1/1264
f 884/1/1257 901/1/1281 891/1/1282
f 891/1/1282 885/1/1258 884/1/1257
f 902/1/1283 903/1/1284 904/1/1285
f 904/1/1285 905/1/1286 902/1/1283
f 906/1/1287 907/1/1288 903/1/1284
f 903/1/1284 902/1/1283 906/1/1287
f 903/1/1289 908/1/1290 909/1/1291
f 909/1/1291 904/1/1292 903/1/1289
f 903/1/1289 907/1/1293 910/1/1294
f 910/1/1294 908/1/1290 903/1/1289
f 911/1/1295 912/1/1296 913/1/1295
f 913/1/1295 905/1/1297 911/1/1295
f 902/1/1298 905/1/1298 913/1/1298
f 913/1/1298 914/1/1298 902/1/1298
f 902/1/1299 914/1/1299 915/1/1299
f 915/1/1299 906/1/1299 902/1/1299
f 891/1/1300 906/1/1300 915/1/1300
f 915/1/1300 892/1/1300 891/1/1300
f 906/1/1287 891/1/1282 901/1/1281
f 901/1/1281 907/1/1288 906/1/1287
f 900/1/1279 910/1/1294 907/1/1293
f 907/1/1293 901/1/1280 900/1/1279
f 916/1/1301 910/1/1302 900/1/1303
f 900/1/1303 899/1/1304 916/1/1301
f 916/1/1305 917/1/1305 908/1/1305
f 908/1/1305 910/1/1305 916/1/1305
f 917/1/1306 918/1/1306 909/1/1306
f 909/1/1306 908/1/1306 917/1/1306
f 918/1/1307 919/1/1308 920/1/1309
f 920/1/1309 909/1/1310 918/1/1307
f 904/1/1292 909/1/1291 920/1/1311
f 920/1/1311 921/1/1312 904/1/1292
f 904/1/1285 921/1/1313 911/1/1314
f 911/1/1314 905/1/1286 904/1/1285
f 922/1/1315 923/1/1316 924/1/1317
f 924/1/1317 925/1/1318 922/1/1315
f 926/1/1319 927/1/1320 923/1/1316
f 923/1/1316 922/1/1315 926/1/1319
f 923/1/1321 928/1/1322 929/1/1323
f 929/1/1323 924/1/1324 923/1/1321
f 923/1/1321 927/1/1325 930/1/1326
f 930/1/1326 928/1/1322 923/1/1321
f 931/1/1327 932/1/1328 933/1/1327
f 933/1/1327 925/1/1329 931/1/1327
f 922/1/1330 925/1/1331 933/1/1331
f 933/1/1331 934/1/1330 922/1/1330
f 922/1/1332 934/1/1332 935/1/1333
f 935/1/1333 926/1/1332 922/1/1332
f 911/1/1334 926/1/1335 935/1/1336
f 935/1/1336 912/1/1336 911/1/1334
f 926/1/1319 911/1/1314 921/1/1313
f 921/1/1313 927/1/1320 926/1/1319
f 920/1/1311 930/1/1326 927/1/1325
f 927/1/1325 921/1/1312 920/1/1311
f 930/1/1337 920/1/1338 919/1/1339
f 919/1/1339 936/1/1340 930/1/1337
f 936/1/1341 937/1/1342 928/1/1342
f 928/1/1342 930/1/1343 936/1/1341
f 937/1/1344 938/1/1344 929/1/1344
f 929/1/1344 928/1/1344 937/1/1344
f 938/1/1345 939/1/1345 940/1/1345
f 940/1/1345 929/1/1345 938/1/1345
f 924/1/1324 929/1/1323 940/1/1346
f 940/1/1346 941/1/1347 924/1/1324
f 924/1/1317 941/1/1348 931/1/1349
f 931/1/1349 925/1/1318 924/1/1317
f 942/1/1350 943/1/1351 944/1/1352
f 944/1/1352 945/1/1353 942/1/1350
f 946/1/1354 947/1/1355 943/1/1351
f 943/1/1351 942/1/1350 946/1/1354
f 943/1/1356 948/1/1357 949/1/1358
f 949/1/1358 944/1/1359 943/1/1356
f 943/1/1356 947/1/1360 950/1/1361
f 950/1/1361 948/1/1357 943/1/1356
f 951/1/1362 952/1/1362 953/1/1363
f 953/1/1363 945/1/1362 951/1/1362
f 942/1/1364 945/1/1365 953/1/1364
f 953/1/1364 954/1/1364 942/1/1364
f 942/1/1366 954/1/1366 955/1/1367
f 955/1/1367 946/1/1368 942/1/1366
f 931/1/1369 946/1/1369 955/1/1370
f 955/1/1370 932/1/1369 931/1/1369
f 946/1/1354 931/1/1349 941/1/1348
f 941/1/1348 947/1/1355 946/1/1354
f 940/1/1346 950/1/1361 947/1/1360
f 947/1/1360 941/1/1347 940/1/1346
f 950/1/1371 940/1/1371 939/1/1371
f 939/1/1371 956/1/1371 950/1/1371
f 956/1/1372 957/1/1373 948/1/1372
f 948/1/1372 950/1/1372 956/1/1372
f 957/1/1374 958/1/1375 949/1/1376
f 949/1/1376 948/1/1374 957/1/1374
f 958/1/1377 959/1/1378 960/1/1377
f 960/1/1377 949/1/1378 958/1/1377
f 944/1/1359 949/1/1358 960/1/1379
f 960/1/1379 961/1/1380 944/1/1359
f 944/1/1352 961/1/1381 951/1/1382
f 951/1/1382 945/1/1353 944/1/1352
f 962/1/1383 963/1/1384 964/1/1385
f 964/1/1385 965/1/1386 962/1/1383
f 966/1/1387 967/1/1388 963/1/1384
f 963/1/1384 962/1/1383 966/1/1387
f 963/1/1389 968/1/1390 969/1/1391
f 969/1/1391 964/1/1392 963/1/1389
f 963/1/1389 967/1/1393 970/1/1394
f 970/1/1394 968/1/1390 963/1/1389
f 971/1/1395 972/1/1395 973/1/1395
f 973/1/1395 965/1/1395 971/1/1395
f 962/1/1396 965/1/1397 973/1/1397
f 973/1/1397 974/1/1397 962/1/1396
f 962/1/1398 974/1/1399 975/1/1399
f 975/1/1399 966/1/1399 962/1/1398
f 951/1/1400 966/1/1400 975/1/1400
f 975/1/1400 952/1/1400 951/1/1400
f 966/1/1387 951/1/1382 961/1/1381
f 961/1/1381 967/1/1388 966/1/1387
f 960/1/1379 970/1/1394 967/1/1393
f 967/1/1393 961/1/1380 960/1/1379
f 970/1/1401 960/1/1401 959/1/1401
f 959/1/1401 976/1/1401 970/1/1401
f 976/1/1402 977/1/1402 968/1/1402
f 968/1/1402 970/1/1402 976/1/1402
f 977/1/1403 978/1/1403 969/1/1403
f 969/1/1403 968/1/1403 977/1/1403
f 978/1/1404 979/1/1404 980/1/1404
f 980/1/1404 969/1/1404 978/1/1404
f 964/1/1392 969/1/1391 980/1/1405
f 980/1/1405 981/1/1406 964/1/1392
f 964/1/1385 981/1/1407 971/1/1408
f 971/1/1408 965/1/1386 964/1/1385
f 982/1/1409 983/1/1410 984/1/1411
f 984/1/1411 985/1/1412 982/1/1409
f 986/1/1413 987/1/1414 983/1/1410
f 983/1/1410 982/1/1409 986/1/1413
f 983/1/1415 988/1/1416 989/1/1417
f 989/1/1417 984/1/1418 983/1/1415
f 983/1/1415 987/1/1419 990/1/1420
f 990/1/1420 988/1/1416 983/1/1415
f 991/1/1421 992/1/1421 993/1/1421
f 993/1/1421 985/1/1422 991/1/1421
f 982/1/1423 985/1/1423 993/1/1423
f 993/1/1423 994/1/1423 982/1/1423
f 982/1/1424 994/1/1424 995/1/1424
f 995/1/1424 986/1/1424 982/1/1424
f 971/1/1425 986/1/1425 995/1/1425
f 995/1/1425 972/1/1425 971/1/1425
f 986/1/1413 971/1/1408 981/1/1407
f 981/1/1407 987/1/1414 986/1/1413
f 980/1/1405 990/1/1420 987/1/1419
f 987/1/1419 981/1/1406 980/1/1405
f 990/1/1426 980/1/1427 979/1/1427
f 979/1/1427 996/1/1427 990/1/1426
f 996/1/1428 997/1/1429 988/1/1430
f 988/1/1430 990/1/1431 996/1/1428
f 997/1/1432 998/1/1433 989/1/1433
f 989/1/1433 988/1/1433 997/1/1432
f 998/1/1434 999/1/1434 1000/1/1434
f 1000/1/1434 989/1/1434 998/1/1434
f 984/1/1418 989/1/1417 1000/1/1435
f 1000/1/1435 1001/1/1436 984/1/1418
f 984/1/1411 1001/1/1437 991/1/1438
f 991/1/1438 985/1/1412 984/1/1411
f 1002/1/1439 1003/1/1440 1004/1/1441
f 1004/1/1441 1005/1/1442 1002/1/1439
f 1006/1/1443 1007/1/1444 1003/1/1440
f 1003/1/1440 1002/1/1439 1006/1/1443
f 1003/1/1445 1008/1/1446 1009/1/1447
f 1009/1/1447 1004/1/1448 1003/1/1445
f 1003/1/1445 1007/1/1449 1010/1/1450
f 1010/1/1450 1008/1/1446 1003/1/1445
f 1011/1/1451 1012/1/1451 1013/1/1452
f 1013/1/1452 1005/1/1451 1011/1/1451
f 1002/1/1453 1005/1/1454 1013/1/1453
f 1013/1/1453 1014/1/1455 1002/1/1453
f 1002/1/1456 1014/1/1456 1015/1/1456
f 1015/1/1456 1006/1/1457 1002/1/1456
f 991/1/1458 1006/1/1459 1015/1/1458
f 1015/1/1458 992/1/1458 991/1/1458
f 1006/1/1443 991/1/1438 1001/1/1437
f 1001/1/1437 1007/1/1444 1006/1/1443
f 1000/1/1435 1010/1/1450 1007/1/1449
f 1007/1/1449 1001/1/1436 1000/1/1435
f 1010/1/1460 1000/1/1460 999/1/1460
f 999/1/1460 1016/1/1460 1010/1/1460
f 1016/1/1461 1017/1/1462 1008/1/1461
f 1008/1/1461 1010/1/1461 1016/1/1461
f 1017/1/1463 1018/1/1463 1009/1/1463
f 1009/1/1463 1008/1/1463 1017/1/1463
f 1018/1/1464 1019/1/1465 1020/1/1465
f 1020/1/1465 1009/1/1465 1018/1/1464
f 1004/1/1448 1009/1/1447 1020/1/1466
f 1020/1/1466 1021/1/1467 1004/1/1448
f 1004/1/1441 1021/1/1468 1011/1/1469
f 1011/1/1469 1005/1/1442 1004/1/1441
f 1022/1/1470 1023/1/1471 1024/1/1472
f 1024/1/1472 1025/1/1473 1022/1/1470
f 1026/1/1474 1027/1/1475 1023/1/1471
f 1023/1/1471 1022/1/1470 1026/1/1474
f 1023/1/1476 1028/1/1477 1029/1/1478
f 1029/1/1478 1024/1/1479 1023/1/1476
f 1023/1/1476 1027/1/1480 1030/1/1481
f 1030/1/1481 1028/1/1477 1023/1/1476
f 1031/1/1482 1032/1/1483 1033/1/1482
f 1033/1/1482 1025/1/1482 1031/1/1482
f 1022/1/1484 1025/1/1484 1033/1/1485
f 1033/1/1485 1034/1/1486 1022/1/1484
f 1022/1/1487 1034/1/1487 1035/1/1488
f 1035/1/1488 1026/1/1489 1022/1/1487
f 1011/1/1490 1026/1/1491 1035/1/1490
f 1035/1/1490 1012/1/1490 1011/1/1490
f 1026/1/1474 1011/1/1469 1021/1/1468
f 1021/1/1468 1027/1/1475 1026/1/1474
f 1020/1/1466 1030/1/1481 1027/1/1480
f 1027/1/1480 1021/1/1467 1020/1/1466
f 1030/1/1492 1020/1/1493 1019/1/1493
f 1019/1/1493 1036/1/1493 1030/1/1492
f 1036/1/1494 1037/1/1495 1028/1/1494
f 1028/1/1494 1030/1/1494 1036/1/1494
f 1037/1/1496 1038/1/1496 1029/1/1496
f 1029/1/1496 1028/1/1496 1037/1/1496
f 1038/1/1497 1039/1/1497 1040/1/1497
f 1040/1/1497 1029/1/1497 1038/1/1497
f 1024/1/1479 1029/1/1478 1040/1/1498
f 1040/1/1498 1041/1/1499 1024/1/1479
f 1024/1/1472 1041/1/1500 1031/1/1501
f 1031/1/1501 1025/1/1473 1024/1/1472
f 1042/1/1502 1043/1/1503 1044/1/1504
f 1044/1/1504 1045/1/1505 1042/1/1502
f 1046/1/1506 1047/1/1507 1043/1/1503
f 1043/1/1503 1042/1/1502 1046/1/1506
f 1043/1/1508 1048/1/1509 1049/1/1510
f 1049/1/1510 1044/1/1511 1043/1/1508
f 1043/1/1508 1047/1/1512 1050/1/1513
f 1050/1/1513 1048/1/1509 1043/1/1508
f 1051/1/1514 1052/1/1514 1053/1/1514
f 1053/1/1514 1045/1/1514 1051/1/1514
f 1042/1/1515 1045/1/1515 1053/1/1515
f 1053/1/1515 1054/1/1515 1042/1/1515
f 1042/1/1516 1054/1/1517 1055/1/1517
f 1055/1/1517 1046/1/1516 1042/1/1516
f 1031/1/1518 1046/1/1518 1055/1/1518
f 1055/1/1518 1032/1/1518 1031/1/1518
f 1046/1/1506 1031/1/1501 1041/1/1500
f 1041/1/1500 1047/1/1507 1046/1/1506
f 1040/1/1498 1050/1/1513 1047/1/1512
f 1047/1/1512 1041/1/1499 1040/1/1498
f 1050/1/1519 1040/1/1520 1039/1/1521
f 1039/1/1521 1056/1/1522 1050/1/1519
f 1056/1/1523 1057/1/1524 1048/1/1523
f 1048/1/1523 1050/1/1523 1056/1/1523
f 1057/1/1525 1058/1/1525 1049/1/1525
f 1049/1/1525 1048/1/1526 1057/1/1525
f 1058/1/1527 1059/1/1528 1060/1/1527
f 1060/1/1527 1049/1/1527 1058/1/1527
f 1044/1/1511 1049/1/1510 1060/1/1529
f 1060/1/1529 1061/1/1530 1044/1/1511
f 1044/1/1504 1061/1/1531 1051/1/1532
f 1051/1/1532 1045/1/1505 1044/1/1504
f 1062/1/1533 1063/1/1534 1064/1/1535
f 1064/1/1535 1065/1/1536 1062/1/1533
f 1066/1/1537 1067/1/1538 1063/1/1534
f 1063/1/1534 1062/1/1533 1066/1/1537
f 1063/1/1539 1068/1/1540 1069/1/1541
f 1069/1/1541 1064/1/1542 1063/1/1539
f 1063/1/1539 1067/1/1543 1070/1/1544
f 1070/1/1544 1068/1/1540 1063/1/1539
f 1071/1/1545 1072/1/1545 1073/1/1545
f 1073/1/1545 1065/1/1545 1071/1/1545
f 1062/1/175 1065/1/1546 1073/1/1547
f 1073/1/1547 1074/1/1548 1062/1/175
f 1062/1/1549 1074/1/173 1075/1/173
f 1075/1/173 1066/1/173 1062/1/1549
f 1051/1/171 1066/1/171 1075/1/171
f 1075/1/171 1052/1/1550 1051/1/171
f 1066/1/1537 1051/1/1532 1061/1/1531
f 1061/1/1531 1067/1/1538 1066/1/1537
f 1060/1/1529 1070/1/1544 1067/1/1543
f 1067/1/1543 1061/1/1530 1060/1/1529
f 1070/1/1551 1060/1/1552 1059/1/1553
f 1059/1/1553 1076/1/1554 1070/1/1551
f 1076/1/165 1077/1/165 1068/1/165
f 1068/1/165 1070/1/165 1076/1/165
f 1077/1/1555 1078/1/164 1069/1/1556
f 1069/1/1556 1068/1/164 1077/1/1555
f 1078/1/163 1079/1/163 1080/1/163
f 1080/1/163 1069/1/163 1078/1/163
f 1064/1/1542 1069/1/1541 1080/1/1557
f 1080/1/1557 1081/1/1558 1064/1/1542
f 1064/1/1535 1081/1/1559 1071/1/1560
f 1071/1/1560 1065/1/1536 1064/1/1535
f 1082/1/1561 1083/1/1562 1084/1/1563
f 1084/1/1563 1085/1/1564 1082/1/1561
f 1086/1/1565 1087/1/1566 1083/1/1562
f 1083/1/1562 1082/1/1561 1086/1/1565
f 1083/1/1567 1088/1/1568 1089/1/1569
f 1089/1/1569 1084/1/1570 1083/1/1567
f 1083/1/1567 1087/1/1571 1090/1/1572
f 1090/1/1572 1088/1/1568 1083/1/1567
f 1091/1/1573 1092/1/1089 1093/1/1574
f 1093/1/1574 1085/1/1089 1091/1/1573
f 1082/1/1085 1085/1/1575 1093/1/1084
f 1093/1/1084 1094/1/1085 1082/1/1085
f 1082/1/1083 1094/1/1083 1095/1/1083
f 1095/1/1083 1086/1/1083 1082/1/1083
f 1071/1/1576 1086/1/1576 1095/1/1576
f 1095/1/1576 1072/1/1576 1071/1/1576
f 1086/1/1565 1071/1/1560 1081/1/1559
f 1081/1/1559 1087/1/1566 1086/1/1565
f 1080/1/1557 1090/1/1572 1087/1/1571
f 1087/1/1571 1081/1/1558 1080/1/1557
f 1090/1/1079 1080/1/1079 1079/1/1079
f 1079/1/1079 1096/1/1079 1090/1/1079
f 1096/1/1577 1097/1/1577 1088/1/1577
f 1088/1/1577 1090/1/1577 1096/1/1577
f 1097/1/1075 1098/1/1075 1089/1/1075
f 1089/1/1075 1088/1/1077 1097/1/1075
f 1098/1/1072 1099/1/1072 1100/1/1072
f 1100/1/1072 1089/1/1072 1098/1/1072
f 1084/1/1570 1089/1/1569 1100/1/1578
f 1100/1/1578 1101/1/1579 1084/1/1570
f 1084/1/1563 1101/1/1580 1091/1/1581
f 1091/1/1581 1085/1/1564 1084/1/1563
f 1102/1/1582 1103/1/1583 1104/1/1584
f 1104/1/1584 1105/1/1585 1102/1/1582
f 1106/1/1586 1107/1/1587 1103/1/1583
f 1103/1/1583 1102/1/1582 1106/1/1586
f 1103/1/1588 1108/1/1589 1109/1/1590
f 1109/1/1590 1104/1/1591 1103/1/1588
f 1103/1/1588 1107/1/1592 1110/1/1593
f 1110/1/1593 1108/1/1589 1103/1/1588
f 1111/1/1594 1112/1/1595 1113/1/1596
f 1113/1/1596 1105/1/1117 1111/1/1594
f 1102/1/1597 1105/1/1115 1113/1/1115
f 1113/1/1115 1114/1/1115 1102/1/1597
f 1102/1/1114 1114/1/1114 1115/1/1114
f 1115/1/1114 1106/1/1114 1102/1/1114
f 1091/1/1113 1106/1/1113 1115/1/1113
f 1115/1/1113 1092/1/1113 1091/1/1113
f 1106/1/1586 1091/1/1581 1101/1/1580
f 1101/1/1580 1107/1/1587 1106/1/1586
f 1100/1/1578 1110/1/1593 1107/1/1592
f 1107/1/1592 1101/1/1579 1100/1/1578
f 1110/1/1112 1100/1/1112 1099/1/1598
f 1099/1/1598 1116/1/1112 1110/1/1112
f 1116/1/1109 1117/1/1109 1108/1/1109
f 1108/1/1109 1110/1/1109 1116/1/1109
f 1117/1/1599 1118/1/1108 1109/1/1599
f 1109/1/1599 1108/1/1107 1117/1/1599
f 1118/1/1106 1119/1/1106 1120/1/1106
f 1120/1/1106 1109/1/1106 1118/1/1106
f 1104/1/1591 1109/1/1590 1120/1/1600
f 1120/1/1600 1121/1/1601 1104/1/1591
f 1104/1/1584 1121/1/1602 1111/1/1603
f 1111/1/1603 1105/1/1585 1104/1/1584
f 1122/1/1604 1123/1/1605 1124/1/1606
f 1124/1/1606 1125/1/1607 1122/1/1604
f 1126/1/1608 1127/1/1609 1123/1/1605
f 1123/1/1605 1122/1/1604 1126/1/1608
f 1123/1/1610 1128/1/1611 1129/1/1612
f 1129/1/1612 1124/1/1613 1123/1/1610
f 1123/1/1610 1127/1/1614 1130/1/1615
f 1130/1/1615 1128/1/1611 1123/1/1610
f 1131/1/1148 1132/1/1148 1133/1/1148
f 1133/1/1148 1125/1/1148 1131/1/1148
f 1122/1/1616 1125/1/1144 1133/1/1144
f 1133/1/1144 1134/1/1616 1122/1/1616
f 1122/1/1141 1134/1/1141 1135/1/1141
f 1135/1/1141 1126/1/1141 1122/1/1141
f 1111/1/1139 1126/1/1139 1135/1/1617
f 1135/1/1617 1112/1/1618 1111/1/1139
f 1126/1/1608 1111/1/1603 1121/1/1602
f 1121/1/1602 1127/1/1609 1126/1/1608
f 1120/1/1600 1130/1/1615 1127/1/1614
f 1127/1/1614 1121/1/1601 1120/1/1600
f 1130/1/1619 1120/1/1619 1119/1/1619
f 1119/1/1619 1136/1/1619 1130/1/1619
f 1136/1/1136 1137/1/1136 1128/1/1136
f 1128/1/1136 1130/1/1136 1136/1/1136
f 1137/1/1135 1138/1/1135 1129/1/1135
f 1129/1/1135 1128/1/1135 1137/1/1135
f 1138/1/1134 1139/1/1134 1140/1/1134
f 1140/1/1134 1129/1/1134 1138/1/1134
f 1124/1/1613 1129/1/1612 1140/1/1620
f 1140/1/1620 1141/1/1621 1124/1/1613
f 1124/1/1606 1141/1/1622 1131/1/1623
f 1131/1/1623 1125/1/1607 1124/1/1606
f 1142/1/1624 1143/1/1625 1144/1/1626
f 1144/1/1626 1145/1/1627 1142/1/1624
f 1146/1/1628 1147/1/1629 1143/1/1625
f 1143/1/1625 1142/1/1624 1146/1/1628
f 1143/1/1630 1148/1/1631 1149/1/1632
f 1149/1/1632 1144/1/1633 1143/1/1630
f 1143/1/1630 1147/1/1634 1150/1/1635
f 1150/1/1635 1148/1/1631 1143/1/1630
f 1151/1/1183 1152/1/1183 1153/1/1183
f 1153/1/1183 1145/1/1183 1151/1/1183
f 1142/1/1636 1145/1/1179 1153/1/1179
f 1153/1/1179 1154/1/1179 1142/1/1636
f 1142/1/1178 1154/1/1178 1155/1/1178
f 1155/1/1178 1146/1/1178 1142/1/1178
f 1131/1/1637 1146/1/1173 1155/1/1173
f 1155/1/1173 1132/1/1173 1131/1/1637
f 1146/1/1628 1131/1/1623 1141/1/1622
f 1141/1/1622 1147/1/1629 1146/1/1628
f 1140/1/1620 1150/1/1635 1147/1/1634
f 1147/1/1634 1141/1/1621 1140/1/1620
f 1150/1/1171 1140/1/1171 1139/1/1171
f 1139/1/1171 1156/1/1171 1150/1/1171
f 1156/1/1169 1157/1/1169 1148/1/1169
f 1148/1/1169 1150/1/1169 1156/1/1169
f 1157/1/1167 1158/1/1167 1149/1/1167
f 1149/1/1167 1148/1/1167 1157/1/1167
f 1158/1/1166 1159/1/1166 1160/1/1166
f 1160/1/1166 1149/1/1166 1158/1/1166
f 1144/1/1633 1149/1/1632 1160/1/1638
f 1160/1/1638 1161/1/1639 1144/1/1633
f 1144/1/1626 1161/1/1640 1151/1/1641
f 1151/1/1641 1145/1/1627 1144/1/1626
f 1162/1/1642 1163/1/1643 1164/1/1644
f 1164/1/1644 1165/1/1645 1162/1/1642
f 1166/1/1646 1167/1/1647 1163/1/1643
f 1163/1/1643 1162/1/1642 1166/1/1646
f 1163/1/1648 1168/1/1649 1169/1/1650
f 1169/1/1650 1164/1/1651 1163/1/1648
f 1163/1/1648 1167/1/1652 1170/1/1653
f 1170/1/1653 1168/1/1649 1163/1/1648
f 1171/1/1215 1172/1/1215 1173/1/1215
f 1173/1/1215 1165/1/1215 1171/1/1215
f 1162/1/1213 1165/1/1213 1173/1/1213
f 1173/1/1213 1174/1/1213 1162/1/1213
f 1162/1/1654 1174/1/1210 1175/1/1655
f 1175/1/1655 1166/1/1656 1162/1/1654
f 1151/1/1657 1166/1/1658 1175/1/1659
f 1175/1/1659 1152/1/1657 1151/1/1657
f 1166/1/1646 1151/1/1641 1161/1/1640
f 1161/1/1640 1167/1/1647 1166/1/1646
f 1160/1/1638 1170/1/1653 1167/1/1652
f 1167/1/1652 1161/1/1639 1160/1/1638
f 1170/1/1660 1160/1/1207 1159/1/1660
f 1159/1/1660 1176/1/1207 1170/1/1660
f 1176/1/1204 1177/1/1204 1168/1/1204
f 1168/1/1204 1170/1/1204 1176/1/1204
f 1177/1/1661 1178/1/1203 1169/1/1203
f 1169/1/1203 1168/1/1203 1177/1/1661
f 1178/1/1662 1179/1/1663 1180/1/1664
f 1180/1/1664 1169/1/1662 1178/1/1662
f 1164/1/1651 1169/1/1650 1180/1/1665
f 1180/1/1665 1181/1/1666 1164/1/1651
f 1164/1/1644 1181/1/1667 1171/1/1668
f 1171/1/1668 1165/1/1645 1164/1/1644
f 1182/1/1669 1183/1/1670 1184/1/1671
f 1184/1/1671 1185/1/1672 1182/1/1669
f 1186/1/1673 1187/1/1674 1183/1/1670
f 1183/1/1670 1182/1/1669 1186/1/1673
f 1183/1/1675 1188/1/1676 1189/1/1677
f 1189/1/1677 1184/1/1678 1183/1/1675
f 1183/1/1675 1187/1/1679 1190/1/1680
f 1190/1/1680 1188/1/1676 1183/1/1675
f 1191/1/1681 1192/1/1682 1193/1/1682
f 1193/1/1682 1185/1/1683 1191/1/1681
f 1182/1/1245 1185/1/1246 1193/1/1245
f 1193/1/1245 1194/1/1245 1182/1/1245
f 1182/1/1684 1194/1/1243 1195/1/1684
f 1195/1/1684 1186/1/1243 1182/1/1684
f 1171/1/1242 1186/1/1242 1195/1/1242
f 1195/1/1242 1172/1/1242 1171/1/1242
f 1186/1/1673 1171/1/1668 1181/1/1667
f 1181/1/1667 1187/1/1674 1186/1/1673
f 1180/1/1665 1190/1/1680 1187/1/1679
f 1187/1/1679 1181/1/1666 1180/1/1665
f 1190/1/1241 1180/1/1241 1179/1/1241
f 1179/1/1241 1196/1/1241 1190/1/1241
f 1196/1/1685 1197/1/1237 1188/1/1237
f 1188/1/1237 1190/1/1237 1196/1/1685
f 1197/1/1236 1198/1/1236 1189/1/1686
f 1189/1/1686 1188/1/1236 1197/1/1236
f 1198/1/1233 1199/1/1233 1200/1/1233
f 1200/1/1233 1189/1/1233 1198/1/1233
f 1184/1/1678 1189/1/1677 1200/1/1687
f 1200/1/1687 1201/1/1688 1184/1/1678
f 1184/1/1671 1201/1/1689 1191/1/1690
f 1191/1/1690 1185/1/1672 1184/1/1671
f 1202/1/1691 1203/1/1692 1204/1/1693
f 1204/1/1693 1205/1/1694 1202/1/1691
f 1206/1/1695 1207/1/1696 1203/1/1692
f 1203/1/1692 1202/1/1691 1206/1/1695
f 1203/1/1697 1208/1/1698 1209/1/1699
f 1209/1/1699 1204/1/1700 1203/1/1697
f 1203/1/1697 1207/1/1701 1210/1/1702
f 1210/1/1702 1208/1/1698 1203/1/1697
f 1211/1/1703 1212/1/1278 1213/1/1278
f 1213/1/1278 1205/1/1278 1211/1/1703
f 1202/1/1277 1205/1/1277 1213/1/1277
f 1213/1/1277 1214/1/1277 1202/1/1277
f 1202/1/1275 1214/1/1275 1215/1/1275
f 1215/1/1275 1206/1/1275 1202/1/1275
f 1191/1/1704 1206/1/1704 1215/1/1704
f 1215/1/1704 1192/1/1704 1191/1/1704
f 1206/1/1695 1191/1/1690 1201/1/1689
f 1201/1/1689 1207/1/1696 1206/1/1695
f 1200/1/1687 1210/1/1702 1207/1/1701
f 1207/1/1701 1201/1/1688 1200/1/1687
f 1210/1/1270 1200/1/1270 1199/1/1270
f 1199/1/1270 1216/1/1270 1210/1/1270
f 1216/1/1269 1217/1/1269 1208/1/1269
f 1208/1/1269 1210/1/1269 1216/1/1269
f 1217/1/1268 1218/1/1268 1209/1/1268
f 1209/1/1268 1208/1/1268 1217/1/1268
f 1218/1/1267 1219/1/1267 1220/1/1267
f 1220/1/1267 1209/1/1267 1218/1/1267
f 1204/1/1700 1209/1/1699 1220/1/1705
f 1220/1/1705 1221/1/1706 1204/1/1700
f 1204/1/1693 1221/1/1707 1211/1/1708
f 1211/1/1708 1205/1/1694 1204/1/1693
f 1222/1/1709 1223/1/1710 1224/1/1711
f 1224/1/1711 1225/1/1712 1222/1/1709
f 1226/1/1713 1227/1/1714 1223/1/1710
f 1223/1/1710 1222/1/1709 1226/1/1713
f 1223/1/1715 1228/1/1716 1229/1/1717
f 1229/1/1717 1224/1/1718 1223/1/1715
f 1223/1/1715 1227/1/1719 1230/1/1720
f 1230/1/1720 1228/1/1716 1223/1/1715
f 1231/1/1721 1232/1/1721 1233/1/1722
f 1233/1/1722 1225/1/1722 1231/1/1721
f 1222/1/1306 1225/1/1723 1233/1/1724
f 1233/1/1724 1234/1/1724 1222/1/1306
f 1222/1/1305 1234/1/1725 1235/1/1305
f 1235/1/1305 1226/1/1305 1222/1/1305
f 1211/1/1303 1226/1/1303 1235/1/1303
f 1235/1/1303 1212/1/1303 1211/1/1303
f 1226/1/1713 1211/1/1708 1221/1/1707
f 1221/1/1707 1227/1/1714 1226/1/1713
f 1220/1/1705 1230/1/1720 1227/1/1719
f 1227/1/1719 1221/1/1706 1220/1/1705
f 1230/1/1300 1220/1/1300 1219/1/1300
f 1219/1/1300 1236/1/1300 1230/1/1300
f 1236/1/1299 1237/1/1299 1228/1/1299
f 1228/1/1299 1230/1/1299 1236/1/1299
f 1237/1/1298 1238/1/1726 1229/1/1298
f 1229/1/1298 1228/1/1298 1237/1/1298
f 1238/1/1727 1239/1/1727 1240/1/1727
f 1240/1/1727 1229/1/1727 1238/1/1727
f 1224/1/1718 1229/1/1717 1240/1/1728
f 1240/1/1728 1241/1/1729 1224/1/1718
f 1224/1/1711 1241/1/1730 1231/1/1731
f 1231/1/1731 1225/1/1712 1224/1/1711
f 1242/1/1732 1243/1/1733 1244/1/1734
f 1244/1/1734 1245/1/1735 1242/1/1732
f 1246/1/1736 1247/1/1737 1243/1/1733
f 1243/1/1733 1242/1/1732 1246/1/1736
f 1243/1/1738 1248/1/1739 1249/1/1740
f 1249/1/1740 1244/1/1741 1243/1/1738
f 1243/1/1738 1247/1/1742 1250/1/1743
f 1250/1/1743 1248/1/1739 1243/1/1738
f 1251/1/1345 1252/1/1345 1253/1/1345
f 1253/1/1345 1245/1/1345 1251/1/1345
f 1242/1/1344 1245/1/1744 1253/1/1745
f 1253/1/1745 1254/1/1344 1242/1/1344
f 1242/1/1341 1254/1/1341 1255/1/1341
f 1255/1/1341 1246/1/1341 1242/1/1341
f 1231/1/1338 1246/1/1338 1255/1/1338
f 1255/1/1338 1232/1/1338 1231/1/1338
f 1246/1/1736 1231/1/1731 1241/1/1730
f 1241/1/1730 1247/1/1737 1246/1/1736
f 1240/1/1728 1250/1/1743 1247/1/1742
f 1247/1/1742 1241/1/1729 1240/1/1728
f 1250/1/1336 1240/1/1336 1239/1/1336
f 1239/1/1336 1256/1/1336 1250/1/1336
f 1256/1/1332 1257/1/1332 1248/1/1332
f 1248/1/1332 1250/1/1332 1256/1/1332
f 1257/1/1330 1258/1/1330 1249/1/1330
f 1249/1/1330 1248/1/1330 1257/1/1330
f 1258/1/1328 1259/1/1328 1260/1/1328
f 1260/1/1328 1249/1/1328 1258/1/1328
f 1244/1/1741 1249/1/1740 1260/1/1746
f 1260/1/1746 1261/1/1747 1244/1/1741
f 1244/1/1734 1261/1/1748 1251/1/1749
f 1251/1/1749 1245/1/1735 1244/1/1734
f 1262/1/1750 1263/1/1751 1264/1/1752
f 1264/1/1752 1265/1/1753 1262/1/1750
f 1266/1/1754 1267/1/1755 1263/1/1751
f 1263/1/1751 1262/1/1750 1266/1/1754
f 1263/1/1756 1268/1/1757 1269/1/1758
f 1269/1/1758 1264/1/1759 1263/1/1756
f 1263/1/1756 1267/1/1760 1270/1/1761
f 1270/1/1761 1268/1/1757 1263/1/1756
f 1271/1/1762 1272/1/1763 1273/1/1764
f 1273/1/1764 1265/1/1378 1271/1/1762
f 1262/1/1765 1265/1/1374 1273/1/1766
f 1273/1/1766 1274/1/1765 1262/1/1765
f 1262/1/1372 1274/1/1767 1275/1/1372
f 1275/1/1372 1266/1/1372 1262/1/1372
f 1251/1/1371 1266/1/1371 1275/1/1371
f 1275/1/1371 1252/1/1371 1251/1/1371
f 1266/1/1754 1251/1/1749 1261/1/1748
f 1261/1/1748 1267/1/1755 1266/1/1754
f 1260/1/1746 1270/1/1761 1267/1/1760
f 1267/1/1760 1261/1/1747 1260/1/1746
f 1270/1/1370 1260/1/1768 1259/1/1768
f 1259/1/1768 1276/1/1768 1270/1/1370
f 1276/1/1366 1277/1/1366 1268/1/1366
f 1268/1/1366 1270/1/1366 1276/1/1366
f 1277/1/1365 1278/1/1365 1269/1/1365
f 1269/1/1365 1268/1/1364 1277/1/1365
f 1278/1/1363 1279/1/1362 1280/1/1362
f 1280/1/1362 1269/1/1363 1278/1/1363
f 1264/1/1759 1269/1/1758 1280/1/1769
f 1280/1/1769 1281/1/1770 1264/1/1759
f 1264/1/1752 1281/1/1771 1271/1/1772
f 1271/1/1772 1265/1/1753 1264/1/1752
f 1282/1/1773 1283/1/1774 1284/1/1775
f 1284/1/1775 1285/1/1776 1282/1/1773
f 1286/1/1777 1287/1/1778 1283/1/1774
f 1283/1/1774 1282/1/1773 1286/1/1777
f 1283/1/1779 1288/1/1780 1289/1/1781
f 1289/1/1781 1284/1/1782 1283/1/1779
f 1283/1/1779 1287/1/1783 1290/1/1784
f 1290/1/1784 1288/1/1780 1283/1/1779
f 1291/1/1404 1292/1/1404 1293/1/1785
f 1293/1/1785 1285/1/1786 1291/1/1404
f 1282/1/1787 1285/1/1403 1293/1/1403
f 1293/1/1403 1294/1/1403 1282/1/1787
f 1282/1/1788 1294/1/1402 1295/1/1402
f 1295/1/1402 1286/1/1402 1282/1/1788
f 1271/1/1401 1286/1/1401 1295/1/1401
f 1295/1/1401 1272/1/1401 1271/1/1401
f 1286/1/1777 1271/1/1772 1281/1/1771
f 1281/1/1771 1287/1/1778 1286/1/1777
f 1280/1/1769 1290/1/1784 1287/1/1783
f 1287/1/1783 1281/1/1770 1280/1/1769
f 1290/1/1400 1280/1/1400 1279/1/1400
f 1279/1/1400 1296/1/1400 1290/1/1400
f 1296/1/1789 1297/1/1399 1288/1/1399
f 1288/1/1399 1290/1/1399 1296/1/1789
f 1297/1/1397 1298/1/1397 1289/1/1397
f 1289/1/1397 1288/1/1397 1297/1/1397
f 1298/1/1790 1299/1/1790 1300/1/1790
f 1300/1/1790 1289/1/1790 1298/1/1790
f 1284/1/1782 1289/1/1781 1300/1/1791
f 1300/1/1791 1301/1/1792 1284/1/1782
f 1284/1/1775 1301/1/1793 1291/1/1794
f 1291/1/1794 1285/1/1776 1284/1/1775
f 1302/1/1795 1303/1/1796 1304/1/1797
f 1304/1/1797 1305/1/1798 1302/1/1795
f 1306/1/1799 1307/1/1800 1303/1/1796
f 1303/1/1796 1302/1/1795 1306/1/1799
f 1303/1/1801 1308/1/1802 1309/1/1803
f 1309/1/1803 1304/1/1804 1303/1/1801
f 1303/1/1801 1307/1/1805 1310/1/1806
f 1310/1/1806 1308/1/1802 1303/1/1801
f 1311/1/1807 1312/1/1434 1313/1/1434
f 1313/1/1434 1305/1/1434 1311/1/1807
f 1302/1/1433 1305/1/1433 1313/1/1433
f 1313/1/1433 1314/1/1433 1302/1/1433
f 1302/1/1808 1314/1/1808 1315/1/1808
f 1315/1/1808 1306/1/1808 1302/1/1808
f 1291/1/1427 1306/1/1427 1315/1/1427
f 1315/1/1427 1292/1/1427 1291/1/1427
f 1306/1/1799 1291/1/1794 1301/1/1793
f 1301/1/1793 1307/1/1800 1306/1/1799
f 1300/1/1791 1310/1/1806 1307/1/1805
f 1307/1/1805 1301/1/1792 1300/1/1791
f 1310/1/1425 1300/1/1425 1299/1/1425
f 1299/1/1425 1316/1/1425 1310/1/1425
f 1316/1/1424 1317/1/1424 1308/1/1424
f 1308/1/1424 1310/1/1424 1316/1/1424
f 1317/1/1423 1318/1/1423 1309/1/1423
f 1309/1/1423 1308/1/1423 1317/1/1423
f 1318/1/1809 1319/1/1809 1320/1/1809
f 1320/1/1809 1309/1/1809 1318/1/1809
f 1304/1/1804 1309/1/1803 1320/1/1810
f 1320/1/1810 1321/1/1811 1304/1/1804
f 1304/1/1797 1321/1/1812 1311/1/1813
f 1311/1/1813 1305/1/1798 1304/1/1797
f 1322/1/1814 1323/1/1815 1324/1/1816
f 1324/1/1816 1325/1/1817 1322/1/1814
f 1326/1/1818 1327/1/1819 1323/1/1815
f 1323/1/1815 1322/1/1814 1326/1/1818
f 1323/1/1820 1328/1/1821 1329/1/1822
f 1329/1/1822 1324/1/1823 1323/1/1820
f 1323/1/1820 1327/1/1824 1330/1/1825
f 1330/1/1825 1328/1/1821 1323/1/1820
f 1331/1/1826 1332/1/1465 1333/1/1465
f 1333/1/1465 1325/1/1465 1331/1/1826
f 1322/1/1463 1325/1/1463 1333/1/1463
f 1333/1/1463 1334/1/1463 1322/1/1463
f 1322/1/1461 1334/1/1827 1335/1/1461
f 1335/1/1461 1326/1/1461 1322/1/1461
f 1311/1/1460 1326/1/1460 1335/1/1460
f 1335/1/1460 1312/1/1828 1311/1/1460
f 1326/1/1818 1311/1/1813 1321/1/1812
f 1321/1/1812 1327/1/1819 1326/1/1818
f 1320/1/1810 1330/1/1825 1327/1/1824
f 1327/1/1824 1321/1/1811 1320/1/1810
f 1330/1/1829 1320/1/1829 1319/1/1829
f 1319/1/1829 1336/1/1830 1330/1/1829
f 1336/1/1831 1337/1/1456 1328/1/1457
f 1328/1/1457 1330/1/1456 1336/1/1831
f 1337/1/1455 1338/1/1832 1329/1/1455
f 1329/1/1455 1328/1/1453 1337/1/1455
f 1338/1/1451 1339/1/1451 1340/1/1451
f 1340/1/1451 1329/1/1451 1338/1/1451
f 1324/1/1823 1329/1/1822 1340/1/1833
f 1340/1/1833 1341/1/1834 1324/1/1823
f 1324/1/1816 1341/1/1835 1331/1/1836
f 1331/1/1836 1325/1/1817 1324/1/1816
f 1342/1/1837 1343/1/1838 1344/1/1839
f 1344/1/1839 1345/1/1840 1342/1/1837
f 1346/1/1841 1347/1/1842 1343/1/1838
f 1343/1/1838 1342/1/1837 1346/1/1841
f 1343/1/1843 1348/1/1844 1349/1/1845
f 1349/1/1845 1344/1/1846 1343/1/1843
f 1343/1/1843 1347/1/1847 1350/1/1848
f 1350/1/1848 1348/1/1844 1343/1/1843
f 1351/1/1497 1352/1/1849 1353/1/1497
f 1353/1/1497 1345/1/1850 1351/1/1497
f 1342/1/1496 1345/1/1496 1353/1/1496
f 1353/1/1496 1354/1/1496 1342/1/1496
f 1342/1/1495 1354/1/1495 1355/1/1851
f 1355/1/1851 1346/1/1494 1342/1/1495
f 1331/1/1852 1346/1/1493 1355/1/1853
f 1355/1/1853 1332/1/1493 1331/1/1852
f 1346/1/1841 1331/1/1836 1341/1/1835
f 1341/1/1835 1347/1/1842 1346/1/1841
f 1340/1/1833 1350/1/1848 1347/1/1847
f 1347/1/1847 1341/1/1834 1340/1/1833
f 1350/1/1490 1340/1/1854 1339/1/1490
f 1339/1/1490 1356/1/1490 1350/1/1490
f 1356/1/1855 1357/1/1487 1348/1/1855
f 1348/1/1855 1350/1/1855 1356/1/1855
f 1357/1/1486 1358/1/1856 1349/1/1486
f 1349/1/1486 1348/1/1486 1357/1/1486
f 1358/1/1482 1359/1/1482 1360/1/1482
f 1360/1/1482 1349/1/1482 1358/1/1482
f 1344/1/1846 1349/1/1845 1360/1/1857
f 1360/1/1857 1361/1/1858 1344/1/1846
f 1344/1/1839 1361/1/1859 1351/1/1860
f 1351/1/1860 1345/1/1840 1344/1/1839
f 1362/1/1861 1363/1/1862 1364/1/1863
f 1364/1/1863 1365/1/1864 1362/1/1861
f 1366/1/1865 1367/1/1866 1363/1/1862
f 1363/1/1862 1362/1/1861 1366/1/1865
f 1363/1/1867 1368/1/1868 1369/1/1869
f 1369/1/1869 1364/1/1870 1363/1/1867
f 1363/1/1867 1367/1/1871 1370/1/1872
f 1370/1/1872 1368/1/1868 1363/1/1867
f 112/1/1527 111/1/1527 1371/1/1527
f 1371/1/1527 1365/1/1527 112/1/1527
f 1362/1/1525 1365/1/1525 1371/1/1525
f 1371/1/1525 1372/1/1525 1362/1/1525
f 1362/1/1523 1372/1/1873 1373/1/1874
f 1373/1/1874 1366/1/1875 1362/1/1523
f 1351/1/1876 1366/1/1877 1373/1/1877
f 1373/1/1877 1352/1/1876 1351/1/1876
f 1366/1/1865 1351/1/1860 1361/1/1859
f 1361/1/1859 1367/1/1866 1366/1/1865
f 1360/1/1857 1370/1/1872 1367/1/1871
f 1367/1/1871 1361/1/1858 1360/1/1857
f 1370/1/1518 1360/1/1878 1359/1/1879
f 1359/1/1879 1374/1/1879 1370/1/1518
f 1374/1/1516 1375/1/1517 1368/1/1517
f 1368/1/1517 1370/1/1517 1374/1/1516
f 1375/1/1515 1376/1/1515 1369/1/1880
f 1369/1/1880 1368/1/1881 1375/1/1515
f 114/1/1514 1369/1/1514 1376/1/1514
f 1376/1/1514 116/1/1514 114/1/1514
f 1369/1/1869 114/1/170 113/1/169
f 113/1/169 1364/1/1870 1369/1/1869
f 1364/1/1863 113/1/167 112/1/168
f 112/1/168 1365/1/1864 1364/1/1863
f 1377/1/1882 1378/1/1882 1379/1/1882
f 1379/1/1882 1380/1/1882 1377/1/1882
f 1381/1/1883 1382/1/1883 1378/1/1883
f 1378/1/1883 1377/1/1883 1381/1/1883
f 1378/1/1884 1383/1/1885 1384/1/1884
f 1384/1/1884 1379/1/1885 1378/1/1884
f 1385/1/1886 1383/1/1887 1378/1/1886
f 1378/1/1886 1382/1/1886 1385/1/1886
f 1386/1/1888 622/1/1889 644/1/1888
f 644/1/1888 1380/1/1888 1386/1/1888
f 1380/1/1890 644/1/1890 643/1/1890
f 643/1/1890 1377/1/1890 1380/1/1890
f 1381/1/1891 1377/1/1891 643/1/1891
f 643/1/1891 641/1/1891 1381/1/1891
f 1381/1/1892 641/1/1892 642/1/1892
f 642/1/1892 1387/1/1892 1381/1/1892
f 1381/1/1893 1387/1/1893 1388/1/1893
f 1388/1/1893 1382/1/1893 1381/1/1893
f 1389/1/1894 1385/1/1895 1382/1/1895
f 1382/1/1895 1388/1/1895 1389/1/1894
f 1385/1/1896 1389/1/1896 1259/1/1897
f 1259/1/1897 1258/1/1896 1385/1/1896
f 1385/1/1898 1258/1/1898 1257/1/1898
f 1257/1/1898 1383/1/1898 1385/1/1898
f 1257/1/1899 1256/1/1900 1384/1/1900
f 1384/1/1900 1383/1/1900 1257/1/1899
f 1256/1/1901 1239/1/1901 1390/1/1901
f 1390/1/1901 1384/1/1901 1256/1/1901
f 1379/1/1902 1384/1/1903 1390/1/1903
f 1390/1/1903 1391/1/1903 1379/1/1902
f 1379/1/1904 1391/1/1905 1386/1/1905
f 1386/1/1905 1380/1/1905 1379/1/1904
f 1392/1/1906 1393/1/1906 1394/1/1906
f 1394/1/1906 1395/1/1906 1392/1/1906
f 1396/1/1907 1397/1/1907 1393/1/1908
f 1393/1/1908 1392/1/1909 1396/1/1907
f 1393/1/1910 1398/1/1911 1399/1/1910
f 1399/1/1910 1394/1/1910 1393/1/1910
f 1397/1/1912 1400/1/1912 1398/1/1913
f 1398/1/1913 1393/1/1914 1397/1/1912
f 145/1/1915 756/1/1916 1395/1/1917
f 1395/1/1917 1401/1/1918 145/1/1915
f 761/1/1919 1392/1/1919 1395/1/1919
f 1395/1/1919 756/1/1920 761/1/1919
f 761/1/1921 760/1/1921 1396/1/1921
f 1396/1/1921 1392/1/1921 761/1/1921
f 760/1/1922 737/1/1923 1402/1/1922
f 1402/1/1922 1396/1/1922 760/1/1922
f 1396/1/1924 1402/1/1925 1403/1/1924
f 1403/1/1924 1397/1/1924 1396/1/1924
f 1404/1/1926 1400/1/1927 1397/1/1926
f 1397/1/1926 1403/1/1928 1404/1/1926
f 1400/1/1929 1404/1/1930 1352/1/1930
f 1352/1/1930 1373/1/1929 1400/1/1929
f 1400/1/1931 1373/1/1931 1372/1/1931
f 1372/1/1931 1398/1/1932 1400/1/1931
f 1398/1/1933 1372/1/1933 1371/1/1933
f 1371/1/1933 1399/1/1934 1398/1/1933
f 1371/1/1935 111/1/1936 1405/1/1937
f 1405/1/1937 1399/1/1938 1371/1/1935
f 1399/1/1939 1405/1/1939 1406/1/1939
f 1406/1/1939 1394/1/1940 1399/1/1939
f 1394/1/1941 1406/1/1941 1401/1/1941
f 1401/1/1941 1395/1/1942 1394/1/1941
f 1407/1/1943 1408/1/1944 1409/1/1945
f 1409/1/1945 1410/1/1943 1407/1/1943
f 1411/1/1946 1412/1/1947 1408/1/1948
f 1408/1/1948 1407/1/1946 1411/1/1946
f 1408/1/1949 1413/1/1949 1414/1/1949
f 1414/1/1949 1409/1/1949 1408/1/1949
f 1408/1/1950 1412/1/1951 1415/1/1951
f 1415/1/1951 1413/1/1951 1408/1/1950
f 1410/1/1952 1416/1/1953 237/1/1953
f 237/1/1953 236/1/1954 1410/1/1952
f 1410/1/1955 236/1/1955 246/1/1955
f 246/1/1955 1407/1/1955 1410/1/1955
f 1411/1/1956 1407/1/1956 246/1/1956
f 246/1/1956 245/1/1956 1411/1/1956
f 245/1/1957 217/1/1957 1417/1/1957
f 1417/1/1957 1411/1/1957 245/1/1957
f 1411/1/1958 1417/1/1958 1418/1/1959
f 1418/1/1959 1412/1/1958 1411/1/1958
f 1419/1/1960 1415/1/1961 1412/1/1960
f 1412/1/1960 1418/1/1962 1419/1/1960
f 832/1/1963 855/1/1964 1415/1/1964
f 1415/1/1964 1419/1/1964 832/1/1963
f 1415/1/1965 855/1/1965 854/1/1965
f 854/1/1965 1413/1/1965 1415/1/1965
f 854/1/1966 853/1/1967 1414/1/1967
f 1414/1/1967 1413/1/1967 854/1/1966
f 853/1/1968 852/1/1969 1420/1/1969
f 1420/1/1969 1414/1/1969 853/1/1968
f 1421/1/1970 1409/1/1970 1414/1/1970
f 1414/1/1970 1420/1/1970 1421/1/1970
f 1409/1/1971 1421/1/1972 1416/1/1973
f 1416/1/1973 1410/1/1972 1409/1/1971
f 1422/1/1974 1423/1/1974 1424/1/1974
f 1424/1/1974 1425/1/1974 1422/1/1974
f 1426/1/1975 1427/1/1976 1423/1/1975
f 1423/1/1975 1422/1/1975 1426/1/1975
f 1423/1/1977 1428/1/1978 1429/1/1979
f 1429/1/1979 1424/1/1980 1423/1/1977
f 1430/1/1981 1428/1/1981 1423/1/1982
f 1423/1/1982 1427/1/1982 1430/1/1981
f 1425/1/1983 1387/1/1983 642/1/1983
f 642/1/1983 664/1/1983 1425/1/1983
f 1425/1/1984 664/1/1984 663/1/1984
f 663/1/1984 1422/1/1984 1425/1/1984
f 1426/1/1985 1422/1/1985 663/1/1985
f 663/1/1985 661/1/1986 1426/1/1985
f 1431/1/1987 1426/1/1988 661/1/1989
f 661/1/1989 662/1/1988 1431/1/1987
f 1431/1/1990 1432/1/1990 1427/1/1991
f 1427/1/1991 1426/1/1992 1431/1/1990
f 1433/1/1993 1430/1/1994 1427/1/1995
f 1427/1/1995 1432/1/1996 1433/1/1993
f 1430/1/1997 1433/1/1998 1279/1/1997
f 1279/1/1997 1278/1/1999 1430/1/1997
f 1430/1/2000 1278/1/2001 1277/1/2002
f 1277/1/2002 1428/1/2003 1430/1/2000
f 1277/1/2004 1276/1/2005 1429/1/2005
f 1429/1/2005 1428/1/2006 1277/1/2004
f 1259/1/2007 1389/1/2007 1429/1/2008
f 1429/1/2008 1276/1/2009 1259/1/2007
f 1424/1/2010 1429/1/2010 1389/1/2011
f 1389/1/2011 1388/1/2010 1424/1/2010
f 1425/1/2012 1424/1/2012 1388/1/2012
f 1388/1/2012 1387/1/2012 1425/1/2012
f 1434/1/2013 1435/1/2013 1436/1/2013
f 1436/1/2013 1437/1/2013 1434/1/2013
f 1438/1/2014 1439/1/2014 1435/1/2015
f 1435/1/2015 1434/1/2015 1438/1/2014
f 1435/1/2016 1440/1/2017 1441/1/2016
f 1441/1/2016 1436/1/2018 1435/1/2016
f 1439/1/2019 1442/1/2019 1440/1/2020
f 1440/1/2020 1435/1/2021 1439/1/2019
f 1443/1/2022 141/1/2022 139/1/2022
f 139/1/2022 1437/1/2022 1443/1/2022
f 138/1/2023 1434/1/2023 1437/1/2023
f 1437/1/2023 139/1/2023 138/1/2023
f 137/1/2024 1438/1/2025 1434/1/2026
f 1434/1/2026 138/1/2027 137/1/2024
f 1444/1/2028 1438/1/2029 137/1/2028
f 137/1/2028 136/1/2030 1444/1/2028
f 1444/1/2031 1445/1/2031 1439/1/2031
f 1439/1/2031 1438/1/2031 1444/1/2031
f 1446/1/2032 1442/1/2032 1439/1/2032
f 1439/1/2032 1445/1/2033 1446/1/2032
f 1446/1/2034 119/1/2034 118/1/2034
f 118/1/2034 1442/1/2034 1446/1/2034
f 1440/1/2035 1442/1/2035 118/1/2035
f 118/1/2035 117/1/2035 1440/1/2035
f 1441/1/2036 1440/1/2037 117/1/2037
f 117/1/2037 115/1/2036 1441/1/2036
f 115/1/2038 116/1/2039 1447/1/2039
f 1447/1/2039 1441/1/2039 115/1/2038
f 1436/1/2040 1441/1/2040 1447/1/2040
f 1447/1/2040 1448/1/2040 1436/1/2040
f 1448/1/2041 1443/1/2042 1437/1/2042
f 1437/1/2042 1436/1/2042 1448/1/2041
f 1449/1/2043 1450/1/2043 1451/1/2043
f 1451/1/2043 1452/1/2043 1449/1/2043
f 1453/1/2044 1454/1/2045 1450/1/2046
f 1450/1/2046 1449/1/2047 1453/1/2044
f 1450/1/2048 1455/1/2049 1456/1/2050
f 1456/1/2050 1451/1/2050 1450/1/2048
f 1454/1/2051 1457/1/2052 1455/1/2051
f 1455/1/2051 1450/1/2053 1454/1/2051
f 1458/1/2054 257/1/2054 256/1/2054
f 256/1/2054 1452/1/2054 1458/1/2054
f 266/1/2055 1449/1/2056 1452/1/2056
f 1452/1/2056 256/1/2056 266/1/2055
f 266/1/2057 265/1/2057 1453/1/2057
f 1453/1/2057 1449/1/2057 266/1/2057
f 1416/1/2058 1453/1/2058 265/1/2058
f 265/1/2058 237/1/2058 1416/1/2058
f 1454/1/2059 1453/1/2059 1416/1/2059
f 1416/1/2059 1421/1/2059 1454/1/2059
f 1454/1/2060 1421/1/2060 1420/1/2060
f 1420/1/2060 1457/1/2061 1454/1/2060
f 852/1/2062 875/1/2063 1457/1/2064
f 1457/1/2064 1420/1/2065 852/1/2062
f 1457/1/2066 875/1/2067 874/1/2066
f 874/1/2066 1455/1/2068 1457/1/2066
f 1455/1/2069 874/1/2070 873/1/2071
f 873/1/2071 1456/1/2072 1455/1/2069
f 872/1/2073 1459/1/2073 1456/1/2073
f 1456/1/2073 873/1/2073 872/1/2073
f 1460/1/2074 1451/1/2075 1456/1/2075
f 1456/1/2075 1459/1/2076 1460/1/2074
f 1460/1/2077 1458/1/2077 1452/1/2077
f 1452/1/2077 1451/1/2077 1460/1/2077
f 1461/1/2078 1462/1/2079 1463/1/2080
f 1463/1/2080 1464/1/2079 1461/1/2078
f 1465/1/2081 1466/1/2082 1462/1/2082
f 1462/1/2082 1461/1/2083 1465/1/2081
f 1462/1/2084 1467/1/2084 1468/1/2084
f 1468/1/2084 1463/1/2084 1462/1/2084
f 1469/1/2085 1467/1/2085 1462/1/2085
f 1462/1/2085 1466/1/2086 1469/1/2085
f 1431/1/2087 662/1/2087 684/1/2088
f 684/1/2088 1464/1/2087 1431/1/2087
f 1464/1/2089 684/1/2089 683/1/2089
f 683/1/2089 1461/1/2089 1464/1/2089
f 1465/1/2090 1461/1/2090 683/1/2090
f 683/1/2090 681/1/2090 1465/1/2090
f 1470/1/2091 1465/1/2091 681/1/2091
f 681/1/2091 682/1/2092 1470/1/2091
f 1470/1/2093 1471/1/2093 1466/1/2094
f 1466/1/2094 1465/1/2093 1470/1/2093
f 1471/1/2095 1472/1/2096 1469/1/2096
f 1469/1/2096 1466/1/2096 1471/1/2095
f 1469/1/2097 1472/1/2098 1299/1/2097
f 1299/1/2097 1298/1/2097 1469/1/2097
f 1469/1/2099 1298/1/2099 1297/1/2099
f 1297/1/2099 1467/1/2099 1469/1/2099
f 1297/1/2100 1296/1/2101 1468/1/2101
f 1468/1/2101 1467/1/2101 1297/1/2100
f 1296/1/2102 1279/1/2103 1433/1/2103
f 1433/1/2103 1468/1/2103 1296/1/2102
f 1433/1/2104 1432/1/2104 1463/1/2104
f 1463/1/2104 1468/1/2104 1433/1/2104
f 1431/1/2105 1464/1/2106 1463/1/2106
f 1463/1/2106 1432/1/2105 1431/1/2105
f 1473/1/2107 1474/1/2107 1475/1/2107
f 1475/1/2107 1476/1/2107 1473/1/2107
f 1477/1/2108 1478/1/2109 1474/1/2110
f 1474/1/2110 1473/1/2111 1477/1/2108
f 1474/1/2112 1479/1/2113 1480/1/2113
f 1480/1/2113 1475/1/2113 1474/1/2112
f 1478/1/2114 1481/1/2115 1479/1/2115
f 1479/1/2115 1474/1/2116 1478/1/2114
f 1444/1/2117 136/1/2118 164/1/2118
f 164/1/2118 1476/1/2118 1444/1/2117
f 163/1/2119 1473/1/2119 1476/1/2119
f 1476/1/2119 164/1/2119 163/1/2119
f 162/1/2120 1477/1/2120 1473/1/2120
f 1473/1/2120 163/1/2120 162/1/2120
f 162/1/2121 161/1/2122 1482/1/2123
f 1482/1/2123 1477/1/2124 162/1/2121
f 1482/1/2125 1483/1/2125 1478/1/2126
f 1478/1/2126 1477/1/2125 1482/1/2125
f 1484/1/2127 1481/1/2127 1478/1/2128
f 1478/1/2128 1483/1/2127 1484/1/2127
f 1481/1/2129 1484/1/2130 779/1/2130
f 779/1/2130 778/1/2131 1481/1/2129
f 1479/1/2132 1481/1/2133 778/1/2132
f 778/1/2132 777/1/2132 1479/1/2132
f 1480/1/2134 1479/1/2134 777/1/2135
f 777/1/2135 776/1/2135 1480/1/2134
f 776/1/2136 119/1/2136 1446/1/2136
f 1446/1/2136 1480/1/2136 776/1/2136
f 1445/1/2137 1475/1/2137 1480/1/2137
f 1480/1/2137 1446/1/2137 1445/1/2137
f 1476/1/2138 1475/1/2138 1445/1/2138
f 1445/1/2138 1444/1/2138 1476/1/2138
f 1485/1/2139 1486/1/2140 1487/1/2140
f 1487/1/2140 1488/1/2140 1485/1/2139
f 1489/1/2141 1490/1/2142 1486/1/2143
f 1486/1/2143 1485/1/2143 1489/1/2141
f 1486/1/2144 1491/1/2144 1492/1/2145
f 1492/1/2145 1487/1/2144 1486/1/2144
f 1490/1/2146 1493/1/2146 1491/1/2146
f 1491/1/2146 1486/1/2146 1490/1/2146
f 1488/1/2147 1494/1/2147 277/1/2147
f 277/1/2147 276/1/2147 1488/1/2147
f 286/1/2148 1485/1/2148 1488/1/2148
f 1488/1/2148 276/1/2148 286/1/2148
f 286/1/2149 285/1/2149 1489/1/2150
f 1489/1/2150 1485/1/2149 286/1/2149
f 257/1/2151 1458/1/2152 1489/1/2153
f 1489/1/2153 285/1/2153 257/1/2151
f 1458/1/2154 1460/1/2154 1490/1/2155
f 1490/1/2155 1489/1/2154 1458/1/2154
f 1493/1/2156 1490/1/2156 1460/1/2156
f 1460/1/2156 1459/1/2156 1493/1/2156
f 1493/1/2157 1459/1/2157 872/1/2158
f 872/1/2158 895/1/2157 1493/1/2157
f 1493/1/2159 895/1/2159 894/1/2160
f 894/1/2160 1491/1/2159 1493/1/2159
f 1491/1/2161 894/1/2162 893/1/2163
f 893/1/2163 1492/1/2164 1491/1/2161
f 893/1/2165 892/1/2165 1495/1/2165
f 1495/1/2165 1492/1/2165 893/1/2165
f 1487/1/2166 1492/1/2167 1495/1/2167
f 1495/1/2167 1496/1/2167 1487/1/2166
f 1496/1/2168 1494/1/2169 1488/1/2170
f 1488/1/2170 1487/1/2169 1496/1/2168
f 1497/1/2171 1498/1/2171 1499/1/2171
f 1499/1/2171 1500/1/2171 1497/1/2171
f 1501/1/2172 1502/1/2173 1498/1/2174
f 1498/1/2174 1497/1/2175 1501/1/2172
f 1498/1/2176 1503/1/2176 1504/1/2176
f 1504/1/2176 1499/1/2176 1498/1/2176
f 1505/1/2177 1503/1/2177 1498/1/2178
f 1498/1/2178 1502/1/2177 1505/1/2177
f 1470/1/2179 682/1/2180 704/1/2180
f 704/1/2180 1500/1/2181 1470/1/2179
f 1500/1/2182 704/1/2182 703/1/2183
f 703/1/2183 1497/1/2184 1500/1/2182
f 1501/1/2185 1497/1/2186 703/1/2187
f 703/1/2187 701/1/2188 1501/1/2185
f 1506/1/2189 1501/1/2189 701/1/2189
f 701/1/2189 702/1/2189 1506/1/2189
f 1506/1/2190 1507/1/2191 1502/1/2191
f 1502/1/2191 1501/1/2191 1506/1/2190
f 1505/1/2192 1502/1/2192 1507/1/2193
f 1507/1/2193 1508/1/2192 1505/1/2192
f 1505/1/2194 1508/1/2194 1319/1/2194
f 1319/1/2194 1318/1/2194 1505/1/2194
f 1505/1/2195 1318/1/2195 1317/1/2195
f 1317/1/2195 1503/1/2195 1505/1/2195
f 1317/1/2196 1316/1/2196 1504/1/2196
f 1504/1/2196 1503/1/2196 1317/1/2196
f 1299/1/2197 1472/1/2198 1504/1/2198
f 1504/1/2198 1316/1/2198 1299/1/2197
f 1471/1/2199 1499/1/2199 1504/1/2199
f 1504/1/2199 1472/1/2199 1471/1/2199
f 1500/1/2200 1499/1/2201 1471/1/2201
f 1471/1/2201 1470/1/2202 1500/1/2200
f 1509/1/2203 1510/1/2204 1511/1/2205
f 1511/1/2205 1512/1/2205 1509/1/2203
f 1513/1/2206 1514/1/2206 1510/1/2206
f 1510/1/2206 1509/1/2207 1513/1/2206
f 1510/1/2208 1515/1/2209 1516/1/2208
f 1516/1/2208 1511/1/2210 1510/1/2208
f 1514/1/2211 1517/1/2211 1515/1/2212
f 1515/1/2212 1510/1/2212 1514/1/2211
f 1482/1/2213 161/1/2213 184/1/2213
f 184/1/2213 1512/1/2214 1482/1/2213
f 1512/1/2215 184/1/2215 183/1/2215
f 183/1/2215 1509/1/2215 1512/1/2215
f 182/1/2216 1513/1/2217 1509/1/2216
f 1509/1/2216 183/1/2216 182/1/2216
f 182/1/2218 181/1/2218 1518/1/2218
f 1518/1/2218 1513/1/2218 182/1/2218
f 1518/1/2219 1519/1/2220 1514/1/2221
f 1514/1/2221 1513/1/2220 1518/1/2219
f 1517/1/2222 1514/1/2223 1519/1/2224
f 1519/1/2224 1520/1/2223 1517/1/2222
f 1517/1/2225 1520/1/2225 799/1/2225
f 799/1/2225 798/1/2226 1517/1/2225
f 1515/1/2227 1517/1/2228 798/1/2227
f 798/1/2227 797/1/2227 1515/1/2227
f 797/1/2229 796/1/2229 1516/1/2229
f 1516/1/2229 1515/1/2229 797/1/2229
f 796/1/2230 779/1/2231 1484/1/2230
f 1484/1/2230 1516/1/2230 796/1/2230
f 1483/1/2232 1511/1/2232 1516/1/2232
f 1516/1/2232 1484/1/2232 1483/1/2232
f 1511/1/2233 1483/1/2234 1482/1/2234
f 1482/1/2234 1512/1/2234 1511/1/2233
f 1521/1/2235 1522/1/2235 1523/1/2235
f 1523/1/2235 1524/1/2235 1521/1/2235
f 1525/1/2236 1526/1/2236 1522/1/2236
f 1522/1/2236 1521/1/2236 1525/1/2236
f 1522/1/2237 1527/1/2237 1528/1/2237
f 1528/1/2237 1523/1/2237 1522/1/2237
f 1526/1/2238 1529/1/2238 1527/1/2238
f 1527/1/2238 1522/1/2239 1526/1/2238
f 297/1/2240 296/1/2241 1524/1/2242
f 1524/1/2242 1530/1/2243 297/1/2240
f 306/1/2244 1521/1/2244 1524/1/2245
f 1524/1/2245 296/1/2244 306/1/2244
f 306/1/2246 305/1/2247 1525/1/2246
f 1525/1/2246 1521/1/2246 306/1/2246
f 1525/1/2248 305/1/2248 277/1/2248
f 277/1/2248 1494/1/2248 1525/1/2248
f 1526/1/2249 1525/1/2250 1494/1/2250
f 1494/1/2250 1496/1/2250 1526/1/2249
f 1495/1/2251 1529/1/2252 1526/1/2252
f 1526/1/2252 1496/1/2252 1495/1/2251
f 915/1/2253 1529/1/2254 1495/1/2255
f 1495/1/2255 892/1/2253 915/1/2253
f 1529/1/2256 915/1/2257 914/1/2258
f 914/1/2258 1527/1/2256 1529/1/2256
f 1527/1/2259 914/1/2260 913/1/2259
f 913/1/2259 1528/1/2259 1527/1/2259
f 913/1/2261 912/1/2261 1531/1/2262
f 1531/1/2262 1528/1/2263 913/1/2261
f 1523/1/2264 1528/1/2264 1531/1/2265
f 1531/1/2265 1532/1/2266 1523/1/2264
f 1532/1/2267 1530/1/2267 1524/1/2267
f 1524/1/2267 1523/1/2267 1532/1/2267
f 1533/1/2268 1534/1/2269 1535/1/2270
f 1535/1/2270 1536/1/2271 1533/1/2268
f 1537/1/2272 1538/1/2272 1534/1/2272
f 1534/1/2272 1533/1/2273 1537/1/2272
f 1534/1/2274 1539/1/2274 1540/1/2274
f 1540/1/2274 1535/1/2274 1534/1/2274
f 1541/1/2275 1539/1/2275 1534/1/2275
f 1534/1/2275 1538/1/2275 1541/1/2275
f 1506/1/2276 702/1/2277 724/1/2278
f 724/1/2278 1536/1/2279 1506/1/2276
f 1536/1/2280 724/1/2281 723/1/2282
f 723/1/2282 1533/1/2282 1536/1/2280
f 1537/1/2283 1533/1/2284 723/1/2284
f 723/1/2284 721/1/2285 1537/1/2283
f 1542/1/2286 1537/1/2287 721/1/2288
f 721/1/2288 722/1/2289 1542/1/2286
f 1542/1/2290 1543/1/2290 1538/1/2290
f 1538/1/2290 1537/1/2290 1542/1/2290
f 1541/1/2291 1538/1/2291 1543/1/2291
f 1543/1/2291 1544/1/2291 1541/1/2291
f 1541/1/2292 1544/1/2292 1339/1/2292
f 1339/1/2292 1338/1/2292 1541/1/2292
f 1541/1/2293 1338/1/2294 1337/1/2295
f 1337/1/2295 1539/1/2296 1541/1/2293
f 1337/1/2297 1336/1/2298 1540/1/2298
f 1540/1/2298 1539/1/2298 1337/1/2297
f 1336/1/2299 1319/1/2299 1508/1/2299
f 1508/1/2299 1540/1/2299 1336/1/2299
f 1535/1/2300 1540/1/2301 1508/1/2301
f 1508/1/2301 1507/1/2301 1535/1/2300
f 1536/1/2302 1535/1/2302 1507/1/2303
f 1507/1/2303 1506/1/2304 1536/1/2302
f 1545/1/2305 1546/1/2305 1547/1/2306
f 1547/1/2306 1548/1/2305 1545/1/2305
f 1549/1/2307 1550/1/2307 1546/1/2307
f 1546/1/2307 1545/1/2307 1549/1/2307
f 1546/1/2308 1551/1/2308 1552/1/2308
f 1552/1/2308 1547/1/2308 1546/1/2308
f 1550/1/2309 1553/1/2309 1551/1/2309
f 1551/1/2309 1546/1/2309 1550/1/2309
f 1548/1/2310 1518/1/2310 181/1/2311
f 181/1/2311 204/1/2310 1548/1/2310
f 203/1/2312 1545/1/2313 1548/1/2313
f 1548/1/2313 204/1/2312 203/1/2312
f 201/1/2314 1549/1/2315 1545/1/2315
f 1545/1/2315 203/1/2315 201/1/2314
f 1554/1/2316 1549/1/2316 201/1/2317
f 201/1/2317 202/1/2316 1554/1/2316
f 1554/1/2318 1555/1/2319 1550/1/2318
f 1550/1/2318 1549/1/2318 1554/1/2318
f 1553/1/2320 1550/1/2320 1555/1/2320
f 1555/1/2320 1556/1/2320 1553/1/2320
f 1553/1/2321 1556/1/2322 819/1/2321
f 819/1/2321 818/1/2321 1553/1/2321
f 1551/1/2323 1553/1/2324 818/1/2325
f 818/1/2325 817/1/2324 1551/1/2323
f 1552/1/2326 1551/1/2327 817/1/2328
f 817/1/2328 816/1/2327 1552/1/2326
f 816/1/2329 799/1/2330 1520/1/2331
f 1520/1/2331 1552/1/2332 816/1/2329
f 1519/1/2333 1547/1/2334 1552/1/2335
f 1552/1/2335 1520/1/2335 1519/1/2333
f 1548/1/2336 1547/1/2337 1519/1/2337
f 1519/1/2337 1518/1/2337 1548/1/2336
f 1557/1/2338 1558/1/1883 1559/1/1883
f 1559/1/1883 1560/1/1883 1557/1/2338
f 1561/1/1882 1562/1/1882 1558/1/1882
f 1558/1/1882 1557/1/1882 1561/1/1882
f 1558/1/2339 1563/1/2339 1564/1/2339
f 1564/1/2339 1559/1/1886 1558/1/2339
f 1562/1/1884 1565/1/1884 1563/1/1884
f 1563/1/1884 1558/1/1884 1562/1/1884
f 1560/1/1892 1566/1/1892 317/1/1892
f 317/1/1892 316/1/1892 1560/1/1892
f 326/1/1891 1557/1/1891 1560/1/1891
f 1560/1/1891 316/1/1891 326/1/1891
f 326/1/2340 325/1/1890 1561/1/1890
f 1561/1/1890 1557/1/1890 326/1/2340
f 1530/1/1888 1561/1/1888 325/1/1888
f 325/1/1888 297/1/2341 1530/1/1888
f 1562/1/1905 1561/1/1905 1530/1/1905
f 1530/1/1905 1532/1/1905 1562/1/1905
f 1531/1/1903 1565/1/1903 1562/1/1903
f 1562/1/1903 1532/1/2342 1531/1/1903
f 935/1/1901 1565/1/1901 1531/1/1901
f 1531/1/1901 912/1/1901 935/1/1901
f 1565/1/1900 935/1/2343 934/1/2344
f 934/1/2344 1563/1/2345 1565/1/1900
f 1563/1/1898 934/1/2346 933/1/1898
f 933/1/1898 1564/1/1898 1563/1/1898
f 933/1/1896 932/1/2347 1567/1/2348
f 1567/1/2348 1564/1/1896 933/1/1896
f 1559/1/1895 1564/1/2349 1567/1/1895
f 1567/1/1895 1568/1/1895 1559/1/1895
f 1568/1/1893 1566/1/1893 1560/1/1893
f 1560/1/1893 1559/1/1893 1568/1/1893
f 1569/1/2350 1570/1/2351 1571/1/2350
f 1571/1/2350 1572/1/2350 1569/1/2350
f 1573/1/2352 1574/1/2353 1570/1/2353
f 1570/1/2353 1569/1/2353 1573/1/2352
f 1570/1/2354 1575/1/2354 1576/1/2354
f 1576/1/2354 1571/1/2354 1570/1/2354
f 1577/1/2355 1575/1/2356 1570/1/2356
f 1570/1/2356 1574/1/2356 1577/1/2355
f 1542/1/2357 722/1/2357 744/1/2357
f 744/1/2357 1572/1/2357 1542/1/2357
f 1572/1/2358 744/1/2359 743/1/2360
f 743/1/2360 1569/1/2361 1572/1/2358
f 1573/1/2362 1569/1/2362 743/1/2362
f 743/1/2362 741/1/2362 1573/1/2362
f 1578/1/2363 1573/1/2364 741/1/2363
f 741/1/2363 742/1/2364 1578/1/2363
f 1578/1/2365 1579/1/2365 1574/1/2365
f 1574/1/2365 1573/1/2365 1578/1/2365
f 1577/1/2366 1574/1/2366 1579/1/2366
f 1579/1/2366 1580/1/2366 1577/1/2366
f 1577/1/2367 1580/1/2367 1359/1/2367
f 1359/1/2367 1358/1/2367 1577/1/2367
f 1577/1/2368 1358/1/2368 1357/1/2368
f 1357/1/2368 1575/1/2368 1577/1/2368
f 1357/1/2369 1356/1/2370 1576/1/2369
f 1576/1/2369 1575/1/2371 1357/1/2369
f 1356/1/2372 1339/1/2373 1544/1/2372
f 1544/1/2372 1576/1/2374 1356/1/2372
f 1571/1/2375 1576/1/2375 1544/1/2375
f 1544/1/2375 1543/1/2375 1571/1/2375
f 1572/1/2376 1571/1/2377 1543/1/2376
f 1543/1/2376 1542/1/2376 1572/1/2376
f 1581/1/2378 1582/1/2378 1583/1/2379
f 1583/1/2379 1584/1/2380 1581/1/2378
f 1585/1/2381 1586/1/2381 1582/1/2381
f 1582/1/2381 1581/1/2381 1585/1/2381
f 1582/1/2382 1587/1/2383 1588/1/2382
f 1588/1/2382 1583/1/2382 1582/1/2382
f 1586/1/2384 1589/1/2384 1587/1/2384
f 1587/1/2384 1582/1/2384 1586/1/2384
f 1554/1/2385 202/1/2385 224/1/2386
f 224/1/2386 1584/1/2385 1554/1/2385
f 223/1/2387 1581/1/2387 1584/1/2387
f 1584/1/2387 224/1/2387 223/1/2387
f 222/1/2388 1585/1/2389 1581/1/2390
f 1581/1/2390 223/1/2390 222/1/2388
f 1590/1/2391 1585/1/2391 222/1/2392
f 222/1/2392 221/1/2391 1590/1/2391
f 1590/1/2393 1591/1/2393 1586/1/2394
f 1586/1/2394 1585/1/2393 1590/1/2393
f 1589/1/2395 1586/1/2396 1591/1/2397
f 1591/1/2397 1592/1/2396 1589/1/2395
f 1589/1/2398 1592/1/2399 839/1/2399
f 839/1/2399 838/1/2398 1589/1/2398
f 1587/1/2400 1589/1/2400 838/1/2400
f 838/1/2400 837/1/2400 1587/1/2400
f 1588/1/2401 1587/1/2401 837/1/2401
f 837/1/2401 836/1/2401 1588/1/2401
f 836/1/2402 819/1/2403 1556/1/2402
f 1556/1/2402 1588/1/2404 836/1/2402
f 1555/1/2405 1583/1/2405 1588/1/2406
f 1588/1/2406 1556/1/2406 1555/1/2405
f 1584/1/2407 1583/1/2408 1555/1/2409
f 1555/1/2409 1554/1/2410 1584/1/2407
f 1593/1/2411 1594/1/1975 1595/1/2412
f 1595/1/2412 1596/1/2411 1593/1/2411
f 1597/1/2413 1598/1/2414 1594/1/2415
f 1594/1/2415 1593/1/2416 1597/1/2413
f 1594/1/2417 1599/1/2418 1600/1/2419
f 1600/1/2419 1595/1/1981 1594/1/2417
f 1598/1/1977 1601/1/1978 1599/1/1977
f 1599/1/1977 1594/1/1977 1598/1/1977
f 1596/1/1989 1602/1/1988 337/1/1987
f 337/1/1987 336/1/1988 1596/1/1989
f 346/1/1985 1593/1/1986 1596/1/1985
f 1596/1/1985 336/1/1985 346/1/1985
f 346/1/1984 345/1/1984 1597/1/1984
f 1597/1/1984 1593/1/1984 346/1/1984
f 1566/1/2420 1597/1/1983 345/1/1983
f 345/1/1983 317/1/1983 1566/1/2420
f 1598/1/2012 1597/1/2012 1566/1/2012
f 1566/1/2012 1568/1/2012 1598/1/2012
f 1567/1/2421 1601/1/2010 1598/1/2010
f 1598/1/2010 1568/1/2010 1567/1/2421
f 955/1/2422 1601/1/2423 1567/1/2422
f 1567/1/2422 932/1/2423 955/1/2422
f 1601/1/2004 955/1/2004 954/1/2004
f 954/1/2004 1599/1/2005 1601/1/2004
f 1599/1/2003 954/1/2003 953/1/2003
f 953/1/2003 1600/1/2003 1599/1/2003
f 953/1/1999 952/1/1999 1603/1/1999
f 1603/1/1999 1600/1/1999 953/1/1999
f 1595/1/1994 1600/1/1994 1603/1/1994
f 1603/1/1994 1604/1/1994 1595/1/1994
f 1604/1/1990 1602/1/1990 1596/1/1990
f 1596/1/1990 1595/1/1990 1604/1/1990
f 1605/1/2424 1606/1/2425 1607/1/2424
f 1607/1/2424 1608/1/2426 1605/1/2424
f 1609/1/2427 1610/1/2427 1606/1/2427
f 1606/1/2427 1605/1/2428 1609/1/2427
f 1606/1/2429 1611/1/2429 1612/1/2430
f 1612/1/2430 1607/1/2429 1606/1/2429
f 1613/1/2431 1611/1/2431 1606/1/2432
f 1606/1/2432 1610/1/2431 1613/1/2431
f 1578/1/2433 742/1/2434 759/1/2435
f 759/1/2435 1608/1/2434 1578/1/2433
f 1608/1/2436 759/1/2437 758/1/2438
f 758/1/2438 1605/1/2436 1608/1/2436
f 1609/1/2439 1605/1/2439 758/1/2440
f 758/1/2440 757/1/2439 1609/1/2439
f 1443/1/2441 1609/1/2442 757/1/2441
f 757/1/2441 141/1/2441 1443/1/2441
f 1448/1/2443 1610/1/2443 1609/1/2443
f 1609/1/2443 1443/1/2443 1448/1/2443
f 1447/1/2444 1613/1/2445 1610/1/2445
f 1610/1/2445 1448/1/2445 1447/1/2444
f 1613/1/2446 1447/1/2446 116/1/2446
f 116/1/2446 1376/1/2446 1613/1/2446
f 1613/1/2447 1376/1/2447 1375/1/2447
f 1375/1/2447 1611/1/2447 1613/1/2447
f 1375/1/2448 1374/1/2449 1612/1/2450
f 1612/1/2450 1611/1/2448 1375/1/2448
f 1374/1/2451 1359/1/2451 1580/1/2451
f 1580/1/2451 1612/1/2451 1374/1/2451
f 1607/1/2452 1612/1/2452 1580/1/2452
f 1580/1/2452 1579/1/2452 1607/1/2452
f 1608/1/2453 1607/1/2454 1579/1/2455
f 1579/1/2455 1578/1/2454 1608/1/2453
f 1614/1/2456 1615/1/2457 1616/1/2457
f 1616/1/2457 1617/1/2457 1614/1/2456
f 1618/1/2458 1619/1/2459 1615/1/2458
f 1615/1/2458 1614/1/2458 1618/1/2458
f 1615/1/2460 1620/1/2460 1621/1/2460
f 1621/1/2460 1616/1/2460 1615/1/2460
f 1619/1/2461 1622/1/2461 1620/1/2462
f 1620/1/2462 1615/1/2461 1619/1/2461
f 1590/1/2463 221/1/2463 244/1/2463
f 244/1/2463 1617/1/2464 1590/1/2463
f 243/1/2465 1614/1/2466 1617/1/2465
f 1617/1/2465 244/1/2465 243/1/2465
f 242/1/2467 1618/1/2468 1614/1/2467
f 1614/1/2467 243/1/2469 242/1/2467
f 242/1/2470 241/1/2471 1623/1/2472
f 1623/1/2472 1618/1/2473 242/1/2470
f 1623/1/2474 1624/1/2475 1619/1/2475
f 1619/1/2475 1618/1/2475 1623/1/2474
f 1619/1/2476 1624/1/2477 1625/1/2477
f 1625/1/2477 1622/1/2477 1619/1/2476
f 859/1/2478 858/1/2478 1622/1/2478
f 1622/1/2478 1625/1/2479 859/1/2478
f 1620/1/2480 1622/1/2480 858/1/2480
f 858/1/2480 857/1/2480 1620/1/2480
f 1621/1/2481 1620/1/2482 857/1/2482
f 857/1/2482 856/1/2482 1621/1/2481
f 856/1/2483 839/1/2483 1592/1/2483
f 1592/1/2483 1621/1/2483 856/1/2483
f 1591/1/2484 1616/1/2485 1621/1/2484
f 1621/1/2484 1592/1/2484 1591/1/2484
f 1617/1/2486 1616/1/2487 1591/1/2486
f 1591/1/2486 1590/1/2486 1617/1/2486
f 1626/1/2081 1627/1/2081 1628/1/2081
f 1628/1/2081 1629/1/2081 1626/1/2081
f 1630/1/2079 1631/1/2079 1627/1/2079
f 1627/1/2079 1626/1/2079 1630/1/2079
f 1627/1/2488 1632/1/2488 1633/1/2085
f 1633/1/2085 1628/1/2488 1627/1/2488
f 1631/1/2084 1634/1/2084 1632/1/2084
f 1632/1/2084 1627/1/2084 1631/1/2084
f 1629/1/2091 1635/1/2489 357/1/2091
f 357/1/2091 356/1/2092 1629/1/2091
f 366/1/2090 1626/1/2090 1629/1/2090
f 1629/1/2090 356/1/2090 366/1/2090
f 366/1/2089 365/1/2089 1630/1/2089
f 1630/1/2089 1626/1/2089 366/1/2089
f 1602/1/2087 1630/1/2087 365/1/2490
f 365/1/2490 337/1/2491 1602/1/2087
f 1631/1/2106 1630/1/2105 1602/1/2492
f 1602/1/2492 1604/1/2105 1631/1/2106
f 1603/1/2104 1634/1/2104 1631/1/2104
f 1631/1/2104 1604/1/2104 1603/1/2104
f 975/1/2103 1634/1/2103 1603/1/2103
f 1603/1/2103 952/1/2103 975/1/2103
f 1634/1/2493 975/1/2101 974/1/2101
f 974/1/2101 1632/1/2101 1634/1/2493
f 1632/1/2494 974/1/2099 973/1/2494
f 973/1/2494 1633/1/2495 1632/1/2494
f 1633/1/2097 973/1/2097 972/1/2097
f 972/1/2097 1636/1/2097 1633/1/2097
f 1633/1/2496 1636/1/2096 1637/1/2096
f 1637/1/2096 1628/1/2096 1633/1/2496
f 1628/1/2094 1637/1/2094 1635/1/2094
f 1635/1/2094 1629/1/2093 1628/1/2094
f 1638/1/2497 1639/1/2498 1640/1/2498
f 1640/1/2498 1641/1/2498 1638/1/2497
f 1642/1/2499 1643/1/2500 1639/1/2501
f 1639/1/2501 1638/1/2499 1642/1/2499
f 1639/1/2502 1644/1/2502 1645/1/2502
f 1645/1/2502 1640/1/2502 1639/1/2502
f 1646/1/2503 1644/1/2503 1639/1/2503
f 1639/1/2503 1643/1/2504 1646/1/2503
f 1623/1/2505 241/1/2505 264/1/2505
f 264/1/2505 1641/1/2505 1623/1/2505
f 1641/1/2506 264/1/2506 263/1/2506
f 263/1/2506 1638/1/2507 1641/1/2506
f 1642/1/2508 1638/1/2508 263/1/2508
f 263/1/2508 262/1/2508 1642/1/2508
f 1647/1/2509 1642/1/2509 262/1/2509
f 262/1/2509 261/1/2509 1647/1/2509
f 1647/1/2510 1648/1/2510 1643/1/2510
f 1643/1/2510 1642/1/2510 1647/1/2510
f 1646/1/2511 1643/1/2511 1648/1/2511
f 1648/1/2511 1649/1/2512 1646/1/2511
f 879/1/2513 878/1/2513 1646/1/2513
f 1646/1/2513 1649/1/2513 879/1/2513
f 1646/1/2514 878/1/2515 877/1/2516
f 877/1/2516 1644/1/2515 1646/1/2514
f 877/1/2517 876/1/2517 1645/1/2517
f 1645/1/2517 1644/1/2517 877/1/2517
f 876/1/2518 859/1/2519 1625/1/2518
f 1625/1/2518 1645/1/2520 876/1/2518
f 1640/1/2521 1645/1/2521 1625/1/2521
f 1625/1/2521 1624/1/2521 1640/1/2521
f 1641/1/2522 1640/1/2522 1624/1/2522
f 1624/1/2522 1623/1/2522 1641/1/2522
f 1650/1/2175 1651/1/2175 1652/1/2523
f 1652/1/2523 1653/1/2175 1650/1/2175
f 1654/1/2171 1655/1/2171 1651/1/2171
f 1651/1/2171 1650/1/2171 1654/1/2171
f 1651/1/2177 1656/1/2177 1657/1/2177
f 1657/1/2177 1652/1/2177 1651/1/2177
f 1655/1/2176 1658/1/2176 1656/1/2176
f 1656/1/2176 1651/1/2176 1655/1/2176
f 1653/1/2189 1659/1/2189 377/1/2189
f 377/1/2189 376/1/2189 1653/1/2189
f 386/1/2186 1650/1/2186 1653/1/2186
f 1653/1/2186 376/1/2186 386/1/2186
f 386/1/2182 385/1/2182 1654/1/2182
f 1654/1/2182 1650/1/2182 386/1/2182
f 385/1/2524 357/1/2525 1635/1/2524
f 1635/1/2524 1654/1/2180 385/1/2524
f 1655/1/2201 1654/1/2201 1635/1/2201
f 1635/1/2201 1637/1/2201 1655/1/2201
f 1636/1/2199 1658/1/2526 1655/1/2199
f 1655/1/2199 1637/1/2526 1636/1/2199
f 1636/1/2198 972/1/2198 995/1/2198
f 995/1/2198 1658/1/2198 1636/1/2198
f 1658/1/2196 995/1/2196 994/1/2196
f 994/1/2196 1656/1/2196 1658/1/2196
f 1656/1/2195 994/1/2195 993/1/2195
f 993/1/2195 1657/1/2195 1656/1/2195
f 1657/1/2194 993/1/2194 992/1/2194
f 992/1/2194 1660/1/2194 1657/1/2194
f 1661/1/2192 1652/1/2192 1657/1/2192
f 1657/1/2192 1660/1/2192 1661/1/2192
f 1652/1/2191 1661/1/2191 1659/1/2191
f 1659/1/2191 1653/1/2191 1652/1/2191
f 1662/1/2527 1663/1/2528 1664/1/2528
f 1664/1/2528 1665/1/2528 1662/1/2527
f 1666/1/2529 1667/1/2530 1663/1/2529
f 1663/1/2529 1662/1/2529 1666/1/2529
f 1663/1/2531 1668/1/2531 1669/1/2532
f 1669/1/2532 1664/1/2531 1663/1/2531
f 1670/1/2533 1668/1/2534 1663/1/2534
f 1663/1/2534 1667/1/2534 1670/1/2533
f 1647/1/2535 261/1/2536 284/1/2537
f 284/1/2537 1665/1/2535 1647/1/2535
f 1665/1/2538 284/1/2538 283/1/2539
f 283/1/2539 1662/1/2538 1665/1/2538
f 1666/1/2540 1662/1/2540 283/1/2540
f 283/1/2540 281/1/2541 1666/1/2540
f 1666/1/2542 281/1/2542 282/1/2542
f 282/1/2542 1671/1/2542 1666/1/2542
f 1671/1/2543 1672/1/2543 1667/1/2543
f 1667/1/2543 1666/1/2543 1671/1/2543
f 1670/1/2544 1667/1/2544 1672/1/2544
f 1672/1/2544 1673/1/2544 1670/1/2544
f 899/1/2545 898/1/2546 1670/1/2547
f 1670/1/2547 1673/1/2548 899/1/2545
f 1670/1/2549 898/1/2550 897/1/2551
f 897/1/2551 1668/1/2551 1670/1/2549
f 897/1/2552 896/1/2552 1669/1/2552
f 1669/1/2552 1668/1/2553 897/1/2552
f 896/1/2554 879/1/2554 1649/1/2554
f 1649/1/2554 1669/1/2554 896/1/2554
f 1648/1/2555 1664/1/2556 1669/1/2556
f 1669/1/2556 1649/1/2557 1648/1/2555
f 1664/1/2558 1648/1/2559 1647/1/2559
f 1647/1/2559 1665/1/2558 1664/1/2558
f 1674/1/2272 1675/1/2272 1676/1/2272
f 1676/1/2272 1677/1/2273 1674/1/2272
f 1678/1/2560 1679/1/2271 1675/1/2561
f 1675/1/2561 1674/1/2271 1678/1/2560
f 1675/1/2275 1680/1/2275 1681/1/2275
f 1681/1/2275 1676/1/2275 1675/1/2275
f 1679/1/2274 1682/1/2274 1680/1/2274
f 1680/1/2274 1675/1/2274 1679/1/2274
f 1677/1/2562 1683/1/2289 397/1/2289
f 397/1/2289 396/1/2562 1677/1/2562
f 406/1/2563 1674/1/2563 1677/1/2564
f 1677/1/2564 396/1/2284 406/1/2563
f 406/1/2281 405/1/2565 1678/1/2281
f 1678/1/2281 1674/1/2281 406/1/2281
f 405/1/2279 377/1/2279 1659/1/2279
f 1659/1/2279 1678/1/2279 405/1/2279
f 1679/1/2302 1678/1/2302 1659/1/2302
f 1659/1/2302 1661/1/2302 1679/1/2302
f 1660/1/2301 1682/1/2301 1679/1/2301
f 1679/1/2301 1661/1/2301 1660/1/2301
f 1660/1/2566 992/1/2299 1015/1/2567
f 1015/1/2567 1682/1/2299 1660/1/2566
f 1682/1/2568 1015/1/2569 1014/1/2568
f 1014/1/2568 1680/1/2297 1682/1/2568
f 1680/1/2296 1014/1/2296 1013/1/2570
f 1013/1/2570 1681/1/2571 1680/1/2296
f 1681/1/2292 1013/1/2572 1012/1/2573
f 1012/1/2573 1684/1/2292 1681/1/2292
f 1685/1/2291 1676/1/2291 1681/1/2291
f 1681/1/2291 1684/1/2291 1685/1/2291
f 1676/1/2290 1685/1/2290 1683/1/2574
f 1683/1/2574 1677/1/2575 1676/1/2290
f 1686/1/2576 1687/1/2576 1688/1/2576
f 1688/1/2576 1689/1/2576 1686/1/2576
f 1690/1/2577 1691/1/2577 1687/1/2578
f 1687/1/2578 1686/1/2577 1690/1/2577
f 1687/1/2579 1692/1/2579 1693/1/2580
f 1693/1/2580 1688/1/2579 1687/1/2579
f 1694/1/2581 1692/1/2582 1687/1/2582
f 1687/1/2582 1691/1/2582 1694/1/2581
f 1671/1/2583 282/1/2583 304/1/2583
f 304/1/2583 1689/1/2583 1671/1/2583
f 1689/1/2584 304/1/2584 303/1/2585
f 303/1/2585 1686/1/2586 1689/1/2584
f 1690/1/2587 1686/1/2587 303/1/2587
f 303/1/2587 301/1/2587 1690/1/2587
f 1690/1/2588 301/1/2589 302/1/2589
f 302/1/2589 1695/1/2590 1690/1/2588
f 1695/1/2591 1696/1/2592 1691/1/2593
f 1691/1/2593 1690/1/2593 1695/1/2591
f 1694/1/2594 1691/1/2595 1696/1/2596
f 1696/1/2596 1697/1/2595 1694/1/2594
f 919/1/2597 918/1/2597 1694/1/2597
f 1694/1/2597 1697/1/2597 919/1/2597
f 1694/1/2598 918/1/2599 917/1/2598
f 917/1/2598 1692/1/2598 1694/1/2598
f 917/1/2600 916/1/2601 1693/1/2602
f 1693/1/2602 1692/1/2601 917/1/2600
f 916/1/2603 899/1/2604 1673/1/2605
f 1673/1/2605 1693/1/2606 916/1/2603
f 1672/1/2607 1688/1/2607 1693/1/2607
f 1693/1/2607 1673/1/2607 1672/1/2607
f 1671/1/2608 1689/1/2608 1688/1/2608
f 1688/1/2608 1672/1/2608 1671/1/2608
f 1698/1/2352 1699/1/2353 1700/1/2609
f 1700/1/2609 1701/1/2353 1698/1/2352
f 1702/1/2351 1703/1/2610 1699/1/2611
f 1699/1/2611 1698/1/2351 1702/1/2351
f 1699/1/2612 1704/1/2356 1705/1/2613
f 1705/1/2613 1700/1/2356 1699/1/2612
f 1703/1/2354 1706/1/2354 1704/1/2354
f 1704/1/2354 1699/1/2614 1703/1/2354
f 1701/1/2363 1707/1/2363 417/1/2363
f 417/1/2363 416/1/2615 1701/1/2363
f 426/1/2616 1698/1/2362 1701/1/2362
f 1701/1/2362 416/1/2617 426/1/2616
f 426/1/2618 425/1/2618 1702/1/2359
f 1702/1/2359 1698/1/2359 426/1/2618
f 425/1/2357 397/1/2357 1683/1/2357
f 1683/1/2357 1702/1/2619 425/1/2357
f 1703/1/2376 1702/1/2376 1683/1/2376
f 1683/1/2376 1685/1/2376 1703/1/2376
f 1684/1/2375 1706/1/2375 1703/1/2375
f 1703/1/2375 1685/1/2375 1684/1/2375
f 1684/1/2620 1012/1/2621 1035/1/2620
f 1035/1/2620 1706/1/2621 1684/1/2620
f 1706/1/2622 1035/1/2622 1034/1/2622
f 1034/1/2622 1704/1/2622 1706/1/2622
f 1704/1/2368 1034/1/2368 1033/1/2368
f 1033/1/2368 1705/1/2368 1704/1/2368
f 1705/1/2367 1033/1/2623 1032/1/2367
f 1032/1/2367 1708/1/2367 1705/1/2367
f 1705/1/2366 1708/1/2624 1709/1/2366
f 1709/1/2366 1700/1/2366 1705/1/2366
f 1700/1/2365 1709/1/2365 1707/1/2365
f 1707/1/2365 1701/1/2365 1700/1/2365
f 1710/1/2625 1711/1/2625 1712/1/2626
f 1712/1/2626 1713/1/2625 1710/1/2625
f 1714/1/2627 1715/1/2627 1711/1/2628
f 1711/1/2628 1710/1/2629 1714/1/2627
f 1711/1/2630 1716/1/2630 1717/1/2630
f 1717/1/2630 1712/1/2631 1711/1/2630
f 1718/1/2632 1716/1/2633 1711/1/2632
f 1711/1/2632 1715/1/2632 1718/1/2632
f 1695/1/2634 302/1/2635 324/1/2635
f 324/1/2635 1713/1/2635 1695/1/2634
f 1713/1/2636 324/1/2636 323/1/2636
f 323/1/2636 1710/1/2636 1713/1/2636
f 1714/1/2637 1710/1/2637 323/1/2637
f 323/1/2637 321/1/2637 1714/1/2637
f 1714/1/2638 321/1/2638 322/1/2638
f 322/1/2638 1719/1/2638 1714/1/2638
f 1719/1/2639 1720/1/2639 1715/1/2639
f 1715/1/2639 1714/1/2639 1719/1/2639
f 1718/1/2640 1715/1/2640 1720/1/2640
f 1720/1/2640 1721/1/2640 1718/1/2640
f 939/1/2641 938/1/2641 1718/1/2641
f 1718/1/2641 1721/1/2641 939/1/2641
f 1718/1/2642 938/1/2642 937/1/2643
f 937/1/2643 1716/1/2642 1718/1/2642
f 937/1/2644 936/1/2645 1717/1/2646
f 1717/1/2646 1716/1/2645 937/1/2644
f 936/1/2647 919/1/2648 1697/1/2648
f 1697/1/2648 1717/1/2647 936/1/2647
f 1696/1/2649 1712/1/2650 1717/1/2651
f 1717/1/2651 1697/1/2649 1696/1/2649
f 1712/1/2652 1696/1/2652 1695/1/2652
f 1695/1/2652 1713/1/2652 1712/1/2652
f 1722/1/2427 1723/1/2653 1724/1/2427
f 1724/1/2427 1725/1/2427 1722/1/2427
f 1726/1/2654 1727/1/2655 1723/1/2425
f 1723/1/2425 1722/1/2425 1726/1/2654
f 1723/1/2431 1728/1/2431 1729/1/2431
f 1729/1/2431 1724/1/2431 1723/1/2431
f 1727/1/2656 1730/1/2657 1728/1/2429
f 1728/1/2429 1723/1/2429 1727/1/2656
f 1725/1/2441 1731/1/2441 437/1/2441
f 437/1/2441 436/1/2441 1725/1/2441
f 446/1/2658 1722/1/2439 1725/1/2659
f 1725/1/2659 436/1/2439 446/1/2658
f 446/1/2436 445/1/2436 1726/1/2436
f 1726/1/2436 1722/1/2436 446/1/2436
f 445/1/2660 417/1/2434 1707/1/2661
f 1707/1/2661 1726/1/2662 445/1/2660
f 1727/1/2454 1726/1/2454 1707/1/2454
f 1707/1/2454 1709/1/2454 1727/1/2454
f 1708/1/2452 1730/1/2452 1727/1/2452
f 1727/1/2452 1709/1/2452 1708/1/2452
f 1708/1/2663 1032/1/2664 1055/1/2663
f 1055/1/2663 1730/1/2665 1708/1/2663
f 1730/1/2666 1055/1/2448 1054/1/2448
f 1054/1/2448 1728/1/2448 1730/1/2666
f 1728/1/2667 1054/1/2447 1053/1/2447
f 1053/1/2447 1729/1/2447 1728/1/2667
f 1729/1/2446 1053/1/2446 1052/1/2446
f 1052/1/2446 1732/1/2446 1729/1/2446
f 1733/1/2444 1724/1/2445 1729/1/2445
f 1729/1/2445 1732/1/2445 1733/1/2444
f 1724/1/2443 1733/1/2443 1731/1/2668
f 1731/1/2668 1725/1/2443 1724/1/2443
f 1734/1/2669 1735/1/2670 1736/1/2671
f 1736/1/2671 1737/1/2672 1734/1/2669
f 1738/1/2673 1739/1/2673 1735/1/2673
f 1735/1/2673 1734/1/2673 1738/1/2673
f 1735/1/2674 1740/1/2675 1741/1/2676
f 1741/1/2676 1736/1/2677 1735/1/2674
f 1742/1/2678 1740/1/2679 1735/1/2678
f 1735/1/2678 1739/1/2680 1742/1/2678
f 1719/1/2681 322/1/2682 344/1/2681
f 344/1/2681 1737/1/2681 1719/1/2681
f 1737/1/2683 344/1/2683 343/1/2683
f 343/1/2683 1734/1/2683 1737/1/2683
f 1738/1/2684 1734/1/2685 343/1/2685
f 343/1/2685 341/1/2685 1738/1/2684
f 1738/1/2686 341/1/2687 342/1/2686
f 342/1/2686 1743/1/2688 1738/1/2686
f 1743/1/2689 1744/1/2689 1739/1/2690
f 1739/1/2690 1738/1/2691 1743/1/2689
f 1742/1/2692 1739/1/2693 1744/1/2692
f 1744/1/2692 1745/1/2693 1742/1/2692
f 959/1/2694 958/1/2695 1742/1/2696
f 1742/1/2696 1745/1/2694 959/1/2694
f 1742/1/2697 958/1/2697 957/1/2697
f 957/1/2697 1740/1/2697 1742/1/2697
f 957/1/2698 956/1/2698 1741/1/2698
f 1741/1/2698 1740/1/2698 957/1/2698
f 956/1/2699 939/1/2699 1721/1/2700
f 1721/1/2700 1741/1/2699 956/1/2699
f 1720/1/2701 1736/1/2701 1741/1/2701
f 1741/1/2701 1721/1/2701 1720/1/2701
f 1736/1/2702 1720/1/2703 1719/1/2703
f 1719/1/2703 1737/1/2703 1736/1/2702
f 1746/1/2015 1747/1/2015 1748/1/2015
f 1748/1/2015 1749/1/2015 1746/1/2015
f 1750/1/2013 1751/1/2013 1747/1/2013
f 1747/1/2013 1746/1/2013 1750/1/2013
f 1747/1/2019 1752/1/2021 1753/1/2020
f 1753/1/2020 1748/1/2019 1747/1/2019
f 1751/1/2018 1754/1/2018 1752/1/2704
f 1752/1/2704 1747/1/2018 1751/1/2018
f 1749/1/2028 1755/1/2028 457/1/2705
f 457/1/2705 456/1/2028 1749/1/2028
f 466/1/2706 1746/1/2706 1749/1/2706
f 1749/1/2706 456/1/2706 466/1/2706
f 466/1/2023 465/1/2023 1750/1/2023
f 1750/1/2023 1746/1/2023 466/1/2023
f 465/1/2022 437/1/2022 1731/1/2022
f 1731/1/2022 1750/1/2022 465/1/2022
f 1751/1/2707 1750/1/2707 1731/1/2707
f 1731/1/2707 1733/1/2707 1751/1/2707
f 1732/1/2040 1754/1/2040 1751/1/2040
f 1751/1/2040 1733/1/2040 1732/1/2040
f 1732/1/2039 1052/1/2708 1075/1/2039
f 1075/1/2039 1754/1/2039 1732/1/2039
f 1754/1/2036 1075/1/2036 1074/1/2036
f 1074/1/2036 1752/1/2036 1754/1/2036
f 1752/1/2709 1074/1/2710 1073/1/2710
f 1073/1/2710 1753/1/2710 1752/1/2709
f 1753/1/2711 1073/1/2034 1072/1/2711
f 1072/1/2711 1756/1/2712 1753/1/2711
f 1757/1/2032 1748/1/2713 1753/1/2032
f 1753/1/2032 1756/1/2714 1757/1/2032
f 1748/1/2715 1757/1/2031 1755/1/2031
f 1755/1/2031 1749/1/2031 1748/1/2715
f 1758/1/2716 1759/1/2716 1760/1/2717
f 1760/1/2717 1761/1/2718 1758/1/2716
f 1762/1/2719 1763/1/2719 1759/1/2719
f 1759/1/2719 1758/1/2720 1762/1/2719
f 1759/1/2721 1764/1/2721 1765/1/2721
f 1765/1/2721 1760/1/2721 1759/1/2721
f 1766/1/2722 1764/1/2723 1759/1/2723
f 1759/1/2723 1763/1/2724 1766/1/2722
f 1743/1/2725 342/1/2725 364/1/2725
f 364/1/2725 1761/1/2725 1743/1/2725
f 1761/1/2726 364/1/2726 363/1/2726
f 363/1/2726 1758/1/2726 1761/1/2726
f 1762/1/2727 1758/1/2727 363/1/2727
f 363/1/2727 361/1/2727 1762/1/2727
f 1762/1/2728 361/1/2729 362/1/2730
f 362/1/2730 1767/1/2731 1762/1/2728
f 1767/1/2732 1768/1/2732 1763/1/2733
f 1763/1/2733 1762/1/2732 1767/1/2732
f 1766/1/2734 1763/1/2735 1768/1/2735
f 1768/1/2735 1769/1/2734 1766/1/2734
f 979/1/2736 978/1/2737 1766/1/2738
f 1766/1/2738 1769/1/2739 979/1/2736
f 1766/1/2740 978/1/2741 977/1/2740
f 977/1/2740 1764/1/2742 1766/1/2740
f 977/1/2743 976/1/2744 1765/1/2743
f 1765/1/2743 1764/1/2743 977/1/2743
f 976/1/2745 959/1/2746 1745/1/2746
f 1745/1/2746 1765/1/2745 976/1/2745
f 1744/1/2747 1760/1/2747 1765/1/2748
f 1765/1/2748 1745/1/2747 1744/1/2747
f 1743/1/2749 1761/1/2749 1760/1/2749
f 1760/1/2749 1744/1/2749 1743/1/2749
f 1770/1/2109 1771/1/2109 1772/1/2109
f 1772/1/2109 1773/1/2109 1770/1/2109
f 1774/1/2750 1775/1/2107 1771/1/2751
f 1771/1/2751 1770/1/2107 1774/1/2750
f 1771/1/2116 1776/1/2116 1777/1/2115
f 1777/1/2115 1772/1/2116 1771/1/2116
f 1775/1/2752 1778/1/2753 1776/1/2754
f 1776/1/2754 1771/1/2113 1775/1/2752
f 1773/1/2755 1779/1/2122 477/1/2756
f 477/1/2756 476/1/2757 1773/1/2755
f 486/1/2120 1770/1/2120 1773/1/2120
f 1773/1/2120 476/1/2120 486/1/2120
f 486/1/2119 485/1/2119 1774/1/2119
f 1774/1/2119 1770/1/2119 486/1/2119
f 485/1/2758 457/1/2118 1755/1/2118
f 1755/1/2118 1774/1/2118 485/1/2758
f 1775/1/2138 1774/1/2138 1755/1/2138
f 1755/1/2138 1757/1/2759 1775/1/2138
f 1756/1/2760 1778/1/2760 1775/1/2761
f 1775/1/2761 1757/1/2762 1756/1/2760
f 1756/1/2136 1072/1/2763 1095/1/2136
f 1095/1/2136 1778/1/2136 1756/1/2136
f 1778/1/2134 1095/1/2134 1094/1/2134
f 1094/1/2134 1776/1/2134 1778/1/2134
f 1776/1/2132 1094/1/2132 1093/1/2132
f 1093/1/2132 1777/1/2132 1776/1/2132
f 1777/1/2764 1093/1/2764 1092/1/2764
f 1092/1/2764 1780/1/2764 1777/1/2764
f 1781/1/2765 1772/1/2127 1777/1/2127
f 1777/1/2127 1780/1/2127 1781/1/2765
f 1772/1/2766 1781/1/2767 1779/1/2125
f 1779/1/2125 1773/1/2125 1772/1/2766
f 1782/1/2768 1783/1/2769 1784/1/2770
f 1784/1/2770 1785/1/2771 1782/1/2768
f 1786/1/2772 1787/1/2772 1783/1/2772
f 1783/1/2772 1782/1/2772 1786/1/2772
f 1783/1/2773 1788/1/2774 1789/1/2773
f 1789/1/2773 1784/1/2775 1783/1/2773
f 1790/1/2776 1788/1/2777 1783/1/2778
f 1783/1/2778 1787/1/2778 1790/1/2776
f 1767/1/2779 362/1/2779 384/1/2780
f 384/1/2780 1785/1/2779 1767/1/2779
f 1785/1/2781 384/1/2781 383/1/2781
f 383/1/2781 1782/1/2781 1785/1/2781
f 1786/1/2782 1782/1/2783 383/1/2783
f 383/1/2783 381/1/2782 1786/1/2782
f 1786/1/2784 381/1/2784 382/1/2785
f 382/1/2785 1791/1/2784 1786/1/2784
f 1791/1/2786 1792/1/2786 1787/1/2786
f 1787/1/2786 1786/1/2787 1791/1/2786
f 1790/1/2788 1787/1/2789 1792/1/2788
f 1792/1/2788 1793/1/2790 1790/1/2788
f 999/1/2791 998/1/2791 1790/1/2791
f 1790/1/2791 1793/1/2791 999/1/2791
f 1790/1/2792 998/1/2792 997/1/2792
f 997/1/2792 1788/1/2792 1790/1/2792
f 997/1/2793 996/1/2794 1789/1/2794
f 1789/1/2794 1788/1/2793 997/1/2793
f 996/1/2795 979/1/2796 1769/1/2797
f 1769/1/2797 1789/1/2798 996/1/2795
f 1768/1/2799 1784/1/2799 1789/1/2799
f 1789/1/2799 1769/1/2799 1768/1/2799
f 1767/1/2800 1785/1/2800 1784/1/2800
f 1784/1/2800 1768/1/2800 1767/1/2800
f 1794/1/2206 1795/1/2206 1796/1/2206
f 1796/1/2206 1797/1/2206 1794/1/2206
f 1798/1/2205 1799/1/2205 1795/1/2205
f 1795/1/2205 1794/1/2205 1798/1/2205
f 1795/1/2212 1800/1/2211 1801/1/2211
f 1801/1/2211 1796/1/2211 1795/1/2212
f 1799/1/2210 1802/1/2210 1800/1/2210
f 1800/1/2210 1795/1/2210 1799/1/2210
f 1797/1/2801 1803/1/2218 497/1/2802
f 497/1/2802 496/1/2802 1797/1/2801
f 506/1/2803 1794/1/2803 1797/1/2803
f 1797/1/2803 496/1/2803 506/1/2803
f 506/1/2215 505/1/2804 1798/1/2805
f 1798/1/2805 1794/1/2215 506/1/2215
f 505/1/2806 477/1/2807 1779/1/2213
f 1779/1/2213 1798/1/2213 505/1/2806
f 1799/1/2234 1798/1/2233 1779/1/2234
f 1779/1/2234 1781/1/2234 1799/1/2234
f 1780/1/2808 1802/1/2232 1799/1/2809
f 1799/1/2809 1781/1/2232 1780/1/2808
f 1780/1/2810 1092/1/2811 1115/1/2230
f 1115/1/2230 1802/1/2230 1780/1/2810
f 1802/1/2229 1115/1/2229 1114/1/2229
f 1114/1/2229 1800/1/2229 1802/1/2229
f 1800/1/2228 1114/1/2228 1113/1/2227
f 1113/1/2227 1801/1/2228 1800/1/2228
f 1801/1/2226 1113/1/2812 1112/1/2813
f 1112/1/2813 1804/1/2812 1801/1/2226
f 1805/1/2814 1796/1/2223 1801/1/2815
f 1801/1/2815 1804/1/2223 1805/1/2814
f 1796/1/2816 1805/1/2220 1803/1/2219
f 1803/1/2219 1797/1/2220 1796/1/2816
f 1806/1/2817 1807/1/2818 1808/1/2817
f 1808/1/2817 1809/1/2817 1806/1/2817
f 1810/1/2819 1811/1/2819 1807/1/2820
f 1807/1/2820 1806/1/2821 1810/1/2819
f 1807/1/2822 1812/1/2823 1813/1/2822
f 1813/1/2822 1808/1/2824 1807/1/2822
f 1814/1/2825 1812/1/2826 1807/1/2825
f 1807/1/2825 1811/1/2827 1814/1/2825
f 1791/1/2828 382/1/2829 404/1/2830
f 404/1/2830 1809/1/2828 1791/1/2828
f 1809/1/2831 404/1/2832 403/1/2831
f 403/1/2831 1806/1/2833 1809/1/2831
f 1810/1/2834 1806/1/2835 403/1/2834
f 403/1/2834 401/1/2834 1810/1/2834
f 1810/1/2836 401/1/2837 402/1/2836
f 402/1/2836 1815/1/2838 1810/1/2836
f 1815/1/2839 1816/1/2840 1811/1/2839
f 1811/1/2839 1810/1/2839 1815/1/2839
f 1814/1/2841 1811/1/2841 1816/1/2842
f 1816/1/2842 1817/1/2841 1814/1/2841
f 1019/1/2843 1018/1/2844 1814/1/2844
f 1814/1/2844 1817/1/2843 1019/1/2843
f 1814/1/2845 1018/1/2845 1017/1/2845
f 1017/1/2845 1812/1/2845 1814/1/2845
f 1017/1/2846 1016/1/2847 1813/1/2848
f 1813/1/2848 1812/1/2847 1017/1/2846
f 1016/1/2849 999/1/2850 1793/1/2851
f 1793/1/2851 1813/1/2849 1016/1/2849
f 1792/1/2852 1808/1/2853 1813/1/2854
f 1813/1/2854 1793/1/2853 1792/1/2852
f 1808/1/2855 1792/1/2856 1791/1/2857
f 1791/1/2857 1809/1/2856 1808/1/2855
f 1818/1/2307 1819/1/2307 1820/1/2307
f 1820/1/2307 1821/1/2307 1818/1/2307
f 1822/1/2858 1823/1/2305 1819/1/2305
f 1819/1/2305 1818/1/2305 1822/1/2858
f 1819/1/2309 1824/1/2859 1825/1/2309
f 1825/1/2309 1820/1/2309 1819/1/2309
f 1823/1/2308 1826/1/2308 1824/1/2860
f 1824/1/2860 1819/1/2308 1823/1/2308
f 1821/1/2316 1827/1/2316 517/1/2317
f 517/1/2317 516/1/2861 1821/1/2316
f 526/1/2315 1818/1/2315 1821/1/2315
f 1821/1/2315 516/1/2315 526/1/2315
f 526/1/2312 525/1/2312 1822/1/2312
f 1822/1/2312 1818/1/2312 526/1/2312
f 525/1/2862 497/1/2311 1803/1/2310
f 1803/1/2310 1822/1/2310 525/1/2862
f 1823/1/2863 1822/1/2337 1803/1/2864
f 1803/1/2864 1805/1/2865 1823/1/2863
f 1804/1/2335 1826/1/2335 1823/1/2335
f 1823/1/2335 1805/1/2335 1804/1/2335
f 1804/1/2330 1112/1/2330 1135/1/2330
f 1135/1/2330 1826/1/2330 1804/1/2330
f 1826/1/2866 1135/1/2867 1134/1/2328
f 1134/1/2328 1824/1/2868 1826/1/2866
f 1824/1/2324 1134/1/2324 1133/1/2324
f 1133/1/2324 1825/1/2324 1824/1/2324
f 1825/1/2869 1133/1/2869 1132/1/2870
f 1132/1/2870 1828/1/2871 1825/1/2869
f 1829/1/2320 1820/1/2320 1825/1/2320
f 1825/1/2320 1828/1/2320 1829/1/2320
f 1820/1/2318 1829/1/2318 1827/1/2318
f 1827/1/2318 1821/1/2318 1820/1/2318
f 1830/1/2872 1831/1/2873 1832/1/2874
f 1832/1/2874 1833/1/2875 1830/1/2872
f 1834/1/2876 1835/1/2877 1831/1/2877
f 1831/1/2877 1830/1/2877 1834/1/2876
f 1831/1/2878 1836/1/2879 1837/1/2880
f 1837/1/2880 1832/1/2881 1831/1/2878
f 1838/1/2882 1836/1/2882 1831/1/2883
f 1831/1/2883 1835/1/2882 1838/1/2882
f 1815/1/2884 402/1/2885 424/1/2884
f 424/1/2884 1833/1/2886 1815/1/2884
f 1833/1/2887 424/1/2887 423/1/2887
f 423/1/2887 1830/1/2887 1833/1/2887
f 1834/1/2888 1830/1/2888 423/1/2888
f 423/1/2888 421/1/2888 1834/1/2888
f 1834/1/2889 421/1/2890 422/1/2890
f 422/1/2890 1839/1/2890 1834/1/2889
f 1839/1/2891 1840/1/2892 1835/1/2892
f 1835/1/2892 1834/1/2892 1839/1/2891
f 1838/1/2893 1835/1/2893 1840/1/2893
f 1840/1/2893 1841/1/2893 1838/1/2893
f 1039/1/2894 1038/1/2895 1838/1/2894
f 1838/1/2894 1841/1/2896 1039/1/2894
f 1838/1/2897 1038/1/2898 1037/1/2897
f 1037/1/2897 1836/1/2899 1838/1/2897
f 1037/1/2900 1036/1/2901 1837/1/2901
f 1837/1/2901 1836/1/2901 1037/1/2900
f 1036/1/2902 1019/1/2902 1817/1/2903
f 1817/1/2903 1837/1/2902 1036/1/2902
f 1816/1/2904 1832/1/2904 1837/1/2904
f 1837/1/2904 1817/1/2905 1816/1/2904
f 1832/1/2906 1816/1/2906 1815/1/2907
f 1815/1/2907 1833/1/2906 1832/1/2906
f 1842/1/2381 1843/1/2381 1844/1/2908
f 1844/1/2908 1845/1/2381 1842/1/2381
f 1846/1/2909 1847/1/2909 1843/1/2909
f 1843/1/2909 1842/1/2910 1846/1/2909
f 1843/1/2384 1848/1/2384 1849/1/2911
f 1849/1/2911 1844/1/2384 1843/1/2384
f 1847/1/2383 1850/1/2383 1848/1/2383
f 1848/1/2383 1843/1/2382 1847/1/2383
f 1845/1/2391 1851/1/2912 537/1/2391
f 537/1/2391 536/1/2391 1845/1/2391
f 546/1/2390 1842/1/2913 1845/1/2390
f 1845/1/2390 536/1/2390 546/1/2390
f 546/1/2387 545/1/2387 1846/1/2914
f 1846/1/2914 1842/1/2387 546/1/2387
f 545/1/2915 517/1/2915 1827/1/2915
f 1827/1/2915 1846/1/2385 545/1/2915
f 1847/1/2407 1846/1/2916 1827/1/2408
f 1827/1/2408 1829/1/2407 1847/1/2407
f 1828/1/2406 1850/1/2405 1847/1/2406
f 1847/1/2406 1829/1/2917 1828/1/2406
f 1828/1/2918 1132/1/2919 1155/1/2920
f 1155/1/2920 1850/1/2921 1828/1/2918
f 1850/1/2401 1155/1/2922 1154/1/2923
f 1154/1/2923 1848/1/2401 1850/1/2401
f 1848/1/2400 1154/1/2400 1153/1/2400
f 1153/1/2400 1849/1/2400 1848/1/2400
f 1849/1/2399 1153/1/2398 1152/1/2399
f 1152/1/2399 1852/1/2399 1849/1/2399
f 1853/1/2924 1844/1/2925 1849/1/2926
f 1849/1/2926 1852/1/2395 1853/1/2924
f 1844/1/2927 1853/1/2928 1851/1/2927
f 1851/1/2927 1845/1/2393 1844/1/2927
f 1854/1/2929 1855/1/2929 1856/1/2929
f 1856/1/2929 1857/1/2930 1854/1/2929
f 1858/1/1906 1859/1/1906 1855/1/1906
f 1855/1/1906 1854/1/1906 1858/1/1906
f 1855/1/2931 1860/1/2932 1861/1/1914
f 1861/1/1914 1856/1/1913 1855/1/2931
f 1862/1/1911 1860/1/2933 1855/1/1910
f 1855/1/1910 1859/1/1910 1862/1/1911
f 1839/1/1923 422/1/1923 444/1/1923
f 444/1/1923 1857/1/2934 1839/1/1923
f 1857/1/1921 444/1/1921 443/1/2935
f 443/1/2935 1854/1/1921 1857/1/1921
f 1858/1/1919 1854/1/2936 443/1/1919
f 443/1/1919 441/1/1919 1858/1/1919
f 1858/1/1918 441/1/1918 442/1/2937
f 442/1/2937 1863/1/1918 1858/1/1918
f 1863/1/2938 1864/1/1941 1859/1/2939
f 1859/1/2939 1858/1/1941 1863/1/2938
f 1862/1/1939 1859/1/1939 1864/1/1939
f 1864/1/1939 1865/1/1939 1862/1/1939
f 1059/1/2940 1058/1/2940 1862/1/2940
f 1862/1/2940 1865/1/2940 1059/1/2940
f 1862/1/1933 1058/1/1933 1057/1/1933
f 1057/1/1933 1860/1/1933 1862/1/1933
f 1057/1/2941 1056/1/2941 1861/1/2941
f 1861/1/2941 1860/1/2942 1057/1/2941
f 1056/1/1929 1039/1/1929 1841/1/2943
f 1841/1/2943 1861/1/2944 1056/1/1929
f 1840/1/1926 1856/1/1926 1861/1/1926
f 1861/1/1926 1841/1/1926 1840/1/1926
f 1839/1/1924 1857/1/1924 1856/1/1924
f 1856/1/1924 1840/1/1924 1839/1/1924
f 1866/1/2945 1867/1/2946 1868/1/2945
f 1868/1/2945 1869/1/2459 1866/1/2945
f 1870/1/2947 1871/1/2947 1867/1/2456
f 1867/1/2456 1866/1/2456 1870/1/2947
f 1867/1/2948 1872/1/2461 1873/1/2461
f 1873/1/2461 1868/1/2948 1867/1/2948
f 1871/1/2460 1874/1/2460 1872/1/2460
f 1872/1/2460 1867/1/2949 1871/1/2460
f 1869/1/2950 1875/1/2471 557/1/2471
f 557/1/2471 556/1/2950 1869/1/2950
f 566/1/2469 1866/1/2469 1869/1/2951
f 1869/1/2951 556/1/2952 566/1/2469
f 566/1/2465 565/1/2465 1870/1/2465
f 1870/1/2465 1866/1/2465 566/1/2465
f 565/1/2953 537/1/2954 1851/1/2463
f 1851/1/2463 1870/1/2955 565/1/2953
f 1871/1/2486 1870/1/2956 1851/1/2956
f 1851/1/2956 1853/1/2957 1871/1/2486
f 1852/1/2484 1874/1/2484 1871/1/2484
f 1871/1/2484 1853/1/2484 1852/1/2484
f 1852/1/2483 1152/1/2483 1175/1/2483
f 1175/1/2483 1874/1/2483 1852/1/2483
f 1874/1/2482 1175/1/2482 1174/1/2482
f 1174/1/2482 1872/1/2482 1874/1/2482
f 1872/1/2480 1174/1/2480 1173/1/2480
f 1173/1/2480 1873/1/2480 1872/1/2480
f 1873/1/2958 1173/1/2959 1172/1/2960
f 1172/1/2960 1876/1/2959 1873/1/2958
f 1877/1/2477 1868/1/2477 1873/1/2477
f 1873/1/2477 1876/1/2477 1877/1/2477
f 1868/1/2475 1877/1/2475 1875/1/2475
f 1875/1/2475 1869/1/2475 1868/1/2475
f 1878/1/2961 1879/1/2962 1880/1/2963
f 1880/1/2963 1881/1/2961 1878/1/2961
f 1882/1/2964 1883/1/2964 1879/1/2964
f 1879/1/2964 1878/1/2964 1882/1/2964
f 1879/1/2965 1884/1/2966 1885/1/2966
f 1885/1/2966 1880/1/2966 1879/1/2965
f 1886/1/2967 1884/1/2968 1879/1/2968
f 1879/1/2968 1883/1/2969 1886/1/2967
f 1863/1/2970 442/1/2971 464/1/2971
f 464/1/2971 1881/1/2971 1863/1/2970
f 1881/1/2972 464/1/2972 463/1/2973
f 463/1/2973 1878/1/2974 1881/1/2972
f 1882/1/2975 1878/1/2976 463/1/2977
f 463/1/2977 461/1/2978 1882/1/2975
f 1882/1/2979 461/1/2980 462/1/2979
f 462/1/2979 1887/1/2979 1882/1/2979
f 1887/1/2981 1888/1/2981 1883/1/2981
f 1883/1/2981 1882/1/2981 1887/1/2981
f 1886/1/2982 1883/1/2982 1888/1/2982
f 1888/1/2982 1889/1/2983 1886/1/2982
f 1079/1/2984 1078/1/2984 1886/1/2985
f 1886/1/2985 1889/1/2986 1079/1/2984
f 1886/1/2987 1078/1/2988 1077/1/2988
f 1077/1/2988 1884/1/2988 1886/1/2987
f 1077/1/2989 1076/1/2989 1885/1/2989
f 1885/1/2989 1884/1/2989 1077/1/2989
f 1076/1/2990 1059/1/2990 1865/1/2990
f 1865/1/2990 1885/1/2990 1076/1/2990
f 1864/1/2991 1880/1/2991 1885/1/2991
f 1885/1/2991 1865/1/2991 1864/1/2991
f 1863/1/2992 1881/1/2993 1880/1/2993
f 1880/1/2993 1864/1/2993 1863/1/2992
f 1890/1/2500 1891/1/2500 1892/1/2500
f 1892/1/2500 1893/1/2500 1890/1/2500
f 1894/1/2498 1895/1/2498 1891/1/2498
f 1891/1/2498 1890/1/2498 1894/1/2498
f 1891/1/2503 1896/1/2994 1897/1/2503
f 1897/1/2503 1892/1/2504 1891/1/2503
f 1895/1/2502 1898/1/2502 1896/1/2995
f 1896/1/2995 1891/1/2502 1895/1/2502
f 1893/1/2996 1899/1/2997 577/1/2998
f 577/1/2998 576/1/2509 1893/1/2996
f 586/1/2508 1890/1/2508 1893/1/2508
f 1893/1/2508 576/1/2508 586/1/2508
f 586/1/2506 585/1/2506 1894/1/2506
f 1894/1/2506 1890/1/2506 586/1/2506
f 585/1/2505 557/1/2505 1875/1/2505
f 1875/1/2505 1894/1/2505 585/1/2505
f 1895/1/2522 1894/1/2522 1875/1/2522
f 1875/1/2522 1877/1/2522 1895/1/2522
f 1876/1/2521 1898/1/2521 1895/1/2521
f 1895/1/2521 1877/1/2521 1876/1/2521
f 1876/1/2518 1172/1/2518 1195/1/2999
f 1195/1/2999 1898/1/2518 1876/1/2518
f 1898/1/3000 1195/1/3001 1194/1/3001
f 1194/1/3001 1896/1/3001 1898/1/3000
f 1896/1/3002 1194/1/2515 1193/1/2515
f 1193/1/2515 1897/1/2515 1896/1/3002
f 1897/1/2513 1193/1/2513 1192/1/2513
f 1192/1/2513 1900/1/2513 1897/1/2513
f 1897/1/3003 1900/1/3004 1901/1/3003
f 1901/1/3003 1892/1/2512 1897/1/3003
f 1892/1/3005 1901/1/3006 1899/1/3005
f 1899/1/3005 1893/1/2510 1892/1/3005
f 1902/1/3007 1903/1/3007 1904/1/3008
f 1904/1/3008 1905/1/3007 1902/1/3007
f 1906/1/3009 1907/1/3009 1903/1/3009
f 1903/1/3009 1902/1/3009 1906/1/3009
f 1903/1/3010 1908/1/3010 1909/1/3011
f 1909/1/3011 1904/1/3010 1903/1/3010
f 1910/1/3012 1908/1/3012 1903/1/3013
f 1903/1/3013 1907/1/3012 1910/1/3012
f 1887/1/3014 462/1/3014 484/1/3014
f 484/1/3014 1905/1/3014 1887/1/3014
f 1905/1/3015 484/1/3016 483/1/3015
f 483/1/3015 1902/1/3015 1905/1/3015
f 1906/1/3017 1902/1/3018 483/1/3019
f 483/1/3019 481/1/3020 1906/1/3017
f 1906/1/3021 481/1/3022 482/1/3021
f 482/1/3021 1911/1/3021 1906/1/3021
f 1911/1/3023 1912/1/3023 1907/1/3024
f 1907/1/3024 1906/1/3023 1911/1/3023
f 1910/1/3025 1907/1/3025 1912/1/3026
f 1912/1/3026 1913/1/3025 1910/1/3025
f 1099/1/3027 1098/1/3028 1910/1/3029
f 1910/1/3029 1913/1/3028 1099/1/3027
f 1910/1/3030 1098/1/3031 1097/1/3032
f 1097/1/3032 1908/1/3033 1910/1/3030
f 1097/1/3034 1096/1/3035 1909/1/3036
f 1909/1/3036 1908/1/3035 1097/1/3034
f 1096/1/3037 1079/1/3037 1889/1/3037
f 1889/1/3037 1909/1/3037 1096/1/3037
f 1888/1/3038 1904/1/3038 1909/1/3038
f 1909/1/3038 1889/1/3038 1888/1/3038
f 1904/1/3039 1888/1/3039 1887/1/3039
f 1887/1/3039 1905/1/3039 1904/1/3039
f 1914/1/3040 1915/1/2530 1916/1/2529
f 1916/1/2529 1917/1/3041 1914/1/3040
f 1918/1/2528 1919/1/2528 1915/1/2528
f 1915/1/2528 1914/1/2528 1918/1/2528
f 1915/1/3042 1920/1/2534 1921/1/2534
f 1921/1/2534 1916/1/2534 1915/1/3042
f 1919/1/3043 1922/1/3043 1920/1/3043
f 1920/1/3043 1915/1/3043 1919/1/3043
f 1917/1/2542 1923/1/2542 597/1/2542
f 597/1/2542 596/1/2542 1917/1/2542
f 606/1/2541 1914/1/2540 1917/1/2540
f 1917/1/2540 596/1/2540 606/1/2541
f 606/1/3044 605/1/3045 1918/1/3044
f 1918/1/3044 1914/1/2538 606/1/3044
f 605/1/3046 577/1/3047 1899/1/3046
f 1899/1/3046 1918/1/3048 605/1/3046
f 1919/1/2559 1918/1/2559 1899/1/2559
f 1899/1/2559 1901/1/2559 1919/1/2559
f 1900/1/3049 1922/1/3050 1919/1/2556
f 1919/1/2556 1901/1/2556 1900/1/3049
f 1900/1/2554 1192/1/2554 1215/1/2554
f 1215/1/2554 1922/1/2554 1900/1/2554
f 1922/1/2552 1215/1/2552 1214/1/3051
f 1214/1/3051 1920/1/2552 1922/1/2552
f 1920/1/2550 1214/1/2550 1213/1/3052
f 1213/1/3052 1921/1/2550 1920/1/2550
f 1921/1/3053 1213/1/3053 1212/1/3053
f 1212/1/3053 1924/1/3053 1921/1/3053
f 1921/1/3054 1924/1/2544 1925/1/3054
f 1925/1/3054 1916/1/2544 1921/1/3054
f 1916/1/2543 1925/1/2543 1923/1/2543
f 1923/1/2543 1917/1/2543 1916/1/2543
f 1926/1/3055 1927/1/3056 1928/1/3055
f 1928/1/3055 1929/1/3057 1926/1/3055
f 1930/1/3058 1931/1/3059 1927/1/3060
f 1927/1/3060 1926/1/3061 1930/1/3058
f 1927/1/3062 1932/1/3062 1933/1/3062
f 1933/1/3062 1928/1/3062 1927/1/3062
f 1934/1/3063 1932/1/3064 1927/1/3063
f 1927/1/3063 1931/1/3065 1934/1/3063
f 1911/1/3066 482/1/3067 504/1/3066
f 504/1/3066 1929/1/3066 1911/1/3066
f 1929/1/3068 504/1/3068 503/1/3068
f 503/1/3068 1926/1/3068 1929/1/3068
f 1930/1/3069 1926/1/3070 503/1/3069
f 503/1/3069 501/1/3069 1930/1/3069
f 1930/1/3071 501/1/3072 502/1/3071
f 502/1/3071 1935/1/3073 1930/1/3071
f 1935/1/3074 1936/1/3074 1931/1/3075
f 1931/1/3075 1930/1/3076 1935/1/3074
f 1934/1/3077 1931/1/3077 1936/1/3077
f 1936/1/3077 1937/1/3077 1934/1/3077
f 1119/1/3078 1118/1/3079 1934/1/3078
f 1934/1/3078 1937/1/3078 1119/1/3078
f 1934/1/3080 1118/1/3081 1117/1/3080
f 1117/1/3080 1932/1/3082 1934/1/3080
f 1117/1/3083 1116/1/3084 1933/1/3083
f 1933/1/3083 1932/1/3083 1117/1/3083
f 1116/1/3085 1099/1/3085 1913/1/3085
f 1913/1/3085 1933/1/3085 1116/1/3085
f 1912/1/3086 1928/1/3086 1933/1/3086
f 1933/1/3086 1913/1/3086 1912/1/3086
f 1911/1/3087 1929/1/3087 1928/1/3087
f 1928/1/3087 1912/1/3087 1911/1/3087
f 1938/1/2577 1939/1/2577 1940/1/2577
f 1940/1/2577 1941/1/2577 1938/1/2577
f 1942/1/2576 1943/1/2576 1939/1/3088
f 1939/1/3088 1938/1/2576 1942/1/2576
f 1939/1/2582 1944/1/2582 1945/1/2582
f 1945/1/2582 1940/1/2582 1939/1/2582
f 1943/1/2579 1946/1/2579 1944/1/2580
f 1944/1/2580 1939/1/2579 1943/1/2579
f 1941/1/3089 1947/1/2589 617/1/2590
f 617/1/2590 616/1/3090 1941/1/3089
f 626/1/3091 1938/1/2587 1941/1/3092
f 1941/1/3092 616/1/3093 626/1/3091
f 626/1/2585 625/1/2585 1942/1/2585
f 1942/1/2585 1938/1/2585 626/1/2585
f 625/1/2583 597/1/2583 1923/1/2583
f 1923/1/2583 1942/1/2583 625/1/2583
f 1943/1/3094 1942/1/2608 1923/1/3095
f 1923/1/3095 1925/1/2608 1943/1/3094
f 1924/1/3096 1946/1/2607 1943/1/2607
f 1943/1/2607 1925/1/2607 1924/1/3096
f 1924/1/2603 1212/1/2603 1235/1/2603
f 1235/1/2603 1946/1/2603 1924/1/2603
f 1946/1/2601 1235/1/2601 1234/1/3097
f 1234/1/3097 1944/1/2601 1946/1/2601
f 1944/1/2599 1234/1/2599 1233/1/2599
f 1233/1/2599 1945/1/2599 1944/1/2599
f 1945/1/3098 1233/1/2597 1232/1/3099
f 1232/1/3099 1948/1/3100 1945/1/3098
f 1949/1/2595 1940/1/2595 1945/1/2595
f 1945/1/2595 1948/1/2595 1949/1/2595
f 1940/1/2591 1949/1/2593 1947/1/2591
f 1947/1/2591 1941/1/2593 1940/1/2591
f 1950/1/3101 1951/1/3102 1952/1/3101
f 1952/1/3101 1953/1/3103 1950/1/3101
f 1954/1/3104 1955/1/3104 1951/1/3104
f 1951/1/3104 1950/1/3104 1954/1/3104
f 1951/1/3105 1956/1/3105 1957/1/3105
f 1957/1/3105 1952/1/3105 1951/1/3105
f 1958/1/3106 1956/1/3106 1951/1/3106
f 1951/1/3106 1955/1/3106 1958/1/3106
f 1935/1/3107 502/1/3108 524/1/3107
f 524/1/3107 1953/1/3107 1935/1/3107
f 1953/1/3109 524/1/3109 523/1/3109
f 523/1/3109 1950/1/3109 1953/1/3109
f 1954/1/3110 1950/1/3111 523/1/3112
f 523/1/3112 521/1/3110 1954/1/3110
f 1954/1/3113 521/1/3113 522/1/3113
f 522/1/3113 1959/1/3113 1954/1/3113
f 1959/1/3114 1960/1/3114 1955/1/3114
f 1955/1/3114 1954/1/3114 1959/1/3114
f 1958/1/3115 1955/1/3115 1960/1/3115
f 1960/1/3115 1961/1/3115 1958/1/3115
f 1139/1/3116 1138/1/3116 1958/1/3116
f 1958/1/3116 1961/1/3116 1139/1/3116
f 1958/1/3117 1138/1/3117 1137/1/3118
f 1137/1/3118 1956/1/3117 1958/1/3117
f 1137/1/3119 1136/1/3120 1957/1/3121
f 1957/1/3121 1956/1/3120 1137/1/3119
f 1136/1/3122 1119/1/3123 1937/1/3124
f 1937/1/3124 1957/1/3122 1136/1/3122
f 1936/1/3125 1952/1/3126 1957/1/3126
f 1957/1/3126 1937/1/3126 1936/1/3125
f 1935/1/3127 1953/1/3127 1952/1/3127
f 1952/1/3127 1936/1/3127 1935/1/3127
f 1962/1/3128 1963/1/3129 1964/1/3129
f 1964/1/3129 1965/1/3129 1962/1/3128
f 1966/1/2625 1967/1/2625 1963/1/2625
f 1963/1/2625 1962/1/2625 1966/1/2625
f 1963/1/3130 1968/1/3131 1969/1/3130
f 1969/1/3130 1964/1/2632 1963/1/3130
f 1967/1/2631 1970/1/2631 1968/1/2631
f 1968/1/2631 1963/1/2630 1967/1/2631
f 1965/1/2638 1971/1/2638 637/1/2638
f 637/1/2638 636/1/2638 1965/1/2638
f 646/1/2637 1962/1/2637 1965/1/3132
f 1965/1/3132 636/1/2637 646/1/2637
f 646/1/3133 645/1/2636 1966/1/3133
f 1966/1/3133 1962/1/3133 646/1/3133
f 645/1/2635 617/1/2635 1947/1/2635
f 1947/1/2635 1966/1/2635 645/1/2635
f 1967/1/2652 1966/1/2652 1947/1/2652
f 1947/1/2652 1949/1/2652 1967/1/2652
f 1948/1/2649 1970/1/2649 1967/1/2649
f 1967/1/2649 1949/1/2649 1948/1/2649
f 1948/1/3134 1232/1/2647 1255/1/2647
f 1255/1/2647 1970/1/2647 1948/1/3134
f 1970/1/2645 1255/1/2645 1254/1/2645
f 1254/1/2645 1968/1/2645 1970/1/2645
f 1968/1/3135 1254/1/3135 1253/1/3136
f 1253/1/3136 1969/1/3135 1968/1/3135
f 1969/1/2641 1253/1/2641 1252/1/2641
f 1252/1/2641 1972/1/2641 1969/1/2641
f 1973/1/2640 1964/1/2640 1969/1/2640
f 1969/1/2640 1972/1/2640 1973/1/2640
f 1964/1/2639 1973/1/2639 1971/1/2639
f 1971/1/2639 1965/1/2639 1964/1/2639
f 1974/1/3137 1975/1/3138 1976/1/3138
f 1976/1/3138 1977/1/3138 1974/1/3137
f 1978/1/3139 1979/1/3139 1975/1/3139
f 1975/1/3139 1974/1/3139 1978/1/3139
f 1975/1/3140 1980/1/3141 1981/1/3140
f 1981/1/3140 1976/1/3142 1975/1/3140
f 1982/1/3143 1980/1/3143 1975/1/3144
f 1975/1/3144 1979/1/3143 1982/1/3143
f 1959/1/3145 522/1/3146 544/1/3145
f 544/1/3145 1977/1/3145 1959/1/3145
f 1977/1/3147 544/1/3147 543/1/3148
f 543/1/3148 1974/1/3149 1977/1/3147
f 1978/1/3150 1974/1/3150 543/1/3150
f 543/1/3150 541/1/3150 1978/1/3150
f 1978/1/3151 541/1/3151 542/1/3152
f 542/1/3152 1983/1/3153 1978/1/3151
f 1983/1/3154 1984/1/3155 1979/1/3156
f 1979/1/3156 1978/1/3157 1983/1/3154
f 1982/1/3158 1979/1/3158 1984/1/3159
f 1984/1/3159 1985/1/3158 1982/1/3158
f 1159/1/3160 1158/1/3161 1982/1/3161
f 1982/1/3161 1985/1/3162 1159/1/3160
f 1982/1/3163 1158/1/3163 1157/1/3164
f 1157/1/3164 1980/1/3163 1982/1/3163
f 1157/1/3165 1156/1/3166 1981/1/3167
f 1981/1/3167 1980/1/3168 1157/1/3165
f 1156/1/3169 1139/1/3169 1961/1/3169
f 1961/1/3169 1981/1/3169 1156/1/3169
f 1960/1/3170 1976/1/3171 1981/1/3170
f 1981/1/3170 1961/1/3170 1960/1/3170
f 1976/1/3172 1960/1/3173 1959/1/3172
f 1959/1/3172 1977/1/3172 1976/1/3172
f 1986/1/2673 1987/1/3174 1988/1/2673
f 1988/1/2673 1989/1/2673 1986/1/2673
f 1990/1/2672 1991/1/3175 1987/1/2669
f 1987/1/2669 1986/1/3176 1990/1/2672
f 1987/1/3177 1992/1/3177 1993/1/3178
f 1993/1/3178 1988/1/3178 1987/1/3177
f 1991/1/3179 1994/1/3179 1992/1/3179
f 1992/1/3179 1987/1/3179 1991/1/3179
f 1989/1/2688 1995/1/2688 657/1/2688
f 657/1/2688 656/1/2688 1989/1/2688
f 666/1/2685 1986/1/2685 1989/1/2685
f 1989/1/2685 656/1/3180 666/1/2685
f 666/1/2683 665/1/2683 1990/1/2683
f 1990/1/2683 1986/1/2683 666/1/2683
f 665/1/2681 637/1/2681 1971/1/3181
f 1971/1/3181 1990/1/3182 665/1/2681
f 1991/1/2703 1990/1/3183 1971/1/2703
f 1971/1/2703 1973/1/2703 1991/1/2703
f 1972/1/2701 1994/1/3184 1991/1/3185
f 1991/1/3185 1973/1/2701 1972/1/2701
f 1972/1/3186 1252/1/2699 1275/1/2700
f 1275/1/2700 1994/1/2699 1972/1/3186
f 1994/1/2698 1275/1/2698 1274/1/2698
f 1274/1/2698 1992/1/2698 1994/1/2698
f 1992/1/2697 1274/1/2697 1273/1/2697
f 1273/1/2697 1993/1/3187 1992/1/2697
f 1993/1/2694 1273/1/2694 1272/1/2694
f 1272/1/2694 1996/1/2694 1993/1/2694
f 1993/1/3188 1996/1/2693 1997/1/3188
f 1997/1/3188 1988/1/2693 1993/1/3188
f 1988/1/3189 1997/1/3190 1995/1/2691
f 1995/1/2691 1989/1/3191 1988/1/3189
f 1998/1/2964 1999/1/2964 2000/1/2964
f 2000/1/2964 2001/1/2964 1998/1/2964
f 2002/1/2961 2003/1/2961 1999/1/2961
f 1999/1/2961 1998/1/3192 2002/1/2961
f 1999/1/2968 2004/1/3193 2005/1/3193
f 2005/1/3193 2000/1/3194 1999/1/2968
f 1999/1/2966 2003/1/2966 2006/1/2966
f 2006/1/2966 2004/1/2966 1999/1/2966
f 2001/1/3195 2007/1/3196 133/1/2979
f 133/1/2979 132/1/3197 2001/1/3195
f 2001/1/3198 132/1/3199 146/1/2976
f 146/1/2976 1998/1/2976 2001/1/3198
f 144/1/2972 2002/1/2974 1998/1/2972
f 1998/1/2972 146/1/2972 144/1/2972
f 1401/1/3200 2002/1/2970 144/1/3200
f 144/1/3200 145/1/2971 1401/1/3200
f 2002/1/2993 1401/1/2993 1406/1/2993
f 1406/1/2993 2003/1/2993 2002/1/2993
f 2003/1/2991 1406/1/2991 1405/1/2991
f 1405/1/2991 2006/1/2991 2003/1/2991
f 111/1/3201 110/1/2990 2006/1/2990
f 2006/1/2990 1405/1/3202 111/1/3201
f 2006/1/3203 110/1/2989 109/1/2989
f 109/1/2989 2004/1/2989 2006/1/3203
f 2005/1/3204 2004/1/2988 109/1/2988
f 109/1/2988 108/1/2988 2005/1/3204
f 108/1/2985 107/1/2985 2008/1/2985
f 2008/1/2985 2005/1/2985 108/1/2985
f 2000/1/2982 2005/1/3205 2008/1/3206
f 2008/1/3206 2009/1/2982 2000/1/2982
f 2000/1/2981 2009/1/2981 2007/1/2981
f 2007/1/2981 2001/1/2981 2000/1/2981
f 2010/1/1946 2011/1/3207 2012/1/1946
f 2012/1/1946 2013/1/1946 2010/1/1946
f 2014/1/3208 2015/1/3209 2011/1/3208
f 2011/1/3208 2010/1/3208 2014/1/3208
f 2011/1/1950 2016/1/1950 2017/1/3210
f 2017/1/3210 2012/1/1950 2011/1/1950
f 2018/1/3211 2016/1/3212 2011/1/1949
f 2011/1/1949 2015/1/1949 2018/1/3211
f 1983/1/1957 542/1/1957 564/1/1957
f 564/1/1957 2013/1/1957 1983/1/1957
f 2013/1/3213 564/1/1956 563/1/1956
f 563/1/1956 2010/1/1956 2013/1/3213
f 2014/1/1955 2010/1/1955 563/1/1955
f 563/1/1955 561/1/1955 2014/1/1955
f 2019/1/1953 2014/1/1953 561/1/3214
f 561/1/3214 562/1/3214 2019/1/1953
f 2019/1/1972 2020/1/1972 2015/1/1972
f 2015/1/1972 2014/1/3215 2019/1/1972
f 2018/1/1970 2015/1/1970 2020/1/1970
f 2020/1/1970 2021/1/1970 2018/1/1970
f 2018/1/1969 2021/1/1969 1179/1/3216
f 1179/1/3216 1178/1/3217 2018/1/1969
f 2018/1/1967 1178/1/1967 1177/1/1967
f 1177/1/1967 2016/1/1967 2018/1/1967
f 1177/1/1965 1176/1/1965 2017/1/1965
f 2017/1/1965 2016/1/1965 1177/1/1965
f 1176/1/3218 1159/1/3219 1985/1/3220
f 1985/1/3220 2017/1/3221 1176/1/3218
f 1985/1/3222 1984/1/1961 2012/1/3222
f 2012/1/3222 2017/1/3222 1985/1/3222
f 1983/1/1958 2013/1/1958 2012/1/1958
f 2012/1/1958 1984/1/1958 1983/1/1958
f 2022/1/2720 2023/1/3223 2024/1/3224
f 2024/1/3224 2025/1/2720 2022/1/2720
f 2026/1/2716 2027/1/2716 2023/1/2716
f 2023/1/2716 2022/1/2716 2026/1/2716
f 2023/1/2724 2028/1/3225 2029/1/3226
f 2029/1/3226 2024/1/3227 2023/1/2724
f 2027/1/2721 2030/1/2721 2028/1/2721
f 2028/1/2721 2023/1/2721 2027/1/2721
f 2025/1/3228 2031/1/2729 677/1/3228
f 677/1/3228 676/1/2731 2025/1/3228
f 686/1/2727 2022/1/2727 2025/1/2727
f 2025/1/2727 676/1/2727 686/1/2727
f 686/1/2726 685/1/2726 2026/1/2726
f 2026/1/2726 2022/1/2726 686/1/2726
f 685/1/2725 657/1/2725 1995/1/2725
f 1995/1/2725 2026/1/2725 685/1/2725
f 2027/1/2749 2026/1/2749 1995/1/2749
f 1995/1/2749 1997/1/2749 2027/1/2749
f 1996/1/2747 2030/1/2747 2027/1/2747
f 2027/1/2747 1997/1/2747 1996/1/2747
f 1996/1/2745 1272/1/2745 1295/1/2745
f 1295/1/2745 2030/1/2745 1996/1/2745
f 2030/1/2743 1295/1/2743 1294/1/2743
f 1294/1/2743 2028/1/2743 2030/1/2743
f 2028/1/2740 1294/1/2742 1293/1/3229
f 1293/1/3229 2029/1/2742 2028/1/2740
f 1293/1/3230 1292/1/3231 2032/1/2737
f 2032/1/2737 2029/1/3230 1293/1/3230
f 2024/1/2735 2029/1/2735 2032/1/2735
f 2032/1/2735 2033/1/2734 2024/1/2735
f 2025/1/2732 2024/1/3232 2033/1/2732
f 2033/1/2732 2031/1/2732 2025/1/2732
f 2034/1/3009 2035/1/3009 2036/1/3009
f 2036/1/3009 2037/1/3233 2034/1/3009
f 2038/1/3007 2039/1/3007 2035/1/3008
f 2035/1/3008 2034/1/3007 2038/1/3007
f 2035/1/3013 2040/1/3012 2041/1/3013
f 2041/1/3013 2036/1/3012 2035/1/3013
f 2035/1/3010 2039/1/3010 2042/1/3234
f 2042/1/3234 2040/1/3010 2035/1/3010
f 157/1/3021 156/1/3021 2037/1/3021
f 2037/1/3021 2043/1/3021 157/1/3021
f 2037/1/3020 156/1/3020 166/1/3020
f 166/1/3020 2034/1/3020 2037/1/3020
f 166/1/3016 165/1/3016 2038/1/3016
f 2038/1/3016 2034/1/3016 166/1/3016
f 2038/1/3014 165/1/3235 133/1/3014
f 133/1/3014 2007/1/3014 2038/1/3014
f 2009/1/3039 2039/1/3039 2038/1/3039
f 2038/1/3039 2007/1/3236 2009/1/3039
f 2008/1/3038 2042/1/3038 2039/1/3237
f 2039/1/3237 2009/1/3238 2008/1/3038
f 107/1/3239 775/1/3239 2042/1/3239
f 2042/1/3239 2008/1/3037 107/1/3239
f 2042/1/3035 775/1/3035 774/1/3035
f 774/1/3035 2040/1/3035 2042/1/3035
f 2041/1/3240 2040/1/3033 774/1/3240
f 774/1/3240 771/1/3240 2041/1/3240
f 771/1/3028 773/1/3028 2044/1/3028
f 2044/1/3028 2041/1/3028 771/1/3028
f 2036/1/3241 2041/1/3242 2044/1/3241
f 2044/1/3241 2045/1/3025 2036/1/3241
f 2036/1/3023 2045/1/3023 2043/1/3023
f 2043/1/3023 2037/1/3243 2036/1/3023
f 2046/1/3244 2047/1/3244 2048/1/3244
f 2048/1/3244 2049/1/3244 2046/1/3244
f 2050/1/2043 2051/1/2043 2047/1/2043
f 2047/1/2043 2046/1/2043 2050/1/2043
f 2047/1/3245 2052/1/3246 2053/1/3246
f 2053/1/3246 2048/1/3245 2047/1/3245
f 2054/1/2049 2052/1/3247 2047/1/2049
f 2047/1/2049 2051/1/2049 2054/1/2049
f 2019/1/3248 562/1/2058 584/1/2058
f 584/1/2058 2049/1/2058 2019/1/3248
f 2049/1/2057 584/1/2057 583/1/2057
f 583/1/2057 2046/1/2057 2049/1/2057
f 2050/1/2056 2046/1/2056 583/1/2056
f 583/1/2056 581/1/2056 2050/1/2056
f 2055/1/2054 2050/1/2054 581/1/2054
f 581/1/2054 582/1/2054 2055/1/2054
f 2055/1/3249 2056/1/2077 2051/1/3250
f 2051/1/3250 2050/1/2077 2055/1/3249
f 2054/1/2074 2051/1/2075 2056/1/2074
f 2056/1/2074 2057/1/2074 2054/1/2074
f 2054/1/2073 2057/1/2073 1199/1/2073
f 1199/1/2073 1198/1/2073 2054/1/2073
f 2054/1/3251 1198/1/3251 1197/1/3252
f 1197/1/3252 2052/1/3251 2054/1/3251
f 1197/1/3253 1196/1/2067 2053/1/2067
f 2053/1/2067 2052/1/2067 1197/1/3253
f 1196/1/2063 1179/1/2063 2021/1/2063
f 2021/1/2063 2053/1/2063 1196/1/2063
f 2048/1/2060 2053/1/2060 2021/1/2060
f 2021/1/2060 2020/1/2060 2048/1/2060
f 2049/1/3254 2048/1/2059 2020/1/2059
f 2020/1/2059 2019/1/2059 2049/1/3254
f 2058/1/3255 2059/1/2772 2060/1/3256
f 2060/1/3256 2061/1/2772 2058/1/3255
f 2062/1/2769 2063/1/2769 2059/1/2769
f 2059/1/2769 2058/1/2769 2062/1/2769
f 2059/1/3257 2064/1/2778 2065/1/2778
f 2065/1/2778 2060/1/2778 2059/1/3257
f 2063/1/2773 2066/1/2773 2064/1/2773
f 2064/1/2773 2059/1/2773 2063/1/2773
f 2061/1/2784 2067/1/2784 697/1/2784
f 697/1/2784 696/1/2784 2061/1/2784
f 706/1/2782 2058/1/2783 2061/1/2782
f 2061/1/2782 696/1/2782 706/1/2782
f 706/1/2781 705/1/2781 2062/1/2781
f 2062/1/2781 2058/1/2781 706/1/2781
f 705/1/3258 677/1/2779 2031/1/3259
f 2031/1/3259 2062/1/3260 705/1/3258
f 2062/1/2800 2031/1/2800 2033/1/2800
f 2033/1/2800 2063/1/2800 2062/1/2800
f 2032/1/2799 2066/1/2799 2063/1/2799
f 2063/1/2799 2033/1/2799 2032/1/2799
f 1315/1/3261 2066/1/3262 2032/1/3261
f 2032/1/3261 1292/1/3261 1315/1/3261
f 2066/1/2794 1315/1/2794 1314/1/2794
f 1314/1/2794 2064/1/3263 2066/1/2794
f 2064/1/3264 1314/1/3265 1313/1/3266
f 1313/1/3266 2065/1/3267 2064/1/3264
f 1313/1/2791 1312/1/2791 2068/1/2791
f 2068/1/2791 2065/1/2791 1313/1/2791
f 2060/1/3268 2065/1/3268 2068/1/3268
f 2068/1/3268 2069/1/3268 2060/1/3268
f 2061/1/2786 2060/1/2786 2069/1/2786
f 2069/1/2786 2067/1/2786 2061/1/2786
f 2070/1/3059 2071/1/3059 2072/1/3269
f 2072/1/3269 2073/1/3059 2070/1/3059
f 2074/1/3057 2075/1/3057 2071/1/3057
f 2071/1/3057 2070/1/3057 2074/1/3057
f 2071/1/3065 2076/1/3065 2077/1/3065
f 2077/1/3065 2072/1/3065 2071/1/3065
f 2071/1/3062 2075/1/3062 2078/1/3062
f 2078/1/3062 2076/1/3062 2071/1/3062
f 2073/1/3072 2079/1/3072 177/1/3072
f 177/1/3072 176/1/3072 2073/1/3072
f 2073/1/3069 176/1/3069 186/1/3070
f 186/1/3070 2070/1/3069 2073/1/3069
f 2070/1/3068 186/1/3068 185/1/3068
f 185/1/3068 2074/1/3068 2070/1/3068
f 185/1/3067 157/1/3066 2043/1/3270
f 2043/1/3270 2074/1/3066 185/1/3067
f 2045/1/3087 2075/1/3087 2074/1/3087
f 2074/1/3087 2043/1/3087 2045/1/3087
f 2044/1/3271 2078/1/3086 2075/1/3086
f 2075/1/3086 2045/1/3086 2044/1/3271
f 795/1/3085 2078/1/3085 2044/1/3085
f 2044/1/3085 773/1/3085 795/1/3085
f 2078/1/3084 795/1/3084 794/1/3084
f 794/1/3084 2076/1/3084 2078/1/3084
f 2077/1/3080 2076/1/3080 794/1/3080
f 794/1/3080 793/1/3080 2077/1/3080
f 793/1/3078 792/1/3078 2080/1/3078
f 2080/1/3078 2077/1/3078 793/1/3078
f 2072/1/3077 2077/1/3077 2080/1/3077
f 2080/1/3077 2081/1/3077 2072/1/3077
f 2072/1/3074 2081/1/3074 2079/1/3074
f 2079/1/3074 2073/1/3074 2072/1/3074
f 2082/1/3272 2083/1/2143 2084/1/2143
f 2084/1/2143 2085/1/2143 2082/1/3272
f 2086/1/2140 2087/1/2140 2083/1/3273
f 2083/1/3273 2082/1/2140 2086/1/2140
f 2083/1/3274 2088/1/2146 2089/1/2146
f 2089/1/2146 2084/1/3275 2083/1/3274
f 2090/1/2144 2088/1/3276 2083/1/3276
f 2083/1/3276 2087/1/3276 2090/1/2144
f 2055/1/2152 582/1/3277 604/1/2153
f 604/1/2153 2085/1/2153 2055/1/2152
f 2085/1/2149 604/1/2149 603/1/2149
f 603/1/2149 2082/1/2149 2085/1/2149
f 2086/1/2148 2082/1/2148 603/1/2148
f 603/1/2148 601/1/2148 2086/1/2148
f 2091/1/2147 2086/1/2147 601/1/2147
f 601/1/2147 602/1/3278 2091/1/2147
f 2091/1/3279 2092/1/2169 2087/1/3279
f 2087/1/3279 2086/1/3279 2091/1/3279
f 2090/1/2167 2087/1/2167 2092/1/3280
f 2092/1/3280 2093/1/2167 2090/1/2167
f 2090/1/2165 2093/1/2165 1219/1/2165
f 1219/1/2165 1218/1/2165 2090/1/2165
f 2090/1/2162 1218/1/2163 1217/1/2162
f 1217/1/2162 2088/1/2163 2090/1/2162
f 1217/1/3281 1216/1/3282 2089/1/2159
f 2089/1/2159 2088/1/3281 1217/1/3281
f 1216/1/2157 1199/1/2157 2057/1/2157
f 2057/1/2157 2089/1/2157 1216/1/2157
f 2084/1/3283 2089/1/3284 2057/1/3283
f 2057/1/3283 2056/1/3283 2084/1/3283
f 2085/1/2154 2084/1/2154 2056/1/2154
f 2056/1/2154 2055/1/2154 2085/1/2154
f 2094/1/2819 2095/1/2819 2096/1/3285
f 2096/1/3285 2097/1/3286 2094/1/2819
f 2098/1/2818 2099/1/2817 2095/1/2817
f 2095/1/2817 2094/1/2817 2098/1/2818
f 2095/1/3287 2100/1/2825 2101/1/3288
f 2101/1/3288 2096/1/3288 2095/1/3287
f 2099/1/2822 2102/1/3289 2100/1/2823
f 2100/1/2823 2095/1/2822 2099/1/2822
f 2097/1/3290 2103/1/2836 717/1/2838
f 717/1/2838 716/1/2836 2097/1/3290
f 726/1/2834 2094/1/2834 2097/1/2834
f 2097/1/2834 716/1/2834 726/1/2834
f 726/1/2833 725/1/2833 2098/1/2833
f 2098/1/2833 2094/1/2833 726/1/2833
f 725/1/2829 697/1/2829 2067/1/2829
f 2067/1/2829 2098/1/2829 725/1/2829
f 2098/1/2856 2067/1/2856 2069/1/2856
f 2069/1/2856 2099/1/3291 2098/1/2856
f 2068/1/2853 2102/1/2853 2099/1/2853
f 2099/1/2853 2069/1/2853 2068/1/2853
f 1335/1/2849 2102/1/2849 2068/1/2849
f 2068/1/2849 1312/1/2849 1335/1/2849
f 2102/1/2847 1335/1/2847 1334/1/2847
f 1334/1/2847 2100/1/2847 2102/1/2847
f 2100/1/3292 1334/1/3292 1333/1/3292
f 1333/1/3292 2101/1/2845 2100/1/3292
f 1333/1/3293 1332/1/2844 2104/1/2843
f 2104/1/2843 2101/1/2844 1333/1/3293
f 2096/1/3294 2101/1/2841 2104/1/3295
f 2104/1/3295 2105/1/2841 2096/1/3294
f 2097/1/2839 2096/1/2839 2105/1/2839
f 2105/1/2839 2103/1/2839 2097/1/2839
f 2106/1/3104 2107/1/3104 2108/1/3104
f 2108/1/3104 2109/1/3104 2106/1/3104
f 2110/1/3102 2111/1/3296 2107/1/3102
f 2107/1/3102 2106/1/3102 2110/1/3102
f 2107/1/3106 2112/1/3106 2113/1/3106
f 2113/1/3106 2108/1/3106 2107/1/3106
f 2107/1/3105 2111/1/3105 2114/1/3105
f 2114/1/3105 2112/1/3105 2107/1/3105
f 2109/1/3297 2115/1/3298 197/1/3297
f 197/1/3297 196/1/3297 2109/1/3297
f 2109/1/3110 196/1/3111 206/1/3110
f 206/1/3110 2106/1/3110 2109/1/3110
f 2110/1/3109 2106/1/3109 206/1/3109
f 206/1/3109 205/1/3109 2110/1/3109
f 205/1/3107 177/1/3107 2079/1/3107
f 2079/1/3107 2110/1/3107 205/1/3107
f 2081/1/3299 2111/1/3299 2110/1/3299
f 2110/1/3299 2079/1/3299 2081/1/3299
f 2080/1/3126 2114/1/3126 2111/1/3126
f 2111/1/3126 2081/1/3126 2080/1/3126
f 815/1/3122 2114/1/3122 2080/1/3122
f 2080/1/3122 792/1/3122 815/1/3122
f 2114/1/3120 815/1/3120 814/1/3120
f 814/1/3120 2112/1/3120 2114/1/3120
f 814/1/3117 813/1/3117 2113/1/3117
f 2113/1/3117 2112/1/3117 814/1/3117
f 813/1/3116 812/1/3116 2116/1/3116
f 2116/1/3116 2113/1/3116 813/1/3116
f 2108/1/3115 2113/1/3115 2116/1/3115
f 2116/1/3115 2117/1/3115 2108/1/3115
f 2108/1/3114 2117/1/3114 2115/1/3114
f 2115/1/3114 2109/1/3114 2108/1/3114
f 2118/1/3300 2119/1/2236 2120/1/2236
f 2120/1/2236 2121/1/2236 2118/1/3300
f 2122/1/2235 2123/1/2235 2119/1/3301
f 2119/1/3301 2118/1/2235 2122/1/2235
f 2119/1/2239 2124/1/2239 2125/1/2239
f 2125/1/2239 2120/1/2239 2119/1/2239
f 2126/1/3302 2124/1/2237 2119/1/3303
f 2119/1/3303 2123/1/3302 2126/1/3302
f 2091/1/2248 602/1/2248 624/1/2248
f 624/1/2248 2121/1/2248 2091/1/2248
f 2121/1/3304 624/1/3304 623/1/3304
f 623/1/3304 2118/1/2247 2121/1/3304
f 2122/1/2244 2118/1/2244 623/1/2244
f 623/1/2244 621/1/2244 2122/1/2244
f 621/1/2241 622/1/3305 1386/1/2241
f 1386/1/2241 2122/1/2241 621/1/2241
f 1391/1/2267 2123/1/2267 2122/1/3306
f 2122/1/3306 1386/1/2267 1391/1/2267
f 2126/1/2264 2123/1/2266 1391/1/2266
f 1391/1/2266 1390/1/2266 2126/1/2264
f 2126/1/3307 1390/1/2262 1239/1/2262
f 1239/1/2262 1238/1/3308 2126/1/3307
f 2126/1/3309 1238/1/3310 1237/1/3309
f 1237/1/3309 2124/1/3311 2126/1/3309
f 1237/1/2258 1236/1/2258 2125/1/2257
f 2125/1/2257 2124/1/2258 1237/1/2258
f 1236/1/2254 1219/1/2254 2093/1/2254
f 2093/1/2254 2125/1/2254 1236/1/2254
f 2120/1/2252 2125/1/3312 2093/1/3312
f 2093/1/3312 2092/1/3313 2120/1/2252
f 2121/1/2250 2120/1/2250 2092/1/2250
f 2092/1/2250 2091/1/3314 2121/1/2250
f 2127/1/2877 2128/1/2877 2129/1/3315
f 2129/1/3315 2130/1/2877 2127/1/2877
f 2131/1/2873 2132/1/2873 2128/1/2873
f 2128/1/2873 2127/1/2873 2131/1/2873
f 2128/1/3316 2133/1/2882 2134/1/2882
f 2134/1/2882 2129/1/3316 2128/1/3316
f 2132/1/3317 2135/1/3317 2133/1/3318
f 2133/1/3318 2128/1/3318 2132/1/3317
f 2130/1/3319 1402/1/3320 737/1/2889
f 737/1/2889 736/1/2890 2130/1/3319
f 746/1/2888 2127/1/2888 2130/1/2888
f 2130/1/2888 736/1/2888 746/1/2888
f 746/1/3321 745/1/2887 2131/1/2887
f 2131/1/2887 2127/1/2887 746/1/3321
f 745/1/2886 717/1/2886 2103/1/2886
f 2103/1/2886 2131/1/2886 745/1/2886
f 2131/1/2906 2103/1/2906 2105/1/2906
f 2105/1/2906 2132/1/3322 2131/1/2906
f 2104/1/3323 2135/1/3323 2132/1/3323
f 2132/1/3323 2105/1/3323 2104/1/3323
f 1355/1/2902 2135/1/2902 2104/1/2902
f 2104/1/2902 1332/1/2902 1355/1/2902
f 2135/1/2901 1355/1/2901 1354/1/2901
f 1354/1/2901 2133/1/2901 2135/1/2901
f 2133/1/3324 1354/1/3325 1353/1/3326
f 1353/1/3326 2134/1/3327 2133/1/3324
f 1353/1/2895 1352/1/3328 1404/1/3329
f 1404/1/3329 2134/1/2894 1353/1/2895
f 2134/1/3330 1404/1/2893 1403/1/2893
f 1403/1/2893 2129/1/3331 2134/1/3330
f 2130/1/2892 2129/1/2892 1403/1/3332
f 1403/1/3332 1402/1/3333 2130/1/2892
f 2136/1/3139 2137/1/3139 2138/1/3139
f 2138/1/3139 2139/1/3139 2136/1/3139
f 2140/1/3138 2141/1/3138 2137/1/3138
f 2137/1/3138 2136/1/3138 2140/1/3138
f 2137/1/3143 2142/1/3143 2143/1/3143
f 2143/1/3143 2138/1/3143 2137/1/3143
f 2137/1/3334 2141/1/3140 2144/1/3140
f 2144/1/3140 2142/1/3335 2137/1/3334
f 2139/1/3336 1417/1/3151 217/1/3337
f 217/1/3337 216/1/3153 2139/1/3336
f 2139/1/3150 216/1/3150 226/1/3150
f 226/1/3150 2136/1/3150 2139/1/3150
f 2140/1/3149 2136/1/3149 226/1/3149
f 226/1/3149 225/1/3149 2140/1/3149
f 225/1/3338 197/1/3145 2115/1/3339
f 2115/1/3339 2140/1/3145 225/1/3338
f 2117/1/3173 2141/1/3172 2140/1/3173
f 2140/1/3173 2115/1/3340 2117/1/3173
f 2116/1/3341 2144/1/3342 2141/1/3341
f 2141/1/3341 2117/1/3171 2116/1/3341
f 835/1/3169 2144/1/3169 2116/1/3169
f 2116/1/3169 812/1/3169 835/1/3169
f 2144/1/3343 835/1/3344 834/1/3345
f 834/1/3345 2142/1/3343 2144/1/3343
f 834/1/3163 833/1/3163 2143/1/3346
f 2143/1/3346 2142/1/3163 834/1/3163
f 833/1/3161 832/1/3161 1419/1/3161
f 1419/1/3161 2143/1/3161 833/1/3161
f 1419/1/3158 1418/1/3158 2138/1/3158
f 2138/1/3158 2143/1/3158 1419/1/3158
f 2139/1/3155 2138/1/3155 1418/1/3155
f 1418/1/3155 1417/1/3347 2139/1/3155
f 2145/1/3348 2146/1/3349 2147/1/3350
f 2147/1/3350 2148/1/3351 2149/1/3348
f 2145/1/3348 2147/1/3350 2149/1/3348
f 2149/1/3348 2150/1/3352 2151/1/3353
f 2151/1/3353 2152/1/3349 2153/1/3354
f 2149/1/3348 2151/1/3353 2153/1/3354
f 2145/1/3348 2149/1/3348 2153/1/3354
f 2153/1/3354 2154/1/3349 2155/1/3355
f 2155/1/3355 2156/1/3352 2157/1/3356
f 2153/1/3354 2155/1/3355 2157/1/3356
f 2157/1/3356 2158/1/3357 2159/1/3349
f 2159/1/3349 2160/1/3349 2161/1/3358
f 2157/1/3356 2159/1/3349 2161/1/3358
f 2153/1/3354 2157/1/3356 2161/1/3358
f 2161/1/3358 2162/1/3349 2163/1/3351
f 2163/1/3351 2164/1/3349 2165/1/3349
f 2161/1/3358 2163/1/3351 2165/1/3349
f 2165/1/3349 2166/1/3359 2167/1/3349
f 2167/1/3349 2168/1/3349 2169/1/3354
f 2165/1/3349 2167/1/3349 2169/1/3354
f 2161/1/3358 2165/1/3349 2169/1/3354
f 2153/1/3354 2161/1/3358 2169/1/3354
f 2145/1/3348 2153/1/3354 2169/1/3354
f 2170/1/3349 2171/1/3349 2172/1/3360
f 2169/1/3354 2170/1/3349 2172/1/3360
f 2169/1/3354 2172/1/3360 2173/1/3349
f 2145/1/3348 2169/1/3354 2173/1/3349
f 2174/1/3361 2145/1/3348 2173/1/3349
f 2174/1/3361 2173/1/3349 2175/1/3349
f 2174/1/3361 2175/1/3349 2176/1/3349
f 2177/1/3362 2178/1/3363 2179/1/3364
f 2179/1/3364 2180/1/3365 2177/1/3362
f 2163/1/3366 2181/1/3367 2182/1/3366
f 2182/1/3366 2164/1/3368 2163/1/3366
f 2183/1/3369 2145/1/3370 2174/1/3369
f 2174/1/3369 2184/1/3371 2183/1/3369
f 2149/1/3372 2185/1/3373 2186/1/3373
f 2186/1/3373 2150/1/3374 2149/1/3372
f 2162/1/3375 2187/1/3376 2181/1/3377
f 2181/1/3377 2163/1/3376 2162/1/3375
f 2184/1/3378 2174/1/3379 2176/1/3378
f 2176/1/3378 2188/1/3379 2184/1/3378
f 2148/1/3380 2189/1/3381 2185/1/3382
f 2185/1/3382 2149/1/3383 2148/1/3380
f 2161/1/3384 2190/1/3385 2187/1/3384
f 2187/1/3384 2162/1/3386 2161/1/3384
f 2188/1/3387 2176/1/3388 2175/1/3389
f 2175/1/3389 2191/1/3390 2188/1/3387
f 2147/1/3391 2192/1/3392 2189/1/3391
f 2189/1/3391 2148/1/3393 2147/1/3391
f 2160/1/3394 2193/1/3394 2190/1/3394
f 2190/1/3394 2161/1/3394 2160/1/3394
f 2175/1/3395 2173/1/3395 2194/1/3395
f 2194/1/3395 2191/1/3395 2175/1/3395
f 2146/1/3396 2195/1/3397 2192/1/3397
f 2192/1/3397 2147/1/3398 2146/1/3396
f 2159/1/3399 2196/1/3399 2193/1/3400
f 2193/1/3400 2160/1/3401 2159/1/3399
f 2172/1/3402 2197/1/3402 2194/1/3402
f 2194/1/3402 2173/1/3402 2172/1/3402
f 2146/1/3403 2145/1/3403 2183/1/3403
f 2183/1/3403 2195/1/3403 2146/1/3403
f 2158/1/3404 2198/1/3405 2196/1/3404
f 2196/1/3404 2159/1/3406 2158/1/3404
f 2199/1/3407 2197/1/3408 2172/1/3409
f 2172/1/3409 2171/1/3410 2199/1/3407
f 2157/1/3411 2200/1/3412 2198/1/3411
f 2198/1/3411 2158/1/3411 2157/1/3411
f 2170/1/3413 2201/1/3413 2199/1/3413
f 2199/1/3413 2171/1/3413 2170/1/3413
f 2156/1/3414 2202/1/3414 2200/1/3415
f 2200/1/3415 2157/1/3416 2156/1/3414
f 2180/1/3417 2201/1/3417 2170/1/3418
f 2170/1/3418 2169/1/3419 2180/1/3417
f 2155/1/3420 2203/1/3421 2202/1/3422
f 2202/1/3422 2156/1/3422 2155/1/3420
f 2180/1/3423 2169/1/3424 2168/1/3425
f 2168/1/3425 2177/1/3423 2180/1/3423
f 2154/1/3426 2204/1/3427 2203/1/3428
f 2203/1/3428 2155/1/3429 2154/1/3426
f 2168/1/3430 2167/1/3430 2205/1/3430
f 2205/1/3430 2177/1/3430 2168/1/3430
f 2153/1/3431 2206/1/3432 2204/1/3433
f 2204/1/3433 2154/1/3434 2153/1/3431
f 2166/1/3435 2207/1/3436 2205/1/3437
f 2205/1/3437 2167/1/3438 2166/1/3435
f 2152/1/3439 2208/1/3440 2206/1/3441
f 2206/1/3441 2153/1/3442 2152/1/3439
f 2165/1/3443 2209/1/3443 2207/1/3443
f 2207/1/3443 2166/1/3443 2165/1/3443
f 2151/1/3444 2210/1/3445 2208/1/3446
f 2208/1/3446 2152/1/3447 2151/1/3444
f 2164/1/3448 2182/1/3449 2209/1/3448
f 2209/1/3448 2165/1/3448 2164/1/3448
f 2150/1/3450 2186/1/3451 2210/1/3451
f 2210/1/3451 2151/1/3451 2150/1/3450
f 2211/1/3452 2212/1/3452 2213/1/3453
f 2213/1/3453 2214/1/3452 2211/1/3452
f 2204/1/3454 2215/1/3455 2216/1/3456
f 2216/1/3456 2203/1/3457 2204/1/3454
f 2205/1/3458 2217/1/3458 2178/1/3458
f 2178/1/3458 2177/1/3458 2205/1/3458
f 2206/1/3459 2218/1/3460 2215/1/3461
f 2215/1/3461 2204/1/3462 2206/1/3459
f 2207/1/3463 2214/1/3463 2217/1/3463
f 2217/1/3463 2205/1/3463 2207/1/3463
f 2208/1/3464 2219/1/3464 2218/1/3464
f 2218/1/3464 2206/1/3464 2208/1/3464
f 2209/1/3465 2211/1/3466 2214/1/3467
f 2214/1/3467 2207/1/3468 2209/1/3465
f 2210/1/3469 2220/1/3470 2219/1/3471
f 2219/1/3471 2208/1/3470 2210/1/3469
f 2182/1/3472 2221/1/3473 2211/1/3474
f 2211/1/3474 2209/1/3475 2182/1/3472
f 2186/1/3476 2222/1/3476 2220/1/3476
f 2220/1/3476 2210/1/3476 2186/1/3476
f 2181/1/3477 2223/1/3478 2221/1/3479
f 2221/1/3479 2182/1/3480 2181/1/3477
f 2184/1/3481 2224/1/3482 2225/1/3481
f 2225/1/3481 2183/1/3483 2184/1/3481
f 2185/1/3484 2226/1/3485 2222/1/3486
f 2222/1/3486 2186/1/3485 2185/1/3484
f 2187/1/3487 2227/1/3488 2223/1/3487
f 2223/1/3487 2181/1/3489 2187/1/3487
f 2188/1/3490 2228/1/3491 2224/1/3492
f 2224/1/3492 2184/1/3493 2188/1/3490
f 2189/1/3494 2229/1/3495 2226/1/3496
f 2226/1/3496 2185/1/3497 2189/1/3494
f 2190/1/3498 2230/1/3499 2227/1/3500
f 2227/1/3500 2187/1/3501 2190/1/3498
f 2191/1/3502 2231/1/3503 2228/1/3504
f 2228/1/3504 2188/1/3505 2191/1/3502
f 2192/1/3506 2232/1/3507 2229/1/3507
f 2229/1/3507 2189/1/3506 2192/1/3506
f 2193/1/3508 2233/1/3509 2230/1/3509
f 2230/1/3509 2190/1/3508 2193/1/3508
f 2194/1/3510 2234/1/3511 2231/1/3512
f 2231/1/3512 2191/1/3513 2194/1/3510
f 2195/1/3514 2235/1/3515 2232/1/3516
f 2232/1/3516 2192/1/3517 2195/1/3514
f 2196/1/3518 2236/1/3519 2233/1/3520
f 2233/1/3520 2193/1/3521 2196/1/3518
f 2197/1/3522 2237/1/3522 2234/1/3523
f 2234/1/3523 2194/1/3524 2197/1/3522
f 2195/1/3525 2183/1/3526 2225/1/3526
f 2225/1/3526 2235/1/3526 2195/1/3525
f 2198/1/3527 2238/1/3528 2236/1/3527
f 2236/1/3527 2196/1/3529 2198/1/3527
f 2199/1/3530 2239/1/3531 2237/1/3532
f 2237/1/3532 2197/1/3533 2199/1/3530
f 2200/1/3534 2240/1/3534 2238/1/3535
f 2238/1/3535 2198/1/3536 2200/1/3534
f 2201/1/3537 2241/1/3538 2239/1/3539
f 2239/1/3539 2199/1/3539 2201/1/3537
f 2202/1/3540 2242/1/3541 2240/1/3542
f 2240/1/3542 2200/1/3543 2202/1/3540
f 2180/1/3544 2179/1/3544 2241/1/3545
f 2241/1/3545 2201/1/3546 2180/1/3544
f 2203/1/3547 2216/1/3548 2242/1/3547
f 2242/1/3547 2202/1/3547 2203/1/3547
f 2243/1/3377 2244/1/3376 2245/1/3376
f 2245/1/3376 2246/1/3377 2243/1/3377
f 2220/1/3549 2247/1/3550 2248/1/3551
f 2248/1/3551 2219/1/3550 2220/1/3549
f 2221/1/3552 2249/1/3553 2212/1/3554
f 2212/1/3554 2211/1/3555 2221/1/3552
f 2222/1/3556 2250/1/3557 2247/1/3558
f 2247/1/3558 2220/1/3559 2222/1/3556
f 2223/1/3560 2243/1/3561 2249/1/3560
f 2249/1/3560 2221/1/3562 2223/1/3560
f 2224/1/3563 2251/1/3564 2252/1/3565
f 2252/1/3565 2225/1/3566 2224/1/3563
f 2226/1/3567 2253/1/3568 2250/1/3569
f 2250/1/3569 2222/1/3570 2226/1/3567
f 2227/1/3571 2244/1/3572 2243/1/3573
f 2243/1/3573 2223/1/3573 2227/1/3571
f 2228/1/3574 2254/1/3575 2251/1/3576
f 2251/1/3576 2224/1/3577 2228/1/3574
f 2229/1/3578 2255/1/3579 2253/1/3580
f 2253/1/3580 2226/1/3581 2229/1/3578
f 2230/1/3582 2256/1/3583 2244/1/3584
f 2244/1/3584 2227/1/3584 2230/1/3582
f 2231/1/3585 2257/1/3586 2254/1/3587
f 2254/1/3587 2228/1/3586 2231/1/3585
f 2232/1/3588 2258/1/3589 2255/1/3588
f 2255/1/3588 2229/1/3590 2232/1/3588
f 2233/1/3591 2259/1/3592 2256/1/3593
f 2256/1/3593 2230/1/3594 2233/1/3591
f 2234/1/3595 2260/1/3596 2257/1/3597
f 2257/1/3597 2231/1/3598 2234/1/3595
f 2235/1/3599 2261/1/3599 2258/1/3600
f 2258/1/3600 2232/1/3599 2235/1/3599
f 2236/1/3601 2262/1/3602 2259/1/3603
f 2259/1/3603 2233/1/3604 2236/1/3601
f 2237/1/3605 2263/1/3606 2260/1/3605
f 2260/1/3605 2234/1/3607 2237/1/3605
f 2235/1/3608 2225/1/3609 2252/1/3610
f 2252/1/3610 2261/1/3608 2235/1/3608
f 2238/1/3611 2264/1/3611 2262/1/3611
f 2262/1/3611 2236/1/3612 2238/1/3611
f 2239/1/3613 2265/1/3613 2263/1/3613
f 2263/1/3613 2237/1/3613 2239/1/3613
f 2240/1/3614 2266/1/3615 2264/1/3616
f 2264/1/3616 2238/1/3615 2240/1/3614
f 2241/1/3617 2267/1/3618 2265/1/3619
f 2265/1/3619 2239/1/3619 2241/1/3617
f 2242/1/3620 2268/1/3621 2266/1/3622
f 2266/1/3622 2240/1/3623 2242/1/3620
f 2179/1/3624 2269/1/3625 2267/1/3625
f 2267/1/3625 2241/1/3626 2179/1/3624
f 2216/1/3627 2270/1/3628 2268/1/3629
f 2268/1/3629 2242/1/3630 2216/1/3627
f 2178/1/3631 2271/1/3631 2269/1/3632
f 2269/1/3632 2179/1/3632 2178/1/3631
f 2215/1/3633 2272/1/3634 2270/1/3635
f 2270/1/3635 2216/1/3633 2215/1/3633
f 2217/1/3636 2273/1/3637 2271/1/3638
f 2271/1/3638 2178/1/3639 2217/1/3636
f 2218/1/3640 2274/1/3641 2272/1/3640
f 2272/1/3640 2215/1/3640 2218/1/3640
f 2214/1/3642 2213/1/3642 2273/1/3642
f 2273/1/3642 2217/1/3642 2214/1/3642
f 2219/1/3643 2248/1/3643 2274/1/3644
f 2274/1/3644 2218/1/3643 2219/1/3643
f 2275/1/3645 2276/1/3646 2277/1/3647
f 2277/1/3647 2278/1/3648 2275/1/3645
f 2254/1/3379 2279/1/3378 2280/1/3379
f 2280/1/3379 2251/1/3379 2254/1/3379
f 2281/1/3649 2282/1/3650 2253/1/3649
f 2253/1/3649 2255/1/3651 2281/1/3649
f 2244/1/3384 2256/1/3652 2283/1/3384
f 2283/1/3384 2245/1/3653 2244/1/3384
f 2257/1/3654 2284/1/3655 2279/1/3656
f 2279/1/3656 2254/1/3657 2257/1/3654
f 2255/1/3658 2258/1/3659 2285/1/3658
f 2285/1/3658 2281/1/3660 2255/1/3658
f 2256/1/3661 2259/1/3662 2278/1/3663
f 2278/1/3663 2283/1/3664 2256/1/3661
f 2260/1/3665 2286/1/3666 2284/1/3666
f 2284/1/3666 2257/1/3665 2260/1/3665
f 2258/1/3397 2261/1/3398 2287/1/3667
f 2287/1/3667 2285/1/3668 2258/1/3397
f 2259/1/3669 2262/1/3399 2275/1/3399
f 2275/1/3399 2278/1/3670 2259/1/3669
f 2263/1/3671 2288/1/3672 2286/1/3673
f 2286/1/3673 2260/1/3674 2263/1/3671
f 2287/1/3675 2261/1/3676 2252/1/3675
f 2252/1/3675 2289/1/3677 2287/1/3675
f 2262/1/3678 2264/1/3679 2290/1/3680
f 2290/1/3680 2275/1/3680 2262/1/3678
f 2265/1/3681 2291/1/3682 2288/1/3681
f 2288/1/3681 2263/1/3683 2265/1/3681
f 2292/1/3411 2290/1/3684 2264/1/3684
f 2264/1/3684 2266/1/3411 2292/1/3411
f 2267/1/3685 2293/1/3686 2291/1/3687
f 2291/1/3687 2265/1/3688 2267/1/3685
f 2266/1/3689 2268/1/3690 2294/1/3691
f 2294/1/3691 2292/1/3692 2266/1/3689
f 2267/1/3693 2269/1/3693 2295/1/3693
f 2295/1/3693 2293/1/3693 2267/1/3693
f 2268/1/3694 2270/1/3695 2296/1/3694
f 2296/1/3694 2294/1/3696 2268/1/3694
f 2269/1/3425 2271/1/3425 2297/1/3425
f 2297/1/3425 2295/1/3425 2269/1/3425
f 2298/1/3697 2296/1/3426 2270/1/3698
f 2270/1/3698 2272/1/3699 2298/1/3697
f 2297/1/3700 2271/1/3701 2273/1/3702
f 2273/1/3702 2299/1/3703 2297/1/3700
f 2272/1/3432 2274/1/3432 2300/1/3432
f 2300/1/3432 2298/1/3432 2272/1/3432
f 2273/1/3704 2213/1/3705 2301/1/3704
f 2301/1/3704 2299/1/3706 2273/1/3704
f 2274/1/3442 2248/1/3442 2302/1/3442
f 2302/1/3442 2300/1/3442 2274/1/3442
f 2301/1/3707 2213/1/3708 2212/1/3709
f 2212/1/3709 2303/1/3710 2301/1/3707
f 2304/1/3711 2302/1/3712 2248/1/3713
f 2248/1/3713 2247/1/3447 2304/1/3711
f 2303/1/3714 2212/1/3715 2249/1/3716
f 2249/1/3716 2305/1/3716 2303/1/3714
f 2247/1/3717 2250/1/3718 2306/1/3719
f 2306/1/3719 2304/1/3717 2247/1/3717
f 2246/1/3720 2305/1/3721 2249/1/3722
f 2249/1/3722 2243/1/3723 2246/1/3720
f 2251/1/3724 2280/1/3725 2289/1/3724
f 2289/1/3724 2252/1/3369 2251/1/3724
f 2250/1/3726 2253/1/3727 2282/1/3728
f 2282/1/3728 2306/1/3373 2250/1/3726
f 2307/1/3729 2308/1/3730 2309/1/3731
f 2309/1/3731 2310/1/3731 2307/1/3729
f 2288/1/3732 2311/1/3733 2312/1/3734
f 2312/1/3734 2286/1/3735 2288/1/3732
f 2313/1/3736 2287/1/3736 2289/1/3736
f 2289/1/3736 2314/1/3737 2313/1/3736
f 2276/1/3738 2275/1/3739 2290/1/3740
f 2290/1/3740 2315/1/3741 2276/1/3738
f 2316/1/3742 2311/1/3743 2288/1/3744
f 2288/1/3744 2291/1/3745 2316/1/3742
f 2292/1/3746 2310/1/3747 2315/1/3748
f 2315/1/3748 2290/1/3749 2292/1/3746
f 2293/1/3750 2317/1/3751 2316/1/3752
f 2316/1/3752 2291/1/3753 2293/1/3750
f 2294/1/3754 2307/1/3755 2310/1/3756
f 2310/1/3756 2292/1/3756 2294/1/3754
f 2295/1/3757 2318/1/3757 2317/1/3757
f 2317/1/3757 2293/1/3758 2295/1/3757
f 2319/1/3759 2307/1/3760 2294/1/3761
f 2294/1/3761 2296/1/3762 2319/1/3759
f 2297/1/3763 2320/1/3764 2318/1/3765
f 2318/1/3765 2295/1/3763 2297/1/3763
f 2298/1/3766 2321/1/3767 2319/1/3768
f 2319/1/3768 2296/1/3769 2298/1/3766
f 2322/1/3770 2320/1/3771 2297/1/3772
f 2297/1/3772 2299/1/3773 2322/1/3770
f 2300/1/3774 2323/1/3775 2321/1/3776
f 2321/1/3776 2298/1/3775 2300/1/3774
f 2301/1/3777 2324/1/3778 2322/1/3779
f 2322/1/3779 2299/1/3779 2301/1/3777
f 2325/1/3780 2323/1/3781 2300/1/3782
f 2300/1/3782 2302/1/3781 2325/1/3780
f 2303/1/3783 2326/1/3784 2324/1/3785
f 2324/1/3785 2301/1/3786 2303/1/3783
f 2304/1/3787 2327/1/3788 2325/1/3789
f 2325/1/3789 2302/1/3790 2304/1/3787
f 2328/1/3791 2326/1/3792 2303/1/3793
f 2303/1/3793 2305/1/3793 2328/1/3791
f 2306/1/3794 2329/1/3795 2327/1/3794
f 2327/1/3794 2304/1/3796 2306/1/3794
f 2246/1/3797 2330/1/3798 2328/1/3798
f 2328/1/3798 2305/1/3798 2246/1/3797
f 2280/1/3799 2331/1/3800 2314/1/3801
f 2314/1/3801 2289/1/3802 2280/1/3799
f 2329/1/3803 2306/1/3804 2282/1/3805
f 2282/1/3805 2332/1/3806 2329/1/3803
f 2245/1/3807 2333/1/3808 2330/1/3809
f 2330/1/3809 2246/1/3810 2245/1/3807
f 2279/1/3811 2334/1/3812 2331/1/3813
f 2331/1/3813 2280/1/3812 2279/1/3811
f 2281/1/3814 2335/1/3815 2332/1/3816
f 2332/1/3816 2282/1/3817 2281/1/3814
f 2336/1/3818 2333/1/3818 2245/1/3818
f 2245/1/3818 2283/1/3818 2336/1/3818
f 2337/1/3819 2334/1/3820 2279/1/3820
f 2279/1/3820 2284/1/3821 2337/1/3819
f 2285/1/3822 2338/1/3823 2335/1/3822
f 2335/1/3822 2281/1/3824 2285/1/3822
f 2278/1/3825 2277/1/3826 2336/1/3825
f 2336/1/3825 2283/1/3827 2278/1/3825
f 2286/1/3828 2312/1/3829 2337/1/3828
f 2337/1/3828 2284/1/3828 2286/1/3828
f 2313/1/3830 2338/1/3830 2285/1/3831
f 2285/1/3831 2287/1/3832 2313/1/3830
f 2339/1/3833 2340/1/3833 2341/1/3834
f 2341/1/3834 2342/1/3835 2339/1/3833
f 2343/1/3836 2317/1/3837 2318/1/3838
f 2318/1/3838 2344/1/3839 2343/1/3836
f 2319/1/3840 2345/1/3840 2308/1/3841
f 2308/1/3841 2307/1/3842 2319/1/3840
f 2320/1/3843 2346/1/3844 2344/1/3843
f 2344/1/3843 2318/1/3845 2320/1/3843
f 2345/1/3846 2319/1/3847 2321/1/3848
f 2321/1/3848 2341/1/3849 2345/1/3846
f 2322/1/3850 2347/1/3851 2346/1/3850
f 2346/1/3850 2320/1/3850 2322/1/3850
f 2323/1/3852 2342/1/3853 2341/1/3854
f 2341/1/3854 2321/1/3854 2323/1/3852
f 2348/1/3855 2347/1/3856 2322/1/3857
f 2322/1/3857 2324/1/3858 2348/1/3855
f 2325/1/3859 2349/1/3860 2342/1/3861
f 2342/1/3861 2323/1/3862 2325/1/3859
f 2326/1/3863 2350/1/3864 2348/1/3863
f 2348/1/3863 2324/1/3865 2326/1/3863
f 2349/1/3866 2325/1/3867 2327/1/3868
f 2327/1/3868 2351/1/3869 2349/1/3866
f 2328/1/3870 2352/1/3870 2350/1/3871
f 2350/1/3871 2326/1/3872 2328/1/3870
f 2329/1/3873 2353/1/3874 2351/1/3875
f 2351/1/3875 2327/1/3876 2329/1/3873
f 2354/1/3877 2352/1/3878 2328/1/3879
f 2328/1/3879 2330/1/3880 2354/1/3877
f 2314/1/3881 2331/1/3881 2355/1/3881
f 2355/1/3881 2356/1/3882 2314/1/3881
f 2332/1/3883 2357/1/3884 2353/1/3885
f 2353/1/3885 2329/1/3886 2332/1/3883
f 2333/1/3887 2358/1/3888 2354/1/3889
f 2354/1/3889 2330/1/3890 2333/1/3887
f 2334/1/3891 2359/1/3892 2355/1/3893
f 2355/1/3893 2331/1/3894 2334/1/3891
f 2360/1/3895 2357/1/3896 2332/1/3897
f 2332/1/3897 2335/1/3898 2360/1/3895
f 2336/1/3899 2361/1/3900 2358/1/3901
f 2358/1/3901 2333/1/3899 2336/1/3899
f 2337/1/3902 2362/1/3903 2359/1/3903
f 2359/1/3903 2334/1/3903 2337/1/3902
f 2338/1/3904 2363/1/3905 2360/1/3904
f 2360/1/3904 2335/1/3904 2338/1/3904
f 2361/1/3906 2336/1/3907 2277/1/3908
f 2277/1/3908 2364/1/3907 2361/1/3906
f 2312/1/3909 2365/1/3910 2362/1/3911
f 2362/1/3911 2337/1/3912 2312/1/3909
f 2313/1/3913 2366/1/3913 2363/1/3913
f 2363/1/3913 2338/1/3913 2313/1/3913
f 2276/1/3914 2367/1/3914 2364/1/3915
f 2364/1/3915 2277/1/3916 2276/1/3914
f 2365/1/3917 2312/1/3918 2311/1/3917
f 2311/1/3917 2368/1/3919 2365/1/3917
f 2356/1/3920 2366/1/3921 2313/1/3922
f 2313/1/3922 2314/1/3923 2356/1/3920
f 2315/1/3924 2369/1/3925 2367/1/3926
f 2367/1/3926 2276/1/3926 2315/1/3924
f 2316/1/3927 2370/1/3928 2368/1/3929
f 2368/1/3929 2311/1/3930 2316/1/3927
f 2369/1/3931 2315/1/3932 2310/1/3933
f 2310/1/3933 2309/1/3934 2369/1/3931
f 2317/1/3935 2343/1/3935 2370/1/3935
f 2370/1/3935 2316/1/3935 2317/1/3935
f 2371/1/3936 2372/1/3936 2373/1/3937
f 2373/1/3937 2374/1/3936 2371/1/3936
f 2348/1/3938 2375/1/3939 2376/1/3940
f 2376/1/3940 2347/1/3941 2348/1/3938
f 2349/1/3942 2377/1/3943 2339/1/3944
f 2339/1/3944 2342/1/3945 2349/1/3942
f 2378/1/3946 2375/1/3947 2348/1/3948
f 2348/1/3948 2350/1/3949 2378/1/3946
f 2351/1/3950 2374/1/3950 2377/1/3950
f 2377/1/3950 2349/1/3951 2351/1/3950
f 2352/1/3715 2379/1/3715 2378/1/3715
f 2378/1/3715 2350/1/3715 2352/1/3715
f 2371/1/3952 2374/1/3953 2351/1/3953
f 2351/1/3953 2353/1/3954 2371/1/3952
f 2354/1/3955 2380/1/3956 2379/1/3957
f 2379/1/3957 2352/1/3958 2354/1/3955
f 2356/1/3369 2355/1/3369 2381/1/3369
f 2381/1/3369 2382/1/3369 2356/1/3369
f 2357/1/3372 2383/1/3959 2371/1/3372
f 2371/1/3372 2353/1/3960 2357/1/3372
f 2384/1/3961 2380/1/3376 2354/1/3961
f 2354/1/3961 2358/1/3961 2384/1/3961
f 2381/1/3962 2355/1/3379 2359/1/3962
f 2359/1/3962 2385/1/3962 2381/1/3962
f 2360/1/3963 2386/1/3964 2383/1/3965
f 2383/1/3965 2357/1/3966 2360/1/3963
f 2361/1/3384 2387/1/3967 2384/1/3384
f 2384/1/3384 2358/1/3384 2361/1/3384
f 2385/1/3968 2359/1/3969 2362/1/3970
f 2362/1/3970 2388/1/3388 2385/1/3968
f 2389/1/3392 2386/1/3971 2360/1/3972
f 2360/1/3972 2363/1/3392 2389/1/3392
f 2364/1/3973 2390/1/3974 2387/1/3975
f 2387/1/3975 2361/1/3663 2364/1/3973
f 2365/1/3666 2391/1/3666 2388/1/3666
f 2388/1/3666 2362/1/3666 2365/1/3666
f 2366/1/3976 2392/1/3976 2389/1/3977
f 2389/1/3977 2363/1/3976 2366/1/3976
f 2393/1/3978 2390/1/3978 2364/1/3978
f 2364/1/3978 2367/1/3978 2393/1/3978
f 2368/1/3979 2394/1/3980 2391/1/3981
f 2391/1/3981 2365/1/3671 2368/1/3979
f 2382/1/3982 2392/1/3983 2366/1/3982
f 2366/1/3982 2356/1/3982 2382/1/3982
f 2369/1/3984 2395/1/3985 2393/1/3986
f 2393/1/3986 2367/1/3987 2369/1/3984
f 2394/1/3682 2368/1/3988 2370/1/3989
f 2370/1/3989 2396/1/3990 2394/1/3682
f 2309/1/3991 2397/1/3992 2395/1/3993
f 2395/1/3993 2369/1/3994 2309/1/3991
f 2343/1/3995 2398/1/3995 2396/1/3995
f 2396/1/3995 2370/1/3995 2343/1/3995
f 2399/1/3996 2397/1/3691 2309/1/3996
f 2309/1/3996 2308/1/3414 2399/1/3996
f 2344/1/3997 2400/1/3998 2398/1/3693
f 2398/1/3693 2343/1/3999 2344/1/3997
f 2345/1/4000 2401/1/4001 2399/1/4002
f 2399/1/4002 2308/1/4003 2345/1/4000
f 2402/1/3425 2400/1/4004 2344/1/3425
f 2344/1/3425 2346/1/3425 2402/1/3425
f 2341/1/4005 2340/1/3427 2401/1/3427
f 2401/1/3427 2345/1/4006 2341/1/4005
f 2347/1/4007 2376/1/4007 2402/1/4008
f 2402/1/4008 2346/1/3430 2347/1/4007
f 2403/1/4009 2404/1/4010 2405/1/4011
f 2405/1/4011 2406/1/4012 2403/1/4009
f 2380/1/4013 2407/1/4013 2408/1/4014
f 2408/1/4014 2379/1/4013 2380/1/4013
f 2409/1/4015 2410/1/4016 2382/1/4017
f 2382/1/4017 2381/1/4016 2409/1/4015
f 2411/1/4018 2372/1/4019 2371/1/4020
f 2371/1/4020 2383/1/4019 2411/1/4018
f 2384/1/4021 2412/1/4021 2407/1/4022
f 2407/1/4022 2380/1/4021 2384/1/4021
f 2385/1/4023 2413/1/4024 2409/1/4023
f 2409/1/4023 2381/1/4024 2385/1/4023
f 2386/1/4025 2414/1/4026 2411/1/4026
f 2411/1/4026 2383/1/4026 2386/1/4025
f 2415/1/4027 2412/1/4028 2384/1/4028
f 2384/1/4028 2387/1/4028 2415/1/4027
f 2388/1/4029 2416/1/4029 2413/1/4029
f 2413/1/4029 2385/1/4029 2388/1/4029
f 2389/1/4030 2417/1/4030 2414/1/4031
f 2414/1/4031 2386/1/4030 2389/1/4030
f 2390/1/4032 2418/1/4032 2415/1/4032
f 2415/1/4032 2387/1/4032 2390/1/4032
f 2419/1/4033 2416/1/4033 2388/1/4033
f 2388/1/4033 2391/1/4033 2419/1/4033
f 2417/1/4034 2389/1/4035 2392/1/4036
f 2392/1/4036 2420/1/4035 2417/1/4034
f 2393/1/4037 2421/1/4038 2418/1/4038
f 2418/1/4038 2390/1/4038 2393/1/4037
f 2394/1/4039 2422/1/4040 2419/1/4041
f 2419/1/4041 2391/1/4040 2394/1/4039
f 2410/1/4042 2420/1/4043 2392/1/4043
f 2392/1/4043 2382/1/4043 2410/1/4042
f 2421/1/4044 2393/1/4044 2395/1/4045
f 2395/1/4045 2423/1/4044 2421/1/4044
f 2396/1/4046 2424/1/4047 2422/1/4047
f 2422/1/4047 2394/1/4047 2396/1/4046
f 2397/1/4048 2425/1/4049 2423/1/4049
f 2423/1/4049 2395/1/4049 2397/1/4048
f 2426/1/4050 2424/1/4050 2396/1/4050
f 2396/1/4050 2398/1/4050 2426/1/4050
f 2399/1/4051 2427/1/4051 2425/1/4052
f 2425/1/4052 2397/1/4051 2399/1/4051
f 2400/1/4053 2428/1/4054 2426/1/4054
f 2426/1/4054 2398/1/4054 2400/1/4053
f 2405/1/4055 2427/1/4056 2399/1/4057
f 2399/1/4057 2401/1/4056 2405/1/4055
f 2402/1/4058 2429/1/4058 2428/1/4059
f 2428/1/4059 2400/1/4058 2402/1/4058
f 2340/1/4060 2406/1/4060 2405/1/4060
f 2405/1/4060 2401/1/4060 2340/1/4060
f 2429/1/4061 2402/1/4061 2376/1/4062
f 2376/1/4062 2430/1/4061 2429/1/4061
f 2339/1/4063 2431/1/4064 2406/1/4065
f 2406/1/4065 2340/1/4066 2339/1/4063
f 2375/1/4067 2432/1/4068 2430/1/4067
f 2430/1/4067 2376/1/4068 2375/1/4067
f 2431/1/4069 2339/1/4070 2377/1/4071
f 2377/1/4071 2433/1/4072 2431/1/4069
f 2378/1/4073 2434/1/4074 2432/1/4074
f 2432/1/4074 2375/1/4074 2378/1/4073
f 2374/1/4075 2373/1/4076 2433/1/4077
f 2433/1/4077 2377/1/4076 2374/1/4075
f 2408/1/4078 2434/1/4079 2378/1/4079
f 2378/1/4079 2379/1/4079 2408/1/4078
f 2435/1/4080 2436/1/4081 2437/1/4082
f 2437/1/4082 2438/1/4083 2435/1/4080
f 2430/1/4084 2439/1/4085 2440/1/4086
f 2440/1/4086 2429/1/4086 2430/1/4084
f 2431/1/4087 2441/1/4088 2403/1/4089
f 2403/1/4089 2406/1/4090 2431/1/4087
f 2442/1/4091 2439/1/4092 2430/1/4093
f 2430/1/4093 2432/1/4094 2442/1/4091
f 2433/1/4095 2438/1/4096 2441/1/4096
f 2441/1/4096 2431/1/4096 2433/1/4095
f 2434/1/4097 2443/1/4098 2442/1/4099
f 2442/1/4099 2432/1/4099 2434/1/4097
f 2438/1/4100 2433/1/4101 2373/1/4102
f 2373/1/4102 2435/1/4101 2438/1/4100
f 2408/1/4103 2444/1/4104 2443/1/4103
f 2443/1/4103 2434/1/4105 2408/1/4103
f 2372/1/4106 2445/1/4107 2435/1/4107
f 2435/1/4107 2373/1/4107 2372/1/4106
f 2444/1/4108 2408/1/4109 2407/1/4110
f 2407/1/4110 2446/1/4111 2444/1/4108
f 2410/1/4112 2409/1/4113 2447/1/4114
f 2447/1/4114 2448/1/4115 2410/1/4112
f 2411/1/4116 2449/1/4117 2445/1/4116
f 2445/1/4116 2372/1/4118 2411/1/4116
f 2412/1/4119 2450/1/4120 2446/1/4121
f 2446/1/4121 2407/1/4122 2412/1/4119
f 2413/1/4123 2451/1/4124 2447/1/4125
f 2447/1/4125 2409/1/4126 2413/1/4123
f 2452/1/4127 2449/1/4128 2411/1/4129
f 2411/1/4129 2414/1/4130 2452/1/4127
f 2415/1/4131 2453/1/4132 2450/1/4133
f 2450/1/4133 2412/1/4134 2415/1/4131
f 2416/1/4135 2454/1/4136 2451/1/4137
f 2451/1/4137 2413/1/4138 2416/1/4135
f 2417/1/4139 2455/1/4140 2452/1/4140
f 2452/1/4140 2414/1/4141 2417/1/4139
f 2456/1/4142 2453/1/4143 2415/1/4144
f 2415/1/4144 2418/1/4145 2456/1/4142
f 2419/1/4146 2457/1/4147 2454/1/4148
f 2454/1/4148 2416/1/4149 2419/1/4146
f 2420/1/4150 2458/1/4150 2455/1/4151
f 2455/1/4151 2417/1/4152 2420/1/4150
f 2421/1/4153 2459/1/4153 2456/1/4153
f 2456/1/4153 2418/1/4154 2421/1/4153
f 2457/1/4155 2419/1/4156 2422/1/4157
f 2422/1/4157 2460/1/4156 2457/1/4155
f 2448/1/4158 2458/1/4159 2420/1/4160
f 2420/1/4160 2410/1/4159 2448/1/4158
f 2423/1/4161 2461/1/4162 2459/1/4163
f 2459/1/4163 2421/1/4164 2423/1/4161
f 2424/1/4165 2462/1/4166 2460/1/4167
f 2460/1/4167 2422/1/4166 2424/1/4165
f 2461/1/4168 2423/1/4169 2425/1/4170
f 2425/1/4170 2463/1/4171 2461/1/4168
f 2426/1/4172 2464/1/4173 2462/1/4174
f 2462/1/4174 2424/1/4175 2426/1/4172
f 2427/1/4176 2465/1/4177 2463/1/4178
f 2463/1/4178 2425/1/4179 2427/1/4176
f 2466/1/4180 2464/1/4181 2426/1/4181
f 2426/1/4181 2428/1/4182 2466/1/4180
f 2405/1/4183 2404/1/4183 2465/1/4183
f 2465/1/4183 2427/1/4183 2405/1/4183
f 2429/1/4184 2440/1/4185 2466/1/4184
f 2466/1/4184 2428/1/4185 2429/1/4184
f 2467/1/4186 2468/1/4187 2469/1/4188
f 2469/1/4188 2470/1/4187 2467/1/4186
f 2444/1/4189 2471/1/4190 2472/1/4189
f 2472/1/4189 2443/1/4191 2444/1/4189
f 2435/1/4192 2445/1/4193 2473/1/4192
f 2473/1/4192 2436/1/4194 2435/1/4192
f 2446/1/4195 2474/1/4196 2471/1/4195
f 2471/1/4195 2444/1/4197 2446/1/4195
f 2448/1/4198 2447/1/4199 2475/1/4198
f 2475/1/4198 2476/1/4200 2448/1/4198
f 2473/1/4201 2445/1/4202 2449/1/4203
f 2449/1/4203 2468/1/4204 2473/1/4201
f 2446/1/4205 2450/1/4206 2477/1/4205
f 2477/1/4205 2474/1/4206 2446/1/4205
f 2475/1/4207 2447/1/4208 2451/1/4207
f 2451/1/4207 2478/1/4209 2475/1/4207
f 2452/1/4210 2469/1/4210 2468/1/4211
f 2468/1/4211 2449/1/4212 2452/1/4210
f 2477/1/4213 2450/1/4214 2453/1/4213
f 2453/1/4213 2479/1/4215 2477/1/4213
f 2478/1/4216 2451/1/4217 2454/1/4216
f 2454/1/4216 2480/1/4218 2478/1/4216
f 2452/1/4219 2455/1/4220 2481/1/4219
f 2481/1/4219 2469/1/4221 2452/1/4219
f 2456/1/4222 2482/1/4223 2479/1/4222
f 2479/1/4222 2453/1/4224 2456/1/4222
f 2457/1/4225 2483/1/4226 2480/1/4226
f 2480/1/4226 2454/1/4227 2457/1/4225
f 2481/1/4228 2455/1/4229 2458/1/4230
f 2458/1/4230 2484/1/4231 2481/1/4228
f 2456/1/4232 2459/1/4233 2485/1/4234
f 2485/1/4234 2482/1/4235 2456/1/4232
f 2460/1/4236 2486/1/4237 2483/1/4236
f 2483/1/4236 2457/1/4238 2460/1/4236
f 2458/1/4239 2448/1/4240 2476/1/4239
f 2476/1/4239 2484/1/4241 2458/1/4239
f 2485/1/4242 2459/1/4243 2461/1/4244
f 2461/1/4244 2487/1/4245 2485/1/4242
f 2486/1/4246 2460/1/4247 2462/1/4248
f 2462/1/4248 2488/1/4249 2486/1/4246
f 2463/1/4250 2489/1/4251 2487/1/4252
f 2487/1/4252 2461/1/4253 2463/1/4250
f 2464/1/4254 2490/1/4255 2488/1/4256
f 2488/1/4256 2462/1/4257 2464/1/4254
f 2463/1/4258 2465/1/4259 2491/1/4260
f 2491/1/4260 2489/1/4261 2463/1/4258
f 2466/1/4262 2492/1/4263 2490/1/4264
f 2490/1/4264 2464/1/4265 2466/1/4262
f 2491/1/4266 2465/1/4267 2404/1/4266
f 2404/1/4266 2493/1/4268 2491/1/4266
f 2466/1/4269 2440/1/4270 2494/1/4269
f 2494/1/4269 2492/1/4271 2466/1/4269
f 2403/1/4272 2495/1/4273 2493/1/4274
f 2493/1/4274 2404/1/4275 2403/1/4272
f 2494/1/4276 2440/1/4277 2439/1/4276
f 2439/1/4276 2496/1/4278 2494/1/4276
f 2403/1/4279 2441/1/4280 2497/1/4279
f 2497/1/4279 2495/1/4279 2403/1/4279
f 2498/1/4281 2496/1/4282 2439/1/4283
f 2439/1/4283 2442/1/4284 2498/1/4281
f 2497/1/4285 2441/1/4286 2438/1/4285
f 2438/1/4285 2437/1/4287 2497/1/4285
f 2498/1/4288 2442/1/4289 2443/1/4290
f 2443/1/4290 2472/1/4291 2498/1/4288
f 2499/1/4292 2500/1/4293 2501/1/4292
f 2501/1/4292 2502/1/4294 2499/1/4292
f 2479/1/4295 2503/1/4296 2504/1/4297
f 2504/1/4297 2477/1/4296 2479/1/4295
f 2480/1/4298 2505/1/4298 2506/1/4298
f 2506/1/4298 2478/1/4298 2480/1/4298
f 2481/1/4299 2507/1/4300 2470/1/4301
f 2470/1/4301 2469/1/4300 2481/1/4299
f 2503/1/4302 2479/1/4302 2482/1/4302
f 2482/1/4302 2508/1/4302 2503/1/4302
f 2480/1/4303 2483/1/4303 2509/1/4303
f 2509/1/4303 2505/1/4303 2480/1/4303
f 2484/1/4304 2501/1/4305 2507/1/4306
f 2507/1/4306 2481/1/4305 2484/1/4304
f 2485/1/4307 2510/1/4307 2508/1/4308
f 2508/1/4308 2482/1/4307 2485/1/4307
f 2509/1/4309 2483/1/4310 2486/1/4311
f 2486/1/4311 2511/1/4310 2509/1/4309
f 2502/1/4312 2501/1/4312 2484/1/4312
f 2484/1/4312 2476/1/4312 2502/1/4312
f 2487/1/4313 2512/1/4314 2510/1/4313
f 2510/1/4313 2485/1/4314 2487/1/4313
f 2488/1/4315 2513/1/4315 2511/1/4315
f 2511/1/4315 2486/1/4315 2488/1/4315
f 2512/1/4316 2487/1/4317 2489/1/4318
f 2489/1/4318 2514/1/4317 2512/1/4316
f 2488/1/4319 2490/1/4320 2515/1/4320
f 2515/1/4320 2513/1/4320 2488/1/4319
f 2491/1/4321 2516/1/4321 2514/1/4321
f 2514/1/4321 2489/1/4322 2491/1/4321
f 2515/1/4323 2490/1/4324 2492/1/4325
f 2492/1/4325 2517/1/4324 2515/1/4323
f 2493/1/4326 2518/1/4327 2516/1/4328
f 2516/1/4328 2491/1/4327 2493/1/4326
f 2494/1/4329 2519/1/4330 2517/1/4331
f 2517/1/4331 2492/1/4329 2494/1/4329
f 2518/1/4332 2493/1/4333 2495/1/4334
f 2495/1/4334 2520/1/4333 2518/1/4332
f 2496/1/4335 2521/1/4336 2519/1/4336
f 2519/1/4336 2494/1/4336 2496/1/4335
f 2497/1/4337 2522/1/4338 2520/1/4337
f 2520/1/4337 2495/1/4339 2497/1/4337
f 2496/1/4340 2498/1/4340 2523/1/4340
f 2523/1/4340 2521/1/4340 2496/1/4340
f 2437/1/4341 2524/1/4342 2522/1/4341
f 2522/1/4341 2497/1/4343 2437/1/4341
f 2525/1/4344 2523/1/4345 2498/1/4345
f 2498/1/4345 2472/1/4345 2525/1/4344
f 2524/1/4346 2437/1/4347 2436/1/4346
f 2436/1/4346 2526/1/4347 2524/1/4346
f 2525/1/4348 2472/1/4348 2471/1/4348
f 2471/1/4348 2527/1/4348 2525/1/4348
f 2473/1/4349 2528/1/4350 2526/1/4351
f 2526/1/4351 2436/1/4350 2473/1/4349
f 2527/1/4352 2471/1/4353 2474/1/4353
f 2474/1/4353 2529/1/4353 2527/1/4352
f 2475/1/4354 2530/1/4355 2502/1/4356
f 2502/1/4356 2476/1/4355 2475/1/4354
f 2468/1/4357 2467/1/4358 2528/1/4359
f 2528/1/4359 2473/1/4358 2468/1/4357
f 2477/1/4360 2504/1/4360 2529/1/4360
f 2529/1/4360 2474/1/4360 2477/1/4360
f 2530/1/4361 2475/1/4361 2478/1/4362
f 2478/1/4362 2506/1/4362 2530/1/4361
f 2531/1/4363 2532/1/4364 2533/1/4365
f 2533/1/4365 2534/1/4366 2531/1/4363
f 2512/1/4367 2535/1/4367 2536/1/4367
f 2536/1/4367 2510/1/4367 2512/1/4367
f 2537/1/4368 2511/1/4369 2513/1/4370
f 2513/1/4370 2538/1/4371 2537/1/4368
f 2514/1/4372 2539/1/4373 2535/1/4374
f 2535/1/4374 2512/1/4374 2514/1/4372
f 2515/1/4375 2540/1/4376 2538/1/4377
f 2538/1/4377 2513/1/4378 2515/1/4375
f 2539/1/4379 2514/1/4380 2516/1/4380
f 2516/1/4380 2534/1/4381 2539/1/4379
f 2517/1/4382 2541/1/4383 2540/1/4384
f 2540/1/4384 2515/1/4385 2517/1/4382
f 2518/1/4386 2531/1/4387 2534/1/4386
f 2534/1/4386 2516/1/4386 2518/1/4386
f 2541/1/4388 2517/1/4389 2519/1/4390
f 2519/1/4390 2542/1/4389 2541/1/4388
f 2520/1/4391 2543/1/4392 2531/1/4393
f 2531/1/4393 2518/1/4394 2520/1/4391
f 2521/1/4395 2544/1/4396 2542/1/4397
f 2542/1/4397 2519/1/4398 2521/1/4395
f 2543/1/4399 2520/1/4400 2522/1/4401
f 2522/1/4401 2545/1/4402 2543/1/4399
f 2523/1/4403 2546/1/4404 2544/1/4403
f 2544/1/4403 2521/1/4405 2523/1/4403
f 2524/1/4406 2547/1/4407 2545/1/4408
f 2545/1/4408 2522/1/4409 2524/1/4406
f 2546/1/4410 2523/1/4411 2525/1/4412
f 2525/1/4412 2548/1/4413 2546/1/4410
f 2526/1/4414 2549/1/4415 2547/1/4416
f 2547/1/4416 2524/1/4417 2526/1/4414
f 2527/1/4418 2550/1/4419 2548/1/4420
f 2548/1/4420 2525/1/4419 2527/1/4418
f 2549/1/4421 2526/1/4422 2528/1/4423
f 2528/1/4423 2551/1/4424 2549/1/4421
f 2529/1/4425 2552/1/4426 2550/1/4427
f 2550/1/4427 2527/1/4426 2529/1/4425
f 2502/1/4428 2530/1/4429 2553/1/4430
f 2553/1/4430 2499/1/4429 2502/1/4428
f 2467/1/4431 2554/1/4431 2551/1/4432
f 2551/1/4432 2528/1/4433 2467/1/4431
f 2552/1/4434 2529/1/4435 2504/1/4436
f 2504/1/4436 2555/1/4437 2552/1/4434
f 2506/1/4438 2556/1/4439 2553/1/4440
f 2553/1/4440 2530/1/4441 2506/1/4438
f 2470/1/4442 2557/1/4443 2554/1/4444
f 2554/1/4444 2467/1/4445 2470/1/4442
f 2503/1/4446 2558/1/4446 2555/1/4447
f 2555/1/4447 2504/1/4446 2503/1/4446
f 2556/1/4448 2506/1/4449 2505/1/4450
f 2505/1/4450 2559/1/4448 2556/1/4448
f 2557/1/4451 2470/1/4451 2507/1/4451
f 2507/1/4451 2560/1/4452 2557/1/4451
f 2508/1/4453 2561/1/4454 2558/1/4455
f 2558/1/4455 2503/1/4455 2508/1/4453
f 2509/1/4456 2562/1/4457 2559/1/4458
f 2559/1/4458 2505/1/4457 2509/1/4456
f 2501/1/4459 2500/1/4459 2560/1/4460
f 2560/1/4460 2507/1/4461 2501/1/4459
f 2561/1/4462 2508/1/4462 2510/1/4463
f 2510/1/4463 2536/1/4464 2561/1/4462
f 2511/1/4465 2537/1/4466 2562/1/4467
f 2562/1/4467 2509/1/4468 2511/1/4465
f 2563/1/4469 2564/1/4469 2565/1/4470
f 2565/1/4470 2566/1/4469 2563/1/4469
f 2567/1/4471 2568/1/4472 2541/1/4471
f 2541/1/4471 2542/1/4473 2567/1/4471
f 2543/1/4474 2569/1/4475 2532/1/4474
f 2532/1/4474 2531/1/4474 2543/1/4474
f 2544/1/4476 2570/1/4477 2567/1/4478
f 2567/1/4478 2542/1/4478 2544/1/4476
f 2564/1/4479 2569/1/4480 2543/1/4479
f 2543/1/4479 2545/1/4481 2564/1/4479
f 2546/1/4482 2571/1/4483 2570/1/4482
f 2570/1/4482 2544/1/4484 2546/1/4482
f 2547/1/4485 2565/1/4486 2564/1/4485
f 2564/1/4485 2545/1/4487 2547/1/4485
f 2572/1/4488 2571/1/4489 2546/1/4490
f 2546/1/4490 2548/1/4491 2572/1/4488
f 2549/1/4492 2573/1/4492 2565/1/4492
f 2565/1/4492 2547/1/4493 2549/1/4492
f 2550/1/4494 2574/1/4495 2572/1/4494
f 2572/1/4494 2548/1/4496 2550/1/4494
f 2575/1/4497 2573/1/4498 2549/1/4499
f 2549/1/4499 2551/1/4500 2575/1/4497
f 2552/1/4501 2576/1/4502 2574/1/4503
f 2574/1/4503 2550/1/4504 2552/1/4501
f 2577/1/4505 2499/1/4506 2553/1/4507
f 2553/1/4507 2578/1/4508 2577/1/4505
f 2554/1/4509 2579/1/4510 2575/1/4509
f 2575/1/4509 2551/1/4510 2554/1/4509
f 2580/1/4511 2576/1/4512 2552/1/4513
f 2552/1/4513 2555/1/4511 2580/1/4511
f 2578/1/4514 2553/1/4515 2556/1/4515
f 2556/1/4515 2581/1/4516 2578/1/4514
f 2557/1/4517 2582/1/4518 2579/1/4518
f 2579/1/4518 2554/1/4518 2557/1/4517
f 2558/1/4519 2583/1/4520 2580/1/4521
f 2580/1/4521 2555/1/4522 2558/1/4519
f 2559/1/4523 2584/1/4524 2581/1/4523
f 2581/1/4523 2556/1/4525 2559/1/4523
f 2585/1/4526 2582/1/4527 2557/1/4526
f 2557/1/4526 2560/1/4528 2585/1/4526
f 2561/1/4529 2586/1/4530 2583/1/4529
f 2583/1/4529 2558/1/4530 2561/1/4529
f 2584/1/4531 2559/1/4532 2562/1/4531
f 2562/1/4531 2587/1/4533 2584/1/4531
f 2500/1/4534 2588/1/4534 2585/1/4534
f 2585/1/4534 2560/1/4534 2500/1/4534
f 2589/1/4535 2586/1/4535 2561/1/4535
f 2561/1/4535 2536/1/4536 2589/1/4535
f 2537/1/4537 2590/1/4538 2587/1/4537
f 2587/1/4537 2562/1/4537 2537/1/4537
f 2577/1/4539 2588/1/4540 2500/1/4540
f 2500/1/4540 2499/1/4539 2577/1/4539
f 2535/1/4541 2591/1/4542 2589/1/4541
f 2589/1/4541 2536/1/4543 2535/1/4541
f 2538/1/4544 2592/1/4545 2590/1/4546
f 2590/1/4546 2537/1/4544 2538/1/4544
f 2539/1/4547 2593/1/4547 2591/1/4547
f 2591/1/4547 2535/1/4547 2539/1/4547
f 2592/1/4548 2538/1/4549 2540/1/4548
f 2540/1/4548 2594/1/4550 2592/1/4548
f 2533/1/4551 2593/1/4552 2539/1/4551
f 2539/1/4551 2534/1/4552 2533/1/4551
f 2541/1/4553 2568/1/4554 2594/1/4555
f 2594/1/4555 2540/1/4556 2541/1/4553
f 2595/1/4557 2596/1/4558 2597/1/4559
f 2597/1/4559 2598/1/4560 2595/1/4557
f 2572/1/4561 2599/1/4561 2600/1/4561
f 2600/1/4561 2571/1/4561 2572/1/4561
f 2573/1/4562 2601/1/4563 2566/1/4564
f 2566/1/4564 2565/1/4565 2573/1/4562
f 2602/1/4566 2599/1/4567 2572/1/4568
f 2572/1/4568 2574/1/4567 2602/1/4566
f 2575/1/4569 2603/1/4570 2601/1/4571
f 2601/1/4571 2573/1/4570 2575/1/4569
f 2576/1/4572 2604/1/4573 2602/1/4574
f 2602/1/4574 2574/1/4573 2576/1/4572
f 2596/1/4575 2595/1/4575 2577/1/4576
f 2577/1/4576 2578/1/4575 2596/1/4575
f 2605/1/4577 2603/1/4577 2575/1/4578
f 2575/1/4578 2579/1/4577 2605/1/4577
f 2580/1/4579 2606/1/4580 2604/1/4580
f 2604/1/4580 2576/1/4580 2580/1/4579
f 2581/1/4581 2607/1/4582 2596/1/4582
f 2596/1/4582 2578/1/4582 2581/1/4581
f 2582/1/4583 2608/1/4584 2605/1/4584
f 2605/1/4584 2579/1/4584 2582/1/4583
f 2609/1/4585 2606/1/4585 2580/1/4586
f 2580/1/4586 2583/1/4585 2609/1/4585
f 2584/1/4587 2610/1/4588 2607/1/4589
f 2607/1/4589 2581/1/4588 2584/1/4587
f 2585/1/4590 2611/1/4591 2608/1/4591
f 2608/1/4591 2582/1/4591 2585/1/4590
f 2586/1/4592 2612/1/4593 2609/1/4594
f 2609/1/4594 2583/1/4593 2586/1/4592
f 2613/1/4595 2610/1/4596 2584/1/4595
f 2584/1/4595 2587/1/4596 2613/1/4595
f 2614/1/4597 2611/1/4597 2585/1/4597
f 2585/1/4597 2588/1/4597 2614/1/4597
f 2589/1/4598 2615/1/4599 2612/1/4599
f 2612/1/4599 2586/1/4599 2589/1/4598
f 2590/1/4600 2616/1/4600 2613/1/4601
f 2613/1/4601 2587/1/4600 2590/1/4600
f 2614/1/4602 2588/1/4603 2577/1/4604
f 2577/1/4604 2595/1/4603 2614/1/4602
f 2615/1/4605 2589/1/4605 2591/1/4606
f 2591/1/4606 2617/1/4605 2615/1/4605
f 2592/1/4607 2618/1/4607 2616/1/4608
f 2616/1/4608 2590/1/4607 2592/1/4607
f 2593/1/4609 2619/1/4610 2617/1/4610
f 2617/1/4610 2591/1/4610 2593/1/4609
f 2620/1/4611 2618/1/4612 2592/1/4612
f 2592/1/4612 2594/1/4612 2620/1/4611
f 2533/1/4613 2621/1/4614 2619/1/4614
f 2619/1/4614 2593/1/4614 2533/1/4613
f 2568/1/4615 2622/1/4616 2620/1/4617
f 2620/1/4617 2594/1/4616 2568/1/4615
f 2621/1/4618 2533/1/4619 2532/1/4620
f 2532/1/4620 2623/1/4619 2621/1/4618
f 2567/1/4621 2624/1/4622 2622/1/4623
f 2622/1/4623 2568/1/4622 2567/1/4621
f 2569/1/4624 2625/1/4625 2623/1/4626
f 2623/1/4626 2532/1/4627 2569/1/4624
f 2626/1/4628 2624/1/4629 2567/1/4629
f 2567/1/4629 2570/1/4629 2626/1/4628
f 2564/1/4630 2563/1/4631 2625/1/4632
f 2625/1/4632 2569/1/4633 2564/1/4630
f 2571/1/4634 2600/1/4635 2626/1/4635
f 2626/1/4635 2570/1/4635 2571/1/4634
f 2627/1/4636 2628/1/4636 2629/1/4637
f 2629/1/4637 2630/1/4637 2627/1/4636
f 2605/1/4638 2631/1/4639 2632/1/4639
f 2632/1/4639 2603/1/4638 2605/1/4638
f 2606/1/4640 2633/1/4641 2634/1/4641
f 2634/1/4641 2604/1/4642 2606/1/4640
f 2607/1/4643 2635/1/4644 2597/1/4645
f 2597/1/4645 2596/1/4646 2607/1/4643
f 2636/1/4647 2631/1/4648 2605/1/4649
f 2605/1/4649 2608/1/4650 2636/1/4647
f 2609/1/4651 2637/1/4651 2633/1/4651
f 2633/1/4651 2606/1/4652 2609/1/4651
f 2610/1/4653 2630/1/4654 2635/1/4655
f 2635/1/4655 2607/1/4656 2610/1/4653
f 2611/1/4657 2638/1/4657 2636/1/4657
f 2636/1/4657 2608/1/4657 2611/1/4657
f 2637/1/4658 2609/1/4659 2612/1/4660
f 2612/1/4660 2639/1/4658 2637/1/4658
f 2613/1/4661 2627/1/4662 2630/1/4663
f 2630/1/4663 2610/1/4664 2613/1/4661
f 2614/1/4665 2640/1/4666 2638/1/4667
f 2638/1/4667 2611/1/4668 2614/1/4665
f 2615/1/4669 2641/1/4670 2639/1/4671
f 2639/1/4671 2612/1/4671 2615/1/4669
f 2627/1/4672 2613/1/4672 2616/1/4673
f 2616/1/4673 2642/1/4672 2627/1/4672
f 2640/1/4674 2614/1/4675 2595/1/4675
f 2595/1/4675 2598/1/4675 2640/1/4674
f 2617/1/4676 2643/1/4677 2641/1/4678
f 2641/1/4678 2615/1/4679 2617/1/4676
f 2618/1/4680 2644/1/4681 2642/1/4682
f 2642/1/4682 2616/1/4683 2618/1/4680
f 2645/1/4684 2643/1/4685 2617/1/4686
f 2617/1/4686 2619/1/4687 2645/1/4684
f 2620/1/4688 2646/1/4689 2644/1/4690
f 2644/1/4690 2618/1/4690 2620/1/4688
f 2621/1/4691 2647/1/4692 2645/1/4693
f 2645/1/4693 2619/1/4694 2621/1/4691
f 2648/1/4695 2646/1/4695 2620/1/4696
f 2620/1/4696 2622/1/4697 2648/1/4695
f 2623/1/4698 2649/1/4699 2647/1/4700
f 2647/1/4700 2621/1/4700 2623/1/4698
f 2624/1/4701 2650/1/4702 2648/1/4703
f 2648/1/4703 2622/1/4704 2624/1/4701
f 2649/1/4705 2623/1/4705 2625/1/4706
f 2625/1/4706 2651/1/4707 2649/1/4705
f 2626/1/4708 2652/1/4709 2650/1/4710
f 2650/1/4710 2624/1/4711 2626/1/4708
f 2563/1/4712 2653/1/4713 2651/1/4714
f 2651/1/4714 2625/1/4715 2563/1/4712
f 2654/1/4716 2652/1/4717 2626/1/4718
f 2626/1/4718 2600/1/4719 2654/1/4716
f 2566/1/4720 2655/1/4721 2653/1/4722
f 2653/1/4722 2563/1/4722 2566/1/4720
f 2599/1/4723 2656/1/4724 2654/1/4723
f 2654/1/4723 2600/1/4725 2599/1/4723
f 2657/1/4726 2655/1/4727 2566/1/4728
f 2566/1/4728 2601/1/4729 2657/1/4726
f 2602/1/4730 2658/1/4730 2656/1/4731
f 2656/1/4731 2599/1/4731 2602/1/4730
f 2603/1/4732 2632/1/4733 2657/1/4734
f 2657/1/4734 2601/1/4734 2603/1/4732
f 2658/1/4735 2602/1/4736 2604/1/4737
f 2604/1/4737 2634/1/4735 2658/1/4735
f 2659/1/4738 2660/1/4738 2661/1/4738
f 2661/1/4738 2662/1/4738 2659/1/4738
f 2640/1/4739 2663/1/4739 2664/1/4740
f 2664/1/4740 2638/1/4740 2640/1/4739
f 2665/1/4741 2666/1/4741 2639/1/4741
f 2639/1/4741 2641/1/4741 2665/1/4741
f 2642/1/4742 2667/1/4742 2628/1/4742
f 2628/1/4742 2627/1/4742 2642/1/4742
f 2668/1/4743 2663/1/4743 2640/1/4743
f 2640/1/4743 2598/1/4743 2668/1/4743
f 2643/1/4744 2669/1/4745 2665/1/4744
f 2665/1/4744 2641/1/4746 2643/1/4744
f 2667/1/4747 2642/1/4748 2644/1/4749
f 2644/1/4749 2661/1/4750 2667/1/4747
f 2645/1/4751 2670/1/4752 2669/1/4752
f 2669/1/4752 2643/1/4753 2645/1/4751
f 2646/1/4754 2662/1/4755 2661/1/4756
f 2661/1/4756 2644/1/4757 2646/1/4754
f 2671/1/4758 2670/1/4758 2645/1/4759
f 2645/1/4759 2647/1/4758 2671/1/4758
f 2648/1/4760 2672/1/4761 2662/1/4760
f 2662/1/4760 2646/1/4762 2648/1/4760
f 2649/1/4763 2673/1/4764 2671/1/4764
f 2671/1/4764 2647/1/4764 2649/1/4763
f 2674/1/4765 2672/1/4766 2648/1/4767
f 2648/1/4767 2650/1/4768 2674/1/4765
f 2651/1/4769 2675/1/4770 2673/1/4769
f 2673/1/4769 2649/1/4770 2651/1/4769
f 2652/1/4771 2676/1/4772 2674/1/4771
f 2674/1/4771 2650/1/4773 2652/1/4771
f 2677/1/4774 2675/1/4775 2651/1/4776
f 2651/1/4776 2653/1/4774 2677/1/4774
f 2654/1/4777 2678/1/4778 2676/1/4778
f 2676/1/4778 2652/1/4779 2654/1/4777
f 2655/1/4780 2679/1/4781 2677/1/4780
f 2677/1/4780 2653/1/4782 2655/1/4780
f 2680/1/4783 2678/1/4783 2654/1/4783
f 2654/1/4783 2656/1/4783 2680/1/4783
f 2657/1/4784 2681/1/4785 2679/1/4784
f 2679/1/4784 2655/1/4786 2657/1/4784
f 2658/1/4787 2682/1/4787 2680/1/4788
f 2680/1/4788 2656/1/4789 2658/1/4787
f 2683/1/4790 2681/1/4791 2657/1/4791
f 2657/1/4791 2632/1/4792 2683/1/4790
f 2634/1/4793 2684/1/4794 2682/1/4793
f 2682/1/4793 2658/1/4795 2634/1/4793
f 2598/1/4796 2597/1/4796 2685/1/4796
f 2685/1/4796 2668/1/4797 2598/1/4796
f 2631/1/4798 2686/1/4799 2683/1/4798
f 2683/1/4798 2632/1/4798 2631/1/4798
f 2687/1/4800 2684/1/4800 2634/1/4801
f 2634/1/4801 2633/1/4801 2687/1/4800
f 2688/1/4802 2685/1/4803 2597/1/4802
f 2597/1/4802 2635/1/4804 2688/1/4802
f 2636/1/4805 2689/1/4806 2686/1/4807
f 2686/1/4807 2631/1/4808 2636/1/4805
f 2637/1/4809 2690/1/4810 2687/1/4809
f 2687/1/4809 2633/1/4809 2637/1/4809
f 2629/1/4811 2688/1/4812 2635/1/4811
f 2635/1/4811 2630/1/4813 2629/1/4811
f 2664/1/4814 2689/1/4815 2636/1/4814
f 2636/1/4814 2638/1/4816 2664/1/4814
f 2639/1/4817 2666/1/4817 2690/1/4817
f 2690/1/4817 2637/1/4817 2639/1/4817
f 2691/1/4818 2692/1/4819 2693/1/4820
f 2693/1/4820 2694/1/4821 2691/1/4818
f 2671/1/4822 2695/1/4823 2696/1/4823
f 2696/1/4823 2670/1/4823 2671/1/4822
f 2672/1/4824 2697/1/4825 2659/1/4826
f 2659/1/4826 2662/1/4826 2672/1/4824
f 2695/1/4827 2671/1/4828 2673/1/4829
f 2673/1/4829 2698/1/4828 2695/1/4827
f 2674/1/4830 2694/1/4831 2697/1/4832
f 2697/1/4832 2672/1/4831 2674/1/4830
f 2675/1/4833 2699/1/4834 2698/1/4835
f 2698/1/4835 2673/1/4834 2675/1/4833
f 2691/1/4836 2694/1/4836 2674/1/4836
f 2674/1/4836 2676/1/4836 2691/1/4836
f 2677/1/4837 2700/1/4838 2699/1/4839
f 2699/1/4839 2675/1/4840 2677/1/4837
f 2678/1/4841 2701/1/4842 2691/1/4842
f 2691/1/4842 2676/1/4842 2678/1/4841
f 2702/1/4843 2700/1/4844 2677/1/4845
f 2677/1/4845 2679/1/4846 2702/1/4843
f 2680/1/4847 2703/1/4847 2701/1/4847
f 2701/1/4847 2678/1/4847 2680/1/4847
f 2681/1/4848 2704/1/4849 2702/1/4850
f 2702/1/4850 2679/1/4849 2681/1/4848
f 2705/1/4851 2703/1/4851 2680/1/4851
f 2680/1/4851 2682/1/4851 2705/1/4851
f 2683/1/4852 2706/1/4852 2704/1/4853
f 2704/1/4853 2681/1/4852 2683/1/4852
f 2684/1/4854 2707/1/4854 2705/1/4855
f 2705/1/4855 2682/1/4854 2684/1/4854
f 2708/1/4856 2709/1/4857 2668/1/4858
f 2668/1/4858 2685/1/4857 2708/1/4856
f 2710/1/4859 2706/1/4859 2683/1/4859
f 2683/1/4859 2686/1/4859 2710/1/4859
f 2687/1/4860 2711/1/4860 2707/1/4861
f 2707/1/4861 2684/1/4860 2687/1/4860
f 2688/1/4862 2712/1/4863 2708/1/4864
f 2708/1/4864 2685/1/4863 2688/1/4862
f 2689/1/4865 2713/1/4866 2710/1/4867
f 2710/1/4867 2686/1/4866 2689/1/4865
f 2711/1/4868 2687/1/4869 2690/1/4870
f 2690/1/4870 2714/1/4869 2711/1/4868
f 2629/1/4871 2715/1/4871 2712/1/4872
f 2712/1/4872 2688/1/4871 2629/1/4871
f 2664/1/4873 2716/1/4874 2713/1/4875
f 2713/1/4875 2689/1/4874 2664/1/4873
f 2666/1/4876 2717/1/4877 2714/1/4878
f 2714/1/4878 2690/1/4877 2666/1/4876
f 2718/1/4879 2715/1/4879 2629/1/4879
f 2629/1/4879 2628/1/4879 2718/1/4879
f 2719/1/4880 2716/1/4881 2664/1/4882
f 2664/1/4882 2663/1/4881 2719/1/4880
f 2665/1/4883 2720/1/4884 2717/1/4885
f 2717/1/4885 2666/1/4884 2665/1/4883
f 2667/1/4886 2721/1/4886 2718/1/4887
f 2718/1/4887 2628/1/4886 2667/1/4886
f 2709/1/4888 2719/1/4889 2663/1/4890
f 2663/1/4890 2668/1/4889 2709/1/4888
f 2720/1/4891 2665/1/4892 2669/1/4892
f 2669/1/4892 2722/1/4892 2720/1/4891
f 2661/1/4893 2660/1/4894 2721/1/4895
f 2721/1/4895 2667/1/4894 2661/1/4893
f 2670/1/4896 2696/1/4896 2722/1/4897
f 2722/1/4897 2669/1/4896 2670/1/4896
f 2723/1/4898 2724/1/4899 2725/1/4900
f 2725/1/4900 2726/1/4901 2723/1/4898
f 2700/1/4902 2727/1/4903 2728/1/4904
f 2728/1/4904 2699/1/4903 2700/1/4902
f 2729/1/4905 2692/1/4906 2691/1/4907
f 2691/1/4907 2701/1/4908 2729/1/4905
f 2702/1/4909 2730/1/4910 2727/1/4911
f 2727/1/4911 2700/1/4911 2702/1/4909
f 2703/1/4912 2726/1/4913 2729/1/4914
f 2729/1/4914 2701/1/4915 2703/1/4912
f 2730/1/4916 2702/1/4916 2704/1/4917
f 2704/1/4917 2731/1/4917 2730/1/4916
f 2705/1/4918 2723/1/4919 2726/1/4920
f 2726/1/4920 2703/1/4920 2705/1/4918
f 2706/1/4921 2732/1/4922 2731/1/4923
f 2731/1/4923 2704/1/4924 2706/1/4921
f 2723/1/4925 2705/1/4926 2707/1/4927
f 2707/1/4927 2733/1/4928 2723/1/4925
f 2709/1/4929 2708/1/4930 2734/1/4931
f 2734/1/4931 2735/1/4932 2709/1/4929
f 2710/1/4933 2736/1/4933 2732/1/4934
f 2732/1/4934 2706/1/4933 2710/1/4933
f 2711/1/4935 2737/1/4936 2733/1/4937
f 2733/1/4937 2707/1/4938 2711/1/4935
f 2712/1/4939 2738/1/4940 2734/1/4941
f 2734/1/4941 2708/1/4939 2712/1/4939
f 2739/1/4942 2736/1/4943 2710/1/4944
f 2710/1/4944 2713/1/4945 2739/1/4942
f 2714/1/4946 2740/1/4947 2737/1/4948
f 2737/1/4948 2711/1/4947 2714/1/4946
f 2715/1/4949 2741/1/4950 2738/1/4949
f 2738/1/4949 2712/1/4951 2715/1/4949
f 2716/1/4952 2742/1/4953 2739/1/4954
f 2739/1/4954 2713/1/4953 2716/1/4952
f 2743/1/4955 2740/1/4956 2714/1/4957
f 2714/1/4957 2717/1/4958 2743/1/4955
f 2718/1/4959 2744/1/4960 2741/1/4961
f 2741/1/4961 2715/1/4961 2718/1/4959
f 2719/1/4962 2745/1/4963 2742/1/4962
f 2742/1/4962 2716/1/4964 2719/1/4962
f 2720/1/4965 2746/1/4965 2743/1/4966
f 2743/1/4966 2717/1/4967 2720/1/4965
f 2744/1/4968 2718/1/4969 2721/1/4968
f 2721/1/4968 2747/1/4970 2744/1/4968
f 2735/1/4971 2745/1/4972 2719/1/4973
f 2719/1/4973 2709/1/4974 2735/1/4971
f 2722/1/4975 2748/1/4976 2746/1/4977
f 2746/1/4977 2720/1/4977 2722/1/4975
f 2660/1/4978 2749/1/4978 2747/1/4979
f 2747/1/4979 2721/1/4978 2660/1/4978
f 2750/1/4980 2748/1/4981 2722/1/4981
f 2722/1/4981 2696/1/4982 2750/1/4980
f 2659/1/4983 2751/1/4984 2749/1/4985
f 2749/1/4985 2660/1/4986 2659/1/4983
f 2695/1/4987 2752/1/4988 2750/1/4989
f 2750/1/4989 2696/1/4990 2695/1/4987
f 2753/1/4991 2751/1/4991 2659/1/4991
f 2659/1/4991 2697/1/4991 2753/1/4991
f 2698/1/4992 2754/1/4993 2752/1/4994
f 2752/1/4994 2695/1/4995 2698/1/4992
f 2694/1/4996 2693/1/4996 2753/1/4996
f 2753/1/4996 2697/1/4996 2694/1/4996
f 2754/1/4997 2698/1/4998 2699/1/4998
f 2699/1/4998 2728/1/4997 2754/1/4997
f 2755/1/4999 2756/1/4999 2757/1/4999
f 2757/1/4999 2758/1/4999 2755/1/4999
f 2731/1/5000 2732/1/5001 2759/1/5000
f 2759/1/5000 2760/1/5002 2731/1/5000
f 2733/1/5003 2761/1/5004 2724/1/5005
f 2724/1/5005 2723/1/5006 2733/1/5003
f 2735/1/5007 2734/1/5007 2762/1/5007
f 2762/1/5007 2763/1/5007 2735/1/5007
f 2759/1/5008 2732/1/5009 2736/1/5010
f 2736/1/5010 2764/1/5011 2759/1/5008
f 2733/1/5012 2737/1/5013 2758/1/5012
f 2758/1/5012 2761/1/5013 2733/1/5012
f 2762/1/5014 2734/1/5015 2738/1/5016
f 2738/1/5016 2765/1/5017 2762/1/5014
f 2739/1/5018 2766/1/5019 2764/1/5019
f 2764/1/5019 2736/1/5020 2739/1/5018
f 2758/1/5021 2737/1/5021 2740/1/5022
f 2740/1/5022 2755/1/5023 2758/1/5021
f 2767/1/5024 2765/1/5025 2738/1/5024
f 2738/1/5024 2741/1/5026 2767/1/5024
f 2739/1/5027 2742/1/5028 2768/1/5029
f 2768/1/5029 2766/1/5030 2739/1/5027
f 2743/1/5031 2769/1/5032 2755/1/5033
f 2755/1/5033 2740/1/5033 2743/1/5031
f 2744/1/5034 2770/1/5035 2767/1/5036
f 2767/1/5036 2741/1/5037 2744/1/5034
f 2768/1/5038 2742/1/5039 2745/1/5038
f 2745/1/5038 2771/1/5040 2768/1/5038
f 2743/1/5041 2746/1/5041 2772/1/5041
f 2772/1/5041 2769/1/5041 2743/1/5041
f 2747/1/5042 2773/1/5043 2770/1/5042
f 2770/1/5042 2744/1/5044 2747/1/5042
f 2745/1/5045 2735/1/5046 2763/1/5046
f 2763/1/5046 2771/1/5047 2745/1/5045
f 2772/1/5048 2746/1/5049 2748/1/5050
f 2748/1/5050 2774/1/5051 2772/1/5048
f 2775/1/5052 2773/1/5053 2747/1/5054
f 2747/1/5054 2749/1/5055 2775/1/5052
f 2750/1/5056 2776/1/5056 2774/1/5056
f 2774/1/5056 2748/1/5056 2750/1/5056
f 2751/1/5057 2777/1/5058 2775/1/5059
f 2775/1/5059 2749/1/5057 2751/1/5057
f 2750/1/5060 2752/1/5060 2778/1/5061
f 2778/1/5061 2776/1/5062 2750/1/5060
f 2753/1/5063 2779/1/5064 2777/1/5065
f 2777/1/5065 2751/1/5066 2753/1/5063
f 2778/1/5067 2752/1/5068 2754/1/5067
f 2754/1/5067 2780/1/5069 2778/1/5067
f 2753/1/5070 2693/1/5071 2781/1/5072
f 2781/1/5072 2779/1/5073 2753/1/5070
f 2728/1/5074 2782/1/5074 2780/1/5074
f 2780/1/5074 2754/1/5074 2728/1/5074
f 2781/1/5075 2693/1/5076 2692/1/5075
f 2692/1/5075 2783/1/5076 2781/1/5075
f 2728/1/5077 2727/1/5078 2784/1/5079
f 2784/1/5079 2782/1/5080 2728/1/5077
f 2785/1/5081 2783/1/5082 2692/1/5081
f 2692/1/5081 2729/1/5083 2785/1/5081
f 2784/1/5084 2727/1/5085 2730/1/5086
f 2730/1/5086 2786/1/5087 2784/1/5084
f 2785/1/5088 2729/1/5089 2726/1/5090
f 2726/1/5090 2725/1/5088 2785/1/5088
f 2731/1/5091 2760/1/5092 2786/1/5091
f 2786/1/5091 2730/1/5091 2731/1/5091
f 2787/1/5093 2788/1/5094 2789/1/5094
f 2789/1/5094 2790/1/5095 2787/1/5093
f 2767/1/5096 2791/1/5096 2792/1/5096
f 2792/1/5096 2765/1/5096 2767/1/5096
f 2768/1/5097 2793/1/5098 2794/1/5099
f 2794/1/5099 2766/1/5098 2768/1/5097
f 2756/1/5100 2755/1/5101 2769/1/5102
f 2769/1/5102 2795/1/5101 2756/1/5100
f 2767/1/5103 2770/1/5103 2796/1/5103
f 2796/1/5103 2791/1/5103 2767/1/5103
f 2771/1/5104 2797/1/5105 2793/1/5106
f 2793/1/5106 2768/1/5105 2771/1/5104
f 2772/1/5107 2790/1/5107 2795/1/5108
f 2795/1/5108 2769/1/5107 2772/1/5107
f 2796/1/5109 2770/1/5109 2773/1/5109
f 2773/1/5109 2798/1/5109 2796/1/5109
f 2799/1/5110 2797/1/5111 2771/1/5112
f 2771/1/5112 2763/1/5111 2799/1/5110
f 2774/1/5113 2787/1/5114 2790/1/5113
f 2790/1/5113 2772/1/5114 2774/1/5113
f 2775/1/5115 2800/1/5115 2798/1/5115
f 2798/1/5115 2773/1/5115 2775/1/5115
f 2787/1/5116 2774/1/5116 2776/1/5117
f 2776/1/5117 2801/1/5116 2787/1/5116
f 2775/1/5118 2777/1/5118 2802/1/5118
f 2802/1/5118 2800/1/5118 2775/1/5118
f 2778/1/5119 2803/1/5120 2801/1/5121
f 2801/1/5121 2776/1/5120 2778/1/5119
f 2802/1/5122 2777/1/5122 2779/1/5122
f 2779/1/5122 2804/1/5122 2802/1/5122
f 2780/1/5123 2805/1/5124 2803/1/5125
f 2803/1/5125 2778/1/5124 2780/1/5123
f 2781/1/5126 2806/1/5126 2804/1/5127
f 2804/1/5127 2779/1/5126 2781/1/5126
f 2805/1/5128 2780/1/5129 2782/1/5130
f 2782/1/5130 2807/1/5129 2805/1/5128
f 2783/1/5131 2808/1/5131 2806/1/5131
f 2806/1/5131 2781/1/5131 2783/1/5131
f 2784/1/5132 2809/1/5133 2807/1/5133
f 2807/1/5133 2782/1/5134 2784/1/5132
f 2783/1/5135 2785/1/5135 2810/1/5135
f 2810/1/5135 2808/1/5135 2783/1/5135
f 2786/1/5136 2811/1/5137 2809/1/5138
f 2809/1/5138 2784/1/5139 2786/1/5136
f 2812/1/5140 2810/1/5140 2785/1/5140
f 2785/1/5140 2725/1/5140 2812/1/5140
f 2811/1/5141 2786/1/5142 2760/1/5143
f 2760/1/5143 2813/1/5142 2811/1/5141
f 2812/1/5144 2725/1/5144 2724/1/5144
f 2724/1/5144 2814/1/5144 2812/1/5144
f 2759/1/5145 2815/1/5145 2813/1/5146
f 2813/1/5146 2760/1/5145 2759/1/5145
f 2814/1/5147 2724/1/5147 2761/1/5147
f 2761/1/5147 2816/1/5147 2814/1/5147
f 2762/1/5148 2817/1/5148 2799/1/5148
f 2799/1/5148 2763/1/5148 2762/1/5148
f 2764/1/5149 2818/1/5150 2815/1/5151
f 2815/1/5151 2759/1/5152 2764/1/5149
f 2758/1/5153 2757/1/5153 2816/1/5153
f 2816/1/5153 2761/1/5153 2758/1/5153
f 2817/1/5154 2762/1/5154 2765/1/5154
f 2765/1/5154 2792/1/5154 2817/1/5154
f 2818/1/5155 2764/1/5156 2766/1/5156
f 2766/1/5156 2794/1/5155 2818/1/5155
f 2819/1/5157 2820/1/5158 2821/1/5159
f 2821/1/5159 2822/1/5160 2819/1/5157
f 2823/1/5161 2798/1/5162 2800/1/5163
f 2800/1/5163 2824/1/5164 2823/1/5161
f 2801/1/5165 2825/1/5166 2788/1/5167
f 2788/1/5167 2787/1/5165 2801/1/5165
f 2802/1/5168 2826/1/5169 2824/1/5170
f 2824/1/5170 2800/1/5171 2802/1/5168
f 2825/1/5172 2801/1/5172 2803/1/5173
f 2803/1/5173 2822/1/5174 2825/1/5172
f 2804/1/5175 2827/1/5175 2826/1/5176
f 2826/1/5176 2802/1/5177 2804/1/5175
f 2805/1/5178 2819/1/5179 2822/1/5179
f 2822/1/5179 2803/1/5179 2805/1/5178
f 2827/1/5180 2804/1/5181 2806/1/5182
f 2806/1/5182 2828/1/5183 2827/1/5180
f 2807/1/5184 2829/1/5185 2819/1/5186
f 2819/1/5186 2805/1/5187 2807/1/5184
f 2808/1/5188 2830/1/5189 2828/1/5190
f 2828/1/5190 2806/1/5191 2808/1/5188
f 2829/1/5192 2807/1/5192 2809/1/5192
f 2809/1/5192 2831/1/5193 2829/1/5192
f 2810/1/5194 2832/1/5195 2830/1/5196
f 2830/1/5196 2808/1/5197 2810/1/5194
f 2811/1/5198 2833/1/5199 2831/1/5198
f 2831/1/5198 2809/1/5200 2811/1/5198
f 2832/1/5201 2810/1/5202 2812/1/5203
f 2812/1/5203 2834/1/5204 2832/1/5201
f 2813/1/5205 2835/1/5206 2833/1/5205
f 2833/1/5205 2811/1/5207 2813/1/5205
f 2814/1/5208 2836/1/5209 2834/1/5210
f 2834/1/5210 2812/1/5211 2814/1/5208
f 2835/1/5212 2813/1/5213 2815/1/5214
f 2815/1/5214 2837/1/5215 2835/1/5212
f 2816/1/5216 2838/1/5216 2836/1/5217
f 2836/1/5217 2814/1/5218 2816/1/5216
f 2799/1/5219 2817/1/5219 2839/1/5219
f 2839/1/5219 2840/1/5219 2799/1/5219
f 2818/1/5220 2841/1/5221 2837/1/5222
f 2837/1/5222 2815/1/5221 2818/1/5220
f 2838/1/5223 2816/1/5223 2757/1/5223
f 2757/1/5223 2842/1/5224 2838/1/5223
f 2792/1/5225 2843/1/5226 2839/1/5225
f 2839/1/5225 2817/1/5227 2792/1/5225
f 2794/1/5228 2844/1/5229 2841/1/5230
f 2841/1/5230 2818/1/5231 2794/1/5228
f 2756/1/5232 2845/1/5233 2842/1/5233
f 2842/1/5233 2757/1/5233 2756/1/5232
f 2843/1/5234 2792/1/5235 2791/1/5235
f 2791/1/5235 2846/1/5235 2843/1/5234
f 2844/1/5236 2794/1/5237 2793/1/5237
f 2793/1/5237 2847/1/5236 2844/1/5236
f 2795/1/5238 2848/1/5238 2845/1/5239
f 2845/1/5239 2756/1/5239 2795/1/5238
f 2796/1/5240 2849/1/5241 2846/1/5242
f 2846/1/5242 2791/1/5243 2796/1/5240
f 2797/1/5244 2850/1/5244 2847/1/5245
f 2847/1/5245 2793/1/5244 2797/1/5244
f 2848/1/5246 2795/1/5246 2790/1/5246
f 2790/1/5246 2789/1/5247 2848/1/5246
f 2798/1/5248 2823/1/5249 2849/1/5250
f 2849/1/5250 2796/1/5248 2798/1/5248
f 2840/1/5251 2850/1/5252 2797/1/5253
f 2797/1/5253 2799/1/5253 2840/1/5251
f 2851/1/5254 2852/1/5255 2853/1/5256
f 2853/1/5256 2854/1/5257 2851/1/5254
f 2828/1/5258 2855/1/5259 2856/1/5259
f 2856/1/5259 2827/1/5260 2828/1/5258
f 2829/1/5261 2857/1/5261 2820/1/5261
f 2820/1/5261 2819/1/5261 2829/1/5261
f 2830/1/5262 2858/1/5263 2855/1/5262
f 2855/1/5262 2828/1/5264 2830/1/5262
f 2831/1/5265 2854/1/5265 2857/1/5265
f 2857/1/5265 2829/1/5265 2831/1/5265
f 2859/1/5266 2858/1/5267 2830/1/5268
f 2830/1/5268 2832/1/5267 2859/1/5266
f 2833/1/5269 2851/1/5270 2854/1/5270
f 2854/1/5270 2831/1/5270 2833/1/5269
f 2834/1/5271 2860/1/5272 2859/1/5271
f 2859/1/5271 2832/1/5273 2834/1/5271
f 2861/1/5274 2851/1/5274 2833/1/5275
f 2833/1/5275 2835/1/5276 2861/1/5274
f 2860/1/5277 2834/1/5278 2836/1/5279
f 2836/1/5279 2862/1/5278 2860/1/5277
f 2863/1/5280 2861/1/5281 2835/1/5282
f 2835/1/5282 2837/1/5281 2863/1/5280
f 2838/1/5283 2864/1/5284 2862/1/5285
f 2862/1/5285 2836/1/5286 2838/1/5283
f 2865/1/5287 2840/1/5287 2839/1/5288
f 2839/1/5288 2866/1/5289 2865/1/5287
f 2867/1/5290 2863/1/5291 2837/1/5292
f 2837/1/5292 2841/1/5293 2867/1/5290
f 2842/1/5294 2868/1/5294 2864/1/5294
f 2864/1/5294 2838/1/5295 2842/1/5294
f 2866/1/5296 2839/1/5297 2843/1/5296
f 2843/1/5296 2869/1/5296 2866/1/5296
f 2867/1/5298 2841/1/5299 2844/1/5298
f 2844/1/5298 2870/1/5300 2867/1/5298
f 2845/1/5301 2871/1/5301 2868/1/5302
f 2868/1/5302 2842/1/5303 2845/1/5301
f 2846/1/5304 2872/1/5305 2869/1/5306
f 2869/1/5306 2843/1/5307 2846/1/5304
f 2847/1/5308 2873/1/5308 2870/1/5309
f 2870/1/5309 2844/1/5310 2847/1/5308
f 2848/1/5311 2874/1/5311 2871/1/5312
f 2871/1/5312 2845/1/5311 2848/1/5311
f 2872/1/5313 2846/1/5314 2849/1/5315
f 2849/1/5315 2875/1/5316 2872/1/5313
f 2850/1/5317 2876/1/5317 2873/1/5317
f 2873/1/5317 2847/1/5317 2850/1/5317
f 2789/1/5318 2877/1/5318 2874/1/5318
f 2874/1/5318 2848/1/5318 2789/1/5318
f 2823/1/5319 2878/1/5320 2875/1/5319
f 2875/1/5319 2849/1/5321 2823/1/5319
f 2865/1/5322 2876/1/5322 2850/1/5322
f 2850/1/5322 2840/1/5323 2865/1/5322
f 2788/1/5324 2879/1/5324 2877/1/5324
f 2877/1/5324 2789/1/5324 2788/1/5324
f 2824/1/5325 2880/1/5326 2878/1/5325
f 2878/1/5325 2823/1/5327 2824/1/5325
f 2825/1/5328 2881/1/5329 2879/1/5328
f 2879/1/5328 2788/1/5330 2825/1/5328
f 2880/1/5331 2824/1/5331 2826/1/5331
f 2826/1/5331 2882/1/5331 2880/1/5331
f 2822/1/5332 2821/1/5333 2881/1/5334
f 2881/1/5334 2825/1/5335 2822/1/5332
f 2856/1/5336 2882/1/5336 2826/1/5336
f 2826/1/5336 2827/1/5337 2856/1/5336
f 2883/1/5338 2884/1/5339 2885/1/5338
f 2885/1/5338 2886/1/5340 2883/1/5338
f 2887/1/5341 2888/1/5341 2859/1/5341
f 2859/1/5341 2860/1/5341 2887/1/5341
f 2889/1/5342 2852/1/5343 2851/1/5344
f 2851/1/5344 2861/1/5343 2889/1/5342
f 2862/1/5345 2890/1/5345 2887/1/5345
f 2887/1/5345 2860/1/5345 2862/1/5345
f 2891/1/5346 2889/1/5347 2861/1/5348
f 2861/1/5348 2863/1/5347 2891/1/5346
f 2864/1/5349 2892/1/5349 2890/1/5349
f 2890/1/5349 2862/1/5349 2864/1/5349
f 2865/1/5350 2866/1/5350 2893/1/5350
f 2893/1/5350 2894/1/5350 2865/1/5350
f 2867/1/5351 2895/1/5352 2891/1/5353
f 2891/1/5353 2863/1/5352 2867/1/5351
f 2892/1/5354 2864/1/5354 2868/1/5354
f 2868/1/5354 2896/1/5354 2892/1/5354
f 2869/1/5355 2897/1/5355 2893/1/5355
f 2893/1/5355 2866/1/5355 2869/1/5355
f 2895/1/5356 2867/1/5357 2870/1/5357
f 2870/1/5357 2898/1/5357 2895/1/5356
f 2871/1/5358 2899/1/5358 2896/1/5358
f 2896/1/5358 2868/1/5358 2871/1/5358
f 2872/1/5359 2900/1/5359 2897/1/5359
f 2897/1/5359 2869/1/5359 2872/1/5359
f 2901/1/5360 2898/1/5360 2870/1/5360
f 2870/1/5360 2873/1/5360 2901/1/5360
f 2884/1/5361 2899/1/5361 2871/1/5361
f 2871/1/5361 2874/1/5361 2884/1/5361
f 2875/1/5362 2902/1/5362 2900/1/5362
f 2900/1/5362 2872/1/5362 2875/1/5362
f 2876/1/5363 2903/1/5363 2901/1/5363
f 2901/1/5363 2873/1/5363 2876/1/5363
f 2884/1/5364 2874/1/5365 2877/1/5365
f 2877/1/5365 2885/1/5365 2884/1/5364
f 2878/1/5366 2904/1/5366 2902/1/5366
f 2902/1/5366 2875/1/5366 2878/1/5366
f 2894/1/5367 2903/1/5367 2876/1/5367
f 2876/1/5367 2865/1/5367 2894/1/5367
f 2879/1/5368 2905/1/5368 2885/1/5368
f 2885/1/5368 2877/1/5368 2879/1/5368
f 2904/1/5369 2878/1/5370 2880/1/5369
f 2880/1/5369 2906/1/5370 2904/1/5369
f 2905/1/5371 2879/1/5372 2881/1/5373
f 2881/1/5373 2907/1/5372 2905/1/5371
f 2882/1/5374 2908/1/5374 2906/1/5374
f 2906/1/5374 2880/1/5374 2882/1/5374
f 2907/1/5375 2881/1/5376 2821/1/5377
f 2821/1/5377 2909/1/5376 2907/1/5375
f 2910/1/5378 2908/1/5378 2882/1/5378
f 2882/1/5378 2856/1/5378 2910/1/5378
f 2911/1/5379 2909/1/5380 2821/1/5381
f 2821/1/5381 2820/1/5380 2911/1/5379
f 2912/1/5382 2910/1/5382 2856/1/5382
f 2856/1/5382 2855/1/5382 2912/1/5382
f 2857/1/5383 2913/1/5384 2911/1/5385
f 2911/1/5385 2820/1/5386 2857/1/5383
f 2858/1/5387 2914/1/5387 2912/1/5387
f 2912/1/5387 2855/1/5387 2858/1/5387
f 2913/1/5388 2857/1/5389 2854/1/5390
f 2854/1/5390 2853/1/5391 2913/1/5388
f 2858/1/5392 2859/1/5392 2888/1/5393
f 2888/1/5393 2914/1/5392 2858/1/5392
f 2915/1/5394 2916/1/5395 2917/1/5396
f 2917/1/5396 2918/1/5397 2915/1/5394
f 2904/1/5398 2919/1/5399 2920/1/5400
f 2920/1/5400 2902/1/5401 2904/1/5398
f 2903/1/5402 2894/1/5403 2921/1/5403
f 2921/1/5403 2922/1/5404 2903/1/5402
f 2923/1/5405 2886/1/5406 2885/1/5407
f 2885/1/5407 2905/1/5408 2923/1/5405
f 2904/1/5409 2906/1/5409 2924/1/5410
f 2924/1/5410 2919/1/5409 2904/1/5409
f 2907/1/5411 2916/1/5412 2923/1/5411
f 2923/1/5411 2905/1/5412 2907/1/5411
f 2925/1/5413 2924/1/5413 2906/1/5413
f 2906/1/5413 2908/1/5413 2925/1/5413
f 2909/1/5414 2917/1/5415 2916/1/5415
f 2916/1/5415 2907/1/5416 2909/1/5414
f 2910/1/5417 2926/1/5418 2925/1/5419
f 2925/1/5419 2908/1/5420 2910/1/5417
f 2917/1/5421 2909/1/5422 2911/1/5423
f 2911/1/5423 2927/1/5424 2917/1/5421
f 2912/1/5425 2928/1/5426 2926/1/5427
f 2926/1/5427 2910/1/5428 2912/1/5425
f 2913/1/5429 2929/1/5430 2927/1/5431
f 2927/1/5431 2911/1/5432 2913/1/5429
f 2912/1/5433 2914/1/5434 2930/1/5434
f 2930/1/5434 2928/1/5434 2912/1/5433
f 2913/1/5435 2853/1/5436 2931/1/5437
f 2931/1/5437 2929/1/5438 2913/1/5435
f 2888/1/5439 2932/1/5439 2930/1/5439
f 2930/1/5439 2914/1/5439 2888/1/5439
f 2933/1/5440 2931/1/5441 2853/1/5442
f 2853/1/5442 2852/1/5441 2933/1/5440
f 2934/1/5443 2932/1/5444 2888/1/5445
f 2888/1/5445 2887/1/5446 2934/1/5443
f 2933/1/5447 2852/1/5447 2889/1/5447
f 2889/1/5447 2935/1/5448 2933/1/5447
f 2936/1/5449 2934/1/5450 2887/1/5449
f 2887/1/5449 2890/1/5451 2936/1/5449
f 2891/1/5452 2937/1/5453 2935/1/5454
f 2935/1/5454 2889/1/5455 2891/1/5452
f 2890/1/5456 2892/1/5456 2938/1/5456
f 2938/1/5456 2936/1/5456 2890/1/5456
f 2939/1/5457 2921/1/5458 2894/1/5457
f 2894/1/5457 2893/1/5457 2939/1/5457
f 2891/1/5459 2895/1/5460 2940/1/5461
f 2940/1/5461 2937/1/5462 2891/1/5459
f 2938/1/5463 2892/1/5464 2896/1/5464
f 2896/1/5464 2941/1/5465 2938/1/5463
f 2939/1/5466 2893/1/5467 2897/1/5466
f 2897/1/5466 2942/1/5468 2939/1/5466
f 2898/1/5469 2943/1/5470 2940/1/5470
f 2940/1/5470 2895/1/5471 2898/1/5469
f 2896/1/5472 2899/1/5473 2944/1/5473
f 2944/1/5473 2941/1/5474 2896/1/5472
f 2897/1/5475 2900/1/5476 2945/1/5475
f 2945/1/5475 2942/1/5475 2897/1/5475
f 2946/1/5477 2943/1/5477 2898/1/5477
f 2898/1/5477 2901/1/5478 2946/1/5477
f 2884/1/5479 2883/1/5480 2944/1/5479
f 2944/1/5479 2899/1/5479 2884/1/5479
f 2920/1/5481 2945/1/5482 2900/1/5483
f 2900/1/5483 2902/1/5483 2920/1/5481
f 2922/1/5484 2946/1/5485 2901/1/5486
f 2901/1/5486 2903/1/5487 2922/1/5484
f 2947/1/5488 2948/1/5489 2949/1/5490
f 2949/1/5490 2950/1/5489 2947/1/5488
f 2951/1/5491 2925/1/5492 2926/1/5493
f 2926/1/5493 2952/1/5494 2951/1/5491
f 2917/1/5495 2927/1/5496 2953/1/5497
f 2953/1/5497 2918/1/5495 2917/1/5495
f 2954/1/5498 2952/1/5499 2926/1/5500
f 2926/1/5500 2928/1/5501 2954/1/5498
f 2948/1/5502 2953/1/5503 2927/1/5504
f 2927/1/5504 2929/1/5503 2948/1/5502
f 2928/1/5505 2930/1/5506 2955/1/5507
f 2955/1/5507 2954/1/5508 2928/1/5505
f 2931/1/5509 2949/1/5510 2948/1/5511
f 2948/1/5511 2929/1/5510 2931/1/5509
f 2956/1/5512 2955/1/5513 2930/1/5514
f 2930/1/5514 2932/1/5515 2956/1/5512
f 2933/1/5516 2957/1/5517 2949/1/5518
f 2949/1/5518 2931/1/5519 2933/1/5516
f 2934/1/5520 2958/1/5521 2956/1/5522
f 2956/1/5522 2932/1/5523 2934/1/5520
f 2957/1/5524 2933/1/5524 2935/1/5525
f 2935/1/5525 2959/1/5526 2957/1/5524
f 2936/1/5527 2960/1/5528 2958/1/5529
f 2958/1/5529 2934/1/5530 2936/1/5527
f 2959/1/5531 2935/1/5532 2937/1/5531
f 2937/1/5531 2961/1/5533 2959/1/5531
f 2960/1/5534 2936/1/5535 2938/1/5535
f 2938/1/5535 2962/1/5534 2960/1/5534
f 2963/1/5536 2964/1/5536 2921/1/5536
f 2921/1/5536 2939/1/5536 2963/1/5536
f 2937/1/5537 2940/1/5538 2965/1/5539
f 2965/1/5539 2961/1/5540 2937/1/5537
f 2966/1/5541 2962/1/5542 2938/1/5543
f 2938/1/5543 2941/1/5544 2966/1/5541
f 2967/1/5545 2963/1/5546 2939/1/5547
f 2939/1/5547 2942/1/5545 2967/1/5545
f 2968/1/5548 2965/1/5549 2940/1/5548
f 2940/1/5548 2943/1/5550 2968/1/5548
f 2941/1/5551 2944/1/5552 2969/1/5553
f 2969/1/5553 2966/1/5554 2941/1/5551
f 2945/1/5555 2970/1/5556 2967/1/5557
f 2967/1/5557 2942/1/5558 2945/1/5555
f 2946/1/5559 2971/1/5560 2968/1/5560
f 2968/1/5560 2943/1/5559 2946/1/5559
f 2972/1/5561 2969/1/5562 2944/1/5561
f 2944/1/5561 2883/1/5563 2972/1/5561
f 2970/1/5564 2945/1/5565 2920/1/5566
f 2920/1/5566 2973/1/5567 2970/1/5564
f 2922/1/5568 2974/1/5569 2971/1/5568
f 2971/1/5568 2946/1/5568 2922/1/5568
f 2886/1/5570 2975/1/5571 2972/1/5571
f 2972/1/5571 2883/1/5572 2886/1/5570
f 2976/1/5573 2973/1/5574 2920/1/5575
f 2920/1/5575 2919/1/5576 2976/1/5573
f 2974/1/5577 2922/1/5578 2921/1/5577
f 2921/1/5577 2964/1/5578 2974/1/5577
f 2923/1/5579 2977/1/5580 2975/1/5581
f 2975/1/5581 2886/1/5582 2923/1/5579
f 2924/1/5583 2978/1/5584 2976/1/5585
f 2976/1/5585 2919/1/5586 2924/1/5583
f 2977/1/5587 2923/1/5588 2916/1/5589
f 2916/1/5589 2915/1/5588 2977/1/5587
f 2925/1/5590 2951/1/5591 2978/1/5592
f 2978/1/5592 2924/1/5593 2925/1/5590
f 2979/1/5594 2980/1/5594 2981/1/5594
f 2979/1/5594 2981/1/5594 2982/1/5595
f 2982/1/5595 2983/1/5594 2984/1/5594
f 2982/1/5595 2984/1/5594 2985/1/5596
f 2979/1/5594 2982/1/5595 2985/1/5596
f 2985/1/5596 2986/1/5594 2987/1/5597
f 2985/1/5596 2987/1/5597 2988/1/5598
f 2989/1/5594 2990/1/5594 2991/1/5599
f 2988/1/5598 2989/1/5594 2991/1/5599
f 2985/1/5596 2988/1/5598 2991/1/5599
f 2979/1/5594 2985/1/5596 2991/1/5599
f 2991/1/5599 2992/1/5594 2993/1/5594
f 2991/1/5599 2993/1/5594 2994/1/5600
f 2995/1/5597 2996/1/5601 2997/1/5602
f 2994/1/5600 2995/1/5597 2997/1/5602
f 2991/1/5599 2994/1/5600 2997/1/5602
f 2979/1/5594 2991/1/5599 2997/1/5602
f 2997/1/5602 2998/1/5603 2999/1/5604
f 2997/1/5602 2999/1/5604 3000/1/5605
f 2997/1/5602 3000/1/5605 2947/1/5606
f 2979/1/5594 2997/1/5602 2947/1/5606
f 3001/1/5594 3002/1/5594 3003/1/5604
f 2950/1/5594 3001/1/5594 3003/1/5604
f 2947/1/5606 2950/1/5594 3003/1/5604
f 2947/1/5606 3003/1/5604 3004/1/5607
f 2979/1/5594 2947/1/5606 3004/1/5607
f 3004/1/5607 3005/1/5594 3006/1/5608
f 3004/1/5607 3006/1/5608 3007/1/5609
f 3004/1/5607 3007/1/5609 3008/1/5594
f 2979/1/5594 3004/1/5607 3008/1/5594
f 2956/1/5610 2989/1/5610 2988/1/5610
f 2988/1/5610 2955/1/5610 2956/1/5610
f 3001/1/5611 2950/1/5612 2949/1/5613
f 2949/1/5613 2957/1/5612 3001/1/5611
f 2989/1/5614 2956/1/5614 2958/1/5614
f 2958/1/5614 2990/1/5614 2989/1/5614
f 2957/1/5615 2959/1/5615 3002/1/5615
f 3002/1/5615 3001/1/5615 2957/1/5615
f 2991/1/5616 2990/1/5616 2958/1/5616
f 2958/1/5616 2960/1/5616 2991/1/5616
f 3003/1/5617 3002/1/5618 2959/1/5619
f 2959/1/5619 2961/1/5618 3003/1/5617
f 2960/1/5620 2962/1/5621 2992/1/5620
f 2992/1/5620 2991/1/5620 2960/1/5620
f 2979/1/5622 3008/1/5622 2964/1/5622
f 2964/1/5622 2963/1/5622 2979/1/5622
f 2965/1/5623 3004/1/5624 3003/1/5624
f 3003/1/5624 2961/1/5624 2965/1/5623
f 2993/1/5625 2992/1/5625 2962/1/5625
f 2962/1/5625 2966/1/5625 2993/1/5625
f 2963/1/5626 2967/1/5626 2980/1/5626
f 2980/1/5626 2979/1/5626 2963/1/5626
f 2968/1/5627 3005/1/5628 3004/1/5628
f 3004/1/5628 2965/1/5628 2968/1/5627
f 2969/1/5629 2994/1/5629 2993/1/5629
f 2993/1/5629 2966/1/5629 2969/1/5629
f 2981/1/5630 2980/1/5630 2967/1/5630
f 2967/1/5630 2970/1/5630 2981/1/5630
f 3005/1/5631 2968/1/5631 2971/1/5632
f 2971/1/5632 3006/1/5631 3005/1/5631
f 2972/1/5633 2995/1/5633 2994/1/5633
f 2994/1/5633 2969/1/5633 2972/1/5633
f 2973/1/5634 2982/1/5634 2981/1/5634
f 2981/1/5634 2970/1/5634 2973/1/5634
f 3007/1/5635 3006/1/5635 2971/1/5635
f 2971/1/5635 2974/1/5635 3007/1/5635
f 2995/1/5636 2972/1/5636 2975/1/5636
f 2975/1/5636 2996/1/5636 2995/1/5636
f 2976/1/5637 2983/1/5637 2982/1/5637
f 2982/1/5637 2973/1/5637 2976/1/5637
f 2964/1/5638 3008/1/5638 3007/1/5638
f 3007/1/5638 2974/1/5638 2964/1/5638
f 2997/1/5639 2996/1/5639 2975/1/5639
f 2975/1/5639 2977/1/5639 2997/1/5639
f 2983/1/5640 2976/1/5640 2978/1/5640
f 2978/1/5640 2984/1/5640 2983/1/5640
f 2977/1/5641 2915/1/5642 2998/1/5642
f 2998/1/5642 2997/1/5642 2977/1/5641
f 2985/1/5643 2984/1/5643 2978/1/5643
f 2978/1/5643 2951/1/5643 2985/1/5643
f 2999/1/5644 2998/1/5644 2915/1/5645
f 2915/1/5645 2918/1/5644 2999/1/5644
f 2951/1/5646 2952/1/5646 2986/1/5646
f 2986/1/5646 2985/1/5646 2951/1/5646
f 2953/1/5647 3000/1/5648 2999/1/5648
f 2999/1/5648 2918/1/5648 2953/1/5647
f 2987/1/5649 2986/1/5650 2952/1/5650
f 2952/1/5650 2954/1/5650 2987/1/5649
f 2948/1/5651 2947/1/5651 3000/1/5652
f 3000/1/5652 2953/1/5651 2948/1/5651
f 2955/1/5653 2988/1/5653 2987/1/5653
f 2987/1/5653 2954/1/5653 2955/1/5653
f 3009/1/1 3010/1/1 3011/1/1
f 3011/1/1 3012/1/1 3013/1/1
f 3009/1/1 3011/1/1 3013/1/1
f 3013/1/1 3014/1/1 3015/1/1
f 3015/1/1 3016/1/1 3017/1/1
f 3013/1/1 3015/1/1 3017/1/1
f 3009/1/1 3013/1/1 3017/1/1
f 3017/1/1 3018/1/1 3019/1/1
f 3019/1/1 3020/1/1 3021/1/1
f 3017/1/1 3019/1/1 3021/1/1
f 3021/1/1 3022/1/1 3023/1/1
f 3023/1/1 3024/1/1 3025/1/1
f 3021/1/1 3023/1/1 3025/1/1
f 3017/1/1 3021/1/1 3025/1/1
f 3025/1/1 3026/1/1 3027/1/1
f 3027/1/1 3028/1/1 3029/1/1
f 3025/1/1 3027/1/1 3029/1/1
f 3029/1/1 3030/1/1 3031/1/1
f 3031/1/1 3032/1/1 3033/1/1
f 3029/1/1 3031/1/1 3033/1/1
f 3025/1/1 3029/1/1 3033/1/1
f 3017/1/1 3025/1/1 3033/1/1
f 3009/1/1 3017/1/1 3033/1/1
f 3034/1/1 3035/1/1 3036/1/1
f 3033/1/1 3034/1/1 3036/1/1
f 3033/1/1 3036/1/1 3037/1/1
f 3009/1/1 3033/1/1 3037/1/1
f 3038/1/1 3009/1/1 3037/1/1
f 3038/1/1 3037/1/1 3039/1/1
f 3038/1/1 3039/1/1 3040/1/1
f 3041/1/5654 3042/1/5654 3043/1/5654
f 3043/1/5654 3044/1/5654 3041/1/5654
f 3045/1/5655 3033/1/5655 3032/1/5656
f 3032/1/5656 3046/1/5657 3045/1/5655
f 3018/1/5658 3047/1/5659 3048/1/5659
f 3048/1/5659 3019/1/5660 3018/1/5658
f 3032/1/5661 3031/1/5662 3049/1/5663
f 3049/1/5663 3046/1/5662 3032/1/5661
f 3017/1/5664 3050/1/5665 3047/1/5664
f 3047/1/5664 3018/1/5666 3017/1/5664
f 3030/1/5667 3051/1/5667 3049/1/5668
f 3049/1/5668 3031/1/5669 3030/1/5667
f 3016/1/5670 3052/1/5670 3050/1/5671
f 3050/1/5671 3017/1/5672 3016/1/5670
f 3029/1/5673 3053/1/5674 3051/1/5675
f 3051/1/5675 3030/1/5676 3029/1/5673
f 3015/1/5677 3054/1/5678 3052/1/5677
f 3052/1/5677 3016/1/5679 3015/1/5677
f 3028/1/5680 3055/1/5681 3053/1/5681
f 3053/1/5681 3029/1/5681 3028/1/5680
f 3014/1/5682 3056/1/5683 3054/1/5684
f 3054/1/5684 3015/1/5682 3014/1/5682
f 3027/1/5685 3057/1/5686 3055/1/5686
f 3055/1/5686 3028/1/5687 3027/1/5685
f 3058/1/5688 3009/1/5689 3038/1/5688
f 3038/1/5688 3059/1/5690 3058/1/5688
f 3013/1/5691 3060/1/5691 3056/1/5692
f 3056/1/5692 3014/1/5693 3013/1/5691
f 3026/1/5694 3061/1/5695 3057/1/5695
f 3057/1/5695 3027/1/5696 3026/1/5694
f 3059/1/5697 3038/1/5698 3040/1/5699
f 3040/1/5699 3062/1/5700 3059/1/5697
f 3012/1/5701 3063/1/5701 3060/1/5701
f 3060/1/5701 3013/1/5702 3012/1/5701
f 3025/1/5703 3064/1/5704 3061/1/5703
f 3061/1/5703 3026/1/5705 3025/1/5703
f 3062/1/5706 3040/1/5707 3039/1/5706
f 3039/1/5706 3044/1/5708 3062/1/5706
f 3011/1/5709 3065/1/5710 3063/1/5711
f 3063/1/5711 3012/1/5712 3011/1/5709
f 3024/1/5713 3066/1/5714 3064/1/5713
f 3064/1/5713 3025/1/5713 3024/1/5713
f 3039/1/5715 3037/1/5716 3041/1/5717
f 3041/1/5717 3044/1/5718 3039/1/5715
f 3010/1/5719 3067/1/5720 3065/1/5720
f 3065/1/5720 3011/1/5721 3010/1/5719
f 3023/1/5722 3068/1/5723 3066/1/5724
f 3066/1/5724 3024/1/5723 3023/1/5722
f 3036/1/5725 3069/1/5726 3041/1/5726
f 3041/1/5726 3037/1/5727 3036/1/5725
f 3010/1/5728 3009/1/5729 3058/1/5728
f 3058/1/5728 3067/1/5730 3010/1/5728
f 3022/1/5731 3070/1/5732 3068/1/5733
f 3068/1/5733 3023/1/5734 3022/1/5731
f 3071/1/5735 3069/1/5736 3036/1/5737
f 3036/1/5737 3035/1/5738 3071/1/5735
f 3021/1/5739 3072/1/5740 3070/1/5741
f 3070/1/5741 3022/1/5742 3021/1/5739
f 3034/1/5743 3073/1/5743 3071/1/5744
f 3071/1/5744 3035/1/5745 3034/1/5743
f 3020/1/5746 3074/1/5747 3072/1/5748
f 3072/1/5748 3021/1/5748 3020/1/5746
f 3045/1/5749 3073/1/5750 3034/1/5750
f 3034/1/5750 3033/1/5751 3045/1/5749
f 3019/1/5752 3048/1/5753 3074/1/5754
f 3074/1/5754 3020/1/5754 3019/1/5752
f 3075/1/114 3076/1/114 3043/1/114
f 3043/1/114 3042/1/114 3077/1/114
f 3075/1/114 3043/1/114 3077/1/114
f 3077/1/114 3078/1/114 3079/1/114
f 3077/1/114 3079/1/114 3080/1/114
f 3075/1/114 3077/1/114 3080/1/114
f 3075/1/114 3080/1/114 3081/1/114
f 3081/1/114 3082/1/114 3083/1/114
f 3083/1/114 3084/1/114 3085/1/114
f 3081/1/114 3083/1/114 3085/1/114
f 3085/1/114 3086/1/114 3087/1/114
f 3087/1/114 3088/1/114 3089/1/114
f 3085/1/114 3087/1/114 3089/1/114
f 3081/1/114 3085/1/114 3089/1/114
f 3089/1/114 3090/1/114 3091/1/114
f 3091/1/114 3092/1/114 3093/1/114
f 3089/1/114 3091/1/114 3093/1/114
f 3093/1/114 3094/1/114 3095/1/114
f 3095/1/114 3096/1/114 3097/1/114
f 3093/1/114 3095/1/114 3097/1/114
f 3089/1/114 3093/1/114 3097/1/114
f 3081/1/114 3089/1/114 3097/1/114
f 3097/1/114 3098/1/114 3099/1/114
f 3099/1/114 3100/1/114 3101/1/114
f 3097/1/114 3099/1/114 3101/1/114
f 3101/1/114 3102/1/114 3103/1/114
f 3101/1/114 3103/1/114 3104/1/114
f 3097/1/114 3101/1/114 3104/1/114
f 3081/1/114 3097/1/114 3104/1/114
f 3075/1/114 3081/1/114 3104/1/114
f 3067/1/5755 3103/1/5756 3102/1/5757
f 3102/1/5757 3065/1/5756 3067/1/5755
f 3068/1/5758 3090/1/5759 3089/1/5760
f 3089/1/5760 3066/1/5761 3068/1/5758
f 3069/1/136 3077/1/136 3042/1/136
f 3042/1/136 3041/1/136 3069/1/136
f 3067/1/5762 3058/1/5762 3104/1/5762
f 3104/1/5762 3103/1/5762 3067/1/5762
f 3070/1/5763 3091/1/5763 3090/1/5763
f 3090/1/5763 3068/1/5763 3070/1/5763
f 3071/1/5764 3078/1/5764 3077/1/5764
f 3077/1/5764 3069/1/5764 3071/1/5764
f 3072/1/141 3092/1/141 3091/1/141
f 3091/1/141 3070/1/141 3072/1/141
f 3073/1/5765 3079/1/5766 3078/1/5766
f 3078/1/5766 3071/1/5766 3073/1/5765
f 3074/1/143 3093/1/5767 3092/1/143
f 3092/1/143 3072/1/143 3074/1/143
f 3045/1/5768 3080/1/5768 3079/1/5768
f 3079/1/5768 3073/1/5769 3045/1/5768
f 3048/1/5770 3094/1/5770 3093/1/5770
f 3093/1/5770 3074/1/5770 3048/1/5770
f 3046/1/5771 3081/1/5771 3080/1/5771
f 3080/1/5771 3045/1/146 3046/1/5771
f 3047/1/5772 3095/1/5772 3094/1/5772
f 3094/1/5772 3048/1/5773 3047/1/5772
f 3049/1/5774 3082/1/5774 3081/1/5775
f 3081/1/5775 3046/1/5776 3049/1/5774
f 3050/1/5777 3096/1/149 3095/1/5777
f 3095/1/5777 3047/1/5777 3050/1/5777
f 3051/1/5778 3083/1/5778 3082/1/5778
f 3082/1/5778 3049/1/5778 3051/1/5778
f 3052/1/5779 3097/1/5780 3096/1/5779
f 3096/1/5779 3050/1/5779 3052/1/5779
f 3053/1/115 3084/1/115 3083/1/115
f 3083/1/115 3051/1/5781 3053/1/115
f 3054/1/5782 3098/1/5782 3097/1/5782
f 3097/1/5782 3052/1/5782 3054/1/5782
f 3055/1/117 3085/1/117 3084/1/117
f 3084/1/117 3053/1/117 3055/1/117
f 3056/1/5783 3099/1/5783 3098/1/5783
f 3098/1/5783 3054/1/5783 3056/1/5783
f 3057/1/5784 3086/1/5784 3085/1/5784
f 3085/1/5784 3055/1/5784 3057/1/5784
f 3059/1/5785 3075/1/5785 3104/1/5785
f 3104/1/5785 3058/1/5785 3059/1/5785
f 3060/1/121 3100/1/121 3099/1/121
f 3099/1/121 3056/1/121 3060/1/121
f 3061/1/5786 3087/1/5787 3086/1/5788
f 3086/1/5788 3057/1/5787 3061/1/5786
f 3062/1/5789 3076/1/5789 3075/1/5790
f 3075/1/5790 3059/1/123 3062/1/5789
f 3063/1/5791 3101/1/5791 3100/1/5791
f 3100/1/5791 3060/1/5791 3063/1/5791
f 3064/1/5792 3088/1/5792 3087/1/5792
f 3087/1/5792 3061/1/5792 3064/1/5792
f 3044/1/5793 3043/1/5794 3076/1/5794
f 3076/1/5794 3062/1/5795 3044/1/5793
f 3065/1/5796 3102/1/5796 3101/1/128
f 3101/1/128 3063/1/5796 3065/1/5796
f 3066/1/5797 3089/1/131 3088/1/5797
f 3088/1/5797 3064/1/5797 3066/1/5797
f 3105/1/1 3106/1/1 3107/1/1
f 3107/1/1 3108/1/1 3109/1/1
f 3105/1/1 3107/1/1 3109/1/1
f 3109/1/1 3110/1/1 3111/1/1
f 3111/1/1 3112/1/1 3113/1/1
f 3109/1/1 3111/1/1 3113/1/1
f 3105/1/1 3109/1/1 3113/1/1
f 3113/1/1 3114/1/1 3115/1/1
f 3115/1/1 3116/1/1 3117/1/1
f 3113/1/1 3115/1/1 3117/1/1
f 3117/1/1 3118/1/1 3119/1/1
f 3119/1/1 3120/1/1 3121/1/1
f 3117/1/1 3119/1/1 3121/1/1
f 3113/1/1 3117/1/1 3121/1/1
f 3121/1/1 3122/1/1 3123/1/1
f 3123/1/1 3124/1/1 3125/1/1
f 3121/1/1 3123/1/1 3125/1/1
f 3125/1/1 3126/1/1 3127/1/1
f 3127/1/1 3128/1/1 3129/1/1
f 3125/1/1 3127/1/1 3129/1/1
f 3121/1/1 3125/1/1 3129/1/1
f 3113/1/1 3121/1/1 3129/1/1
f 3105/1/1 3113/1/1 3129/1/1
f 3130/1/1 3131/1/1 3132/1/1
f 3129/1/1 3130/1/1 3132/1/1
f 3129/1/1 3132/1/1 3133/1/1
f 3105/1/1 3129/1/1 3133/1/1
f 3134/1/1 3105/1/1 3133/1/1
f 3134/1/1 3133/1/1 3135/1/1
f 3134/1/1 3135/1/1 3136/1/1
f 3137/1/114 3138/1/114 3139/1/114
f 3139/1/114 3140/1/114 3141/1/114
f 3137/1/114 3139/1/114 3141/1/114
f 3141/1/114 3142/1/114 3143/1/114
f 3143/1/114 3144/1/114 3145/1/114
f 3141/1/114 3143/1/114 3145/1/114
f 3137/1/114 3141/1/114 3145/1/114
f 3145/1/114 3146/1/114 3147/1/114
f 3147/1/114 3148/1/114 3149/1/114
f 3145/1/114 3147/1/114 3149/1/114
f 3149/1/114 3150/1/114 3151/1/114
f 3151/1/114 3152/1/114 3153/1/114
f 3149/1/114 3151/1/114 3153/1/114
f 3145/1/114 3149/1/114 3153/1/114
f 3137/1/114 3145/1/114 3153/1/114
f 3153/1/114 3154/1/114 3155/1/114
f 3155/1/114 3156/1/114 3157/1/114
f 3153/1/114 3155/1/114 3157/1/114
f 3157/1/114 3158/1/114 3159/1/114
f 3159/1/114 3160/1/114 3161/1/114
f 3157/1/114 3159/1/114 3161/1/114
f 3153/1/114 3157/1/114 3161/1/114
f 3161/1/114 3162/1/114 3163/1/114
f 3163/1/114 3164/1/114 3165/1/114
f 3161/1/114 3163/1/114 3165/1/114
f 3165/1/114 3166/1/114 3167/1/114
f 3165/1/114 3167/1/114 3168/1/114
f 3161/1/114 3165/1/114 3168/1/114
f 3153/1/114 3161/1/114 3168/1/114
f 3137/1/114 3153/1/114 3168/1/114
f 3130/1/5798 3143/1/5799 3142/1/5800
f 3142/1/5800 3131/1/5801 3130/1/5798
f 3116/1/5802 3157/1/5803 3156/1/5803
f 3156/1/5803 3117/1/5804 3116/1/5802
f 3144/1/5805 3143/1/5806 3130/1/5806
f 3130/1/5806 3129/1/5807 3144/1/5805
f 3115/1/5808 3158/1/5809 3157/1/5810
f 3157/1/5810 3116/1/5811 3115/1/5808
f 3144/1/5812 3129/1/5813 3128/1/5814
f 3128/1/5814 3145/1/5815 3144/1/5812
f 3114/1/5816 3159/1/5817 3158/1/5818
f 3158/1/5818 3115/1/5819 3114/1/5816
f 3128/1/5820 3127/1/5821 3146/1/5822
f 3146/1/5822 3145/1/5823 3128/1/5820
f 3113/1/5824 3160/1/5825 3159/1/5826
f 3159/1/5826 3114/1/5824 3113/1/5824
f 3126/1/5827 3147/1/5827 3146/1/5828
f 3146/1/5828 3127/1/5829 3126/1/5827
f 3112/1/5830 3161/1/5831 3160/1/5832
f 3160/1/5832 3113/1/5832 3112/1/5830
f 3125/1/5833 3148/1/5834 3147/1/5835
f 3147/1/5835 3126/1/5836 3125/1/5833
f 3111/1/5837 3162/1/5838 3161/1/5839
f 3161/1/5839 3112/1/5840 3111/1/5837
f 3124/1/5841 3149/1/5842 3148/1/5843
f 3148/1/5843 3125/1/5844 3124/1/5841
f 3110/1/5845 3163/1/5846 3162/1/5847
f 3162/1/5847 3111/1/5848 3110/1/5845
f 3123/1/5849 3150/1/5850 3149/1/5851
f 3149/1/5851 3124/1/5852 3123/1/5849
f 3168/1/5853 3105/1/5854 3134/1/5855
f 3134/1/5855 3137/1/5856 3168/1/5853
f 3109/1/5857 3164/1/5858 3163/1/5859
f 3163/1/5859 3110/1/5860 3109/1/5857
f 3122/1/5861 3151/1/5862 3150/1/5863
f 3150/1/5863 3123/1/5864 3122/1/5861
f 3137/1/5865 3134/1/5866 3136/1/5867
f 3136/1/5867 3138/1/5866 3137/1/5865
f 3108/1/5868 3165/1/5869 3164/1/5870
f 3164/1/5870 3109/1/5871 3108/1/5868
f 3121/1/5872 3152/1/5873 3151/1/5874
f 3151/1/5874 3122/1/5872 3121/1/5872
f 3138/1/5875 3136/1/5876 3135/1/5877
f 3135/1/5877 3139/1/5878 3138/1/5875
f 3107/1/5879 3166/1/5880 3165/1/5881
f 3165/1/5881 3108/1/5882 3107/1/5879
f 3120/1/5883 3153/1/5883 3152/1/5883
f 3152/1/5883 3121/1/5884 3120/1/5883
f 3135/1/5885 3133/1/5886 3140/1/5887
f 3140/1/5887 3139/1/5887 3135/1/5885
f 3106/1/5888 3167/1/5889 3166/1/5890
f 3166/1/5890 3107/1/5891 3106/1/5888
f 3119/1/5892 3154/1/5893 3153/1/5894
f 3153/1/5894 3120/1/5895 3119/1/5892
f 3132/1/5896 3141/1/5897 3140/1/5897
f 3140/1/5897 3133/1/5898 3132/1/5896
f 3106/1/5899 3105/1/5900 3168/1/5901
f 3168/1/5901 3167/1/5902 3106/1/5899
f 3118/1/5903 3155/1/5904 3154/1/5904
f 3154/1/5904 3119/1/5905 3118/1/5903
f 3142/1/5906 3141/1/5907 3132/1/5906
f 3132/1/5906 3131/1/5906 3142/1/5906
f 3117/1/5908 3156/1/5908 3155/1/5909
f 3155/1/5909 3118/1/5910 3117/1/5908
f 3169/2/5911 3170/3/5911 3171/4/5912
f 3171/4/5912 3172/5/5912 3169/2/5911
f 3170/3/5913 3173/6/5913 3174/7/5913
f 3174/7/5913 3171/4/5913 3170/3/5913
f 3173/6/5914 3175/8/5914 3176/9/5914
f 3176/9/5914 3174/7/5914 3173/6/5914
f 3175/8/5915 3177/10/5915 3178/11/5915
f 3178/11/5915 3176/9/5915 3175/8/5915
f 3179/12/5916 3180/13/5916 3178/11/5916
f 3178/11/5916 3177/10/5916 3179/12/5916
f 3181/14/5917 3180/13/5917 3179/12/5917
f 3179/12/5917 3182/15/5917 3181/14/5917
f 3183/16/5918 3181/14/5918 3182/15/5918
f 3182/15/5918 3184/17/5918 3183/16/5918
f 3185/18/5919 3186/19/5919 3183/16/5919
f 3183/16/5919 3184/17/5919 3185/18/5919
f 3187/20/5920 3186/19/5921 3185/18/5920
f 3185/18/5920 3188/21/5920 3187/20/5920
f 3189/22/5922 3187/20/5923 3188/21/5923
f 3188/21/5923 3190/23/5922 3189/22/5922
f 3191/24/5924 3189/22/5924 3190/23/5924
f 3190/23/5924 3192/25/5924 3191/24/5924
f 3193/26/5925 3194/27/5925 3191/24/5925
f 3191/24/5925 3192/25/5925 3193/26/5925
f 3195/28/5926 3194/27/5927 3193/26/5926
f 3193/26/5926 3196/29/5928 3195/28/5926
f 3197/30/5929 3195/28/5929 3196/29/5929
f 3196/29/5929 3198/31/5929 3197/30/5929
f 3199/32/5930 3197/30/5930 3198/31/5930
f 3198/31/5930 3200/33/5930 3199/32/5930
f 3201/34/5931 3199/32/5931 3200/33/5931
f 3200/33/5931 3202/35/5931 3201/34/5931
f 3203/36/5932 3201/34/5932 3202/35/5932
f 3202/35/5932 3204/37/5932 3203/36/5932
f 3205/38/5933 3203/36/5933 3204/37/5933
f 3204/37/5933 3206/39/5933 3205/38/5933
f 3207/40/5934 3205/38/5934 3206/39/5934
f 3206/39/5934 3208/41/5934 3207/40/5934
f 3209/42/5935 3210/43/5935 3207/40/5935
f 3207/40/5935 3208/41/5935 3209/42/5935
f 3209/42/5936 3211/44/5936 3212/45/5936
f 3212/45/5936 3210/43/5936 3209/42/5936
f 3213/46/5937 3212/45/5937 3211/44/5937
f 3211/44/5937 3214/47/5937 3213/46/5937
f 3215/48/5938 3213/46/5938 3214/47/5938
f 3214/47/5938 3216/49/5938 3215/48/5938
f 3217/50/5939 3218/51/5939 3215/48/5939
f 3215/48/5939 3216/49/5939 3217/50/5939
f 3219/52/5940 3220/53/5940 3218/51/5940
f 3218/51/5940 3217/50/5940 3219/52/5940
f 3221/54/5941 3220/53/5941 3219/52/5941
f 3219/52/5941 3222/55/5941 3221/54/5941
f 3223/56/5942 3224/57/5942 3221/54/5942
f 3221/54/5942 3222/55/5942 3223/56/5942
f 3225/58/5943 3224/57/5943 3223/56/5943
f 3223/56/5943 3226/59/5943 3225/58/5943
f 3227/60/5944 3225/58/5944 3226/59/5944
f 3226/59/5944 3228/61/5944 3227/60/5944
f 3229/62/5945 3230/63/5945 3227/60/5945
f 3227/60/5945 3228/61/5945 3229/62/5945
f 3185/18/5946 3231/18/5946 3232/21/5946
f 3232/21/5946 3188/21/5946 3185/18/5946
f 3233/64/5947 3234/65/5947 3230/63/5947
f 3230/63/5947 3229/62/5947 3233/64/5947
f 3234/65/5948 3233/64/5948 3169/66/5948
f 3169/66/5948 3172/67/5948 3234/65/5948
f 3171/68/1 3174/69/1 3176/70/1
f 3171/68/1 3176/70/1 3178/71/1
f 3178/71/1 3180/72/5949 3181/73/1
f 3181/73/1 3183/74/1 3186/75/1
f 3186/75/1 3187/76/1 3189/77/1
f 3181/73/1 3186/75/1 3189/77/1
f 3178/71/1 3181/73/1 3189/77/1
f 3189/77/1 3191/78/5950 3194/79/1
f 3194/79/1 3195/80/5950 3197/81/1
f 3189/77/1 3194/79/1 3197/81/1
f 3197/81/1 3199/82/5951 3201/83/1
f 3201/83/1 3203/84/1 3205/85/1
f 3197/81/1 3201/83/1 3205/85/1
f 3205/85/1 3207/86/1 3210/87/1
f 3210/87/1 3212/88/1 3213/89/1
f 3205/85/1 3210/87/1 3213/89/1
f 3213/89/1 3215/90/5951 3218/91/1
f 3218/91/1 3220/92/1 3221/93/1
f 3213/89/1 3218/91/1 3221/93/1
f 3205/85/1 3213/89/1 3221/93/1
f 3197/81/1 3205/85/1 3221/93/1
f 3189/77/1 3197/81/1 3221/93/1
f 3178/71/1 3189/77/1 3221/93/1
f 3221/93/1 3224/94/5951 3225/95/1
f 3225/95/1 3227/96/5952 3230/97/1
f 3221/93/1 3225/95/1 3230/97/1
f 3178/71/1 3221/93/1 3230/97/1
f 3171/68/1 3178/71/1 3230/97/1
f 3172/98/1 3171/68/1 3230/97/1
f 3172/98/1 3230/97/1 3234/99/1
f 3235/8/5953 3236/8/5953 3237/10/5953
f 3237/10/5953 3238/10/5953 3235/8/5953
f 3239/39/5954 3206/39/5955 3204/37/5954
f 3204/37/5954 3240/37/5956 3239/39/5954
f 3241/56/5957 3223/56/5957 3222/55/5957
f 3222/55/5957 3242/55/5958 3241/56/5957
f 3243/12/5959 3179/12/5959 3177/10/5959
f 3177/10/5959 3238/10/5959 3243/12/5959
f 3244/31/5960 3198/31/5960 3196/29/5960
f 3196/29/5960 3245/29/5960 3244/31/5960
f 3246/49/5961 3216/49/5961 3214/47/5961
f 3214/47/5961 3247/47/5961 3246/49/5961
f 3170/3/5962 3169/2/5962 3248/2/5963
f 3248/2/5963 3249/3/5963 3170/3/5962
f 3233/64/5964 3250/64/5965 3248/66/5965
f 3248/66/5965 3169/66/5966 3233/64/5964
f 3251/23/5967 3190/23/5967 3188/21/5967
f 3188/21/5967 3232/21/5967 3251/23/5967
f 3252/41/5968 3208/41/5969 3206/39/5970
f 3206/39/5970 3239/39/5968 3252/41/5968
f 3241/56/5971 3253/59/5972 3226/59/5971
f 3226/59/5971 3223/56/5971 3241/56/5971
f 3254/15/5973 3182/15/5973 3179/12/5973
f 3179/12/5973 3243/12/5973 3254/15/5973
f 3255/33/5974 3200/33/5974 3198/31/5974
f 3198/31/5974 3244/31/5975 3255/33/5974
f 3256/50/5976 3217/50/5976 3216/49/5976
f 3216/49/5976 3246/49/5976 3256/50/5976
f 3249/3/5977 3257/6/5977 3173/6/5978
f 3173/6/5978 3170/3/5978 3249/3/5977
f 3258/25/5979 3192/25/5979 3190/23/5979
f 3190/23/5979 3251/23/5979 3258/25/5979
f 3252/41/5980 3259/42/5980 3209/42/5981
f 3209/42/5981 3208/41/5982 3252/41/5980
f 3228/61/5983 3226/59/5983 3253/59/5983
f 3253/59/5983 3260/61/5983 3228/61/5983
f 3261/17/5984 3184/17/5984 3182/15/5984
f 3182/15/5984 3254/15/5984 3261/17/5984
f 3262/35/5985 3202/35/5985 3200/33/5985
f 3200/33/5985 3255/33/5985 3262/35/5985
f 3263/52/5986 3219/52/5986 3217/50/5986
f 3217/50/5986 3256/50/5986 3263/52/5986
f 3235/8/5987 3175/8/5987 3173/6/5987
f 3173/6/5987 3257/6/5987 3235/8/5987
f 3264/26/5988 3193/26/5988 3192/25/5988
f 3192/25/5988 3258/25/5988 3264/26/5988
f 3265/44/5989 3211/44/5990 3209/42/5990
f 3209/42/5990 3259/42/5989 3265/44/5989
f 3229/62/5991 3228/61/5991 3260/61/5991
f 3260/61/5991 3266/62/5991 3229/62/5991
f 3184/17/5992 3261/17/5992 3231/18/5992
f 3231/18/5992 3185/18/5992 3184/17/5992
f 3240/37/5993 3204/37/5993 3202/35/5993
f 3202/35/5993 3262/35/5994 3240/37/5993
f 3242/55/5995 3222/55/5995 3219/52/5995
f 3219/52/5995 3263/52/5995 3242/55/5995
f 3177/10/5996 3175/8/5996 3235/8/5996
f 3235/8/5996 3238/10/5996 3177/10/5996
f 3245/29/5997 3196/29/5997 3193/26/5997
f 3193/26/5997 3264/26/5997 3245/29/5997
f 3247/47/5998 3214/47/5998 3211/44/5998
f 3211/44/5998 3265/44/5999 3247/47/5998
f 3233/64/6000 3229/62/6000 3266/62/6000
f 3266/62/6000 3250/64/6000 3233/64/6000
f 3267/100/6001 3268/101/6002 3269/102/6003
f 3269/102/6003 3270/103/6002 3271/104/6002
f 3267/100/6001 3269/102/6003 3271/104/6002
f 3271/104/6002 3272/105/6004 3273/106/6002
f 3273/106/6002 3274/107/6002 3275/108/6002
f 3271/104/6002 3273/106/6002 3275/108/6002
f 3275/108/6002 3276/109/6004 3277/110/6002
f 3277/110/6002 3278/111/6005 3279/112/6002
f 3275/108/6002 3277/110/6002 3279/112/6002
f 3271/104/6002 3275/108/6002 3279/112/6002
f 3279/112/6002 3280/113/6002 3281/114/6002
f 3281/114/6002 3282/115/6006 3283/116/6002
f 3279/112/6002 3281/114/6002 3283/116/6002
f 3283/116/6002 3284/117/6007 3285/118/6002
f 3285/118/6002 3286/119/6008 3287/120/6009
f 3283/116/6002 3285/118/6002 3287/120/6009
f 3279/112/6002 3283/116/6002 3287/120/6009
f 3271/104/6002 3279/112/6002 3287/120/6009
f 3287/120/6009 3288/121/6010 3289/122/6003
f 3289/122/6003 3290/123/6002 3291/124/6002
f 3287/120/6009 3289/122/6003 3291/124/6002
f 3287/120/6009 3291/124/6002 3292/125/6002
f 3271/104/6002 3287/120/6009 3292/125/6002
f 3292/125/6002 3293/126/6009 3294/127/6002
f 3294/127/6002 3295/128/6011 3237/129/6002
f 3292/125/6002 3294/127/6002 3237/129/6002
f 3271/104/6002 3292/125/6002 3237/129/6002
f 3267/100/6001 3271/104/6002 3237/129/6002
f 3267/100/6001 3237/129/6002 3236/130/6002
f 3267/100/6001 3236/130/6002 3296/131/6004
f 3266/62/6012 3270/62/6013 3269/64/6014
f 3269/64/6014 3250/64/6012 3266/62/6012
f 3240/37/6015 3283/37/6015 3282/39/6016
f 3282/39/6016 3239/39/6015 3240/37/6015
f 3238/10/6017 3237/10/6018 3295/12/6017
f 3295/12/6017 3243/12/6017 3238/10/6017
f 3250/64/6019 3269/64/6020 3268/66/6021
f 3268/66/6021 3248/66/6022 3250/64/6019
f 3239/39/6023 3282/39/6023 3281/41/6023
f 3281/41/6023 3252/41/6023 3239/39/6023
f 3243/12/6024 3295/12/6024 3294/15/6024
f 3294/15/6024 3254/15/6024 3243/12/6024
f 3252/41/6025 3281/41/6026 3280/42/6026
f 3280/42/6026 3259/42/6027 3252/41/6025
f 3254/15/6028 3294/15/6028 3293/17/6028
f 3293/17/6028 3261/17/6028 3254/15/6028
f 3259/42/6029 3280/42/6030 3279/44/6031
f 3279/44/6031 3265/44/6029 3259/42/6029
f 3231/18/6032 3261/17/6032 3293/17/6033
f 3293/17/6033 3292/18/6033 3231/18/6032
f 3265/44/6034 3279/44/6034 3278/47/6034
f 3278/47/6034 3247/47/6035 3265/44/6034
f 3231/18/6036 3292/18/6036 3291/21/6036
f 3291/21/6036 3232/21/6036 3231/18/6036
f 3247/47/6037 3278/47/6038 3277/49/6038
f 3277/49/6038 3246/49/6037 3247/47/6037
f 3232/21/6039 3291/21/6039 3290/23/6039
f 3290/23/6039 3251/23/6039 3232/21/6039
f 3246/49/6040 3277/49/6041 3276/50/6040
f 3276/50/6040 3256/50/6040 3246/49/6040
f 3251/23/6042 3290/23/6042 3289/25/6042
f 3289/25/6042 3258/25/6042 3251/23/6042
f 3256/50/6043 3276/50/6043 3275/52/6043
f 3275/52/6043 3263/52/6043 3256/50/6043
f 3258/25/6044 3289/25/6044 3288/26/6044
f 3288/26/6044 3264/26/6044 3258/25/6044
f 3263/52/6045 3275/52/6045 3274/55/6045
f 3274/55/6045 3242/55/6045 3263/52/6045
f 3264/26/6046 3288/26/6047 3287/29/6048
f 3287/29/6048 3245/29/6046 3264/26/6046
f 3242/55/6049 3274/55/6049 3273/56/6050
f 3273/56/6050 3241/56/6051 3242/55/6049
f 3245/29/6052 3287/29/6053 3286/31/6054
f 3286/31/6054 3244/31/6052 3245/29/6052
f 3248/2/6055 3268/2/6056 3267/3/6055
f 3267/3/6055 3249/3/6055 3248/2/6055
f 3241/56/6057 3273/56/6057 3272/59/6057
f 3272/59/6057 3253/59/6057 3241/56/6057
f 3244/31/6058 3286/31/6059 3285/33/6060
f 3285/33/6060 3255/33/6058 3244/31/6058
f 3249/3/6061 3267/3/6061 3296/6/6061
f 3296/6/6061 3257/6/6061 3249/3/6061
f 3253/59/6062 3272/59/6063 3271/61/6064
f 3271/61/6064 3260/61/6063 3253/59/6062
f 3255/33/6065 3285/33/6065 3284/35/6065
f 3284/35/6065 3262/35/6065 3255/33/6065
f 3257/6/6066 3296/6/6066 3236/8/6066
f 3236/8/6066 3235/8/6066 3257/6/6066
f 3260/61/6067 3271/61/6068 3270/62/6069
f 3270/62/6069 3266/62/6070 3260/61/6067
f 3262/35/6071 3284/35/6072 3283/37/6073
f 3283/37/6073 3240/37/6071 3262/35/6071
f 3297/3/6074 3298/4/6074 3299/5/6074
f 3299/5/6074 3300/2/6074 3297/3/6074
f 3301/7/6075 3298/4/6075 3297/3/6075
f 3297/3/6075 3302/6/6076 3301/7/6075
f 3303/8/6077 3304/9/6077 3301/7/6077
f 3301/7/6077 3302/6/6077 3303/8/6077
f 3305/11/6078 3304/9/6078 3303/8/6079
f 3303/8/6079 3306/10/6079 3305/11/6078
f 3307/12/6080 3308/13/6080 3305/11/6080
f 3305/11/6080 3306/10/6080 3307/12/6080
f 3309/14/6081 3308/13/6081 3307/12/6081
f 3307/12/6081 3310/15/6081 3309/14/6081
f 3311/16/6082 3309/14/6082 3310/15/6082
f 3310/15/6082 3312/17/6082 3311/16/6082
f 3313/18/6083 3314/19/6083 3311/16/6083
f 3311/16/6083 3312/17/6083 3313/18/6083
f 3315/20/6084 3314/19/6084 3313/18/6084
f 3313/18/6084 3316/21/6084 3315/20/6084
f 3317/23/6085 3318/22/6085 3315/20/6086
f 3315/20/6086 3316/21/6085 3317/23/6085
f 3319/25/6087 3320/24/6087 3318/22/6087
f 3318/22/6087 3317/23/6087 3319/25/6087
f 3321/27/6088 3320/24/6088 3319/25/6088
f 3319/25/6088 3322/26/6088 3321/27/6088
f 3323/29/6089 3324/28/6089 3321/27/6089
f 3321/27/6089 3322/26/6089 3323/29/6089
f 3325/31/6090 3326/30/6090 3324/28/6090
f 3324/28/6090 3323/29/6090 3325/31/6090
f 3327/32/6091 3326/30/6091 3325/31/6091
f 3325/31/6091 3328/33/6091 3327/32/6091
f 3328/33/6092 3329/35/6093 3330/34/6094
f 3330/34/6094 3327/32/6092 3328/33/6092
f 3331/37/6095 3332/36/6095 3330/34/6095
f 3330/34/6095 3329/35/6095 3331/37/6095
f 3333/38/6096 3332/36/6096 3331/37/6096
f 3331/37/6096 3334/39/6096 3333/38/6096
f 3335/40/6097 3333/38/6097 3334/39/6097
f 3334/39/6097 3336/41/6097 3335/40/6097
f 3337/42/6098 3338/43/6098 3335/40/6098
f 3335/40/6098 3336/41/6098 3337/42/6098
f 3339/45/6099 3338/43/6099 3337/42/6099
f 3337/42/6099 3340/44/6099 3339/45/6099
f 3341/47/6100 3342/46/6100 3339/45/6100
f 3339/45/6100 3340/44/6100 3341/47/6100
f 3343/49/6101 3344/48/6102 3342/46/6101
f 3342/46/6101 3341/47/6102 3343/49/6101
f 3345/51/6103 3344/48/6104 3343/49/6104
f 3343/49/6104 3346/50/6104 3345/51/6103
f 3347/53/6105 3345/51/6105 3346/50/6105
f 3346/50/6105 3348/52/6105 3347/53/6105
f 3349/55/6106 3350/54/6106 3347/53/6106
f 3347/53/6106 3348/52/6106 3349/55/6106
f 3351/57/6107 3350/54/6107 3349/55/6107
f 3349/55/6107 3352/56/6107 3351/57/6107
f 3353/59/6108 3354/58/6108 3351/57/6108
f 3351/57/6108 3352/56/6108 3353/59/6108
f 3355/61/6109 3356/60/6109 3354/58/6109
f 3354/58/6109 3353/59/6109 3355/61/6109
f 3357/63/6110 3356/60/6110 3355/61/6110
f 3355/61/6110 3358/62/6110 3357/63/6110
f 3359/21/6111 3316/21/6111 3313/18/6111
f 3313/18/6111 3360/18/6111 3359/21/6111
f 3361/64/6112 3362/65/6112 3357/63/6112
f 3357/63/6112 3358/62/6112 3361/64/6112
f 3361/64/6113 3300/66/6114 3299/67/6114
f 3299/67/6114 3362/65/6113 3361/64/6113
f 3299/98/1 3298/68/1 3301/69/1
f 3301/69/1 3304/70/1 3305/71/1
f 3299/98/1 3301/69/1 3305/71/1
f 3308/72/5951 3309/73/5949 3311/74/1
f 3305/71/1 3308/72/5951 3311/74/1
f 3305/71/1 3311/74/1 3314/75/1
f 3314/75/1 3315/76/5949 3318/77/1
f 3305/71/1 3314/75/1 3318/77/1
f 3305/71/1 3318/77/1 3320/78/1
f 3320/78/1 3321/79/1 3324/80/1
f 3305/71/1 3320/78/1 3324/80/1
f 3305/71/1 3324/80/1 3326/81/1
f 3326/81/1 3327/82/5951 3330/83/1
f 3305/71/1 3326/81/1 3330/83/1
f 3305/71/1 3330/83/1 3332/84/1
f 3332/84/1 3333/85/5949 3335/86/1
f 3305/71/1 3332/84/1 3335/86/1
f 3305/71/1 3335/86/1 3338/87/1
f 3338/87/1 3339/88/1 3342/89/1
f 3305/71/1 3338/87/1 3342/89/1
f 3305/71/1 3342/89/1 3344/90/1
f 3344/90/1 3345/91/1 3347/92/1
f 3305/71/1 3344/90/1 3347/92/1
f 3305/71/1 3347/92/1 3350/93/1
f 3350/93/1 3351/94/5949 3354/95/1
f 3305/71/1 3350/93/1 3354/95/1
f 3305/71/1 3354/95/1 3356/96/1
f 3299/98/1 3305/71/1 3356/96/1
f 3299/98/1 3356/96/1 3357/97/1
f 3299/98/1 3357/97/1 3362/99/5949
f 3363/10/6115 3364/8/6115 3365/8/6115
f 3365/8/6115 3366/10/6115 3363/10/6115
f 3367/39/6116 3334/39/6116 3331/37/6117
f 3331/37/6117 3368/37/6116 3367/39/6116
f 3369/56/6118 3352/56/6119 3349/55/6118
f 3349/55/6118 3370/55/6118 3369/56/6118
f 3306/10/6120 3363/10/6121 3371/12/6120
f 3371/12/6120 3307/12/6120 3306/10/6120
f 3323/29/6122 3372/29/6122 3373/31/6122
f 3373/31/6122 3325/31/6122 3323/29/6122
f 3343/49/6123 3341/47/6123 3374/47/6123
f 3374/47/6123 3375/49/6123 3343/49/6123
f 3300/2/6124 3376/2/6124 3377/3/6124
f 3377/3/6124 3297/3/6124 3300/2/6124
f 3300/66/6125 3361/64/6125 3378/64/6125
f 3378/64/6125 3376/66/6126 3300/66/6125
f 3359/21/6127 3379/23/6127 3317/23/6127
f 3317/23/6127 3316/21/6127 3359/21/6127
f 3367/39/6128 3380/41/6128 3336/41/6129
f 3336/41/6129 3334/39/6130 3367/39/6128
f 3369/56/6131 3381/59/6132 3353/59/6131
f 3353/59/6131 3352/56/6131 3369/56/6131
f 3382/15/6133 3310/15/6133 3307/12/6133
f 3307/12/6133 3371/12/6133 3382/15/6133
f 3383/33/6134 3328/33/6135 3325/31/6135
f 3325/31/6135 3373/31/6134 3383/33/6134
f 3384/50/6136 3346/50/6136 3343/49/6136
f 3343/49/6136 3375/49/6136 3384/50/6136
f 3385/6/6137 3302/6/6138 3297/3/6137
f 3297/3/6137 3377/3/6139 3385/6/6137
f 3317/23/6140 3379/23/6140 3386/25/6140
f 3386/25/6140 3319/25/6140 3317/23/6140
f 3337/42/6141 3336/41/6142 3380/41/6143
f 3380/41/6143 3387/42/6143 3337/42/6141
f 3355/61/6144 3353/59/6145 3381/59/6144
f 3381/59/6144 3388/61/6144 3355/61/6144
f 3382/15/6146 3389/17/6146 3312/17/6146
f 3312/17/6146 3310/15/6146 3382/15/6146
f 3383/33/6147 3390/35/6147 3329/35/6147
f 3329/35/6147 3328/33/6147 3383/33/6147
f 3384/50/6148 3391/52/6148 3348/52/6148
f 3348/52/6148 3346/50/6148 3384/50/6148
f 3302/6/6149 3385/6/6149 3364/8/6149
f 3364/8/6149 3303/8/6149 3302/6/6149
f 3392/26/6150 3322/26/6150 3319/25/6150
f 3319/25/6150 3386/25/6150 3392/26/6150
f 3393/44/6151 3340/44/6152 3337/42/6152
f 3337/42/6152 3387/42/6153 3393/44/6151
f 3394/62/6154 3358/62/6155 3355/61/6154
f 3355/61/6154 3388/61/6154 3394/62/6154
f 3312/17/6156 3389/17/6157 3360/18/6156
f 3360/18/6156 3313/18/6156 3312/17/6156
f 3329/35/6158 3390/35/6159 3368/37/6160
f 3368/37/6160 3331/37/6158 3329/35/6158
f 3349/55/6161 3348/52/6161 3391/52/6161
f 3391/52/6161 3370/55/6161 3349/55/6161
f 3363/10/6162 3306/10/6162 3303/8/6162
f 3303/8/6162 3364/8/6162 3363/10/6162
f 3392/26/6163 3372/29/6163 3323/29/6163
f 3323/29/6163 3322/26/6163 3392/26/6163
f 3393/44/6164 3374/47/6164 3341/47/6164
f 3341/47/6164 3340/44/6164 3393/44/6164
f 3394/62/6165 3378/64/6165 3361/64/6165
f 3361/64/6165 3358/62/6166 3394/62/6165
f 3395/102/6167 3396/103/6168 3397/104/6169
f 3395/102/6167 3397/104/6169 3398/105/6167
f 3398/105/6167 3399/106/6170 3400/107/6167
f 3395/102/6167 3398/105/6167 3400/107/6167
f 3395/102/6167 3400/107/6167 3401/108/6167
f 3401/108/6167 3402/109/6171 3403/110/6167
f 3395/102/6167 3401/108/6167 3403/110/6167
f 3395/102/6167 3403/110/6167 3404/111/6167
f 3404/111/6167 3405/112/6172 3406/113/6167
f 3395/102/6167 3404/111/6167 3406/113/6167
f 3395/102/6167 3406/113/6167 3407/114/6167
f 3407/114/6167 3408/115/6167 3409/116/6167
f 3395/102/6167 3407/114/6167 3409/116/6167
f 3395/102/6167 3409/116/6167 3410/117/6167
f 3410/117/6167 3411/118/6173 3412/119/6167
f 3395/102/6167 3410/117/6167 3412/119/6167
f 3395/102/6167 3412/119/6167 3413/120/6167
f 3413/120/6167 3414/121/6174 3415/122/6167
f 3395/102/6167 3413/120/6167 3415/122/6167
f 3395/102/6167 3415/122/6167 3416/123/6167
f 3416/123/6167 3417/124/6175 3418/125/6167
f 3395/102/6167 3416/123/6167 3418/125/6167
f 3418/125/6167 3419/126/6169 3420/127/6167
f 3418/125/6167 3420/127/6167 3421/128/6167
f 3395/102/6167 3418/125/6167 3421/128/6167
f 3395/102/6167 3421/128/6167 3366/129/6167
f 3366/129/6167 3365/130/6169 3422/131/6167
f 3395/102/6167 3366/129/6167 3422/131/6167
f 3423/101/6169 3395/102/6167 3422/131/6167
f 3424/100/6169 3423/101/6169 3422/131/6167
f 3378/64/6176 3394/62/6177 3396/62/6177
f 3396/62/6177 3395/64/6177 3378/64/6176
f 3409/37/6178 3408/39/6178 3367/39/6179
f 3367/39/6179 3368/37/6178 3409/37/6178
f 3371/12/6180 3363/10/6180 3366/10/6180
f 3366/10/6180 3421/12/6181 3371/12/6180
f 3376/66/6182 3378/64/6182 3395/64/6183
f 3395/64/6183 3423/66/6183 3376/66/6182
f 3380/41/6184 3367/39/6184 3408/39/6184
f 3408/39/6184 3407/41/6184 3380/41/6184
f 3420/15/6185 3382/15/6185 3371/12/6185
f 3371/12/6185 3421/12/6185 3420/15/6185
f 3387/42/6186 3380/41/6186 3407/41/6187
f 3407/41/6187 3406/42/6186 3387/42/6186
f 3389/17/6188 3382/15/6188 3420/15/6188
f 3420/15/6188 3419/17/6188 3389/17/6188
f 3406/42/6189 3405/44/6190 3393/44/6191
f 3393/44/6191 3387/42/6191 3406/42/6189
f 3360/18/6192 3389/17/6192 3419/17/6192
f 3419/17/6192 3418/18/6192 3360/18/6192
f 3374/47/6193 3393/44/6193 3405/44/6194
f 3405/44/6194 3404/47/6195 3374/47/6193
f 3418/18/6196 3417/21/6196 3359/21/6196
f 3359/21/6196 3360/18/6196 3418/18/6196
f 3375/49/6197 3374/47/6197 3404/47/6197
f 3404/47/6197 3403/49/6197 3375/49/6197
f 3379/23/6198 3359/21/6198 3417/21/6198
f 3417/21/6198 3416/23/6198 3379/23/6198
f 3403/49/6199 3402/50/6199 3384/50/6199
f 3384/50/6199 3375/49/6199 3403/49/6199
f 3386/25/6200 3379/23/6200 3416/23/6200
f 3416/23/6200 3415/25/6200 3386/25/6200
f 3391/52/6201 3384/50/6201 3402/50/6201
f 3402/50/6201 3401/52/6201 3391/52/6201
f 3415/25/6202 3414/26/6203 3392/26/6204
f 3392/26/6204 3386/25/6204 3415/25/6202
f 3370/55/6205 3391/52/6205 3401/52/6205
f 3401/52/6205 3400/55/6205 3370/55/6205
f 3372/29/6206 3392/26/6206 3414/26/6206
f 3414/26/6206 3413/29/6207 3372/29/6206
f 3400/55/6208 3399/56/6209 3369/56/6210
f 3369/56/6210 3370/55/6210 3400/55/6208
f 3373/31/6211 3372/29/6212 3413/29/6212
f 3413/29/6212 3412/31/6212 3373/31/6211
f 3376/2/6213 3423/2/6214 3424/3/6213
f 3424/3/6213 3377/3/6213 3376/2/6213
f 3381/59/6215 3369/56/6216 3399/56/6217
f 3399/56/6217 3398/59/6218 3381/59/6215
f 3412/31/6219 3411/33/6219 3383/33/6220
f 3383/33/6220 3373/31/6221 3412/31/6219
f 3422/6/6222 3385/6/6222 3377/3/6222
f 3377/3/6222 3424/3/6223 3422/6/6222
f 3388/61/6224 3381/59/6224 3398/59/6224
f 3398/59/6224 3397/61/6224 3388/61/6224
f 3390/35/6225 3383/33/6225 3411/33/6225
f 3411/33/6225 3410/35/6226 3390/35/6225
f 3365/8/6227 3364/8/6228 3385/6/6228
f 3385/6/6228 3422/6/6229 3365/8/6227
f 3397/61/6230 3396/62/6231 3394/62/6231
f 3394/62/6231 3388/61/6231 3397/61/6230
f 3368/37/6232 3390/35/6233 3410/35/6232
f 3410/35/6232 3409/37/6234 3368/37/6232
f 3425/3/6235 3426/4/6235 3427/5/6235
f 3427/5/6235 3428/2/6235 3425/3/6235
f 3429/7/6236 3426/4/6236 3425/3/6236
f 3425/3/6236 3430/6/6236 3429/7/6236
f 3431/8/6237 3432/9/6237 3429/7/6237
f 3429/7/6237 3430/6/6237 3431/8/6237
f 3433/10/6238 3434/11/6238 3432/9/6238
f 3432/9/6238 3431/8/6239 3433/10/6238
f 3435/13/6240 3434/11/6240 3433/10/6240
f 3433/10/6240 3436/12/6240 3435/13/6240
f 3437/15/6241 3438/14/6242 3435/13/6243
f 3435/13/6243 3436/12/6241 3437/15/6241
f 3439/17/6244 3440/16/6245 3438/14/6244
f 3438/14/6244 3437/15/6244 3439/17/6244
f 3441/19/6246 3440/16/6246 3439/17/6247
f 3439/17/6247 3442/18/6247 3441/19/6246
f 3443/21/6248 3444/20/6248 3441/19/6248
f 3441/19/6248 3442/18/6248 3443/21/6248
f 3445/23/6249 3446/22/6249 3444/20/6249
f 3444/20/6249 3443/21/6249 3445/23/6249
f 3447/24/6250 3446/22/6250 3445/23/6250
f 3445/23/6250 3448/25/6250 3447/24/6250
f 3449/26/6251 3450/27/6251 3447/24/6252
f 3447/24/6252 3448/25/6252 3449/26/6251
f 3451/29/6253 3452/28/6253 3450/27/6253
f 3450/27/6253 3449/26/6253 3451/29/6253
f 3453/30/6254 3452/28/6255 3451/29/6254
f 3451/29/6254 3454/31/6256 3453/30/6254
f 3455/32/6257 3453/30/6257 3454/31/6257
f 3454/31/6257 3456/33/6258 3455/32/6257
f 3457/35/6259 3458/34/6259 3455/32/6259
f 3455/32/6259 3456/33/6259 3457/35/6259
f 3459/36/6260 3458/34/6260 3457/35/6260
f 3457/35/6260 3460/37/6260 3459/36/6260
f 3461/38/6261 3459/36/6261 3460/37/6261
f 3460/37/6261 3462/39/6261 3461/38/6261
f 3463/41/6262 3464/40/6262 3461/38/6262
f 3461/38/6262 3462/39/6262 3463/41/6262
f 3465/43/6263 3464/40/6263 3463/41/6263
f 3463/41/6263 3466/42/6263 3465/43/6263
f 3467/44/6264 3468/45/6264 3465/43/6264
f 3465/43/6264 3466/42/6264 3467/44/6264
f 3469/47/6265 3470/46/6265 3468/45/6265
f 3468/45/6265 3467/44/6265 3469/47/6265
f 3471/48/6266 3470/46/6266 3469/47/6266
f 3469/47/6266 3472/49/6266 3471/48/6266
f 3473/51/6267 3471/48/6267 3472/49/6267
f 3472/49/6267 3474/50/6267 3473/51/6267
f 3475/52/6268 3476/53/6268 3473/51/6268
f 3473/51/6268 3474/50/6268 3475/52/6268
f 3477/54/6269 3476/53/6269 3475/52/6269
f 3475/52/6269 3478/55/6269 3477/54/6269
f 3479/56/6270 3480/57/6270 3477/54/6270
f 3477/54/6270 3478/55/6270 3479/56/6270
f 3481/59/6271 3482/58/6271 3480/57/6271
f 3480/57/6271 3479/56/6271 3481/59/6271
f 3483/60/6272 3482/58/6272 3481/59/6272
f 3481/59/6272 3484/61/6273 3483/60/6272
f 3485/62/6274 3486/63/6275 3483/60/6274
f 3483/60/6274 3484/61/6275 3485/62/6274
f 3442/18/6276 3487/18/6276 3488/21/6276
f 3488/21/6276 3443/21/6276 3442/18/6276
f 3489/64/6277 3490/65/6277 3486/63/6277
f 3486/63/6277 3485/62/6277 3489/64/6277
f 3489/64/6278 3428/66/6279 3427/67/6278
f 3427/67/6278 3490/65/6278 3489/64/6278
f 3426/68/1 3429/69/5951 3432/70/1
f 3427/98/1 3426/68/1 3432/70/1
f 3427/98/1 3432/70/1 3434/71/1
f 3434/71/1 3435/72/1 3438/73/1
f 3427/98/1 3434/71/1 3438/73/1
f 3427/98/1 3438/73/1 3440/74/1
f 3440/74/1 3441/75/5951 3444/76/1
f 3427/98/1 3440/74/1 3444/76/1
f 3427/98/1 3444/76/1 3446/77/1
f 3446/77/1 3447/78/5951 3450/79/1
f 3427/98/1 3446/77/1 3450/79/1
f 3427/98/1 3450/79/1 3452/80/1
f 3452/80/1 3453/81/1 3455/82/1
f 3427/98/1 3452/80/1 3455/82/1
f 3427/98/1 3455/82/1 3458/83/1
f 3458/83/1 3459/84/1 3461/85/1
f 3427/98/1 3458/83/1 3461/85/1
f 3427/98/1 3461/85/1 3464/86/1
f 3464/86/1 3465/87/1 3468/88/1
f 3427/98/1 3464/86/1 3468/88/1
f 3427/98/1 3468/88/1 3470/89/1
f 3470/89/1 3471/90/5949 3473/91/1
f 3427/98/1 3470/89/1 3473/91/1
f 3427/98/1 3473/91/1 3476/92/1
f 3476/92/1 3477/93/5951 3480/94/1
f 3427/98/1 3476/92/1 3480/94/1
f 3427/98/1 3480/94/1 3482/95/1
f 3482/95/1 3483/96/1 3486/97/1
f 3427/98/1 3482/95/1 3486/97/1
f 3427/98/1 3486/97/1 3490/99/1
f 3491/8/6280 3492/8/6281 3493/10/6280
f 3493/10/6280 3494/10/6280 3491/8/6280
f 3495/39/6282 3462/39/6282 3460/37/6282
f 3460/37/6282 3496/37/6282 3495/39/6282
f 3497/56/6283 3479/56/6284 3478/55/6283
f 3478/55/6283 3498/55/6283 3497/56/6283
f 3433/10/6285 3494/10/6285 3499/12/6285
f 3499/12/6285 3436/12/6285 3433/10/6285
f 3454/31/6286 3451/29/6286 3500/29/6286
f 3500/29/6286 3501/31/6286 3454/31/6286
f 3472/49/6287 3469/47/6287 3502/47/6287
f 3502/47/6287 3503/49/6287 3472/49/6287
f 3504/3/6288 3425/3/6289 3428/2/6289
f 3428/2/6289 3505/2/6290 3504/3/6288
f 3506/64/6291 3505/66/6292 3428/66/6293
f 3428/66/6293 3489/64/6294 3506/64/6291
f 3443/21/6295 3488/21/6295 3507/23/6295
f 3507/23/6295 3445/23/6295 3443/21/6295
f 3508/41/6296 3463/41/6297 3462/39/6296
f 3462/39/6296 3495/39/6298 3508/41/6296
f 3509/59/6299 3481/59/6300 3479/56/6300
f 3479/56/6300 3497/56/6299 3509/59/6299
f 3436/12/6301 3499/12/6301 3510/15/6301
f 3510/15/6301 3437/15/6301 3436/12/6301
f 3511/33/6302 3456/33/6303 3454/31/6303
f 3454/31/6303 3501/31/6304 3511/33/6302
f 3512/50/6305 3474/50/6305 3472/49/6305
f 3472/49/6305 3503/49/6305 3512/50/6305
f 3425/3/6306 3504/3/6307 3513/6/6306
f 3513/6/6306 3430/6/6306 3425/3/6306
f 3507/23/6308 3514/25/6308 3448/25/6308
f 3448/25/6308 3445/23/6308 3507/23/6308
f 3466/42/6309 3463/41/6309 3508/41/6309
f 3508/41/6309 3515/42/6309 3466/42/6309
f 3484/61/6310 3481/59/6311 3509/59/6311
f 3509/59/6311 3516/61/6311 3484/61/6310
f 3437/15/6312 3510/15/6312 3517/17/6312
f 3517/17/6312 3439/17/6312 3437/15/6312
f 3518/35/6313 3457/35/6314 3456/33/6314
f 3456/33/6314 3511/33/6314 3518/35/6313
f 3519/52/6315 3475/52/6315 3474/50/6315
f 3474/50/6315 3512/50/6315 3519/52/6315
f 3430/6/6316 3513/6/6317 3491/8/6318
f 3491/8/6318 3431/8/6316 3430/6/6316
f 3514/25/6319 3520/26/6319 3449/26/6320
f 3449/26/6320 3448/25/6321 3514/25/6319
f 3521/44/6322 3467/44/6322 3466/42/6322
f 3466/42/6322 3515/42/6323 3521/44/6322
f 3522/62/6324 3485/62/6325 3484/61/6325
f 3484/61/6325 3516/61/6325 3522/62/6324
f 3439/17/6326 3517/17/6326 3487/18/6326
f 3487/18/6326 3442/18/6326 3439/17/6326
f 3460/37/6327 3457/35/6328 3518/35/6329
f 3518/35/6329 3496/37/6327 3460/37/6327
f 3478/55/6330 3475/52/6330 3519/52/6330
f 3519/52/6330 3498/55/6330 3478/55/6330
f 3431/8/6331 3491/8/6331 3494/10/6331
f 3494/10/6331 3433/10/6331 3431/8/6331
f 3451/29/6332 3449/26/6332 3520/26/6332
f 3520/26/6332 3500/29/6332 3451/29/6332
f 3502/47/6333 3469/47/6333 3467/44/6333
f 3467/44/6333 3521/44/6333 3502/47/6333
f 3506/64/6334 3489/64/6335 3485/62/6335
f 3485/62/6335 3522/62/6335 3506/64/6334
f 3523/100/6336 3524/101/6337 3525/102/6336
f 3525/102/6336 3526/103/6338 3527/104/6336
f 3523/100/6336 3525/102/6336 3527/104/6336
f 3528/105/6339 3529/106/6340 3530/107/6336
f 3527/104/6336 3528/105/6339 3530/107/6336
f 3523/100/6336 3527/104/6336 3530/107/6336
f 3531/108/6341 3532/109/6336 3533/110/6336
f 3530/107/6336 3531/108/6341 3533/110/6336
f 3534/111/6342 3535/112/6343 3536/113/6336
f 3533/110/6336 3534/111/6342 3536/113/6336
f 3530/107/6336 3533/110/6336 3536/113/6336
f 3523/100/6336 3530/107/6336 3536/113/6336
f 3537/114/6344 3538/115/6345 3539/116/6336
f 3536/113/6336 3537/114/6344 3539/116/6336
f 3540/117/6340 3541/118/6346 3542/119/6336
f 3539/116/6336 3540/117/6340 3542/119/6336
f 3536/113/6336 3539/116/6336 3542/119/6336
f 3543/120/6336 3544/121/6341 3545/122/6336
f 3542/119/6336 3543/120/6336 3545/122/6336
f 3546/123/6342 3547/124/6347 3548/125/6336
f 3545/122/6336 3546/123/6342 3548/125/6336
f 3542/119/6336 3545/122/6336 3548/125/6336
f 3536/113/6336 3542/119/6336 3548/125/6336
f 3523/100/6336 3536/113/6336 3548/125/6336
f 3549/126/6342 3550/127/6342 3551/128/6336
f 3548/125/6336 3549/126/6342 3551/128/6336
f 3493/129/6336 3492/130/6340 3552/131/6342
f 3551/128/6336 3493/129/6336 3552/131/6342
f 3548/125/6336 3551/128/6336 3552/131/6342
f 3523/100/6336 3548/125/6336 3552/131/6342
f 3522/62/6348 3526/62/6349 3525/64/6350
f 3525/64/6350 3506/64/6350 3522/62/6348
f 3495/39/6351 3496/37/6352 3539/37/6352
f 3539/37/6352 3538/39/6352 3495/39/6351
f 3551/12/6353 3499/12/6353 3494/10/6353
f 3494/10/6353 3493/10/6353 3551/12/6353
f 3525/64/6354 3524/66/6354 3505/66/6354
f 3505/66/6354 3506/64/6354 3525/64/6354
f 3495/39/6355 3538/39/6356 3537/41/6355
f 3537/41/6355 3508/41/6357 3495/39/6355
f 3510/15/6358 3499/12/6358 3551/12/6359
f 3551/12/6359 3550/15/6359 3510/15/6358
f 3536/42/6360 3515/42/6361 3508/41/6361
f 3508/41/6361 3537/41/6361 3536/42/6360
f 3510/15/6362 3550/15/6362 3549/17/6362
f 3549/17/6362 3517/17/6362 3510/15/6362
f 3521/44/6363 3515/42/6363 3536/42/6363
f 3536/42/6363 3535/44/6364 3521/44/6363
f 3548/18/6365 3487/18/6365 3517/17/6365
f 3517/17/6365 3549/17/6365 3548/18/6365
f 3521/44/6366 3535/44/6367 3534/47/6366
f 3534/47/6366 3502/47/6368 3521/44/6366
f 3488/21/6369 3487/18/6369 3548/18/6369
f 3548/18/6369 3547/21/6369 3488/21/6369
f 3533/49/6370 3503/49/6371 3502/47/6370
f 3502/47/6370 3534/47/6370 3533/49/6370
f 3488/21/6372 3547/21/6373 3546/23/6372
f 3546/23/6372 3507/23/6372 3488/21/6372
f 3512/50/6374 3503/49/6374 3533/49/6374
f 3533/49/6374 3532/50/6374 3512/50/6374
f 3507/23/6375 3546/23/6375 3545/25/6375
f 3545/25/6375 3514/25/6375 3507/23/6375
f 3512/50/6376 3532/50/6376 3531/52/6376
f 3531/52/6376 3519/52/6376 3512/50/6376
f 3545/25/6377 3544/26/6377 3520/26/6378
f 3520/26/6378 3514/25/6377 3545/25/6377
f 3530/55/6379 3498/55/6380 3519/52/6381
f 3519/52/6381 3531/52/6379 3530/55/6379
f 3543/29/6382 3500/29/6383 3520/26/6384
f 3520/26/6384 3544/26/6382 3543/29/6382
f 3497/56/6385 3498/55/6385 3530/55/6386
f 3530/55/6386 3529/56/6387 3497/56/6385
f 3542/31/6388 3501/31/6389 3500/29/6389
f 3500/29/6389 3543/29/6388 3542/31/6388
f 3504/3/6390 3505/2/6390 3524/2/6390
f 3524/2/6390 3523/3/6390 3504/3/6390
f 3497/56/6391 3529/56/6391 3528/59/6391
f 3528/59/6391 3509/59/6391 3497/56/6391
f 3511/33/6392 3501/31/6392 3542/31/6392
f 3542/31/6392 3541/33/6392 3511/33/6392
f 3552/6/6393 3513/6/6393 3504/3/6393
f 3504/3/6393 3523/3/6394 3552/6/6393
f 3527/61/6395 3516/61/6395 3509/59/6396
f 3509/59/6396 3528/59/6396 3527/61/6395
f 3511/33/6397 3541/33/6397 3540/35/6397
f 3540/35/6397 3518/35/6397 3511/33/6397
f 3491/8/6398 3513/6/6398 3552/6/6398
f 3552/6/6398 3492/8/6398 3491/8/6398
f 3522/62/6399 3516/61/6400 3527/61/6399
f 3527/61/6399 3526/62/6399 3522/62/6399
f 3539/37/6401 3496/37/6401 3518/35/6401
f 3518/35/6401 3540/35/6401 3539/37/6401
