# Blender 5.0.1
# www.blender.org
o patatraseraderecha
v -0.035537 -0.692276 -0.461272
v 0.057963 -0.692276 -0.452072
v 0.147864 -0.692276 -0.424772
v 0.230763 -0.692276 -0.380572
v 0.303364 -0.692276 -0.320872
v 0.362963 -0.692276 -0.248272
v 0.407264 -0.692276 -0.165372
v 0.434564 -0.692276 -0.075472
v 0.443763 -0.692276 0.018028
v 0.434564 -0.692276 0.111528
v 0.407264 -0.692276 0.201428
v 0.362963 -0.692276 0.284328
v 0.303364 -0.692276 0.357028
v 0.230763 -0.692276 0.416628
v 0.147864 -0.692276 0.460928
v 0.057963 -0.692276 0.488128
v -0.035537 -0.692276 0.497328
v -0.129137 -0.692276 0.488128
v -0.219037 -0.692276 0.460928
v -0.301837 -0.692276 0.416628
v -0.374537 -0.692276 0.357028
v -0.434137 -0.692276 0.284328
v -0.478437 -0.692276 0.201428
v -0.505737 -0.692276 0.111528
v -0.514937 -0.692276 0.018028
v -0.505737 -0.692276 -0.075472
v -0.478437 -0.692276 -0.165372
v -0.434137 -0.692276 -0.248272
v -0.374537 -0.692276 -0.320872
v -0.129137 -0.692276 -0.452072
v -0.301837 -0.692276 -0.380572
v -0.219037 -0.692276 -0.424772
v 0.469363 -0.713676 -0.082372
v 0.469363 -0.814476 -0.082372
v 0.479263 -0.814476 0.018028
v 0.479263 -0.713676 0.018028
v 0.161463 -0.713676 -0.457672
v 0.250463 -0.713676 -0.410072
v 0.064864 -0.713676 0.523028
v -0.035537 -0.713676 0.532928
v -0.399637 -0.713676 -0.346072
v -0.321636 -0.713676 -0.410072
v 0.064864 -0.713676 -0.486972
v 0.161463 -0.713676 0.493728
v -0.463637 -0.713676 -0.267972
v -0.035537 -0.713676 -0.496872
v 0.250463 -0.713676 0.446128
v -0.511236 -0.713676 -0.178972
v 0.328463 -0.713676 0.382128
v -0.540536 -0.713676 -0.082372
v 0.392463 -0.713676 0.304028
v -0.550437 -0.713676 0.018028
v 0.440063 -0.713676 0.215028
v -0.540536 -0.713676 0.118428
v 0.469363 -0.713676 0.118428
v -0.511236 -0.713676 0.215028
v -0.463637 -0.713676 0.304028
v -0.399637 -0.713676 0.382128
v 0.440063 -0.713676 -0.178972
v -0.321636 -0.713676 0.446128
v 0.392463 -0.713676 -0.267972
v -0.232637 -0.713676 0.493728
v -0.136037 -0.713676 -0.486972
v 0.328463 -0.713676 -0.346072
v -0.136037 -0.713676 0.523028
v -0.232637 -0.713676 -0.457672
v -0.136037 -0.814476 -0.486972
v -0.232637 -0.814476 -0.457672
v -0.321636 -0.814476 -0.410072
v -0.399637 -0.814476 -0.346072
v -0.463637 -0.814476 -0.267972
v -0.511236 -0.814476 -0.178972
v -0.540536 -0.814476 -0.082372
v -0.550437 -0.814476 0.018028
v -0.540536 -0.814476 0.118428
v -0.511236 -0.814476 0.215028
v -0.463637 -0.814476 0.304028
v -0.399637 -0.814476 0.382128
v -0.321636 -0.814476 0.446128
v -0.232637 -0.814476 0.493728
v -0.136037 -0.814476 0.523028
v -0.035537 -0.814476 0.532928
v 0.064864 -0.814476 0.523028
v 0.161463 -0.814476 0.493728
v 0.250463 -0.814476 0.446128
v 0.328463 -0.814476 0.382128
v 0.392463 -0.814476 0.304028
v 0.440063 -0.814476 0.215028
v 0.469363 -0.814476 0.118428
v 0.440063 -0.814476 -0.178972
v 0.392463 -0.814476 -0.267972
v 0.328463 -0.814476 -0.346072
v 0.250463 -0.814476 -0.410072
v 0.161463 -0.814476 -0.457672
v 0.064864 -0.814476 -0.486972
v -0.035537 -0.814476 -0.496872
v -0.308536 0.567224 -0.415071
v -0.305937 0.565724 -0.402772
v -0.287237 0.573724 -0.405272
v -0.289236 0.575424 -0.417572
v -0.268336 0.581724 -0.406772
v -0.269836 0.583724 -0.419172
v -0.289437 0.572824 -0.429972
v -0.309336 0.564324 -0.427372
v -0.269537 0.581324 -0.431571
v -0.324537 0.557824 -0.399172
v -0.319937 0.552124 -0.389072
v -0.301737 0.559824 -0.392572
v -0.283536 0.567624 -0.394972
v -0.265137 0.575424 -0.396472
v -0.246736 0.583324 -0.396972
v -0.249537 0.589824 -0.407272
v -0.250436 0.592024 -0.419672
v -0.249537 0.589824 -0.432072
v -0.267137 0.574624 -0.441872
v -0.246736 0.583324 -0.442472
v -0.287637 0.565924 -0.440272
v -0.307936 0.557224 -0.437472
v -0.328137 0.548624 -0.433672
v -0.329037 0.555924 -0.423572
v -0.327737 0.559024 -0.411372
v -0.281437 0.503624 -0.415071
v -0.262137 0.511824 -0.417572
v -0.261936 0.514524 -0.405272
v -0.280737 0.506524 -0.402772
v -0.284037 0.505124 -0.427372
v -0.264237 0.513524 -0.429972
v -0.242737 0.520124 -0.419172
v -0.243136 0.522524 -0.406772
v -0.244237 0.522024 -0.431571
v -0.299336 0.498624 -0.399172
v -0.282036 0.513624 -0.392572
v -0.300237 0.505824 -0.389072
v -0.300636 0.495424 -0.411372
v -0.303737 0.496724 -0.423572
v -0.308337 0.502424 -0.433672
v -0.288237 0.511024 -0.437472
v -0.267937 0.519624 -0.440272
v -0.247436 0.528324 -0.441872
v -0.224237 0.530624 -0.432072
v -0.227037 0.537124 -0.442472
v -0.223337 0.528424 -0.419672
v -0.224237 0.530624 -0.407272
v -0.245436 0.529224 -0.396472
v -0.227037 0.537124 -0.396972
v -0.263837 0.521424 -0.394972
v -0.356736 0.471524 -0.394472
v -0.338337 0.479424 -0.401172
v -0.335936 0.482924 -0.389271
v -0.353836 0.475324 -0.382771
v -0.361537 0.472024 -0.406172
v -0.342537 0.480124 -0.413072
v -0.319537 0.487324 -0.406772
v -0.317737 0.490724 -0.394672
v -0.323237 0.488324 -0.418872
v -0.353437 0.483224 -0.373072
v -0.370637 0.475824 -0.365872
v -0.371437 0.467824 -0.375372
v -0.374937 0.463724 -0.386872
v -0.380237 0.464024 -0.398372
v -0.386637 0.469024 -0.407871
v -0.367536 0.477124 -0.415872
v -0.348036 0.485424 -0.422872
v -0.328337 0.493824 -0.428872
v -0.318237 0.498224 -0.384772
v -0.335936 0.490624 -0.379372
v -0.427036 0.441524 -0.358371
v -0.410037 0.448824 -0.368872
v -0.405636 0.453224 -0.357872
v -0.422036 0.446224 -0.347772
v -0.433837 0.441224 -0.369071
v -0.416436 0.448624 -0.379772
v -0.392736 0.456224 -0.378372
v -0.388737 0.460424 -0.367072
v -0.398537 0.456224 -0.389572
v -0.419936 0.454824 -0.338872
v -0.435537 0.448224 -0.328171
v -0.438037 0.439424 -0.336771
v -0.443437 0.434524 -0.347072
v -0.450736 0.434024 -0.357472
v -0.458736 0.438324 -0.365972
v -0.441436 0.445624 -0.377872
v -0.423636 0.453224 -0.388872
v -0.405337 0.461024 -0.398872
v -0.387437 0.468624 -0.357772
v -0.403937 0.461624 -0.348772
v -0.489337 0.414924 -0.308072
v -0.474636 0.421224 -0.321872
v -0.468337 0.426524 -0.312272
v -0.482637 0.420424 -0.298872
v -0.497937 0.413824 -0.317372
v -0.482837 0.420324 -0.331572
v -0.459337 0.427824 -0.334972
v -0.453437 0.432824 -0.324972
v -0.467037 0.427024 -0.344872
v -0.479037 0.429624 -0.291272
v -0.492337 0.423924 -0.277472
v -0.496337 0.414624 -0.284772
v -0.503437 0.408924 -0.293572
v -0.512437 0.407724 -0.302372
v -0.507137 0.417624 -0.324972
v -0.521936 0.411324 -0.309572
v -0.491637 0.424224 -0.339472
v -0.475437 0.431124 -0.353172
v -0.450537 0.441724 -0.316672
v -0.465037 0.435624 -0.304372
v -0.541537 0.392724 -0.245572
v -0.529537 0.397824 -0.262172
v -0.521637 0.403724 -0.254372
v -0.533237 0.398824 -0.238172
v -0.551637 0.391024 -0.252972
v -0.539337 0.396224 -0.270072
v -0.516836 0.403224 -0.278272
v -0.509337 0.409024 -0.269872
v -0.526236 0.401824 -0.286572
v -0.528436 0.408524 -0.231972
v -0.539037 0.404024 -0.215672
v -0.544136 0.394224 -0.221372
v -0.552737 0.387924 -0.228272
v -0.563137 0.386024 -0.235172
v -0.573837 0.389224 -0.240872
v -0.562037 0.394224 -0.259072
v -0.549437 0.399624 -0.276672
v -0.536037 0.405324 -0.293472
v -0.505037 0.418524 -0.262972
v -0.517137 0.413424 -0.247772
v -0.581437 0.375724 -0.173172
v -0.572737 0.379424 -0.191972
v -0.563536 0.385924 -0.186172
v -0.572037 0.382324 -0.167772
v -0.592737 0.373424 -0.178472
v -0.583736 0.377324 -0.197872
v -0.563137 0.383524 -0.210372
v -0.554236 0.389824 -0.203972
v -0.573837 0.381524 -0.216772
v -0.566237 0.392424 -0.163372
v -0.573736 0.389224 -0.145072
v -0.579737 0.379024 -0.149072
v -0.589337 0.372324 -0.153772
v -0.600837 0.370024 -0.158572
v -0.612337 0.372824 -0.162472
v -0.604037 0.376324 -0.182872
v -0.594837 0.380224 -0.202772
v -0.584737 0.384524 -0.222072
v -0.548937 0.399824 -0.198672
v -0.557936 0.395924 -0.181272
v -0.607637 0.364524 -0.093672
v -0.602436 0.366724 -0.113972
v -0.592436 0.373624 -0.110372
v -0.597436 0.371424 -0.090572
v -0.619636 0.362024 -0.096672
v -0.614337 0.364224 -0.117572
v -0.596337 0.369324 -0.134072
v -0.586536 0.376124 -0.129872
v -0.608037 0.366924 -0.138272
v -0.591036 0.381824 -0.088072
v -0.595037 0.380124 -0.068572
v -0.601636 0.369724 -0.070572
v -0.611937 0.362724 -0.072972
v -0.624036 0.360124 -0.075472
v -0.636136 0.362624 -0.077472
v -0.631637 0.364524 -0.099172
v -0.626136 0.366924 -0.120572
v -0.619736 0.369624 -0.141772
v -0.580337 0.386424 -0.126372
v -0.586137 0.383924 -0.107372
v -0.619036 0.359724 -0.010072
v -0.617637 0.360324 -0.031172
v -0.607137 0.367324 -0.029972
v -0.608537 0.366724 -0.009472
v -0.631337 0.357024 -0.010772
v -0.629937 0.357624 -0.032372
v -0.615237 0.361324 -0.052172
v -0.604837 0.368324 -0.050372
v -0.627437 0.358624 -0.053972
v -0.601837 0.377224 -0.008972
v -0.602336 0.377024 0.011028
v -0.609037 0.366524 0.011028
v -0.619537 0.359524 0.011028
v -0.631836 0.356824 0.011028
v -0.643637 0.359424 -0.011272
v -0.644136 0.359224 0.011028
v -0.642137 0.360124 -0.033472
v -0.639637 0.361124 -0.055472
v -0.598237 0.378824 -0.048872
v -0.600437 0.377824 -0.028972
v -0.615237 0.361324 0.074228
v -0.617637 0.360324 0.053228
v -0.607137 0.367324 0.052028
v -0.604837 0.368324 0.072428
v -0.627437 0.358624 0.076028
v -0.629937 0.357624 0.054428
v -0.619036 0.359724 0.032128
v -0.608537 0.366724 0.031528
v -0.631337 0.357024 0.032728
v -0.598237 0.378824 0.070928
v -0.595037 0.380124 0.090628
v -0.601636 0.369724 0.092628
v -0.611937 0.362724 0.095028
v -0.624036 0.360124 0.097428
v -0.639637 0.361124 0.077528
v -0.636136 0.362624 0.099528
v -0.642137 0.360124 0.055428
v -0.643637 0.359424 0.033228
v -0.601837 0.377224 0.031028
v -0.600437 0.377824 0.051028
v -0.596337 0.369324 0.156128
v -0.602436 0.366724 0.136028
v -0.592436 0.373624 0.132428
v -0.586536 0.376124 0.151928
v -0.608037 0.366924 0.160328
v -0.614337 0.364224 0.139628
v -0.607637 0.364524 0.115628
v -0.597436 0.371424 0.112628
v -0.619636 0.362024 0.118728
v -0.580337 0.386424 0.148428
v -0.573736 0.389224 0.167128
v -0.579737 0.379024 0.171128
v -0.589337 0.372324 0.175828
v -0.600837 0.370024 0.180628
v -0.619736 0.369624 0.163828
v -0.612337 0.372824 0.184528
v -0.626136 0.366924 0.142628
v -0.631637 0.364524 0.121228
v -0.591036 0.381824 0.110128
v -0.586137 0.383924 0.129428
v -0.563137 0.383524 0.232428
v -0.572737 0.379424 0.214028
v -0.563536 0.385924 0.208228
v -0.554236 0.389824 0.226028
v -0.573837 0.381524 0.238828
v -0.583736 0.377324 0.219928
v -0.581437 0.375724 0.195128
v -0.572037 0.382324 0.189828
v -0.592737 0.373424 0.200528
v -0.548937 0.399824 0.220728
v -0.539037 0.404024 0.237628
v -0.544136 0.394224 0.243428
v -0.552737 0.387924 0.250328
v -0.563137 0.386024 0.257228
v -0.584737 0.384524 0.244128
v -0.573837 0.389224 0.262928
v -0.594837 0.380224 0.224728
v -0.604037 0.376324 0.204928
v -0.566237 0.392424 0.185428
v -0.557936 0.395924 0.203328
v -0.516836 0.403224 0.300228
v -0.529537 0.397824 0.284228
v -0.521637 0.403724 0.276328
v -0.509337 0.409024 0.291928
v -0.526236 0.401824 0.308628
v -0.539337 0.396224 0.292128
v -0.541537 0.392724 0.267628
v -0.533237 0.398824 0.260228
v -0.551637 0.391024 0.275028
v -0.505037 0.418524 0.285028
v -0.492337 0.423924 0.299528
v -0.496337 0.414624 0.306828
v -0.503437 0.408924 0.315528
v -0.512437 0.407724 0.324328
v -0.536037 0.405324 0.315528
v -0.521936 0.411324 0.331628
v -0.549437 0.399624 0.298728
v -0.562037 0.394224 0.281128
v -0.528436 0.408524 0.254028
v -0.517137 0.413424 0.269828
v -0.459337 0.427824 0.356928
v -0.474636 0.421224 0.343928
v -0.468337 0.426524 0.334328
v -0.453437 0.432824 0.347028
v -0.467037 0.427024 0.366928
v -0.482837 0.420324 0.353528
v -0.489337 0.414924 0.330128
v -0.482637 0.420424 0.320928
v -0.497937 0.413824 0.339328
v -0.450537 0.441724 0.338728
v -0.435537 0.448224 0.350228
v -0.438037 0.439424 0.358828
v -0.443437 0.434524 0.369128
v -0.450736 0.434024 0.379528
v -0.475437 0.431124 0.375228
v -0.458736 0.438324 0.388028
v -0.491637 0.424224 0.361528
v -0.507137 0.417624 0.347028
v -0.479037 0.429624 0.313328
v -0.465037 0.435624 0.326428
v -0.392736 0.456224 0.400328
v -0.410037 0.448824 0.390828
v -0.405636 0.453224 0.379928
v -0.388737 0.460424 0.389128
v -0.398537 0.456224 0.411628
v -0.416436 0.448624 0.401828
v -0.427036 0.441524 0.380428
v -0.422036 0.446224 0.369828
v -0.433837 0.441224 0.391128
v -0.387437 0.468624 0.379828
v -0.370637 0.475824 0.387928
v -0.371437 0.467824 0.397428
v -0.374937 0.463724 0.408928
v -0.380237 0.464024 0.420428
v -0.405337 0.461024 0.420928
v -0.386637 0.469024 0.429928
v -0.423636 0.453224 0.410928
v -0.441436 0.445624 0.399928
v -0.419936 0.454824 0.360928
v -0.403937 0.461624 0.370828
v -0.319537 0.487324 0.428828
v -0.338337 0.479424 0.423228
v -0.335936 0.482924 0.411328
v -0.317737 0.490724 0.416728
v -0.323237 0.488324 0.440928
v -0.342537 0.480124 0.435128
v -0.356736 0.471524 0.416528
v -0.353836 0.475324 0.404828
v -0.361537 0.472024 0.428228
v -0.318237 0.498224 0.406728
v -0.300237 0.505824 0.411128
v -0.299336 0.498624 0.421228
v -0.300636 0.495424 0.433428
v -0.303737 0.496724 0.445628
v -0.328337 0.493824 0.450828
v -0.308337 0.502424 0.455728
v -0.348036 0.485424 0.444928
v -0.367536 0.477124 0.437928
v -0.353437 0.483224 0.395128
v -0.335936 0.490624 0.401428
v -0.242737 0.520124 0.441228
v -0.262137 0.511824 0.439628
v -0.261936 0.514524 0.427328
v -0.243136 0.522524 0.428828
v -0.244237 0.522024 0.453628
v -0.264237 0.513524 0.452028
v -0.281437 0.503624 0.437028
v -0.280737 0.506524 0.424728
v -0.284037 0.505124 0.449328
v -0.245436 0.529224 0.418528
v -0.227037 0.537124 0.419028
v -0.224237 0.530624 0.429328
v -0.223337 0.528424 0.441728
v -0.224237 0.530624 0.454128
v -0.247436 0.528324 0.463928
v -0.227037 0.537124 0.464428
v -0.267937 0.519624 0.462328
v -0.288237 0.511024 0.459528
v -0.282036 0.513624 0.414528
v -0.263837 0.521424 0.417028
v -0.165137 0.553224 0.437028
v -0.184437 0.545024 0.439628
v -0.186536 0.546624 0.427328
v -0.167737 0.554624 0.424728
v -0.164437 0.556124 0.449328
v -0.184236 0.547624 0.452028
v -0.203837 0.536724 0.441228
v -0.205337 0.538624 0.428828
v -0.204237 0.539124 0.453628
v -0.171937 0.560524 0.414528
v -0.153837 0.568324 0.411128
v -0.149137 0.562624 0.421228
v -0.146037 0.561324 0.433428
v -0.144737 0.564524 0.445628
v -0.165837 0.563224 0.459528
v -0.145636 0.571824 0.455728
v -0.186137 0.554524 0.462328
v -0.206536 0.545824 0.463928
v -0.208636 0.544924 0.418528
v -0.190237 0.552724 0.417028
v -0.089837 0.585324 0.416528
v -0.108337 0.577424 0.423228
v -0.112537 0.578224 0.411328
v -0.094636 0.585824 0.404828
v -0.086937 0.589124 0.428228
v -0.105937 0.581024 0.435128
v -0.127037 0.569424 0.428828
v -0.130737 0.570424 0.416728
v -0.125136 0.572824 0.440928
v -0.100537 0.591024 0.395128
v -0.083437 0.598324 0.387928
v -0.077036 0.593324 0.397428
v -0.071737 0.593024 0.408928
v -0.068237 0.597124 0.420428
v -0.086437 0.597024 0.437928
v -0.067336 0.605124 0.429928
v -0.105937 0.588724 0.444928
v -0.125637 0.580324 0.450828
v -0.135837 0.575924 0.406728
v -0.118037 0.583524 0.401428
v -0.019637 0.615224 0.380428
v -0.036537 0.608024 0.390828
v -0.042837 0.607924 0.379928
v -0.026437 0.614924 0.369828
v -0.014637 0.619924 0.391128
v -0.032037 0.612524 0.401828
v -0.053937 0.600624 0.400328
v -0.059737 0.600724 0.389128
v -0.049937 0.604924 0.411628
v -0.034037 0.619324 0.360928
v -0.018537 0.626024 0.350228
v -0.010437 0.621724 0.358828
v -0.003237 0.622224 0.369128
v 0.002263 0.627124 0.379528
v -0.012537 0.628524 0.399928
v 0.004763 0.635924 0.388028
v -0.030336 0.620924 0.410928
v -0.048636 0.613124 0.420928
v -0.066537 0.605524 0.379828
v -0.050137 0.612524 0.370828
v 0.042763 0.641824 0.330128
v 0.028063 0.635624 0.343928
v 0.019863 0.634624 0.334328
v 0.034163 0.640724 0.320928
v 0.049563 0.647324 0.339328
v 0.034363 0.640824 0.353528
v 0.012663 0.629024 0.356928
v 0.004963 0.628324 0.347028
v 0.018563 0.634124 0.366928
v 0.025063 0.644524 0.313328
v 0.038363 0.650224 0.299528
v 0.047863 0.646624 0.306828
v 0.056863 0.647824 0.315528
v 0.063963 0.653524 0.324328
v 0.053063 0.656524 0.347028
v 0.067963 0.662824 0.331628
v 0.037564 0.649924 0.361528
v 0.021463 0.643024 0.375228
v -0.003437 0.632424 0.338728
v 0.011063 0.638624 0.326428
v 0.094963 0.664124 0.267628
v 0.082963 0.659024 0.284228
v 0.073163 0.657424 0.276328
v 0.084763 0.662324 0.260228
v 0.103163 0.670224 0.275028
v 0.090863 0.664924 0.292128
v 0.070264 0.653624 0.300228
v 0.060863 0.652124 0.291928
v 0.077763 0.659324 0.308628
v 0.074463 0.665624 0.254028
v 0.085063 0.670124 0.237628
v 0.095663 0.667024 0.243428
v 0.106164 0.668924 0.250328
v 0.114663 0.675124 0.257228
v 0.108063 0.679924 0.281128
v 0.119763 0.684924 0.262928
v 0.095463 0.674524 0.298728
v 0.082063 0.668824 0.315528
v 0.051063 0.655624 0.285028
v 0.063064 0.660824 0.269828
v 0.134863 0.681124 0.195128
v 0.126063 0.677424 0.214028
v 0.115063 0.675224 0.208228
v 0.123563 0.678924 0.189828
v 0.144264 0.687724 0.200528
v 0.135264 0.683824 0.219928
v 0.116563 0.673324 0.232428
v 0.105763 0.671324 0.226028
v 0.125363 0.679624 0.238828
v 0.112264 0.681724 0.185428
v 0.119763 0.684924 0.167128
v 0.131263 0.682124 0.171128
v 0.142763 0.684524 0.175828
v 0.152363 0.691124 0.180628
v 0.150063 0.697824 0.204928
v 0.158363 0.701424 0.184528
v 0.140863 0.693924 0.224728
v 0.130763 0.689624 0.244128
v 0.094863 0.674324 0.220728
v 0.103963 0.678224 0.203328
v 0.161063 0.692324 0.115628
v 0.155863 0.690024 0.136028
v 0.143963 0.687524 0.132428
v 0.148963 0.689724 0.112628
v 0.171163 0.699224 0.118728
v 0.165863 0.696924 0.139628
v 0.149763 0.687424 0.156128
v 0.138063 0.685024 0.151928
v 0.159563 0.694224 0.160328
v 0.137064 0.692324 0.110128
v 0.141063 0.694024 0.090628
v 0.153163 0.691524 0.092628
v 0.165263 0.694124 0.095028
v 0.175563 0.701024 0.097428
v 0.177563 0.709624 0.121228
v 0.182063 0.711524 0.099528
v 0.172163 0.707224 0.142628
v 0.165763 0.704524 0.163828
v 0.126363 0.687724 0.148428
v 0.132163 0.690224 0.129428
v 0.172363 0.697124 0.032128
v 0.170963 0.696524 0.053228
v 0.158663 0.693824 0.052028
v 0.160064 0.694424 0.031528
v 0.182863 0.704224 0.032728
v 0.181463 0.703524 0.054428
v 0.168563 0.695524 0.074228
v 0.156363 0.692824 0.072428
v 0.178963 0.702524 0.076028
v 0.147864 0.696924 0.031028
v 0.148263 0.697124 0.011028
v 0.160563 0.694624 0.011028
v 0.172863 0.697324 0.011028
v 0.183363 0.704424 0.011028
v 0.189563 0.714724 0.033228
v 0.190063 0.714924 0.011028
v 0.188064 0.714024 0.055428
v 0.185564 0.713024 0.077528
v 0.144264 0.695324 0.070928
v 0.146463 0.696324 0.051028
v 0.168563 0.695524 -0.052172
v 0.170963 0.696524 -0.031172
v 0.158663 0.693824 -0.029972
v 0.156363 0.692824 -0.050372
v 0.178963 0.702524 -0.053972
v 0.181463 0.703524 -0.032372
v 0.172363 0.697124 -0.010072
v 0.160064 0.694424 -0.009472
v 0.182863 0.704224 -0.010772
v 0.144264 0.695324 -0.048872
v 0.141063 0.694024 -0.068572
v 0.153163 0.691524 -0.070572
v 0.165263 0.694124 -0.072972
v 0.175563 0.701024 -0.075472
v 0.185564 0.713024 -0.055472
v 0.182063 0.711524 -0.077472
v 0.188064 0.714024 -0.033472
v 0.189563 0.714724 -0.011272
v 0.147864 0.696924 -0.008972
v 0.146463 0.696324 -0.028972
v 0.149763 0.687424 -0.134072
v 0.155863 0.690024 -0.113972
v 0.143963 0.687524 -0.110372
v 0.138063 0.685024 -0.129872
v 0.159563 0.694224 -0.138272
v 0.165863 0.696924 -0.117572
v 0.161063 0.692324 -0.093672
v 0.148963 0.689724 -0.090572
v 0.171163 0.699224 -0.096672
v 0.126363 0.687724 -0.126372
v 0.119763 0.684924 -0.145072
v 0.131263 0.682124 -0.149072
v 0.142763 0.684524 -0.153772
v 0.152363 0.691124 -0.158572
v 0.165763 0.704524 -0.141772
v 0.158363 0.701424 -0.162472
v 0.172163 0.707224 -0.120572
v 0.177563 0.709624 -0.099172
v 0.137064 0.692324 -0.088072
v 0.132163 0.690224 -0.107372
v 0.116563 0.673324 -0.210372
v 0.126063 0.677424 -0.191972
v 0.115063 0.675224 -0.186172
v 0.105763 0.671324 -0.203972
v 0.125363 0.679624 -0.216772
v 0.135264 0.683824 -0.197872
v 0.134863 0.681124 -0.173172
v 0.123563 0.678924 -0.167772
v 0.144264 0.687724 -0.178472
v 0.094863 0.674324 -0.198672
v 0.085063 0.670124 -0.215672
v 0.095663 0.667024 -0.221372
v 0.106164 0.668924 -0.228272
v 0.114663 0.675124 -0.235172
v 0.130763 0.689624 -0.222072
v 0.119763 0.684924 -0.240872
v 0.140863 0.693924 -0.202772
v 0.150063 0.697824 -0.182872
v 0.112264 0.681724 -0.163372
v 0.103963 0.678224 -0.181272
v 0.070264 0.653624 -0.278272
v 0.082963 0.659024 -0.262172
v 0.073163 0.657424 -0.254372
v 0.060863 0.652124 -0.269872
v 0.077763 0.659324 -0.286572
v 0.090863 0.664924 -0.270072
v 0.094963 0.664124 -0.245572
v 0.084763 0.662324 -0.238172
v 0.103163 0.670224 -0.252972
v 0.051063 0.655624 -0.262972
v 0.038363 0.650224 -0.277472
v 0.047863 0.646624 -0.284772
v 0.056863 0.647824 -0.293572
v 0.063963 0.653524 -0.302372
v 0.082063 0.668824 -0.293472
v 0.067963 0.662824 -0.309572
v 0.095463 0.674524 -0.276672
v 0.108063 0.679924 -0.259072
v 0.074463 0.665624 -0.231972
v 0.063064 0.660824 -0.247772
v 0.012663 0.629024 -0.334972
v 0.028063 0.635624 -0.321872
v 0.019863 0.634624 -0.312272
v 0.004963 0.628324 -0.324972
v 0.018563 0.634124 -0.344872
v 0.034363 0.640824 -0.331572
v 0.042763 0.641824 -0.308072
v 0.034163 0.640724 -0.298872
v 0.049563 0.647324 -0.317372
v -0.003437 0.632424 -0.316672
v -0.018537 0.626024 -0.328171
v -0.010437 0.621724 -0.336771
v -0.003237 0.622224 -0.347072
v 0.002263 0.627124 -0.357472
v 0.021463 0.643024 -0.353172
v 0.004763 0.635924 -0.365972
v 0.037564 0.649924 -0.339472
v 0.053063 0.656524 -0.324972
v 0.025063 0.644524 -0.291272
v 0.011063 0.638624 -0.304372
v -0.053937 0.600624 -0.378372
v -0.036537 0.608024 -0.368872
v -0.042837 0.607924 -0.357872
v -0.059737 0.600724 -0.367072
v -0.049937 0.604924 -0.389572
v -0.032037 0.612524 -0.379772
v -0.019637 0.615224 -0.358371
v -0.026437 0.614924 -0.347772
v -0.014637 0.619924 -0.369071
v -0.066537 0.605524 -0.357772
v -0.083437 0.598324 -0.365872
v -0.077036 0.593324 -0.375372
v -0.071737 0.593024 -0.386872
v -0.068237 0.597124 -0.398372
v -0.048636 0.613124 -0.398872
v -0.067336 0.605124 -0.407871
v -0.030336 0.620924 -0.388872
v -0.012537 0.628524 -0.377872
v -0.034037 0.619324 -0.338872
v -0.050137 0.612524 -0.348772
v -0.127037 0.569424 -0.406772
v -0.108337 0.577424 -0.401172
v -0.112537 0.578224 -0.389271
v -0.130737 0.570424 -0.394672
v -0.125136 0.572824 -0.418872
v -0.105937 0.581024 -0.413072
v -0.089837 0.585324 -0.394472
v -0.094636 0.585824 -0.382771
v -0.086937 0.589124 -0.406172
v -0.135837 0.575924 -0.384772
v -0.153837 0.568324 -0.389072
v -0.149137 0.562624 -0.399172
v -0.146037 0.561324 -0.411372
v -0.144737 0.564524 -0.423572
v -0.125637 0.580324 -0.428872
v -0.145636 0.571824 -0.433672
v -0.105937 0.588724 -0.422872
v -0.086437 0.597024 -0.415872
v -0.100537 0.591024 -0.373072
v -0.118037 0.583524 -0.379372
v -0.203837 0.536724 -0.419172
v -0.184437 0.545024 -0.417572
v -0.186536 0.546624 -0.405272
v -0.205337 0.538624 -0.406772
v -0.204237 0.539124 -0.431571
v -0.184236 0.547624 -0.429972
v -0.165137 0.553224 -0.415071
v -0.167737 0.554624 -0.402772
v -0.164437 0.556124 -0.427372
v -0.208636 0.544924 -0.396472
v -0.206536 0.545824 -0.441872
v -0.186137 0.554524 -0.440272
v -0.165837 0.563224 -0.437472
v -0.171937 0.560524 -0.392572
v -0.190237 0.552724 -0.394972
v -0.361136 0.542224 -0.389271
v -0.365436 0.542924 -0.401172
v -0.383936 0.535124 -0.394472
v -0.379137 0.534524 -0.382771
v -0.342937 0.549924 -0.394672
v -0.346636 0.550924 -0.406772
v -0.367837 0.539324 -0.413072
v -0.386836 0.531224 -0.406172
v -0.348537 0.547624 -0.418872
v -0.373137 0.529424 -0.373072
v -0.396737 0.527024 -0.375372
v -0.390337 0.522124 -0.365872
v -0.355637 0.536824 -0.379372
v -0.337937 0.544424 -0.384772
v -0.348036 0.540124 -0.428872
v -0.367837 0.531724 -0.422872
v -0.387237 0.523424 -0.415872
v -0.406336 0.515224 -0.407871
v -0.405437 0.523324 -0.398372
v -0.402036 0.527324 -0.386872
v -0.430836 0.512524 -0.357872
v -0.437136 0.512324 -0.368872
v -0.454137 0.505124 -0.358371
v -0.447336 0.505524 -0.347772
v -0.414037 0.519724 -0.367072
v -0.419837 0.519724 -0.378372
v -0.441637 0.507924 -0.379772
v -0.459037 0.500424 -0.369071
v -0.423737 0.515524 -0.389572
v -0.463237 0.498724 -0.336771
v -0.455236 0.494424 -0.328171
v -0.439637 0.501024 -0.338872
v -0.423636 0.507924 -0.348772
v -0.407136 0.514924 -0.357772
v -0.425036 0.507324 -0.398872
v -0.443337 0.499524 -0.388872
v -0.461137 0.491924 -0.377872
v -0.478437 0.484524 -0.365972
v -0.475936 0.493224 -0.357472
v -0.470537 0.498124 -0.347072
v -0.493537 0.485724 -0.312272
v -0.501737 0.484824 -0.321872
v -0.516437 0.478524 -0.308072
v -0.507837 0.479624 -0.298872
v -0.478737 0.492124 -0.324972
v -0.486437 0.491324 -0.334972
v -0.508137 0.479524 -0.331572
v -0.523237 0.473124 -0.317372
v -0.492337 0.486324 -0.344872
v -0.521537 0.473824 -0.284772
v -0.512037 0.470224 -0.277472
v -0.498737 0.475824 -0.291272
v -0.484837 0.481824 -0.304372
v -0.470236 0.488024 -0.316672
v -0.495237 0.477424 -0.353172
v -0.511337 0.470524 -0.339472
v -0.526837 0.463924 -0.324972
v -0.541637 0.457524 -0.309572
v -0.537736 0.466924 -0.302372
v -0.530536 0.472524 -0.293572
v -0.546937 0.463024 -0.254372
v -0.556637 0.461424 -0.262172
v -0.568636 0.456324 -0.245572
v -0.558536 0.458024 -0.238172
v -0.534537 0.468224 -0.269872
v -0.543937 0.466824 -0.278272
v -0.564637 0.455424 -0.270072
v -0.576937 0.450224 -0.252972
v -0.551537 0.461024 -0.286572
v -0.569436 0.453424 -0.221372
v -0.558737 0.450324 -0.215672
v -0.548137 0.454824 -0.231972
v -0.536837 0.459624 -0.247772
v -0.524736 0.464724 -0.262972
v -0.555736 0.451524 -0.293472
v -0.569137 0.445824 -0.276672
v -0.581737 0.440424 -0.259072
v -0.593537 0.435424 -0.240872
v -0.588437 0.445324 -0.235172
v -0.579837 0.451524 -0.228272
v -0.588836 0.445124 -0.186172
v -0.599837 0.443024 -0.191972
v -0.608537 0.439324 -0.173172
v -0.597336 0.441524 -0.167772
v -0.579536 0.449124 -0.203972
v -0.590236 0.447124 -0.210372
v -0.609037 0.436524 -0.197872
v -0.617937 0.432724 -0.178472
v -0.599137 0.440724 -0.216772
v -0.604937 0.438224 -0.149072
v -0.593437 0.435524 -0.145072
v -0.585936 0.438624 -0.163372
v -0.577637 0.442224 -0.181272
v -0.568636 0.446024 -0.198672
v -0.604437 0.430824 -0.222072
v -0.614536 0.426424 -0.202772
v -0.623737 0.422524 -0.182872
v -0.632037 0.419024 -0.162472
v -0.626136 0.429224 -0.158572
v -0.616437 0.435924 -0.153772
v -0.617637 0.432824 -0.110372
v -0.629537 0.430324 -0.113972
v -0.634736 0.428124 -0.093672
v -0.622737 0.430724 -0.090572
v -0.611736 0.435324 -0.129872
v -0.623437 0.432924 -0.134072
v -0.639537 0.423524 -0.117572
v -0.644937 0.421224 -0.096672
v -0.633336 0.426224 -0.138272
v -0.626836 0.428924 -0.070572
v -0.614837 0.426424 -0.068572
v -0.610737 0.428124 -0.088072
v -0.605837 0.430224 -0.107372
v -0.600037 0.432624 -0.126372
v -0.639437 0.415824 -0.141772
v -0.645837 0.413124 -0.120572
v -0.651336 0.410824 -0.099172
v -0.655837 0.408924 -0.077472
v -0.649337 0.419324 -0.075472
v -0.639036 0.426324 -0.072972
v -0.632437 0.426524 -0.029972
v -0.644736 0.423824 -0.031172
v -0.646136 0.423224 -0.010072
v -0.633737 0.425924 -0.009472
v -0.630037 0.427524 -0.050372
v -0.642337 0.424924 -0.052172
v -0.655137 0.416824 -0.032372
v -0.656637 0.416224 -0.010772
v -0.652736 0.417924 -0.053972
v -0.634237 0.425724 0.011028
v -0.622037 0.423324 0.011028
v -0.621537 0.423524 -0.008972
v -0.620237 0.424124 -0.028972
v -0.617937 0.425024 -0.048872
v -0.659337 0.407424 -0.055472
v -0.661837 0.406324 -0.033472
v -0.663337 0.405724 -0.011272
v -0.663837 0.405424 0.011028
v -0.657136 0.416024 0.011028
v -0.646637 0.423024 0.011028
v -0.632437 0.426524 0.052028
v -0.644736 0.423824 0.053228
v -0.642337 0.424924 0.074228
v -0.630037 0.427524 0.072428
v -0.633737 0.425924 0.031528
v -0.646136 0.423224 0.032128
v -0.655137 0.416824 0.054428
v -0.652736 0.417924 0.076028
v -0.656637 0.416224 0.032728
v -0.626836 0.428924 0.092628
v -0.614837 0.426424 0.090628
v -0.617937 0.425024 0.070928
v -0.620237 0.424124 0.051028
v -0.621537 0.423524 0.031028
v -0.663337 0.405724 0.033228
v -0.661837 0.406324 0.055428
v -0.659337 0.407424 0.077528
v -0.655837 0.408924 0.099528
v -0.649337 0.419324 0.097428
v -0.639036 0.426324 0.095028
v -0.617637 0.432824 0.132428
v -0.629537 0.430324 0.136028
v -0.623437 0.432924 0.156128
v -0.611736 0.435324 0.151928
v -0.622737 0.430724 0.112628
v -0.634736 0.428124 0.115628
v -0.639537 0.423524 0.139628
v -0.633336 0.426224 0.160328
v -0.644937 0.421224 0.118728
v -0.604937 0.438224 0.171128
v -0.593437 0.435524 0.167128
v -0.600037 0.432624 0.148428
v -0.605837 0.430224 0.129428
v -0.610737 0.428124 0.110128
v -0.651336 0.410824 0.121228
v -0.645837 0.413124 0.142628
v -0.639437 0.415824 0.163828
v -0.632037 0.419024 0.184528
v -0.626136 0.429224 0.180628
v -0.616437 0.435924 0.175828
v -0.588836 0.445124 0.208228
v -0.599837 0.443024 0.214028
v -0.590236 0.447124 0.232428
v -0.579536 0.449124 0.226028
v -0.597336 0.441524 0.189828
v -0.608537 0.439324 0.195128
v -0.609037 0.436524 0.219928
v -0.599137 0.440724 0.238828
v -0.617937 0.432724 0.200528
v -0.569436 0.453424 0.243428
v -0.558737 0.450324 0.237628
v -0.568636 0.446024 0.220728
v -0.577637 0.442224 0.203328
v -0.585936 0.438624 0.185428
v -0.623737 0.422524 0.204928
v -0.614536 0.426424 0.224728
v -0.604437 0.430824 0.244128
v -0.593537 0.435424 0.262928
v -0.588437 0.445324 0.257228
v -0.579837 0.451524 0.250328
v -0.546937 0.463024 0.276328
v -0.556637 0.461424 0.284228
v -0.543937 0.466824 0.300228
v -0.534537 0.468224 0.291928
v -0.558536 0.458024 0.260228
v -0.568636 0.456324 0.267628
v -0.564637 0.455424 0.292128
v -0.551537 0.461024 0.308628
v -0.576937 0.450224 0.275028
v -0.521537 0.473824 0.306828
v -0.512037 0.470224 0.299528
v -0.524736 0.464724 0.285028
v -0.536837 0.459624 0.269828
v -0.548137 0.454824 0.254028
v -0.581737 0.440424 0.281128
v -0.569137 0.445824 0.298728
v -0.555736 0.451524 0.315528
v -0.541637 0.457524 0.331628
v -0.537736 0.466924 0.324328
v -0.530536 0.472524 0.315528
v -0.493537 0.485724 0.334328
v -0.501737 0.484824 0.343928
v -0.486437 0.491324 0.356928
v -0.478737 0.492124 0.347028
v -0.507837 0.479624 0.320928
v -0.516437 0.478524 0.330128
v -0.508137 0.479524 0.353528
v -0.492337 0.486324 0.366928
v -0.523237 0.473124 0.339328
v -0.463237 0.498724 0.358828
v -0.455236 0.494424 0.350228
v -0.470236 0.488024 0.338728
v -0.484837 0.481824 0.326428
v -0.498737 0.475824 0.313328
v -0.526837 0.463924 0.347028
v -0.511337 0.470524 0.361528
v -0.495237 0.477424 0.375228
v -0.478437 0.484524 0.388028
v -0.475936 0.493224 0.379528
v -0.470537 0.498124 0.369128
v -0.430836 0.512524 0.379928
v -0.437136 0.512324 0.390828
v -0.419837 0.519724 0.400328
v -0.414037 0.519724 0.389128
v -0.447336 0.505524 0.369828
v -0.454137 0.505124 0.380428
v -0.441637 0.507924 0.401828
v -0.423737 0.515524 0.411628
v -0.459037 0.500424 0.391128
v -0.396737 0.527024 0.397428
v -0.390337 0.522124 0.387928
v -0.407136 0.514924 0.379828
v -0.423636 0.507924 0.370828
v -0.439637 0.501024 0.360928
v -0.461137 0.491924 0.399928
v -0.443337 0.499524 0.410928
v -0.425036 0.507324 0.420928
v -0.406336 0.515224 0.429928
v -0.405437 0.523324 0.420428
v -0.402036 0.527324 0.408928
v -0.361136 0.542224 0.411328
v -0.365436 0.542924 0.423228
v -0.346636 0.550924 0.428828
v -0.342937 0.549924 0.416728
v -0.379137 0.534524 0.404828
v -0.383936 0.535124 0.416528
v -0.367837 0.539324 0.435128
v -0.348537 0.547624 0.440928
v -0.386836 0.531224 0.428228
v -0.324537 0.557824 0.421228
v -0.319937 0.552124 0.411128
v -0.337937 0.544424 0.406728
v -0.355637 0.536824 0.401428
v -0.373137 0.529424 0.395128
v -0.387237 0.523424 0.437928
v -0.367837 0.531724 0.444928
v -0.348036 0.540124 0.450828
v -0.328137 0.548624 0.455728
v -0.329037 0.555924 0.445628
v -0.327737 0.559024 0.433428
v -0.287237 0.573724 0.427328
v -0.289236 0.575424 0.439628
v -0.269836 0.583724 0.441228
v -0.268336 0.581724 0.428828
v -0.305937 0.565724 0.424728
v -0.308536 0.567224 0.437028
v -0.289437 0.572824 0.452028
v -0.269537 0.581324 0.453628
v -0.309336 0.564324 0.449328
v -0.249537 0.589824 0.429328
v -0.246736 0.583324 0.419028
v -0.265137 0.575424 0.418528
v -0.283536 0.567624 0.417028
v -0.301737 0.559824 0.414528
v -0.307936 0.557224 0.459528
v -0.287637 0.565924 0.462328
v -0.267137 0.574624 0.463928
v -0.246736 0.583324 0.464428
v -0.249537 0.589824 0.454128
v -0.250436 0.592024 0.441728
v -0.211737 0.605924 0.427328
v -0.211536 0.608524 0.439628
v -0.192236 0.616824 0.437028
v -0.193036 0.613924 0.424728
v -0.230637 0.597824 0.428828
v -0.230936 0.600324 0.441228
v -0.209536 0.606824 0.452028
v -0.189637 0.615324 0.449328
v -0.229536 0.598324 0.453628
v -0.174437 0.621824 0.421228
v -0.173536 0.614524 0.411128
v -0.191637 0.606824 0.414528
v -0.209937 0.599024 0.417028
v -0.228337 0.591124 0.418528
v -0.226237 0.592024 0.463928
v -0.205836 0.600724 0.462328
v -0.185537 0.609424 0.459528
v -0.165337 0.618024 0.455728
v -0.169937 0.623724 0.445628
v -0.173137 0.624924 0.433428
v -0.137837 0.637424 0.411328
v -0.135437 0.641024 0.423228
v -0.116937 0.648924 0.416528
v -0.119837 0.645124 0.404828
v -0.156036 0.629724 0.416728
v -0.154137 0.633024 0.428828
v -0.131137 0.640224 0.435128
v -0.112137 0.648324 0.428228
v -0.150437 0.632024 0.440928
v -0.102237 0.652624 0.397428
v -0.103137 0.644524 0.387928
v -0.120337 0.637224 0.395128
v -0.137736 0.629724 0.401428
v -0.155537 0.622224 0.406728
v -0.145337 0.626524 0.450828
v -0.125637 0.634924 0.444928
v -0.106237 0.643224 0.437928
v -0.087137 0.651424 0.429928
v -0.093536 0.656324 0.420428
v -0.098837 0.656624 0.408928
v -0.068137 0.667124 0.379928
v -0.063637 0.671624 0.390828
v -0.046737 0.678824 0.380428
v -0.051637 0.674124 0.369828
v -0.084936 0.659924 0.389128
v -0.081037 0.664224 0.400328
v -0.057337 0.671724 0.401828
v -0.039937 0.679224 0.391128
v -0.075236 0.664124 0.411628
v -0.035737 0.680924 0.358828
v -0.038236 0.672224 0.350228
v -0.053737 0.665624 0.360928
v -0.069836 0.658724 0.370828
v -0.086237 0.651724 0.379828
v -0.068337 0.659324 0.420928
v -0.050137 0.667124 0.410928
v -0.032237 0.674724 0.399928
v -0.014937 0.682124 0.388028
v -0.023037 0.686424 0.379528
v -0.030336 0.685824 0.369128
v -0.005437 0.693924 0.334328
v 0.000963 0.699124 0.343928
v 0.015664 0.705424 0.330128
v 0.008863 0.700024 0.320928
v -0.020337 0.687524 0.347028
v -0.014437 0.692624 0.356928
v 0.009063 0.700124 0.353528
v 0.024264 0.706524 0.339328
v -0.006637 0.693324 0.366928
v 0.022563 0.705824 0.306828
v 0.018663 0.696424 0.299528
v 0.005264 0.690824 0.313328
v -0.008637 0.684824 0.326428
v -0.023136 0.678624 0.338728
v 0.001763 0.689224 0.375228
v 0.017863 0.696124 0.361528
v 0.033363 0.702724 0.347028
v 0.048263 0.709024 0.331628
v 0.038763 0.712724 0.324328
v 0.029763 0.711424 0.315528
v 0.047964 0.716624 0.276328
v 0.055863 0.722524 0.284228
v 0.067863 0.727624 0.267628
v 0.059563 0.721624 0.260228
v 0.035563 0.711324 0.291928
v 0.043163 0.717124 0.300228
v 0.065663 0.724124 0.292128
v 0.077963 0.729424 0.275028
v 0.052563 0.718624 0.308628
v 0.070463 0.726224 0.243428
v 0.065363 0.716324 0.237628
v 0.054763 0.711824 0.254028
v 0.043363 0.707024 0.269828
v 0.031363 0.701924 0.285028
v 0.062364 0.715124 0.315528
v 0.075763 0.720824 0.298728
v 0.088263 0.726124 0.281128
v 0.100064 0.731224 0.262928
v 0.089463 0.734324 0.257228
v 0.079063 0.732424 0.250328
v 0.089863 0.734524 0.208228
v 0.098963 0.740924 0.214028
v 0.107763 0.744724 0.195128
v 0.098363 0.738124 0.189828
v 0.080563 0.730524 0.226028
v 0.089463 0.736924 0.232428
v 0.109963 0.743124 0.219928
v 0.118963 0.746924 0.200528
v 0.100163 0.738924 0.238828
v 0.105963 0.741424 0.171128
v 0.099963 0.731124 0.167128
v 0.092563 0.727924 0.185428
v 0.084264 0.724424 0.203328
v 0.075163 0.720524 0.220728
v 0.111063 0.735824 0.244128
v 0.121163 0.740124 0.224728
v 0.130363 0.744124 0.204928
v 0.138663 0.747624 0.184528
v 0.127163 0.750424 0.180628
v 0.115663 0.748024 0.175828
v 0.118663 0.746824 0.132428
v 0.128763 0.753624 0.136028
v 0.133863 0.755824 0.115628
v 0.123764 0.748924 0.112628
v 0.112763 0.744324 0.151928
v 0.122663 0.751024 0.156128
v 0.140563 0.756124 0.139628
v 0.145963 0.758424 0.118728
v 0.134363 0.753424 0.160328
v 0.127863 0.750724 0.092628
v 0.121363 0.740224 0.090628
v 0.117363 0.738524 0.110128
v 0.112363 0.736424 0.129428
v 0.106663 0.734024 0.148428
v 0.145963 0.750724 0.163828
v 0.152463 0.753524 0.142628
v 0.157863 0.755824 0.121228
v 0.162363 0.757724 0.099528
v 0.150364 0.760324 0.097428
v 0.138164 0.757624 0.095028
v 0.133464 0.753124 0.052028
v 0.143863 0.760124 0.053228
v 0.145263 0.760724 0.032128
v 0.134763 0.753624 0.031528
v 0.131063 0.752124 0.072428
v 0.141463 0.759124 0.074228
v 0.156163 0.762824 0.054428
v 0.157663 0.763424 0.032728
v 0.153763 0.761724 0.076028
v 0.135264 0.753824 0.011028
v 0.128563 0.743324 0.011028
v 0.128163 0.743124 0.031028
v 0.126763 0.742524 0.051028
v 0.124463 0.741624 0.070928
v 0.165863 0.759224 0.077528
v 0.168363 0.760324 0.055428
v 0.169863 0.760924 0.033228
v 0.170363 0.761124 0.011028
v 0.158163 0.763624 0.011028
v 0.145763 0.760924 0.011028
v 0.133464 0.753124 -0.029972
v 0.143863 0.760124 -0.031172
v 0.141463 0.759124 -0.052172
v 0.131063 0.752124 -0.050372
v 0.134763 0.753624 -0.009472
v 0.145263 0.760724 -0.010072
v 0.156163 0.762824 -0.032372
v 0.153763 0.761724 -0.053972
v 0.157663 0.763424 -0.010772
v 0.127863 0.750724 -0.070572
v 0.121363 0.740224 -0.068572
v 0.124463 0.741624 -0.048872
v 0.126763 0.742524 -0.028972
v 0.128163 0.743124 -0.008972
v 0.169863 0.760924 -0.011272
v 0.168363 0.760324 -0.033472
v 0.165863 0.759224 -0.055472
v 0.162363 0.757724 -0.077472
v 0.150364 0.760324 -0.075472
v 0.138164 0.757624 -0.072972
v 0.118663 0.746824 -0.110372
v 0.128763 0.753624 -0.113972
v 0.122663 0.751024 -0.134072
v 0.112763 0.744324 -0.129872
v 0.123764 0.748924 -0.090572
v 0.133863 0.755824 -0.093672
v 0.140563 0.756124 -0.117572
v 0.134363 0.753424 -0.138272
v 0.145963 0.758424 -0.096672
v 0.105963 0.741424 -0.149072
v 0.099963 0.731124 -0.145072
v 0.106663 0.734024 -0.126372
v 0.112363 0.736424 -0.107372
v 0.117363 0.738524 -0.088072
v 0.157863 0.755824 -0.099172
v 0.152463 0.753524 -0.120572
v 0.145963 0.750724 -0.141772
v 0.138663 0.747624 -0.162472
v 0.127163 0.750424 -0.158572
v 0.115663 0.748024 -0.153772
v 0.089863 0.734524 -0.186172
v 0.098963 0.740924 -0.191972
v 0.089463 0.736924 -0.210372
v 0.080563 0.730524 -0.203972
v 0.098363 0.738124 -0.167772
v 0.107763 0.744724 -0.173172
v 0.109963 0.743124 -0.197872
v 0.100163 0.738924 -0.216772
v 0.118963 0.746924 -0.178472
v 0.070463 0.726224 -0.221372
v 0.065363 0.716324 -0.215672
v 0.075163 0.720524 -0.198672
v 0.084264 0.724424 -0.181272
v 0.092563 0.727924 -0.163372
v 0.130363 0.744124 -0.182872
v 0.121163 0.740124 -0.202772
v 0.111063 0.735824 -0.222072
v 0.100064 0.731224 -0.240872
v 0.089463 0.734324 -0.235172
v 0.079063 0.732424 -0.228272
v 0.047964 0.716624 -0.254372
v 0.055863 0.722524 -0.262172
v 0.043163 0.717124 -0.278272
v 0.035563 0.711324 -0.269872
v 0.059563 0.721624 -0.238172
v 0.067863 0.727624 -0.245572
v 0.065663 0.724124 -0.270072
v 0.052563 0.718624 -0.286572
v 0.077963 0.729424 -0.252972
v 0.022563 0.705824 -0.284772
v 0.018663 0.696424 -0.277472
v 0.031363 0.701924 -0.262972
v 0.043363 0.707024 -0.247772
v 0.054763 0.711824 -0.231972
v 0.088263 0.726124 -0.259072
v 0.075763 0.720824 -0.276672
v 0.062364 0.715124 -0.293472
v 0.048263 0.709024 -0.309572
v 0.038763 0.712724 -0.302372
v 0.029763 0.711424 -0.293572
v -0.005437 0.693924 -0.312272
v 0.000963 0.699124 -0.321872
v -0.014437 0.692624 -0.334972
v -0.020337 0.687524 -0.324972
v 0.008863 0.700024 -0.298872
v 0.015664 0.705424 -0.308072
v 0.009063 0.700124 -0.331572
v -0.006637 0.693324 -0.344872
v 0.024264 0.706524 -0.317372
v -0.035737 0.680924 -0.336771
v -0.038236 0.672224 -0.328171
v -0.023136 0.678624 -0.316672
v -0.008637 0.684824 -0.304372
v 0.005264 0.690824 -0.291272
v 0.033363 0.702724 -0.324972
v 0.017863 0.696124 -0.339472
v 0.001763 0.689224 -0.353172
v -0.014937 0.682124 -0.365972
v -0.023037 0.686424 -0.357472
v -0.030336 0.685824 -0.347072
v -0.068137 0.667124 -0.357872
v -0.063637 0.671624 -0.368872
v -0.081037 0.664224 -0.378372
v -0.084936 0.659924 -0.367072
v -0.051637 0.674124 -0.347772
v -0.046737 0.678824 -0.358371
v -0.057337 0.671724 -0.379772
v -0.075236 0.664124 -0.389572
v -0.039937 0.679224 -0.369071
v -0.102237 0.652624 -0.375372
v -0.103137 0.644524 -0.365872
v -0.086237 0.651724 -0.357772
v -0.069836 0.658724 -0.348772
v -0.053737 0.665624 -0.338872
v -0.032237 0.674724 -0.377872
v -0.050137 0.667124 -0.388872
v -0.068337 0.659324 -0.398872
v -0.087137 0.651424 -0.407871
v -0.093536 0.656324 -0.398372
v -0.098837 0.656624 -0.386872
v -0.137837 0.637424 -0.389271
v -0.135437 0.641024 -0.401172
v -0.154137 0.633024 -0.406772
v -0.156036 0.629724 -0.394672
v -0.119837 0.645124 -0.382771
v -0.116937 0.648924 -0.394472
v -0.131137 0.640224 -0.413072
v -0.150437 0.632024 -0.418872
v -0.112137 0.648324 -0.406172
v -0.174437 0.621824 -0.399172
v -0.173536 0.614524 -0.389072
v -0.155537 0.622224 -0.384772
v -0.137736 0.629724 -0.379372
v -0.120337 0.637224 -0.373072
v -0.106237 0.643224 -0.415872
v -0.125637 0.634924 -0.422872
v -0.145337 0.626524 -0.428872
v -0.165337 0.618024 -0.433672
v -0.169937 0.623724 -0.423572
v -0.173137 0.624924 -0.411372
v -0.211737 0.605924 -0.405272
v -0.211536 0.608524 -0.417572
v -0.230936 0.600324 -0.419172
v -0.230637 0.597824 -0.406772
v -0.193036 0.613924 -0.402772
v -0.192236 0.616824 -0.415071
v -0.209536 0.606824 -0.429972
v -0.229536 0.598324 -0.431571
v -0.189637 0.615324 -0.427372
v -0.228337 0.591124 -0.396472
v -0.209937 0.599024 -0.394972
v -0.191637 0.606824 -0.392572
v -0.185537 0.609424 -0.437472
v -0.205836 0.600724 -0.440272
v -0.226237 0.592024 -0.441872
v 0.173263 0.720124 -0.122472
v 0.169764 0.733624 -0.123072
v 0.175363 0.735924 -0.101272
v 0.178863 0.722524 -0.100672
v 0.166763 0.717324 -0.143872
v 0.163263 0.730824 -0.144572
v 0.162564 0.745424 -0.122472
v 0.168063 0.747824 -0.100672
v 0.156063 0.742624 -0.143872
v 0.183363 0.724424 -0.078672
v 0.159363 0.714224 -0.164972
v 0.155764 0.727624 -0.165772
v 0.148564 0.739424 -0.164972
v 0.172663 0.749724 -0.078672
v 0.179963 0.737924 -0.079072
v -0.195237 0.563024 -0.388672
v -0.200836 0.575524 -0.386472
v -0.218836 0.567924 -0.387972
v -0.213337 0.555324 -0.390072
v -0.177236 0.570624 -0.386172
v -0.182936 0.583224 -0.384072
v -0.206037 0.588324 -0.388672
v -0.224137 0.580524 -0.390072
v -0.188037 0.595924 -0.386172
v -0.231437 0.547524 -0.390572
v -0.159437 0.578324 -0.382872
v -0.165137 0.590724 -0.380772
v -0.170137 0.603524 -0.382872
v -0.242237 0.572824 -0.390572
v -0.236836 0.560224 -0.388472
v -0.557236 0.408624 -0.178272
v -0.560937 0.422024 -0.177272
v -0.569037 0.418624 -0.159772
v -0.565437 0.405224 -0.160672
v -0.548337 0.412424 -0.195472
v -0.552036 0.425824 -0.194372
v -0.568036 0.433924 -0.178272
v -0.576137 0.430424 -0.160672
v -0.559137 0.437724 -0.195472
v -0.572737 0.402024 -0.142672
v -0.538637 0.416624 -0.212072
v -0.542337 0.429924 -0.210872
v -0.549437 0.441924 -0.212072
v -0.583537 0.427324 -0.142672
v -0.576337 0.415424 -0.141872
v 0.141563 0.706624 -0.205772
v 0.137963 0.720024 -0.206772
v 0.147263 0.724024 -0.186472
v 0.150863 0.710624 -0.185572
v 0.131363 0.702224 -0.225372
v 0.127663 0.715624 -0.226472
v 0.130763 0.731924 -0.205772
v 0.140163 0.735924 -0.185572
v 0.120564 0.727524 -0.225372
v 0.120263 0.697524 -0.244472
v 0.116463 0.710824 -0.245672
v 0.109463 0.722824 -0.244472
v -0.272937 0.529924 -0.446572
v -0.278536 0.542424 -0.448772
v -0.257737 0.551324 -0.450372
v -0.252237 0.538724 -0.448272
v -0.293536 0.521124 -0.443871
v -0.299236 0.533624 -0.445971
v -0.283737 0.555124 -0.446572
v -0.263037 0.564024 -0.448272
v -0.304336 0.546424 -0.443871
v -0.231437 0.547524 -0.448772
v -0.314037 0.512324 -0.439972
v -0.319737 0.524824 -0.442072
v -0.324737 0.537624 -0.439972
v -0.242237 0.572824 -0.448772
v -0.236836 0.560224 -0.450972
v -0.584937 0.396824 -0.105572
v -0.588437 0.410324 -0.104972
v -0.593337 0.408224 -0.086072
v -0.589837 0.394824 -0.086572
v -0.579237 0.399224 -0.124272
v -0.582837 0.412724 -0.123572
v -0.595737 0.422124 -0.105572
v -0.600537 0.420024 -0.086572
v -0.590037 0.424524 -0.124272
v -0.593736 0.393124 -0.067372
v -0.604536 0.418324 -0.067372
v -0.597237 0.406524 -0.066872
v 0.095463 0.686924 -0.280672
v 0.091663 0.700224 -0.282072
v 0.104463 0.705724 -0.264172
v 0.108263 0.692424 -0.262872
v 0.081963 0.681224 -0.297772
v 0.077963 0.694424 -0.299172
v 0.084763 0.712224 -0.280672
v 0.097463 0.717724 -0.262872
v 0.071163 0.706524 -0.297772
v 0.067663 0.675124 -0.314172
v 0.063663 0.688324 -0.315672
v 0.056863 0.700324 -0.314172
v -0.354237 0.495224 -0.428972
v -0.360236 0.507624 -0.431072
v -0.340136 0.516224 -0.437072
v -0.334237 0.503724 -0.435072
v -0.373936 0.486824 -0.421972
v -0.380037 0.499124 -0.423972
v -0.365037 0.520524 -0.428972
v -0.345037 0.529024 -0.435072
v -0.384736 0.512124 -0.421972
v -0.393336 0.478524 -0.413772
v -0.399437 0.490824 -0.415771
v -0.404136 0.503824 -0.413772
v -0.599137 0.390824 -0.028372
v -0.602536 0.404324 -0.028172
v -0.603836 0.403724 -0.008572
v -0.600437 0.390224 -0.008672
v -0.596837 0.391724 -0.047872
v -0.600336 0.405224 -0.047572
v -0.609837 0.416124 -0.028372
v -0.611237 0.415524 -0.008672
v -0.607637 0.417024 -0.047872
v -0.600837 0.390024 0.011028
v -0.611637 0.415324 0.011028
v -0.604337 0.403524 0.011028
v 0.036864 0.662024 -0.344472
v 0.032763 0.675124 -0.346072
v 0.048563 0.681924 -0.331272
v 0.052563 0.668724 -0.329672
v 0.020463 0.655024 -0.358371
v 0.016263 0.668124 -0.360072
v 0.026064 0.687224 -0.344472
v 0.041864 0.693924 -0.329672
v 0.009763 0.680324 -0.358371
v 0.003563 0.647724 -0.371272
v -0.000737 0.660824 -0.373072
v -0.007237 0.673024 -0.371272
v -0.430836 0.462524 -0.394472
v -0.437136 0.474824 -0.396372
v -0.418536 0.482724 -0.406572
v -0.412337 0.470424 -0.404672
v -0.448937 0.454824 -0.383372
v -0.455337 0.467024 -0.385272
v -0.441637 0.487824 -0.394472
v -0.423137 0.495724 -0.404672
v -0.459737 0.480124 -0.383372
v -0.466437 0.447324 -0.371272
v -0.472937 0.459524 -0.373072
v -0.477237 0.472624 -0.371272
v -0.599137 0.390824 0.050428
v -0.602536 0.404324 0.050128
v -0.600336 0.405224 0.069628
v -0.596837 0.391724 0.069928
v -0.600437 0.390224 0.030728
v -0.603836 0.403724 0.030628
v -0.609837 0.416124 0.050428
v -0.607637 0.417024 0.069928
v -0.611237 0.415524 0.030728
v -0.593736 0.393124 0.089328
v -0.604536 0.418324 0.089328
v -0.597237 0.406524 0.088928
v -0.032037 0.632624 -0.394472
v -0.036537 0.645624 -0.396372
v -0.018437 0.653324 -0.385272
v -0.014037 0.640324 -0.383372
v -0.050637 0.624624 -0.404672
v -0.055137 0.637624 -0.406572
v -0.042837 0.657824 -0.394472
v -0.024837 0.665524 -0.383372
v -0.061437 0.649924 -0.404672
v -0.069637 0.616624 -0.413772
v -0.074237 0.629524 -0.415771
v -0.080337 0.641824 -0.413772
v -0.499837 0.433124 -0.344472
v -0.506437 0.445224 -0.346072
v -0.490037 0.452224 -0.360072
v -0.483437 0.440124 -0.358371
v -0.515536 0.426424 -0.329672
v -0.522237 0.438524 -0.331272
v -0.510637 0.458424 -0.344472
v -0.494237 0.465424 -0.358371
v -0.526336 0.451724 -0.329672
v -0.530536 0.420024 -0.314172
v -0.537337 0.432124 -0.315672
v -0.541336 0.445324 -0.314172
v -0.584937 0.396824 0.127628
v -0.588437 0.410324 0.126928
v -0.582837 0.412724 0.145628
v -0.579237 0.399224 0.146328
v -0.589837 0.394824 0.108628
v -0.593337 0.408224 0.108028
v -0.595737 0.422124 0.127628
v -0.590037 0.424524 0.146328
v -0.600537 0.420024 0.108628
v -0.572737 0.402024 0.164728
v -0.583537 0.427324 0.164728
v -0.576337 0.415424 0.163928
v -0.108636 0.599924 -0.428972
v -0.113537 0.612824 -0.431072
v -0.093737 0.621224 -0.423972
v -0.088937 0.608324 -0.421972
v -0.128736 0.591424 -0.435072
v -0.133637 0.604224 -0.437072
v -0.119437 0.625224 -0.428972
v -0.099737 0.633624 -0.421972
v -0.139437 0.616624 -0.435072
v -0.148937 0.582724 -0.439972
v -0.153937 0.595524 -0.442072
v -0.159737 0.608024 -0.439972
v -0.558437 0.408124 -0.280672
v -0.565337 0.420124 -0.282072
v -0.551737 0.425924 -0.299172
v -0.544936 0.413924 -0.297772
v -0.571237 0.402724 -0.262872
v -0.578137 0.414624 -0.264172
v -0.569237 0.433424 -0.280672
v -0.555636 0.439224 -0.297772
v -0.582037 0.428024 -0.262872
v -0.583136 0.397624 -0.244472
v -0.590236 0.409524 -0.245672
v -0.593937 0.422924 -0.244472
v -0.557236 0.408624 0.200328
v -0.560937 0.422024 0.199328
v -0.552036 0.425824 0.216328
v -0.548337 0.412424 0.217428
v -0.565437 0.405224 0.182728
v -0.569037 0.418624 0.181828
v -0.568036 0.433924 0.200328
v -0.559137 0.437724 0.217428
v -0.576137 0.430424 0.182728
v -0.538637 0.416624 0.234128
v -0.549437 0.441924 0.234128
v -0.542337 0.429924 0.232928
v -0.190036 0.565224 -0.446572
v -0.195237 0.577924 -0.448772
v -0.174537 0.586824 -0.445971
v -0.169437 0.574024 -0.443871
v -0.210737 0.556424 -0.448272
v -0.216036 0.569124 -0.450372
v -0.200836 0.590524 -0.446572
v -0.180137 0.599324 -0.443871
v -0.221537 0.581724 -0.448272
v -0.604536 0.388524 -0.205772
v -0.611637 0.400424 -0.206772
v -0.601337 0.404824 -0.226472
v -0.594237 0.392824 -0.225372
v -0.613836 0.384524 -0.185572
v -0.621036 0.396424 -0.186472
v -0.615336 0.413824 -0.205772
v -0.605037 0.418124 -0.225372
v -0.624636 0.409824 -0.185572
v -0.622237 0.380924 -0.164972
v -0.629437 0.392824 -0.165772
v -0.633037 0.406224 -0.164972
v -0.517036 0.425824 0.265728
v -0.520937 0.439124 0.264428
v -0.509136 0.444124 0.279228
v -0.505137 0.430824 0.280728
v -0.528137 0.421024 0.250228
v -0.532036 0.434324 0.248928
v -0.527837 0.451124 0.265728
v -0.515937 0.456124 0.280728
v -0.538937 0.446324 0.250228
v -0.492637 0.436224 0.295028
v -0.503437 0.461424 0.295028
v -0.496637 0.449424 0.293428
v -0.636236 0.374924 -0.122472
v -0.643537 0.386824 -0.123072
v -0.636936 0.389624 -0.144572
v -0.629736 0.377724 -0.143872
v -0.641836 0.372624 -0.100672
v -0.649036 0.384424 -0.101272
v -0.647036 0.400224 -0.122472
v -0.640536 0.403024 -0.143872
v -0.652537 0.397924 -0.100672
v -0.646336 0.370624 -0.078672
v -0.653637 0.382524 -0.079072
v -0.657136 0.395924 -0.078672
v -0.465836 0.447624 0.321428
v -0.469937 0.460824 0.319828
v -0.455737 0.466924 0.331828
v -0.451536 0.453724 0.333528
v -0.479536 0.441824 0.308528
v -0.483637 0.455024 0.307028
v -0.476636 0.472924 0.321428
v -0.462336 0.479024 0.333528
v -0.490336 0.467024 0.308528
v -0.436737 0.460024 0.344928
v -0.447437 0.485324 0.344928
v -0.441037 0.473124 0.343128
v -0.652437 0.368124 -0.034072
v -0.659737 0.379924 -0.034272
v -0.657237 0.380924 -0.056772
v -0.649836 0.369124 -0.056472
v -0.653937 0.367424 -0.011572
v -0.661336 0.379224 -0.011672
v -0.663237 0.393324 -0.034072
v -0.660636 0.394424 -0.056472
v -0.664737 0.392724 -0.011572
v -0.654437 0.367224 0.011028
v -0.661837 0.379024 0.011028
v -0.665237 0.392524 0.011028
v -0.405636 0.473324 0.365228
v -0.410037 0.486324 0.363328
v -0.393937 0.493224 0.372128
v -0.389437 0.480224 0.374028
v -0.421336 0.466624 0.355428
v -0.425736 0.479624 0.353628
v -0.416336 0.498624 0.365228
v -0.400237 0.505524 0.374028
v -0.432136 0.491824 0.355428
v -0.372837 0.487324 0.382028
v -0.383637 0.512524 0.382028
v -0.377437 0.500224 0.380028
v -0.652437 0.368124 0.056128
v -0.659737 0.379924 0.056328
v -0.661336 0.379224 0.033728
v -0.653937 0.367424 0.033628
v -0.649836 0.369124 0.078528
v -0.657237 0.380924 0.078828
v -0.663237 0.393324 0.056128
v -0.664737 0.392724 0.033628
v -0.660636 0.394424 0.078528
v -0.646336 0.370624 0.100728
v -0.653637 0.382524 0.101128
v -0.657136 0.395924 0.100728
v -0.338736 0.501824 0.395328
v -0.343537 0.514724 0.393228
v -0.326137 0.522124 0.398528
v -0.321237 0.509324 0.400528
v -0.355936 0.494524 0.389128
v -0.360637 0.507424 0.387128
v -0.349437 0.527124 0.395328
v -0.332037 0.534524 0.400528
v -0.366736 0.519824 0.389128
v -0.303536 0.516824 0.404928
v -0.314336 0.542124 0.404928
v -0.308536 0.529624 0.402828
v -0.636236 0.374924 0.144528
v -0.643537 0.386824 0.145128
v -0.649036 0.384424 0.123228
v -0.641836 0.372624 0.122728
v -0.629736 0.377724 0.165928
v -0.636936 0.389624 0.166628
v -0.647036 0.400224 0.144528
v -0.652537 0.397924 0.122728
v -0.640536 0.403024 0.165928
v -0.622237 0.380924 0.187028
v -0.629437 0.392824 0.187828
v -0.633037 0.406224 0.187028
v -0.267636 0.532124 0.410628
v -0.272837 0.544824 0.408528
v -0.254937 0.552524 0.410028
v -0.249636 0.539824 0.412128
v -0.285636 0.524424 0.408228
v -0.290736 0.537224 0.406128
v -0.278436 0.557424 0.410628
v -0.260337 0.565124 0.412128
v -0.296436 0.549724 0.408228
v -0.231437 0.547524 0.412628
v -0.242237 0.572824 0.412628
v -0.236836 0.560224 0.410428
v -0.604536 0.388524 0.227828
v -0.611637 0.400424 0.228828
v -0.621036 0.396424 0.208528
v -0.613836 0.384524 0.207628
v -0.594237 0.392824 0.247428
v -0.601337 0.404824 0.248528
v -0.615336 0.413824 0.227828
v -0.624636 0.409824 0.207628
v -0.605037 0.418124 0.247428
v -0.583136 0.397624 0.266528
v -0.590236 0.409524 0.267628
v -0.593937 0.422924 0.266528
v -0.195237 0.563024 0.410628
v -0.200836 0.575524 0.408528
v -0.182936 0.583224 0.406128
v -0.177236 0.570624 0.408228
v -0.213337 0.555324 0.412128
v -0.218836 0.567924 0.410028
v -0.206037 0.588324 0.410628
v -0.188037 0.595924 0.408228
v -0.224137 0.580524 0.412128
v -0.159437 0.578324 0.404928
v -0.170137 0.603524 0.404928
v -0.165137 0.590724 0.402828
v -0.558437 0.408124 0.302728
v -0.565337 0.420124 0.304128
v -0.578137 0.414624 0.286228
v -0.571237 0.402724 0.284928
v -0.544936 0.413924 0.319828
v -0.551737 0.425924 0.321228
v -0.569237 0.433424 0.302728
v -0.582037 0.428024 0.284928
v -0.555636 0.439224 0.319828
v -0.530536 0.420024 0.336128
v -0.537337 0.432124 0.337728
v -0.541336 0.445324 0.336128
v -0.124237 0.593324 0.395328
v -0.130237 0.605724 0.393228
v -0.113037 0.613024 0.387128
v -0.107037 0.600624 0.389128
v -0.141737 0.585824 0.400528
v -0.147537 0.598224 0.398528
v -0.135037 0.618524 0.395328
v -0.117837 0.625924 0.389128
v -0.152537 0.611124 0.400528
v -0.090137 0.607824 0.382028
v -0.100837 0.633124 0.382028
v -0.096237 0.620124 0.380028
v -0.499837 0.433124 0.366528
v -0.506437 0.445224 0.368128
v -0.522237 0.438524 0.353328
v -0.515536 0.426424 0.351728
v -0.483437 0.440124 0.380328
v -0.490037 0.452224 0.382028
v -0.510637 0.458424 0.366528
v -0.526336 0.451724 0.351728
v -0.494237 0.465424 0.380328
v -0.466437 0.447324 0.393328
v -0.472937 0.459524 0.395128
v -0.477237 0.472624 0.393328
v -0.057337 0.621824 0.365228
v -0.063637 0.634024 0.363328
v -0.047936 0.640724 0.353628
v -0.041537 0.628524 0.355428
v -0.073537 0.614924 0.374028
v -0.079737 0.627224 0.372128
v -0.068137 0.647124 0.365228
v -0.052337 0.653824 0.355428
v -0.084337 0.640224 0.374028
v -0.026237 0.635024 0.344928
v -0.037037 0.660324 0.344928
v -0.032737 0.647224 0.343128
v -0.430836 0.462524 0.416528
v -0.437136 0.474824 0.418428
v -0.455337 0.467024 0.407228
v -0.448937 0.454824 0.405428
v -0.412337 0.470424 0.426728
v -0.418536 0.482724 0.428628
v -0.441637 0.487824 0.416528
v -0.459737 0.480124 0.405428
v -0.423137 0.495724 0.426728
v -0.393336 0.478524 0.435828
v -0.399437 0.490824 0.437828
v -0.404136 0.503824 0.435828
v 0.002863 0.647524 0.321428
v -0.003736 0.659624 0.319828
v 0.009863 0.665424 0.307028
v 0.016563 0.653324 0.308528
v -0.011437 0.641424 0.333528
v -0.017937 0.653524 0.331828
v -0.007937 0.672724 0.321428
v 0.005863 0.678624 0.308528
v -0.022237 0.666624 0.333528
v 0.029763 0.658924 0.295028
v 0.018963 0.684224 0.295028
v 0.022963 0.671024 0.293428
v -0.354237 0.495224 0.451028
v -0.360236 0.507624 0.453128
v -0.380037 0.499124 0.446028
v -0.373936 0.486824 0.443928
v -0.334237 0.503724 0.457028
v -0.340136 0.516224 0.459128
v -0.365037 0.520524 0.451028
v -0.384736 0.512124 0.443928
v -0.345037 0.529024 0.457028
v -0.314037 0.512324 0.462028
v -0.319737 0.524824 0.464128
v -0.324737 0.537624 0.462028
v 0.054063 0.669324 0.265728
v 0.047163 0.681324 0.264428
v 0.058263 0.686024 0.248928
v 0.065263 0.674024 0.250228
v 0.042264 0.664224 0.280728
v 0.035363 0.676324 0.279228
v 0.043263 0.694624 0.265728
v 0.054464 0.699324 0.250228
v 0.031464 0.689524 0.280728
v 0.075664 0.678524 0.234128
v 0.064864 0.703824 0.234128
v 0.068663 0.690424 0.232928
v -0.272937 0.529924 0.468628
v -0.278536 0.542424 0.470728
v -0.299236 0.533624 0.468028
v -0.293536 0.521124 0.465928
v -0.252237 0.538724 0.470328
v -0.257737 0.551324 0.472428
v -0.283737 0.555124 0.468628
v -0.304336 0.546424 0.465928
v -0.263037 0.564024 0.470328
v -0.231437 0.547524 0.470828
v -0.236836 0.560224 0.473028
v -0.242237 0.572824 0.470828
v 0.094263 0.686424 0.200328
v 0.087164 0.698324 0.199328
v 0.095263 0.701824 0.181828
v 0.102463 0.689924 0.182728
v 0.085364 0.682624 0.217428
v 0.078263 0.694624 0.216328
v 0.083564 0.711724 0.200328
v 0.091663 0.715224 0.182728
v 0.074564 0.707924 0.217428
v 0.109764 0.693124 0.164728
v 0.099063 0.718324 0.164728
v 0.102564 0.704924 0.163928
v -0.190036 0.565224 0.468628
v -0.195237 0.577924 0.470728
v -0.216036 0.569124 0.472428
v -0.210737 0.556424 0.470328
v -0.169437 0.574024 0.465928
v -0.174537 0.586824 0.468028
v -0.200836 0.590524 0.468628
v -0.221537 0.581724 0.470328
v -0.180137 0.599324 0.465928
v -0.148937 0.582724 0.462028
v -0.153937 0.595524 0.464128
v -0.159737 0.608024 0.462028
v 0.122063 0.698324 0.127628
v 0.114763 0.710124 0.126928
v 0.119563 0.712124 0.108028
v 0.126863 0.700324 0.108628
v 0.116363 0.695824 0.146328
v 0.109064 0.707724 0.145628
v 0.111263 0.723524 0.127628
v 0.116063 0.725624 0.108628
v 0.105563 0.721124 0.146328
v 0.130863 0.702024 0.089328
v 0.120063 0.727324 0.089328
v 0.123563 0.713824 0.088928
v -0.108636 0.599924 0.451028
v -0.113537 0.612824 0.453128
v -0.133637 0.604224 0.459128
v -0.128736 0.591424 0.457028
v -0.088937 0.608324 0.443928
v -0.093737 0.621224 0.446028
v -0.119437 0.625224 0.451028
v -0.139437 0.616624 0.457028
v -0.099737 0.633624 0.443928
v -0.069637 0.616624 0.435828
v -0.074237 0.629524 0.437828
v -0.080337 0.641824 0.435828
v 0.136163 0.704324 0.050428
v 0.128763 0.716124 0.050128
v 0.130163 0.716724 0.030628
v 0.137463 0.704824 0.030728
v 0.133963 0.703324 0.069928
v 0.126563 0.715124 0.069628
v 0.125363 0.729624 0.050428
v 0.126664 0.730124 0.030728
v 0.123163 0.728624 0.069928
v 0.137963 0.705024 0.011028
v 0.127163 0.730324 0.011028
v 0.130563 0.716824 0.011028
v -0.032037 0.632624 0.416528
v -0.036537 0.645624 0.418428
v -0.055137 0.637624 0.428628
v -0.050637 0.624624 0.426728
v -0.014037 0.640324 0.405428
v -0.018437 0.653324 0.407228
v -0.042837 0.657824 0.416528
v -0.061437 0.649924 0.426728
v -0.024837 0.665524 0.405428
v 0.003563 0.647724 0.393328
v -0.000737 0.660824 0.395128
v -0.007237 0.673024 0.393328
v 0.136163 0.704324 -0.028372
v 0.128763 0.716124 -0.028172
v 0.126563 0.715124 -0.047572
v 0.133963 0.703324 -0.047872
v 0.137463 0.704824 -0.008672
v 0.130163 0.716724 -0.008572
v 0.125363 0.729624 -0.028372
v 0.123163 0.728624 -0.047872
v 0.126664 0.730124 -0.008672
v 0.130863 0.702024 -0.067372
v 0.120063 0.727324 -0.067372
v 0.123563 0.713824 -0.066872
v 0.036864 0.662024 0.366528
v 0.032763 0.675124 0.368128
v 0.016263 0.668124 0.382028
v 0.020463 0.655024 0.380328
v 0.052563 0.668724 0.351728
v 0.048563 0.681924 0.353328
v 0.026064 0.687224 0.366528
v 0.009763 0.680324 0.380328
v 0.041864 0.693924 0.351728
v 0.067663 0.675124 0.336128
v 0.063663 0.688324 0.337728
v 0.056863 0.700324 0.336128
v 0.122063 0.698324 -0.105572
v 0.114763 0.710124 -0.104972
v 0.109064 0.707724 -0.123572
v 0.116363 0.695824 -0.124272
v 0.126863 0.700324 -0.086572
v 0.119563 0.712124 -0.086072
v 0.111263 0.723524 -0.105572
v 0.105563 0.721124 -0.124272
v 0.116063 0.725624 -0.086572
v 0.109764 0.693124 -0.142672
v 0.099063 0.718324 -0.142672
v 0.102564 0.704924 -0.141872
v 0.095463 0.686924 0.302728
v 0.091663 0.700224 0.304128
v 0.077963 0.694424 0.321228
v 0.081963 0.681224 0.319828
v 0.108263 0.692424 0.284928
v 0.104463 0.705724 0.286228
v 0.084763 0.712224 0.302728
v 0.071163 0.706524 0.319828
v 0.097463 0.717724 0.284928
v 0.120263 0.697524 0.266528
v 0.116463 0.710824 0.267628
v 0.109463 0.722824 0.266528
v 0.094263 0.686424 -0.178272
v 0.087164 0.698324 -0.177272
v 0.078263 0.694624 -0.194372
v 0.085364 0.682624 -0.195472
v 0.102463 0.689924 -0.160672
v 0.095263 0.701824 -0.159772
v 0.083564 0.711724 -0.178272
v 0.074564 0.707924 -0.195472
v 0.091663 0.715224 -0.160672
v 0.075664 0.678524 -0.212072
v 0.064864 0.703824 -0.212072
v 0.068663 0.690424 -0.210872
v -0.267636 0.532124 -0.388672
v -0.272837 0.544824 -0.386472
v -0.290736 0.537224 -0.384072
v -0.285636 0.524424 -0.386172
v -0.249636 0.539824 -0.390072
v -0.254937 0.552524 -0.387972
v -0.278436 0.557424 -0.388672
v -0.296436 0.549724 -0.386172
v -0.260337 0.565124 -0.390072
v -0.303536 0.516824 -0.382872
v -0.314336 0.542124 -0.382872
v -0.308536 0.529624 -0.380772
v 0.141563 0.706624 0.227828
v 0.137963 0.720024 0.228828
v 0.127663 0.715624 0.248528
v 0.131363 0.702224 0.247428
v 0.150863 0.710624 0.207628
v 0.147263 0.724024 0.208528
v 0.130763 0.731924 0.227828
v 0.120564 0.727524 0.247428
v 0.140163 0.735924 0.207628
v 0.159363 0.714224 0.187028
v 0.155764 0.727624 0.187828
v 0.148564 0.739424 0.187028
v 0.054063 0.669324 -0.243772
v 0.047163 0.681324 -0.242372
v 0.035363 0.676324 -0.257272
v 0.042264 0.664224 -0.258672
v 0.065263 0.674024 -0.228172
v 0.058263 0.686024 -0.226972
v 0.043263 0.694624 -0.243772
v 0.031464 0.689524 -0.258672
v 0.054464 0.699324 -0.228172
v 0.029763 0.658924 -0.272972
v 0.018963 0.684224 -0.272972
v 0.022963 0.671024 -0.271472
v -0.338736 0.501824 -0.373272
v -0.343537 0.514724 -0.371272
v -0.360637 0.507424 -0.365072
v -0.355936 0.494524 -0.367072
v -0.321237 0.509324 -0.378572
v -0.326137 0.522124 -0.376472
v -0.349437 0.527124 -0.373272
v -0.366736 0.519824 -0.367072
v -0.332037 0.534524 -0.378572
v -0.372837 0.487324 -0.359972
v -0.383637 0.512524 -0.359972
v -0.377437 0.500224 -0.357972
v 0.173263 0.720124 0.144528
v 0.169764 0.733624 0.145128
v 0.163263 0.730824 0.166628
v 0.166763 0.717324 0.165928
v 0.178863 0.722524 0.122728
v 0.175363 0.735924 0.123228
v 0.162564 0.745424 0.144528
v 0.156063 0.742624 0.165928
v 0.168063 0.747824 0.122728
v 0.183363 0.724424 0.100728
v 0.179963 0.737924 0.101128
v 0.172663 0.749724 0.100728
v 0.002863 0.647524 -0.299372
v -0.003736 0.659624 -0.297772
v -0.017937 0.653524 -0.309772
v -0.011437 0.641424 -0.311572
v 0.016563 0.653324 -0.286572
v 0.009863 0.665424 -0.284972
v -0.007937 0.672724 -0.299372
v -0.022237 0.666624 -0.311572
v 0.005863 0.678624 -0.286572
v -0.026237 0.635024 -0.322872
v -0.037037 0.660324 -0.322872
v -0.032737 0.647224 -0.321072
v -0.405636 0.473324 -0.343172
v -0.410037 0.486324 -0.341272
v -0.425736 0.479624 -0.331572
v -0.421336 0.466624 -0.333472
v -0.389437 0.480224 -0.351972
v -0.393937 0.493224 -0.350072
v -0.416336 0.498624 -0.343172
v -0.432136 0.491824 -0.333472
v -0.400237 0.505524 -0.351972
v -0.436737 0.460024 -0.322872
v -0.447437 0.485324 -0.322872
v -0.441037 0.473124 -0.321072
v 0.189463 0.727024 0.056128
v 0.186063 0.740524 0.056328
v 0.183463 0.739424 0.078828
v 0.186963 0.725924 0.078528
v 0.191063 0.727724 0.033628
v 0.187563 0.741124 0.033728
v 0.178663 0.752324 0.056128
v 0.176163 0.751224 0.078528
v 0.180263 0.753024 0.033628
v 0.191563 0.727924 0.011028
v 0.188064 0.741424 0.011028
v 0.180763 0.753224 0.011028
v -0.057337 0.621824 -0.343172
v -0.063637 0.634024 -0.341272
v -0.079737 0.627224 -0.350072
v -0.073537 0.614924 -0.351972
v -0.041537 0.628524 -0.333472
v -0.047936 0.640724 -0.331572
v -0.068137 0.647124 -0.343172
v -0.084337 0.640224 -0.351972
v -0.052337 0.653824 -0.333472
v -0.090137 0.607824 -0.359972
v -0.100837 0.633124 -0.359972
v -0.096237 0.620124 -0.357972
v -0.465836 0.447624 -0.299372
v -0.469937 0.460824 -0.297772
v -0.483637 0.455024 -0.284972
v -0.479536 0.441824 -0.286572
v -0.451536 0.453724 -0.311572
v -0.455737 0.466924 -0.309772
v -0.476636 0.472924 -0.299372
v -0.490336 0.467024 -0.286572
v -0.462336 0.479024 -0.311572
v -0.492637 0.436224 -0.272972
v -0.503437 0.461424 -0.272972
v -0.496637 0.449424 -0.271472
v 0.189463 0.727024 -0.034072
v 0.186063 0.740524 -0.034272
v 0.187563 0.741124 -0.011672
v 0.191063 0.727724 -0.011572
v 0.186963 0.725924 -0.056472
v 0.183463 0.739424 -0.056772
v 0.178663 0.752324 -0.034072
v 0.180263 0.753024 -0.011572
v 0.176163 0.751224 -0.056472
v -0.124237 0.593324 -0.373272
v -0.130237 0.605724 -0.371272
v -0.147537 0.598224 -0.376472
v -0.141737 0.585824 -0.378572
v -0.107037 0.600624 -0.367072
v -0.113037 0.613024 -0.365072
v -0.135037 0.618524 -0.373272
v -0.152537 0.611124 -0.378572
v -0.117837 0.625924 -0.367072
v -0.517036 0.425824 -0.243772
v -0.520937 0.439124 -0.242372
v -0.532036 0.434324 -0.226972
v -0.528137 0.421024 -0.228172
v -0.505137 0.430824 -0.258672
v -0.509136 0.444124 -0.257272
v -0.527837 0.451124 -0.243772
v -0.538937 0.446324 -0.228172
v -0.515937 0.456124 -0.258672
v -0.225936 0.550624 -0.374272
v -0.158837 0.579424 -0.366572
v -0.094236 0.607024 -0.343772
v -0.034837 0.632424 -0.306772
v 0.017263 0.654724 -0.256872
v 0.060063 0.673024 -0.196172
v 0.091863 0.686624 -0.126872
v 0.111363 0.695024 -0.051672
v 0.118063 0.697824 0.026528
v 0.111363 0.695024 0.104728
v 0.091863 0.686624 0.179928
v 0.060063 0.673024 0.249228
v 0.017263 0.654724 0.310028
v -0.034837 0.632424 0.359828
v -0.094236 0.607024 0.396928
v -0.158837 0.579424 0.419728
v -0.225936 0.550624 0.427428
v -0.292937 0.521924 0.419728
v -0.357536 0.494324 0.396928
v -0.416937 0.468924 0.359828
v -0.469037 0.446624 0.310028
v -0.511836 0.428324 0.249228
v -0.543637 0.414724 0.179928
v -0.563237 0.406324 0.104728
v -0.569837 0.403524 0.026528
v -0.563237 0.406324 -0.051672
v -0.543637 0.414724 -0.126872
v -0.511836 0.428324 -0.196172
v -0.469037 0.446624 -0.256872
v -0.292937 0.521924 -0.366572
v -0.416937 0.468924 -0.306772
v -0.357536 0.494324 -0.343772
v -0.535137 0.340824 0.104728
v -0.497237 0.335824 0.097728
v -0.503236 0.333324 0.026528
v -0.541737 0.338024 0.026528
v -0.329436 0.428824 0.396928
v -0.388937 0.403424 0.359828
v -0.197837 0.485124 -0.374272
v -0.264937 0.456424 -0.366572
v 0.045363 0.589224 -0.256872
v 0.088063 0.607524 -0.196172
v -0.264937 0.456424 0.419728
v -0.329436 0.428824 -0.343772
v -0.006837 0.566924 -0.306772
v -0.197837 0.485124 0.427428
v -0.388937 0.403424 -0.306772
v -0.066236 0.541424 -0.343772
v -0.130737 0.513824 0.419728
v -0.441037 0.381124 -0.256872
v -0.130737 0.513824 -0.366572
v -0.066236 0.541424 0.396928
v -0.483836 0.362824 -0.196172
v -0.006837 0.566924 0.359828
v -0.515536 0.349224 -0.126872
v 0.045363 0.589224 0.310028
v -0.535137 0.340824 -0.051672
v 0.088063 0.607524 0.249228
v 0.119863 0.621124 0.179928
v 0.139463 0.629424 0.104728
v -0.515536 0.349224 0.179928
v 0.146064 0.632224 0.026528
v -0.483836 0.362824 0.249228
v 0.139463 0.629424 -0.051672
v -0.441037 0.381124 0.310028
v 0.119863 0.621124 -0.126872
v -0.411537 0.372524 0.284628
v -0.425337 0.355224 0.305528
v -0.467436 0.337124 0.245728
v -0.450437 0.355824 0.229328
v 0.116863 0.598624 0.097728
v 0.099063 0.590924 0.166228
v -0.479437 0.343424 0.166228
v 0.122863 0.601124 0.026528
v 0.116863 0.598624 -0.044672
v 0.099063 0.590924 -0.113072
v -0.364137 0.392824 0.329928
v 0.070163 0.578624 -0.176172
v -0.310036 0.415924 0.363728
v -0.251236 0.441124 -0.331372
v -0.190136 0.467224 -0.338372
v 0.031163 0.561924 -0.231472
v -0.251236 0.441124 0.384428
v -0.310036 0.415924 -0.310572
v -0.016237 0.541624 -0.276872
v -0.190136 0.467224 0.391428
v -0.364137 0.392824 -0.276872
v -0.070337 0.518424 -0.310572
v -0.129137 0.493324 0.384428
v -0.411537 0.372524 -0.231472
v -0.129137 0.493324 -0.331372
v -0.070337 0.518424 0.363728
v -0.450437 0.355824 -0.176172
v -0.016237 0.541624 0.329928
v -0.479437 0.343424 -0.113072
v 0.031163 0.561924 0.284628
v -0.497237 0.335824 -0.044672
v 0.070163 0.578624 0.229328
v -0.315537 0.402124 0.391028
v -0.252037 0.429324 0.413428
v -0.219737 0.353724 0.413428
v -0.283237 0.326624 0.391028
v 0.126563 0.591324 -0.124372
v 0.145863 0.599524 -0.050372
v -0.374036 0.377124 0.354528
v 0.095363 0.577924 -0.192572
v -0.252037 0.429324 -0.360272
v -0.186037 0.457524 -0.367872
v 0.053263 0.559924 -0.252372
v -0.315537 0.402124 -0.337872
v 0.001963 0.538024 -0.301372
v -0.186037 0.457524 0.421028
v -0.374036 0.377124 -0.301372
v -0.056536 0.512924 -0.337872
v -0.120037 0.485824 0.413428
v -0.425337 0.355224 -0.252372
v -0.120037 0.485824 -0.360272
v -0.056536 0.512924 0.391028
v -0.467436 0.337124 -0.192572
v 0.001963 0.538024 0.354528
v -0.498737 0.323824 -0.124372
v 0.053263 0.559924 0.305528
v -0.517937 0.315524 -0.050372
v 0.095363 0.577924 0.245728
v -0.524437 0.312724 0.026528
v 0.126563 0.591324 0.177528
v -0.517937 0.315524 0.103528
v 0.145863 0.599524 0.103528
v -0.498737 0.323824 0.177528
v 0.152363 0.602324 0.026528
v -0.024237 0.437424 0.391028
v -0.029137 0.410724 0.352028
v -0.085837 0.386424 0.372028
v -0.087737 0.410224 0.413428
v -0.283237 0.326624 -0.337872
v -0.219737 0.353724 -0.360272
v 0.034263 0.462424 -0.301372
v 0.085563 0.484324 -0.252372
v -0.153737 0.382024 0.421028
v -0.341736 0.301524 -0.301372
v -0.024237 0.437424 -0.337872
v -0.393037 0.279624 -0.252372
v -0.087737 0.410224 -0.360272
v -0.435136 0.261624 -0.192572
v -0.153737 0.382024 -0.367872
v 0.034263 0.462424 0.354528
v -0.466337 0.248224 -0.124372
v 0.085563 0.484324 0.305528
v -0.485637 0.240024 -0.050372
v 0.127663 0.502424 0.245728
v -0.492137 0.237224 0.026528
v 0.158964 0.515724 0.177528
v -0.485637 0.240024 0.103528
v 0.178163 0.524024 0.103528
v -0.466337 0.248224 0.177528
v 0.184663 0.526824 0.026528
v -0.435136 0.261624 0.245728
v 0.178163 0.524024 -0.050372
v -0.393037 0.279624 0.305528
v 0.158964 0.515724 -0.124372
v -0.341736 0.301524 0.354528
v 0.127663 0.502424 -0.192572
v 0.106463 0.468724 0.222228
v 0.146263 0.456824 0.245128
v 0.104364 0.438824 0.304728
v 0.068863 0.452624 0.275628
v -0.396136 0.253724 -0.169172
v -0.358537 0.269824 -0.222572
v -0.085837 0.386424 -0.318972
v -0.144837 0.361224 -0.325672
v 0.023063 0.433024 0.319428
v -0.424037 0.241724 -0.108272
v -0.441237 0.234424 -0.042172
v -0.447037 0.231924 0.026528
v 0.134363 0.480624 0.161328
v -0.441237 0.234424 0.095328
v 0.151563 0.488024 0.095328
v -0.424037 0.241724 0.161328
v 0.157363 0.490524 0.026528
v -0.396136 0.253724 0.222228
v 0.151563 0.488024 -0.042172
v -0.358537 0.269824 0.275628
v 0.134363 0.480624 -0.108272
v -0.312737 0.289424 0.319428
v 0.106463 0.468724 -0.169172
v -0.260436 0.311724 0.352028
v -0.203837 0.336024 -0.318972
v 0.068863 0.452624 -0.222572
v -0.203837 0.336024 0.372028
v -0.260436 0.311724 -0.298872
v 0.023063 0.433024 -0.266372
v -0.144837 0.361224 0.378828
v -0.312737 0.289424 -0.266372
v -0.029137 0.410724 -0.298872
v 0.235163 0.406424 0.026528
v 0.228664 0.403724 0.103328
v 0.196663 0.478324 0.103328
v 0.203164 0.481124 0.026528
v -0.465437 0.195124 -0.050172
v -0.471937 0.192324 0.026528
v 0.177463 0.470124 0.177128
v -0.465437 0.195124 0.103328
v -0.446237 0.203324 0.177128
v -0.415036 0.216624 0.245128
v 0.196663 0.478324 -0.050172
v -0.373037 0.234624 0.304728
v 0.177463 0.470124 -0.123972
v -0.321837 0.256524 0.353728
v 0.146263 0.456824 -0.191972
v -0.263537 0.281424 0.390028
v -0.200236 0.308524 -0.359272
v -0.134337 0.336724 -0.366872
v 0.104364 0.438824 -0.251672
v -0.200236 0.308524 0.412428
v -0.263537 0.281424 -0.336872
v 0.053163 0.416924 -0.300572
v -0.134337 0.336724 0.420028
v -0.321837 0.256524 -0.300572
v -0.005237 0.392024 -0.336872
v -0.068537 0.364924 0.412428
v -0.373037 0.234624 -0.251672
v -0.068537 0.364924 -0.359272
v -0.005237 0.392024 0.390028
v -0.415036 0.216624 -0.191972
v 0.053163 0.416924 0.353728
v -0.446237 0.203324 -0.123972
v 0.178263 0.382124 -0.191972
v 0.152963 0.331724 -0.161372
v 0.180063 0.342324 -0.102872
v 0.209463 0.395524 -0.123972
v -0.383037 0.142024 0.245128
v -0.414236 0.128624 0.177128
v 0.228664 0.403724 -0.050172
v -0.341137 0.159924 0.304728
v -0.289936 0.181824 0.353728
v -0.231537 0.206824 0.390028
v -0.168236 0.233924 -0.359272
v -0.102437 0.262024 -0.366872
v 0.136263 0.364224 -0.251672
v -0.168236 0.233924 0.412428
v -0.231537 0.206824 -0.336872
v 0.085063 0.342324 -0.300572
v -0.102437 0.262024 0.420028
v -0.289936 0.181824 -0.300572
v 0.026763 0.317324 -0.336872
v -0.036537 0.290224 0.412428
v -0.341137 0.159924 -0.251672
v -0.036537 0.290224 -0.359272
v 0.026763 0.317324 0.390028
v -0.383037 0.142024 -0.191972
v 0.085063 0.342324 0.353728
v -0.414236 0.128624 -0.123972
v 0.136263 0.364224 0.304728
v -0.433437 0.120424 -0.050172
v 0.178263 0.382124 0.245128
v -0.439937 0.117624 0.026528
v 0.209463 0.395524 0.177128
v -0.433437 0.120424 0.103328
v 0.247263 0.344624 0.102528
v 0.227964 0.337024 0.175628
v 0.180063 0.342324 0.156028
v 0.196763 0.348824 0.092528
v -0.203636 0.191924 0.339128
v -0.254437 0.172024 0.307928
v -0.148537 0.213524 -0.305272
v -0.091237 0.236024 -0.311772
v 0.116363 0.317324 -0.212672
v -0.148537 0.213524 0.358428
v -0.203636 0.191924 -0.286072
v 0.071863 0.299924 -0.254772
v -0.091237 0.236024 0.364928
v -0.254437 0.172024 -0.254772
v 0.021163 0.280024 -0.286072
v -0.033937 0.258424 0.358428
v -0.298937 0.154624 -0.212672
v -0.033937 0.258424 -0.305272
v 0.021163 0.280024 0.339128
v -0.335437 0.140224 -0.161372
v 0.071863 0.299924 0.307928
v -0.362637 0.129624 -0.102872
v 0.116363 0.317324 0.265828
v -0.379337 0.123124 -0.039472
v 0.152963 0.331724 0.214528
v -0.384937 0.120924 0.026528
v -0.379337 0.123124 0.092528
v -0.362637 0.129624 0.156028
v 0.202464 0.351124 0.026528
v -0.335437 0.140224 0.214528
v 0.196763 0.348824 -0.039472
v -0.298937 0.154624 0.265828
v 0.227964 0.337024 -0.122472
v 0.251563 0.264424 -0.122472
v 0.270763 0.271924 -0.049372
v 0.247263 0.344624 -0.049372
v -0.396637 0.092224 0.175628
v -0.415937 0.084724 0.102528
v 0.253763 0.347124 0.026528
v -0.365436 0.104524 0.242928
v -0.323437 0.120924 0.301928
v -0.272137 0.141024 0.350428
v 0.196763 0.324824 -0.189772
v -0.213736 0.163924 0.386428
v -0.150337 0.188824 -0.355472
v -0.084337 0.214624 -0.362872
v 0.154664 0.308324 -0.248872
v -0.150337 0.188824 0.408528
v -0.213736 0.163924 -0.333272
v 0.103463 0.288224 -0.297272
v -0.084337 0.214624 0.416028
v -0.272137 0.141024 -0.297272
v 0.045063 0.265324 -0.333272
v -0.018437 0.240524 0.408528
v -0.323437 0.120924 -0.248872
v -0.018437 0.240524 -0.355472
v 0.045063 0.265324 0.386428
v -0.365436 0.104524 -0.189772
v 0.103463 0.288224 0.350428
v -0.396637 0.092224 -0.122472
v 0.154664 0.308324 0.301928
v -0.415937 0.084724 -0.049372
v 0.196763 0.324824 0.242928
v -0.422437 0.082124 0.026528
v 0.155764 0.184224 -0.209272
v 0.178263 0.235724 -0.248872
v 0.127063 0.215624 -0.297272
v 0.111463 0.168624 -0.250672
v -0.248637 0.068424 0.350428
v -0.299837 0.048324 0.301928
v 0.220263 0.252124 -0.189772
v -0.190136 0.091324 0.386428
v -0.126737 0.116124 -0.355472
v -0.060836 0.142024 -0.362872
v -0.126737 0.116124 0.408528
v -0.190136 0.091324 -0.333272
v -0.060836 0.142024 0.416028
v -0.248637 0.068424 -0.297272
v 0.068563 0.192724 -0.333272
v 0.005163 0.167824 0.408528
v -0.299837 0.048324 -0.248872
v 0.005163 0.167824 -0.355472
v 0.068563 0.192724 0.386428
v -0.341837 0.031824 -0.189772
v 0.127063 0.215624 0.350428
v -0.373137 0.019624 -0.122472
v 0.178263 0.235724 0.301928
v -0.392337 0.012024 -0.049372
v 0.220263 0.252124 0.242928
v -0.398837 0.009524 0.026528
v 0.251563 0.264424 0.175628
v -0.392337 0.012024 0.102528
v 0.270763 0.271924 0.102528
v -0.373137 0.019624 0.175628
v 0.277263 0.274524 0.026528
v -0.341837 0.031824 0.242928
v -0.046237 0.090124 -0.350572
v 0.018263 0.112824 -0.343372
v 0.006163 0.131424 -0.300472
v -0.050837 0.111324 -0.306872
v -0.050837 0.111324 0.360028
v -0.107837 0.091124 0.353628
v -0.213237 0.054024 -0.250672
v -0.162637 0.071824 -0.281472
v 0.060963 0.150724 -0.281472
v 0.006163 0.131424 0.353628
v -0.257437 0.038324 -0.209272
v 0.060963 0.150724 0.334628
v -0.293837 0.025524 -0.158672
v 0.111463 0.168624 0.303828
v -0.320836 0.016024 -0.101072
v 0.155764 0.184224 0.262328
v -0.337436 0.010124 -0.038472
v 0.192163 0.197024 0.211828
v -0.343036 0.008124 0.026528
v 0.219163 0.206624 0.154128
v -0.337436 0.010124 0.091628
v 0.235763 0.212424 0.091628
v -0.320836 0.016024 0.154128
v 0.241363 0.214424 0.026528
v -0.293837 0.025524 0.211828
v 0.235763 0.212424 -0.038472
v -0.257437 0.038324 0.262328
v 0.219163 0.206624 -0.101072
v -0.213237 0.054024 0.303828
v 0.192163 0.197024 -0.158672
v -0.162637 0.071824 0.334628
v -0.107837 0.091124 -0.300472
v 0.259063 0.197924 0.170928
v 0.274163 0.128624 0.170928
v 0.243563 0.117824 0.236128
v 0.228563 0.187124 0.236128
v 0.137363 0.154924 0.340128
v 0.080263 0.134724 0.375028
v -0.321037 -0.006876 -0.182972
v -0.351537 -0.017676 -0.117772
v 0.187463 0.172624 0.293228
v -0.370436 -0.024276 -0.046972
v -0.376737 -0.026576 0.026528
v -0.370436 -0.024276 0.100128
v 0.277864 0.204524 0.100128
v -0.351537 -0.017676 0.170928
v 0.284263 0.206724 0.026528
v -0.321037 -0.006876 0.236128
v 0.277864 0.204524 -0.046972
v -0.279936 0.007624 0.293228
v 0.259063 0.197924 -0.117772
v -0.229837 0.025324 0.340128
v 0.228563 0.187124 -0.182972
v -0.172736 0.045524 0.375028
v -0.110737 0.067324 -0.343372
v 0.187463 0.172624 -0.240072
v -0.110737 0.067324 0.396428
v -0.172736 0.045524 -0.321872
v 0.137363 0.154924 -0.286972
v -0.046237 0.090124 0.403728
v -0.229837 0.025324 -0.286972
v 0.080263 0.134724 -0.321872
v 0.018263 0.112824 0.396428
v -0.279936 0.007624 -0.240072
v 0.252963 0.079124 0.026528
v 0.299263 0.137524 0.026528
v 0.292964 0.135224 -0.046972
v 0.247563 0.077524 -0.034972
v -0.355336 -0.093576 0.100128
v -0.361736 -0.095776 0.026528
v 0.292964 0.135224 0.100128
v -0.336536 -0.086876 0.170928
v -0.306037 -0.076176 0.236128
v -0.264937 -0.061576 0.293228
v 0.274163 0.128624 -0.117772
v -0.214837 -0.043976 0.340128
v 0.243563 0.117824 -0.182972
v -0.157637 -0.023776 0.375028
v -0.031237 0.020824 -0.350572
v -0.095637 -0.001876 -0.343372
v 0.202464 0.103324 -0.240072
v -0.095637 -0.001876 0.396428
v -0.157637 -0.023776 -0.321872
v 0.152363 0.085624 -0.286972
v -0.031237 0.020824 0.403728
v -0.214837 -0.043976 -0.286972
v 0.095263 0.065524 -0.321872
v 0.033264 0.043624 0.396428
v -0.264937 -0.061576 -0.240072
v 0.033264 0.043624 -0.343372
v 0.095263 0.065524 0.375028
v -0.306037 -0.076176 -0.182972
v 0.152363 0.085624 0.340128
v -0.336536 -0.086876 -0.117772
v 0.202464 0.103324 0.293228
v -0.355336 -0.093576 -0.046972
v -0.025737 -0.004576 -0.289072
v -0.080037 -0.020876 -0.282972
v -0.085837 -0.056376 -0.331072
v -0.023037 -0.037476 -0.338171
v -0.222737 -0.063776 0.249728
v -0.257337 -0.074176 0.201928
v 0.231763 0.072824 -0.094172
v -0.180537 -0.051076 0.289028
v 0.205963 0.065024 -0.148772
v -0.132336 -0.036576 0.318128
v 0.171363 0.054624 -0.196572
v -0.080037 -0.020876 0.336128
v -0.132336 -0.036576 -0.264972
v 0.129063 0.041924 -0.235872
v -0.025737 -0.004576 0.342128
v -0.180537 -0.051076 -0.235872
v 0.080963 0.027524 -0.264972
v 0.028663 0.011824 0.336128
v -0.222737 -0.063776 -0.196572
v 0.028663 0.011824 -0.282972
v 0.080963 0.027524 0.318128
v -0.257337 -0.074176 -0.148772
v 0.129063 0.041924 0.289028
v -0.283137 -0.081876 -0.094172
v 0.171363 0.054624 0.249728
v -0.298937 -0.086676 -0.034972
v 0.205963 0.065024 0.201928
v -0.304336 -0.088276 0.026528
v 0.231763 0.072824 0.147328
v -0.298937 -0.086676 0.088128
v 0.247563 0.077524 0.088128
v -0.283137 -0.081876 0.147328
v -0.250637 -0.105876 -0.231272
v -0.244736 -0.177976 -0.231272
v -0.195937 -0.163276 -0.276672
v -0.201837 -0.091276 -0.276672
v 0.204663 0.030924 -0.231272
v 0.244663 0.042924 -0.176072
v -0.085837 -0.056376 0.384228
v -0.146237 -0.074476 0.363528
v -0.146237 -0.074476 -0.310372
v 0.155863 0.016224 -0.276672
v -0.023037 -0.037476 0.391228
v 0.100163 -0.000476 -0.310372
v 0.039763 -0.018576 0.384228
v 0.039763 -0.018576 -0.331072
v 0.100163 -0.000476 0.363528
v -0.290736 -0.117876 -0.176072
v 0.155863 0.016224 0.329828
v -0.320437 -0.126876 -0.112972
v 0.204663 0.030924 0.284428
v -0.338736 -0.132376 -0.044572
v 0.244663 0.042924 0.229128
v -0.344937 -0.134176 0.026528
v 0.274463 0.051924 0.166128
v -0.338736 -0.132376 0.097728
v 0.292763 0.057424 0.097728
v -0.320437 -0.126876 0.166128
v 0.298963 0.059224 0.026528
v -0.290736 -0.117876 0.229128
v 0.292763 0.057424 -0.044572
v -0.250637 -0.105876 0.284428
v 0.274463 0.051924 -0.112972
v -0.201837 -0.091276 0.329828
v -0.280937 -0.196976 -0.033072
v -0.265536 -0.192776 -0.090372
v -0.314537 -0.198876 -0.112972
v -0.332936 -0.204376 -0.044572
v 0.045663 -0.090676 -0.331072
v 0.106063 -0.072576 -0.310372
v 0.106063 -0.072576 0.363528
v 0.045663 -0.090676 0.384228
v -0.284836 -0.189976 -0.176072
v -0.017137 -0.109576 -0.338171
v 0.161763 -0.055776 0.329828
v 0.210563 -0.041176 0.284428
v 0.250564 -0.029076 0.229128
v -0.339037 -0.206276 0.026528
v 0.280364 -0.020176 0.166128
v -0.332936 -0.204376 0.097728
v 0.298663 -0.014676 0.097728
v -0.314537 -0.198876 0.166128
v 0.304863 -0.012776 0.026528
v -0.284836 -0.189976 0.229128
v 0.298663 -0.014676 -0.044572
v -0.244736 -0.177976 0.284428
v 0.280364 -0.020176 -0.112972
v -0.195937 -0.163276 0.329828
v 0.250564 -0.029076 -0.176072
v -0.140337 -0.146576 0.363528
v -0.079937 -0.128376 -0.331072
v 0.210563 -0.041176 -0.231272
v -0.079937 -0.128376 0.384228
v -0.140337 -0.146576 -0.310372
v 0.161763 -0.055776 -0.276672
v -0.017137 -0.109576 0.391228
v -0.265536 -0.192776 0.143528
v -0.306137 -0.223076 0.162728
v -0.324037 -0.227976 0.095928
v -0.280937 -0.196976 0.086228
v 0.208763 -0.062676 0.196428
v 0.175164 -0.071976 0.242728
v -0.286137 -0.198376 0.026528
v 0.233763 -0.055876 0.143528
v 0.249163 -0.051676 0.086228
v 0.254263 -0.050276 0.026528
v -0.240537 -0.185876 0.196428
v 0.249163 -0.051676 -0.033072
v -0.206937 -0.176676 0.242728
v 0.233763 -0.055876 -0.090372
v -0.166037 -0.165476 0.280728
v 0.208763 -0.062676 -0.143272
v -0.119337 -0.152676 0.309028
v -0.068637 -0.138776 -0.273272
v -0.015936 -0.124276 -0.279172
v 0.175164 -0.071976 -0.189572
v -0.068637 -0.138776 0.326328
v -0.119337 -0.152676 -0.255872
v 0.134263 -0.083176 -0.227572
v -0.015936 -0.124276 0.332228
v -0.166037 -0.165476 -0.227572
v 0.087463 -0.095976 -0.255872
v 0.036763 -0.109876 0.326328
v -0.206937 -0.176676 -0.189572
v 0.036763 -0.109876 -0.273272
v 0.087463 -0.095976 0.309028
v -0.240537 -0.185876 -0.143272
v 0.134263 -0.083176 0.280728
v -0.190337 -0.191276 0.322428
v -0.189037 -0.263476 0.322428
v -0.236736 -0.276576 0.278128
v -0.237937 -0.204376 0.278128
v 0.298963 -0.057176 0.026528
v 0.292863 -0.058876 0.095928
v -0.277137 -0.215076 0.224228
v 0.292863 -0.058876 -0.042872
v 0.274963 -0.063776 -0.109572
v 0.245963 -0.071676 -0.171072
v -0.135936 -0.176376 0.355328
v -0.076937 -0.160176 -0.322371
v -0.015537 -0.143376 -0.329272
v 0.206863 -0.082476 -0.225072
v -0.076937 -0.160176 0.375528
v -0.135936 -0.176376 -0.302172
v 0.159163 -0.095476 -0.269272
v -0.015537 -0.143376 0.382328
v -0.190337 -0.191276 -0.269272
v 0.104764 -0.110376 -0.302172
v 0.045763 -0.126576 0.375528
v -0.237937 -0.204376 -0.225072
v 0.045763 -0.126576 -0.322371
v 0.104764 -0.110376 0.355328
v -0.277137 -0.215076 -0.171072
v 0.159163 -0.095476 0.322428
v -0.306137 -0.223076 -0.109572
v 0.206863 -0.082476 0.278128
v -0.324037 -0.227976 -0.042872
v 0.245963 -0.071676 0.224228
v -0.330136 -0.229576 0.026528
v 0.274963 -0.063776 0.162728
v -0.014337 -0.215576 0.382328
v -0.013837 -0.243776 0.336628
v -0.067037 -0.254376 0.330628
v -0.075737 -0.232476 0.375528
v 0.247163 -0.143976 -0.171072
v 0.276263 -0.135976 -0.109572
v -0.134737 -0.248576 0.355328
v -0.075737 -0.232476 -0.322371
v -0.014337 -0.215576 -0.329272
v 0.208063 -0.154676 -0.225072
v -0.134737 -0.248576 -0.302172
v 0.160363 -0.167676 -0.269272
v -0.189037 -0.263476 -0.269272
v 0.106063 -0.182576 -0.302172
v 0.047063 -0.198776 0.375528
v -0.236736 -0.276576 -0.225072
v 0.047063 -0.198776 -0.322371
v 0.106063 -0.182576 0.355328
v -0.275837 -0.287276 -0.171072
v 0.160363 -0.167676 0.322428
v -0.304936 -0.295276 -0.109572
v 0.208063 -0.154676 0.278128
v -0.322837 -0.300176 -0.042872
v 0.247163 -0.143976 0.224228
v -0.328837 -0.301776 0.026528
v 0.276263 -0.135976 0.162728
v -0.322837 -0.300176 0.095928
v 0.294163 -0.131076 0.095928
v -0.304936 -0.295276 0.162728
v 0.300164 -0.129376 0.026528
v -0.275837 -0.287276 0.224228
v 0.294163 -0.131076 -0.042872
v 0.137563 -0.213576 0.284328
v 0.155463 -0.223676 0.318428
v 0.102063 -0.234276 0.350828
v 0.090463 -0.222976 0.313028
v -0.165337 -0.273976 -0.231272
v -0.118237 -0.264576 -0.259872
v 0.090463 -0.222976 -0.259872
v 0.137563 -0.213576 -0.231272
v 0.039364 -0.233176 0.330628
v -0.206636 -0.282276 -0.192672
v 0.039364 -0.233176 -0.277572
v -0.240537 -0.289076 -0.145672
v -0.013837 -0.243776 -0.283472
v -0.265737 -0.294076 -0.092072
v 0.178963 -0.205376 0.245828
v -0.281236 -0.297176 -0.033972
v 0.212864 -0.198576 0.198828
v -0.286436 -0.298176 0.026528
v 0.238063 -0.193576 0.145228
v -0.281236 -0.297176 0.087028
v 0.253563 -0.190476 0.087028
v -0.265737 -0.294076 0.145228
v 0.258763 -0.189376 0.026528
v -0.240537 -0.289076 0.198828
v 0.253563 -0.190476 -0.033972
v -0.206636 -0.282276 0.245828
v 0.238063 -0.193576 -0.092072
v -0.165337 -0.273976 0.284328
v 0.212864 -0.198576 -0.145672
v -0.118237 -0.264576 0.313028
v -0.067037 -0.254376 -0.277572
v 0.178963 -0.205376 -0.192672
v 0.269163 -0.200976 0.160928
v 0.257863 -0.274076 0.160928
v 0.229364 -0.279776 0.221628
v 0.240563 -0.206676 0.221628
v -0.272636 -0.309076 -0.168472
v -0.301137 -0.314776 -0.107772
v 0.202263 -0.214276 0.274728
v -0.318736 -0.318276 -0.041872
v -0.324637 -0.319476 0.026528
v -0.318736 -0.318276 0.095028
v 0.286663 -0.197476 0.095028
v -0.301137 -0.314776 0.160928
v 0.292663 -0.196276 0.026528
v -0.272636 -0.309076 0.221628
v 0.286663 -0.197476 -0.041872
v -0.234237 -0.301376 0.274728
v 0.269163 -0.200976 -0.107772
v -0.187537 -0.292076 0.318428
v 0.240563 -0.206676 -0.168472
v -0.134136 -0.281376 0.350828
v -0.076237 -0.269876 -0.317672
v -0.016037 -0.257876 -0.324472
v 0.202263 -0.214276 -0.221672
v -0.076237 -0.269876 0.370828
v -0.134136 -0.281376 -0.297772
v 0.155463 -0.223676 -0.265272
v -0.016037 -0.257876 0.377628
v -0.187537 -0.292076 -0.265272
v 0.102063 -0.234276 -0.297772
v 0.044163 -0.245876 0.370828
v -0.234237 -0.301376 -0.221672
v 0.044163 -0.245876 -0.317672
v 0.275364 -0.270576 -0.041872
v 0.236663 -0.308776 -0.034372
v 0.241863 -0.307876 0.026528
v 0.281363 -0.269376 0.026528
v -0.330037 -0.391376 0.095028
v -0.335936 -0.392576 0.026528
v 0.275364 -0.270576 0.095028
v -0.312437 -0.387876 0.160928
v -0.283937 -0.382176 0.221628
v -0.245537 -0.374576 0.274728
v 0.257863 -0.274076 -0.107772
v -0.198736 -0.365176 0.318428
v 0.229364 -0.279776 -0.168472
v -0.145437 -0.354576 0.350828
v -0.027337 -0.330976 -0.324472
v -0.087537 -0.342976 -0.317672
v 0.190964 -0.287476 -0.221672
v -0.087537 -0.342976 0.370828
v -0.145437 -0.354576 -0.297772
v 0.144163 -0.296776 -0.265272
v -0.027337 -0.330976 0.377628
v -0.198736 -0.365176 -0.265272
v 0.090763 -0.307376 -0.297772
v 0.032863 -0.318976 0.370828
v -0.245537 -0.374576 -0.221672
v 0.032863 -0.318976 -0.317672
v 0.090763 -0.307376 0.350828
v -0.283937 -0.382176 -0.168472
v 0.144163 -0.296776 0.318428
v -0.312437 -0.387876 -0.107772
v 0.190964 -0.287476 0.274728
v -0.330037 -0.391376 -0.041872
v 0.032863 -0.365076 0.370928
v 0.022563 -0.343776 0.332728
v 0.073663 -0.335476 0.314928
v 0.090364 -0.355676 0.350928
v -0.223337 -0.384076 0.247328
v -0.257237 -0.389576 0.200028
v 0.221163 -0.311276 -0.092872
v -0.182037 -0.377276 0.286128
v 0.195964 -0.315376 -0.146872
v -0.134937 -0.369576 0.314928
v -0.083836 -0.361276 -0.279572
v -0.030637 -0.352476 -0.285572
v 0.162063 -0.320976 -0.194172
v -0.083836 -0.361276 0.332728
v -0.134937 -0.369576 -0.261872
v 0.120763 -0.327776 -0.232972
v -0.030637 -0.352476 0.338728
v -0.182037 -0.377276 -0.232972
v 0.073663 -0.335476 -0.261872
v -0.223337 -0.384076 -0.194172
v 0.022563 -0.343776 -0.279572
v -0.257237 -0.389576 -0.146872
v 0.120763 -0.327776 0.286128
v -0.282437 -0.393776 -0.092872
v 0.162063 -0.320976 0.247328
v -0.297936 -0.396276 -0.034372
v 0.195964 -0.315376 0.200028
v -0.303137 -0.397176 0.026528
v 0.221163 -0.311276 0.146028
v -0.297936 -0.396276 0.087428
v 0.236663 -0.308776 0.087428
v -0.282437 -0.393776 0.146028
v 0.198263 -0.391176 0.274828
v 0.189763 -0.339376 0.274828
v 0.227964 -0.333076 0.221628
v 0.236363 -0.384976 0.221628
v -0.281837 -0.416576 -0.168472
v -0.243737 -0.410376 -0.221772
v -0.026937 -0.374876 -0.324572
v 0.032863 -0.365076 -0.317872
v 0.143363 -0.346976 0.318528
v -0.310136 -0.421276 -0.107772
v -0.327637 -0.424076 -0.041972
v -0.333537 -0.425076 0.026528
v 0.256263 -0.328476 0.160928
v -0.327637 -0.424076 0.095028
v 0.273663 -0.325576 0.095028
v -0.310136 -0.421276 0.160928
v 0.279563 -0.324676 0.026528
v -0.281837 -0.416576 0.221628
v 0.273663 -0.325576 -0.041972
v -0.243737 -0.410376 0.274828
v 0.256263 -0.328476 -0.107772
v -0.197236 -0.402776 0.318528
v 0.227964 -0.333076 -0.168472
v -0.144237 -0.394076 0.350928
v -0.086737 -0.384676 -0.317872
v 0.189763 -0.339376 -0.221772
v -0.086737 -0.384676 0.370928
v -0.144237 -0.394076 -0.297872
v 0.143363 -0.346976 -0.265372
v -0.026937 -0.374876 0.377728
v -0.197236 -0.402776 -0.265372
v 0.090364 -0.355676 -0.297872
v 0.260163 -0.449576 0.088128
v 0.282164 -0.377476 0.095028
v 0.288063 -0.376476 0.026528
v 0.265463 -0.449376 0.026528
v -0.319137 -0.475976 -0.041972
v -0.325036 -0.476876 0.026528
v 0.264763 -0.380276 0.160928
v -0.319137 -0.475976 0.095028
v -0.301737 -0.473076 0.160928
v -0.273336 -0.468476 0.221628
v 0.282164 -0.377476 -0.041972
v -0.235236 -0.462176 0.274828
v 0.264763 -0.380276 -0.107772
v -0.188837 -0.454576 0.318528
v 0.236363 -0.384976 -0.168472
v -0.135837 -0.445876 0.350928
v -0.078237 -0.436476 -0.317872
v -0.018437 -0.426676 -0.324572
v 0.198263 -0.391176 -0.221772
v -0.078237 -0.436476 0.370928
v -0.135837 -0.445876 -0.297872
v 0.151863 -0.398776 -0.265372
v -0.018437 -0.426676 0.377728
v -0.188837 -0.454576 -0.265372
v 0.098863 -0.407476 -0.297872
v 0.041363 -0.416876 0.370928
v -0.235236 -0.462176 -0.221772
v 0.041363 -0.416876 -0.317872
v 0.098863 -0.407476 0.350928
v -0.273336 -0.468476 -0.168472
v 0.151863 -0.398776 0.318528
v -0.301737 -0.473076 -0.107772
v -0.068036 -0.457776 -0.282972
v -0.120437 -0.459176 -0.265072
v -0.168637 -0.460376 -0.235872
v -0.210936 -0.461376 -0.196572
v -0.245737 -0.462276 -0.148772
v -0.271437 -0.462976 -0.094172
v -0.287337 -0.463376 -0.034972
v -0.292736 -0.463476 0.026528
v -0.287337 -0.463376 0.088128
v -0.271437 -0.462976 0.147328
v -0.245737 -0.462276 0.201928
v -0.210936 -0.461376 0.249728
v -0.168637 -0.460376 0.289028
v -0.120437 -0.459176 0.318128
v -0.068036 -0.457776 0.336128
v -0.013637 -0.456476 0.342228
v 0.040863 -0.455076 0.336128
v 0.093163 -0.453776 0.318128
v 0.141463 -0.452576 0.289028
v 0.183764 -0.451476 0.249728
v 0.218463 -0.450576 0.201928
v 0.244263 -0.449976 0.147328
v 0.260163 -0.449576 -0.034972
v 0.244263 -0.449976 -0.094172
v 0.218463 -0.450576 -0.148772
v 0.183764 -0.451476 -0.196572
v 0.141463 -0.452576 -0.235872
v 0.093163 -0.453776 -0.265072
v 0.040863 -0.455076 -0.282972
v -0.013637 -0.456476 -0.289072
v -0.036837 -0.514376 -0.359672
v 0.036763 -0.514376 -0.352472
v 0.107563 -0.514376 -0.330972
v 0.172863 -0.514376 -0.296072
v 0.230063 -0.514376 -0.249172
v 0.276963 -0.514376 -0.191972
v 0.311863 -0.514376 -0.126772
v 0.333263 -0.514376 -0.055972
v 0.340563 -0.514376 0.017628
v 0.333263 -0.514376 0.091328
v 0.311863 -0.514376 0.162128
v 0.276963 -0.514376 0.227328
v 0.230063 -0.514376 0.284528
v 0.172863 -0.514376 0.331428
v 0.107563 -0.514376 0.366328
v 0.036763 -0.514376 0.387828
v -0.036837 -0.514376 0.395028
v -0.110436 -0.514376 0.387828
v -0.181237 -0.514376 0.366328
v -0.246437 -0.514376 0.331428
v -0.303636 -0.514376 0.284528
v -0.350637 -0.514376 0.227328
v -0.385436 -0.514376 0.162128
v -0.406936 -0.514376 0.091328
v -0.414236 -0.514376 0.017628
v -0.406936 -0.514376 -0.055972
v -0.385436 -0.514376 -0.126772
v -0.350637 -0.514376 -0.191972
v -0.303636 -0.514376 -0.249172
v -0.110436 -0.514376 -0.352472
v -0.246437 -0.514376 -0.296072
v -0.181237 -0.514376 -0.330972
v -0.129836 -0.693576 -0.450072
v -0.219337 -0.693576 -0.422872
v -0.301737 -0.693576 -0.378872
v -0.374036 -0.693576 -0.319472
v -0.433337 -0.693576 -0.247272
v -0.477336 -0.693576 -0.164772
v -0.504537 -0.693576 -0.075372
v -0.513637 -0.693576 0.017628
v -0.504537 -0.693576 0.110728
v -0.477336 -0.693576 0.200128
v -0.433337 -0.693576 0.282628
v -0.374036 -0.693576 0.354828
v -0.301737 -0.693576 0.414128
v -0.219337 -0.693576 0.458228
v -0.129836 -0.693576 0.485328
v -0.036837 -0.693576 0.494528
v 0.056163 -0.693576 0.485328
v 0.145663 -0.693576 0.458228
v 0.228063 -0.693576 0.414128
v 0.300363 -0.693576 0.354828
v 0.359663 -0.693576 0.282628
v 0.403763 -0.693576 0.200128
v 0.430863 -0.693576 0.110728
v 0.440063 -0.693576 0.017628
v 0.430863 -0.693576 -0.075372
v 0.403763 -0.693576 -0.164772
v 0.359663 -0.693576 -0.247272
v 0.300363 -0.693576 -0.319472
v 0.228063 -0.693576 -0.378872
v 0.145663 -0.693576 -0.422872
v 0.056163 -0.693576 -0.450072
v -0.036837 -0.693576 -0.459172
v -0.036237 -0.449776 -0.342172
v 0.033663 -0.449776 -0.335272
v 0.100863 -0.449776 -0.314872
v 0.162763 -0.449776 -0.281772
v 0.217063 -0.449776 -0.237272
v 0.261563 -0.449776 -0.182972
v 0.294663 -0.449776 -0.121072
v 0.315063 -0.449776 -0.053872
v 0.321963 -0.449776 0.016028
v 0.315063 -0.449776 0.085828
v 0.294663 -0.449776 0.153028
v 0.261563 -0.449776 0.215028
v 0.217063 -0.449776 0.269228
v 0.162763 -0.449776 0.313828
v 0.100863 -0.449776 0.346928
v 0.033663 -0.449776 0.367328
v -0.036237 -0.449776 0.374128
v -0.106137 -0.449776 0.367328
v -0.173237 -0.449776 0.346928
v -0.235236 -0.449776 0.313828
v -0.289437 -0.449776 0.269228
v -0.334037 -0.449776 0.215028
v -0.367137 -0.449776 0.153028
v -0.387536 -0.449776 0.085828
v -0.394337 -0.449776 0.016028
v -0.387536 -0.449776 -0.053872
v -0.367137 -0.449776 -0.121072
v -0.334037 -0.449776 -0.182972
v -0.289437 -0.449776 -0.237272
v -0.106137 -0.449776 -0.335272
v -0.235236 -0.449776 -0.281772
v -0.173237 -0.449776 -0.314872
v -0.303937 -0.480676 -0.251772
v -0.303937 -0.515476 -0.251772
v -0.246537 -0.515476 -0.298872
v -0.246537 -0.480676 -0.298872
v -0.414836 -0.480676 0.016028
v -0.407636 -0.480676 0.089828
v 0.335163 -0.480676 0.089828
v 0.313663 -0.480676 0.160928
v -0.386037 -0.480676 0.160928
v 0.342463 -0.480676 0.016028
v -0.351036 -0.480676 0.226328
v 0.335163 -0.480676 -0.057872
v -0.303937 -0.480676 0.283728
v 0.313663 -0.480676 -0.128872
v -0.246537 -0.480676 0.330828
v 0.278663 -0.480676 -0.194372
v -0.181137 -0.480676 0.365828
v -0.036237 -0.480676 -0.362672
v -0.110137 -0.480676 -0.355372
v 0.231563 -0.480676 -0.251772
v -0.110137 -0.480676 0.387328
v -0.181137 -0.480676 -0.333872
v 0.174163 -0.480676 -0.298872
v -0.036237 -0.480676 0.394628
v 0.108663 -0.480676 -0.333872
v 0.037663 -0.480676 0.387328
v 0.037663 -0.480676 -0.355372
v 0.108663 -0.480676 0.365828
v -0.351036 -0.480676 -0.194372
v 0.174163 -0.480676 0.330828
v -0.386037 -0.480676 -0.128872
v 0.231563 -0.480676 0.283728
v -0.407636 -0.480676 -0.057872
v 0.278663 -0.480676 0.226328
v -0.110137 -0.515476 -0.355372
v -0.181137 -0.515476 -0.333872
v -0.351036 -0.515476 -0.194372
v -0.386037 -0.515476 -0.128872
v -0.407636 -0.515476 -0.057872
v -0.414836 -0.515476 0.016028
v -0.407636 -0.515476 0.089828
v -0.386037 -0.515476 0.160928
v -0.351036 -0.515476 0.226328
v -0.303937 -0.515476 0.283728
v -0.246537 -0.515476 0.330828
v -0.181137 -0.515476 0.365828
v -0.110137 -0.515476 0.387328
v -0.036237 -0.515476 0.394628
v 0.037663 -0.515476 0.387328
v 0.108663 -0.515476 0.365828
v 0.174163 -0.515476 0.330828
v 0.231563 -0.515476 0.283728
v 0.278663 -0.515476 0.226328
v 0.313663 -0.515476 0.160928
v 0.335163 -0.515476 0.089828
v 0.342463 -0.515476 0.016028
v 0.335163 -0.515476 -0.057872
v 0.313663 -0.515476 -0.128872
v 0.278663 -0.515476 -0.194372
v 0.231563 -0.515476 -0.251772
v 0.174163 -0.515476 -0.298872
v 0.108663 -0.515476 -0.333872
v 0.037663 -0.515476 -0.355372
v -0.036237 -0.515476 -0.362672
v 0.411963 -0.741376 -0.242072
v 0.415864 -0.741376 -0.243572
v 0.415864 -0.815776 -0.243572
v 0.411963 -0.815776 -0.242072
v 0.419963 -0.741376 -0.244272
v 0.419963 -0.815776 -0.244272
v 0.424163 -0.741376 -0.244172
v 0.424163 -0.815776 -0.244172
v 0.428263 -0.741376 -0.243172
v 0.428263 -0.815776 -0.243172
v 0.432063 -0.741376 -0.241472
v 0.432063 -0.815776 -0.241472
v 0.435463 -0.815776 -0.239072
v 0.435463 -0.741376 -0.239072
v 0.438363 -0.815776 -0.235972
v 0.438363 -0.741376 -0.235972
v 0.440563 -0.741376 -0.232472
v 0.440563 -0.815776 -0.232472
v 0.442063 -0.815776 -0.228572
v 0.442063 -0.741376 -0.228572
v 0.442763 -0.815776 -0.224472
v 0.442763 -0.741376 -0.224472
v 0.442563 -0.815776 -0.220272
v 0.442563 -0.741376 -0.220272
v 0.441664 -0.741376 -0.216172
v 0.441664 -0.815776 -0.216172
v 0.439963 -0.815776 -0.212372
v 0.439963 -0.741376 -0.212372
v 0.437464 -0.815776 -0.208972
v 0.437464 -0.741376 -0.208972
v 0.434464 -0.815776 -0.206072
v 0.434464 -0.741376 -0.206072
v 0.430964 -0.815776 -0.203872
v 0.430964 -0.741376 -0.203872
v 0.426963 -0.815776 -0.202372
v 0.426963 -0.741376 -0.202372
v 0.422863 -0.815776 -0.201672
v 0.422863 -0.741376 -0.201672
v 0.418664 -0.815776 -0.201772
v 0.418664 -0.741376 -0.201772
v 0.414663 -0.741376 -0.202772
v 0.414663 -0.815776 -0.202772
v 0.410764 -0.741376 -0.204472
v 0.410764 -0.815776 -0.204472
v 0.407363 -0.815776 -0.206872
v 0.407363 -0.741376 -0.206872
v 0.404563 -0.815776 -0.209972
v 0.404563 -0.741376 -0.209972
v 0.402264 -0.741376 -0.213472
v 0.402264 -0.815776 -0.213472
v 0.400863 -0.741376 -0.217372
v 0.400863 -0.815776 -0.217372
v 0.400163 -0.815776 -0.221472
v 0.400163 -0.741376 -0.221472
v 0.400263 -0.741376 -0.225672
v 0.400263 -0.815776 -0.225672
v 0.401163 -0.815776 -0.229772
v 0.401163 -0.741376 -0.229772
v 0.402864 -0.815776 -0.233572
v 0.402864 -0.741376 -0.233572
v 0.405363 -0.741376 -0.236972
v 0.405363 -0.815776 -0.236972
v 0.431963 -0.722976 -0.228272
v 0.433064 -0.723176 -0.225572
v 0.408363 -0.741376 -0.239872
v 0.408363 -0.815776 -0.239872
v 0.421863 -0.726976 -0.236872
v 0.407463 -0.716176 -0.229772
v 0.407463 -0.714176 -0.227772
v 0.424263 -0.725676 -0.236072
v 0.423463 -0.735376 -0.208772
v 0.425763 -0.733676 -0.208972
v 0.408963 -0.739376 -0.225972
v 0.409163 -0.740176 -0.223172
v 0.426564 -0.724476 -0.234672
v 0.431563 -0.728476 -0.212772
v 0.432763 -0.726976 -0.214872
v 0.412363 -0.740676 -0.215272
v 0.414163 -0.740176 -0.213072
v 0.414863 -0.731876 -0.236272
v 0.417063 -0.730176 -0.236972
v 0.412863 -0.733676 -0.234972
v 0.433663 -0.723676 -0.222772
v 0.421063 -0.736876 -0.209072
v 0.409263 -0.738176 -0.228672
v 0.428663 -0.723676 -0.232872
v 0.429963 -0.730176 -0.210972
v 0.410864 -0.740876 -0.217772
v 0.419363 -0.728476 -0.237272
v 0.433864 -0.724476 -0.219972
v 0.418563 -0.738176 -0.209872
v 0.410064 -0.736876 -0.231072
v 0.430563 -0.723176 -0.230672
v 0.427963 -0.731876 -0.209772
v 0.409763 -0.740676 -0.220372
v 0.433563 -0.725676 -0.217372
v 0.416263 -0.739376 -0.211272
v 0.411263 -0.735376 -0.233172
v 0.408363 -0.721076 -0.232672
v 0.409263 -0.723776 -0.233472
v 0.410463 -0.726376 -0.233772
v 0.411863 -0.728876 -0.233472
v 0.413363 -0.731276 -0.232672
v 0.414963 -0.733276 -0.231472
v 0.416663 -0.734976 -0.229772
v 0.418263 -0.736276 -0.227772
v 0.419863 -0.736976 -0.225372
v 0.421163 -0.737276 -0.222872
v 0.422364 -0.736976 -0.220272
v 0.423363 -0.736276 -0.217572
v 0.423963 -0.734976 -0.215072
v 0.424263 -0.733276 -0.212772
v 0.424363 -0.731276 -0.210672
v 0.423963 -0.728876 -0.208972
v 0.423363 -0.726376 -0.207772
v 0.422463 -0.723776 -0.206972
v 0.421263 -0.721076 -0.206672
v 0.419963 -0.718576 -0.206972
v 0.418363 -0.716176 -0.207772
v 0.416763 -0.714176 -0.208972
v 0.415164 -0.712476 -0.210672
v 0.413463 -0.711176 -0.212672
v 0.411963 -0.710476 -0.215072
v 0.410563 -0.710176 -0.217572
v 0.409364 -0.710476 -0.220272
v 0.408463 -0.711176 -0.222872
v 0.407863 -0.712476 -0.225372
v 0.407763 -0.718576 -0.231472
v 0.453264 -0.741376 0.216028
v 0.453264 -0.815776 0.216028
v 0.450364 -0.815776 0.213028
v 0.450364 -0.741376 0.213028
v 0.455563 -0.815776 0.219528
v 0.455563 -0.741376 0.219528
v 0.457063 -0.741376 0.223428
v 0.457063 -0.815776 0.223428
v 0.457863 -0.815776 0.227528
v 0.457863 -0.741376 0.227528
v 0.457763 -0.741376 0.231728
v 0.457763 -0.815776 0.231728
v 0.456963 -0.815776 0.235728
v 0.456963 -0.741376 0.235728
v 0.455263 -0.815776 0.239628
v 0.455263 -0.741376 0.239628
v 0.452963 -0.741376 0.243028
v 0.452963 -0.815776 0.243028
v 0.449963 -0.815776 0.246028
v 0.449963 -0.741376 0.246028
v 0.446463 -0.741376 0.248328
v 0.446463 -0.815776 0.248328
v 0.442563 -0.741376 0.249828
v 0.442563 -0.815776 0.249828
v 0.438463 -0.815776 0.250628
v 0.438463 -0.741376 0.250628
v 0.434263 -0.741376 0.250528
v 0.434263 -0.815776 0.250528
v 0.430164 -0.741376 0.249728
v 0.430164 -0.815776 0.249728
v 0.426363 -0.815776 0.248028
v 0.426363 -0.741376 0.248028
v 0.422863 -0.741376 0.245728
v 0.422863 -0.815776 0.245728
v 0.419963 -0.741376 0.242728
v 0.419963 -0.815776 0.242728
v 0.417663 -0.815776 0.239228
v 0.417663 -0.741376 0.239228
v 0.416063 -0.815776 0.235328
v 0.416063 -0.741376 0.235328
v 0.415363 -0.741376 0.231228
v 0.415363 -0.815776 0.231228
v 0.415363 -0.815776 0.227028
v 0.415363 -0.741376 0.227028
v 0.416263 -0.741376 0.222928
v 0.416263 -0.815776 0.222928
v 0.417863 -0.741376 0.219128
v 0.417863 -0.815776 0.219128
v 0.420263 -0.815776 0.215628
v 0.420263 -0.741376 0.215628
v 0.423263 -0.815776 0.212728
v 0.423263 -0.741376 0.212728
v 0.426763 -0.741376 0.210428
v 0.426763 -0.815776 0.210428
v 0.430663 -0.815776 0.208828
v 0.430663 -0.741376 0.208828
v 0.434763 -0.741376 0.208128
v 0.434763 -0.815776 0.208128
v 0.438963 -0.741376 0.208128
v 0.438963 -0.815776 0.208128
v 0.442963 -0.815776 0.209028
v 0.442963 -0.741376 0.209028
v 0.443563 -0.723176 0.239028
v 0.445663 -0.722976 0.236928
v 0.446863 -0.741376 0.210628
v 0.446863 -0.815776 0.210628
v 0.449763 -0.725676 0.226728
v 0.449564 -0.726976 0.224128
v 0.437263 -0.716176 0.213828
v 0.435363 -0.714176 0.214628
v 0.424363 -0.735376 0.236928
v 0.425463 -0.733676 0.239028
v 0.434363 -0.739376 0.216728
v 0.431863 -0.740176 0.218028
v 0.449363 -0.724476 0.229328
v 0.433764 -0.726976 0.243028
v 0.431263 -0.728476 0.242728
v 0.424563 -0.740176 0.226628
v 0.425864 -0.740676 0.224128
v 0.446064 -0.731876 0.218028
v 0.447663 -0.730176 0.219728
v 0.444163 -0.733676 0.216728
v 0.441363 -0.723676 0.240728
v 0.423663 -0.736876 0.234528
v 0.436963 -0.738176 0.215928
v 0.448563 -0.723676 0.232028
v 0.429063 -0.730176 0.241928
v 0.427563 -0.740876 0.221728
v 0.448864 -0.728476 0.221828
v 0.438864 -0.724476 0.241928
v 0.423463 -0.738176 0.232028
v 0.439463 -0.736876 0.215728
v 0.447363 -0.723176 0.234628
v 0.427063 -0.731876 0.240728
v 0.429564 -0.740676 0.219728
v 0.436263 -0.725676 0.242728
v 0.423764 -0.739376 0.229328
v 0.441963 -0.735376 0.216028
v 0.442063 -0.726376 0.215028
v 0.442364 -0.728876 0.216328
v 0.442263 -0.731276 0.218128
v 0.441764 -0.733276 0.220028
v 0.440964 -0.734976 0.222228
v 0.439663 -0.736276 0.224528
v 0.438164 -0.736976 0.226928
v 0.436363 -0.737276 0.229228
v 0.434464 -0.736976 0.231328
v 0.432463 -0.736276 0.233228
v 0.430363 -0.734976 0.234828
v 0.428363 -0.733276 0.236128
v 0.426463 -0.731276 0.236928
v 0.424863 -0.728876 0.237328
v 0.423463 -0.726376 0.237228
v 0.422364 -0.723776 0.236728
v 0.421664 -0.721076 0.235728
v 0.421363 -0.718576 0.234428
v 0.421463 -0.716176 0.232728
v 0.421963 -0.714176 0.230728
v 0.422763 -0.712476 0.228528
v 0.424063 -0.711176 0.226228
v 0.425563 -0.710476 0.223828
v 0.427364 -0.710176 0.221528
v 0.429263 -0.710476 0.219428
v 0.431263 -0.711176 0.217528
v 0.433363 -0.712476 0.215928
v 0.438864 -0.718576 0.213428
v 0.441363 -0.723776 0.214028
v 0.440264 -0.721076 0.213528
v 0.484864 -0.741376 -0.022272
v 0.484864 -0.815776 -0.022272
v 0.480663 -0.815776 -0.022472
v 0.480663 -0.741376 -0.022472
v 0.488963 -0.815776 -0.021172
v 0.488963 -0.741376 -0.021172
v 0.492664 -0.741376 -0.019372
v 0.492664 -0.815776 -0.019372
v 0.496063 -0.741376 -0.016772
v 0.496063 -0.815776 -0.016772
v 0.498763 -0.815776 -0.013672
v 0.498763 -0.741376 -0.013672
v 0.500863 -0.741376 -0.010072
v 0.500863 -0.815776 -0.010072
v 0.502263 -0.741376 -0.006072
v 0.502263 -0.815776 -0.006072
v 0.502863 -0.815776 -0.001972
v 0.502863 -0.741376 -0.001972
v 0.502563 -0.741376 0.002228
v 0.502563 -0.815776 0.002228
v 0.501563 -0.741376 0.006228
v 0.501563 -0.815776 0.006228
v 0.499663 -0.815776 0.010028
v 0.499663 -0.741376 0.010028
v 0.497163 -0.741376 0.013328
v 0.497163 -0.815776 0.013328
v 0.494063 -0.741376 0.016128
v 0.494063 -0.815776 0.016128
v 0.490463 -0.815776 0.018228
v 0.490463 -0.741376 0.018228
v 0.486463 -0.815776 0.019628
v 0.486463 -0.741376 0.019628
v 0.482363 -0.741376 0.020128
v 0.482363 -0.815776 0.020128
v 0.478163 -0.815776 0.019928
v 0.478163 -0.741376 0.019928
v 0.474064 -0.815776 0.018828
v 0.474064 -0.741376 0.018828
v 0.470363 -0.741376 0.017028
v 0.470363 -0.815776 0.017028
v 0.466963 -0.815776 0.014528
v 0.466963 -0.741376 0.014528
v 0.464263 -0.741376 0.011328
v 0.464263 -0.815776 0.011328
v 0.462163 -0.741376 0.007728
v 0.462163 -0.815776 0.007728
v 0.460763 -0.815776 0.003828
v 0.460763 -0.741376 0.003828
v 0.460163 -0.815776 -0.000372
v 0.460163 -0.741376 -0.000372
v 0.460463 -0.741376 -0.004572
v 0.460463 -0.815776 -0.004572
v 0.461463 -0.815776 -0.008572
v 0.461463 -0.741376 -0.008572
v 0.463363 -0.741376 -0.012372
v 0.463363 -0.815776 -0.012372
v 0.465863 -0.741376 -0.015672
v 0.465863 -0.815776 -0.015672
v 0.468964 -0.815776 -0.018472
v 0.468964 -0.741376 -0.018472
v 0.472564 -0.741376 -0.020572
v 0.472564 -0.815776 -0.020572
v 0.493363 -0.722976 -0.001572
v 0.493163 -0.723176 0.001328
v 0.476563 -0.741376 -0.021872
v 0.476563 -0.815776 -0.021872
v 0.487563 -0.726976 -0.013672
v 0.471563 -0.716176 -0.013072
v 0.470763 -0.714176 -0.011172
v 0.489463 -0.725676 -0.011972
v 0.477564 -0.735376 0.012628
v 0.479764 -0.733676 0.013428
v 0.471363 -0.739376 -0.008972
v 0.470363 -0.740176 -0.006372
v 0.491063 -0.724476 -0.009772
v 0.488563 -0.726976 0.010928
v 0.486563 -0.728476 0.012328
v 0.470863 -0.740176 0.004928
v 0.470063 -0.740676 0.002128
v 0.483263 -0.730176 -0.015772
v 0.480963 -0.731876 -0.015972
v 0.478663 -0.733676 -0.015572
v 0.492664 -0.723676 0.004128
v 0.475464 -0.736876 0.011428
v 0.472763 -0.738176 -0.011272
v 0.492163 -0.723676 -0.007272
v 0.484363 -0.730176 0.013228
v 0.469764 -0.740876 -0.000672
v 0.485564 -0.728476 -0.014972
v 0.491663 -0.724476 0.006728
v 0.473563 -0.738176 0.009628
v 0.474463 -0.736876 -0.013172
v 0.492963 -0.723176 -0.004472
v 0.482063 -0.731876 0.013628
v 0.469863 -0.740676 -0.003572
v 0.490263 -0.725676 0.009028
v 0.472063 -0.739376 0.007428
v 0.476463 -0.735376 -0.014672
v 0.473663 -0.721076 -0.015372
v 0.474764 -0.723776 -0.015672
v 0.475963 -0.726376 -0.015472
v 0.477063 -0.728876 -0.014672
v 0.478163 -0.731276 -0.013372
v 0.479163 -0.733276 -0.011572
v 0.479963 -0.734976 -0.009272
v 0.480663 -0.736276 -0.006772
v 0.481063 -0.736976 -0.004072
v 0.481264 -0.737276 -0.001172
v 0.481264 -0.736976 0.001728
v 0.481063 -0.736276 0.004528
v 0.480564 -0.734976 0.007128
v 0.479963 -0.733276 0.009328
v 0.479064 -0.731276 0.011228
v 0.478163 -0.728876 0.012628
v 0.477063 -0.726376 0.013528
v 0.475863 -0.723776 0.013828
v 0.474764 -0.721076 0.013628
v 0.473563 -0.718576 0.012828
v 0.472564 -0.716176 0.011528
v 0.471563 -0.714176 0.009728
v 0.470763 -0.712476 0.007428
v 0.470063 -0.711176 0.004928
v 0.469664 -0.710476 0.002228
v 0.469363 -0.710176 -0.000672
v 0.469463 -0.710476 -0.003572
v 0.469664 -0.711176 -0.006372
v 0.470063 -0.712476 -0.008972
v 0.472564 -0.718576 -0.014472
vn -0.0000 -1.0000 -0.0000
vn -0.9952 -0.0000 0.0981
vn -0.9952 -0.0000 0.0977
vn -0.2439 -0.8557 0.4563
vn -0.2439 -0.8559 0.4560
vn -0.2440 -0.8556 0.4566
vn -0.2440 -0.8556 0.4565
vn -0.0507 -0.8559 -0.5147
vn -0.0507 -0.8555 -0.5153
vn -0.0506 -0.8560 -0.5145
vn 0.3284 -0.8556 0.4001
vn 0.3283 -0.8558 0.3998
vn 0.3283 -0.8557 0.3999
vn 0.3284 -0.8556 0.4002
vn -0.1502 -0.8558 0.4950
vn -0.1502 -0.8558 0.4951
vn -0.1502 -0.8556 0.4953
vn -0.1502 -0.8557 0.4953
vn -0.1502 -0.8555 -0.4956
vn -0.1502 -0.8557 -0.4952
vn -0.1500 -0.8557 -0.4953
vn -0.1502 -0.8556 -0.4953
vn 0.4001 -0.8556 0.3284
vn 0.4000 -0.8557 0.3283
vn 0.4002 -0.8556 0.3284
vn 0.3999 -0.8557 0.3283
vn -0.0507 -0.8559 0.5147
vn -0.0507 -0.8557 0.5150
vn -0.0508 -0.8557 0.5150
vn -0.0508 -0.8558 0.5147
vn -0.2441 -0.8556 -0.4566
vn -0.2443 -0.8554 -0.4567
vn -0.2441 -0.8555 -0.4567
vn -0.2441 -0.8554 -0.4569
vn 0.4565 -0.8556 0.2440
vn 0.4564 -0.8557 0.2440
vn -0.3284 -0.8556 -0.4001
vn -0.3284 -0.8555 -0.4002
vn -0.3283 -0.8556 -0.4001
vn 0.4956 -0.8555 0.1503
vn 0.4955 -0.8555 0.1502
vn 0.4954 -0.8555 0.1503
vn 0.4955 -0.8555 0.1503
vn -0.4001 -0.8556 -0.3283
vn -0.4000 -0.8557 -0.3283
vn -0.4001 -0.8557 -0.3283
vn -0.3999 -0.8557 -0.3283
vn 0.5151 -0.8556 0.0507
vn 0.5151 -0.8557 0.0507
vn 0.5152 -0.8556 0.0507
vn 0.5156 -0.8553 0.0507
vn -0.4566 -0.8556 -0.2441
vn -0.4568 -0.8554 -0.2443
vn -0.4564 -0.8556 -0.2440
vn 0.5154 -0.8555 -0.0507
vn 0.5156 -0.8553 -0.0507
vn 0.5152 -0.8556 -0.0507
vn 0.5151 -0.8556 -0.0507
vn -0.4956 -0.8555 -0.1504
vn -0.4953 -0.8557 -0.1502
vn -0.4958 -0.8553 -0.1505
vn -0.4954 -0.8555 -0.1504
vn 0.4954 -0.8556 -0.1502
vn 0.4955 -0.8555 -0.1504
vn 0.4953 -0.8557 -0.1502
vn -0.5157 -0.8553 -0.0508
vn -0.5149 -0.8558 -0.0506
vn -0.5150 -0.8557 -0.0507
vn -0.5154 -0.8554 -0.0507
vn 0.4564 -0.8557 -0.2440
vn 0.4564 -0.8556 -0.2440
vn 0.4566 -0.8556 -0.2441
vn 0.4569 -0.8554 -0.2441
vn -0.5151 -0.8556 0.0507
vn -0.5150 -0.8557 0.0507
vn 0.4000 -0.8557 -0.3283
vn 0.4001 -0.8557 -0.3283
vn -0.4953 -0.8557 0.1502
vn -0.4951 -0.8558 0.1502
vn -0.4954 -0.8555 0.1503
vn 0.3284 -0.8555 -0.4003
vn 0.3284 -0.8556 -0.4002
vn 0.3285 -0.8554 -0.4006
vn 0.3283 -0.8555 -0.4003
vn -0.4567 -0.8555 0.2442
vn -0.4564 -0.8557 0.2441
vn -0.4566 -0.8556 0.2440
vn -0.4569 -0.8554 0.2441
vn 0.2443 -0.8554 -0.4567
vn 0.2443 -0.8554 -0.4568
vn 0.2441 -0.8556 -0.4564
vn 0.0506 -0.8559 0.5146
vn 0.0507 -0.8557 0.5149
vn 0.0507 -0.8559 0.5147
vn 0.0507 -0.8555 0.5153
vn -0.4004 -0.8556 0.3282
vn -0.4003 -0.8557 0.3280
vn -0.4001 -0.8557 0.3281
vn -0.4000 -0.8557 0.3282
vn 0.1501 -0.8557 -0.4953
vn 0.1502 -0.8558 -0.4951
vn 0.1502 -0.8556 -0.4954
vn 0.1502 -0.8556 0.4954
vn 0.1503 -0.8558 0.4950
vn 0.1501 -0.8559 0.4948
vn 0.1501 -0.8560 0.4947
vn -0.3284 -0.8557 0.3998
vn -0.3283 -0.8556 0.4001
vn -0.3286 -0.8556 0.3999
vn -0.3285 -0.8558 0.3995
vn 0.0507 -0.8559 -0.5146
vn 0.0507 -0.8560 -0.5145
vn 0.0506 -0.8559 -0.5147
vn 0.0506 -0.8558 -0.5148
vn 0.2441 -0.8556 0.4565
vn 0.2440 -0.8556 0.4564
vn 0.2439 -0.8558 0.4563
vn 0.2440 -0.8557 0.4563
vn -0.0000 1.0000 -0.0000
vn 0.7729 -0.0000 -0.6346
vn 0.7728 -0.0000 -0.6347
vn -0.9569 -0.0000 0.2903
vn 0.6343 -0.0000 -0.7731
vn -0.8818 -0.0000 0.4716
vn 0.4716 -0.0000 -0.8818
vn 0.0980 -0.0000 0.9952
vn -0.7730 -0.0000 0.6343
vn -0.7735 -0.0000 0.6338
vn 0.2903 -0.0000 -0.9569
vn 0.2903 -0.0000 0.9569
vn -0.6343 -0.0000 0.7731
vn 0.0980 -0.0000 -0.9952
vn 0.4716 -0.0000 0.8818
vn -0.4716 -0.0000 0.8818
vn -0.0978 -0.0000 -0.9952
vn -0.0976 -0.0000 -0.9952
vn 0.6343 -0.0000 0.7731
vn -0.2903 -0.0000 0.9569
vn -0.2903 -0.0000 -0.9569
vn 0.7731 -0.0000 0.6343
vn 0.7735 -0.0000 0.6338
vn 0.7732 -0.0000 0.6342
vn -0.0981 -0.0000 0.9952
vn -0.0977 -0.0000 0.9952
vn -0.4716 -0.0000 -0.8818
vn 0.8818 -0.0000 0.4716
vn -0.6343 -0.0000 -0.7731
vn 0.9569 -0.0000 0.2903
vn -0.7729 -0.0000 -0.6346
vn 0.9952 -0.0000 0.0981
vn -0.8818 -0.0000 -0.4716
vn 0.9952 -0.0000 -0.0981
vn -0.9569 -0.0000 -0.2903
vn 0.9569 -0.0000 -0.2903
vn -0.9952 -0.0000 -0.0981
vn -0.9952 -0.0000 -0.0978
vn -0.9952 -0.0000 -0.0977
vn 0.8818 -0.0000 -0.4716
vn -0.3612 0.9146 0.1816
vn -0.3610 0.9146 0.1820
vn -0.3666 0.9124 0.1820
vn -0.3719 0.9098 0.1844
vn -0.3767 0.9079 0.1841
vn -0.3768 0.9077 0.1845
vn -0.4021 0.8962 -0.1877
vn -0.4020 0.8963 -0.1874
vn -0.4069 0.8943 -0.1864
vn -0.4142 0.8914 -0.1841
vn -0.3927 0.9001 -0.1888
vn -0.3925 0.9003 -0.1883
vn -0.2344 0.7964 0.5575
vn -0.2597 0.7856 0.5616
vn -0.2597 0.7857 0.5615
vn -0.2851 0.7748 0.5643
vn -0.3106 0.7639 0.5657
vn -0.3828 0.9052 0.1848
vn -0.3872 0.9035 0.1839
vn -0.3868 0.9038 -0.1833
vn -0.3867 0.9037 -0.1837
vn -0.3359 0.7531 -0.5657
vn -0.3362 0.7530 -0.5656
vn -0.3362 0.7530 -0.5657
vn -0.3618 0.7421 -0.5643
vn -0.3617 0.7421 -0.5643
vn -0.3871 0.7313 -0.5615
vn -0.3871 0.7313 -0.5616
vn -0.4123 0.7206 -0.5575
vn -0.4122 0.7206 -0.5576
vn -0.4123 0.7205 -0.5575
vn -0.4178 0.8894 -0.1855
vn -0.4167 0.8900 -0.1848
vn -0.3504 0.9192 0.1795
vn -0.3486 0.9195 0.1819
vn 0.4106 -0.8934 0.1821
vn 0.4005 -0.8977 0.1837
vn 0.4042 -0.8960 0.1838
vn 0.4108 -0.8934 0.1817
vn 0.3630 -0.9136 -0.1831
vn 0.3702 -0.9107 -0.1832
vn 0.3701 -0.9108 -0.1827
vn 0.3588 -0.9155 -0.1820
vn 0.3906 -0.9017 0.1854
vn 0.3957 -0.9000 0.1830
vn 0.3735 -0.9087 -0.1862
vn 0.3767 -0.9068 -0.1892
vn 0.4123 -0.7205 0.5575
vn 0.4166 -0.8907 0.1819
vn 0.4199 -0.8894 0.1809
vn 0.3536 -0.9177 -0.1812
vn 0.3499 -0.9191 -0.1809
vn 0.2344 -0.7964 -0.5575
vn 0.2345 -0.7964 -0.5575
vn 0.2597 -0.7856 -0.5616
vn 0.2597 -0.7857 -0.5615
vn 0.2851 -0.7748 -0.5643
vn 0.3106 -0.7639 -0.5657
vn 0.3844 -0.9048 -0.1832
vn 0.3852 -0.9044 -0.1833
vn 0.3851 -0.9045 0.1833
vn 0.3854 -0.9045 0.1828
vn 0.3361 -0.7530 0.5657
vn 0.3362 -0.7530 0.5657
vn 0.3618 -0.7421 0.5643
vn 0.3617 -0.7421 0.5643
vn 0.3871 -0.7313 0.5616
vn 0.3874 -0.7311 0.5616
vn 0.3872 -0.7312 0.5616
vn 0.4404 -0.8799 0.1782
vn 0.4332 -0.8831 0.1802
vn 0.4367 -0.8816 0.1792
vn 0.4448 -0.8790 0.1716
vn 0.3252 -0.9290 -0.1768
vn 0.3353 -0.9248 -0.1799
vn 0.3356 -0.9246 -0.1804
vn 0.3249 -0.9292 -0.1759
vn 0.4273 -0.8862 0.1789
vn 0.4271 -0.8865 0.1782
vn 0.3473 -0.9206 -0.1787
vn 0.3468 -0.9205 -0.1800
vn 0.5107 -0.6785 0.5280
vn 0.5107 -0.6786 0.5279
vn 0.5107 -0.6785 0.5279
vn 0.5110 -0.6782 0.5281
vn 0.4479 -0.8774 0.1718
vn 0.4534 -0.8752 0.1689
vn 0.3178 -0.9320 -0.1746
vn 0.3163 -0.9331 -0.1711
vn 0.1361 -0.8383 -0.5279
vn 0.1601 -0.8281 -0.5373
vn 0.1600 -0.8281 -0.5373
vn 0.1601 -0.8281 -0.5372
vn 0.1845 -0.8177 -0.5453
vn 0.1844 -0.8177 -0.5453
vn 0.2093 -0.8071 -0.5521
vn 0.4375 -0.7098 0.5521
vn 0.4622 -0.6993 0.5453
vn 0.4622 -0.6992 0.5453
vn 0.4866 -0.6888 0.5374
vn 0.4866 -0.6888 0.5373
vn 0.4866 -0.6887 0.5375
vn 0.4710 -0.8680 0.1573
vn 0.4644 -0.8698 0.1667
vn 0.4691 -0.8676 0.1648
vn 0.4730 -0.8671 0.1561
vn 0.2980 -0.9416 -0.1567
vn 0.3043 -0.9378 -0.1669
vn 0.3034 -0.9381 -0.1669
vn 0.2977 -0.9417 -0.1571
vn 0.4595 -0.8719 0.1694
vn 0.4598 -0.8717 0.1698
vn 0.3117 -0.9348 -0.1701
vn 0.3117 -0.9349 -0.1697
vn 0.6018 -0.6397 0.4781
vn 0.6018 -0.6398 0.4781
vn 0.4777 -0.8647 0.1550
vn 0.4822 -0.8629 0.1514
vn 0.2920 -0.9442 -0.1521
vn 0.2911 -0.9445 -0.1525
vn 0.0450 -0.8772 -0.4781
vn 0.0449 -0.8772 -0.4781
vn 0.0451 -0.8772 -0.4781
vn 0.0668 -0.8679 -0.4921
vn 0.0668 -0.8679 -0.4923
vn 0.0892 -0.8583 -0.5054
vn 0.0893 -0.8582 -0.5054
vn 0.0890 -0.8582 -0.5055
vn 0.0895 -0.8583 -0.5053
vn 0.1124 -0.8484 -0.5173
vn 0.5344 -0.6685 0.5172
vn 0.5343 -0.6685 0.5173
vn 0.5574 -0.6587 0.5054
vn 0.5799 -0.6492 0.4922
vn 0.5799 -0.6491 0.4924
vn 0.5799 -0.6491 0.4923
vn 0.4984 -0.8559 0.1382
vn 0.4911 -0.8590 0.1447
vn 0.4947 -0.8575 0.1414
vn 0.5010 -0.8547 0.1359
vn 0.2720 -0.9528 -0.1346
vn 0.2775 -0.9503 -0.1408
vn 0.2744 -0.9512 -0.1414
vn 0.2668 -0.9539 -0.1372
vn 0.4881 -0.8597 0.1508
vn 0.4886 -0.8592 0.1517
vn 0.2817 -0.9474 -0.1518
vn 0.2823 -0.9474 -0.1511
vn 0.6823 -0.6054 0.4098
vn 0.6824 -0.6054 0.4097
vn 0.5058 -0.8527 0.1309
vn 0.5057 -0.8528 0.1307
vn 0.2666 -0.9547 -0.1324
vn 0.2644 -0.9557 -0.1296
vn -0.0355 -0.9115 -0.4098
vn -0.0165 -0.9034 -0.4286
vn -0.0166 -0.9033 -0.4286
vn -0.0165 -0.9034 -0.4285
vn -0.0166 -0.9034 -0.4285
vn 0.0031 -0.8950 -0.4461
vn 0.0030 -0.8950 -0.4461
vn 0.0237 -0.8862 -0.4627
vn 0.0237 -0.8862 -0.4626
vn 0.0238 -0.8862 -0.4627
vn 0.6231 -0.6307 0.4626
vn 0.6436 -0.6219 0.4461
vn 0.6436 -0.6219 0.4462
vn 0.6436 -0.6217 0.4464
vn 0.6635 -0.6133 0.4286
vn 0.6633 -0.6135 0.4285
vn 0.6632 -0.6136 0.4285
vn 0.5212 -0.8457 0.1151
vn 0.5155 -0.8482 0.1217
vn 0.5212 -0.8455 0.1163
vn 0.5247 -0.8445 0.1074
vn 0.2495 -0.9623 -0.1087
vn 0.2565 -0.9593 -0.1179
vn 0.2557 -0.9596 -0.1170
vn 0.2494 -0.9622 -0.1094
vn 0.5109 -0.8508 0.1231
vn 0.5106 -0.8509 0.1238
vn 0.2583 -0.9583 -0.1221
vn 0.2610 -0.9571 -0.1257
vn 0.7489 -0.5770 0.3258
vn 0.7489 -0.5771 0.3258
vn 0.5264 -0.8440 0.1027
vn 0.5256 -0.8446 0.1025
vn 0.2390 -0.9655 -0.1029
vn 0.2399 -0.9652 -0.1040
vn -0.1022 -0.9399 -0.3258
vn -0.0867 -0.9334 -0.3482
vn -0.0869 -0.9334 -0.3481
vn -0.0867 -0.9334 -0.3483
vn -0.0866 -0.9334 -0.3483
vn -0.0707 -0.9265 -0.3696
vn -0.0708 -0.9265 -0.3696
vn -0.0536 -0.9192 -0.3900
vn -0.0536 -0.9192 -0.3901
vn -0.0535 -0.9193 -0.3899
vn -0.0536 -0.9193 -0.3900
vn 0.7004 -0.5977 0.3902
vn 0.7175 -0.5904 0.3696
vn 0.7338 -0.5835 0.3481
vn 0.7337 -0.5836 0.3481
vn 0.7337 -0.5835 0.3481
vn 0.5377 -0.8392 0.0821
vn 0.5339 -0.8405 0.0924
vn 0.5375 -0.8390 0.0844
vn 0.5399 -0.8383 0.0761
vn 0.2275 -0.9705 -0.0803
vn 0.2358 -0.9680 -0.0854
vn 0.2355 -0.9682 -0.0844
vn 0.2285 -0.9702 -0.0802
vn 0.5338 -0.8401 0.0965
vn 0.5346 -0.8395 0.0971
vn 0.2411 -0.9656 -0.0979
vn 0.2416 -0.9655 -0.0974
vn 0.7992 -0.5556 0.2293
vn 0.5420 -0.8374 0.0705
vn 0.5419 -0.8375 0.0706
vn 0.2301 -0.9706 -0.0702
vn 0.2295 -0.9707 -0.0709
vn -0.1525 -0.9613 -0.2293
vn -0.1414 -0.9567 -0.2544
vn -0.1415 -0.9567 -0.2544
vn -0.1415 -0.9567 -0.2545
vn -0.1295 -0.9516 -0.2789
vn -0.1295 -0.9515 -0.2789
vn -0.1164 -0.9459 -0.3027
vn -0.1164 -0.9460 -0.3027
vn -0.1164 -0.9460 -0.3025
vn 0.7631 -0.5711 0.3027
vn 0.7630 -0.5711 0.3027
vn 0.7631 -0.5710 0.3027
vn 0.7763 -0.5653 0.2789
vn 0.7762 -0.5654 0.2789
vn 0.7763 -0.5654 0.2789
vn 0.7883 -0.5602 0.2544
vn 0.5507 -0.8332 0.0497
vn 0.5476 -0.8349 0.0553
vn 0.5485 -0.8346 0.0516
vn 0.5536 -0.8317 0.0413
vn 0.2215 -0.9741 -0.0453
vn 0.2237 -0.9730 -0.0566
vn 0.2245 -0.9729 -0.0548
vn 0.2210 -0.9742 -0.0452
vn 0.5451 -0.8360 0.0622
vn 0.5452 -0.8360 0.0621
vn 0.2265 -0.9721 -0.0609
vn 0.2266 -0.9721 -0.0612
vn 0.8313 -0.5418 0.1239
vn 0.8313 -0.5419 0.1240
vn 0.8312 -0.5419 0.1240
vn 0.5518 -0.8332 0.0350
vn 0.5516 -0.8334 0.0342
vn 0.2181 -0.9754 -0.0326
vn 0.2174 -0.9755 -0.0331
vn -0.1845 -0.9750 -0.1240
vn -0.1783 -0.9723 -0.1509
vn -0.1708 -0.9692 -0.1774
vn -0.1708 -0.9692 -0.1773
vn -0.1708 -0.9692 -0.1775
vn -0.1622 -0.9655 -0.2037
vn -0.1622 -0.9655 -0.2038
vn -0.1622 -0.9655 -0.2036
vn 0.8090 -0.5514 0.2036
vn 0.8176 -0.5477 0.1775
vn 0.8176 -0.5478 0.1775
vn 0.8250 -0.5446 0.1509
vn 0.5580 -0.8298 0.0117
vn 0.5570 -0.8302 0.0212
vn 0.5577 -0.8299 0.0163
vn 0.5579 -0.8299 0.0064
vn 0.2111 -0.9774 -0.0112
vn 0.2134 -0.9767 -0.0209
vn 0.2128 -0.9769 -0.0203
vn 0.5541 -0.8321 0.0235
vn 0.5513 -0.8339 0.0258
vn 0.2136 -0.9765 -0.0281
vn 0.2140 -0.9764 -0.0279
vn 0.8437 -0.5366 0.0139
vn 0.5590 -0.8292 -0.0000
vn 0.5589 -0.8292 -0.0000
vn 0.2101 -0.9777 -0.0004
vn 0.2100 -0.9777 -0.0002
vn -0.1970 -0.9803 -0.0139
vn -0.1957 -0.9798 -0.0416
vn -0.1932 -0.9787 -0.0692
vn -0.1894 -0.9771 -0.0968
vn -0.1895 -0.9771 -0.0968
vn -0.1895 -0.9771 -0.0967
vn 0.8362 -0.5398 0.0967
vn 0.8362 -0.5398 0.0966
vn 0.8400 -0.5382 0.0692
vn 0.8425 -0.5371 0.0416
vn 0.5562 -0.8307 -0.0231
vn 0.5574 -0.8301 -0.0158
vn 0.5573 -0.8301 -0.0209
vn 0.5537 -0.8321 -0.0312
vn 0.2136 -0.9765 0.0281
vn 0.2133 -0.9768 0.0208
vn 0.2127 -0.9769 0.0203
vn 0.2140 -0.9764 0.0279
vn 0.5586 -0.8294 -0.0091
vn 0.5586 -0.8294 -0.0090
vn 0.2111 -0.9774 0.0112
vn 0.2108 -0.9775 0.0110
vn 0.8362 -0.5398 -0.0967
vn 0.5518 -0.8332 -0.0350
vn 0.5517 -0.8333 -0.0343
vn 0.2186 -0.9753 0.0328
vn 0.2179 -0.9754 0.0331
vn -0.1895 -0.9771 0.0967
vn -0.1932 -0.9787 0.0692
vn -0.1957 -0.9798 0.0416
vn -0.1970 -0.9803 0.0139
vn 0.8437 -0.5366 -0.0139
vn 0.8437 -0.5366 -0.0138
vn 0.8425 -0.5371 -0.0416
vn 0.8400 -0.5382 -0.0692
vn 0.5461 -0.8356 -0.0603
vn 0.5483 -0.8347 -0.0519
vn 0.5477 -0.8348 -0.0558
vn 0.5448 -0.8361 -0.0641
vn 0.2265 -0.9721 0.0609
vn 0.2238 -0.9730 0.0566
vn 0.2245 -0.9729 0.0549
vn 0.2266 -0.9721 0.0612
vn 0.5537 -0.8316 -0.0433
vn 0.5503 -0.8339 -0.0421
vn 0.2216 -0.9741 0.0454
vn 0.2211 -0.9742 0.0452
vn 0.8090 -0.5514 -0.2036
vn 0.5420 -0.8374 -0.0705
vn 0.5419 -0.8375 -0.0706
vn 0.2301 -0.9706 0.0700
vn 0.2295 -0.9707 0.0708
vn -0.1622 -0.9655 0.2038
vn -0.1622 -0.9655 0.2036
vn -0.1622 -0.9655 0.2037
vn -0.1709 -0.9692 0.1775
vn -0.1708 -0.9692 0.1775
vn -0.1783 -0.9723 0.1509
vn -0.1845 -0.9750 0.1240
vn 0.8312 -0.5419 -0.1240
vn 0.8250 -0.5446 -0.1508
vn 0.8251 -0.5445 -0.1508
vn 0.8250 -0.5446 -0.1509
vn 0.8176 -0.5477 -0.1775
vn 0.5345 -0.8399 -0.0940
vn 0.5370 -0.8394 -0.0838
vn 0.5343 -0.8402 -0.0924
vn 0.5331 -0.8403 -0.0985
vn 0.2411 -0.9656 0.0979
vn 0.2358 -0.9680 0.0854
vn 0.2353 -0.9683 0.0842
vn 0.2416 -0.9655 0.0976
vn 0.5379 -0.8393 -0.0790
vn 0.5380 -0.8393 -0.0787
vn 0.2278 -0.9704 0.0803
vn 0.2288 -0.9702 0.0802
vn 0.7632 -0.5708 -0.3027
vn 0.7632 -0.5709 -0.3027
vn 0.7631 -0.5710 -0.3027
vn 0.5264 -0.8440 -0.1027
vn 0.5256 -0.8446 -0.1025
vn 0.2390 -0.9656 0.1029
vn 0.2399 -0.9652 0.1040
vn -0.1164 -0.9460 0.3026
vn -0.1164 -0.9459 0.3027
vn -0.1164 -0.9460 0.3027
vn -0.1295 -0.9516 0.2789
vn -0.1295 -0.9515 0.2789
vn -0.1415 -0.9567 0.2544
vn -0.1415 -0.9567 0.2545
vn -0.1525 -0.9613 0.2293
vn 0.7992 -0.5556 -0.2293
vn 0.7883 -0.5602 -0.2544
vn 0.7763 -0.5653 -0.2789
vn 0.7763 -0.5654 -0.2788
vn 0.7763 -0.5654 -0.2789
vn 0.5124 -0.8501 -0.1219
vn 0.5204 -0.8460 -0.1162
vn 0.5173 -0.8470 -0.1225
vn 0.5101 -0.8508 -0.1259
vn 0.2603 -0.9576 0.1234
vn 0.2566 -0.9593 0.1179
vn 0.2558 -0.9596 0.1168
vn 0.2605 -0.9575 0.1238
vn 0.5261 -0.8430 -0.1124
vn 0.5243 -0.8447 -0.1074
vn 0.2494 -0.9623 0.1087
vn 0.2494 -0.9622 0.1094
vn 0.7004 -0.5977 -0.3901
vn 0.5058 -0.8527 -0.1309
vn 0.5058 -0.8527 -0.1308
vn 0.2658 -0.9551 0.1307
vn 0.2656 -0.9552 0.1308
vn -0.0534 -0.9192 0.3901
vn -0.0536 -0.9192 0.3901
vn -0.0706 -0.9264 0.3697
vn -0.0706 -0.9264 0.3698
vn -0.0707 -0.9265 0.3697
vn -0.0705 -0.9265 0.3697
vn -0.0869 -0.9334 0.3481
vn -0.0870 -0.9334 0.3481
vn -0.1022 -0.9399 0.3258
vn 0.7489 -0.5770 -0.3258
vn 0.7338 -0.5835 -0.3481
vn 0.7337 -0.5835 -0.3481
vn 0.7175 -0.5904 -0.3696
vn 0.4900 -0.8589 -0.1488
vn 0.4941 -0.8578 -0.1417
vn 0.4912 -0.8590 -0.1446
vn 0.4874 -0.8598 -0.1521
vn 0.2820 -0.9474 0.1517
vn 0.2782 -0.9500 0.1417
vn 0.2764 -0.9507 0.1406
vn 0.2824 -0.9474 0.1508
vn 0.4995 -0.8554 -0.1370
vn 0.4996 -0.8554 -0.1369
vn 0.2724 -0.9526 0.1355
vn 0.2706 -0.9533 0.1340
vn 0.6231 -0.6307 -0.4626
vn 0.4794 -0.8642 -0.1529
vn 0.4798 -0.8642 -0.1517
vn 0.2924 -0.9441 0.1522
vn 0.2912 -0.9444 0.1525
vn 0.0237 -0.8862 0.4627
vn 0.0237 -0.8862 0.4628
vn 0.0237 -0.8863 0.4626
vn 0.0031 -0.8950 0.4461
vn -0.0166 -0.9034 0.4285
vn -0.0165 -0.9034 0.4285
vn -0.0355 -0.9115 0.4098
vn -0.0355 -0.9115 0.4097
vn 0.6823 -0.6054 -0.4098
vn 0.6635 -0.6133 -0.4285
vn 0.6636 -0.6134 -0.4282
vn 0.6635 -0.6132 -0.4287
vn 0.6634 -0.6133 -0.4286
vn 0.6436 -0.6219 -0.4461
vn 0.4611 -0.8713 -0.1682
vn 0.4699 -0.8672 -0.1649
vn 0.4640 -0.8699 -0.1671
vn 0.4580 -0.8724 -0.1709
vn 0.3118 -0.9349 0.1698
vn 0.3041 -0.9380 0.1663
vn 0.3034 -0.9382 0.1663
vn 0.3118 -0.9349 0.1695
vn 0.4705 -0.8679 -0.1591
vn 0.4709 -0.8680 -0.1578
vn 0.2975 -0.9418 0.1566
vn 0.2974 -0.9417 0.1572
vn 0.5343 -0.6685 -0.5173
vn 0.5343 -0.6684 -0.5175
vn 0.4500 -0.8767 -0.1698
vn 0.4504 -0.8768 -0.1686
vn 0.3182 -0.9318 0.1747
vn 0.3164 -0.9331 0.1710
vn 0.1124 -0.8484 0.5172
vn 0.1124 -0.8484 0.5173
vn 0.0890 -0.8582 0.5055
vn 0.0893 -0.8582 0.5054
vn 0.0899 -0.8584 0.5050
vn 0.0668 -0.8678 0.4923
vn 0.0668 -0.8680 0.4921
vn 0.0668 -0.8682 0.4917
vn 0.0449 -0.8772 0.4781
vn 0.0448 -0.8772 0.4780
vn 0.6017 -0.6397 -0.4782
vn 0.6018 -0.6397 -0.4781
vn 0.6017 -0.6398 -0.4781
vn 0.5799 -0.6492 -0.4923
vn 0.5799 -0.6491 -0.4923
vn 0.5799 -0.6492 -0.4922
vn 0.5574 -0.6587 -0.5054
vn 0.4288 -0.8857 -0.1781
vn 0.4373 -0.8814 -0.1785
vn 0.4342 -0.8826 -0.1803
vn 0.4248 -0.8872 -0.1800
vn 0.3473 -0.9206 0.1787
vn 0.3353 -0.9248 0.1799
vn 0.3356 -0.9246 0.1804
vn 0.3468 -0.9205 0.1799
vn 0.4405 -0.8804 -0.1757
vn 0.4403 -0.8803 -0.1769
vn 0.3252 -0.9290 0.1768
vn 0.3249 -0.9293 0.1758
vn 0.4374 -0.7099 -0.5521
vn 0.4374 -0.7098 -0.5521
vn 0.4185 -0.8900 -0.1811
vn 0.4184 -0.8901 -0.1810
vn 0.3516 -0.9186 0.1807
vn 0.3516 -0.9185 0.1809
vn 0.2093 -0.8071 0.5521
vn 0.1845 -0.8177 0.5454
vn 0.1845 -0.8177 0.5453
vn 0.1846 -0.8176 0.5454
vn 0.1600 -0.8281 0.5373
vn 0.1601 -0.8281 0.5373
vn 0.1600 -0.8281 0.5372
vn 0.1596 -0.8281 0.5374
vn 0.1361 -0.8383 0.5279
vn 0.1360 -0.8386 0.5276
vn 0.5107 -0.6786 -0.5279
vn 0.5108 -0.6785 -0.5279
vn 0.4866 -0.6888 -0.5374
vn 0.4866 -0.6887 -0.5375
vn 0.4867 -0.6889 -0.5371
vn 0.4622 -0.6991 -0.5455
vn 0.4622 -0.6993 -0.5453
vn 0.4623 -0.6993 -0.5453
vn 0.3966 -0.8995 -0.1835
vn 0.4038 -0.8962 -0.1835
vn 0.4001 -0.8978 -0.1840
vn 0.3904 -0.9019 -0.1847
vn 0.3736 -0.9087 0.1863
vn 0.3704 -0.9106 0.1834
vn 0.3705 -0.9106 0.1831
vn 0.3747 -0.9079 0.1881
vn 0.4106 -0.8935 -0.1818
vn 0.4106 -0.8935 -0.1821
vn 0.3611 -0.9146 0.1820
vn 0.3609 -0.9147 0.1820
vn 0.3361 -0.7530 -0.5657
vn 0.3362 -0.7529 -0.5657
vn 0.3861 -0.9041 -0.1834
vn 0.3859 -0.9042 -0.1828
vn 0.3841 -0.9049 0.1833
vn 0.3844 -0.9047 0.1837
vn 0.3106 -0.7639 0.5657
vn 0.2851 -0.7748 0.5643
vn 0.2851 -0.7748 0.5642
vn 0.2597 -0.7856 0.5616
vn 0.2344 -0.7964 0.5575
vn 0.2343 -0.7964 0.5575
vn 0.4123 -0.7205 -0.5575
vn 0.3872 -0.7313 -0.5615
vn 0.3871 -0.7313 -0.5616
vn 0.3872 -0.7313 -0.5616
vn 0.3872 -0.7312 -0.5616
vn 0.3618 -0.7421 -0.5643
vn 0.3617 -0.7421 -0.5643
vn 0.3623 -0.9134 -0.1857
vn 0.3706 -0.9098 -0.1870
vn 0.3666 -0.9114 -0.1869
vn 0.3577 -0.9151 -0.1861
vn 0.4108 -0.8935 0.1815
vn 0.4018 -0.8964 0.1874
vn 0.4013 -0.8964 0.1882
vn 0.4113 -0.8932 0.1820
vn 0.3759 -0.9071 -0.1893
vn 0.3774 -0.9065 -0.1894
vn 0.3961 -0.8999 0.1825
vn 0.3927 -0.9013 0.1827
vn 0.3522 -0.9183 -0.1807
vn 0.3526 -0.9183 -0.1799
vn 0.4191 -0.8898 0.1808
vn 0.4190 -0.8898 0.1811
vn 0.4124 -0.7205 0.5575
vn 0.4123 -0.7205 0.5576
vn 0.4123 -0.7206 0.5575
vn 0.3363 -0.7529 0.5657
vn 0.3363 -0.7530 0.5657
vn 0.2851 -0.7748 -0.5642
vn 0.3308 -0.9270 -0.1769
vn 0.3384 -0.9243 -0.1763
vn 0.3331 -0.9263 -0.1759
vn 0.3240 -0.9293 -0.1772
vn 0.4412 -0.8807 0.1725
vn 0.4328 -0.8841 0.1760
vn 0.4326 -0.8842 0.1763
vn 0.4407 -0.8810 0.1722
vn 0.3418 -0.9228 -0.1779
vn 0.3436 -0.9222 -0.1776
vn 0.4269 -0.8867 0.1777
vn 0.4260 -0.8871 0.1775
vn 0.3162 -0.9331 -0.1713
vn 0.3160 -0.9332 -0.1710
vn 0.4500 -0.8768 0.1694
vn 0.4500 -0.8768 0.1697
vn 0.4866 -0.6889 0.5373
vn 0.4374 -0.7098 0.5521
vn 0.4374 -0.7098 0.5522
vn 0.3000 -0.9406 -0.1592
vn 0.3078 -0.9372 -0.1639
vn 0.3035 -0.9391 -0.1614
vn 0.2964 -0.9421 -0.1569
vn 0.4767 -0.8642 0.1611
vn 0.4677 -0.8691 0.1611
vn 0.4680 -0.8689 0.1611
vn 0.4758 -0.8644 0.1626
vn 0.3139 -0.9349 -0.1655
vn 0.3134 -0.9351 -0.1652
vn 0.4584 -0.8733 0.1651
vn 0.4580 -0.8735 0.1650
vn 0.0450 -0.8771 -0.4781
vn 0.2915 -0.9444 -0.1520
vn 0.2914 -0.9444 -0.1523
vn 0.4799 -0.8630 0.1580
vn 0.4803 -0.8628 0.1576
vn 0.6018 -0.6397 0.4782
vn 0.5803 -0.6489 0.4921
vn 0.5800 -0.6491 0.4922
vn 0.0894 -0.8582 -0.5054
vn 0.0894 -0.8582 -0.5055
vn 0.2729 -0.9517 -0.1410
vn 0.2779 -0.9494 -0.1464
vn 0.2748 -0.9506 -0.1446
vn 0.2691 -0.9537 -0.1346
vn 0.4992 -0.8558 0.1357
vn 0.4956 -0.8563 0.1456
vn 0.4966 -0.8557 0.1452
vn 0.5002 -0.8553 0.1354
vn 0.2840 -0.9474 -0.1473
vn 0.2841 -0.9475 -0.1464
vn 0.4845 -0.8616 0.1515
vn 0.4848 -0.8619 0.1487
vn -0.0355 -0.9115 -0.4099
vn 0.2652 -0.9553 -0.1306
vn 0.2653 -0.9554 -0.1300
vn 0.5054 -0.8530 0.1305
vn 0.5058 -0.8527 0.1308
vn 0.6823 -0.6054 0.4097
vn 0.6435 -0.6220 0.4460
vn 0.6230 -0.6307 0.4627
vn 0.0237 -0.8863 -0.4626
vn 0.0237 -0.8863 -0.4624
vn 0.2480 -0.9619 -0.1147
vn 0.2553 -0.9591 -0.1222
vn 0.2505 -0.9613 -0.1149
vn 0.2444 -0.9635 -0.1094
vn 0.5210 -0.8465 0.1095
vn 0.5183 -0.8466 0.1207
vn 0.5189 -0.8462 0.1210
vn 0.5215 -0.8462 0.1096
vn 0.2565 -0.9583 -0.1256
vn 0.2552 -0.9588 -0.1247
vn 0.5137 -0.8484 0.1277
vn 0.5129 -0.8490 0.1268
vn -0.1021 -0.9399 -0.3258
vn 0.2423 -0.9650 -0.0999
vn 0.2428 -0.9650 -0.0994
vn 0.5264 -0.8442 0.1012
vn 0.5267 -0.8440 0.1011
vn -0.0536 -0.9192 -0.3902
vn -0.0870 -0.9334 -0.3481
vn 0.2333 -0.9691 -0.0798
vn 0.2344 -0.9679 -0.0906
vn 0.2318 -0.9688 -0.0874
vn 0.2303 -0.9701 -0.0765
vn 0.5434 -0.8358 0.0785
vn 0.5374 -0.8387 0.0885
vn 0.5379 -0.8383 0.0889
vn 0.5386 -0.8390 0.0774
vn 0.2409 -0.9660 -0.0944
vn 0.2419 -0.9655 -0.0963
vn 0.5354 -0.8390 0.0969
vn 0.5299 -0.8423 0.0984
vn -0.1526 -0.9613 -0.2293
vn -0.1525 -0.9613 -0.2294
vn 0.2258 -0.9715 -0.0725
vn 0.2257 -0.9714 -0.0737
vn 0.5465 -0.8345 0.0707
vn 0.5455 -0.8350 0.0719
vn 0.7991 -0.5558 0.2293
vn 0.7993 -0.5555 0.2292
vn 0.7763 -0.5653 0.2790
vn 0.7632 -0.5709 0.3027
vn 0.2163 -0.9752 -0.0475
vn 0.2251 -0.9728 -0.0541
vn 0.2206 -0.9741 -0.0503
vn 0.2178 -0.9751 -0.0420
vn 0.5492 -0.8344 0.0458
vn 0.5479 -0.8348 0.0539
vn 0.5477 -0.8349 0.0540
vn 0.5497 -0.8341 0.0460
vn 0.2263 -0.9720 -0.0638
vn 0.2262 -0.9719 -0.0651
vn 0.5451 -0.8361 0.0615
vn 0.5455 -0.8358 0.0616
vn -0.1844 -0.9750 -0.1239
vn 0.2196 -0.9748 -0.0390
vn 0.2159 -0.9756 -0.0397
vn 0.5559 -0.8304 0.0365
vn 0.5552 -0.8309 0.0365
vn 0.8312 -0.5419 0.1239
vn 0.8312 -0.5419 0.1241
vn 0.8090 -0.5514 0.2037
vn -0.1623 -0.9655 -0.2036
vn -0.1624 -0.9655 -0.2036
vn -0.1622 -0.9655 -0.2035
vn -0.1710 -0.9691 -0.1776
vn -0.1709 -0.9692 -0.1775
vn 0.2137 -0.9768 -0.0135
vn 0.2133 -0.9767 -0.0217
vn 0.2134 -0.9769 -0.0146
vn 0.2137 -0.9769 -0.0045
vn 0.5544 -0.8322 0.0096
vn 0.5576 -0.8299 0.0191
vn 0.5583 -0.8294 0.0196
vn 0.5547 -0.8320 0.0090
vn 0.2140 -0.9764 -0.0280
vn 0.2137 -0.9765 -0.0284
vn 0.5575 -0.8298 0.0260
vn 0.5542 -0.8320 0.0235
vn 0.2144 -0.9767 -0.0000
vn 0.2102 -0.9777 -0.0000
vn 0.5549 -0.8319 -0.0000
vn 0.8437 -0.5367 0.0139
vn 0.8438 -0.5366 0.0139
vn 0.8436 -0.5367 0.0139
vn 0.8363 -0.5397 0.0965
vn 0.8364 -0.5396 0.0965
vn 0.8364 -0.5396 0.0963
vn -0.1932 -0.9787 -0.0693
vn 0.2139 -0.9765 0.0254
vn 0.2127 -0.9770 0.0146
vn 0.2134 -0.9767 0.0217
vn 0.2147 -0.9762 0.0300
vn 0.5576 -0.8297 -0.0263
vn 0.5577 -0.8299 -0.0190
vn 0.5583 -0.8294 -0.0195
vn 0.5550 -0.8315 -0.0234
vn 0.2109 -0.9774 0.0110
vn 0.2105 -0.9775 0.0099
vn 0.5544 -0.8322 -0.0096
vn 0.5547 -0.8320 -0.0090
vn -0.1895 -0.9771 0.0966
vn 0.2196 -0.9748 0.0390
vn 0.2158 -0.9756 0.0396
vn 0.5558 -0.8305 -0.0367
vn 0.5551 -0.8310 -0.0364
vn 0.8362 -0.5398 -0.0968
vn 0.8436 -0.5367 -0.0139
vn -0.1957 -0.9798 0.0417
vn -0.1958 -0.9798 0.0417
vn -0.1932 -0.9787 0.0693
vn -0.1933 -0.9787 0.0694
vn 0.2264 -0.9721 0.0614
vn 0.2206 -0.9741 0.0505
vn 0.2253 -0.9727 0.0558
vn 0.2257 -0.9720 0.0658
vn 0.5451 -0.8361 -0.0615
vn 0.5479 -0.8348 -0.0539
vn 0.5478 -0.8349 -0.0540
vn 0.5455 -0.8358 -0.0616
vn 0.2171 -0.9752 0.0437
vn 0.2174 -0.9751 0.0431
vn 0.5493 -0.8344 -0.0457
vn 0.5497 -0.8341 -0.0459
vn -0.1623 -0.9655 0.2036
vn -0.1622 -0.9655 0.2035
vn 0.2257 -0.9715 0.0725
vn 0.2258 -0.9714 0.0736
vn 0.5466 -0.8344 -0.0707
vn 0.5455 -0.8350 -0.0719
vn 0.8090 -0.5514 -0.2037
vn 0.8176 -0.5478 -0.1775
vn 0.8312 -0.5419 -0.1241
vn -0.1844 -0.9750 0.1240
vn -0.1784 -0.9723 0.1509
vn -0.1709 -0.9692 0.1774
vn 0.2406 -0.9662 0.0927
vn 0.2321 -0.9689 0.0860
vn 0.2331 -0.9683 0.0899
vn 0.2407 -0.9657 0.0979
vn 0.5354 -0.8390 -0.0969
vn 0.5374 -0.8387 -0.0885
vn 0.5379 -0.8383 -0.0889
vn 0.5298 -0.8424 -0.0984
vn 0.2326 -0.9694 0.0787
vn 0.2343 -0.9690 0.0783
vn 0.5425 -0.8366 -0.0764
vn 0.5387 -0.8389 -0.0777
vn 0.2423 -0.9650 0.0999
vn 0.2428 -0.9650 0.0994
vn 0.5264 -0.8442 -0.1012
vn 0.5267 -0.8440 -0.1011
vn 0.7631 -0.5711 -0.3027
vn 0.7630 -0.5712 -0.3027
vn 0.7762 -0.5654 -0.2789
vn 0.7881 -0.5604 -0.2545
vn 0.7993 -0.5554 -0.2294
vn 0.7992 -0.5556 -0.2292
vn -0.1524 -0.9613 0.2294
vn -0.1525 -0.9613 0.2294
vn -0.1295 -0.9516 0.2788
vn -0.1295 -0.9516 0.2787
vn -0.1296 -0.9515 0.2789
vn 0.2560 -0.9587 0.1236
vn 0.2543 -0.9603 0.1144
vn 0.2555 -0.9592 0.1208
vn 0.2574 -0.9579 0.1272
vn 0.5126 -0.8489 -0.1286
vn 0.5183 -0.8466 -0.1208
vn 0.5187 -0.8463 -0.1213
vn 0.5127 -0.8491 -0.1272
vn 0.2451 -0.9630 0.1120
vn 0.2443 -0.9632 0.1117
vn 0.5210 -0.8465 -0.1096
vn 0.5215 -0.8462 -0.1095
vn -0.0537 -0.9192 0.3901
vn -0.0540 -0.9194 0.3897
vn 0.2653 -0.9553 0.1305
vn 0.2653 -0.9554 0.1296
vn 0.5054 -0.8530 -0.1305
vn 0.7004 -0.5977 -0.3902
vn -0.0708 -0.9265 0.3696
vn 0.2810 -0.9485 0.1461
vn 0.2741 -0.9509 0.1438
vn 0.2772 -0.9496 0.1466
vn 0.2866 -0.9462 0.1503
vn 0.4843 -0.8621 -0.1491
vn 0.4953 -0.8565 -0.1452
vn 0.4961 -0.8560 -0.1454
vn 0.4856 -0.8616 -0.1481
vn 0.2731 -0.9518 0.1392
vn 0.2741 -0.9518 0.1375
vn 0.4995 -0.8557 -0.1349
vn 0.5011 -0.8548 -0.1352
vn 0.0237 -0.8862 0.4626
vn 0.2915 -0.9444 0.1520
vn 0.2912 -0.9445 0.1521
vn 0.4795 -0.8632 -0.1581
vn 0.4803 -0.8628 -0.1577
vn 0.6633 -0.6135 -0.4285
vn 0.6823 -0.6054 -0.4097
vn -0.0354 -0.9115 0.4098
vn 0.3089 -0.9365 0.1660
vn 0.3034 -0.9392 0.1609
vn 0.3084 -0.9370 0.1642
vn 0.3165 -0.9332 0.1702
vn 0.4584 -0.8732 -0.1657
vn 0.4663 -0.8698 -0.1614
vn 0.4662 -0.8699 -0.1612
vn 0.4583 -0.8732 -0.1657
vn 0.2986 -0.9412 0.1579
vn 0.2988 -0.9412 0.1577
vn 0.4742 -0.8650 -0.1639
vn 0.4715 -0.8666 -0.1633
vn 0.3162 -0.9331 0.1713
vn 0.3160 -0.9329 0.1725
vn 0.4501 -0.8768 -0.1694
vn 0.4500 -0.8768 -0.1697
vn 0.5574 -0.6588 -0.5053
vn 0.5799 -0.6491 -0.4924
vn 0.5803 -0.6489 -0.4921
vn 0.5800 -0.6491 -0.4922
vn 0.0449 -0.8771 0.4782
vn 0.0670 -0.8678 0.4924
vn 0.0668 -0.8678 0.4924
vn 0.0671 -0.8677 0.4925
vn 0.0893 -0.8582 0.5055
vn 0.0890 -0.8583 0.5053
vn 0.3407 -0.9230 0.1790
vn 0.3334 -0.9263 0.1754
vn 0.3390 -0.9239 0.1774
vn 0.3470 -0.9207 0.1786
vn 0.4268 -0.8867 -0.1777
vn 0.4328 -0.8842 -0.1759
vn 0.4326 -0.8842 -0.1762
vn 0.4259 -0.8872 -0.1776
vn 0.3274 -0.9278 0.1787
vn 0.3302 -0.9270 0.1779
vn 0.4411 -0.8807 -0.1726
vn 0.4404 -0.8810 -0.1727
vn 0.2092 -0.8071 0.5521
vn 0.3524 -0.9182 0.1807
vn 0.3530 -0.9181 0.1800
vn 0.4189 -0.8899 -0.1808
vn 0.4189 -0.8898 -0.1811
vn 0.4866 -0.6888 -0.5373
vn 0.4866 -0.6889 -0.5373
vn 0.1599 -0.8281 0.5374
vn 0.1601 -0.8281 0.5372
vn 0.3785 -0.9062 0.1886
vn 0.3663 -0.9116 0.1866
vn 0.3704 -0.9098 0.1872
vn 0.3788 -0.9062 0.1879
vn 0.3977 -0.8986 -0.1855
vn 0.4020 -0.8963 -0.1874
vn 0.4019 -0.8961 -0.1883
vn 0.3903 -0.9020 -0.1846
vn 0.3606 -0.9140 0.1861
vn 0.3605 -0.9139 0.1868
vn 0.4108 -0.8935 -0.1814
vn 0.4113 -0.8932 -0.1820
vn 0.3105 -0.7639 0.5657
vn 0.3362 -0.7530 -0.5656
vn 0.3360 -0.7531 -0.5657
vn 0.3616 -0.7422 -0.5643
vn 0.3618 -0.7420 -0.5643
vn 0.3870 -0.7313 -0.5616
vn 0.2345 -0.7965 0.5574
vn 0.2344 -0.7965 0.5573
vn 0.2347 -0.7964 0.5573
vn 0.2598 -0.7856 0.5616
vn 0.2597 -0.7856 0.5615
vn 0.2851 -0.7747 0.5644
vn 0.2850 -0.7747 0.5644
vn -0.3355 0.9246 0.1806
vn -0.3381 0.9238 0.1797
vn -0.3297 0.9279 0.1743
vn -0.3262 0.9292 0.1735
vn -0.3401 0.9231 0.1796
vn -0.3482 0.9201 0.1794
vn -0.4330 0.8841 -0.1756
vn -0.4325 0.8840 -0.1774
vn -0.4427 0.8797 -0.1736
vn -0.4427 0.8796 -0.1741
vn -0.4255 0.8864 -0.1825
vn -0.4290 0.8849 -0.1815
vn -0.1361 0.8383 0.5280
vn -0.1361 0.8383 0.5279
vn -0.1601 0.8281 0.5373
vn -0.1845 0.8177 0.5453
vn -0.1844 0.8176 0.5454
vn -0.2093 0.8071 0.5521
vn -0.2093 0.8070 0.5522
vn -0.4374 0.7098 -0.5522
vn -0.4374 0.7098 -0.5521
vn -0.4622 0.6993 -0.5453
vn -0.4622 0.6993 -0.5452
vn -0.4623 0.6993 -0.5452
vn -0.4866 0.6888 -0.5373
vn -0.5107 0.6786 -0.5279
vn -0.5106 0.6787 -0.5279
vn -0.4545 0.8742 -0.1710
vn -0.4471 0.8777 -0.1725
vn -0.3202 0.9308 0.1761
vn -0.3222 0.9306 0.1738
vn -0.3024 0.9389 0.1645
vn -0.3056 0.9376 0.1661
vn -0.2983 0.9406 0.1621
vn -0.2947 0.9421 0.1601
vn -0.3113 0.9350 0.1697
vn -0.3114 0.9351 0.1694
vn -0.4667 0.8686 -0.1665
vn -0.4665 0.8689 -0.1658
vn -0.4703 0.8680 -0.1593
vn -0.4749 0.8659 -0.1570
vn -0.4554 0.8738 -0.1706
vn -0.4622 0.8707 -0.1682
vn -0.0449 0.8772 0.4781
vn -0.0669 0.8679 0.4923
vn -0.0669 0.8678 0.4923
vn -0.0894 0.8582 0.5054
vn -0.0893 0.8583 0.5054
vn -0.0893 0.8582 0.5055
vn -0.1124 0.8484 0.5173
vn -0.1125 0.8484 0.5173
vn -0.5343 0.6685 -0.5173
vn -0.5574 0.6587 -0.5054
vn -0.5800 0.6491 -0.4922
vn -0.5799 0.6491 -0.4923
vn -0.6018 0.6397 -0.4781
vn -0.6018 0.6398 -0.4780
vn -0.6018 0.6398 -0.4781
vn -0.4802 0.8640 -0.1514
vn -0.4789 0.8645 -0.1526
vn -0.2888 0.9445 0.1564
vn -0.2887 0.9445 0.1565
vn -0.2752 0.9510 0.1412
vn -0.2803 0.9492 0.1428
vn -0.2736 0.9522 0.1356
vn -0.2740 0.9519 0.1375
vn -0.2819 0.9475 0.1511
vn -0.2824 0.9474 0.1509
vn -0.4950 0.8565 -0.1463
vn -0.4949 0.8564 -0.1473
vn -0.5014 0.8539 -0.1394
vn -0.5012 0.8541 -0.1392
vn -0.4871 0.8600 -0.1522
vn -0.4898 0.8590 -0.1490
vn 0.0355 0.9115 0.4097
vn 0.0355 0.9115 0.4098
vn 0.0165 0.9034 0.4285
vn 0.0166 0.9034 0.4285
vn 0.0164 0.9034 0.4285
vn -0.0030 0.8950 0.4461
vn -0.0032 0.8950 0.4461
vn -0.0237 0.8862 0.4626
vn -0.0238 0.8862 0.4626
vn -0.0237 0.8863 0.4625
vn -0.6231 0.6307 -0.4626
vn -0.6436 0.6219 -0.4461
vn -0.6634 0.6134 -0.4286
vn -0.6632 0.6135 -0.4286
vn -0.6634 0.6135 -0.4284
vn -0.6823 0.6054 -0.4099
vn -0.6823 0.6054 -0.4098
vn -0.5094 0.8505 -0.1312
vn -0.5060 0.8520 -0.1346
vn -0.2610 0.9566 0.1296
vn -0.2640 0.9550 0.1355
vn -0.2535 0.9607 0.1133
vn -0.2553 0.9593 0.1209
vn -0.2500 0.9621 0.1089
vn -0.2496 0.9621 0.1096
vn -0.2614 0.9572 0.1241
vn -0.2606 0.9575 0.1240
vn -0.5186 0.8473 -0.1144
vn -0.5181 0.8476 -0.1147
vn -0.5208 0.8459 -0.1154
vn -0.5256 0.8438 -0.1080
vn -0.5100 0.8505 -0.1287
vn -0.5153 0.8484 -0.1213
vn 0.1022 0.9399 0.3258
vn 0.0869 0.9334 0.3481
vn 0.0708 0.9265 0.3696
vn 0.0708 0.9265 0.3695
vn 0.0536 0.9192 0.3901
vn 0.0536 0.9192 0.3902
vn -0.7004 0.5977 -0.3902
vn -0.7175 0.5904 -0.3696
vn -0.7337 0.5835 -0.3482
vn -0.7337 0.5835 -0.3481
vn -0.7489 0.5770 -0.3258
vn -0.5296 0.8416 -0.1062
vn -0.5298 0.8416 -0.1049
vn -0.2397 0.9656 0.1012
vn -0.2444 0.9637 0.1074
vn -0.2345 0.9684 0.0845
vn -0.2374 0.9673 0.0891
vn -0.2327 0.9694 0.0777
vn -0.2326 0.9695 0.0772
vn -0.2423 0.9655 0.0957
vn -0.2416 0.9655 0.0975
vn -0.5342 0.8410 -0.0854
vn -0.5358 0.8402 -0.0835
vn -0.5375 0.8393 -0.0812
vn -0.5402 0.8381 -0.0759
vn -0.5296 0.8426 -0.0976
vn -0.5318 0.8418 -0.0924
vn 0.1524 0.9613 0.2293
vn 0.1524 0.9614 0.2291
vn 0.1414 0.9567 0.2544
vn 0.1415 0.9567 0.2544
vn 0.1420 0.9566 0.2546
vn 0.1295 0.9516 0.2789
vn 0.1295 0.9515 0.2789
vn 0.1164 0.9459 0.3027
vn 0.1164 0.9460 0.3027
vn 0.1165 0.9459 0.3028
vn -0.7631 0.5710 -0.3028
vn -0.7631 0.5710 -0.3027
vn -0.7632 0.5709 -0.3028
vn -0.7632 0.5707 -0.3029
vn -0.7763 0.5654 -0.2789
vn -0.7762 0.5654 -0.2789
vn -0.7883 0.5602 -0.2544
vn -0.7992 0.5556 -0.2293
vn -0.5462 0.8345 -0.0726
vn -0.5446 0.8354 -0.0744
vn -0.2276 0.9714 0.0682
vn -0.2297 0.9706 0.0723
vn -0.2188 0.9745 0.0495
vn -0.2234 0.9730 0.0575
vn -0.2167 0.9751 0.0469
vn -0.2171 0.9751 0.0461
vn -0.2268 0.9720 0.0616
vn -0.2267 0.9720 0.0612
vn -0.5512 0.8325 -0.0556
vn -0.5506 0.8329 -0.0567
vn -0.5519 0.8324 -0.0494
vn -0.5527 0.8323 -0.0412
vn -0.5472 0.8345 -0.0648
vn -0.5482 0.8341 -0.0612
vn 0.1844 0.9750 0.1240
vn 0.1845 0.9750 0.1240
vn 0.1845 0.9750 0.1241
vn 0.1784 0.9723 0.1510
vn 0.1783 0.9723 0.1509
vn 0.1709 0.9692 0.1775
vn 0.1709 0.9692 0.1774
vn 0.1621 0.9656 0.2034
vn 0.1621 0.9656 0.2032
vn 0.1620 0.9656 0.2034
vn 0.1622 0.9655 0.2036
vn -0.8090 0.5514 -0.2036
vn -0.8177 0.5477 -0.1775
vn -0.8179 0.5474 -0.1775
vn -0.8177 0.5476 -0.1775
vn -0.8176 0.5477 -0.1775
vn -0.8250 0.5446 -0.1509
vn -0.8250 0.5446 -0.1510
vn -0.8312 0.5420 -0.1243
vn -0.8312 0.5419 -0.1240
vn -0.8315 0.5415 -0.1241
vn -0.5513 0.8336 -0.0345
vn -0.5515 0.8334 -0.0352
vn -0.2189 0.9752 0.0335
vn -0.2203 0.9747 0.0390
vn -0.2133 0.9769 0.0143
vn -0.2152 0.9763 0.0230
vn -0.2179 0.9759 0.0079
vn -0.2173 0.9761 0.0076
vn -0.2177 0.9757 0.0264
vn -0.2174 0.9757 0.0266
vn -0.5545 0.8319 -0.0215
vn -0.5534 0.8327 -0.0199
vn -0.5582 0.8296 -0.0121
vn -0.5581 0.8297 -0.0065
vn -0.5537 0.8321 -0.0311
vn -0.5543 0.8320 -0.0224
vn 0.1970 0.9803 0.0139
vn 0.1957 0.9798 0.0416
vn 0.1932 0.9787 0.0692
vn 0.1895 0.9771 0.0967
vn 0.1895 0.9771 0.0968
vn -0.8361 0.5400 -0.0965
vn -0.8362 0.5399 -0.0967
vn -0.8363 0.5397 -0.0965
vn -0.8364 0.5396 -0.0963
vn -0.8400 0.5382 -0.0692
vn -0.8400 0.5382 -0.0690
vn -0.8425 0.5371 -0.0416
vn -0.8437 0.5367 -0.0138
vn -0.8437 0.5366 -0.0139
vn -0.8436 0.5368 -0.0139
vn -0.5589 0.8292 -0.0000
vn -0.5590 0.8292 -0.0000
vn -0.2159 0.9764 -0.0036
vn -0.2157 0.9765 0.0037
vn -0.2140 0.9767 -0.0159
vn -0.2142 0.9767 -0.0149
vn -0.2178 0.9756 -0.0265
vn -0.2175 0.9757 -0.0269
vn -0.2181 0.9759 -0.0091
vn -0.2176 0.9760 -0.0099
vn -0.5545 0.8319 0.0214
vn -0.5534 0.8327 0.0199
vn -0.5544 0.8320 0.0225
vn -0.5536 0.8322 0.0311
vn -0.5581 0.8298 0.0065
vn -0.5582 0.8296 0.0121
vn 0.1895 0.9771 -0.0968
vn 0.1895 0.9771 -0.0967
vn 0.1895 0.9771 -0.0969
vn 0.1932 0.9787 -0.0692
vn 0.1957 0.9798 -0.0416
vn 0.1970 0.9803 -0.0139
vn -0.8438 0.5365 0.0140
vn -0.8436 0.5368 0.0139
vn -0.8437 0.5366 0.0138
vn -0.8437 0.5366 0.0139
vn -0.8425 0.5371 0.0416
vn -0.8400 0.5382 0.0692
vn -0.8400 0.5382 0.0693
vn -0.8359 0.5402 0.0970
vn -0.8362 0.5398 0.0967
vn -0.8362 0.5398 0.0969
vn -0.5513 0.8336 0.0347
vn -0.5516 0.8334 0.0352
vn -0.2200 0.9747 -0.0394
vn -0.2182 0.9753 -0.0333
vn -0.2230 0.9731 -0.0573
vn -0.2198 0.9743 -0.0489
vn -0.2270 0.9719 -0.0620
vn -0.2270 0.9719 -0.0625
vn -0.2169 0.9751 -0.0473
vn -0.2172 0.9750 -0.0465
vn -0.5511 0.8326 0.0556
vn -0.5504 0.8330 0.0568
vn -0.5482 0.8341 0.0612
vn -0.5472 0.8345 0.0648
vn -0.5531 0.8321 0.0414
vn -0.5520 0.8324 0.0492
vn 0.1621 0.9656 -0.2034
vn 0.1622 0.9655 -0.2036
vn 0.1621 0.9656 -0.2032
vn 0.1709 0.9692 -0.1775
vn 0.1783 0.9723 -0.1509
vn 0.1783 0.9723 -0.1510
vn 0.1844 0.9750 -0.1240
vn 0.1845 0.9750 -0.1241
vn 0.1844 0.9750 -0.1243
vn 0.1845 0.9750 -0.1240
vn -0.8313 0.5419 0.1239
vn -0.8312 0.5419 0.1240
vn -0.8313 0.5419 0.1240
vn -0.8312 0.5420 0.1240
vn -0.8250 0.5446 0.1510
vn -0.8176 0.5477 0.1775
vn -0.8090 0.5514 0.2036
vn -0.5463 0.8345 0.0722
vn -0.5448 0.8353 0.0744
vn -0.2297 0.9706 -0.0719
vn -0.2273 0.9714 -0.0682
vn -0.2372 0.9673 -0.0894
vn -0.2351 0.9683 -0.0847
vn -0.2412 0.9660 -0.0928
vn -0.2390 0.9667 -0.0919
vn -0.2326 0.9694 -0.0780
vn -0.2328 0.9694 -0.0780
vn -0.5339 0.8412 0.0857
vn -0.5352 0.8405 0.0838
vn -0.5318 0.8418 0.0925
vn -0.5296 0.8426 0.0976
vn -0.5403 0.8380 0.0756
vn -0.5374 0.8393 0.0818
vn 0.1164 0.9460 -0.3027
vn 0.1295 0.9515 -0.2789
vn 0.1295 0.9516 -0.2789
vn 0.1415 0.9567 -0.2544
vn 0.1416 0.9567 -0.2544
vn 0.1525 0.9613 -0.2293
vn 0.1524 0.9613 -0.2294
vn -0.7992 0.5556 0.2293
vn -0.7992 0.5557 0.2293
vn -0.7883 0.5602 0.2544
vn -0.7763 0.5654 0.2789
vn -0.7763 0.5653 0.2789
vn -0.7631 0.5710 0.3027
vn -0.7632 0.5709 0.3025
vn -0.5296 0.8416 0.1062
vn -0.5298 0.8416 0.1050
vn -0.2445 0.9638 -0.1068
vn -0.2398 0.9652 -0.1043
vn -0.2550 0.9592 -0.1223
vn -0.2503 0.9613 -0.1152
vn -0.2610 0.9574 -0.1238
vn -0.2602 0.9576 -0.1239
vn -0.2498 0.9622 -0.1087
vn -0.2494 0.9622 -0.1094
vn -0.5193 0.8468 0.1147
vn -0.5179 0.8477 0.1145
vn -0.5156 0.8480 0.1229
vn -0.5114 0.8496 0.1289
vn -0.5256 0.8439 0.1079
vn -0.5203 0.8462 0.1152
vn 0.0536 0.9192 -0.3901
vn 0.0708 0.9265 -0.3696
vn 0.0869 0.9334 -0.3481
vn 0.1022 0.9399 -0.3258
vn -0.7489 0.5771 0.3258
vn -0.7489 0.5770 0.3258
vn -0.7337 0.5835 0.3481
vn -0.7176 0.5903 0.3696
vn -0.7175 0.5904 0.3696
vn -0.7176 0.5904 0.3695
vn -0.7176 0.5904 0.3694
vn -0.7004 0.5977 0.3902
vn -0.5080 0.8510 0.1334
vn -0.5082 0.8509 0.1331
vn -0.2663 0.9544 -0.1348
vn -0.2614 0.9567 -0.1279
vn -0.2805 0.9489 -0.1446
vn -0.2762 0.9508 -0.1405
vn -0.2815 0.9476 -0.1509
vn -0.2819 0.9476 -0.1505
vn -0.2725 0.9527 -0.1346
vn -0.2706 0.9533 -0.1340
vn -0.4948 0.8565 0.1469
vn -0.4910 0.8588 0.1461
vn -0.4897 0.8591 0.1491
vn -0.4870 0.8601 0.1519
vn -0.5026 0.8534 0.1380
vn -0.4995 0.8548 0.1408
vn -0.0237 0.8862 -0.4627
vn -0.0237 0.8862 -0.4626
vn -0.0238 0.8861 -0.4629
vn -0.0237 0.8863 -0.4626
vn -0.0031 0.8950 -0.4461
vn -0.0029 0.8950 -0.4461
vn -0.0030 0.8950 -0.4461
vn 0.0165 0.9034 -0.4285
vn 0.0164 0.9034 -0.4285
vn 0.0166 0.9034 -0.4285
vn 0.0355 0.9115 -0.4098
vn 0.0357 0.9115 -0.4096
vn -0.6823 0.6054 0.4098
vn -0.6824 0.6053 0.4098
vn -0.6634 0.6135 0.4285
vn -0.6634 0.6134 0.4285
vn -0.6633 0.6135 0.4285
vn -0.6436 0.6219 0.4461
vn -0.6231 0.6307 0.4626
vn -0.4798 0.8643 0.1513
vn -0.4786 0.8646 0.1530
vn -0.2906 0.9438 -0.1575
vn -0.2874 0.9452 -0.1547
vn -0.3055 0.9375 -0.1664
vn -0.3022 0.9389 -0.1646
vn -0.3114 0.9350 -0.1700
vn -0.3116 0.9349 -0.1697
vn -0.2964 0.9413 -0.1616
vn -0.2965 0.9413 -0.1616
vn -0.4667 0.8687 0.1661
vn -0.4664 0.8689 0.1655
vn -0.4614 0.8710 0.1688
vn -0.4563 0.8732 0.1710
vn -0.4750 0.8658 0.1571
vn -0.4703 0.8681 0.1591
vn -0.1123 0.8483 -0.5174
vn -0.1124 0.8484 -0.5173
vn -0.1125 0.8484 -0.5173
vn -0.0890 0.8580 -0.5058
vn -0.0893 0.8582 -0.5055
vn -0.0893 0.8584 -0.5052
vn -0.0668 0.8678 -0.4924
vn -0.0668 0.8679 -0.4923
vn -0.0668 0.8678 -0.4925
vn -0.0448 0.8772 -0.4781
vn -0.0449 0.8772 -0.4781
vn -0.0447 0.8772 -0.4781
vn -0.6018 0.6398 0.4780
vn -0.6017 0.6398 0.4782
vn -0.6017 0.6399 0.4780
vn -0.6018 0.6397 0.4781
vn -0.5799 0.6491 0.4923
vn -0.5800 0.6491 0.4922
vn -0.5799 0.6491 0.4922
vn -0.5574 0.6587 0.5054
vn -0.5574 0.6588 0.5054
vn -0.5343 0.6685 0.5173
vn -0.5343 0.6685 0.5174
vn -0.4478 0.8775 0.1717
vn -0.4488 0.8766 0.1738
vn -0.3239 0.9305 -0.1712
vn -0.3160 0.9329 -0.1729
vn -0.3378 0.9237 -0.1809
vn -0.3314 0.9264 -0.1790
vn -0.3401 0.9231 -0.1796
vn -0.3437 0.9223 -0.1767
vn -0.3286 0.9285 -0.1732
vn -0.3283 0.9284 -0.1739
vn -0.4331 0.8841 0.1755
vn -0.4326 0.8840 0.1774
vn -0.4291 0.8848 0.1815
vn -0.4256 0.8863 0.1825
vn -0.4446 0.8788 0.1735
vn -0.4414 0.8802 0.1745
vn -0.2093 0.8071 -0.5521
vn -0.2092 0.8071 -0.5521
vn -0.1845 0.8177 -0.5453
vn -0.1846 0.8177 -0.5453
vn -0.1601 0.8281 -0.5373
vn -0.1361 0.8383 -0.5279
vn -0.1361 0.8383 -0.5280
vn -0.5107 0.6786 0.5279
vn -0.5106 0.6784 0.5282
vn -0.5107 0.6787 0.5278
vn -0.4866 0.6888 0.5373
vn -0.4867 0.6889 0.5373
vn -0.4624 0.6991 0.5454
vn -0.4622 0.6993 0.5453
vn -0.4374 0.7098 0.5522
vn -0.4374 0.7098 0.5521
vn -0.4184 0.8891 0.1856
vn -0.4170 0.8898 0.1854
vn -0.3564 0.9165 -0.1815
vn -0.3480 0.9197 -0.1815
vn -0.3720 0.9098 -0.1840
vn -0.3653 0.9126 -0.1837
vn -0.3768 0.9078 -0.1841
vn -0.3769 0.9077 -0.1844
vn -0.3614 0.9146 -0.1816
vn -0.3609 0.9147 -0.1819
vn -0.4017 0.8963 0.1876
vn -0.4018 0.8964 0.1873
vn -0.3963 0.8987 0.1877
vn -0.3905 0.9013 0.1876
vn -0.4143 0.8913 0.1841
vn -0.4068 0.8943 0.1863
vn -0.3106 0.7639 -0.5657
vn -0.3107 0.7639 -0.5657
vn -0.2851 0.7748 -0.5643
vn -0.2597 0.7856 -0.5616
vn -0.2344 0.7964 -0.5575
vn -0.2345 0.7963 -0.5575
vn -0.4125 0.7205 0.5574
vn -0.4124 0.7205 0.5575
vn -0.4123 0.7205 0.5575
vn -0.3870 0.7313 0.5616
vn -0.3871 0.7313 0.5616
vn -0.3617 0.7421 0.5643
vn -0.3361 0.7530 0.5658
vn -0.3359 0.7530 0.5659
vn -0.3361 0.7530 0.5657
vn -0.3362 0.7530 0.5657
vn -0.3860 0.9042 0.1829
vn -0.3852 0.9044 0.1833
vn -0.3880 0.9030 -0.1844
vn -0.3832 0.9051 -0.1842
vn -0.4028 0.8958 -0.1877
vn -0.3989 0.8979 -0.1862
vn -0.4090 0.8930 -0.1876
vn -0.4080 0.8935 -0.1875
vn -0.3947 0.9002 -0.1838
vn -0.3944 0.9003 -0.1843
vn -0.3710 0.9106 0.1822
vn -0.3695 0.9099 0.1886
vn -0.3625 0.9140 0.1822
vn -0.3580 0.9157 0.1824
vn -0.3797 0.9064 0.1851
vn -0.3759 0.9083 0.1833
vn -0.4124 0.7205 -0.5575
vn -0.3361 0.7530 -0.5657
vn -0.3359 0.7530 -0.5658
vn -0.3106 0.7640 0.5656
vn -0.3103 0.7636 0.5663
vn -0.3106 0.7639 0.5658
vn -0.2849 0.7750 0.5640
vn -0.2849 0.7748 0.5644
vn -0.2344 0.7964 0.5576
vn -0.3549 0.9174 0.1803
vn -0.3554 0.9166 0.1832
vn -0.4217 0.8879 -0.1837
vn -0.4154 0.8907 -0.1845
vn -0.4382 0.8814 -0.1763
vn -0.4309 0.8843 -0.1799
vn -0.4398 0.8811 -0.1741
vn -0.4398 0.8810 -0.1743
vn -0.4272 0.8855 -0.1827
vn -0.4271 0.8857 -0.1821
vn -0.3364 0.9250 0.1764
vn -0.3365 0.9250 0.1766
vn -0.3295 0.9279 0.1746
vn -0.3263 0.9292 0.1734
vn -0.3483 0.9199 0.1803
vn -0.3410 0.9230 0.1783
vn -0.5106 0.6786 -0.5280
vn -0.5107 0.6786 -0.5280
vn -0.5105 0.6788 -0.5279
vn -0.4867 0.6888 -0.5373
vn -0.4375 0.7098 -0.5521
vn -0.2094 0.8068 0.5524
vn -0.1846 0.8176 0.5454
vn -0.1601 0.8281 0.5372
vn -0.1599 0.8281 0.5373
vn -0.3201 0.9323 0.1684
vn -0.3212 0.9306 0.1757
vn -0.4540 0.8746 -0.1702
vn -0.4526 0.8746 -0.1738
vn -0.4674 0.8692 -0.1611
vn -0.4634 0.8709 -0.1638
vn -0.4727 0.8670 -0.1578
vn -0.4728 0.8669 -0.1580
vn -0.4582 0.8731 -0.1665
vn -0.4582 0.8730 -0.1669
vn -0.3022 0.9395 0.1614
vn -0.3043 0.9388 0.1612
vn -0.2979 0.9407 0.1622
vn -0.2949 0.9420 0.1599
vn -0.3159 0.9334 0.1702
vn -0.3086 0.9367 0.1655
vn -0.5800 0.6492 -0.4920
vn -0.1124 0.8483 0.5174
vn -0.0893 0.8582 0.5054
vn -0.0896 0.8582 0.5054
vn -0.0890 0.8581 0.5058
vn -0.0668 0.8679 0.4923
vn -0.0668 0.8678 0.4923
vn -0.2891 0.9444 0.1569
vn -0.2890 0.9445 0.1561
vn -0.4811 0.8634 -0.1519
vn -0.4779 0.8646 -0.1550
vn -0.4957 0.8565 -0.1440
vn -0.4931 0.8576 -0.1463
vn -0.5016 0.8538 -0.1392
vn -0.5017 0.8538 -0.1390
vn -0.4859 0.8616 -0.1465
vn -0.4870 0.8609 -0.1471
vn -0.2754 0.9503 0.1454
vn -0.2758 0.9502 0.1449
vn -0.2723 0.9517 0.1418
vn -0.2678 0.9540 0.1351
vn -0.2860 0.9463 0.1505
vn -0.2843 0.9474 0.1472
vn -0.6633 0.6135 -0.4285
vn -0.6633 0.6135 -0.4286
vn -0.6634 0.6135 -0.4285
vn -0.6231 0.6306 -0.4628
vn -0.0237 0.8863 0.4626
vn -0.0031 0.8950 0.4461
vn 0.0171 0.9035 0.4282
vn 0.0358 0.9114 0.4100
vn 0.0354 0.9115 0.4098
vn -0.2621 0.9557 0.1339
vn -0.2629 0.9554 0.1343
vn -0.5095 0.8506 -0.1299
vn -0.5067 0.8515 -0.1348
vn -0.5204 0.8458 -0.1173
vn -0.5175 0.8470 -0.1220
vn -0.5241 0.8443 -0.1119
vn -0.5238 0.8445 -0.1117
vn -0.5153 0.8478 -0.1253
vn -0.5152 0.8482 -0.1229
vn -0.2514 0.9602 0.1214
vn -0.2566 0.9593 0.1179
vn -0.2475 0.9622 0.1139
vn -0.2451 0.9632 0.1101
vn -0.2586 0.9575 0.1277
vn -0.2558 0.9587 0.1246
vn -0.7490 0.5769 -0.3259
vn -0.7491 0.5768 -0.3259
vn -0.7004 0.5976 -0.3902
vn -0.7003 0.5977 -0.3903
vn 0.1021 0.9399 0.3258
vn -0.2402 0.9652 0.1029
vn -0.2405 0.9652 0.1025
vn -0.5312 0.8410 -0.1026
vn -0.5277 0.8427 -0.1065
vn -0.5400 0.8373 -0.0859
vn -0.5352 0.8397 -0.0916
vn -0.5380 0.8389 -0.0831
vn -0.5380 0.8392 -0.0794
vn -0.5294 0.8430 -0.0958
vn -0.5302 0.8425 -0.0951
vn -0.2324 0.9685 0.0891
vn -0.2329 0.9685 0.0886
vn -0.2339 0.9687 0.0833
vn -0.2292 0.9704 0.0760
vn -0.2406 0.9655 0.0992
vn -0.2355 0.9674 0.0926
vn -0.7883 0.5602 -0.2545
vn -0.7762 0.5654 -0.2791
vn -0.7760 0.5656 -0.2791
vn -0.7761 0.5656 -0.2789
vn -0.7631 0.5711 -0.3026
vn 0.1165 0.9459 0.3027
vn 0.1525 0.9613 0.2293
vn -0.2253 0.9716 0.0730
vn -0.2257 0.9715 0.0723
vn -0.5451 0.8354 -0.0698
vn -0.5441 0.8358 -0.0735
vn -0.5511 0.8328 -0.0524
vn -0.5497 0.8335 -0.0563
vn -0.5491 0.8347 -0.0425
vn -0.5497 0.8342 -0.0443
vn -0.5478 0.8342 -0.0632
vn -0.5477 0.8343 -0.0632
vn -0.2186 0.9744 0.0522
vn -0.2188 0.9743 0.0525
vn -0.2175 0.9748 0.0487
vn -0.2169 0.9753 0.0428
vn -0.2260 0.9719 0.0661
vn -0.2263 0.9722 0.0598
vn -0.8313 0.5419 -0.1240
vn -0.8091 0.5513 -0.2036
vn -0.8090 0.5514 -0.2038
vn 0.1623 0.9655 0.2036
vn 0.1710 0.9691 0.1775
vn 0.1784 0.9723 0.1509
vn -0.2150 0.9759 0.0362
vn -0.2158 0.9758 0.0362
vn -0.5554 0.8309 -0.0344
vn -0.5541 0.8315 -0.0396
vn -0.5551 0.8317 -0.0148
vn -0.5536 0.8325 -0.0217
vn -0.5547 0.8320 -0.0086
vn -0.5548 0.8319 -0.0085
vn -0.5551 0.8312 -0.0310
vn -0.5540 0.8320 -0.0305
vn -0.2173 0.9760 0.0149
vn -0.2119 0.9771 0.0168
vn -0.2152 0.9765 0.0131
vn -0.2160 0.9764 0.0053
vn -0.2178 0.9756 0.0295
vn -0.2174 0.9758 0.0253
vn -0.8437 0.5367 -0.0140
vn -0.8425 0.5371 -0.0417
vn -0.8362 0.5398 -0.0967
vn -0.8362 0.5398 -0.0968
vn 0.1897 0.9771 0.0967
vn 0.1899 0.9770 0.0968
vn -0.2175 0.9761 0.0001
vn -0.2174 0.9761 -0.0000
vn -0.5552 0.8317 0.0021
vn -0.5552 0.8317 -0.0021
vn -0.5529 0.8330 0.0203
vn -0.5550 0.8317 0.0148
vn -0.5559 0.8307 0.0311
vn -0.5521 0.8334 0.0245
vn -0.5546 0.8321 0.0088
vn -0.5547 0.8320 0.0090
vn -0.2173 0.9760 -0.0149
vn -0.2120 0.9771 -0.0167
vn -0.2174 0.9758 -0.0254
vn -0.2178 0.9756 -0.0295
vn -0.2161 0.9764 -0.0053
vn -0.2153 0.9765 -0.0131
vn -0.8362 0.5398 0.0966
vn -0.8425 0.5371 0.0417
vn -0.8437 0.5366 0.0140
vn 0.1895 0.9771 -0.0966
vn -0.2150 0.9759 -0.0362
vn -0.2159 0.9757 -0.0362
vn -0.5535 0.8319 0.0394
vn -0.5551 0.8310 0.0360
vn -0.5500 0.8333 0.0558
vn -0.5510 0.8329 0.0522
vn -0.5478 0.8342 0.0632
vn -0.5486 0.8350 0.0429
vn -0.5495 0.8343 0.0447
vn -0.2187 0.9744 -0.0520
vn -0.2187 0.9744 -0.0526
vn -0.2263 0.9722 -0.0598
vn -0.2260 0.9719 -0.0661
vn -0.2170 0.9752 -0.0426
vn -0.2173 0.9749 -0.0488
vn -0.8090 0.5514 0.2038
vn -0.8091 0.5513 0.2036
vn -0.8177 0.5476 0.1774
vn -0.8177 0.5476 0.1775
vn -0.8250 0.5446 0.1509
vn -0.8313 0.5418 0.1240
vn 0.1783 0.9724 -0.1508
vn 0.1709 0.9692 -0.1774
vn 0.1623 0.9655 -0.2036
vn -0.2254 0.9715 -0.0731
vn -0.2257 0.9715 -0.0723
vn -0.5439 0.8359 0.0737
vn -0.5451 0.8354 0.0703
vn -0.5362 0.8390 0.0923
vn -0.5388 0.8382 0.0848
vn -0.5294 0.8430 0.0957
vn -0.5302 0.8425 0.0949
vn -0.5437 0.8355 0.0792
vn -0.5387 0.8389 0.0772
vn -0.2323 0.9686 -0.0891
vn -0.2329 0.9685 -0.0886
vn -0.2355 0.9674 -0.0926
vn -0.2406 0.9655 -0.0992
vn -0.2297 0.9703 -0.0760
vn -0.2345 0.9687 -0.0810
vn -0.7631 0.5709 0.3027
vn -0.7632 0.5709 0.3027
vn -0.7632 0.5709 0.3026
vn -0.7760 0.5659 0.2787
vn -0.7762 0.5655 0.2788
vn -0.7761 0.5654 0.2791
vn -0.7760 0.5656 0.2791
vn 0.1164 0.9459 -0.3027
vn -0.2402 0.9652 -0.1029
vn -0.2405 0.9652 -0.1025
vn -0.5273 0.8430 0.1065
vn -0.5307 0.8415 0.1011
vn -0.5160 0.8480 0.1214
vn -0.5207 0.8456 0.1174
vn -0.5149 0.8480 0.1259
vn -0.5150 0.8480 0.1254
vn -0.5240 0.8443 0.1119
vn -0.5238 0.8445 0.1117
vn -0.2520 0.9601 -0.1216
vn -0.2565 0.9593 -0.1181
vn -0.2555 0.9587 -0.1249
vn -0.2588 0.9574 -0.1280
vn -0.2452 0.9632 -0.1101
vn -0.2475 0.9622 -0.1139
vn -0.7004 0.5976 0.3902
vn -0.7006 0.5975 0.3901
vn -0.7175 0.5905 0.3696
vn -0.7337 0.5836 0.3481
vn -0.7339 0.5835 0.3478
vn 0.1022 0.9398 -0.3260
vn 0.0869 0.9334 -0.3483
vn 0.0536 0.9192 -0.3902
vn -0.2620 0.9557 -0.1338
vn -0.2624 0.9556 -0.1341
vn -0.5066 0.8517 0.1345
vn -0.5091 0.8508 0.1303
vn -0.4934 0.8574 0.1462
vn -0.4959 0.8564 0.1435
vn -0.4842 0.8619 0.1506
vn -0.4849 0.8617 0.1496
vn -0.5015 0.8539 0.1393
vn -0.5013 0.8540 0.1394
vn -0.2755 0.9503 -0.1453
vn -0.2759 0.9502 -0.1447
vn -0.2839 0.9475 -0.1473
vn -0.2858 0.9464 -0.1503
vn -0.2674 0.9540 -0.1358
vn -0.2711 0.9521 -0.1416
vn -0.6230 0.6306 0.4628
vn -0.6633 0.6135 0.4286
vn -0.6823 0.6054 0.4099
vn -0.0032 0.8950 -0.4461
vn -0.0034 0.8950 -0.4461
vn -0.2889 0.9444 -0.1569
vn -0.2889 0.9446 -0.1560
vn -0.4779 0.8647 0.1548
vn -0.4810 0.8635 0.1518
vn -0.4631 0.8712 0.1628
vn -0.4686 0.8685 0.1616
vn -0.4584 0.8731 0.1660
vn -0.4584 0.8730 0.1665
vn -0.4725 0.8671 0.1579
vn -0.4726 0.8670 0.1582
vn -0.3052 0.9386 -0.1608
vn -0.3050 0.9385 -0.1618
vn -0.3107 0.9361 -0.1650
vn -0.3160 0.9337 -0.1686
vn -0.2950 0.9420 -0.1600
vn -0.2980 0.9407 -0.1623
vn -0.5574 0.6587 0.5053
vn -0.5800 0.6492 0.4922
vn -0.0667 0.8679 -0.4922
vn -0.0666 0.8680 -0.4920
vn -0.0668 0.8678 -0.4923
vn -0.0891 0.8583 -0.5054
vn -0.0893 0.8582 -0.5054
vn -0.0893 0.8583 -0.5054
vn -0.1124 0.8483 -0.5174
vn -0.3198 0.9324 -0.1686
vn -0.3181 0.9316 -0.1760
vn -0.4473 0.8772 0.1745
vn -0.4542 0.8745 0.1699
vn -0.4313 0.8841 0.1796
vn -0.4369 0.8825 0.1744
vn -0.4273 0.8855 0.1826
vn -0.4273 0.8856 0.1821
vn -0.4397 0.8812 0.1738
vn -0.4405 0.8810 0.1725
vn -0.3365 0.9250 -0.1764
vn -0.3365 0.9250 -0.1766
vn -0.3410 0.9230 -0.1783
vn -0.3483 0.9198 -0.1807
vn -0.3263 0.9292 -0.1734
vn -0.3295 0.9279 -0.1745
vn -0.4867 0.6888 0.5373
vn -0.5105 0.6788 0.5279
vn -0.5107 0.6786 0.5280
vn -0.1602 0.8278 -0.5376
vn -0.1601 0.8281 -0.5372
vn -0.3551 0.9170 -0.1815
vn -0.3550 0.9167 -0.1833
vn -0.4156 0.8904 0.1855
vn -0.4217 0.8879 0.1839
vn -0.3986 0.8978 0.1872
vn -0.4051 0.8951 0.1864
vn -0.3945 0.9004 0.1837
vn -0.3940 0.9005 0.1842
vn -0.4087 0.8932 0.1874
vn -0.4073 0.8941 0.1861
vn -0.3683 0.9118 -0.1814
vn -0.3674 0.9107 -0.1887
vn -0.3785 0.9072 -0.1838
vn -0.3783 0.9072 -0.1841
vn -0.3580 0.9157 -0.1824
vn -0.3625 0.9140 -0.1822
vn -0.3870 0.7314 0.5616
vn -0.3869 0.7314 0.5615
vn -0.4123 0.7206 0.5575
vn -0.2599 0.7856 -0.5615
vn -0.3106 0.7639 -0.5656
vn 0.9362 0.2326 -0.2636
vn 0.9233 0.2271 -0.3099
vn 0.9232 0.2271 -0.3099
vn 0.8160 0.5144 -0.2636
vn 0.8160 0.5145 -0.2636
vn 0.8161 0.5143 -0.2637
vn 0.8031 0.5090 -0.3098
vn 0.8031 0.5090 -0.3099
vn 0.9746 -0.1168 -0.1910
vn 0.9746 -0.1167 -0.1910
vn 0.9746 -0.1166 -0.1911
vn 0.9651 -0.1207 -0.2325
vn 0.9651 -0.1207 -0.2326
vn 0.9536 -0.1255 -0.2735
vn 0.9404 -0.1312 -0.3138
vn 0.9082 0.2207 -0.3556
vn 0.7880 0.5026 -0.3556
vn 0.7880 0.5027 -0.3554
vn 0.7878 0.5028 -0.3557
vn 0.7880 0.5027 -0.3555
vn 0.5564 0.7694 -0.3138
vn 0.5564 0.7693 -0.3138
vn 0.5697 0.7750 -0.2735
vn 0.5697 0.7750 -0.2736
vn 0.5812 0.7798 -0.2326
vn 0.5811 0.7799 -0.2326
vn 0.5815 0.7796 -0.2325
vn 0.5906 0.7840 -0.1911
vn 0.8268 0.5191 -0.2167
vn 0.8268 0.5191 -0.2166
vn 0.9470 0.2372 -0.2166
vn 0.9470 0.2372 -0.2165
vn -0.0068 -0.1695 0.9855
vn -0.0512 -0.1884 0.9808
vn -0.1270 0.1124 0.9855
vn -0.1713 0.0935 0.9808
vn 0.1722 -0.4587 0.8717
vn 0.1721 -0.4588 0.8717
vn 0.1723 -0.4587 0.8717
vn 0.1330 -0.4755 0.8696
vn 0.1329 -0.4755 0.8696
vn 0.0938 -0.4922 0.8654
vn 0.0549 -0.5087 0.8592
vn -0.0953 -0.2072 0.9736
vn -0.0954 -0.2072 0.9736
vn -0.2155 0.0747 0.9736
vn -0.3291 0.3916 0.8592
vn -0.3291 0.3918 0.8592
vn -0.2902 0.4085 0.8654
vn -0.2902 0.4084 0.8654
vn -0.2902 0.4083 0.8655
vn -0.2510 0.4251 0.8696
vn -0.2510 0.4250 0.8697
vn -0.2509 0.4252 0.8696
vn -0.2117 0.4418 0.8718
vn -0.2116 0.4419 0.8718
vn -0.2117 0.4419 0.8718
vn -0.2122 0.4421 0.8715
vn -0.0824 0.1314 0.9879
vn 0.0377 -0.1504 0.9879
vn 0.0377 -0.1505 0.9879
vn 0.8720 0.2053 0.4444
vn 0.8720 0.2053 0.4443
vn 0.8719 0.2053 0.4446
vn 0.8720 0.2052 0.4444
vn 0.8511 0.1963 0.4870
vn 0.8511 0.1962 0.4870
vn 0.8510 0.1963 0.4870
vn 0.7519 0.4871 0.4443
vn 0.7518 0.4871 0.4443
vn 0.7308 0.4782 0.4871
vn 0.9253 -0.1375 0.3534
vn 0.9253 -0.1376 0.3533
vn 0.9253 -0.1376 0.3534
vn 0.9085 -0.1448 0.3921
vn 0.8899 -0.1527 0.4298
vn 0.8697 -0.1611 0.4666
vn 0.8697 -0.1609 0.4667
vn 0.8696 -0.1611 0.4666
vn 0.8697 -0.1613 0.4665
vn 0.8281 0.1865 0.5286
vn 0.7079 0.4684 0.5286
vn 0.4857 0.7392 0.4665
vn 0.5059 0.7479 0.4298
vn 0.5245 0.7558 0.3921
vn 0.5412 0.7630 0.3534
vn 0.5413 0.7630 0.3534
vn 0.7709 0.4953 0.4005
vn 0.8911 0.2137 0.4003
vn 0.8911 0.2134 0.4005
vn 0.8911 0.2134 0.4004
vn 0.8721 0.2052 -0.4443
vn 0.8720 0.2052 -0.4443
vn 0.8721 0.2052 -0.4442
vn 0.8722 0.2052 -0.4440
vn 0.8510 0.1963 -0.4870
vn 0.7518 0.4872 -0.4443
vn 0.7518 0.4871 -0.4443
vn 0.7519 0.4871 -0.4443
vn 0.7308 0.4782 -0.4870
vn 0.9253 -0.1376 -0.3534
vn 0.9253 -0.1376 -0.3535
vn 0.9085 -0.1448 -0.3921
vn 0.8899 -0.1527 -0.4298
vn 0.8899 -0.1526 -0.4298
vn 0.8697 -0.1613 -0.4665
vn 0.8281 0.1865 -0.5286
vn 0.7080 0.4683 -0.5287
vn 0.7079 0.4684 -0.5286
vn 0.7079 0.4685 -0.5286
vn 0.4857 0.7392 -0.4665
vn 0.4857 0.7393 -0.4665
vn 0.5059 0.7479 -0.4298
vn 0.5245 0.7558 -0.3921
vn 0.5413 0.7629 -0.3534
vn 0.5413 0.7629 -0.3535
vn 0.7709 0.4953 -0.4005
vn 0.7709 0.4953 -0.4006
vn 0.8911 0.2134 -0.4005
vn -0.0068 -0.1695 -0.9855
vn -0.0512 -0.1884 -0.9808
vn -0.1270 0.1124 -0.9855
vn -0.1713 0.0935 -0.9808
vn 0.1723 -0.4587 -0.8717
vn 0.1723 -0.4586 -0.8718
vn 0.1330 -0.4755 -0.8696
vn 0.1330 -0.4754 -0.8696
vn 0.0939 -0.4922 -0.8654
vn 0.0938 -0.4921 -0.8655
vn 0.0549 -0.5088 -0.8591
vn -0.0952 -0.2072 -0.9737
vn -0.2155 0.0747 -0.9736
vn -0.3291 0.3918 -0.8592
vn -0.2902 0.4084 -0.8654
vn -0.2512 0.4251 -0.8696
vn -0.2510 0.4251 -0.8696
vn -0.2116 0.4419 -0.8717
vn -0.2117 0.4419 -0.8717
vn -0.0824 0.1314 -0.9879
vn 0.0377 -0.1505 -0.9879
vn 0.0376 -0.1506 -0.9879
vn 0.9362 0.2326 0.2636
vn 0.9233 0.2271 0.3099
vn 0.9232 0.2271 0.3099
vn 0.9233 0.2272 0.3097
vn 0.9233 0.2270 0.3099
vn 0.8160 0.5145 0.2636
vn 0.8031 0.5089 0.3100
vn 0.8033 0.5085 0.3101
vn 0.8031 0.5090 0.3099
vn 0.9746 -0.1166 0.1911
vn 0.9651 -0.1207 0.2326
vn 0.9536 -0.1255 0.2735
vn 0.9404 -0.1312 0.3137
vn 0.9404 -0.1312 0.3136
vn 0.9082 0.2207 0.3556
vn 0.7880 0.5026 0.3556
vn 0.5564 0.7694 0.3138
vn 0.5564 0.7693 0.3138
vn 0.5698 0.7749 0.2735
vn 0.5697 0.7750 0.2735
vn 0.5811 0.7799 0.2326
vn 0.5906 0.7840 0.1911
vn 0.8268 0.5192 0.2166
vn 0.8268 0.5191 0.2166
vn 0.9470 0.2372 0.2166
vn 0.7767 0.1645 -0.6080
vn 0.7767 0.1646 -0.6080
vn 0.7484 0.1525 -0.6454
vn 0.7485 0.1524 -0.6454
vn 0.6565 0.4465 -0.6080
vn 0.6565 0.4466 -0.6079
vn 0.6282 0.4344 -0.6454
vn 0.6282 0.4345 -0.6454
vn 0.6282 0.4344 -0.6455
vn 0.8478 -0.1707 -0.5021
vn 0.8243 -0.1807 -0.5365
vn 0.7994 -0.1913 -0.5695
vn 0.7730 -0.2026 -0.6012
vn 0.7185 0.1398 -0.6814
vn 0.5983 0.4217 -0.6813
vn 0.5983 0.4217 -0.6814
vn 0.3890 0.6980 -0.6012
vn 0.4154 0.7093 -0.5696
vn 0.4152 0.7093 -0.5696
vn 0.4153 0.7093 -0.5695
vn 0.4154 0.7093 -0.5695
vn 0.4403 0.7199 -0.5365
vn 0.4638 0.7299 -0.5021
vn 0.6831 0.4578 -0.5690
vn 0.6831 0.4578 -0.5691
vn 0.8033 0.1759 -0.5690
vn -0.1824 -0.2442 -0.9524
vn -0.1824 -0.2443 -0.9524
vn -0.2250 -0.2625 -0.9383
vn -0.2249 -0.2626 -0.9383
vn -0.3026 0.0376 -0.9524
vn -0.3452 0.0194 -0.9383
vn 0.0162 -0.5252 -0.8508
vn -0.0220 -0.5415 -0.8404
vn -0.0594 -0.5576 -0.8280
vn -0.0596 -0.5576 -0.8280
vn -0.0967 -0.5735 -0.8135
vn -0.0966 -0.5733 -0.8136
vn -0.0967 -0.5734 -0.8136
vn -0.2670 -0.2804 -0.9220
vn -0.3872 0.0015 -0.9220
vn -0.4806 0.3272 -0.8136
vn -0.4438 0.3429 -0.8279
vn -0.4436 0.3430 -0.8280
vn -0.4436 0.3429 -0.8280
vn -0.4060 0.3591 -0.8404
vn -0.4061 0.3591 -0.8403
vn -0.3678 0.3753 -0.8508
vn -0.3677 0.3753 -0.8508
vn -0.2593 0.0560 -0.9642
vn -0.1391 -0.2259 -0.9642
vn -0.1392 -0.2259 -0.9642
vn 0.9667 0.2454 0.0727
vn 0.9666 0.2456 0.0727
vn 0.9667 0.2455 0.0727
vn 0.9623 0.2437 0.1209
vn 0.9623 0.2437 0.1210
vn 0.8465 0.5275 0.0727
vn 0.8465 0.5274 0.0728
vn 0.8464 0.5275 0.0727
vn 0.8421 0.5256 0.1209
vn 0.9939 -0.1084 0.0214
vn 0.9939 -0.1084 0.0215
vn 0.9919 -0.1092 0.0643
vn 0.9919 -0.1092 0.0642
vn 0.9919 -0.1091 0.0643
vn 0.9919 -0.1092 0.0644
vn 0.9881 -0.1109 0.1067
vn 0.9881 -0.1111 0.1065
vn 0.9823 -0.1133 0.1490
vn 0.9557 0.2410 0.1689
vn 0.9557 0.2409 0.1689
vn 0.8358 0.5225 0.1687
vn 0.8356 0.5227 0.1689
vn 0.8356 0.5229 0.1684
vn 0.8355 0.5229 0.1689
vn 0.5986 0.7871 0.1492
vn 0.5983 0.7873 0.1490
vn 0.5984 0.7872 0.1490
vn 0.5983 0.7873 0.1491
vn 0.6041 0.7897 0.1067
vn 0.6079 0.7914 0.0643
vn 0.6079 0.7914 0.0642
vn 0.6080 0.7913 0.0642
vn 0.6099 0.7922 0.0214
vn 0.8486 0.5285 0.0243
vn 0.8486 0.5284 0.0243
vn 0.9688 0.2466 0.0243
vn 0.9688 0.2465 0.0245
vn 0.9688 0.2465 0.0243
vn 0.6538 0.1123 -0.7483
vn 0.6538 0.1122 -0.7483
vn 0.6192 0.0978 -0.7791
vn 0.6195 0.0975 -0.7789
vn 0.6194 0.0976 -0.7790
vn 0.5336 0.3943 -0.7482
vn 0.5336 0.3942 -0.7482
vn 0.5336 0.3941 -0.7483
vn 0.4992 0.3794 -0.7790
vn 0.7450 -0.2145 -0.6316
vn 0.7451 -0.2145 -0.6316
vn 0.7160 -0.2271 -0.6601
vn 0.7159 -0.2269 -0.6603
vn 0.6855 -0.2399 -0.6874
vn 0.6540 -0.2533 -0.7128
vn 0.6539 -0.2534 -0.7129
vn 0.6541 -0.2536 -0.7127
vn 0.5835 0.0822 -0.8079
vn 0.4634 0.3641 -0.8079
vn 0.2699 0.6472 -0.7129
vn 0.3015 0.6607 -0.6874
vn 0.3319 0.6737 -0.6603
vn 0.3318 0.6737 -0.6604
vn 0.3314 0.6740 -0.6603
vn 0.3612 0.6861 -0.6315
vn 0.3611 0.6861 -0.6316
vn 0.5667 0.4082 -0.7157
vn 0.6869 0.1263 -0.7157
vn -0.3487 -0.3152 -0.8826
vn -0.3487 -0.3152 -0.8827
vn -0.3486 -0.3152 -0.8827
vn -0.3879 -0.3320 -0.8598
vn -0.4688 -0.0334 -0.8827
vn -0.4689 -0.0333 -0.8826
vn -0.4688 -0.0333 -0.8827
vn -0.5081 -0.0501 -0.8598
vn -0.1331 -0.5889 -0.7972
vn -0.1330 -0.5889 -0.7972
vn -0.1691 -0.6042 -0.7787
vn -0.1688 -0.6040 -0.7789
vn -0.1687 -0.6041 -0.7789
vn -0.2033 -0.6189 -0.7587
vn -0.2034 -0.6189 -0.7587
vn -0.2371 -0.6333 -0.7366
vn -0.2371 -0.6333 -0.7367
vn -0.2372 -0.6334 -0.7366
vn -0.4262 -0.3483 -0.8349
vn -0.5464 -0.0664 -0.8349
vn -0.6211 0.2673 -0.7367
vn -0.6211 0.2674 -0.7367
vn -0.5873 0.2817 -0.7587
vn -0.5872 0.2818 -0.7588
vn -0.5527 0.2965 -0.7789
vn -0.5529 0.2965 -0.7787
vn -0.5170 0.3118 -0.7972
vn -0.5169 0.3120 -0.7972
vn -0.5171 0.3117 -0.7972
vn -0.4285 -0.0161 -0.9034
vn -0.3083 -0.2980 -0.9034
vn -0.3084 -0.2980 -0.9034
vn 0.9623 0.2437 -0.1209
vn 0.9623 0.2437 -0.1208
vn 0.9666 0.2456 -0.0727
vn 0.8421 0.5256 -0.1209
vn 0.8464 0.5275 -0.0727
vn 0.8465 0.5275 -0.0727
vn 0.9823 -0.1132 -0.1489
vn 0.9823 -0.1133 -0.1490
vn 0.9824 -0.1132 -0.1489
vn 0.9881 -0.1109 -0.1067
vn 0.9881 -0.1111 -0.1065
vn 0.9919 -0.1092 -0.0642
vn 0.9919 -0.1092 -0.0644
vn 0.9919 -0.1092 -0.0643
vn 0.9939 -0.1085 -0.0214
vn 0.9939 -0.1084 -0.0214
vn 0.9688 0.2467 -0.0242
vn 0.9688 0.2465 -0.0243
vn 0.9688 0.2466 -0.0243
vn 0.8486 0.5284 -0.0242
vn 0.8486 0.5284 -0.0243
vn 0.8486 0.5285 -0.0243
vn 0.6099 0.7922 -0.0213
vn 0.6099 0.7922 -0.0214
vn 0.6080 0.7914 -0.0642
vn 0.6080 0.7913 -0.0642
vn 0.6041 0.7897 -0.1067
vn 0.5982 0.7873 -0.1490
vn 0.5983 0.7873 -0.1490
vn 0.5984 0.7872 -0.1492
vn 0.8357 0.5226 -0.1689
vn 0.8356 0.5227 -0.1689
vn 0.8356 0.5228 -0.1689
vn 0.8355 0.5228 -0.1689
vn 0.9557 0.2410 -0.1689
vn 0.5081 0.0501 -0.8599
vn 0.5079 0.0501 -0.8600
vn 0.5081 0.0501 -0.8598
vn 0.4690 0.0333 -0.8826
vn 0.4691 0.0333 -0.8825
vn 0.4690 0.0334 -0.8825
vn 0.4690 0.0334 -0.8826
vn 0.3879 0.3320 -0.8598
vn 0.3486 0.3150 -0.8828
vn 0.3486 0.3152 -0.8827
vn 0.3486 0.3149 -0.8828
vn 0.6211 -0.2675 -0.7367
vn 0.6212 -0.2677 -0.7366
vn 0.6211 -0.2673 -0.7367
vn 0.5873 -0.2817 -0.7587
vn 0.5527 -0.2962 -0.7789
vn 0.5527 -0.2964 -0.7789
vn 0.5527 -0.2963 -0.7789
vn 0.5526 -0.2965 -0.7789
vn 0.5171 -0.3117 -0.7972
vn 0.4285 0.0161 -0.9034
vn 0.3081 0.2982 -0.9034
vn 0.3083 0.2980 -0.9034
vn 0.3082 0.2981 -0.9034
vn 0.1332 0.5888 -0.7972
vn 0.1331 0.5888 -0.7972
vn 0.1331 0.5889 -0.7972
vn 0.1687 0.6041 -0.7789
vn 0.1688 0.6043 -0.7786
vn 0.1687 0.6041 -0.7788
vn 0.2034 0.6188 -0.7587
vn 0.2034 0.6188 -0.7588
vn 0.2035 0.6188 -0.7588
vn 0.2034 0.6189 -0.7587
vn 0.2371 0.6333 -0.7367
vn 0.4262 0.3483 -0.8349
vn 0.5464 0.0663 -0.8349
vn 0.5464 0.0664 -0.8349
vn -0.4992 -0.3794 -0.7790
vn -0.4993 -0.3794 -0.7790
vn -0.5336 -0.3943 -0.7482
vn -0.5336 -0.3944 -0.7482
vn -0.5336 -0.3941 -0.7483
vn -0.6194 -0.0975 -0.7790
vn -0.6538 -0.1122 -0.7483
vn -0.2699 -0.6472 -0.7129
vn -0.3015 -0.6607 -0.6874
vn -0.3015 -0.6608 -0.6874
vn -0.3319 -0.6737 -0.6603
vn -0.3319 -0.6738 -0.6602
vn -0.3611 -0.6861 -0.6316
vn -0.3610 -0.6861 -0.6316
vn -0.5667 -0.4081 -0.7157
vn -0.5667 -0.4082 -0.7157
vn -0.5666 -0.4081 -0.7158
vn -0.6869 -0.1263 -0.7157
vn -0.6871 -0.1263 -0.7155
vn -0.6868 -0.1263 -0.7157
vn -0.7451 0.2145 -0.6315
vn -0.7451 0.2145 -0.6316
vn -0.7450 0.2145 -0.6316
vn -0.7159 0.2270 -0.6603
vn -0.7159 0.2269 -0.6603
vn -0.7161 0.2269 -0.6601
vn -0.6855 0.2399 -0.6874
vn -0.6539 0.2534 -0.7129
vn -0.5835 -0.0822 -0.8079
vn -0.4634 -0.3641 -0.8079
vn 0.8160 0.5145 -0.2637
vn 0.9404 -0.1312 -0.3137
vn 0.9537 -0.1255 -0.2735
vn 0.9746 -0.1166 -0.1912
vn 0.5698 0.7749 -0.2735
vn 0.5699 0.7749 -0.2734
vn 0.5565 0.7693 -0.3138
vn 0.7881 0.5025 -0.3554
vn 0.9082 0.2208 -0.3556
vn 0.3452 -0.0194 -0.9383
vn 0.3026 -0.0376 -0.9524
vn 0.3027 -0.0376 -0.9524
vn 0.2250 0.2625 -0.9383
vn 0.2249 0.2625 -0.9384
vn 0.1824 0.2443 -0.9524
vn 0.4806 -0.3272 -0.8136
vn 0.4436 -0.3430 -0.8280
vn 0.4060 -0.3591 -0.8404
vn 0.3678 -0.3753 -0.8508
vn 0.2593 -0.0560 -0.9642
vn 0.1391 0.2259 -0.9642
vn -0.0162 0.5252 -0.8508
vn -0.0162 0.5253 -0.8508
vn 0.0220 0.5415 -0.8404
vn 0.0596 0.5576 -0.8280
vn 0.0967 0.5734 -0.8136
vn 0.0967 0.5734 -0.8135
vn 0.0965 0.5734 -0.8136
vn 0.2670 0.2804 -0.9220
vn 0.3872 -0.0015 -0.9220
vn -0.6280 -0.4346 -0.6456
vn -0.6282 -0.4345 -0.6455
vn -0.6283 -0.4344 -0.6454
vn -0.6565 -0.4465 -0.6080
vn -0.6565 -0.4465 -0.6079
vn -0.6566 -0.4463 -0.6080
vn -0.7484 -0.1525 -0.6454
vn -0.7484 -0.1525 -0.6455
vn -0.7767 -0.1646 -0.6080
vn -0.3890 -0.6980 -0.6012
vn -0.4153 -0.7093 -0.5695
vn -0.4154 -0.7093 -0.5695
vn -0.4155 -0.7093 -0.5695
vn -0.4403 -0.7199 -0.5365
vn -0.4405 -0.7198 -0.5365
vn -0.4639 -0.7299 -0.5021
vn -0.4638 -0.7299 -0.5021
vn -0.4640 -0.7298 -0.5021
vn -0.6831 -0.4580 -0.5689
vn -0.6831 -0.4578 -0.5690
vn -0.6830 -0.4580 -0.5689
vn -0.6831 -0.4582 -0.5687
vn -0.8033 -0.1759 -0.5690
vn -0.8033 -0.1758 -0.5690
vn -0.8478 0.1706 -0.5021
vn -0.8478 0.1707 -0.5021
vn -0.8243 0.1807 -0.5366
vn -0.8243 0.1807 -0.5365
vn -0.7994 0.1913 -0.5696
vn -0.7993 0.1912 -0.5697
vn -0.7994 0.1913 -0.5695
vn -0.7730 0.2026 -0.6012
vn -0.7185 -0.1398 -0.6813
vn -0.7185 -0.1398 -0.6814
vn -0.7184 -0.1398 -0.6814
vn -0.5983 -0.4216 -0.6814
vn -0.5983 -0.4217 -0.6814
vn -0.5983 -0.4215 -0.6814
vn 0.8511 0.1963 -0.4870
vn 0.8509 0.1963 -0.4872
vn 0.8719 0.2057 -0.4445
vn 0.8720 0.2053 -0.4443
vn 0.7308 0.4782 -0.4871
vn 0.7310 0.4780 -0.4870
vn 0.8696 -0.1613 -0.4667
vn 0.8697 -0.1612 -0.4665
vn 0.8899 -0.1525 -0.4298
vn 0.9253 -0.1377 -0.3535
vn 0.8911 0.2137 -0.4003
vn 0.8911 0.2135 -0.4005
vn 0.5412 0.7630 -0.3534
vn 0.5410 0.7630 -0.3538
vn 0.5413 0.7630 -0.3534
vn 0.5246 0.7558 -0.3919
vn 0.5245 0.7558 -0.3920
vn 0.4857 0.7392 -0.4666
vn 0.1713 -0.0935 -0.9808
vn 0.1713 -0.0936 -0.9808
vn 0.1270 -0.1124 -0.9855
vn 0.0511 0.1884 -0.9808
vn 0.0069 0.1695 -0.9855
vn 0.0068 0.1695 -0.9855
vn 0.3291 -0.3918 -0.8592
vn 0.3292 -0.3918 -0.8592
vn 0.2902 -0.4084 -0.8654
vn 0.2902 -0.4085 -0.8654
vn 0.2510 -0.4251 -0.8696
vn 0.2511 -0.4251 -0.8696
vn 0.2512 -0.4251 -0.8696
vn 0.2116 -0.4419 -0.8717
vn 0.2115 -0.4421 -0.8717
vn 0.2116 -0.4418 -0.8718
vn 0.2117 -0.4419 -0.8717
vn 0.0824 -0.1314 -0.9879
vn 0.0825 -0.1314 -0.9879
vn -0.0377 0.1506 -0.9879
vn -0.0377 0.1505 -0.9879
vn -0.1723 0.4587 -0.8717
vn -0.1330 0.4755 -0.8696
vn -0.1329 0.4755 -0.8696
vn -0.0939 0.4920 -0.8655
vn -0.0938 0.4921 -0.8655
vn -0.0549 0.5088 -0.8592
vn -0.0549 0.5089 -0.8591
vn -0.0549 0.5087 -0.8592
vn 0.0953 0.2072 -0.9736
vn 0.0954 0.2072 -0.9736
vn 0.0953 0.2072 -0.9737
vn 0.2156 -0.0747 -0.9736
vn 0.2155 -0.0747 -0.9736
vn 0.2154 -0.0747 -0.9737
vn -0.7308 -0.4782 -0.4871
vn -0.7308 -0.4782 -0.4872
vn -0.7308 -0.4782 -0.4870
vn -0.7519 -0.4871 -0.4443
vn -0.7518 -0.4872 -0.4443
vn -0.7519 -0.4871 -0.4442
vn -0.8510 -0.1963 -0.4870
vn -0.8511 -0.1963 -0.4870
vn -0.8720 -0.2054 -0.4444
vn -0.8720 -0.2053 -0.4443
vn -0.8720 -0.2054 -0.4443
vn -0.4857 -0.7390 -0.4669
vn -0.4858 -0.7392 -0.4665
vn -0.4856 -0.7393 -0.4665
vn -0.5058 -0.7478 -0.4300
vn -0.5059 -0.7479 -0.4298
vn -0.5245 -0.7557 -0.3922
vn -0.5245 -0.7557 -0.3921
vn -0.5246 -0.7557 -0.3921
vn -0.5245 -0.7558 -0.3921
vn -0.5414 -0.7629 -0.3534
vn -0.5413 -0.7630 -0.3534
vn -0.5412 -0.7630 -0.3534
vn -0.5412 -0.7630 -0.3535
vn -0.7710 -0.4953 -0.4004
vn -0.7709 -0.4953 -0.4005
vn -0.7709 -0.4955 -0.4003
vn -0.8911 -0.2135 -0.4004
vn -0.8911 -0.2134 -0.4005
vn -0.9253 0.1376 -0.3534
vn -0.9085 0.1448 -0.3921
vn -0.8899 0.1528 -0.4299
vn -0.8899 0.1527 -0.4298
vn -0.8898 0.1529 -0.4299
vn -0.8697 0.1613 -0.4664
vn -0.8698 0.1613 -0.4663
vn -0.8697 0.1613 -0.4665
vn -0.8281 -0.1865 -0.5286
vn -0.7079 -0.4684 -0.5286
vn -0.7080 -0.4684 -0.5286
vn -0.7079 -0.4685 -0.5286
vn 0.7485 0.1525 -0.6454
vn 0.7484 0.1526 -0.6454
vn 0.7489 0.1524 -0.6449
vn 0.7767 0.1647 -0.6080
vn 0.6285 0.4342 -0.6454
vn 0.6280 0.4344 -0.6457
vn 0.7730 -0.2025 -0.6012
vn 0.7730 -0.2024 -0.6012
vn 0.8478 -0.1707 -0.5022
vn 0.8032 0.1761 -0.5692
vn 0.8034 0.1758 -0.5689
vn 0.6832 0.4577 -0.5690
vn 0.5982 0.4217 -0.6814
vn 0.7185 0.1397 -0.6814
vn 0.7185 0.1398 -0.6813
vn 0.7186 0.1397 -0.6813
vn -0.8030 -0.5090 -0.3100
vn -0.8030 -0.5090 -0.3101
vn -0.8031 -0.5089 -0.3100
vn -0.8031 -0.5089 -0.3099
vn -0.8160 -0.5144 -0.2636
vn -0.8160 -0.5145 -0.2636
vn -0.8160 -0.5144 -0.2637
vn -0.9232 -0.2272 -0.3100
vn -0.9232 -0.2272 -0.3101
vn -0.9232 -0.2271 -0.3099
vn -0.9362 -0.2326 -0.2636
vn -0.5564 -0.7694 -0.3138
vn -0.5563 -0.7694 -0.3139
vn -0.5697 -0.7750 -0.2735
vn -0.5811 -0.7799 -0.2326
vn -0.5906 -0.7840 -0.1911
vn -0.8268 -0.5191 -0.2166
vn -0.9470 -0.2372 -0.2167
vn -0.9470 -0.2371 -0.2166
vn -0.9470 -0.2372 -0.2166
vn -0.9746 0.1166 -0.1911
vn -0.9651 0.1207 -0.2326
vn -0.9650 0.1208 -0.2326
vn -0.9536 0.1256 -0.2735
vn -0.9537 0.1256 -0.2733
vn -0.9404 0.1312 -0.3138
vn -0.9404 0.1313 -0.3138
vn -0.9082 -0.2207 -0.3556
vn -0.7880 -0.5026 -0.3556
vn 0.6194 0.0975 -0.7790
vn 0.6539 -0.2534 -0.7128
vn 0.6854 -0.2400 -0.6874
vn 0.6855 -0.2400 -0.6874
vn 0.7160 -0.2269 -0.6602
vn 0.7162 -0.2269 -0.6600
vn 0.7450 -0.2146 -0.6316
vn 0.7453 -0.2147 -0.6313
vn 0.6869 0.1264 -0.7157
vn 0.5667 0.4083 -0.7157
vn 0.3014 0.6607 -0.6874
vn 0.2699 0.6473 -0.7129
vn 0.2699 0.6473 -0.7128
vn 0.5836 0.0822 -0.8078
vn -0.8421 -0.5256 -0.1209
vn -0.8465 -0.5275 -0.0727
vn -0.8464 -0.5275 -0.0727
vn -0.9623 -0.2437 -0.1209
vn -0.9666 -0.2456 -0.0728
vn -0.9666 -0.2456 -0.0727
vn -0.5983 -0.7873 -0.1490
vn -0.5981 -0.7874 -0.1490
vn -0.6042 -0.7897 -0.1067
vn -0.6041 -0.7897 -0.1067
vn -0.6042 -0.7896 -0.1067
vn -0.6080 -0.7914 -0.0642
vn -0.6079 -0.7914 -0.0642
vn -0.6080 -0.7913 -0.0642
vn -0.6099 -0.7922 -0.0214
vn -0.8487 -0.5284 -0.0243
vn -0.8486 -0.5284 -0.0243
vn -0.9688 -0.2465 -0.0243
vn -0.9689 -0.2464 -0.0243
vn -0.9939 0.1085 -0.0215
vn -0.9939 0.1084 -0.0214
vn -0.9939 0.1081 -0.0213
vn -0.9920 0.1091 -0.0642
vn -0.9920 0.1092 -0.0641
vn -0.9919 0.1092 -0.0641
vn -0.9881 0.1109 -0.1067
vn -0.9823 0.1133 -0.1490
vn -0.9557 -0.2411 -0.1689
vn -0.9557 -0.2409 -0.1689
vn -0.9557 -0.2410 -0.1689
vn -0.8355 -0.5229 -0.1689
vn -0.8355 -0.5228 -0.1689
vn 0.4688 0.0333 -0.8827
vn 0.5082 0.0501 -0.8598
vn 0.3485 0.3152 -0.8827
vn 0.3485 0.3151 -0.8828
vn 0.3484 0.3151 -0.8828
vn 0.5171 -0.3116 -0.7972
vn 0.5527 -0.2965 -0.7789
vn 0.5874 -0.2817 -0.7587
vn 0.5463 0.0664 -0.8349
vn 0.2372 0.6333 -0.7367
vn 0.2370 0.6332 -0.7368
vn 0.2370 0.6333 -0.7367
vn 0.2032 0.6190 -0.7586
vn 0.2033 0.6189 -0.7587
vn 0.1330 0.5889 -0.7972
vn 0.4285 0.0162 -0.9034
vn 0.4284 0.0163 -0.9034
vn -0.8465 -0.5274 0.0727
vn -0.8465 -0.5275 0.0727
vn -0.8421 -0.5256 0.1209
vn -0.9666 -0.2457 0.0727
vn -0.9666 -0.2456 0.0727
vn -0.9623 -0.2437 0.1208
vn -0.9623 -0.2437 0.1209
vn -0.6099 -0.7922 0.0214
vn -0.6100 -0.7921 0.0214
vn -0.6080 -0.7913 0.0642
vn -0.6080 -0.7914 0.0642
vn -0.6041 -0.7897 0.1067
vn -0.6042 -0.7897 0.1067
vn -0.5983 -0.7873 0.1490
vn -0.8355 -0.5228 0.1689
vn -0.8355 -0.5229 0.1689
vn -0.9557 -0.2408 0.1690
vn -0.9557 -0.2409 0.1689
vn -0.9823 0.1133 0.1490
vn -0.9881 0.1109 0.1067
vn -0.9919 0.1093 0.0641
vn -0.9920 0.1088 0.0641
vn -0.9919 0.1091 0.0643
vn -0.9919 0.1092 0.0642
vn -0.9939 0.1085 0.0215
vn -0.9939 0.1085 0.0214
vn -0.9688 -0.2465 0.0243
vn -0.8487 -0.5284 0.0243
vn -0.8486 -0.5284 0.0243
vn 0.1824 0.2442 -0.9524
vn 0.2251 0.2625 -0.9383
vn 0.2256 0.2623 -0.9383
vn 0.2252 0.2624 -0.9383
vn 0.4059 -0.3591 -0.8404
vn 0.4436 -0.3429 -0.8280
vn 0.3873 -0.0015 -0.9219
vn 0.3879 -0.0016 -0.9217
vn 0.2670 0.2805 -0.9220
vn 0.2670 0.2803 -0.9220
vn 0.0966 0.5734 -0.8136
vn 0.0966 0.5734 -0.8135
vn 0.0597 0.5576 -0.8279
vn 0.0219 0.5414 -0.8405
vn 0.0220 0.5414 -0.8405
vn -0.0162 0.5250 -0.8509
vn -0.8160 -0.5145 0.2636
vn -0.8160 -0.5144 0.2636
vn -0.8031 -0.5089 0.3099
vn -0.8031 -0.5090 0.3099
vn -0.8031 -0.5087 0.3101
vn -0.9362 -0.2326 0.2636
vn -0.9232 -0.2271 0.3099
vn -0.9232 -0.2272 0.3101
vn -0.5906 -0.7840 0.1911
vn -0.5811 -0.7799 0.2327
vn -0.5811 -0.7799 0.2326
vn -0.5697 -0.7750 0.2735
vn -0.5564 -0.7694 0.3138
vn -0.7880 -0.5026 0.3556
vn -0.9082 -0.2207 0.3556
vn -0.9404 0.1312 0.3138
vn -0.9536 0.1255 0.2735
vn -0.9537 0.1255 0.2735
vn -0.9651 0.1209 0.2325
vn -0.9651 0.1207 0.2326
vn -0.9746 0.1166 0.1911
vn -0.9470 -0.2372 0.2166
vn -0.9470 -0.2372 0.2167
vn -0.8268 -0.5191 0.2166
vn 0.0511 0.1883 -0.9808
vn 0.0509 0.1882 -0.9808
vn 0.2118 -0.4420 -0.8717
vn 0.2510 -0.4251 -0.8697
vn 0.2512 -0.4254 -0.8694
vn -0.0937 0.4923 -0.8654
vn -0.0937 0.4921 -0.8655
vn -0.0938 0.4922 -0.8654
vn -0.1723 0.4588 -0.8717
vn -0.1724 0.4588 -0.8717
vn -0.0378 0.1505 -0.9879
vn 0.0824 -0.1315 -0.9879
vn -0.7520 -0.4871 0.4441
vn -0.7519 -0.4871 0.4443
vn -0.7518 -0.4872 0.4443
vn -0.7308 -0.4782 0.4871
vn -0.7308 -0.4781 0.4872
vn -0.8720 -0.2053 0.4443
vn -0.8721 -0.2051 0.4443
vn -0.8511 -0.1963 0.4870
vn -0.8510 -0.1963 0.4871
vn -0.8510 -0.1963 0.4870
vn -0.5413 -0.7630 0.3534
vn -0.5412 -0.7630 0.3534
vn -0.5411 -0.7630 0.3536
vn -0.5245 -0.7558 0.3921
vn -0.5245 -0.7558 0.3919
vn -0.5245 -0.7558 0.3920
vn -0.5245 -0.7557 0.3921
vn -0.5059 -0.7479 0.4298
vn -0.4855 -0.7393 0.4666
vn -0.4857 -0.7393 0.4665
vn -0.4857 -0.7392 0.4665
vn -0.7079 -0.4685 0.5286
vn -0.7079 -0.4684 0.5286
vn -0.7079 -0.4687 0.5284
vn -0.8282 -0.1865 0.5286
vn -0.8281 -0.1865 0.5286
vn -0.8697 0.1613 0.4665
vn -0.8697 0.1613 0.4664
vn -0.8899 0.1527 0.4298
vn -0.9085 0.1448 0.3921
vn -0.9253 0.1377 0.3534
vn -0.9253 0.1376 0.3534
vn -0.8911 -0.2134 0.4005
vn -0.8911 -0.2134 0.4004
vn -0.7709 -0.4955 0.4003
vn -0.7709 -0.4953 0.4005
vn -0.7709 -0.4953 0.4004
vn -0.1712 0.0935 -0.9808
vn -0.1713 0.0936 -0.9808
vn -0.1270 0.1125 -0.9855
vn -0.1270 0.1123 -0.9855
vn 0.0549 -0.5087 -0.8592
vn 0.0937 -0.4922 -0.8654
vn 0.0936 -0.4922 -0.8654
vn 0.0938 -0.4922 -0.8654
vn 0.1329 -0.4755 -0.8696
vn 0.1724 -0.4588 -0.8717
vn 0.1724 -0.4587 -0.8717
vn 0.0378 -0.1505 -0.9879
vn -0.2113 0.4416 -0.8720
vn -0.2115 0.4418 -0.8718
vn -0.2117 0.4418 -0.8718
vn -0.2119 0.4420 -0.8716
vn -0.2905 0.4085 -0.8653
vn -0.2902 0.4084 -0.8655
vn -0.0953 -0.2072 -0.9736
vn -0.6565 -0.4465 0.6080
vn -0.6565 -0.4466 0.6079
vn -0.6565 -0.4467 0.6078
vn -0.6283 -0.4342 0.6455
vn -0.6282 -0.4344 0.6455
vn -0.6283 -0.4345 0.6453
vn -0.7767 -0.1647 0.6079
vn -0.7767 -0.1643 0.6080
vn -0.7767 -0.1646 0.6080
vn -0.7484 -0.1525 0.6454
vn -0.7484 -0.1525 0.6455
vn -0.4639 -0.7299 0.5021
vn -0.4640 -0.7299 0.5020
vn -0.4638 -0.7299 0.5021
vn -0.4403 -0.7199 0.5365
vn -0.4404 -0.7199 0.5365
vn -0.4155 -0.7093 0.5695
vn -0.4154 -0.7093 0.5695
vn -0.4153 -0.7093 0.5695
vn -0.3889 -0.6980 0.6012
vn -0.3890 -0.6980 0.6012
vn -0.3890 -0.6980 0.6013
vn -0.5982 -0.4217 0.6814
vn -0.5983 -0.4217 0.6814
vn -0.7185 -0.1397 0.6814
vn -0.7185 -0.1398 0.6813
vn -0.7730 0.2027 0.6012
vn -0.7730 0.2026 0.6012
vn -0.7730 0.2026 0.6011
vn -0.7994 0.1913 0.5695
vn -0.7994 0.1914 0.5695
vn -0.7994 0.1913 0.5696
vn -0.8243 0.1808 0.5365
vn -0.8243 0.1807 0.5365
vn -0.8242 0.1807 0.5367
vn -0.8478 0.1708 0.5021
vn -0.8477 0.1710 0.5021
vn -0.8478 0.1709 0.5021
vn -0.8478 0.1707 0.5021
vn -0.8033 -0.1760 0.5690
vn -0.8033 -0.1759 0.5690
vn -0.8033 -0.1760 0.5691
vn -0.6831 -0.4578 0.5690
vn -0.6831 -0.4579 0.5689
vn -0.1823 -0.2443 -0.9524
vn -0.3025 0.0375 -0.9524
vn -0.0965 -0.5733 -0.8136
vn -0.0966 -0.5734 -0.8136
vn -0.0591 -0.5576 -0.8280
vn -0.1390 -0.2259 -0.9642
vn -0.2593 0.0561 -0.9642
vn -0.3873 0.0017 -0.9220
vn -0.3872 0.0016 -0.9220
vn -0.5336 -0.3941 0.7483
vn -0.4992 -0.3794 0.7790
vn -0.6537 -0.1123 0.7484
vn -0.6538 -0.1122 0.7483
vn -0.6537 -0.1124 0.7484
vn -0.6536 -0.1122 0.7485
vn -0.6194 -0.0974 0.7790
vn -0.6194 -0.0975 0.7790
vn -0.6193 -0.0971 0.7791
vn -0.3611 -0.6861 0.6316
vn -0.3610 -0.6861 0.6316
vn -0.3320 -0.6736 0.6603
vn -0.3319 -0.6737 0.6603
vn -0.3015 -0.6607 0.6875
vn -0.3015 -0.6607 0.6874
vn -0.3015 -0.6606 0.6875
vn -0.2699 -0.6472 0.7129
vn -0.4634 -0.3641 0.8079
vn -0.4634 -0.3642 0.8079
vn -0.5836 -0.0820 0.8079
vn -0.5837 -0.0820 0.8078
vn -0.5835 -0.0822 0.8079
vn -0.6539 0.2534 0.7129
vn -0.6855 0.2398 0.6874
vn -0.6855 0.2399 0.6874
vn -0.7159 0.2269 0.6603
vn -0.7160 0.2271 0.6602
vn -0.7450 0.2145 0.6316
vn -0.7451 0.2145 0.6316
vn -0.6869 -0.1263 0.7157
vn -0.5667 -0.4082 0.7157
vn -0.3486 -0.3153 -0.8827
vn -0.3485 -0.3152 -0.8827
vn -0.5082 -0.0502 -0.8598
vn -0.4688 -0.0332 -0.8827
vn -0.4686 -0.0329 -0.8828
vn -0.2371 -0.6332 -0.7367
vn -0.2371 -0.6332 -0.7368
vn -0.1687 -0.6040 -0.7789
vn -0.4285 -0.0160 -0.9034
vn -0.5170 0.3115 -0.7973
vn -0.5171 0.3117 -0.7971
vn -0.5527 0.2965 -0.7788
vn -0.5526 0.2965 -0.7789
vn -0.5873 0.2817 -0.7588
vn -0.5874 0.2817 -0.7587
vn -0.6211 0.2673 -0.7368
vn -0.5463 -0.0662 -0.8350
vn -0.5464 -0.0666 -0.8349
vn -0.5464 -0.0663 -0.8349
vn -0.4262 -0.3484 -0.8348
vn -0.3879 -0.3320 0.8598
vn -0.3878 -0.3319 0.8599
vn -0.3486 -0.3152 0.8827
vn -0.5081 -0.0501 0.8599
vn -0.5081 -0.0501 0.8598
vn -0.4688 -0.0333 0.8827
vn -0.2371 -0.6333 0.7367
vn -0.2372 -0.6334 0.7366
vn -0.2034 -0.6189 0.7587
vn -0.2033 -0.6189 0.7587
vn -0.2033 -0.6190 0.7587
vn -0.1688 -0.6041 0.7788
vn -0.1687 -0.6041 0.7789
vn -0.1686 -0.6041 0.7788
vn -0.1329 -0.5889 0.7972
vn -0.1330 -0.5889 0.7972
vn -0.1331 -0.5889 0.7972
vn -0.3081 -0.2980 0.9035
vn -0.3083 -0.2980 0.9034
vn -0.4285 -0.0161 0.9034
vn -0.4284 -0.0161 0.9034
vn -0.5170 0.3117 0.7972
vn -0.5171 0.3117 0.7972
vn -0.5528 0.2965 0.7788
vn -0.5527 0.2965 0.7789
vn -0.5527 0.2963 0.7789
vn -0.5873 0.2817 0.7588
vn -0.5873 0.2817 0.7587
vn -0.5877 0.2817 0.7585
vn -0.6211 0.2673 0.7367
vn -0.6211 0.2674 0.7367
vn -0.5467 -0.0665 0.8347
vn -0.5464 -0.0665 0.8349
vn -0.5464 -0.0666 0.8349
vn -0.5464 -0.0664 0.8349
vn -0.4262 -0.3483 0.8349
vn -0.3612 -0.6861 -0.6315
vn -0.3014 -0.6608 -0.6874
vn -0.4636 -0.3640 -0.8078
vn -0.4635 -0.3640 -0.8079
vn -0.6539 0.2535 -0.7129
vn -0.6855 0.2400 -0.6874
vn -0.7162 0.2270 -0.6600
vn -0.7450 0.2145 -0.6317
vn -0.2250 -0.2625 0.9383
vn -0.1824 -0.2443 0.9524
vn -0.3452 0.0194 0.9383
vn -0.3026 0.0376 0.9524
vn -0.0966 -0.5734 0.8136
vn -0.0965 -0.5733 0.8136
vn -0.0596 -0.5576 0.8280
vn -0.0220 -0.5415 0.8404
vn 0.0162 -0.5253 0.8508
vn 0.0162 -0.5252 0.8508
vn -0.1391 -0.2259 0.9642
vn -0.1390 -0.2259 0.9642
vn -0.2593 0.0560 0.9642
vn -0.3678 0.3752 0.8508
vn -0.3678 0.3753 0.8508
vn -0.3678 0.3751 0.8509
vn -0.4060 0.3591 0.8404
vn -0.4059 0.3591 0.8404
vn -0.4436 0.3430 0.8280
vn -0.4436 0.3429 0.8280
vn -0.4806 0.3272 0.8136
vn -0.4807 0.3273 0.8135
vn -0.3872 0.0015 0.9220
vn -0.3871 0.0015 0.9220
vn -0.2670 -0.2804 0.9220
vn -0.6566 -0.4464 -0.6080
vn -0.6564 -0.4466 -0.6080
vn -0.6282 -0.4346 -0.6454
vn -0.6282 -0.4345 -0.6454
vn -0.7768 -0.1645 -0.6079
vn -0.7485 -0.1525 -0.6454
vn -0.7484 -0.1524 -0.6454
vn -0.4633 -0.7302 -0.5021
vn -0.4153 -0.7094 -0.5695
vn -0.3891 -0.6980 -0.6012
vn -0.3890 -0.6979 -0.6013
vn -0.7732 0.2025 -0.6010
vn -0.7730 0.2025 -0.6012
vn -0.7995 0.1913 -0.5695
vn -0.8034 -0.1756 -0.5690
vn -0.8033 -0.1758 -0.5691
vn -0.8032 -0.1760 -0.5690
vn -0.8033 -0.1760 -0.5690
vn -0.6830 -0.4579 -0.5690
vn -0.6829 -0.4580 -0.5691
vn -0.6830 -0.4580 -0.5690
vn -0.0511 -0.1884 0.9808
vn -0.0067 -0.1695 0.9855
vn -0.1270 0.1123 0.9855
vn -0.1270 0.1122 0.9855
vn 0.0549 -0.5088 0.8592
vn 0.1330 -0.4754 0.8696
vn 0.0378 -0.1505 0.9879
vn -0.0825 0.1315 0.9879
vn -0.0824 0.1313 0.9879
vn -0.2116 0.4419 0.8717
vn -0.2117 0.4420 0.8717
vn -0.2117 0.4419 0.8717
vn -0.2902 0.4084 0.8655
vn -0.7518 -0.4871 -0.4444
vn -0.7519 -0.4870 -0.4444
vn -0.7518 -0.4871 -0.4445
vn -0.7307 -0.4783 -0.4871
vn -0.8721 -0.2052 -0.4443
vn -0.8720 -0.2052 -0.4443
vn -0.8510 -0.1963 -0.4871
vn -0.5245 -0.7558 -0.3920
vn -0.5058 -0.7479 -0.4298
vn -0.4857 -0.7392 -0.4665
vn -0.7079 -0.4684 -0.5287
vn -0.7079 -0.4686 -0.5285
vn -0.8282 -0.1865 -0.5286
vn -0.8697 0.1614 -0.4664
vn -0.8899 0.1528 -0.4298
vn -0.8911 -0.2135 -0.4005
vn 0.1270 -0.1123 0.9855
vn 0.1270 -0.1125 0.9855
vn 0.1713 -0.0935 0.9808
vn 0.1712 -0.0935 0.9808
vn 0.0068 0.1695 0.9855
vn 0.0511 0.1884 0.9808
vn 0.2116 -0.4421 0.8716
vn 0.2117 -0.4419 0.8717
vn 0.2116 -0.4421 0.8717
vn 0.2113 -0.4425 0.8715
vn 0.2510 -0.4251 0.8697
vn 0.2510 -0.4251 0.8696
vn 0.2902 -0.4085 0.8654
vn 0.2901 -0.4084 0.8655
vn 0.3291 -0.3918 0.8592
vn 0.2159 -0.0747 0.9736
vn 0.2155 -0.0747 0.9736
vn 0.0953 0.2072 0.9736
vn 0.0953 0.2072 0.9737
vn -0.0549 0.5089 0.8591
vn -0.0549 0.5088 0.8591
vn -0.0938 0.4921 0.8655
vn -0.0938 0.4922 0.8654
vn -0.1330 0.4755 0.8696
vn -0.1330 0.4756 0.8696
vn -0.1723 0.4587 0.8717
vn -0.1724 0.4587 0.8717
vn -0.0377 0.1505 0.9879
vn -0.0378 0.1510 0.9878
vn 0.0824 -0.1314 0.9879
vn 0.0820 -0.1316 0.9879
vn -0.8030 -0.5090 -0.3099
vn -0.8029 -0.5092 -0.3099
vn -0.9233 -0.2270 -0.3099
vn -0.5905 -0.7840 -0.1914
vn -0.5907 -0.7840 -0.1910
vn -0.5811 -0.7799 -0.2325
vn -0.5810 -0.7800 -0.2326
vn -0.5697 -0.7750 -0.2736
vn -0.5564 -0.7694 -0.3139
vn -0.7880 -0.5027 -0.3556
vn -0.9536 0.1255 -0.2735
vn -0.9650 0.1208 -0.2328
vn -0.9746 0.1165 -0.1911
vn -0.9746 0.1167 -0.1911
vn -0.8268 -0.5191 -0.2167
vn 0.3026 -0.0376 0.9524
vn 0.3452 -0.0195 0.9383
vn 0.3452 -0.0194 0.9383
vn 0.1824 0.2443 0.9524
vn 0.2250 0.2625 0.9383
vn 0.2250 0.2626 0.9383
vn 0.3678 -0.3753 0.8508
vn 0.4060 -0.3591 0.8404
vn 0.4436 -0.3430 0.8280
vn 0.4437 -0.3430 0.8279
vn 0.4441 -0.3429 0.8277
vn 0.4806 -0.3272 0.8136
vn 0.3872 -0.0015 0.9220
vn 0.2670 0.2804 0.9220
vn 0.0966 0.5734 0.8136
vn 0.0966 0.5733 0.8136
vn 0.0597 0.5577 0.8279
vn 0.0600 0.5579 0.8277
vn 0.0596 0.5576 0.8279
vn 0.0220 0.5415 0.8404
vn 0.0220 0.5417 0.8403
vn -0.0162 0.5252 0.8508
vn 0.1391 0.2259 0.9642
vn 0.2593 -0.0560 0.9642
vn -0.8464 -0.5275 -0.0728
vn -0.8465 -0.5274 -0.0727
vn -0.9666 -0.2457 -0.0728
vn -0.6042 -0.7896 -0.1068
vn -0.5984 -0.7872 -0.1491
vn -0.5984 -0.7872 -0.1492
vn -0.5981 -0.7875 -0.1489
vn -0.9557 -0.2409 -0.1688
vn -0.9558 -0.2409 -0.1688
vn -0.9881 0.1103 -0.1071
vn -0.9919 0.1093 -0.0643
vn -0.9919 0.1093 -0.0642
vn -0.9919 0.1092 -0.0642
vn -0.9939 0.1085 -0.0214
vn -0.9688 -0.2466 -0.0243
vn 0.4692 0.0334 0.8825
vn 0.4691 0.0333 0.8825
vn 0.4694 0.0335 0.8823
vn 0.4691 0.0335 0.8825
vn 0.5082 0.0502 0.8598
vn 0.5081 0.0501 0.8598
vn 0.5082 0.0501 0.8598
vn 0.5081 0.0500 0.8598
vn 0.3486 0.3150 0.8828
vn 0.3486 0.3152 0.8827
vn 0.3486 0.3151 0.8827
vn 0.3486 0.3149 0.8828
vn 0.3881 0.3320 0.8597
vn 0.3879 0.3320 0.8598
vn 0.5171 -0.3117 0.7972
vn 0.5170 -0.3117 0.7972
vn 0.5527 -0.2963 0.7789
vn 0.5522 -0.2968 0.7791
vn 0.5527 -0.2964 0.7789
vn 0.5873 -0.2817 0.7587
vn 0.6211 -0.2673 0.7367
vn 0.5464 0.0664 0.8349
vn 0.4262 0.3483 0.8349
vn 0.2371 0.6333 0.7367
vn 0.2033 0.6189 0.7587
vn 0.2034 0.6187 0.7588
vn 0.1687 0.6040 0.7789
vn 0.1686 0.6038 0.7791
vn 0.1686 0.6040 0.7789
vn 0.1687 0.6041 0.7789
vn 0.1331 0.5888 0.7972
vn 0.1331 0.5889 0.7972
vn 0.1330 0.5889 0.7972
vn 0.3082 0.2980 0.9034
vn 0.3084 0.2979 0.9034
vn 0.3081 0.2982 0.9034
vn 0.3083 0.2980 0.9034
vn 0.4285 0.0162 0.9034
vn 0.4285 0.0161 0.9034
vn 0.4285 0.0160 0.9034
vn -0.8464 -0.5275 0.0728
vn -0.9666 -0.2456 0.0728
vn -0.5984 -0.7872 0.1491
vn -0.5984 -0.7873 0.1489
vn -0.5985 -0.7872 0.1488
vn -0.5984 -0.7872 0.1490
vn -0.6041 -0.7898 0.1067
vn -0.6041 -0.7897 0.1069
vn -0.6039 -0.7899 0.1067
vn -0.8486 -0.5285 0.0243
vn -0.8486 -0.5284 0.0242
vn -0.9688 -0.2466 0.0242
vn -0.9939 0.1084 0.0214
vn -0.9823 0.1132 0.1489
vn -0.9824 0.1130 0.1488
vn -0.9824 0.1128 0.1487
vn -0.9557 -0.2410 0.1689
vn -0.9557 -0.2411 0.1687
vn 0.6194 0.0975 0.7790
vn 0.6538 0.1122 0.7483
vn 0.4991 0.3794 0.7791
vn 0.4990 0.3793 0.7791
vn 0.4992 0.3794 0.7790
vn 0.5336 0.3941 0.7483
vn 0.6539 -0.2536 0.7128
vn 0.6541 -0.2536 0.7127
vn 0.6540 -0.2535 0.7128
vn 0.6539 -0.2534 0.7129
vn 0.6855 -0.2399 0.6874
vn 0.6855 -0.2400 0.6874
vn 0.7160 -0.2271 0.6601
vn 0.7159 -0.2269 0.6603
vn 0.7159 -0.2268 0.6604
vn 0.7450 -0.2144 0.6317
vn 0.7450 -0.2145 0.6317
vn 0.7449 -0.2144 0.6317
vn 0.6869 0.1263 0.7157
vn 0.5667 0.4082 0.7157
vn 0.3611 0.6861 0.6316
vn 0.3610 0.6861 0.6316
vn 0.3314 0.6740 0.6603
vn 0.3317 0.6736 0.6605
vn 0.3318 0.6737 0.6603
vn 0.3319 0.6737 0.6603
vn 0.3015 0.6608 0.6874
vn 0.2699 0.6472 0.7129
vn 0.2700 0.6471 0.7130
vn 0.4634 0.3638 0.8080
vn 0.4634 0.3641 0.8079
vn 0.5835 0.0822 0.8079
vn -0.8030 -0.5090 0.3099
vn -0.9232 -0.2271 0.3100
vn -0.9230 -0.2272 0.3105
vn -0.9362 -0.2326 0.2635
vn -0.9362 -0.2326 0.2634
vn -0.5564 -0.7694 0.3137
vn -0.5697 -0.7750 0.2736
vn -0.5810 -0.7799 0.2326
vn -0.5906 -0.7840 0.1910
vn -0.9746 0.1167 0.1911
vn -0.9650 0.1207 0.2326
vn -0.9537 0.1255 0.2734
vn -0.9536 0.1256 0.2735
vn -0.9537 0.1256 0.2734
vn 0.7484 0.1525 0.6454
vn 0.7767 0.1646 0.6080
vn 0.6282 0.4344 0.6455
vn 0.6282 0.4344 0.6454
vn 0.6565 0.4466 0.6080
vn 0.6565 0.4465 0.6080
vn 0.7730 -0.2026 0.6012
vn 0.7994 -0.1913 0.5695
vn 0.8243 -0.1807 0.5365
vn 0.8478 -0.1707 0.5021
vn 0.8478 -0.1706 0.5021
vn 0.8033 0.1759 0.5690
vn 0.6832 0.4577 0.5689
vn 0.6831 0.4578 0.5690
vn 0.4638 0.7299 0.5021
vn 0.4403 0.7199 0.5365
vn 0.4154 0.7093 0.5695
vn 0.3890 0.6980 0.6012
vn 0.5983 0.4217 0.6814
vn 0.7185 0.1397 0.6814
vn 0.7184 0.1398 0.6814
vn 0.7185 0.1398 0.6814
vn -0.7518 -0.4871 0.4445
vn -0.7518 -0.4872 0.4444
vn -0.8511 -0.1962 0.4870
vn -0.8511 -0.1963 0.4869
vn -0.8721 -0.2053 0.4443
vn -0.4858 -0.7392 0.4665
vn -0.4857 -0.7393 0.4664
vn -0.5413 -0.7630 0.3533
vn -0.5412 -0.7630 0.3535
vn -0.7708 -0.4954 0.4005
vn -0.7707 -0.4955 0.4005
vn -0.8911 -0.2133 0.4005
vn -0.9252 0.1376 0.3536
vn -0.9085 0.1448 0.3920
vn -0.8280 -0.1865 0.5288
vn -0.8279 -0.1865 0.5289
vn -0.8278 -0.1865 0.5291
vn -0.7079 -0.4684 0.5287
vn 0.1269 -0.1124 0.9855
vn 0.1270 -0.1124 0.9855
vn 0.0516 0.1883 0.9808
vn 0.0068 0.1696 0.9855
vn 0.3290 -0.3918 0.8592
vn 0.2902 -0.4084 0.8654
vn 0.2510 -0.4250 0.8697
vn 0.2117 -0.4420 0.8717
vn 0.2115 -0.4422 0.8716
vn -0.1723 0.4588 0.8717
vn -0.1327 0.4756 0.8696
vn -0.0939 0.4922 0.8654
vn -0.0937 0.4921 0.8655
vn -0.0938 0.4921 0.8654
vn -0.0549 0.5087 0.8592
vn 0.8721 0.2052 0.4443
vn 0.8899 -0.1528 0.4298
vn 0.9085 -0.1447 0.3921
vn 0.9253 -0.1377 0.3534
vn 0.7709 0.4953 0.4004
vn 0.5413 0.7630 0.3533
vn 0.5413 0.7630 0.3532
vn 0.5246 0.7557 0.3921
vn 0.5245 0.7557 0.3921
vn 0.5058 0.7479 0.4298
vn 0.4857 0.7393 0.4665
vn 0.7079 0.4685 0.5286
vn -0.6282 -0.4345 0.6454
vn -0.6284 -0.4345 0.6452
vn -0.6566 -0.4463 0.6080
vn -0.6566 -0.4466 0.6078
vn -0.7488 -0.1523 0.6451
vn -0.7485 -0.1524 0.6454
vn -0.7486 -0.1525 0.6452
vn -0.7485 -0.1525 0.6454
vn -0.3891 -0.6981 0.6010
vn -0.3891 -0.6980 0.6011
vn -0.3890 -0.6981 0.6011
vn -0.4154 -0.7093 0.5696
vn -0.6832 -0.4577 0.5690
vn -0.6831 -0.4578 0.5691
vn -0.6832 -0.4578 0.5689
vn -0.8033 -0.1760 0.5689
vn -0.8244 0.1807 0.5364
vn -0.8243 0.1807 0.5366
vn -0.7995 0.1913 0.5695
vn -0.7731 0.2024 0.6011
vn -0.7731 0.2024 0.6012
vn -0.7732 0.2021 0.6010
vn -0.7185 -0.1398 0.6814
vn 0.3453 -0.0192 0.9383
vn 0.3452 -0.0193 0.9383
vn 0.3026 -0.0377 0.9524
vn 0.3027 -0.0374 0.9524
vn 0.2251 0.2625 0.9383
vn 0.1824 0.2442 0.9524
vn 0.4436 -0.3429 0.8280
vn 0.4060 -0.3590 0.8404
vn 0.0221 0.5415 0.8404
vn 0.0596 0.5576 0.8280
vn 0.0597 0.5576 0.8279
vn 0.0967 0.5734 0.8135
vn 0.0967 0.5734 0.8136
vn 0.2671 0.2804 0.9220
vn 0.2671 0.2805 0.9219
vn 0.3874 -0.0015 0.9219
vn 0.3873 -0.0015 0.9220
vn 0.3879 -0.0016 0.9217
vn 0.9232 0.2271 0.3100
vn 0.8031 0.5089 0.3099
vn 0.8031 0.5089 0.3098
vn 0.8033 0.5088 0.3096
vn 0.8160 0.5144 0.2636
vn 0.9403 -0.1313 0.3140
vn 0.9404 -0.1312 0.3138
vn 0.9746 -0.1167 0.1911
vn 0.9746 -0.1165 0.1913
vn 0.9470 0.2370 0.2166
vn 0.9470 0.2373 0.2165
vn 0.8268 0.5191 0.2167
vn 0.5813 0.7798 0.2325
vn 0.5815 0.7796 0.2325
vn 0.5697 0.7750 0.2736
vn 0.7878 0.5028 0.3557
vn 0.7880 0.5027 0.3555
vn 0.7879 0.5028 0.3555
vn -0.4992 -0.3796 0.7789
vn -0.3015 -0.6608 0.6874
vn -0.3016 -0.6607 0.6874
vn -0.3319 -0.6738 0.6602
vn -0.3611 -0.6861 0.6315
vn -0.3612 -0.6861 0.6315
vn -0.5667 -0.4083 0.7157
vn -0.5667 -0.4083 0.7156
vn -0.5666 -0.4082 0.7158
vn -0.6538 0.2534 0.7129
vn -0.5835 -0.0823 0.8079
vn 0.5082 0.0500 0.8598
vn 0.4686 0.0332 0.8828
vn 0.4684 0.0331 0.8829
vn 0.4688 0.0333 0.8827
vn 0.3484 0.3150 0.8828
vn 0.3485 0.3152 0.8827
vn 0.3482 0.3149 0.8829
vn 0.6211 -0.2673 0.7368
vn 0.6215 -0.2675 0.7364
vn 0.6211 -0.2672 0.7368
vn 0.5527 -0.2965 0.7789
vn 0.5526 -0.2965 0.7789
vn 0.5171 -0.3116 0.7972
vn 0.5171 -0.3115 0.7972
vn 0.4284 0.0161 0.9034
vn 0.3084 0.2980 0.9034
vn 0.1332 0.5889 0.7972
vn 0.1687 0.6039 0.7790
vn 0.1685 0.6042 0.7788
vn 0.1688 0.6040 0.7789
vn 0.2372 0.6332 0.7367
vn 0.9623 0.2438 0.1209
vn 0.9824 -0.1128 0.1486
vn 0.9919 -0.1093 0.0643
vn 0.9939 -0.1084 0.0213
vn 0.6080 0.7914 0.0642
vn 0.6042 0.7897 0.1067
vn 0.6041 0.7898 0.1068
vn 0.6041 0.7897 0.1068
vn 0.6043 0.7896 0.1067
vn 0.8356 0.5228 0.1688
vn 0.8356 0.5227 0.1688
vn 0.8355 0.5228 0.1689
vn 0.9557 0.2409 0.1688
vn 0.9558 0.2408 0.1689
vn -0.3484 -0.3152 0.8828
vn -0.1332 -0.5889 0.7972
vn -0.1687 -0.6040 0.7789
vn -0.2375 -0.6329 0.7369
vn -0.5171 0.3117 0.7971
vn -0.5170 0.3115 0.7973
vn -0.4285 -0.0160 0.9034
vn 0.6537 0.1122 0.7484
vn 0.7451 -0.2144 0.6316
vn 0.7451 -0.2143 0.6316
vn 0.6855 -0.2398 0.6874
vn 0.2700 0.6472 0.7129
vn 0.2702 0.6471 0.7129
vn 0.3015 0.6607 0.6874
vn 0.3017 0.6607 0.6874
vn 0.3319 0.6736 0.6603
vn 0.6868 0.1263 0.7158
vn 0.9666 0.2457 -0.0727
vn 0.8421 0.5256 -0.1210
vn 0.9557 0.2409 -0.1689
vn 0.9557 0.2409 -0.1688
vn 0.8356 0.5228 -0.1688
vn 0.5984 0.7872 -0.1490
vn 0.6041 0.7897 -0.1066
vn 0.6042 0.7897 -0.1067
vn 0.6042 0.7896 -0.1067
vn 0.6079 0.7914 -0.0642
vn -0.1824 -0.2444 0.9523
vn -0.1824 -0.2444 0.9524
vn -0.3026 0.0375 0.9524
vn -0.3026 0.0373 0.9524
vn -0.3452 0.0192 0.9383
vn -0.3452 0.0193 0.9383
vn -0.0594 -0.5576 0.8280
vn -0.0591 -0.5576 0.8280
vn -0.0593 -0.5576 0.8280
vn -0.0969 -0.5736 0.8134
vn -0.0967 -0.5734 0.8136
vn -0.0967 -0.5733 0.8136
vn -0.2670 -0.2805 0.9220
vn -0.2670 -0.2806 0.9219
vn -0.2671 -0.2804 0.9220
vn -0.3873 0.0015 0.9220
vn -0.4437 0.3430 0.8280
vn -0.4061 0.3592 0.8403
vn -0.4061 0.3594 0.8402
vn -0.4064 0.3594 0.8401
vn -0.3679 0.3753 0.8508
vn -0.2594 0.0561 0.9641
vn -0.2595 0.0562 0.9641
vn -0.2596 0.0563 0.9641
vn -0.1392 -0.2258 0.9642
vn 0.7484 0.1525 0.6455
vn 0.6280 0.4344 0.6457
vn 0.6283 0.4344 0.6454
vn 0.6282 0.4345 0.6455
vn 0.7994 -0.1913 0.5696
vn 0.7994 -0.1914 0.5695
vn 0.7732 -0.2021 0.6011
vn 0.7185 0.1396 0.6814
vn 0.5982 0.4217 0.6814
vn 0.5983 0.4215 0.6814
vn 0.4157 0.7093 0.5693
vn 0.4155 0.7095 0.5692
vn 0.4155 0.7092 0.5695
vn 0.4155 0.7092 0.5696
vn 0.4404 0.7199 0.5365
vn 0.8033 0.1760 0.5690
vn 0.3933 -0.9194 0.0001
vn 0.3933 -0.9194 -0.0000
vn 0.3934 -0.9194 -0.0001
vn 0.3931 -0.9195 0.0001
vn 0.3930 -0.9195 0.0001
vn 0.3938 -0.9192 -0.0000
vn 0.3931 -0.9195 -0.0000
vn 0.3930 -0.9195 -0.0001
vn 0.3935 -0.9193 0.0002
vn 0.3934 -0.9194 0.0001
vn 0.3933 -0.9194 -0.0001
vn 0.3935 -0.9193 -0.0000
vn 0.3932 -0.9195 -0.0000
vn 0.1219 0.9915 -0.0461
vn 0.1218 0.9915 -0.0461
vn 0.1215 0.9916 -0.0456
vn 0.1217 0.9915 -0.0461
vn 0.4572 0.1957 -0.8676
vn 0.4572 0.1961 -0.8675
vn 0.4573 0.1958 -0.8675
vn 0.4572 0.1956 -0.8676
vn 0.0965 0.0413 0.9945
vn 0.0965 0.0414 0.9945
vn 0.0965 0.0412 0.9945
vn -0.7297 -0.3125 0.6081
vn -0.7299 -0.3123 0.6080
vn -0.7297 -0.3125 0.6082
vn -0.7297 -0.3119 0.6085
vn 0.2840 0.1216 -0.9511
vn 0.2842 0.1215 -0.9510
vn 0.2839 0.1216 -0.9511
vn 0.2837 0.1217 -0.9512
vn 0.2840 0.1216 0.9511
vn 0.2839 0.1213 0.9512
vn 0.2840 0.1219 0.9510
vn -0.6072 -0.2600 0.7508
vn -0.6071 -0.2595 0.7511
vn -0.6072 -0.2601 0.7508
vn 0.0965 0.0413 -0.9945
vn 0.0964 0.0414 -0.9945
vn 0.0966 0.0413 -0.9945
vn 0.4566 0.1956 0.8679
vn 0.4570 0.1955 0.8677
vn 0.4566 0.1955 0.8679
vn 0.4568 0.1954 0.8678
vn -0.4570 -0.1955 0.8677
vn -0.4570 -0.1953 0.8678
vn -0.4569 -0.1952 0.8678
vn -0.4570 -0.1954 0.8678
vn -0.0964 -0.0413 -0.9945
vn 0.6076 0.2598 0.7505
vn 0.6077 0.2598 0.7505
vn -0.2840 -0.1214 0.9511
vn -0.2841 -0.1217 0.9510
vn -0.2843 -0.1217 0.9510
vn -0.2840 -0.1214 -0.9511
vn -0.2843 -0.1213 -0.9510
vn -0.2838 -0.1216 -0.9512
vn 0.7298 0.3123 0.6081
vn 0.7299 0.3122 0.6081
vn 0.7299 0.3123 0.6080
vn -0.0964 -0.0413 0.9945
vn -0.4571 -0.1955 -0.8677
vn -0.4570 -0.1955 -0.8677
vn 0.8227 0.3524 0.4461
vn 0.8232 0.3519 0.4456
vn 0.8227 0.3523 0.4461
vn 0.8226 0.3522 0.4464
vn -0.6072 -0.2598 -0.7509
vn -0.6070 -0.2598 -0.7510
vn -0.6071 -0.2597 -0.7510
vn 0.8845 0.3787 0.2725
vn 0.8846 0.3785 0.2724
vn 0.8845 0.3786 0.2724
vn 0.8845 0.3786 0.2725
vn -0.7299 -0.3124 -0.6079
vn -0.7299 -0.3123 -0.6080
vn -0.7299 -0.3124 -0.6080
vn 0.9155 0.3918 0.0915
vn 0.9156 0.3917 0.0915
vn 0.9154 0.3919 0.0915
vn 0.9156 0.3916 0.0915
vn -0.8227 -0.3517 -0.4466
vn -0.8227 -0.3521 -0.4463
vn -0.8227 -0.3520 -0.4464
vn 0.9156 0.3916 -0.0915
vn 0.9156 0.3915 -0.0915
vn 0.9155 0.3918 -0.0915
vn -0.8847 -0.3786 -0.2721
vn -0.8845 -0.3789 -0.2723
vn -0.8846 -0.3784 -0.2725
vn -0.8847 -0.3785 -0.2723
vn 0.8846 0.3784 -0.2724
vn 0.8846 0.3785 -0.2724
vn 0.8847 0.3783 -0.2724
vn 0.8847 0.3782 -0.2724
vn -0.9156 -0.3915 -0.0918
vn -0.9155 -0.3917 -0.0915
vn -0.9156 -0.3915 -0.0919
vn -0.9155 -0.3917 -0.0916
vn 0.8227 0.3523 -0.4461
vn 0.8229 0.3520 -0.4460
vn 0.8227 0.3524 -0.4461
vn 0.8227 0.3521 -0.4464
vn -0.9156 -0.3915 0.0918
vn -0.9156 -0.3916 0.0915
vn -0.9156 -0.3915 0.0919
vn -0.9155 -0.3918 0.0915
vn 0.7301 0.3121 -0.6079
vn -0.8847 -0.3786 0.2721
vn -0.8848 -0.3782 0.2723
vn -0.8847 -0.3786 0.2720
vn -0.8846 -0.3784 0.2725
vn 0.6072 0.2598 -0.7508
vn 0.6072 0.2598 -0.7509
vn 0.6070 0.2595 -0.7512
vn 0.6071 0.2597 -0.7510
vn -0.8227 -0.3517 0.4466
vn -0.8227 -0.3521 0.4463
vn 0.6235 -0.7524 -0.2122
vn 0.6235 -0.7524 -0.2123
vn 0.6235 -0.7524 -0.2124
vn 0.6236 -0.7525 -0.2120
vn -0.7844 0.6050 -0.1367
vn -0.7844 0.6050 -0.1368
vn -0.7845 0.6048 -0.1368
vn 0.1042 0.9851 -0.1368
vn 0.1041 0.9851 -0.1367
vn -0.8011 0.5967 -0.0461
vn -0.8012 0.5966 -0.0461
vn 0.0695 0.9724 -0.2226
vn -0.8011 0.5967 0.0461
vn -0.8012 0.5966 0.0461
vn -0.8011 0.5968 0.0461
vn 0.0190 0.9536 -0.3006
vn 0.0187 0.9534 -0.3011
vn 0.0191 0.9535 -0.3006
vn 0.0190 0.9536 -0.3005
vn -0.7846 0.6047 0.1368
vn -0.7845 0.6048 0.1368
vn -0.7844 0.6050 0.1369
vn -0.7844 0.6050 0.1368
vn -0.0462 0.9288 -0.3678
vn -0.0460 0.9289 -0.3674
vn -0.0460 0.9289 -0.3673
vn -0.0460 0.9290 -0.3672
vn -0.7513 0.6213 0.2226
vn -0.7514 0.6212 0.2226
vn -0.1226 0.8990 -0.4204
vn -0.1227 0.8990 -0.4204
vn -0.1226 0.8991 -0.4203
vn -0.2989 0.8271 0.4761
vn -0.2991 0.8269 0.4761
vn -0.2989 0.8269 0.4762
vn -0.2990 0.8268 0.4764
vn -0.7028 0.6447 0.3007
vn -0.7025 0.6451 0.3006
vn -0.7027 0.6449 0.3006
vn -0.7027 0.6449 0.3005
vn -0.2082 0.8646 -0.4574
vn -0.2083 0.8646 -0.4572
vn -0.2084 0.8646 -0.4572
vn -0.2082 0.8645 -0.4575
vn -0.2084 0.8646 0.4572
vn -0.2083 0.8646 0.4573
vn -0.2085 0.8646 0.4572
vn -0.2085 0.8647 0.4570
vn -0.6402 0.6747 0.3674
vn -0.6401 0.6747 0.3674
vn -0.6402 0.6746 0.3676
vn -0.6403 0.6747 0.3672
vn -0.2991 0.8269 -0.4762
vn -0.2991 0.8269 -0.4761
vn -0.1222 0.8991 0.4203
vn -0.1222 0.8992 0.4201
vn -0.1225 0.8991 0.4202
vn -0.1227 0.8990 0.4205
vn -0.5655 0.7096 0.4204
vn -0.5655 0.7095 0.4204
vn -0.3915 0.7876 -0.4759
vn -0.3915 0.7875 -0.4760
vn -0.0457 0.9289 0.3675
vn -0.0457 0.9289 0.3676
vn -0.0458 0.9289 0.3674
vn -0.0461 0.9289 0.3675
vn -0.4814 0.7477 0.4574
vn -0.4814 0.7478 0.4573
vn -0.4815 0.7476 0.4574
vn -0.4816 0.7476 0.4573
vn -0.4814 0.7477 -0.4574
vn -0.4816 0.7477 -0.4572
vn -0.4814 0.7478 -0.4572
vn -0.4816 0.7477 -0.4571
vn 0.0190 0.9536 0.3006
vn 0.0189 0.9536 0.3005
vn 0.0190 0.9535 0.3007
vn 0.0190 0.9535 0.3008
vn -0.3915 0.7873 0.4764
vn -0.3914 0.7873 0.4765
vn -0.3914 0.7873 0.4764
vn -0.3915 0.7873 0.4763
vn -0.5655 0.7095 -0.4204
vn -0.5655 0.7096 -0.4204
vn 0.0696 0.9724 0.2226
vn 0.0695 0.9724 0.2226
vn 0.0697 0.9724 0.2226
vn -0.6401 0.6748 -0.3673
vn -0.6401 0.6748 -0.3674
vn -0.6401 0.6747 -0.3675
vn 0.1041 0.9851 0.1368
vn 0.1042 0.9851 0.1368
vn -0.7027 0.6449 -0.3005
vn -0.7028 0.6448 -0.3005
vn -0.7028 0.6449 -0.3004
vn 0.1218 0.9915 0.0461
vn 0.1217 0.9915 0.0460
vn 0.1220 0.9915 0.0456
vn -0.7513 0.6213 -0.2226
vn 0.2841 0.1215 -0.9511
vn 0.2836 0.1212 -0.9512
vn 0.2837 0.1213 -0.9512
vn 0.2842 0.1216 -0.9510
vn 0.0526 -0.9939 0.0970
vn 0.0527 -0.9939 0.0969
vn 0.0528 -0.9939 0.0969
vn 0.5787 -0.7732 -0.2594
vn 0.5785 -0.7735 -0.2590
vn 0.5787 -0.7733 -0.2592
vn 0.0775 -0.9844 0.1576
vn 0.0776 -0.9845 0.1576
vn 0.0776 -0.9845 0.1575
vn 0.5257 -0.7974 -0.2962
vn 0.5257 -0.7974 -0.2964
vn 0.5257 -0.7974 -0.2963
vn 0.4029 -0.8518 0.3349
vn 0.4029 -0.8518 0.3348
vn 0.4028 -0.8517 0.3351
vn 0.1135 -0.9706 0.2125
vn 0.1131 -0.9706 0.2125
vn 0.1135 -0.9706 0.2124
vn 0.1136 -0.9706 0.2124
vn 0.4664 -0.8239 -0.3219
vn 0.4663 -0.8240 -0.3217
vn 0.4663 -0.8240 -0.3218
vn 0.4664 -0.8239 0.3218
vn 0.4663 -0.8240 0.3218
vn 0.4663 -0.8240 0.3217
vn 0.1596 -0.9525 0.2594
vn 0.1594 -0.9525 0.2593
vn 0.1597 -0.9525 0.2591
vn 0.4025 -0.8519 -0.3351
vn 0.4026 -0.8519 -0.3349
vn 0.4027 -0.8518 -0.3350
vn 0.4027 -0.8518 -0.3351
vn 0.5257 -0.7974 0.2963
vn 0.5257 -0.7974 0.2964
vn 0.2139 -0.9309 0.2962
vn 0.2138 -0.9309 0.2962
vn 0.2141 -0.9308 0.2962
vn 0.3379 -0.8796 -0.3349
vn 0.3381 -0.8796 -0.3347
vn 0.3379 -0.8795 -0.3350
vn 0.5786 -0.7733 0.2593
vn 0.5788 -0.7732 0.2592
vn 0.5788 -0.7732 0.2593
vn 0.2740 -0.9063 0.3217
vn 0.2740 -0.9063 -0.3218
vn 0.2739 -0.9064 -0.3216
vn 0.6235 -0.7524 0.2125
vn 0.6235 -0.7524 0.2124
vn 0.3379 -0.8796 0.3347
vn 0.3379 -0.8796 0.3348
vn 0.3379 -0.8796 0.3349
vn 0.3381 -0.8796 0.3348
vn 0.2138 -0.9309 -0.2962
vn 0.2140 -0.9309 -0.2961
vn 0.6585 -0.7359 0.1576
vn 0.6584 -0.7359 0.1576
vn 0.1595 -0.9526 -0.2591
vn 0.1593 -0.9526 -0.2592
vn 0.1597 -0.9526 -0.2591
vn 0.1596 -0.9525 -0.2592
vn 0.6825 -0.7245 0.0968
vn 0.6825 -0.7245 0.0969
vn 0.6824 -0.7246 0.0969
vn 0.6824 -0.7245 0.0969
vn 0.1135 -0.9706 -0.2124
vn 0.1136 -0.9706 -0.2124
vn 0.1135 -0.9705 -0.2125
vn 0.6945 -0.7187 0.0327
vn 0.6946 -0.7187 0.0327
vn 0.6945 -0.7188 0.0327
vn 0.0776 -0.9845 -0.1576
vn 0.0776 -0.9844 -0.1576
vn 0.0774 -0.9845 -0.1576
vn 0.6947 -0.7186 -0.0327
vn 0.6951 -0.7181 -0.0326
vn 0.6946 -0.7186 -0.0327
vn 0.6946 -0.7187 -0.0327
vn 0.0529 -0.9939 -0.0969
vn 0.0527 -0.9939 -0.0969
vn 0.0528 -0.9939 -0.0969
vn 0.6824 -0.7245 -0.0969
vn 0.6824 -0.7246 -0.0969
vn 0.6825 -0.7245 -0.0967
vn 0.6826 -0.7243 -0.0970
vn 0.0399 -0.9987 -0.0327
vn 0.0403 -0.9987 -0.0327
vn 0.0402 -0.9987 -0.0327
vn 0.6585 -0.7359 -0.1576
vn 0.0402 -0.9987 0.0327
vn 0.0403 -0.9987 0.0328
vn -0.4812 0.7505 -0.4530
vn -0.4814 0.7503 -0.4532
vn -0.4813 0.7504 -0.4530
vn -0.4813 0.7502 -0.4534
vn 0.2840 0.1214 0.9511
vn 0.2837 0.1214 0.9512
vn 0.2841 0.1215 0.9511
vn 0.2839 0.1214 0.9511
vn -0.6070 -0.2596 0.7511
vn -0.6071 -0.2597 0.7510
vn -0.6072 -0.2598 0.7509
vn -0.6073 -0.2599 0.7508
vn 0.0968 0.0414 -0.9944
vn 0.4572 0.1955 0.8676
vn 0.4571 0.1955 0.8677
vn 0.4575 0.1956 0.8674
vn 0.4575 0.1957 0.8674
vn -0.4575 -0.1956 0.8674
vn -0.4573 -0.1956 0.8675
vn -0.4576 -0.1955 0.8674
vn -0.0965 -0.0413 -0.9945
vn -0.0961 -0.0413 -0.9945
vn -0.0963 -0.0412 -0.9945
vn 0.6071 0.2596 0.7510
vn 0.6072 0.2598 0.7509
vn 0.6069 0.2593 0.7513
vn -0.2841 -0.1215 0.9510
vn -0.2841 -0.1216 0.9510
vn -0.2841 -0.1215 0.9511
vn -0.2841 -0.1215 -0.9511
vn -0.2841 -0.1216 -0.9510
vn -0.2842 -0.1216 -0.9510
vn 0.7300 0.3121 0.6081
vn 0.7300 0.3123 0.6079
vn 0.7299 0.3119 0.6083
vn -0.0968 -0.0414 0.9944
vn -0.0961 -0.0412 0.9945
vn -0.0963 -0.0412 0.9945
vn -0.0965 -0.0413 0.9945
vn -0.4575 -0.1956 -0.8674
vn -0.4574 -0.1954 -0.8675
vn -0.4572 -0.1955 -0.8676
vn 0.8228 0.3519 0.4463
vn 0.8227 0.3522 0.4462
vn 0.8227 0.3519 0.4464
vn 0.8228 0.3520 0.4463
vn -0.6071 -0.2595 -0.7511
vn -0.6070 -0.2597 -0.7510
vn 0.8845 0.3788 0.2723
vn 0.8846 0.3784 0.2726
vn 0.8845 0.3787 0.2723
vn 0.8846 0.3784 0.2725
vn -0.7300 -0.3121 -0.6081
vn -0.7300 -0.3123 -0.6079
vn -0.7299 -0.3121 -0.6081
vn -0.7299 -0.3125 -0.6080
vn 0.9155 0.3917 0.0916
vn -0.8227 -0.3519 -0.4465
vn -0.8227 -0.3521 -0.4462
vn -0.8228 -0.3523 -0.4460
vn -0.8228 -0.3520 -0.4463
vn 0.9155 0.3917 -0.0915
vn -0.8845 -0.3788 -0.2723
vn -0.8845 -0.3791 -0.2720
vn -0.8845 -0.3787 -0.2723
vn -0.8846 -0.3784 -0.2726
vn 0.8845 0.3788 -0.2723
vn 0.8847 0.3785 -0.2720
vn 0.8845 0.3787 -0.2723
vn 0.8845 0.3786 -0.2725
vn 0.8227 0.3520 -0.4464
vn 0.8228 0.3520 -0.4463
vn 0.8228 0.3523 -0.4460
vn 0.8228 0.3526 -0.4457
vn -0.9155 -0.3917 0.0916
vn -0.9155 -0.3918 0.0913
vn -0.9155 -0.3918 0.0912
vn 0.7300 0.3121 -0.6081
vn 0.7298 0.3122 -0.6082
vn 0.7299 0.3121 -0.6081
vn 0.7299 0.3124 -0.6080
vn -0.8845 -0.3787 0.2723
vn -0.8847 -0.3785 0.2720
vn -0.8845 -0.3788 0.2723
vn -0.8843 -0.3790 0.2726
vn 0.6070 0.2597 -0.7510
vn 0.6069 0.2593 -0.7513
vn -0.8228 -0.3523 0.4460
vn -0.8227 -0.3520 0.4464
vn -0.8225 -0.3525 0.4463
vn 0.4572 0.1955 -0.8676
vn 0.4574 0.1954 -0.8675
vn 0.4571 0.1955 -0.8677
vn 0.4570 0.1955 -0.8677
vn 0.0968 0.0414 0.9944
vn 0.0968 0.0413 0.9944
vn 0.0964 0.0412 0.9945
vn -0.7299 -0.3125 0.6080
vn -0.7299 -0.3121 0.6081
vn -0.7298 -0.3122 0.6083
vn -0.0837 -0.9362 -0.3414
vn -0.0842 -0.9362 -0.3413
vn -0.0841 -0.9362 -0.3413
vn -0.0840 -0.9361 -0.3414
vn 0.0144 0.9545 0.2978
vn 0.0148 0.9546 0.2974
vn 0.0147 0.9545 0.2977
vn 0.0146 0.9545 0.2978
vn -0.3921 0.7898 0.4717
vn -0.3921 0.7897 0.4719
vn -0.3919 0.7898 0.4718
vn -0.5645 0.7125 -0.4168
vn -0.5645 0.7124 -0.4168
vn -0.5646 0.7125 -0.4167
vn -0.5646 0.7125 -0.4166
vn 0.0649 0.9732 0.2207
vn 0.0648 0.9732 0.2205
vn -0.6383 0.6783 -0.3640
vn -0.6384 0.6782 -0.3640
vn -0.6382 0.6782 -0.3643
vn 0.0990 0.9858 0.1356
vn 0.0991 0.9858 0.1354
vn 0.0992 0.9858 0.1355
vn 0.0991 0.9858 0.1356
vn -0.7006 0.6486 -0.2974
vn -0.7004 0.6487 -0.2978
vn -0.7004 0.6486 -0.2978
vn 0.1166 0.9921 0.0460
vn 0.1166 0.9921 0.0459
vn 0.1166 0.9921 0.0455
vn 0.1166 0.9921 0.0456
vn -0.7487 0.6252 -0.2205
vn -0.7486 0.6252 -0.2206
vn -0.7486 0.6253 -0.2206
vn 0.1166 0.9921 -0.0459
vn 0.1167 0.9921 -0.0459
vn 0.1167 0.9921 -0.0456
vn -0.7815 0.6090 -0.1355
vn -0.7818 0.6086 -0.1355
vn -0.7815 0.6090 -0.1356
vn -0.7814 0.6091 -0.1354
vn 0.0992 0.9858 -0.1355
vn 0.0991 0.9858 -0.1356
vn -0.7984 0.6004 -0.0455
vn -0.7981 0.6008 -0.0457
vn -0.7981 0.6007 -0.0457
vn -0.7983 0.6006 -0.0457
vn 0.0649 0.9732 -0.2207
vn 0.0647 0.9732 -0.2206
vn 0.0650 0.9732 -0.2206
vn 0.0649 0.9731 -0.2209
vn -0.7984 0.6004 0.0456
vn -0.7981 0.6008 0.0457
vn -0.7984 0.6003 0.0456
vn 0.0146 0.9545 -0.2978
vn 0.0147 0.9545 -0.2978
vn -0.7815 0.6091 0.1355
vn -0.7814 0.6091 0.1355
vn -0.7814 0.6091 0.1356
vn -0.7815 0.6090 0.1356
vn -0.0497 0.9301 -0.3640
vn -0.0499 0.9301 -0.3639
vn -0.7486 0.6251 0.2211
vn -0.7486 0.6253 0.2206
vn -0.7483 0.6254 0.2212
vn -0.7483 0.6255 0.2210
vn -0.1258 0.9004 -0.4165
vn -0.1257 0.9004 -0.4165
vn -0.1259 0.9005 -0.4163
vn -0.3002 0.8290 0.4718
vn -0.3005 0.8290 0.4717
vn -0.3003 0.8290 0.4717
vn -0.7004 0.6487 0.2977
vn -0.7004 0.6486 0.2978
vn -0.7007 0.6484 0.2976
vn -0.7004 0.6487 0.2976
vn -0.2106 0.8663 -0.4529
vn -0.2105 0.8663 -0.4530
vn -0.2103 0.8663 -0.4531
vn -0.2103 0.8663 -0.4532
vn -0.2104 0.8662 0.4533
vn -0.2105 0.8662 0.4531
vn -0.2104 0.8664 0.4529
vn -0.2105 0.8663 0.4529
vn -0.6383 0.6779 0.3646
vn -0.6384 0.6781 0.3641
vn -0.6381 0.6782 0.3645
vn -0.6383 0.6783 0.3641
vn -0.3005 0.8290 -0.4717
vn -0.3006 0.8289 -0.4717
vn -0.1255 0.9004 0.4165
vn -0.1257 0.9004 0.4165
vn -0.1255 0.9004 0.4166
vn -0.5644 0.7126 0.4167
vn -0.5644 0.7127 0.4165
vn -0.5645 0.7125 0.4168
vn -0.3918 0.7898 -0.4720
vn -0.3917 0.7898 -0.4720
vn -0.3918 0.7898 -0.4719
vn -0.0499 0.9301 0.3638
vn -0.0501 0.9301 0.3639
vn -0.0498 0.9301 0.3640
vn -0.0497 0.9301 0.3639
vn -0.4812 0.7504 0.4531
vn -0.4813 0.7505 0.4530
vn -0.4812 0.7505 0.4530
vn -0.9155 -0.3918 -0.0915
vn -0.9156 -0.3917 -0.0915
vn 0.8459 -0.5308 0.0523
vn 0.8456 -0.5313 0.0521
vn 0.8458 -0.5310 0.0523
vn -0.1414 -0.9572 -0.2525
vn -0.1415 -0.9572 -0.2526
vn -0.1415 -0.9571 -0.2527
vn 0.8459 -0.5308 -0.0523
vn 0.8458 -0.5309 -0.0523
vn 0.8459 -0.5307 -0.0523
vn 0.8460 -0.5307 -0.0523
vn -0.1803 -0.9713 -0.1555
vn -0.1803 -0.9713 -0.1551
vn -0.1807 -0.9712 -0.1553
vn -0.1805 -0.9713 -0.1551
vn 0.8272 -0.5400 -0.1551
vn 0.8272 -0.5402 -0.1551
vn 0.8272 -0.5401 -0.1551
vn 0.8271 -0.5402 -0.1552
vn -0.2006 -0.9783 -0.0524
vn -0.2004 -0.9783 -0.0523
vn -0.2005 -0.9783 -0.0524
vn -0.2005 -0.9783 -0.0523
vn 0.7899 -0.5587 -0.2527
vn 0.7899 -0.5588 -0.2527
vn 0.7898 -0.5589 -0.2526
vn -0.2009 -0.9782 0.0527
vn -0.2006 -0.9783 0.0524
vn -0.2009 -0.9782 0.0526
vn -0.2008 -0.9782 0.0525
vn 0.7354 -0.5853 -0.3414
vn 0.7353 -0.5856 -0.3412
vn 0.7351 -0.5859 -0.3411
vn -0.1808 -0.9711 0.1555
vn -0.1805 -0.9713 0.1551
vn -0.1806 -0.9712 0.1552
vn 0.6647 -0.6194 -0.4178
vn 0.6644 -0.6197 -0.4177
vn 0.6647 -0.6193 -0.4178
vn 0.6645 -0.6198 -0.4175
vn -0.1416 -0.9573 0.2521
vn -0.1415 -0.9571 0.2528
vn -0.1415 -0.9572 0.2526
vn -0.1415 -0.9572 0.2523
vn 0.5800 -0.6593 -0.4784
vn 0.5797 -0.6594 -0.4787
vn 0.5796 -0.6595 -0.4787
vn 0.5801 -0.6593 -0.4784
vn 0.3822 -0.7481 0.5424
vn 0.3823 -0.7481 0.5424
vn 0.3823 -0.7482 0.5423
vn 0.3822 -0.7482 0.5423
vn -0.0842 -0.9361 0.3414
vn -0.0841 -0.9362 0.3413
vn -0.0842 -0.9361 0.3415
vn 0.4848 -0.7027 -0.5207
vn 0.4848 -0.7028 -0.5206
vn 0.4849 -0.7027 -0.5207
vn 0.4847 -0.7028 -0.5207
vn 0.4850 -0.7026 0.5207
vn 0.4849 -0.7027 0.5207
vn 0.4848 -0.7027 0.5207
vn -0.0108 -0.9084 0.4179
vn -0.0106 -0.9084 0.4179
vn -0.0107 -0.9084 0.4179
vn -0.0110 -0.9084 0.4180
vn 0.3824 -0.7479 -0.5426
vn 0.3826 -0.7480 -0.5423
vn 0.3823 -0.7479 -0.5427
vn 0.3822 -0.7481 -0.5424
vn 0.5800 -0.6593 0.4784
vn 0.5801 -0.6592 0.4785
vn 0.5800 -0.6593 0.4785
vn 0.0765 -0.8748 0.4784
vn 0.0762 -0.8748 0.4784
vn 0.0758 -0.8749 0.4784
vn 0.0763 -0.8748 0.4784
vn 0.2771 -0.7931 -0.5424
vn 0.2770 -0.7932 -0.5423
vn 0.2771 -0.7932 -0.5423
vn 0.6645 -0.6196 0.4177
vn 0.6644 -0.6194 0.4182
vn 0.6646 -0.6194 0.4179
vn 0.6646 -0.6196 0.4177
vn 0.1737 -0.8360 0.5206
vn 0.1737 -0.8359 0.5206
vn 0.1737 -0.8360 -0.5206
vn 0.1738 -0.8360 -0.5205
vn 0.1737 -0.8359 -0.5206
vn 0.7353 -0.5856 0.3413
vn 0.7353 -0.5855 0.3413
vn 0.2772 -0.7932 0.5423
vn 0.2773 -0.7932 0.5422
vn 0.2772 -0.7931 0.5423
vn 0.0762 -0.8747 -0.4786
vn 0.0762 -0.8748 -0.4785
vn 0.0762 -0.8748 -0.4784
vn 0.7899 -0.5587 0.2527
vn 0.7901 -0.5585 0.2525
vn 0.7900 -0.5586 0.2527
vn -0.0106 -0.9086 -0.4175
vn -0.0103 -0.9087 -0.4174
vn -0.0107 -0.9086 -0.4175
vn -0.0109 -0.9086 -0.4175
vn 0.8271 -0.5402 0.1551
vn 0.8272 -0.5401 0.1551
vn -0.7937 0.5491 0.2618
vn -0.7937 0.5491 0.2617
vn 0.8224 0.3525 -0.4465
vn 0.8227 0.3520 -0.4463
vn 0.8226 0.3522 -0.4464
vn 0.8228 0.3519 -0.4463
vn -0.9156 -0.3916 0.0914
vn -0.9156 -0.3917 0.0915
vn -0.9155 -0.3918 0.0916
vn 0.7300 0.3125 -0.6079
vn 0.7300 0.3124 -0.6079
vn 0.7299 0.3122 -0.6081
vn -0.8846 -0.3785 0.2724
vn 0.6071 0.2599 -0.7509
vn 0.6071 0.2598 -0.7509
vn -0.8226 -0.3521 0.4464
vn -0.8225 -0.3523 0.4466
vn -0.8224 -0.3525 0.4465
vn -0.8228 -0.3519 0.4463
vn 0.4568 0.1954 -0.8678
vn 0.4569 0.1955 -0.8677
vn 0.4569 0.1954 -0.8678
vn 0.4570 0.1952 -0.8678
vn 0.0966 0.0413 0.9945
vn 0.0966 0.0414 0.9945
vn -0.7300 -0.3123 0.6079
vn -0.7304 -0.3123 0.6075
vn -0.7301 -0.3125 0.6077
vn 0.2843 0.1220 -0.9509
vn 0.2842 0.1214 -0.9511
vn 0.2843 0.1220 0.9509
vn -0.6072 -0.2598 0.7508
vn -0.6069 -0.2596 0.7512
vn 0.0964 0.0413 -0.9945
vn 0.0966 0.0414 -0.9945
vn 0.4568 0.1955 0.8678
vn 0.4567 0.1959 0.8678
vn -0.4568 -0.1954 0.8679
vn -0.4569 -0.1954 0.8678
vn -0.4565 -0.1954 0.8680
vn -0.4568 -0.1955 0.8678
vn -0.0965 -0.0412 -0.9945
vn -0.0966 -0.0414 -0.9945
vn -0.0967 -0.0414 -0.9945
vn -0.2844 -0.1218 0.9509
vn -0.2844 -0.1218 -0.9509
vn -0.2842 -0.1214 -0.9511
vn -0.0969 -0.0415 0.9944
vn -0.0967 -0.0414 0.9945
vn -0.4569 -0.1955 -0.8678
vn -0.4568 -0.1954 -0.8679
vn -0.4569 -0.1955 -0.8677
vn 0.8226 0.3522 0.4465
vn 0.8227 0.3522 0.4463
vn 0.8227 0.3521 0.4463
vn -0.6074 -0.2597 -0.7507
vn 0.8845 0.3789 0.2722
vn -0.7300 -0.3124 -0.6079
vn 0.9155 0.3918 0.0916
vn 0.9156 0.3916 0.0914
vn -0.8224 -0.3525 -0.4465
vn -0.8226 -0.3521 -0.4464
vn -0.8226 -0.3522 -0.4464
vn -0.8226 -0.3524 -0.4463
vn 0.9156 0.3916 -0.0914
vn -0.8846 -0.3785 -0.2724
vn 0.8846 0.3786 -0.2724
vn 0.8845 0.3789 -0.2722
vn -0.0604 -0.9912 -0.1181
vn -0.0605 -0.9911 -0.1182
vn -0.0603 -0.9911 -0.1183
vn -0.0605 -0.9912 -0.1182
vn -0.1661 0.9238 -0.3449
vn -0.2969 0.8454 0.4439
vn -0.2969 0.8454 0.4440
vn -0.7313 0.5874 0.3467
vn -0.7313 0.5873 0.3468
vn -0.7312 0.5873 0.3470
vn -0.2244 0.8884 -0.4004
vn -0.2246 0.8884 -0.4004
vn -0.2244 0.8884 0.4004
vn -0.6536 0.6344 0.4128
vn -0.6535 0.6342 0.4131
vn -0.2970 0.8454 -0.4440
vn -0.2969 0.8454 -0.4440
vn -0.1661 0.9238 0.3449
vn -0.1661 0.9238 0.3450
vn -0.5654 0.6870 0.4564
vn -0.5653 0.6872 0.4563
vn -0.3811 0.7959 -0.4704
vn -0.3810 0.7960 -0.4704
vn -0.3810 0.7960 -0.4703
vn -0.1223 0.9514 0.2825
vn -0.1222 0.9514 0.2825
vn -0.4723 0.7423 0.4754
vn -0.4723 0.7422 0.4754
vn -0.4721 0.7424 0.4754
vn -0.4723 0.7422 -0.4754
vn -0.4724 0.7422 -0.4753
vn -0.0919 0.9717 0.2177
vn -0.3810 0.7960 0.4704
vn -0.5653 0.6872 -0.4563
vn -0.0725 0.9855 0.1533
vn -0.0725 0.9855 0.1534
vn -0.6536 0.6344 -0.4128
vn -0.6537 0.6342 -0.4128
vn -0.0615 0.9940 0.0908
vn -0.7313 0.5873 -0.3467
vn -0.7313 0.5873 -0.3468
vn -0.7314 0.5872 -0.3468
vn -0.0566 0.9979 0.0300
vn -0.7937 0.5491 -0.2617
vn -0.7937 0.5491 -0.2618
vn -0.7936 0.5492 -0.2618
vn -0.0566 0.9979 -0.0300
vn -0.0565 0.9980 -0.0300
vn -0.8371 0.5223 -0.1628
vn -0.0615 0.9940 -0.0908
vn -0.0614 0.9940 -0.0907
vn -0.8592 0.5086 -0.0553
vn -0.8593 0.5085 -0.0554
vn -0.8592 0.5087 -0.0553
vn -0.8593 0.5085 -0.0552
vn -0.0724 0.9855 -0.1534
vn -0.0725 0.9855 -0.1534
vn -0.0726 0.9855 -0.1534
vn -0.8594 0.5083 0.0551
vn -0.8595 0.5082 0.0549
vn -0.8594 0.5084 0.0551
vn -0.8593 0.5085 0.0552
vn -0.0919 0.9717 -0.2177
vn -0.0920 0.9717 -0.2177
vn -0.8371 0.5223 0.1627
vn -0.8371 0.5223 0.1628
vn -0.8370 0.5224 0.1629
vn -0.1223 0.9514 -0.2828
vn -0.1223 0.9514 -0.2825
vn -0.9155 -0.2968 0.2717
vn -0.9155 -0.2967 0.2717
vn 0.7042 -0.7009 -0.1132
vn 0.7042 -0.7010 -0.1131
vn 0.7042 -0.7009 -0.1131
vn 0.7042 -0.7010 -0.1130
vn -0.0766 -0.9963 -0.0401
vn -0.0763 -0.9963 -0.0399
vn -0.0763 -0.9963 -0.0400
vn -0.0764 -0.9963 -0.0399
vn 0.6766 -0.7129 -0.1842
vn 0.6766 -0.7130 -0.1841
vn 0.6765 -0.7130 -0.1842
vn -0.0765 -0.9963 0.0398
vn -0.0764 -0.9963 0.0399
vn -0.0764 -0.9963 0.0400
vn 0.6360 -0.7305 -0.2488
vn 0.6360 -0.7302 -0.2496
vn 0.6359 -0.7305 -0.2490
vn -0.0601 -0.9912 0.1181
vn -0.0604 -0.9912 0.1181
vn -0.0604 -0.9911 0.1184
vn -0.0605 -0.9911 0.1182
vn 0.5836 -0.7525 -0.3054
vn 0.5835 -0.7525 -0.3053
vn 0.5835 -0.7525 -0.3052
vn -0.0294 -0.9810 0.1920
vn -0.0293 -0.9810 0.1920
vn 0.5207 -0.7785 -0.3504
vn 0.5208 -0.7785 -0.3502
vn 0.5207 -0.7786 -0.3503
vn 0.3734 -0.8372 0.3997
vn 0.3735 -0.8372 0.3996
vn 0.3732 -0.8373 0.3997
vn 0.3734 -0.8371 0.3998
vn 0.0165 -0.9659 0.2585
vn 0.0160 -0.9659 0.2584
vn 0.0164 -0.9658 0.2588
vn 0.0160 -0.9659 0.2585
vn 0.4500 -0.8071 -0.3822
vn 0.4501 -0.8072 -0.3818
vn 0.4502 -0.8072 -0.3817
vn 0.4499 -0.8071 0.3822
vn 0.4501 -0.8070 0.3823
vn 0.4499 -0.8072 0.3822
vn 0.0735 -0.9465 0.3144
vn 0.0737 -0.9464 0.3144
vn 0.0737 -0.9465 0.3143
vn 0.0736 -0.9464 0.3144
vn 0.3732 -0.8370 -0.4002
vn 0.3734 -0.8371 -0.3998
vn 0.3734 -0.8370 -0.4000
vn 0.3735 -0.8371 -0.3997
vn 0.5208 -0.7786 0.3501
vn 0.5212 -0.7781 0.3505
vn 0.5209 -0.7785 0.3502
vn 0.5208 -0.7785 0.3504
vn 0.1413 -0.9230 0.3580
vn 0.1412 -0.9229 0.3581
vn 0.1412 -0.9229 0.3582
vn 0.1414 -0.9230 0.3579
vn 0.2942 -0.8672 -0.4017
vn 0.2943 -0.8672 -0.4016
vn 0.2943 -0.8673 -0.4014
vn 0.2943 -0.8673 -0.4016
vn 0.5835 -0.7525 0.3053
vn 0.5835 -0.7526 0.3053
vn 0.2158 -0.8962 0.3877
vn 0.2158 -0.8962 0.3875
vn 0.2158 -0.8962 0.3876
vn 0.2159 -0.8959 0.3883
vn 0.2158 -0.8962 -0.3876
vn 0.2157 -0.8963 -0.3876
vn 0.2156 -0.8964 -0.3872
vn 0.2158 -0.8964 -0.3871
vn 0.6359 -0.7305 0.2490
vn 0.6359 -0.7305 0.2491
vn 0.6359 -0.7306 0.2487
vn 0.2945 -0.8671 0.4017
vn 0.2943 -0.8672 0.4016
vn 0.1411 -0.9228 -0.3586
vn 0.1410 -0.9228 -0.3584
vn 0.1412 -0.9228 -0.3585
vn 0.1414 -0.9229 -0.3582
vn 0.6766 -0.7130 0.1841
vn 0.6766 -0.7129 0.1842
vn 0.6762 -0.7133 0.1843
vn 0.6765 -0.7131 0.1842
vn 0.0738 -0.9464 -0.3143
vn 0.0737 -0.9464 -0.3144
vn 0.0738 -0.9465 -0.3143
vn 0.7042 -0.7009 0.1131
vn 0.7042 -0.7009 0.1132
vn 0.7042 -0.7010 0.1131
vn 0.0161 -0.9658 -0.2586
vn 0.0157 -0.9658 -0.2589
vn 0.0161 -0.9659 -0.2585
vn 0.0161 -0.9659 -0.2584
vn 0.7181 -0.6949 0.0381
vn 0.7180 -0.6950 0.0382
vn 0.7182 -0.6948 0.0380
vn -0.0296 -0.9810 -0.1920
vn -0.0294 -0.9810 -0.1920
vn -0.0297 -0.9810 -0.1919
vn 0.7182 -0.6948 -0.0380
vn 0.7184 -0.6946 -0.0377
vn 0.7183 -0.6947 -0.0379
vn 0.7180 -0.6950 -0.0381
vn -0.6443 0.6292 0.4347
vn -0.6444 0.6291 0.4347
vn 0.6293 0.2040 -0.7500
vn 0.6292 0.2039 -0.7500
vn 0.6292 0.2038 -0.7500
vn -0.8516 -0.2760 0.4457
vn -0.8518 -0.2759 0.4453
vn -0.8517 -0.2760 0.4454
vn 0.4738 0.1537 -0.8671
vn 0.4738 0.1536 -0.8671
vn 0.4739 0.1536 -0.8671
vn 0.1000 0.0324 0.9945
vn 0.0999 0.0324 0.9945
vn 0.1001 0.0324 0.9945
vn -0.7560 -0.2449 0.6070
vn -0.7561 -0.2447 0.6070
vn -0.7560 -0.2450 0.6070
vn 0.2946 0.0956 -0.9508
vn 0.2944 0.0956 -0.9509
vn 0.2941 0.0956 -0.9510
vn 0.2949 0.0957 0.9507
vn 0.2952 0.0958 0.9506
vn 0.2953 0.0959 0.9506
vn -0.6289 -0.2044 0.7502
vn 0.1003 0.0325 -0.9944
vn 0.1003 0.0326 -0.9944
vn 0.1004 0.0325 -0.9944
vn 0.4738 0.1537 0.8671
vn 0.4737 0.1535 0.8672
vn 0.4738 0.1536 0.8671
vn -0.4738 -0.1537 0.8671
vn -0.4739 -0.1536 0.8671
vn -0.4737 -0.1537 0.8672
vn -0.1003 -0.0325 -0.9944
vn -0.1003 -0.0326 -0.9944
vn -0.1004 -0.0325 -0.9944
vn 0.6293 0.2039 0.7499
vn 0.6292 0.2040 0.7500
vn 0.6292 0.2039 0.7500
vn 0.6293 0.2039 0.7500
vn -0.2949 -0.0955 0.9507
vn -0.2951 -0.0955 0.9507
vn -0.2951 -0.0957 0.9507
vn -0.2948 -0.0957 0.9508
vn -0.2947 -0.0956 -0.9508
vn -0.2948 -0.0956 -0.9508
vn -0.2946 -0.0956 -0.9508
vn 0.7560 0.2451 0.6069
vn 0.7560 0.2450 0.6069
vn 0.7560 0.2450 0.6070
vn -0.1000 -0.0324 0.9945
vn -0.1002 -0.0324 0.9944
vn -0.1001 -0.0324 0.9945
vn -0.4738 -0.1537 -0.8671
vn -0.4742 -0.1535 -0.8669
vn -0.4738 -0.1536 -0.8671
vn 0.8517 0.2760 0.4454
vn 0.8516 0.2764 0.4453
vn 0.8516 0.2760 0.4457
vn 0.8516 0.2759 0.4456
vn -0.6292 -0.2039 -0.7500
vn 0.9155 0.2968 0.2717
vn 0.9155 0.2968 0.2716
vn 0.9155 0.2966 0.2719
vn -0.7559 -0.2450 -0.6071
vn -0.7560 -0.2451 -0.6069
vn -0.7560 -0.2452 -0.6069
vn 0.9473 0.3071 0.0914
vn 0.9473 0.3070 0.0913
vn 0.9472 0.3072 0.0914
vn 0.9471 0.3075 0.0916
vn -0.8516 -0.2760 -0.4457
vn -0.8518 -0.2758 -0.4453
vn -0.8517 -0.2760 -0.4454
vn 0.9472 0.3073 -0.0914
vn 0.9471 0.3075 -0.0915
vn 0.9471 0.3077 -0.0913
vn 0.9473 0.3070 -0.0913
vn -0.9155 -0.2968 -0.2717
vn -0.9155 -0.2966 -0.2716
vn -0.9154 -0.2968 -0.2718
vn 0.9155 0.2968 -0.2717
vn 0.9154 0.2968 -0.2718
vn 0.9157 0.2964 -0.2713
vn -0.9473 -0.3069 -0.0913
vn -0.9473 -0.3070 -0.0912
vn -0.9473 -0.3070 -0.0913
vn -0.9474 -0.3067 -0.0914
vn 0.8516 0.2760 -0.4457
vn 0.8515 0.2756 -0.4460
vn 0.8517 0.2761 -0.4454
vn -0.9474 -0.3068 0.0913
vn -0.9474 -0.3067 0.0912
vn -0.9475 -0.3065 0.0914
vn -0.9474 -0.3069 0.0914
vn 0.7561 0.2456 -0.6067
vn 0.7560 0.2452 -0.6069
vn 0.7560 0.2453 -0.6068
vn 0.7560 0.2452 -0.6070
vn 0.2532 -0.8596 0.4438
vn 0.2530 -0.8596 0.4440
vn 0.2531 -0.8596 0.4439
vn 0.2533 -0.8596 0.4437
vn -0.2574 0.8352 -0.4860
vn -0.2574 0.8353 -0.4859
vn -0.2574 0.8352 -0.4859
vn -0.1073 0.9170 0.3842
vn -0.5509 0.6796 0.4844
vn -0.5511 0.6792 0.4847
vn -0.5510 0.6794 0.4846
vn -0.3512 0.7854 -0.5097
vn -0.0554 0.9468 0.3171
vn -0.4511 0.7327 0.5095
vn -0.4512 0.7324 0.5099
vn -0.4512 0.7325 0.5098
vn -0.4509 0.7322 -0.5105
vn -0.4512 0.7324 -0.5099
vn -0.4511 0.7323 -0.5101
vn -0.0186 0.9691 0.2459
vn -0.3512 0.7854 0.5097
vn -0.5510 0.6792 -0.4848
vn -0.5511 0.6792 -0.4847
vn -0.5510 0.6792 -0.4849
vn 0.0055 0.9847 0.1741
vn -0.6444 0.6292 -0.4347
vn -0.6444 0.6291 -0.4347
vn -0.6444 0.6292 -0.4346
vn 0.0196 0.9944 0.1035
vn 0.0195 0.9944 0.1035
vn 0.0195 0.9944 0.1036
vn -0.7254 0.5852 -0.3625
vn -0.7254 0.5852 -0.3624
vn -0.7254 0.5853 -0.3624
vn 0.0258 0.9991 0.0343
vn -0.7897 0.5498 -0.2722
vn -0.7895 0.5501 -0.2721
vn -0.7897 0.5498 -0.2721
vn 0.0258 0.9991 -0.0343
vn 0.0259 0.9991 -0.0343
vn 0.0259 0.9991 -0.0342
vn -0.8338 0.5256 -0.1687
vn -0.8338 0.5257 -0.1685
vn -0.8338 0.5258 -0.1683
vn 0.0196 0.9944 -0.1035
vn 0.0195 0.9944 -0.1035
vn -0.8566 0.5129 -0.0568
vn -0.8564 0.5132 -0.0571
vn -0.8564 0.5132 -0.0570
vn 0.0055 0.9847 -0.1741
vn -0.8565 0.5130 0.0568
vn -0.8564 0.5131 0.0570
vn -0.8564 0.5132 0.0571
vn -0.0186 0.9691 -0.2459
vn -0.8338 0.5256 0.1685
vn -0.8338 0.5257 0.1685
vn -0.8338 0.5257 0.1686
vn -0.0554 0.9468 -0.3171
vn -0.7896 0.5499 0.2723
vn -0.7895 0.5501 0.2721
vn -0.1073 0.9170 -0.3842
vn -0.2574 0.8353 0.4858
vn -0.2574 0.8353 0.4859
vn -0.2575 0.8352 0.4859
vn -0.7252 0.5852 0.3628
vn -0.7254 0.5852 0.3624
vn -0.7253 0.5852 0.3625
vn -0.1749 0.8796 -0.4423
vn -0.1745 0.8796 -0.4425
vn -0.1748 0.8797 0.4423
vn -0.1749 0.8796 0.4423
vn -0.8765 -0.1904 -0.4422
vn -0.8766 -0.1903 -0.4420
vn -0.8766 -0.1903 -0.4419
vn -0.8766 -0.1902 -0.4421
vn 0.0785 -0.9133 -0.3997
vn 0.0785 -0.9132 -0.3998
vn 0.0786 -0.9133 -0.3997
vn 0.6729 -0.7129 0.1973
vn 0.6729 -0.7130 0.1973
vn 0.6730 -0.7129 0.1973
vn 0.0003 -0.9359 -0.3524
vn 0.0001 -0.9358 -0.3526
vn -0.0001 -0.9358 -0.3525
vn 0.0001 -0.9358 -0.3525
vn 0.7022 -0.7017 0.1206
vn 0.7022 -0.7017 0.1208
vn 0.7021 -0.7018 0.1208
vn -0.0667 -0.9546 -0.2902
vn -0.0667 -0.9547 -0.2900
vn -0.0670 -0.9545 -0.2905
vn 0.7168 -0.6960 0.0406
vn 0.7169 -0.6960 0.0406
vn 0.7168 -0.6961 0.0406
vn 0.7168 -0.6961 0.0407
vn -0.1196 -0.9689 -0.2167
vn -0.1200 -0.9688 -0.2166
vn -0.1202 -0.9688 -0.2166
vn -0.1203 -0.9688 -0.2165
vn 0.7169 -0.6960 -0.0407
vn 0.7169 -0.6960 -0.0406
vn 0.7168 -0.6960 -0.0406
vn -0.1571 -0.9785 -0.1335
vn -0.1571 -0.9785 -0.1338
vn 0.7021 -0.7017 -0.1207
vn 0.7021 -0.7017 -0.1208
vn 0.7019 -0.7019 -0.1209
vn 0.7022 -0.7017 -0.1208
vn -0.1758 -0.9834 -0.0451
vn -0.1754 -0.9835 -0.0453
vn -0.1761 -0.9833 -0.0449
vn -0.1761 -0.9833 -0.0450
vn 0.6733 -0.7126 -0.1972
vn 0.6732 -0.7128 -0.1968
vn 0.6730 -0.7128 -0.1972
vn 0.6730 -0.7128 -0.1974
vn -0.1758 -0.9834 0.0450
vn -0.1759 -0.9834 0.0451
vn -0.1761 -0.9833 0.0452
vn 0.6295 -0.7294 -0.2678
vn 0.6296 -0.7293 -0.2678
vn 0.6297 -0.7293 -0.2677
vn 0.6295 -0.7294 -0.2677
vn -0.1573 -0.9785 0.1331
vn -0.1577 -0.9785 0.1331
vn -0.1572 -0.9785 0.1334
vn -0.1571 -0.9785 0.1335
vn 0.5735 -0.7501 -0.3293
vn 0.5733 -0.7502 -0.3294
vn 0.5733 -0.7502 -0.3295
vn -0.1204 -0.9688 0.2165
vn -0.1203 -0.9688 0.2165
vn 0.5053 -0.7748 -0.3800
vn 0.5053 -0.7747 -0.3801
vn 0.5051 -0.7748 -0.3802
vn 0.5053 -0.7748 -0.3801
vn 0.3426 -0.8307 0.4388
vn 0.3426 -0.8306 0.4389
vn 0.3426 -0.8306 0.4390
vn -0.0670 -0.9546 0.2904
vn -0.0670 -0.9545 0.2906
vn -0.0670 -0.9546 0.2903
vn -0.0671 -0.9545 0.2905
vn 0.4274 -0.8021 -0.4171
vn 0.4275 -0.8022 -0.4169
vn 0.4273 -0.8021 -0.4172
vn 0.4275 -0.8020 0.4172
vn 0.4275 -0.8021 0.4171
vn -0.0000 -0.9357 0.3529
vn -0.0000 -0.9356 0.3531
vn -0.0000 -0.9357 0.3528
vn 0.0001 -0.9358 0.3525
vn 0.3427 -0.8306 -0.4389
vn 0.3428 -0.8306 -0.4389
vn 0.3429 -0.8306 -0.4389
vn 0.3425 -0.8307 -0.4389
vn 0.5053 -0.7747 0.3801
vn 0.5053 -0.7748 0.3799
vn 0.0785 -0.9133 0.3996
vn 0.0785 -0.9133 0.3997
vn 0.0787 -0.9133 0.3996
vn 0.2534 -0.8596 -0.4436
vn 0.2535 -0.8596 -0.4436
vn 0.2533 -0.8596 -0.4437
vn 0.5734 -0.7502 0.3293
vn 0.5733 -0.7504 0.3292
vn 0.5733 -0.7502 0.3294
vn 0.1639 -0.8876 0.4305
vn 0.1643 -0.8875 0.4305
vn 0.1643 -0.8876 0.4304
vn 0.1640 -0.8877 0.4302
vn 0.1641 -0.8875 -0.4306
vn 0.1642 -0.8875 -0.4306
vn 0.1641 -0.8874 -0.4308
vn 0.1643 -0.8875 -0.4304
vn 0.6293 -0.7295 0.2679
vn 0.6295 -0.7294 0.2679
vn 0.6292 -0.7296 0.2679
vn 0.6294 -0.7295 0.2678
vn -0.7811 0.6224 0.0499
vn -0.7813 0.6222 0.0497
vn 0.9732 0.2115 -0.0904
vn 0.9732 0.2112 -0.0905
vn 0.9732 0.2115 -0.0903
vn -0.9411 -0.2045 -0.2692
vn -0.9411 -0.2044 -0.2694
vn -0.9411 -0.2046 -0.2691
vn 0.9410 0.2045 -0.2697
vn 0.9412 0.2040 -0.2692
vn 0.9412 0.2043 -0.2693
vn 0.9411 0.2045 -0.2695
vn -0.9732 -0.2115 -0.0904
vn -0.9732 -0.2113 -0.0904
vn -0.9732 -0.2112 -0.0907
vn 0.8765 0.1903 -0.4422
vn 0.8766 0.1903 -0.4420
vn 0.8765 0.1904 -0.4421
vn -0.9732 -0.2115 0.0905
vn -0.9732 -0.2115 0.0903
vn -0.9732 -0.2115 0.0906
vn -0.9732 -0.2113 0.0907
vn 0.7792 0.1691 -0.6035
vn 0.7794 0.1694 -0.6032
vn 0.7791 0.1689 -0.6037
vn -0.9411 -0.2046 0.2692
vn -0.9411 -0.2044 0.2694
vn 0.6495 0.1413 -0.7471
vn 0.6497 0.1410 -0.7470
vn 0.6497 0.1407 -0.7470
vn 0.6496 0.1408 -0.7471
vn -0.8765 -0.1903 0.4422
vn -0.8766 -0.1903 0.4420
vn -0.8765 -0.1904 0.4422
vn 0.4901 0.1063 -0.8652
vn 0.4902 0.1064 -0.8651
vn 0.1037 0.0225 0.9943
vn 0.1040 0.0225 0.9943
vn 0.1038 0.0225 0.9943
vn -0.7792 -0.1687 0.6037
vn -0.7792 -0.1690 0.6035
vn -0.7793 -0.1692 0.6034
vn 0.3051 0.0663 -0.9500
vn 0.3052 0.0663 -0.9500
vn 0.3053 0.0663 -0.9499
vn 0.3054 0.0663 -0.9499
vn 0.3055 0.0664 0.9499
vn 0.3058 0.0666 0.9498
vn -0.6497 -0.1406 0.7471
vn -0.6497 -0.1410 0.7470
vn 0.1039 0.0225 -0.9943
vn 0.1038 0.0225 -0.9943
vn 0.4905 0.1065 0.8649
vn 0.4903 0.1061 0.8651
vn 0.4902 0.1065 0.8651
vn -0.4902 -0.1064 0.8651
vn -0.4900 -0.1064 0.8652
vn -0.4901 -0.1064 0.8651
vn -0.1040 -0.0225 -0.9943
vn -0.1039 -0.0225 -0.9943
vn -0.1041 -0.0225 -0.9943
vn 0.6497 0.1407 0.7470
vn 0.6497 0.1406 0.7471
vn 0.6498 0.1408 0.7470
vn -0.3059 -0.0663 0.9497
vn -0.3056 -0.0663 0.9498
vn -0.3052 -0.0662 -0.9500
vn -0.3046 -0.0660 -0.9502
vn -0.3052 -0.0663 -0.9500
vn 0.7792 0.1690 0.6036
vn 0.7794 0.1694 0.6032
vn 0.7791 0.1689 0.6037
vn -0.1039 -0.0225 0.9943
vn -0.4902 -0.1064 -0.8651
vn -0.4901 -0.1064 -0.8652
vn 0.8765 0.1903 0.4421
vn 0.8765 0.1903 0.4422
vn 0.8766 0.1901 0.4420
vn -0.6497 -0.1406 -0.7471
vn 0.9411 0.2046 0.2692
vn 0.9411 0.2044 0.2692
vn 0.9410 0.2045 0.2697
vn 0.9410 0.2050 0.2693
vn -0.7793 -0.1692 -0.6034
vn -0.7793 -0.1693 -0.6033
vn -0.7792 -0.1687 -0.6037
vn 0.9733 0.2112 0.0902
vn 0.9732 0.2110 0.0911
vn 0.9732 0.2112 0.0904
vn 0.9732 0.2116 0.0903
vn 0.2965 -0.7854 0.5433
vn 0.2966 -0.7855 0.5432
vn 0.2966 -0.7854 0.5433
vn -0.1223 0.9819 -0.1448
vn -0.1222 0.9819 -0.1447
vn -0.7596 0.6336 0.1470
vn -0.7598 0.6332 0.1471
vn -0.7598 0.6333 0.1471
vn -0.7599 0.6332 0.1471
vn -0.1315 0.9707 -0.2011
vn -0.1316 0.9707 -0.2011
vn -0.1316 0.9707 -0.2010
vn -0.7182 0.6545 0.2363
vn -0.7181 0.6546 0.2363
vn -0.1544 0.9528 -0.2613
vn -0.1546 0.9528 -0.2612
vn -0.1546 0.9528 -0.2613
vn -0.2527 0.8942 0.3696
vn -0.2525 0.8943 0.3694
vn -0.6582 0.6850 0.3124
vn -0.6582 0.6850 0.3123
vn -0.6584 0.6850 0.3121
vn -0.1943 0.9273 -0.3199
vn -0.1947 0.9273 -0.3197
vn -0.1948 0.9273 -0.3197
vn -0.1947 0.9273 0.3197
vn -0.5834 0.7229 0.3702
vn -0.5833 0.7230 0.3702
vn -0.2527 0.8942 -0.3696
vn -0.1546 0.9529 0.2611
vn -0.1546 0.9528 0.2612
vn -0.1546 0.9529 0.2610
vn -0.4987 0.7657 0.4061
vn -0.4986 0.7660 0.4058
vn -0.4985 0.7660 0.4058
vn -0.3264 0.8546 -0.4039
vn -0.3263 0.8546 -0.4039
vn -0.3263 0.8546 -0.4040
vn -0.1315 0.9707 0.2011
vn -0.1316 0.9707 0.2011
vn -0.4106 0.8109 0.4170
vn -0.4106 0.8109 0.4169
vn -0.4107 0.8110 -0.4167
vn -0.4106 0.8109 -0.4170
vn -0.1223 0.9819 0.1448
vn -0.1223 0.9819 0.1447
vn -0.3263 0.8546 0.4039
vn -0.3264 0.8546 0.4039
vn -0.4986 0.7660 -0.4058
vn -0.4986 0.7662 -0.4054
vn -0.1217 0.9880 0.0955
vn -0.1218 0.9880 0.0955
vn -0.5833 0.7230 -0.3701
vn -0.5833 0.7230 -0.3702
vn -0.1248 0.9907 0.0536
vn -0.1245 0.9908 0.0537
vn -0.6584 0.6850 -0.3121
vn -0.6582 0.6850 -0.3123
vn -0.6582 0.6850 -0.3124
vn -0.1275 0.9917 0.0172
vn -0.1271 0.9917 0.0169
vn -0.7182 0.6545 -0.2363
vn -0.7180 0.6548 -0.2361
vn -0.1274 0.9917 -0.0171
vn -0.1275 0.9917 -0.0172
vn -0.1274 0.9917 -0.0169
vn -0.7599 0.6332 -0.1471
vn -0.7599 0.6332 -0.1470
vn -0.1248 0.9907 -0.0536
vn -0.7812 0.6223 -0.0496
vn -0.7811 0.6224 -0.0499
vn -0.7814 0.6221 -0.0499
vn -0.1217 0.9880 -0.0955
vn -0.1218 0.9880 -0.0954
vn 0.6712 0.0550 0.7392
vn 0.6712 0.0549 0.7392
vn 0.6710 0.0549 0.7394
vn -0.2473 -0.8939 0.3739
vn -0.2472 -0.8941 0.3735
vn -0.2473 -0.8939 0.3738
vn 0.4032 -0.7592 -0.5110
vn 0.4033 -0.7589 -0.5112
vn 0.4036 -0.7588 -0.5112
vn 0.4035 -0.7589 0.5111
vn 0.4036 -0.7590 0.5110
vn 0.4032 -0.7591 0.5110
vn 0.4037 -0.7587 0.5113
vn -0.1553 -0.8787 0.4513
vn -0.1555 -0.8787 0.4514
vn -0.1555 -0.8787 0.4513
vn 0.2969 -0.7853 -0.5432
vn 0.2966 -0.7854 -0.5434
vn 0.2964 -0.7855 -0.5433
vn 0.2967 -0.7854 -0.5432
vn 0.4998 -0.7336 0.4605
vn 0.4993 -0.7338 0.4607
vn 0.4994 -0.7338 0.4607
vn -0.0499 -0.8595 0.5087
vn -0.0502 -0.8594 0.5088
vn -0.0502 -0.8595 0.5086
vn 0.1822 -0.8117 -0.5549
vn 0.1820 -0.8118 -0.5548
vn 0.1821 -0.8117 -0.5549
vn 0.1824 -0.8116 -0.5550
vn 0.5812 -0.7111 0.3955
vn 0.5813 -0.7112 0.3954
vn 0.5812 -0.7112 0.3955
vn 0.0643 -0.8369 0.5436
vn 0.0648 -0.8369 0.5434
vn 0.0651 -0.8369 0.5435
vn 0.0643 -0.8369 -0.5436
vn 0.0645 -0.8369 -0.5435
vn 0.0647 -0.8369 -0.5435
vn 0.6476 -0.6921 0.3187
vn 0.6480 -0.6919 0.3185
vn 0.6476 -0.6921 0.3188
vn 0.6477 -0.6921 0.3187
vn 0.1821 -0.8119 0.5546
vn 0.1824 -0.8116 0.5550
vn 0.1820 -0.8120 0.5546
vn -0.0497 -0.8595 -0.5088
vn -0.0500 -0.8596 -0.5086
vn -0.0502 -0.8595 -0.5087
vn -0.0499 -0.8595 -0.5087
vn 0.6979 -0.6773 0.2330
vn 0.6979 -0.6771 0.2334
vn 0.6978 -0.6772 0.2333
vn 0.6977 -0.6773 0.2334
vn -0.1553 -0.8787 -0.4513
vn -0.1553 -0.8787 -0.4515
vn -0.1556 -0.8787 -0.4514
vn 0.7316 -0.6668 0.1420
vn 0.7315 -0.6669 0.1421
vn 0.7317 -0.6667 0.1420
vn 0.7315 -0.6669 0.1422
vn -0.2474 -0.8939 -0.3738
vn -0.2473 -0.8939 -0.3738
vn -0.2472 -0.8941 -0.3735
vn 0.7482 -0.6617 0.0476
vn 0.7482 -0.6617 0.0480
vn 0.7481 -0.6618 0.0485
vn -0.3201 -0.9052 -0.2796
vn -0.3201 -0.9052 -0.2795
vn -0.3199 -0.9051 -0.2799
vn 0.7482 -0.6618 -0.0484
vn 0.7482 -0.6617 -0.0484
vn 0.7481 -0.6618 -0.0484
vn -0.3707 -0.9126 -0.1727
vn -0.3707 -0.9125 -0.1728
vn -0.3706 -0.9126 -0.1725
vn -0.3704 -0.9127 -0.1727
vn 0.7316 -0.6668 -0.1421
vn 0.7316 -0.6667 -0.1422
vn 0.7315 -0.6669 -0.1421
vn -0.3963 -0.9163 -0.0582
vn -0.3964 -0.9163 -0.0577
vn -0.3964 -0.9162 -0.0583
vn -0.3964 -0.9162 -0.0584
vn 0.6978 -0.6772 -0.2332
vn 0.6979 -0.6771 -0.2334
vn 0.6979 -0.6772 -0.2332
vn 0.6978 -0.6772 -0.2334
vn -0.3964 -0.9162 0.0585
vn -0.3965 -0.9162 0.0584
vn -0.3964 -0.9162 0.0586
vn 0.6477 -0.6920 -0.3187
vn 0.6474 -0.6921 -0.3192
vn -0.3707 -0.9125 0.1727
vn -0.3708 -0.9125 0.1727
vn -0.3707 -0.9126 0.1726
vn -0.3708 -0.9125 0.1725
vn 0.5813 -0.7111 -0.3955
vn 0.5813 -0.7111 -0.3956
vn 0.5811 -0.7112 -0.3956
vn -0.3200 -0.9052 0.2796
vn -0.3201 -0.9052 0.2795
vn -0.3200 -0.9052 0.2797
vn 0.4998 -0.7335 -0.4606
vn 0.4994 -0.7338 -0.4607
vn 0.4993 -0.7338 -0.4607
vn -0.1463 0.9885 0.0372
vn -0.3176 -0.0260 0.9479
vn -0.3174 -0.0260 0.9479
vn -0.3177 -0.0260 -0.9478
vn -0.3178 -0.0260 -0.9478
vn 0.8012 0.0654 0.5948
vn 0.8013 0.0654 0.5947
vn 0.8010 0.0654 0.5951
vn -0.1083 -0.0088 0.9941
vn -0.1082 -0.0088 0.9941
vn -0.5080 -0.0416 -0.8603
vn -0.5080 -0.0416 -0.8604
vn -0.5081 -0.0416 -0.8603
vn 0.8979 0.0733 0.4340
vn 0.8979 0.0733 0.4341
vn 0.8980 0.0733 0.4338
vn -0.6712 -0.0550 -0.7392
vn -0.6713 -0.0549 -0.7392
vn -0.6710 -0.0548 -0.7395
vn 0.9614 0.0786 0.2637
vn 0.9614 0.0785 0.2638
vn 0.9614 0.0788 0.2635
vn -0.8014 -0.0655 -0.5945
vn -0.8013 -0.0654 -0.5947
vn -0.8013 -0.0655 -0.5946
vn -0.8013 -0.0654 -0.5946
vn 0.9928 0.0810 0.0884
vn 0.9928 0.0811 0.0883
vn 0.9928 0.0809 0.0883
vn 0.9928 0.0812 0.0884
vn -0.8980 -0.0733 -0.4339
vn -0.8979 -0.0733 -0.4341
vn -0.8979 -0.0733 -0.4340
vn 0.9928 0.0811 -0.0884
vn 0.9928 0.0811 -0.0886
vn 0.9928 0.0809 -0.0883
vn -0.9614 -0.0787 -0.2635
vn -0.9614 -0.0787 -0.2636
vn 0.9613 0.0781 -0.2642
vn 0.9613 0.0785 -0.2640
vn 0.9615 0.0778 -0.2635
vn -0.9927 -0.0813 -0.0886
vn -0.9927 -0.0812 -0.0886
vn -0.9928 -0.0808 -0.0884
vn -0.9928 -0.0810 -0.0884
vn 0.8980 0.0735 -0.4338
vn 0.8979 0.0733 -0.4341
vn 0.8979 0.0734 -0.4341
vn 0.8980 0.0736 -0.4339
vn -0.9927 -0.0813 0.0887
vn -0.9928 -0.0811 0.0884
vn -0.9927 -0.0813 0.0886
vn 0.8010 0.0656 -0.5951
vn 0.8010 0.0655 -0.5951
vn -0.9614 -0.0787 0.2635
vn -0.9614 -0.0787 0.2636
vn 0.6712 0.0550 -0.7392
vn 0.6709 0.0548 -0.7395
vn -0.8977 -0.0735 0.4344
vn -0.8977 -0.0735 0.4343
vn -0.8977 -0.0736 0.4344
vn 0.5084 0.0416 -0.8601
vn 0.5084 0.0415 -0.8601
vn 0.5087 0.0417 -0.8599
vn 0.5086 0.0417 -0.8600
vn 0.1084 0.0088 0.9941
vn 0.1082 0.0088 0.9941
vn 0.1083 0.0088 0.9941
vn -0.8011 -0.0656 0.5949
vn -0.8012 -0.0657 0.5948
vn 0.3176 0.0260 -0.9479
vn 0.3174 0.0260 -0.9479
vn 0.3178 0.0260 -0.9478
vn 0.3176 0.0260 0.9479
vn 0.3175 0.0260 0.9479
vn 0.3179 0.0260 0.9478
vn -0.6712 -0.0550 0.7392
vn -0.6712 -0.0549 0.7392
vn 0.1081 0.0089 -0.9941
vn 0.1082 0.0088 -0.9941
vn 0.5087 0.0417 0.8599
vn 0.5087 0.0416 0.8599
vn 0.5086 0.0417 0.8600
vn -0.5080 -0.0416 0.8603
vn -0.5080 -0.0416 0.8604
vn -0.5081 -0.0416 0.8603
vn -0.1081 -0.0088 -0.9941
vn 0.5674 -0.8183 -0.0922
vn 0.5673 -0.8184 -0.0920
vn 0.5674 -0.8182 -0.0923
vn 0.5674 -0.8183 -0.0920
vn -0.5104 0.8375 -0.1949
vn -0.5104 0.8376 -0.1949
vn -0.1466 0.9891 0.0121
vn -0.1464 0.9892 0.0121
vn -0.1464 0.9891 0.0121
vn -0.5509 0.8213 -0.1482
vn -0.5509 0.8213 -0.1483
vn -0.1464 0.9891 -0.0121
vn -0.1464 0.9892 -0.0121
vn -0.5794 0.8098 -0.0928
vn -0.5793 0.8098 -0.0927
vn -0.5792 0.8099 -0.0926
vn -0.1463 0.9885 -0.0372
vn -0.5942 0.8037 -0.0314
vn -0.5940 0.8039 -0.0315
vn -0.5941 0.8038 -0.0314
vn -0.5940 0.8039 -0.0314
vn -0.1471 0.9870 -0.0649
vn -0.1473 0.9870 -0.0649
vn -0.1472 0.9869 -0.0655
vn -0.5942 0.8037 0.0313
vn -0.5940 0.8038 0.0315
vn -0.5941 0.8037 0.0314
vn -0.5940 0.8039 0.0314
vn -0.1514 0.9838 -0.0959
vn -0.5793 0.8098 0.0930
vn -0.5793 0.8098 0.0927
vn -0.5795 0.8097 0.0929
vn -0.1613 0.9783 -0.1299
vn -0.1613 0.9783 -0.1300
vn -0.5508 0.8213 0.1484
vn -0.5509 0.8213 0.1483
vn -0.1795 0.9697 -0.1655
vn -0.1797 0.9697 -0.1654
vn -0.2461 0.9419 0.2286
vn -0.2462 0.9419 0.2285
vn -0.5105 0.8375 0.1948
vn -0.5104 0.8376 0.1949
vn -0.5103 0.8376 0.1950
vn -0.2077 0.9576 -0.1996
vn -0.2077 0.9576 -0.1997
vn -0.2075 0.9576 0.1997
vn -0.2077 0.9576 0.1996
vn -0.2077 0.9576 0.1997
vn -0.4606 0.8573 0.2299
vn -0.4607 0.8573 0.2297
vn -0.4607 0.8573 0.2298
vn -0.2457 0.9419 -0.2289
vn -0.2462 0.9419 -0.2285
vn -0.2461 0.9419 -0.2286
vn -0.1795 0.9698 0.1654
vn -0.1795 0.9697 0.1655
vn -0.1792 0.9697 0.1658
vn -0.4051 0.8793 0.2505
vn -0.4052 0.8792 0.2506
vn -0.4049 0.8794 0.2505
vn -0.2941 0.9229 -0.2486
vn -0.2939 0.9229 -0.2486
vn -0.1613 0.9783 0.1300
vn -0.1614 0.9783 0.1300
vn -0.3482 0.9016 0.2567
vn -0.3482 0.9016 0.2566
vn -0.3482 0.9016 -0.2567
vn -0.1514 0.9838 0.0959
vn -0.1515 0.9838 0.0958
vn -0.2940 0.9229 0.2486
vn -0.2939 0.9229 0.2486
vn -0.2940 0.9229 0.2485
vn -0.4052 0.8791 -0.2509
vn -0.4052 0.8792 -0.2506
vn -0.4051 0.8793 -0.2506
vn -0.1472 0.9870 0.0647
vn -0.1473 0.9870 0.0649
vn -0.1472 0.9870 0.0649
vn -0.4607 0.8573 -0.2298
vn -0.4607 0.8573 -0.2297
vn 0.6785 0.0119 -0.7345
vn 0.6787 0.0122 -0.7343
vn 0.6787 0.0119 -0.7343
vn 0.6786 0.0116 -0.7344
vn -0.1536 -0.9874 -0.0369
vn -0.1537 -0.9874 -0.0369
vn -0.1538 -0.9874 -0.0369
vn 0.5447 -0.8250 -0.1505
vn 0.5447 -0.8250 -0.1506
vn 0.5447 -0.8250 -0.1503
vn -0.1536 -0.9874 0.0372
vn -0.1537 -0.9874 0.0368
vn -0.1537 -0.9874 0.0369
vn -0.1536 -0.9874 0.0369
vn 0.5109 -0.8349 -0.2048
vn 0.5111 -0.8347 -0.2050
vn 0.5108 -0.8349 -0.2052
vn 0.5107 -0.8350 -0.2047
vn -0.1371 -0.9845 0.1091
vn -0.1369 -0.9846 0.1091
vn 0.4672 -0.8472 -0.2529
vn 0.4671 -0.8472 -0.2530
vn 0.4673 -0.8472 -0.2529
vn 0.4674 -0.8469 -0.2534
vn -0.1048 -0.9787 0.1763
vn -0.1049 -0.9787 0.1763
vn -0.1049 -0.9787 0.1762
vn 0.4136 -0.8620 -0.2932
vn 0.4136 -0.8619 -0.2933
vn 0.4137 -0.8619 -0.2934
vn 0.2841 -0.8954 0.3430
vn 0.2837 -0.8955 0.3430
vn 0.2841 -0.8954 0.3429
vn 0.2837 -0.8954 0.3431
vn -0.0585 -0.9702 0.2353
vn -0.0583 -0.9702 0.2353
vn -0.0584 -0.9701 0.2354
vn 0.3518 -0.8783 -0.3238
vn 0.3519 -0.8782 -0.3238
vn 0.3519 -0.8782 -0.3240
vn 0.3513 -0.8785 -0.3237
vn 0.3519 -0.8784 0.3234
vn 0.3519 -0.8784 0.3235
vn 0.3519 -0.8782 0.3238
vn -0.0006 -0.9589 0.2837
vn -0.0008 -0.9591 0.2830
vn -0.0006 -0.9590 0.2836
vn -0.0006 -0.9589 0.2838
vn 0.2838 -0.8956 -0.3427
vn 0.2837 -0.8955 -0.3430
vn 0.2836 -0.8955 -0.3430
vn 0.4137 -0.8619 0.2931
vn 0.4136 -0.8619 0.2933
vn 0.4137 -0.8620 0.2930
vn 0.4138 -0.8620 0.2929
vn 0.0659 -0.9453 0.3195
vn 0.0659 -0.9453 0.3194
vn 0.2109 -0.9130 -0.3491
vn 0.2113 -0.9130 -0.3489
vn 0.2113 -0.9130 -0.3491
vn 0.2114 -0.9129 -0.3491
vn 0.4671 -0.8473 0.2530
vn 0.4670 -0.8473 0.2531
vn 0.4671 -0.8473 0.2528
vn 0.4672 -0.8472 0.2531
vn 0.1377 -0.9298 0.3414
vn 0.1383 -0.9296 0.3415
vn 0.1379 -0.9298 0.3413
vn 0.1379 -0.9299 0.3411
vn 0.1378 -0.9298 -0.3414
vn 0.1380 -0.9298 -0.3413
vn 0.1379 -0.9298 -0.3413
vn 0.5112 -0.8347 0.2048
vn 0.5111 -0.8347 0.2050
vn 0.5110 -0.8348 0.2050
vn 0.2112 -0.9129 0.3492
vn 0.2112 -0.9130 0.3491
vn 0.2113 -0.9129 0.3491
vn 0.0659 -0.9453 -0.3194
vn 0.0660 -0.9453 -0.3193
vn 0.0659 -0.9453 -0.3195
vn 0.5447 -0.8250 0.1503
vn 0.5447 -0.8250 0.1505
vn 0.5447 -0.8250 0.1504
vn -0.0005 -0.9589 -0.2836
vn -0.0006 -0.9589 -0.2836
vn -0.0005 -0.9589 -0.2838
vn -0.0009 -0.9589 -0.2836
vn 0.5673 -0.8184 0.0918
vn 0.5673 -0.8183 0.0918
vn 0.5671 -0.8185 0.0924
vn -0.0585 -0.9702 -0.2353
vn -0.0585 -0.9701 -0.2354
vn -0.0586 -0.9701 -0.2353
vn -0.0584 -0.9702 -0.2353
vn 0.5788 -0.8149 0.0309
vn 0.5788 -0.8149 0.0310
vn 0.5788 -0.8149 0.0307
vn 0.5787 -0.8149 0.0309
vn -0.1048 -0.9787 -0.1763
vn -0.1049 -0.9787 -0.1762
vn 0.5787 -0.8149 -0.0311
vn 0.5788 -0.8149 -0.0311
vn 0.5787 -0.8149 -0.0310
vn 0.5787 -0.8150 -0.0309
vn -0.1372 -0.9845 -0.1091
vn -0.1370 -0.9845 -0.1091
vn -0.1374 -0.9845 -0.1091
vn -0.1376 -0.9845 -0.1091
vn -0.1508 0.8584 -0.4904
vn -0.9033 -0.0156 0.4287
vn -0.9032 -0.0155 0.4289
vn -0.9033 -0.0153 0.4288
vn -0.9033 -0.0154 0.4287
vn 0.5160 0.0090 -0.8565
vn 0.5156 0.0088 -0.8568
vn 0.5158 0.0088 -0.8567
vn 0.5156 0.0089 -0.8568
vn 0.1103 0.0019 0.9939
vn 0.1102 0.0019 0.9939
vn -0.8079 -0.0139 0.5891
vn -0.8080 -0.0139 0.5891
vn -0.8079 -0.0139 0.5892
vn 0.3230 0.0055 -0.9464
vn 0.3231 0.0055 -0.9463
vn 0.3230 0.0055 0.9464
vn 0.3226 0.0054 0.9465
vn -0.6786 -0.0116 0.7344
vn 0.1101 0.0019 -0.9939
vn 0.5161 0.0089 0.8565
vn 0.5156 0.0088 0.8568
vn 0.5160 0.0090 0.8565
vn 0.5156 0.0085 0.8568
vn -0.5160 -0.0090 0.8565
vn -0.5156 -0.0093 0.8568
vn -0.5158 -0.0088 0.8567
vn -0.5155 -0.0088 0.8568
vn -0.1101 -0.0019 -0.9939
vn -0.1102 -0.0019 -0.9939
vn 0.6785 0.0116 0.7345
vn 0.6786 0.0116 0.7344
vn 0.6786 0.0122 0.7344
vn -0.3232 -0.0055 0.9463
vn -0.3231 -0.0055 0.9463
vn -0.3232 -0.0055 -0.9463
vn -0.3232 -0.0056 -0.9463
vn 0.8079 0.0139 0.5891
vn 0.8080 0.0139 0.5890
vn -0.1102 -0.0019 0.9939
vn -0.1103 -0.0019 0.9939
vn -0.5161 -0.0089 -0.8565
vn -0.5156 -0.0087 -0.8568
vn -0.5157 -0.0088 -0.8567
vn 0.9033 0.0157 0.4287
vn 0.9033 0.0154 0.4287
vn 0.9033 0.0156 0.4287
vn 0.9033 0.0155 0.4287
vn -0.6788 -0.0113 -0.7342
vn 0.9654 0.0165 0.2601
vn 0.9654 0.0160 0.2603
vn 0.9654 0.0161 0.2603
vn 0.9654 0.0166 0.2601
vn -0.8080 -0.0140 -0.5890
vn -0.8080 -0.0139 -0.5890
vn -0.8080 -0.0141 -0.5891
vn 0.9960 0.0172 0.0872
vn 0.9961 0.0172 0.0870
vn 0.9960 0.0173 0.0872
vn 0.9960 0.0168 0.0875
vn -0.9033 -0.0156 -0.4287
vn -0.9032 -0.0155 -0.4290
vn -0.9032 -0.0154 -0.4289
vn -0.9033 -0.0155 -0.4288
vn 0.9960 0.0172 -0.0872
vn 0.9960 0.0169 -0.0874
vn 0.9960 0.0173 -0.0872
vn 0.9961 0.0173 -0.0869
vn -0.9654 -0.0166 -0.2601
vn -0.9654 -0.0165 -0.2601
vn -0.9654 -0.0171 -0.2601
vn 0.9654 0.0167 -0.2601
vn 0.9654 0.0166 -0.2601
vn -0.9960 -0.0172 -0.0873
vn -0.9960 -0.0170 -0.0872
vn -0.9960 -0.0173 -0.0872
vn -0.9961 -0.0172 -0.0871
vn 0.9033 0.0156 -0.4287
vn 0.9032 0.0154 -0.4289
vn 0.9033 0.0157 -0.4287
vn -0.9960 -0.0173 0.0872
vn -0.9960 -0.0170 0.0873
vn -0.9960 -0.0172 0.0873
vn -0.9961 -0.0172 0.0871
vn 0.8082 0.0139 -0.5888
vn 0.8081 0.0139 -0.5889
vn 0.8080 0.0138 -0.5890
vn -0.9654 -0.0166 0.2602
vn -0.9654 -0.0169 0.2602
vn -0.9654 -0.0168 0.2602
vn 0.0148 -0.9569 -0.2901
vn 0.0147 -0.9569 -0.2901
vn 0.0146 -0.9569 -0.2901
vn -0.0284 0.9448 0.3263
vn -0.4848 0.7017 0.5221
vn -0.4846 0.7019 0.5221
vn -0.2530 0.8055 -0.5358
vn -0.2528 0.8054 -0.5361
vn -0.0143 0.9720 0.2347
vn -0.3681 0.7520 0.5468
vn -0.3682 0.7520 0.5468
vn -0.3682 0.7520 -0.5467
vn -0.3682 0.7520 -0.5468
vn -0.3679 0.7520 -0.5470
vn -0.0238 0.9878 0.1540
vn -0.2532 0.8056 0.5356
vn -0.2528 0.8054 0.5361
vn -0.4847 0.7019 -0.5220
vn -0.4846 0.7019 -0.5221
vn -0.4846 0.7018 -0.5222
vn -0.0453 0.9948 0.0909
vn -0.5913 0.6581 -0.4661
vn -0.5914 0.6581 -0.4661
vn -0.0671 0.9967 0.0459
vn -0.6814 0.6223 -0.3854
vn -0.6814 0.6222 -0.3853
vn -0.6814 0.6222 -0.3854
vn -0.0802 0.9967 0.0138
vn -0.0803 0.9967 0.0138
vn -0.7508 0.5951 -0.2866
vn -0.7507 0.5952 -0.2866
vn -0.7507 0.5952 -0.2867
vn -0.0803 0.9967 -0.0138
vn -0.0802 0.9967 -0.0138
vn -0.7973 0.5772 -0.1763
vn -0.7973 0.5773 -0.1763
vn -0.7975 0.5771 -0.1759
vn -0.0671 0.9967 -0.0459
vn -0.8207 0.5683 -0.0595
vn -0.8207 0.5682 -0.0595
vn -0.8207 0.5683 -0.0596
vn -0.0453 0.9948 -0.0909
vn -0.8207 0.5683 0.0593
vn -0.8206 0.5684 0.0595
vn -0.8207 0.5683 0.0592
vn -0.8207 0.5683 0.0595
vn -0.0238 0.9878 -0.1540
vn -0.7971 0.5773 0.1768
vn -0.7973 0.5773 0.1763
vn -0.7974 0.5771 0.1763
vn -0.0143 0.9720 -0.2347
vn -0.7508 0.5951 0.2867
vn -0.7507 0.5952 0.2866
vn -0.0284 0.9448 -0.3263
vn -0.1508 0.8584 0.4904
vn -0.6816 0.6221 0.3852
vn -0.6814 0.6222 0.3853
vn -0.6814 0.6223 0.3853
vn -0.6815 0.6222 0.3853
vn -0.0738 0.9062 -0.4164
vn -0.0738 0.9062 0.4164
vn -0.5913 0.6581 0.4661
vn -0.5914 0.6581 0.4661
vn -0.9012 0.1390 -0.4105
vn -0.9011 0.1387 -0.4108
vn -0.9012 0.1389 -0.4106
vn 0.4556 -0.8804 0.1317
vn 0.4555 -0.8805 0.1316
vn 0.4555 -0.8804 0.1316
vn 0.4557 -0.8804 0.1316
vn -0.0493 -0.9646 -0.2590
vn -0.0492 -0.9647 -0.2589
vn -0.0492 -0.9646 -0.2591
vn 0.4760 -0.8757 0.0805
vn 0.4758 -0.8758 0.0806
vn 0.4761 -0.8757 0.0804
vn 0.4764 -0.8756 0.0804
vn -0.1052 -0.9708 -0.2157
vn 0.4859 -0.8736 0.0271
vn 0.4858 -0.8737 0.0270
vn 0.4858 -0.8737 0.0271
vn 0.4858 -0.8736 0.0273
vn -0.1506 -0.9752 -0.1623
vn -0.1504 -0.9752 -0.1622
vn -0.1511 -0.9751 -0.1623
vn -0.1506 -0.9752 -0.1622
vn 0.4859 -0.8736 -0.0268
vn 0.4859 -0.8736 -0.0270
vn 0.4862 -0.8734 -0.0269
vn 0.4859 -0.8736 -0.0266
vn -0.1824 -0.9781 -0.1005
vn -0.1821 -0.9781 -0.1006
vn -0.1819 -0.9781 -0.1007
vn -0.1820 -0.9781 -0.1006
vn 0.4758 -0.8759 -0.0802
vn 0.4762 -0.8756 -0.0807
vn 0.4760 -0.8758 -0.0803
vn 0.4758 -0.8759 -0.0800
vn -0.1986 -0.9795 -0.0342
vn -0.1985 -0.9795 -0.0340
vn -0.1986 -0.9795 -0.0341
vn -0.1989 -0.9794 -0.0343
vn 0.4557 -0.8804 -0.1316
vn 0.4555 -0.8805 -0.1312
vn 0.4558 -0.8803 -0.1318
vn 0.4556 -0.8804 -0.1316
vn -0.1985 -0.9795 0.0341
vn -0.1983 -0.9796 0.0339
vn -0.1987 -0.9795 0.0343
vn 0.4258 -0.8868 -0.1795
vn 0.4257 -0.8869 -0.1795
vn 0.4258 -0.8869 -0.1791
vn 0.4259 -0.8868 -0.1794
vn -0.1821 -0.9781 0.1008
vn -0.1821 -0.9781 0.1006
vn -0.1822 -0.9781 0.1007
vn -0.1823 -0.9781 0.1007
vn 0.3866 -0.8950 -0.2226
vn 0.3864 -0.8950 -0.2226
vn 0.3869 -0.8949 -0.2225
vn 0.3864 -0.8951 -0.2225
vn -0.1507 -0.9752 0.1621
vn -0.1504 -0.9753 0.1617
vn -0.1504 -0.9752 0.1622
vn 0.3382 -0.9047 -0.2592
vn 0.3383 -0.9046 -0.2592
vn 0.3380 -0.9048 -0.2591
vn 0.2191 -0.9264 0.3062
vn 0.2191 -0.9264 0.3061
vn 0.2191 -0.9264 0.3063
vn -0.1052 -0.9708 0.2155
vn -0.1053 -0.9708 0.2157
vn -0.1052 -0.9708 0.2157
vn 0.2818 -0.9154 -0.2876
vn 0.2817 -0.9153 -0.2878
vn 0.2817 -0.9154 0.2876
vn 0.2813 -0.9155 0.2878
vn 0.2818 -0.9154 0.2875
vn -0.0492 -0.9646 0.2589
vn -0.0492 -0.9646 0.2591
vn -0.0491 -0.9647 0.2588
vn -0.0492 -0.9647 0.2589
vn 0.2191 -0.9263 -0.3064
vn 0.2192 -0.9264 -0.3063
vn 0.2191 -0.9264 -0.3061
vn 0.3382 -0.9047 0.2592
vn 0.3380 -0.9047 0.2593
vn 0.3381 -0.9047 0.2592
vn 0.3380 -0.9048 0.2591
vn 0.0145 -0.9569 0.2901
vn 0.0146 -0.9569 0.2901
vn 0.0147 -0.9569 0.2901
vn 0.0144 -0.9569 0.2901
vn 0.1520 -0.9374 -0.3133
vn 0.1519 -0.9374 -0.3134
vn 0.1519 -0.9374 -0.3135
vn 0.3867 -0.8950 0.2225
vn 0.3859 -0.8953 0.2224
vn 0.3865 -0.8950 0.2225
vn 0.3863 -0.8951 0.2225
vn 0.0827 -0.9477 0.3083
vn 0.0827 -0.9477 0.3081
vn 0.0827 -0.9477 0.3082
vn 0.0827 -0.9477 -0.3082
vn 0.0827 -0.9477 -0.3081
vn 0.4257 -0.8869 0.1793
vn 0.4257 -0.8869 0.1794
vn 0.1519 -0.9374 0.3133
vn 0.1519 -0.9374 0.3134
vn -0.6970 0.7154 0.0488
vn -0.6968 0.7156 0.0489
vn -0.6967 0.7157 0.0488
vn 0.9849 -0.1519 -0.0825
vn 0.9849 -0.1519 -0.0826
vn 0.9849 -0.1521 -0.0824
vn -0.9576 0.1477 -0.2474
vn -0.9576 0.1477 -0.2475
vn 0.9574 -0.1480 -0.2478
vn -0.9849 0.1520 -0.0831
vn -0.9849 0.1519 -0.0830
vn -0.9849 0.1519 -0.0828
vn 0.9012 -0.1391 -0.4104
vn 0.9012 -0.1391 -0.4105
vn 0.9013 -0.1393 -0.4101
vn 0.9012 -0.1390 -0.4105
vn -0.9849 0.1520 0.0828
vn -0.9849 0.1521 0.0832
vn -0.9849 0.1520 0.0829
vn -0.9849 0.1519 0.0827
vn 0.8129 -0.1254 -0.5687
vn 0.8129 -0.1254 -0.5688
vn 0.8128 -0.1255 -0.5689
vn -0.9576 0.1477 0.2474
vn -0.9576 0.1477 0.2473
vn -0.9576 0.1478 0.2473
vn 0.6898 -0.1063 -0.7161
vn 0.6897 -0.1064 -0.7162
vn 0.6897 -0.1064 -0.7163
vn 0.6898 -0.1060 -0.7162
vn -0.9013 0.1392 0.4103
vn -0.9013 0.1393 0.4101
vn -0.9013 0.1392 0.4102
vn -0.9012 0.1390 0.4105
vn 0.5294 -0.0815 -0.8445
vn 0.5295 -0.0818 -0.8443
vn 0.5296 -0.0817 -0.8443
vn 0.1150 -0.0177 0.9932
vn 0.1153 -0.0178 0.9932
vn 0.1152 -0.0177 0.9932
vn -0.8133 0.1250 0.5683
vn -0.8130 0.1252 0.5686
vn -0.8130 0.1254 0.5686
vn -0.8131 0.1254 0.5685
vn 0.3353 -0.0518 -0.9407
vn 0.3352 -0.0518 -0.9407
vn 0.3348 -0.0517 0.9409
vn 0.3347 -0.0517 0.9409
vn -0.6896 0.1064 0.7163
vn -0.6897 0.1064 0.7162
vn -0.6895 0.1064 0.7164
vn 0.1149 -0.0177 -0.9932
vn 0.5295 -0.0817 0.8443
vn 0.5296 -0.0817 0.8443
vn 0.5293 -0.0817 0.8445
vn -0.5297 0.0818 0.8442
vn -0.5295 0.0817 0.8443
vn -0.1148 0.0177 -0.9932
vn -0.1149 0.0177 -0.9932
vn -0.1151 0.0177 -0.9932
vn 0.6897 -0.1063 0.7163
vn 0.6897 -0.1063 0.7162
vn 0.6897 -0.1064 0.7162
vn 0.6898 -0.1064 0.7162
vn -0.3347 0.0517 0.9409
vn -0.3350 0.0517 0.9408
vn -0.3345 0.0517 0.9410
vn -0.3353 0.0518 -0.9407
vn 0.8129 -0.1256 0.5687
vn 0.8128 -0.1257 0.5688
vn 0.8130 -0.1255 0.5686
vn -0.1147 0.0177 0.9932
vn -0.1148 0.0177 0.9932
vn -0.5296 0.0817 -0.8443
vn -0.5295 0.0817 -0.8443
vn 0.9012 -0.1391 0.4104
vn 0.9012 -0.1390 0.4105
vn 0.9012 -0.1391 0.4105
vn -0.6899 0.1066 -0.7160
vn -0.6898 0.1065 -0.7161
vn -0.6900 0.1067 -0.7160
vn 0.9574 -0.1480 0.2478
vn -0.8130 0.1255 -0.5685
vn -0.8130 0.1253 -0.5687
vn -0.8131 0.1255 -0.5685
vn 0.9849 -0.1520 0.0825
vn 0.9849 -0.1519 0.0827
vn -0.0237 -0.8766 -0.4807
vn -0.0235 -0.8766 -0.4807
vn -0.0238 -0.8766 -0.4807
vn -0.0239 -0.8765 -0.4807
vn 0.1211 0.9692 -0.2145
vn -0.6773 0.7213 0.1449
vn -0.6772 0.7213 0.1450
vn -0.6773 0.7213 0.1450
vn -0.6772 0.7214 0.1449
vn 0.0927 0.9540 -0.2851
vn -0.6384 0.7325 0.2363
vn -0.6383 0.7324 0.2369
vn 0.0451 0.9342 -0.3539
vn -0.1100 0.8829 0.4565
vn -0.5806 0.7491 0.3191
vn -0.5806 0.7490 0.3191
vn -0.5807 0.7490 0.3190
vn -0.0232 0.9102 -0.4135
vn -0.0232 0.9102 0.4135
vn -0.5053 0.7702 0.3892
vn -0.5052 0.7703 0.3891
vn -0.1100 0.8829 -0.4565
vn 0.0451 0.9342 0.3539
vn -0.4147 0.7957 0.4414
vn -0.2096 0.8536 -0.4769
vn 0.0927 0.9540 0.2851
vn -0.3139 0.8240 0.4717
vn -0.3139 0.8240 -0.4717
vn 0.1211 0.9692 0.2145
vn -0.2096 0.8536 0.4769
vn -0.4147 0.7957 -0.4414
vn -0.4149 0.7957 -0.4413
vn 0.1351 0.9799 0.1471
vn 0.1351 0.9798 0.1471
vn -0.5052 0.7703 -0.3890
vn -0.5052 0.7703 -0.3891
vn 0.1401 0.9865 0.0852
vn -0.5806 0.7490 -0.3191
vn -0.5805 0.7488 -0.3198
vn 0.1412 0.9896 0.0279
vn 0.1413 0.9896 0.0278
vn 0.1414 0.9896 0.0278
vn -0.6386 0.7325 -0.2359
vn -0.6384 0.7325 -0.2363
vn 0.1413 0.9896 -0.0278
vn 0.1411 0.9896 -0.0278
vn -0.6774 0.7212 -0.1450
vn -0.6773 0.7213 -0.1450
vn -0.6773 0.7213 -0.1449
vn -0.6772 0.7213 -0.1450
vn 0.1401 0.9865 -0.0852
vn -0.6966 0.7158 -0.0488
vn -0.6968 0.7156 -0.0485
vn -0.6970 0.7154 -0.0487
vn -0.6969 0.7155 -0.0489
vn 0.1351 0.9799 -0.1471
vn 0.1351 0.9798 -0.1471
vn -0.7985 -0.1306 -0.5876
vn -0.7985 -0.1308 -0.5876
vn -0.7986 -0.1308 -0.5875
vn -0.7986 -0.1306 -0.5875
vn 0.5624 -0.7653 0.3133
vn 0.5623 -0.7654 0.3131
vn 0.5623 -0.7653 0.3132
vn 0.5622 -0.7654 0.3132
vn 0.0845 -0.8611 0.5014
vn 0.0845 -0.8611 0.5013
vn 0.0845 -0.8612 0.5012
vn 0.0846 -0.8611 0.5013
vn -0.1239 -0.8890 -0.4408
vn -0.1239 -0.8888 -0.4413
vn -0.1239 -0.8889 -0.4409
vn -0.1240 -0.8892 -0.4405
vn 0.6185 -0.7510 0.2312
vn -0.2141 -0.8981 -0.3842
vn -0.2139 -0.8982 -0.3840
vn -0.2141 -0.8982 -0.3839
vn 0.6565 -0.7408 0.1418
vn 0.6565 -0.7409 0.1417
vn 0.6566 -0.7408 0.1419
vn -0.2888 -0.9047 -0.3131
vn -0.2888 -0.9048 -0.3130
vn -0.2888 -0.9048 -0.3129
vn -0.2888 -0.9047 -0.3132
vn 0.6757 -0.7357 0.0472
vn 0.6757 -0.7356 0.0477
vn 0.6758 -0.7356 0.0474
vn 0.6759 -0.7355 0.0474
vn -0.3471 -0.9090 -0.2309
vn -0.3467 -0.9090 -0.2312
vn -0.3470 -0.9090 -0.2311
vn -0.3471 -0.9089 -0.2310
vn 0.6759 -0.7355 -0.0473
vn 0.6757 -0.7356 -0.0477
vn 0.6757 -0.7356 -0.0475
vn 0.6756 -0.7357 -0.0474
vn -0.3856 -0.9118 -0.1416
vn -0.3858 -0.9116 -0.1417
vn -0.3860 -0.9116 -0.1414
vn -0.3860 -0.9116 -0.1416
vn 0.6565 -0.7409 -0.1417
vn 0.6565 -0.7409 -0.1418
vn -0.4058 -0.9127 -0.0477
vn -0.4057 -0.9127 -0.0477
vn -0.4060 -0.9126 -0.0477
vn 0.6185 -0.7510 -0.2312
vn -0.4059 -0.9127 0.0478
vn -0.4057 -0.9128 0.0478
vn -0.4057 -0.9127 0.0478
vn -0.4058 -0.9127 0.0477
vn 0.5623 -0.7654 -0.3131
vn -0.3859 -0.9116 0.1417
vn -0.3858 -0.9116 0.1419
vn -0.3862 -0.9114 0.1423
vn 0.4892 -0.7831 -0.3840
vn -0.3471 -0.9090 0.2308
vn -0.3471 -0.9090 0.2307
vn -0.3472 -0.9089 0.2309
vn -0.3468 -0.9090 0.2312
vn 0.4014 -0.8028 -0.4409
vn 0.1952 -0.8430 0.5013
vn 0.1946 -0.8431 0.5012
vn 0.1947 -0.8431 0.5013
vn 0.1946 -0.8432 0.5012
vn -0.2888 -0.9048 0.3131
vn -0.2888 -0.9048 0.3130
vn -0.2888 -0.9048 0.3129
vn 0.3018 -0.8232 -0.4809
vn 0.3018 -0.8232 -0.4808
vn 0.3019 -0.8230 -0.4812
vn 0.3016 -0.8233 0.4808
vn 0.3018 -0.8233 0.4807
vn 0.3016 -0.8232 0.4809
vn -0.2138 -0.8982 0.3840
vn -0.2133 -0.8985 0.3836
vn -0.2138 -0.8982 0.3842
vn 0.1944 -0.8432 -0.5012
vn 0.1946 -0.8432 -0.5012
vn 0.1945 -0.8432 -0.5012
vn 0.4014 -0.8028 0.4409
vn -0.1245 -0.8889 0.4409
vn -0.1244 -0.8889 0.4408
vn -0.1245 -0.8891 0.4405
vn -0.1251 -0.8889 0.4407
vn 0.0845 -0.8612 -0.5012
vn 0.0845 -0.8611 -0.5013
vn 0.4892 -0.7830 0.3841
vn 0.4892 -0.7831 0.3840
vn -0.0241 -0.8765 0.4808
vn -0.0239 -0.8765 0.4807
vn -0.0236 -0.8766 0.4807
vn -0.9518 0.2964 -0.0794
vn -0.9517 0.2964 -0.0798
vn -0.9517 0.2965 -0.0795
vn 0.9831 0.1611 0.0869
vn 0.9831 0.1610 0.0870
vn 0.9831 0.1612 0.0869
vn 0.9831 0.1613 0.0868
vn -0.8921 -0.1462 -0.4274
vn -0.8923 -0.1464 -0.4271
vn -0.8921 -0.1460 -0.4275
vn -0.8921 -0.1461 -0.4275
vn 0.9832 0.1608 -0.0869
vn 0.9832 0.1609 -0.0868
vn 0.9831 0.1612 -0.0869
vn 0.9831 0.1610 -0.0870
vn -0.9532 -0.1561 -0.2590
vn -0.9532 -0.1561 -0.2591
vn -0.9532 -0.1562 -0.2588
vn -0.9531 -0.1561 -0.2591
vn 0.9532 0.1560 -0.2591
vn 0.9531 0.1562 -0.2592
vn 0.9532 0.1561 -0.2591
vn 0.9532 0.1561 -0.2590
vn -0.9831 -0.1612 -0.0869
vn -0.9831 -0.1613 -0.0870
vn -0.9832 -0.1607 -0.0867
vn -0.9831 -0.1610 -0.0868
vn 0.8922 0.1461 -0.4274
vn 0.8921 0.1461 -0.4275
vn 0.8922 0.1461 -0.4273
vn -0.9831 -0.1611 0.0869
vn -0.9831 -0.1610 0.0870
vn -0.9832 -0.1607 0.0869
vn -0.9831 -0.1613 0.0868
vn 0.7987 0.1310 -0.5874
vn 0.7986 0.1311 -0.5874
vn 0.7987 0.1309 -0.5873
vn 0.7987 0.1308 -0.5873
vn -0.9532 -0.1562 0.2589
vn -0.9532 -0.1561 0.2589
vn -0.9532 -0.1563 0.2588
vn -0.9532 -0.1564 0.2587
vn 0.6712 0.1099 -0.7331
vn 0.6715 0.1096 -0.7329
vn 0.6710 0.1101 -0.7332
vn -0.8922 -0.1460 0.4274
vn -0.8923 -0.1464 0.4271
vn -0.8922 -0.1462 0.4273
vn -0.8921 -0.1461 0.4275
vn 0.5103 0.0836 -0.8559
vn 0.5103 0.0835 -0.8559
vn 0.1093 0.0179 0.9938
vn 0.1091 0.0179 0.9939
vn -0.7985 -0.1310 0.5876
vn -0.7984 -0.1310 0.5877
vn -0.7987 -0.1307 0.5874
vn -0.7986 -0.1308 0.5875
vn 0.3202 0.0523 -0.9459
vn 0.3201 0.0525 -0.9459
vn 0.3201 0.0524 -0.9459
vn 0.3202 0.0522 0.9459
vn 0.3199 0.0525 0.9460
vn 0.3202 0.0523 0.9459
vn 0.3201 0.0525 0.9459
vn -0.6710 -0.1101 0.7333
vn 0.1092 0.0179 -0.9939
vn 0.1093 0.0179 -0.9938
vn 0.5103 0.0837 0.8559
vn 0.5105 0.0835 0.8558
vn 0.5104 0.0835 0.8559
vn -0.5103 -0.0836 0.8559
vn -0.5105 -0.0836 0.8558
vn -0.5105 -0.0837 0.8558
vn -0.1092 -0.0179 -0.9939
vn -0.1093 -0.0179 -0.9938
vn 0.6711 0.1098 0.7332
vn 0.6712 0.1099 0.7331
vn 0.6710 0.1097 0.7333
vn 0.6710 0.1101 0.7333
vn -0.3201 -0.0524 0.9459
vn -0.3204 -0.0526 0.9458
vn -0.3200 -0.0523 0.9460
vn -0.3204 -0.0526 -0.9458
vn -0.3200 -0.0523 -0.9460
vn 0.7987 0.1308 0.5873
vn 0.7987 0.1308 0.5874
vn -0.1093 -0.0179 0.9938
vn -0.1090 -0.0179 0.9939
vn -0.1091 -0.0179 0.9939
vn -0.5105 -0.0836 -0.8558
vn 0.8922 0.1461 0.4274
vn 0.8921 0.1461 0.4275
vn 0.8922 0.1460 0.4275
vn 0.8922 0.1461 0.4273
vn -0.6714 -0.1100 -0.7329
vn -0.6712 -0.1099 -0.7330
vn 0.9532 0.1562 0.2590
vn 0.9532 0.1561 0.2589
vn 0.9532 0.1560 0.2591
vn 0.9531 0.1560 0.2593
vn -0.0252 0.9997 -0.0002
vn -0.0252 0.9997 -0.0000
vn -0.0251 0.9997 0.0003
vn -0.0253 0.9997 0.0001
vn -0.0249 0.9997 -0.0000
vn -0.0251 0.9997 -0.0002
vn -0.0250 0.9997 -0.0001
vn -0.0251 0.9997 -0.0003
vn -0.0251 0.9997 -0.0001
vn -0.0253 0.9997 -0.0001
vn -0.0257 0.9997 -0.0001
vn -0.0256 0.9997 -0.0002
vn -0.0254 0.9997 0.0002
vn -0.0252 0.9997 -0.0001
vn -0.0253 0.9997 0.0002
vn -0.2350 0.9698 0.0659
vn -0.9517 0.2964 0.0798
vn -0.9517 0.2964 0.0796
vn -0.9517 0.2964 0.0797
vn -0.1189 0.9928 0.0158
vn -0.9205 0.3104 0.2372
vn -0.9205 0.3105 0.2371
vn -0.0071 0.9953 -0.0964
vn -0.8575 0.3388 0.3871
vn -0.8575 0.3390 0.3870
vn 0.0627 0.9641 -0.2579
vn 0.0627 0.9641 -0.2580
vn -0.0129 0.8079 0.5892
vn -0.7622 0.3825 0.5224
vn -0.7621 0.3825 0.5224
vn -0.7621 0.3826 0.5224
vn 0.0625 0.8982 -0.4351
vn 0.0625 0.8982 0.4351
vn -0.6353 0.4421 0.6332
vn -0.6350 0.4423 0.6334
vn -0.0129 0.8079 -0.5892
vn 0.0627 0.9641 0.2579
vn -0.4810 0.5180 0.7073
vn -0.4809 0.5181 0.7073
vn -0.1467 0.7071 -0.6917
vn -0.0071 0.9953 0.0964
vn -0.3116 0.6078 0.7304
vn -0.3116 0.6078 -0.7304
vn -0.1189 0.9928 -0.0158
vn -0.1467 0.7071 0.6917
vn -0.4810 0.5180 -0.7073
vn -0.2350 0.9698 -0.0659
vn -0.6349 0.4423 -0.6334
vn -0.6350 0.4423 -0.6334
vn -0.3255 0.9435 -0.0622
vn -0.7621 0.3825 -0.5224
vn -0.7622 0.3824 -0.5224
vn -0.3739 0.9271 -0.0245
vn -0.3740 0.9271 -0.0245
vn -0.8575 0.3391 -0.3869
vn -0.8575 0.3388 -0.3871
vn -0.8575 0.3388 -0.3872
vn -0.3739 0.9272 0.0245
vn -0.3739 0.9271 0.0245
vn -0.9205 0.3105 -0.2371
vn -0.9205 0.3104 -0.2372
vn -0.9205 0.3105 -0.2372
vn -0.3255 0.9435 0.0622
vn 0.8375 -0.4835 0.2545
vn 0.8376 -0.4836 0.2541
vn 0.8376 -0.4835 0.2542
vn 0.8376 -0.4835 0.2544
vn -0.6768 -0.4834 -0.5552
vn -0.6764 -0.4836 -0.5555
vn -0.6765 -0.4835 -0.5554
vn -0.6766 -0.4836 -0.5553
vn 0.8711 -0.4836 0.0855
vn 0.8711 -0.4837 0.0852
vn 0.8711 -0.4835 0.0858
vn 0.8711 -0.4836 0.0857
vn -0.7718 -0.4836 -0.4130
vn -0.7720 -0.4834 -0.4127
vn -0.7719 -0.4835 -0.4128
vn -0.7717 -0.4836 -0.4131
vn 0.8711 -0.4836 -0.0857
vn 0.8711 -0.4836 -0.0858
vn 0.8710 -0.4837 -0.0857
vn -0.8376 -0.4837 -0.2539
vn -0.8375 -0.4837 -0.2542
vn -0.8376 -0.4836 -0.2541
vn 0.8376 -0.4836 -0.2540
vn 0.8376 -0.4835 -0.2544
vn 0.8375 -0.4836 -0.2544
vn 0.8376 -0.4836 -0.2541
vn -0.8711 -0.4836 -0.0857
vn -0.8711 -0.4836 -0.0856
vn -0.8711 -0.4836 -0.0858
vn 0.7720 -0.4836 -0.4125
vn 0.7719 -0.4836 -0.4127
vn -0.8711 -0.4836 0.0860
vn -0.8710 -0.4837 0.0862
vn -0.8711 -0.4836 0.0859
vn 0.6765 -0.4836 -0.5554
vn 0.6764 -0.4836 -0.5555
vn 0.6766 -0.4836 -0.5553
vn 0.6763 -0.4836 -0.5557
vn -0.8376 -0.4836 0.2542
vn -0.8377 -0.4835 0.2539
vn -0.8375 -0.4836 0.2542
vn -0.8376 -0.4836 0.2541
vn 0.5550 -0.4836 -0.6768
vn 0.5551 -0.4836 -0.6768
vn 0.5550 -0.4836 -0.6769
vn -0.7718 -0.4835 0.4130
vn -0.7719 -0.4836 0.4126
vn -0.7719 -0.4835 0.4127
vn 0.4128 -0.4836 -0.7719
vn 0.4125 -0.4836 -0.7720
vn 0.4127 -0.4836 -0.7719
vn 0.0856 -0.4836 0.8711
vn 0.0857 -0.4836 0.8711
vn 0.0860 -0.4836 0.8711
vn -0.6768 -0.4836 0.5551
vn -0.6766 -0.4836 0.5552
vn -0.6766 -0.4838 0.5552
vn -0.6764 -0.4836 0.5555
vn 0.2542 -0.4835 -0.8376
vn 0.2540 -0.4836 -0.8376
vn 0.2541 -0.4838 -0.8375
vn 0.2543 -0.4836 -0.8375
vn 0.2541 -0.4837 0.8375
vn 0.2543 -0.4837 0.8375
vn 0.2544 -0.4836 0.8375
vn 0.2545 -0.4836 0.8375
vn -0.5553 -0.4836 0.6765
vn -0.5556 -0.4836 0.6763
vn -0.5555 -0.4836 0.6764
vn -0.5551 -0.4833 0.6770
vn 0.0855 -0.4834 -0.8712
vn 0.0862 -0.4836 -0.8710
vn 0.0860 -0.4836 -0.8711
vn 0.0852 -0.4833 -0.8713
vn 0.4124 -0.4838 0.7719
vn 0.4128 -0.4836 0.7718
vn 0.4128 -0.4837 0.7718
vn 0.4125 -0.4837 0.7719
vn -0.4125 -0.4837 0.7719
vn -0.4126 -0.4836 0.7719
vn -0.4123 -0.4836 0.7721
vn -0.0855 -0.4836 -0.8711
vn -0.0858 -0.4836 -0.8711
vn -0.0860 -0.4834 -0.8712
vn -0.0859 -0.4836 -0.8711
vn 0.5551 -0.4836 0.6767
vn 0.5550 -0.4836 0.6769
vn 0.5554 -0.4838 0.6763
vn 0.5555 -0.4839 0.6762
vn -0.2544 -0.4836 0.8375
vn -0.2545 -0.4837 0.8374
vn -0.2545 -0.4836 0.8375
vn -0.2543 -0.4836 0.8375
vn -0.2542 -0.4834 -0.8377
vn -0.2541 -0.4836 -0.8376
vn -0.2543 -0.4834 -0.8376
vn -0.2544 -0.4833 -0.8377
vn 0.6767 -0.4836 0.5552
vn 0.6767 -0.4836 0.5551
vn 0.6769 -0.4836 0.5550
vn -0.0858 -0.4836 0.8711
vn -0.0852 -0.4837 0.8711
vn -0.0857 -0.4836 0.8711
vn -0.4127 -0.4836 -0.7719
vn -0.4131 -0.4834 -0.7718
vn -0.4130 -0.4835 -0.7718
vn -0.4126 -0.4836 -0.7720
vn 0.7720 -0.4836 0.4125
vn 0.7719 -0.4836 0.4127
vn 0.7719 -0.4836 0.4126
vn -0.5554 -0.4837 -0.6765
vn -0.5553 -0.4835 -0.6766
vn -0.5553 -0.4836 -0.6766
vn 0.8308 -0.5505 -0.0818
vn 0.8308 -0.5506 -0.0817
vn 0.8308 -0.5506 -0.0815
vn -0.7989 -0.5505 -0.2423
vn -0.7989 -0.5505 -0.2422
vn 0.7989 -0.5505 -0.2423
vn 0.7990 -0.5505 -0.2421
vn 0.7987 -0.5507 -0.2425
vn 0.7988 -0.5506 -0.2423
vn -0.8308 -0.5505 -0.0817
vn -0.8306 -0.5507 -0.0819
vn -0.8308 -0.5506 -0.0818
vn 0.7363 -0.5504 -0.3936
vn 0.7364 -0.5504 -0.3934
vn 0.7363 -0.5508 -0.3931
vn -0.8305 -0.5509 0.0820
vn -0.8307 -0.5507 0.0819
vn -0.8308 -0.5506 0.0818
vn 0.6451 -0.5505 -0.5298
vn 0.6452 -0.5508 -0.5295
vn 0.6453 -0.5504 -0.5298
vn 0.6453 -0.5505 -0.5297
vn -0.7989 -0.5505 0.2423
vn -0.7989 -0.5506 0.2423
vn -0.7989 -0.5504 0.2423
vn 0.5296 -0.5506 -0.6452
vn 0.5296 -0.5506 -0.6453
vn 0.5297 -0.5506 -0.6452
vn -0.7362 -0.5507 0.3935
vn -0.7362 -0.5506 0.3935
vn -0.7361 -0.5508 0.3935
vn 0.3937 -0.5504 -0.7362
vn 0.3936 -0.5507 -0.7361
vn 0.3936 -0.5506 -0.7361
vn 0.3935 -0.5505 -0.7363
vn 0.0820 -0.5509 0.8305
vn 0.0820 -0.5510 0.8305
vn 0.0819 -0.5507 0.8307
vn -0.6453 -0.5506 0.5296
vn -0.6451 -0.5511 0.5293
vn -0.6453 -0.5505 0.5296
vn 0.2423 -0.5505 -0.7989
vn 0.2424 -0.5505 -0.7989
vn 0.2428 -0.5506 -0.7987
vn 0.2423 -0.5505 0.7989
vn 0.2423 -0.5506 0.7989
vn -0.5296 -0.5505 0.6453
vn -0.5295 -0.5507 0.6453
vn 0.0817 -0.5504 -0.8309
vn 0.0820 -0.5510 -0.8305
vn 0.0818 -0.5505 -0.8308
vn 0.3935 -0.5506 0.7362
vn 0.3935 -0.5507 0.7361
vn 0.3936 -0.5506 0.7362
vn -0.3935 -0.5507 0.7361
vn -0.3935 -0.5507 0.7362
vn -0.3935 -0.5506 0.7362
vn -0.0818 -0.5503 -0.8309
vn -0.0818 -0.5505 -0.8308
vn -0.0812 -0.5504 -0.8309
vn 0.5295 -0.5508 0.6452
vn 0.5296 -0.5506 0.6453
vn 0.5295 -0.5510 0.6450
vn 0.5295 -0.5507 0.6453
vn -0.2422 -0.5505 0.7989
vn -0.2419 -0.5509 0.7988
vn -0.2423 -0.5506 0.7989
vn -0.2423 -0.5505 0.7989
vn -0.2423 -0.5505 -0.7989
vn -0.2423 -0.5506 -0.7989
vn 0.6452 -0.5506 0.5296
vn 0.6454 -0.5504 0.5296
vn 0.6453 -0.5505 0.5296
vn 0.6452 -0.5507 0.5296
vn -0.0820 -0.5509 0.8305
vn -0.0818 -0.5506 0.8307
vn -0.3936 -0.5502 -0.7364
vn -0.3935 -0.5503 -0.7364
vn -0.3935 -0.5504 -0.7363
vn -0.3936 -0.5504 -0.7363
vn 0.7365 -0.5500 0.3937
vn 0.7364 -0.5503 0.3935
vn 0.7364 -0.5502 0.3936
vn 0.7363 -0.5505 0.3936
vn -0.5299 -0.5503 -0.6453
vn -0.5296 -0.5505 -0.6453
vn -0.5297 -0.5506 -0.6451
vn -0.5299 -0.5504 -0.6452
vn 0.7987 -0.5506 0.2428
vn 0.7989 -0.5505 0.2423
vn 0.7991 -0.5500 0.2426
vn -0.6454 -0.5504 -0.5297
vn -0.6453 -0.5507 -0.5295
vn -0.6455 -0.5503 -0.5297
vn -0.6455 -0.5503 -0.5296
vn 0.8308 -0.5505 0.0817
vn 0.8308 -0.5506 0.0815
vn 0.8308 -0.5505 0.0818
vn 0.8308 -0.5506 0.0816
vn -0.7362 -0.5507 -0.3934
vn -0.7362 -0.5506 -0.3935
vn -0.7362 -0.5507 -0.3933
vn -0.2898 -0.0000 0.9571
vn -0.2898 -0.0000 -0.9571
vn -0.0983 -0.0000 0.9952
vn -0.4713 -0.0000 -0.8820
vn 0.8820 -0.0000 0.4713
vn 0.9568 -0.0000 0.2907
vn 0.9569 -0.0000 0.2904
vn 0.9568 -0.0000 0.2906
vn -0.7731 -0.0000 -0.6343
vn 0.9952 -0.0000 0.0979
vn 0.9952 -0.0000 0.0980
vn -0.8817 -0.0000 -0.4718
vn 0.9952 -0.0000 -0.0980
vn 0.9952 -0.0000 -0.0979
vn 0.9952 -0.0000 -0.0976
vn 0.9568 -0.0000 -0.2907
vn -0.9951 -0.0000 -0.0984
vn -0.9952 -0.0000 -0.0980
vn 0.8817 -0.0000 -0.4719
vn -0.9952 -0.0000 0.0983
vn -0.9952 -0.0000 0.0980
vn -0.9952 -0.0000 0.0978
vn 0.7731 -0.0000 -0.6343
vn -0.9571 -0.0000 0.2898
vn -0.8820 -0.0000 0.4713
vn 0.4718 -0.0000 -0.8817
vn 0.4714 -0.0000 -0.8819
vn 0.0983 -0.0000 0.9952
vn -0.7731 -0.0000 0.6343
vn 0.2901 -0.0000 -0.9570
vn 0.2898 -0.0000 -0.9571
vn 0.2898 -0.0000 0.9571
vn 0.0983 -0.0000 -0.9952
vn 0.4718 -0.0000 0.8817
vn 0.4713 -0.0000 0.8820
vn -0.4713 -0.0000 0.8820
vn -0.0983 -0.0000 -0.9952
vn -0.3549 -0.0000 -0.9349
vn -0.1657 -0.0000 -0.9862
vn 0.0299 -0.0000 -0.9996
vn 0.0298 -0.0000 -0.9996
vn 0.2243 -0.0000 -0.9745
vn 0.4101 -0.0000 -0.9121
vn 0.5801 -0.0000 -0.8145
vn 0.5802 -0.0000 -0.8145
vn 0.7279 -0.0000 -0.6857
vn 0.8477 -0.0000 -0.5305
vn 0.9349 -0.0000 -0.3549
vn 0.9862 -0.0000 -0.1657
vn 0.9996 -0.0000 0.0299
vn 0.9745 -0.0000 0.2243
vn 0.9121 -0.0000 0.4100
vn 0.9121 -0.0000 0.4101
vn 0.9121 -0.0000 0.4099
vn 0.8145 -0.0000 0.5802
vn 0.6857 -0.0000 0.7279
vn 0.5305 -0.0000 0.8477
vn 0.3549 -0.0000 0.9349
vn 0.1657 -0.0000 0.9862
vn -0.0299 -0.0000 0.9996
vn -0.2243 -0.0000 0.9745
vn -0.4101 -0.0000 0.9120
vn -0.5802 -0.0000 0.8145
vn -0.7279 -0.0000 0.6857
vn -0.8477 -0.0000 0.5305
vn -0.9349 -0.0000 0.3549
vn -0.9862 -0.0000 0.1657
vn -0.9996 -0.0000 -0.0299
vn -0.9745 -0.0000 -0.2243
vn -0.9120 -0.0000 -0.4101
vn -0.9121 -0.0000 -0.4101
vn -0.8145 -0.0000 -0.5802
vn 0.8312 0.4606 -0.3113
vn -0.6857 -0.0000 -0.7279
vn -0.5305 -0.0000 -0.8477
vn -0.0001 -1.0000 -0.0000
vn 0.0002 -1.0000 -0.0000
vn 0.0001 -1.0000 -0.0000
vn 0.0579 0.6232 -0.7799
vn 0.0580 0.6232 -0.7799
vn -0.0799 0.7021 0.7076
vn -0.0798 0.7021 0.7076
vn -0.0800 0.7021 0.7076
vn -0.1629 0.9797 0.1167
vn -0.1629 0.9797 0.1168
vn 0.3330 0.4517 -0.8277
vn 0.6771 0.4608 0.5738
vn -0.1180 0.9930 0.0100
vn -0.4226 0.5300 -0.7352
vn -0.4227 0.5300 -0.7351
vn -0.4226 0.5300 -0.7351
vn -0.5559 0.6037 -0.5715
vn -0.5559 0.6037 -0.5714
vn -0.5558 0.6037 -0.5715
vn 0.8784 0.4584 -0.1349
vn -0.2241 0.8075 0.5456
vn -0.2242 0.8075 0.5456
vn -0.2940 0.9504 0.1014
vn -0.2940 0.9504 0.1016
vn 0.4980 0.4548 -0.7383
vn 0.5215 0.4843 0.7025
vn 0.5216 0.4843 0.7024
vn -0.0647 0.9978 0.0115
vn -0.2447 0.4843 -0.8400
vn -0.2446 0.4843 -0.8400
vn 0.8892 0.4548 0.0493
vn -0.2814 0.8946 0.3472
vn -0.2816 0.8945 0.3472
vn -0.2814 0.8945 0.3473
vn -0.4467 0.8946 0.0144
vn -0.4467 0.8946 0.0143
vn -0.4467 0.8946 0.0145
vn 0.6383 0.4584 -0.6184
vn 0.3304 0.5300 0.7810
vn 0.3303 0.5300 0.7810
vn -0.0482 0.9978 0.0446
vn -0.0482 0.4608 -0.8862
vn 0.8607 0.4517 0.2348
vn -0.2585 0.9504 0.1730
vn -0.2584 0.9504 0.1730
vn -0.5702 0.8075 -0.1511
vn -0.5702 0.8075 -0.1510
vn 0.7503 0.4606 -0.4742
vn 0.7503 0.4606 -0.4743
vn 0.1194 0.6037 0.7882
vn 0.1195 0.6037 0.7882
vn -0.0792 0.9930 0.0880
vn 0.1484 0.4521 -0.8795
vn 0.1485 0.4521 -0.8795
vn 0.1484 0.4521 -0.8796
vn 0.7905 0.4521 0.4132
vn -0.1914 0.9797 0.0593
vn -0.6121 0.7021 -0.3638
vn -0.6122 0.7021 -0.3637
vn -0.8203 -0.4014 0.4074
vn -0.8202 -0.4015 0.4075
vn -0.8203 -0.4015 0.4074
vn -0.8204 -0.4013 0.4073
vn -0.8204 -0.4012 0.4074
vn -0.8203 -0.4015 0.4073
vn -0.8202 -0.4015 0.4076
vn -0.8201 -0.4014 0.4079
vn -0.8201 -0.4018 0.4075
vn -0.8202 -0.4013 0.4077
vn -0.8204 -0.4013 0.4074
vn -0.8203 -0.4013 0.4075
vn -0.9366 -0.1056 -0.3341
vn -0.9366 -0.1055 -0.3340
vn -0.9366 -0.1055 -0.3341
vn -0.2996 -0.1056 0.9482
vn -0.2997 -0.1054 0.9482
vn 0.1544 0.7314 -0.6643
vn 0.1545 0.7314 -0.6642
vn -0.5747 -0.0878 -0.8136
vn -0.5748 -0.0878 -0.8136
vn -0.8931 0.3342 0.3011
vn -0.8931 0.3342 0.3012
vn -0.8932 0.3341 0.3010
vn 0.2405 0.8072 -0.5390
vn -0.7744 0.6269 -0.0856
vn -0.7744 0.6269 -0.0857
vn 0.3184 0.8550 -0.4094
vn -0.6107 0.7775 -0.1500
vn -0.6107 0.7775 -0.1501
vn 0.3901 0.8780 -0.2773
vn 0.3901 0.8780 -0.2774
vn 0.3901 0.8781 -0.2772
vn -0.4802 0.8702 -0.1105
vn -0.4802 0.8702 -0.1106
vn -0.4802 0.8702 -0.1104
vn 0.4567 0.8780 -0.1432
vn -0.3773 0.9256 -0.0287
vn 0.5186 0.8550 -0.0064
vn -0.2976 0.9517 0.0749
vn -0.2976 0.9518 0.0749
vn 0.5748 0.8072 0.1342
vn 0.5748 0.8072 0.1341
vn -0.2395 0.9518 0.1918
vn 0.6226 0.7314 0.2783
vn 0.6226 0.7314 0.2782
vn -0.2052 0.9256 0.3180
vn 0.6564 0.6232 0.4251
vn -0.2020 0.8702 0.4494
vn -0.2019 0.8702 0.4494
vn 0.6664 0.4794 0.5711
vn -0.3422 0.0998 -0.9343
vn -0.2495 0.7775 0.5772
vn -0.2492 0.7775 0.5774
vn -0.2494 0.7775 0.5773
vn 0.6362 0.3010 0.7104
vn -0.1817 0.3010 -0.9362
vn -0.1815 0.3010 -0.9362
vn -0.1816 0.3010 -0.9362
vn -0.1817 0.3009 -0.9362
vn -0.3996 0.6270 0.6687
vn -0.3996 0.6269 0.6688
vn 0.5377 0.0998 0.8372
vn -0.0526 0.4794 -0.8760
vn -0.0524 0.4795 -0.8760
vn -0.7796 0.3341 0.5297
vn -0.7796 0.3342 0.5297
vn -0.7796 0.3343 0.5296
vn 0.3010 -0.0878 0.9496
vn 0.3008 -0.0878 0.9496
vn 0.3009 -0.0878 0.9496
vn 0.7148 -0.0000 -0.6994
vn 0.7147 -0.0000 -0.6994
vn 0.7148 -0.0000 -0.6993
vn 0.8375 -0.0000 -0.5465
vn 0.8375 -0.0000 -0.5464
vn 0.8374 -0.0000 -0.5465
vn 0.9280 -0.0000 -0.3726
vn 0.9828 -0.0000 -0.1844
vn 0.9829 -0.0000 -0.1844
vn 0.9999 -0.0000 0.0109
vn 0.9786 -0.0000 0.2058
vn 0.9197 -0.0000 0.3927
vn 0.8254 -0.0000 0.5646
vn 0.8253 -0.0000 0.5646
vn 0.6993 -0.0000 0.7148
vn 0.5465 -0.0000 0.8375
vn 0.3725 -0.0000 0.9280
vn 0.3726 -0.0000 0.9280
vn 0.1844 -0.0000 0.9829
vn 0.1843 -0.0000 0.9829
vn -0.0109 -0.0000 0.9999
vn -0.2058 -0.0000 0.9786
vn -0.3927 -0.0000 0.9197
vn -0.3926 -0.0000 0.9197
vn -0.5646 -0.0000 0.8253
vn -0.7148 -0.0000 0.6994
vn -0.7148 -0.0000 0.6993
vn -0.7147 -0.0000 0.6994
vn -0.8375 -0.0000 0.5465
vn -0.9280 -0.0000 0.3726
vn -0.9829 -0.0000 0.1844
vn -0.9999 -0.0000 -0.0109
vn -0.9786 -0.0000 -0.2058
vn -0.9197 -0.0000 -0.3927
vn -0.9197 -0.0000 -0.3926
vn -0.8253 -0.0000 -0.5647
vn -0.8252 -0.0000 -0.5648
vn -0.6993 -0.0000 -0.7148
vn -0.6994 -0.0000 -0.7148
vn -0.5464 -0.0000 -0.8375
vn -0.5465 -0.0000 -0.8374
vn -0.3726 -0.0000 -0.9280
vn -0.1844 -0.0000 -0.9829
vn 0.0109 -0.0000 -0.9999
vn 0.2058 -0.0000 -0.9786
vn 0.6179 0.4606 0.6372
vn 0.3927 -0.0000 -0.9197
vn 0.5645 -0.0000 -0.8254
vn 0.5645 -0.0000 -0.8255
vn 0.5646 -0.0000 -0.8254
vn 0.7379 0.6232 -0.2591
vn -0.6804 0.7021 0.2099
vn -0.1721 0.9797 -0.1026
vn 0.8918 0.4517 -0.0260
vn -0.2549 0.4608 0.8501
vn -0.2550 0.4608 0.8501
vn -0.0563 0.9930 -0.1042
vn 0.5046 0.5300 -0.6815
vn 0.3013 0.6037 -0.7381
vn 0.3012 0.6037 -0.7381
vn 0.4751 0.4584 0.7511
vn -0.5897 0.8075 0.0128
vn -0.5897 0.8075 0.0130
vn -0.5897 0.8075 0.0131
vn -0.2107 0.9504 -0.2289
vn -0.2105 0.9504 -0.2289
vn 0.8759 0.4548 0.1610
vn -0.4350 0.4843 0.7591
vn -0.0364 0.9978 -0.0547
vn 0.6720 0.4843 -0.5603
vn 0.3106 0.4548 0.8347
vn -0.4308 0.8946 -0.1189
vn -0.4308 0.8946 -0.1190
vn -0.1919 0.8946 -0.4036
vn -0.1918 0.8946 -0.4036
vn 0.8222 0.4584 0.3375
vn -0.5836 0.5300 0.6152
vn -0.5835 0.5300 0.6153
vn -0.5835 0.5300 0.6154
vn -0.0602 0.9978 -0.0263
vn 0.7929 0.4608 -0.3987
vn 0.7929 0.4608 -0.3988
vn 0.1292 0.4517 0.8828
vn 0.1293 0.4517 0.8828
vn -0.2619 0.9504 -0.1676
vn -0.2620 0.9504 -0.1676
vn -0.0898 0.8075 -0.5830
vn -0.0896 0.8075 -0.5830
vn -0.0897 0.8075 -0.5830
vn -0.0899 0.8075 -0.5830
vn 0.7348 0.4607 0.4978
vn 0.7349 0.4606 0.4978
vn 0.7348 0.4606 0.4978
vn -0.6746 0.6037 0.4249
vn -0.6746 0.6037 0.4248
vn -0.6745 0.6037 0.4249
vn -0.1124 0.9930 -0.0374
vn 0.8654 0.4521 -0.2160
vn -0.0624 0.4521 0.8898
vn -0.1309 0.9797 -0.1517
vn -0.1309 0.9797 -0.1519
vn 0.0884 0.7021 -0.7066
vn 0.0884 0.7021 -0.7065
vn 0.0886 0.7021 -0.7065
vn -0.7016 -0.4014 -0.5887
vn -0.7015 -0.4015 -0.5888
vn -0.7018 -0.4013 -0.5886
vn -0.7016 -0.4015 -0.5887
vn -0.7017 -0.4012 -0.5888
vn -0.7019 -0.4014 -0.5884
vn -0.7013 -0.4015 -0.5890
vn -0.7017 -0.4014 -0.5887
vn -0.7020 -0.4011 -0.5885
vn -0.7016 -0.4014 -0.5888
vn -0.7017 -0.4013 -0.5887
vn -0.0687 -0.1057 -0.9920
vn -0.0686 -0.1056 -0.9920
vn -0.0687 -0.1055 -0.9921
vn -0.0687 -0.1055 -0.9920
vn -0.9889 -0.1056 0.1048
vn -0.9889 -0.1056 0.1047
vn 0.6706 0.7314 -0.1242
vn 0.6706 0.7314 -0.1241
vn 0.5157 -0.0878 -0.8523
vn 0.5156 -0.0878 -0.8523
vn 0.5156 -0.0879 -0.8523
vn -0.6333 0.3342 -0.6980
vn -0.6334 0.3342 -0.6979
vn -0.6334 0.3341 -0.6980
vn 0.5902 0.8072 0.0047
vn 0.5903 0.8072 0.0047
vn -0.2314 0.6269 -0.7440
vn -0.2313 0.6269 -0.7440
vn -0.2312 0.6269 -0.7440
vn 0.5025 0.8550 0.1280
vn 0.5027 0.8550 0.1280
vn 0.5026 0.8550 0.1280
vn -0.1067 0.7775 -0.6197
vn -0.1068 0.7775 -0.6197
vn 0.4102 0.8781 0.2465
vn -0.0908 0.8702 -0.4843
vn 0.3141 0.8780 0.3612
vn 0.3143 0.8780 0.3611
vn 0.3140 0.8780 0.3612
vn -0.1247 0.9256 -0.3573
vn 0.2133 0.8550 0.4727
vn 0.2134 0.8550 0.4727
vn -0.1877 0.9518 -0.2427
vn 0.1071 0.8072 0.5804
vn -0.2716 0.9518 -0.1427
vn -0.0059 0.7314 0.6819
vn -0.0059 0.7313 0.6820
vn -0.3735 0.9256 -0.0608
vn -0.1270 0.6232 0.7717
vn -0.1269 0.6232 0.7717
vn -0.4927 0.8702 -0.0054
vn -0.4927 0.8702 -0.0053
vn -0.2568 0.4794 0.8392
vn 0.7193 0.0998 -0.6875
vn 0.7194 0.0997 -0.6874
vn 0.7193 0.0997 -0.6875
vn -0.6288 0.7776 0.0024
vn -0.6288 0.7776 0.0023
vn -0.6289 0.7775 0.0024
vn -0.6289 0.7775 0.0025
vn -0.3964 0.3010 0.8673
vn 0.7853 0.3010 -0.5410
vn -0.7728 0.6270 -0.0987
vn -0.7728 0.6269 -0.0987
vn -0.7738 0.6254 -0.1004
vn -0.7729 0.6269 -0.0986
vn -0.5522 0.0998 0.8277
vn -0.5523 0.0998 0.8277
vn -0.5525 0.0997 0.8275
vn 0.7819 0.4794 -0.3985
vn 0.7819 0.4794 -0.3986
vn -0.7974 0.3342 -0.5024
vn -0.7974 0.3342 -0.5025
vn -0.7498 -0.0878 0.6558
vn -0.7500 -0.0878 0.6556
vn 0.0602 -0.0000 -0.9982
vn 0.2538 -0.0000 -0.9673
vn 0.4374 -0.0000 -0.8993
vn 0.4377 -0.0000 -0.8991
vn 0.6047 -0.0000 -0.7965
vn 0.6046 -0.0000 -0.7965
vn 0.6047 -0.0000 -0.7964
vn 0.7484 -0.0000 -0.6633
vn 0.8634 -0.0000 -0.5045
vn 0.8634 -0.0000 -0.5044
vn 0.9452 -0.0000 -0.3264
vn 0.9452 -0.0000 -0.3265
vn 0.9907 -0.0000 -0.1357
vn 0.9982 -0.0000 0.0602
vn 0.9673 -0.0000 0.2538
vn 0.8992 -0.0000 0.4376
vn 0.7967 -0.0000 0.6044
vn 0.7965 -0.0000 0.6046
vn 0.7968 -0.0000 0.6043
vn 0.6633 -0.0000 0.7484
vn 0.5045 -0.0000 0.8634
vn 0.5043 -0.0000 0.8635
vn 0.5044 -0.0000 0.8634
vn 0.3264 -0.0000 0.9452
vn 0.3265 -0.0000 0.9452
vn 0.1356 -0.0000 0.9908
vn 0.1357 -0.0000 0.9908
vn -0.0602 -0.0000 0.9982
vn -0.0601 -0.0000 0.9982
vn -0.2538 -0.0000 0.9673
vn -0.4374 -0.0000 0.8993
vn -0.6046 -0.0000 0.7965
vn -0.7484 -0.0000 0.6633
vn -0.8634 -0.0000 0.5044
vn -0.8633 -0.0000 0.5046
vn -0.9452 -0.0000 0.3264
vn -0.9907 -0.0000 0.1357
vn -0.9982 -0.0000 -0.0602
vn -0.9673 -0.0000 -0.2538
vn -0.8992 -0.0000 -0.4376
vn -0.7967 -0.0000 -0.6044
vn -0.7965 -0.0000 -0.6046
vn -0.6633 -0.0000 -0.7484
vn -0.6632 -0.0000 -0.7484
vn -0.5043 -0.0000 -0.8635
vn -0.5045 -0.0000 -0.8634
vn -0.5044 -0.0000 -0.8634
vn 0.8857 0.4606 0.0574
vn 0.8858 0.4606 0.0574
vn -0.3264 -0.0000 -0.9452
vn -0.1357 -0.0000 -0.9908
vn -0.1357 -0.0000 -0.9907
vn 0.3730 0.6232 -0.6874
vn 0.3731 0.6232 -0.6873
vn -0.3634 0.7021 0.6124
vn -0.3633 0.7021 0.6124
vn -0.3635 0.7021 0.6124
vn -0.1964 0.9797 0.0395
vn -0.1964 0.9797 0.0396
vn 0.6435 0.4517 -0.6180
vn 0.6434 0.4517 -0.6181
vn 0.3818 0.4608 0.8012
vn -0.1117 0.9930 -0.0394
vn -0.0837 0.5300 -0.8439
vn -0.0836 0.5300 -0.8439
vn -0.2722 0.6037 -0.7493
vn 0.8564 0.4584 0.2376
vn -0.4284 0.8075 0.4055
vn -0.3097 0.9504 -0.0283
vn -0.3097 0.9504 -0.0282
vn 0.7572 0.4548 -0.4688
vn 0.1871 0.4843 0.8547
vn 0.1872 0.4843 0.8546
vn -0.0637 0.9978 -0.0161
vn 0.1219 0.4843 -0.8664
vn 0.7906 0.4548 0.4101
vn 0.7906 0.4548 0.4100
vn -0.3991 0.8946 0.2011
vn -0.3991 0.8946 0.2012
vn -0.3991 0.8946 0.2010
vn -0.4131 0.8946 -0.1703
vn -0.4132 0.8946 -0.1703
vn -0.4133 0.8946 -0.1702
vn 0.8359 0.4584 -0.3019
vn -0.0194 0.5300 0.8478
vn -0.0193 0.5300 0.8478
vn -0.0195 0.5300 0.8478
vn -0.0623 0.9978 0.0209
vn 0.3199 0.4608 -0.8279
vn 0.3198 0.4608 -0.8279
vn 0.3199 0.4608 -0.8278
vn 0.6884 0.4517 0.5675
vn 0.6885 0.4517 0.5674
vn -0.3067 0.9504 0.0517
vn -0.3066 0.9504 0.0517
vn -0.4579 0.8075 -0.3718
vn -0.4579 0.8075 -0.3719
vn 0.8788 0.4606 -0.1244
vn -0.2146 0.6037 0.7678
vn -0.2147 0.6037 0.7678
vn -0.1084 0.9930 0.0477
vn 0.4964 0.4521 -0.7411
vn 0.5512 0.4521 0.7013
vn -0.1989 0.9797 -0.0245
vn -0.1989 0.9797 -0.0246
vn -0.4088 0.7021 -0.5831
vn -0.9152 -0.4014 0.0347
vn -0.9154 -0.4011 0.0345
vn -0.9152 -0.4016 0.0348
vn -0.9152 -0.4015 0.0347
vn -0.9153 -0.4014 0.0347
vn -0.9153 -0.4014 0.0348
vn -0.9152 -0.4014 0.0346
vn -0.9153 -0.4013 0.0348
vn -0.9153 -0.4013 0.0347
vn -0.9154 -0.4011 0.0348
vn -0.9152 -0.4015 0.0348
vn -0.7169 -0.1056 -0.6891
vn -0.7169 -0.1056 -0.6892
vn -0.6624 -0.1056 0.7416
vn -0.6625 -0.1056 0.7416
vn -0.6626 -0.1055 0.7415
vn -0.6627 -0.1055 0.7414
vn 0.4135 0.7314 -0.5423
vn -0.1903 -0.0878 -0.9778
vn -0.1903 -0.0879 -0.9778
vn -0.1900 -0.0878 -0.9779
vn -0.9380 0.3342 -0.0922
vn 0.4406 0.8072 -0.3929
vn 0.4406 0.8072 -0.3928
vn -0.6709 0.6269 -0.3961
vn -0.6709 0.6269 -0.3960
vn 0.4584 0.8550 -0.2426
vn -0.4952 0.7775 -0.3876
vn -0.4952 0.7775 -0.3877
vn 0.4695 0.8780 -0.0928
vn -0.3925 0.8702 -0.2979
vn 0.4752 0.8780 0.0569
vn -0.3323 0.9256 -0.1810
vn 0.4755 0.8550 0.2071
vn -0.3021 0.9518 -0.0539
vn -0.3021 0.9518 -0.0540
vn -0.3021 0.9518 -0.0538
vn 0.4691 0.8072 0.3583
vn 0.4691 0.8073 0.3581
vn -0.2971 0.9518 0.0766
vn -0.2971 0.9518 0.0765
vn 0.4535 0.7314 0.5093
vn 0.4534 0.7314 0.5094
vn -0.3176 0.9256 0.2057
vn -0.3176 0.9257 0.2057
vn -0.3176 0.9257 0.2056
vn -0.3176 0.9256 0.2058
vn 0.4240 0.6232 0.6572
vn 0.4240 0.6231 0.6572
vn -0.3687 0.8702 0.3268
vn -0.3687 0.8702 0.3269
vn 0.3731 0.4795 0.7943
vn 0.3731 0.4794 0.7943
vn 0.3730 0.4795 0.7943
vn 0.0715 0.0998 -0.9924
vn 0.0716 0.0998 -0.9924
vn -0.4644 0.7775 0.4240
vn -0.4644 0.7775 0.4241
vn 0.2886 0.3010 0.9089
vn 0.2188 0.3010 -0.9282
vn -0.6390 0.6268 0.4459
vn -0.6390 0.6268 0.4458
vn -0.6390 0.6269 0.4457
vn -0.6390 0.6269 0.4458
vn 0.1465 0.0998 0.9842
vn 0.3118 0.4793 -0.8204
vn -0.9283 0.3342 0.1630
vn -0.9283 0.3341 0.1630
vn -0.9283 0.3342 0.1629
vn -0.1155 -0.0879 0.9894
vn -0.1155 -0.0878 0.9894
vn -0.1154 -0.0878 0.9894
vt 0.000000 0.000000
vt 1.000000 1.000000
vt 0.968800 1.000000
vt 0.968800 0.500000
vt 1.000000 0.500000
vt 0.937500 1.000000
vt 0.937500 0.500000
vt 0.906200 1.000000
vt 0.906200 0.500000
vt 0.875000 1.000000
vt 0.875000 0.500000
vt 0.843800 1.000000
vt 0.843800 0.500000
vt 0.812500 0.500000
vt 0.812500 1.000000
vt 0.781200 0.500000
vt 0.781200 1.000000
vt 0.750000 1.000000
vt 0.750000 0.500000
vt 0.718800 0.500000
vt 0.718800 1.000000
vt 0.687500 0.500000
vt 0.687500 1.000000
vt 0.656200 0.500000
vt 0.656200 1.000000
vt 0.625000 1.000000
vt 0.625000 0.500000
vt 0.593800 0.500000
vt 0.593800 1.000000
vt 0.562500 0.500000
vt 0.562500 1.000000
vt 0.531200 0.500000
vt 0.531200 1.000000
vt 0.500000 0.500000
vt 0.500000 1.000000
vt 0.468800 0.500000
vt 0.468800 1.000000
vt 0.437500 0.500000
vt 0.437500 1.000000
vt 0.406200 0.500000
vt 0.406200 1.000000
vt 0.375000 1.000000
vt 0.375000 0.500000
vt 0.343800 1.000000
vt 0.343800 0.500000
vt 0.312500 0.500000
vt 0.312500 1.000000
vt 0.281200 0.500000
vt 0.281200 1.000000
vt 0.250000 1.000000
vt 0.250000 0.500000
vt 0.218800 1.000000
vt 0.218800 0.500000
vt 0.187500 0.500000
vt 0.187500 1.000000
vt 0.156200 1.000000
vt 0.156200 0.500000
vt 0.125000 0.500000
vt 0.125000 1.000000
vt 0.093800 0.500000
vt 0.093800 1.000000
vt 0.062500 1.000000
vt 0.062500 0.500000
vt 0.031200 1.000000
vt 0.031200 0.500000
vt 0.000000 1.000000
vt 0.000000 0.500000
vt 0.796800 0.485400
vt 0.841800 0.471700
vt 0.883300 0.449600
vt 0.919700 0.419700
vt 0.949600 0.383300
vt 0.971700 0.341800
vt 0.985400 0.296800
vt 0.990000 0.250000
vt 0.985400 0.203200
vt 0.971700 0.158200
vt 0.949600 0.116700
vt 0.919700 0.080300
vt 0.883300 0.050400
vt 0.841800 0.028300
vt 0.796800 0.014600
vt 0.750000 0.010000
vt 0.703200 0.014600
vt 0.658200 0.028300
vt 0.616700 0.050400
vt 0.580300 0.080300
vt 0.550400 0.116700
vt 0.528300 0.158200
vt 0.514600 0.203200
vt 0.510000 0.250000
vt 0.514600 0.296800
vt 0.528300 0.341800
vt 0.550400 0.383300
vt 0.580300 0.419700
vt 0.616700 0.449600
vt 0.658200 0.471700
vt 0.750000 0.490000
vt 0.703200 0.485400
vt 0.296800 0.485400
vt 0.250000 0.490000
vt 0.203200 0.485400
vt 0.158200 0.471700
vt 0.116700 0.449600
vt 0.080300 0.419700
vt 0.050400 0.383300
vt 0.028300 0.341800
vt 0.014600 0.296800
vt 0.010000 0.250000
vt 0.014600 0.203200
vt 0.028300 0.158200
vt 0.050400 0.116700
vt 0.080300 0.080300
vt 0.116700 0.050400
vt 0.158200 0.028300
vt 0.203200 0.014600
vt 0.250000 0.010000
vt 0.296800 0.014600
vt 0.341800 0.028300
vt 0.383300 0.050400
vt 0.419700 0.080300
vt 0.449600 0.116700
vt 0.471700 0.158200
vt 0.485400 0.203200
vt 0.490000 0.250000
vt 0.485400 0.296800
vt 0.471700 0.341800
vt 0.449600 0.383300
vt 0.419700 0.419700
vt 0.383300 0.449600
vt 0.341800 0.471700
s 1
g off
f 1/1/1 2/1/1 3/1/1
f 3/1/1 4/1/1 5/1/1
f 1/1/1 3/1/1 5/1/1
f 5/1/1 6/1/1 7/1/1
f 7/1/1 8/1/1 9/1/1
f 5/1/1 7/1/1 9/1/1
f 1/1/1 5/1/1 9/1/1
f 9/1/1 10/1/1 11/1/1
f 11/1/1 12/1/1 13/1/1
f 9/1/1 11/1/1 13/1/1
f 13/1/1 14/1/1 15/1/1
f 15/1/1 16/1/1 17/1/1
f 13/1/1 15/1/1 17/1/1
f 9/1/1 13/1/1 17/1/1
f 17/1/1 18/1/1 19/1/1
f 19/1/1 20/1/1 21/1/1
f 17/1/1 19/1/1 21/1/1
f 21/1/1 22/1/1 23/1/1
f 23/1/1 24/1/1 25/1/1
f 21/1/1 23/1/1 25/1/1
f 17/1/1 21/1/1 25/1/1
f 9/1/1 17/1/1 25/1/1
f 1/1/1 9/1/1 25/1/1
f 26/1/1 27/1/1 28/1/1
f 25/1/1 26/1/1 28/1/1
f 25/1/1 28/1/1 29/1/1
f 1/1/1 25/1/1 29/1/1
f 30/1/1 1/1/1 29/1/1
f 30/1/1 29/1/1 31/1/1
f 30/1/1 31/1/1 32/1/1
f 33/1/2 34/1/2 35/1/2
f 35/1/2 36/1/3 33/1/2
f 3/1/4 37/1/5 38/1/6
f 38/1/6 4/1/7 3/1/4
f 16/1/8 39/1/9 40/1/9
f 40/1/9 17/1/10 16/1/8
f 31/1/11 29/1/12 41/1/13
f 41/1/13 42/1/14 31/1/11
f 2/1/15 43/1/16 37/1/17
f 37/1/17 3/1/18 2/1/15
f 15/1/19 44/1/20 39/1/21
f 39/1/21 16/1/22 15/1/19
f 28/1/23 45/1/24 41/1/25
f 41/1/25 29/1/26 28/1/23
f 2/1/27 1/1/28 46/1/29
f 46/1/29 43/1/30 2/1/27
f 14/1/31 47/1/32 44/1/33
f 44/1/33 15/1/34 14/1/31
f 48/1/35 45/1/35 28/1/36
f 28/1/36 27/1/35 48/1/35
f 13/1/37 49/1/38 47/1/39
f 47/1/39 14/1/37 13/1/37
f 26/1/40 50/1/41 48/1/42
f 48/1/42 27/1/43 26/1/40
f 12/1/44 51/1/45 49/1/46
f 49/1/46 13/1/47 12/1/44
f 52/1/48 50/1/49 26/1/50
f 26/1/50 25/1/51 52/1/48
f 11/1/52 53/1/53 51/1/52
f 51/1/52 12/1/54 11/1/52
f 52/1/55 25/1/56 24/1/57
f 24/1/57 54/1/58 52/1/55
f 10/1/59 55/1/60 53/1/61
f 53/1/61 11/1/62 10/1/59
f 24/1/63 23/1/63 56/1/64
f 56/1/64 54/1/65 24/1/63
f 9/1/66 36/1/67 55/1/68
f 55/1/68 10/1/69 9/1/66
f 22/1/70 57/1/71 56/1/72
f 56/1/72 23/1/73 22/1/70
f 8/1/74 33/1/75 36/1/75
f 36/1/75 9/1/75 8/1/74
f 21/1/76 58/1/76 57/1/77
f 57/1/77 22/1/76 21/1/76
f 7/1/78 59/1/79 33/1/80
f 33/1/80 8/1/79 7/1/78
f 20/1/81 60/1/82 58/1/83
f 58/1/83 21/1/84 20/1/81
f 6/1/85 61/1/86 59/1/87
f 59/1/87 7/1/88 6/1/85
f 19/1/89 62/1/90 60/1/89
f 60/1/89 20/1/91 19/1/89
f 46/1/92 1/1/93 30/1/94
f 30/1/94 63/1/95 46/1/92
f 5/1/96 64/1/97 61/1/98
f 61/1/98 6/1/99 5/1/96
f 18/1/100 65/1/101 62/1/101
f 62/1/101 19/1/102 18/1/100
f 63/1/103 30/1/104 32/1/105
f 32/1/105 66/1/106 63/1/103
f 4/1/107 38/1/108 64/1/109
f 64/1/109 5/1/110 4/1/107
f 17/1/111 40/1/112 65/1/113
f 65/1/113 18/1/114 17/1/111
f 66/1/115 32/1/116 31/1/117
f 31/1/117 42/1/118 66/1/115
f 67/1/119 68/1/119 69/1/119
f 69/1/119 70/1/119 71/1/119
f 67/1/119 69/1/119 71/1/119
f 71/1/119 72/1/119 73/1/119
f 71/1/119 73/1/119 74/1/119
f 67/1/119 71/1/119 74/1/119
f 67/1/119 74/1/119 75/1/119
f 75/1/119 76/1/119 77/1/119
f 77/1/119 78/1/119 79/1/119
f 75/1/119 77/1/119 79/1/119
f 79/1/119 80/1/119 81/1/119
f 81/1/119 82/1/119 83/1/119
f 79/1/119 81/1/119 83/1/119
f 75/1/119 79/1/119 83/1/119
f 83/1/119 84/1/119 85/1/119
f 85/1/119 86/1/119 87/1/119
f 83/1/119 85/1/119 87/1/119
f 87/1/119 88/1/119 89/1/119
f 89/1/119 35/1/119 34/1/119
f 87/1/119 89/1/119 34/1/119
f 83/1/119 87/1/119 34/1/119
f 75/1/119 83/1/119 34/1/119
f 34/1/119 90/1/119 91/1/119
f 91/1/119 92/1/119 93/1/119
f 34/1/119 91/1/119 93/1/119
f 93/1/119 94/1/119 95/1/119
f 93/1/119 95/1/119 96/1/119
f 34/1/119 93/1/119 96/1/119
f 75/1/119 34/1/119 96/1/119
f 67/1/119 75/1/119 96/1/119
f 58/1/120 78/1/121 77/1/120
f 77/1/120 57/1/120 58/1/120
f 59/1/122 90/1/122 34/1/122
f 34/1/122 33/1/122 59/1/122
f 60/1/123 79/1/123 78/1/123
f 78/1/123 58/1/123 60/1/123
f 61/1/124 91/1/124 90/1/124
f 90/1/124 59/1/124 61/1/124
f 62/1/125 80/1/125 79/1/125
f 79/1/125 60/1/125 62/1/125
f 63/1/126 67/1/126 96/1/126
f 96/1/126 46/1/126 63/1/126
f 64/1/127 92/1/128 91/1/127
f 91/1/127 61/1/128 64/1/127
f 65/1/129 81/1/129 80/1/129
f 80/1/129 62/1/129 65/1/129
f 66/1/130 68/1/130 67/1/130
f 67/1/130 63/1/130 66/1/130
f 38/1/131 93/1/131 92/1/131
f 92/1/131 64/1/131 38/1/131
f 40/1/132 82/1/132 81/1/132
f 81/1/132 65/1/132 40/1/132
f 42/1/133 69/1/133 68/1/133
f 68/1/133 66/1/133 42/1/133
f 37/1/134 94/1/134 93/1/134
f 93/1/134 38/1/134 37/1/134
f 39/1/135 83/1/136 82/1/135
f 82/1/135 40/1/136 39/1/135
f 41/1/137 70/1/137 69/1/137
f 69/1/137 42/1/137 41/1/137
f 43/1/138 95/1/138 94/1/138
f 94/1/138 37/1/138 43/1/138
f 44/1/139 84/1/139 83/1/139
f 83/1/139 39/1/139 44/1/139
f 45/1/140 71/1/141 70/1/140
f 70/1/140 41/1/142 45/1/140
f 43/1/143 46/1/144 96/1/143
f 96/1/143 95/1/143 43/1/143
f 47/1/145 85/1/145 84/1/145
f 84/1/145 44/1/145 47/1/145
f 48/1/146 72/1/146 71/1/146
f 71/1/146 45/1/146 48/1/146
f 49/1/147 86/1/147 85/1/147
f 85/1/147 47/1/147 49/1/147
f 50/1/148 73/1/148 72/1/148
f 72/1/148 48/1/148 50/1/148
f 51/1/149 87/1/149 86/1/149
f 86/1/149 49/1/149 51/1/149
f 52/1/150 74/1/150 73/1/150
f 73/1/150 50/1/150 52/1/150
f 53/1/151 88/1/151 87/1/151
f 87/1/151 51/1/151 53/1/151
f 54/1/152 75/1/152 74/1/152
f 74/1/152 52/1/152 54/1/152
f 55/1/153 89/1/153 88/1/153
f 88/1/153 53/1/153 55/1/153
f 56/1/154 76/1/154 75/1/154
f 75/1/154 54/1/154 56/1/154
f 36/1/155 35/1/156 89/1/155
f 89/1/155 55/1/157 36/1/155
f 57/1/158 77/1/158 76/1/158
f 76/1/158 56/1/158 57/1/158
f 97/1/159 98/1/160 99/1/161
f 99/1/161 100/1/162 97/1/159
f 100/1/162 99/1/161 101/1/163
f 101/1/163 102/1/164 100/1/162
f 100/1/165 103/1/166 104/1/167
f 104/1/167 97/1/168 100/1/165
f 105/1/169 103/1/166 100/1/165
f 100/1/165 102/1/170 105/1/169
f 106/1/171 107/1/171 108/1/171
f 108/1/171 98/1/171 106/1/171
f 109/1/172 99/1/173 98/1/172
f 98/1/172 108/1/172 109/1/172
f 109/1/174 110/1/174 101/1/174
f 101/1/174 99/1/174 109/1/174
f 101/1/175 110/1/175 111/1/175
f 111/1/175 112/1/175 101/1/175
f 113/1/176 102/1/164 101/1/163
f 101/1/163 112/1/177 113/1/176
f 113/1/178 114/1/179 105/1/169
f 105/1/169 102/1/170 113/1/178
f 115/1/180 105/1/181 114/1/182
f 114/1/182 116/1/181 115/1/180
f 105/1/183 115/1/184 117/1/184
f 117/1/184 103/1/184 105/1/183
f 103/1/185 117/1/186 118/1/186
f 118/1/186 104/1/185 103/1/185
f 118/1/187 119/1/188 120/1/187
f 120/1/187 104/1/189 118/1/187
f 97/1/168 104/1/167 120/1/190
f 120/1/190 121/1/191 97/1/168
f 106/1/192 98/1/160 97/1/159
f 97/1/159 121/1/193 106/1/192
f 122/1/194 123/1/195 124/1/196
f 124/1/196 125/1/197 122/1/194
f 126/1/198 127/1/199 123/1/200
f 123/1/200 122/1/201 126/1/198
f 123/1/195 128/1/202 129/1/203
f 129/1/203 124/1/196 123/1/195
f 123/1/200 127/1/199 130/1/204
f 130/1/204 128/1/205 123/1/200
f 131/1/206 125/1/206 132/1/206
f 132/1/206 133/1/206 131/1/206
f 122/1/194 125/1/197 131/1/207
f 131/1/207 134/1/208 122/1/194
f 135/1/209 126/1/198 122/1/201
f 122/1/201 134/1/210 135/1/209
f 126/1/211 135/1/211 136/1/212
f 136/1/212 137/1/211 126/1/211
f 138/1/213 127/1/214 126/1/213
f 126/1/213 137/1/213 138/1/213
f 139/1/215 130/1/215 127/1/215
f 127/1/215 138/1/215 139/1/215
f 140/1/216 130/1/216 139/1/216
f 139/1/216 141/1/216 140/1/216
f 140/1/217 142/1/218 128/1/205
f 128/1/205 130/1/204 140/1/217
f 128/1/202 142/1/219 143/1/220
f 143/1/220 129/1/203 128/1/202
f 144/1/221 129/1/222 143/1/222
f 143/1/222 145/1/221 144/1/221
f 124/1/223 129/1/224 144/1/224
f 144/1/224 146/1/223 124/1/223
f 125/1/225 124/1/226 146/1/227
f 146/1/227 132/1/225 125/1/225
f 147/1/228 148/1/229 149/1/230
f 149/1/230 150/1/231 147/1/228
f 151/1/232 152/1/233 148/1/234
f 148/1/234 147/1/235 151/1/232
f 148/1/229 153/1/236 154/1/237
f 154/1/237 149/1/230 148/1/229
f 148/1/234 152/1/233 155/1/238
f 155/1/238 153/1/239 148/1/234
f 150/1/240 156/1/241 157/1/242
f 157/1/242 158/1/243 150/1/240
f 158/1/244 159/1/245 147/1/228
f 147/1/228 150/1/231 158/1/244
f 151/1/232 147/1/235 159/1/246
f 159/1/246 160/1/247 151/1/232
f 160/1/248 161/1/248 162/1/248
f 162/1/248 151/1/248 160/1/248
f 163/1/249 152/1/250 151/1/251
f 151/1/251 162/1/251 163/1/249
f 164/1/252 155/1/252 152/1/252
f 152/1/252 163/1/253 164/1/252
f 135/1/254 155/1/254 164/1/254
f 164/1/254 136/1/254 135/1/254
f 134/1/210 153/1/239 155/1/238
f 155/1/238 135/1/209 134/1/210
f 134/1/208 131/1/207 154/1/237
f 154/1/237 153/1/236 134/1/208
f 131/1/255 133/1/255 165/1/255
f 165/1/255 154/1/255 131/1/255
f 149/1/256 154/1/256 165/1/256
f 165/1/256 166/1/257 149/1/256
f 150/1/258 149/1/259 166/1/260
f 166/1/260 156/1/258 150/1/258
f 167/1/261 168/1/262 169/1/263
f 169/1/263 170/1/264 167/1/261
f 171/1/265 172/1/266 168/1/267
f 168/1/267 167/1/268 171/1/265
f 168/1/262 173/1/269 174/1/270
f 174/1/270 169/1/263 168/1/262
f 168/1/267 172/1/266 175/1/271
f 175/1/271 173/1/272 168/1/267
f 176/1/273 177/1/273 178/1/273
f 178/1/273 170/1/274 176/1/273
f 167/1/261 170/1/264 178/1/275
f 178/1/275 179/1/276 167/1/261
f 171/1/265 167/1/268 179/1/277
f 179/1/277 180/1/278 171/1/265
f 180/1/279 181/1/280 182/1/279
f 182/1/279 171/1/281 180/1/279
f 183/1/282 172/1/282 171/1/282
f 171/1/282 182/1/283 183/1/282
f 184/1/284 175/1/285 172/1/286
f 172/1/286 183/1/287 184/1/284
f 161/1/288 160/1/288 175/1/288
f 175/1/288 184/1/288 161/1/288
f 159/1/246 173/1/272 175/1/271
f 175/1/271 160/1/247 159/1/246
f 159/1/245 158/1/244 174/1/270
f 174/1/270 173/1/269 159/1/245
f 158/1/289 157/1/290 185/1/290
f 185/1/290 174/1/290 158/1/289
f 174/1/291 185/1/291 186/1/291
f 186/1/291 169/1/291 174/1/291
f 170/1/292 169/1/293 186/1/294
f 186/1/294 176/1/294 170/1/292
f 187/1/295 188/1/296 189/1/297
f 189/1/297 190/1/298 187/1/295
f 191/1/299 192/1/300 188/1/301
f 188/1/301 187/1/302 191/1/299
f 188/1/296 193/1/303 194/1/304
f 194/1/304 189/1/297 188/1/296
f 188/1/301 192/1/300 195/1/305
f 195/1/305 193/1/306 188/1/301
f 190/1/307 196/1/308 197/1/307
f 197/1/307 198/1/307 190/1/307
f 190/1/298 198/1/309 199/1/310
f 199/1/310 187/1/295 190/1/298
f 199/1/311 200/1/312 191/1/299
f 191/1/299 187/1/302 199/1/311
f 201/1/313 191/1/313 200/1/313
f 200/1/313 202/1/313 201/1/313
f 192/1/314 191/1/315 201/1/316
f 201/1/316 203/1/317 192/1/314
f 204/1/318 195/1/318 192/1/318
f 192/1/318 203/1/319 204/1/318
f 181/1/320 180/1/321 195/1/321
f 195/1/321 204/1/322 181/1/320
f 179/1/277 193/1/306 195/1/305
f 195/1/305 180/1/278 179/1/277
f 179/1/276 178/1/275 194/1/304
f 194/1/304 193/1/303 179/1/276
f 178/1/323 177/1/323 205/1/323
f 205/1/323 194/1/323 178/1/323
f 194/1/324 205/1/324 206/1/325
f 206/1/325 189/1/326 194/1/324
f 196/1/327 190/1/328 189/1/328
f 189/1/328 206/1/329 196/1/327
f 207/1/330 208/1/331 209/1/332
f 209/1/332 210/1/333 207/1/330
f 211/1/334 212/1/335 208/1/336
f 208/1/336 207/1/337 211/1/334
f 208/1/331 213/1/338 214/1/339
f 214/1/339 209/1/332 208/1/331
f 208/1/336 212/1/335 215/1/340
f 215/1/340 213/1/341 208/1/336
f 210/1/342 216/1/343 217/1/343
f 217/1/343 218/1/342 210/1/342
f 210/1/333 218/1/344 219/1/345
f 219/1/345 207/1/330 210/1/333
f 211/1/334 207/1/337 219/1/346
f 219/1/346 220/1/347 211/1/334
f 220/1/348 221/1/348 222/1/348
f 222/1/348 211/1/348 220/1/348
f 212/1/349 211/1/350 222/1/351
f 222/1/351 223/1/352 212/1/349
f 224/1/353 215/1/354 212/1/353
f 212/1/353 223/1/353 224/1/353
f 200/1/355 215/1/356 224/1/357
f 224/1/357 202/1/358 200/1/355
f 213/1/341 215/1/340 200/1/312
f 200/1/312 199/1/311 213/1/341
f 199/1/310 198/1/309 214/1/339
f 214/1/339 213/1/338 199/1/310
f 198/1/359 197/1/359 225/1/359
f 225/1/359 214/1/359 198/1/359
f 214/1/360 225/1/360 226/1/360
f 226/1/360 209/1/360 214/1/360
f 216/1/361 210/1/362 209/1/362
f 209/1/362 226/1/363 216/1/361
f 227/1/364 228/1/365 229/1/366
f 229/1/366 230/1/367 227/1/364
f 231/1/368 232/1/369 228/1/370
f 228/1/370 227/1/371 231/1/368
f 228/1/365 233/1/372 234/1/373
f 234/1/373 229/1/366 228/1/365
f 228/1/370 232/1/369 235/1/374
f 235/1/374 233/1/375 228/1/370
f 230/1/376 236/1/376 237/1/376
f 237/1/376 238/1/376 230/1/376
f 230/1/367 238/1/377 239/1/378
f 239/1/378 227/1/364 230/1/367
f 231/1/368 227/1/371 239/1/379
f 239/1/379 240/1/380 231/1/368
f 240/1/381 241/1/381 242/1/381
f 242/1/381 231/1/381 240/1/381
f 232/1/382 231/1/383 242/1/384
f 242/1/384 243/1/383 232/1/382
f 244/1/385 235/1/385 232/1/386
f 232/1/386 243/1/385 244/1/385
f 220/1/387 235/1/388 244/1/389
f 244/1/389 221/1/388 220/1/387
f 219/1/346 233/1/375 235/1/374
f 235/1/374 220/1/347 219/1/346
f 219/1/345 218/1/344 234/1/373
f 234/1/373 233/1/372 219/1/345
f 218/1/390 217/1/391 245/1/392
f 245/1/392 234/1/392 218/1/390
f 234/1/393 245/1/393 246/1/394
f 246/1/394 229/1/395 234/1/393
f 236/1/396 230/1/396 229/1/396
f 229/1/396 246/1/396 236/1/396
f 247/1/397 248/1/398 249/1/399
f 249/1/399 250/1/400 247/1/397
f 251/1/401 252/1/402 248/1/403
f 248/1/403 247/1/404 251/1/401
f 248/1/398 253/1/405 254/1/406
f 254/1/406 249/1/399 248/1/398
f 248/1/403 252/1/402 255/1/407
f 255/1/407 253/1/408 248/1/403
f 250/1/409 256/1/410 257/1/410
f 257/1/410 258/1/411 250/1/409
f 250/1/400 258/1/412 259/1/413
f 259/1/413 247/1/397 250/1/400
f 251/1/401 247/1/404 259/1/414
f 259/1/414 260/1/415 251/1/401
f 260/1/416 261/1/416 262/1/416
f 262/1/416 251/1/416 260/1/416
f 252/1/417 251/1/417 262/1/417
f 262/1/417 263/1/417 252/1/417
f 264/1/418 255/1/419 252/1/418
f 252/1/418 263/1/420 264/1/418
f 240/1/421 255/1/421 264/1/422
f 264/1/422 241/1/423 240/1/421
f 239/1/379 253/1/408 255/1/407
f 255/1/407 240/1/380 239/1/379
f 239/1/378 238/1/377 254/1/406
f 254/1/406 253/1/405 239/1/378
f 238/1/424 237/1/424 265/1/424
f 265/1/424 254/1/424 238/1/424
f 254/1/425 265/1/425 266/1/425
f 266/1/425 249/1/426 254/1/425
f 256/1/427 250/1/427 249/1/427
f 249/1/427 266/1/427 256/1/427
f 267/1/428 268/1/429 269/1/430
f 269/1/430 270/1/431 267/1/428
f 271/1/432 272/1/433 268/1/434
f 268/1/434 267/1/432 271/1/432
f 268/1/429 273/1/435 274/1/436
f 274/1/436 269/1/430 268/1/429
f 268/1/434 272/1/433 275/1/437
f 275/1/437 273/1/438 268/1/434
f 270/1/439 276/1/439 277/1/439
f 277/1/439 278/1/439 270/1/439
f 270/1/431 278/1/440 279/1/441
f 279/1/441 267/1/428 270/1/431
f 271/1/432 267/1/432 279/1/442
f 279/1/442 280/1/443 271/1/432
f 281/1/444 271/1/444 280/1/444
f 280/1/444 282/1/444 281/1/444
f 272/1/445 271/1/445 281/1/445
f 281/1/445 283/1/445 272/1/445
f 284/1/446 275/1/446 272/1/446
f 272/1/446 283/1/446 284/1/446
f 260/1/447 275/1/447 284/1/448
f 284/1/448 261/1/449 260/1/447
f 259/1/414 273/1/438 275/1/437
f 275/1/437 260/1/415 259/1/414
f 259/1/413 258/1/412 274/1/436
f 274/1/436 273/1/435 259/1/413
f 258/1/450 257/1/450 285/1/450
f 285/1/450 274/1/451 258/1/450
f 274/1/452 285/1/452 286/1/452
f 286/1/452 269/1/452 274/1/452
f 276/1/453 270/1/453 269/1/453
f 269/1/453 286/1/453 276/1/453
f 287/1/454 288/1/455 289/1/456
f 289/1/456 290/1/457 287/1/454
f 291/1/458 292/1/459 288/1/460
f 288/1/460 287/1/461 291/1/458
f 288/1/455 293/1/462 294/1/463
f 294/1/463 289/1/456 288/1/455
f 288/1/460 292/1/459 295/1/464
f 295/1/464 293/1/465 288/1/460
f 290/1/466 296/1/466 297/1/466
f 297/1/466 298/1/466 290/1/466
f 290/1/457 298/1/467 299/1/468
f 299/1/468 287/1/454 290/1/457
f 291/1/458 287/1/461 299/1/469
f 299/1/469 300/1/470 291/1/458
f 301/1/471 291/1/471 300/1/471
f 300/1/471 302/1/471 301/1/471
f 292/1/472 291/1/472 301/1/472
f 301/1/472 303/1/472 292/1/472
f 304/1/473 295/1/473 292/1/473
f 292/1/473 303/1/473 304/1/473
f 282/1/474 280/1/474 295/1/474
f 295/1/474 304/1/474 282/1/474
f 279/1/442 293/1/465 295/1/464
f 295/1/464 280/1/443 279/1/442
f 279/1/441 278/1/440 294/1/463
f 294/1/463 293/1/462 279/1/441
f 278/1/475 277/1/476 305/1/475
f 305/1/475 294/1/475 278/1/475
f 294/1/477 305/1/477 306/1/477
f 306/1/477 289/1/477 294/1/477
f 296/1/478 290/1/478 289/1/478
f 289/1/478 306/1/478 296/1/478
f 307/1/479 308/1/480 309/1/481
f 309/1/481 310/1/482 307/1/479
f 311/1/483 312/1/484 308/1/485
f 308/1/485 307/1/486 311/1/483
f 308/1/480 313/1/487 314/1/488
f 314/1/488 309/1/481 308/1/480
f 308/1/485 312/1/484 315/1/489
f 315/1/489 313/1/490 308/1/485
f 310/1/491 316/1/491 317/1/491
f 317/1/491 318/1/491 310/1/491
f 310/1/482 318/1/492 319/1/493
f 319/1/493 307/1/479 310/1/482
f 311/1/483 307/1/486 319/1/494
f 319/1/494 320/1/495 311/1/483
f 321/1/496 311/1/497 320/1/498
f 320/1/498 322/1/497 321/1/496
f 312/1/499 311/1/499 321/1/500
f 321/1/500 323/1/499 312/1/499
f 324/1/501 315/1/501 312/1/501
f 312/1/501 323/1/501 324/1/501
f 302/1/502 300/1/502 315/1/502
f 315/1/502 324/1/502 302/1/502
f 299/1/469 313/1/490 315/1/489
f 315/1/489 300/1/470 299/1/469
f 299/1/468 298/1/467 314/1/488
f 314/1/488 313/1/487 299/1/468
f 298/1/503 297/1/503 325/1/503
f 325/1/503 314/1/503 298/1/503
f 314/1/504 325/1/505 326/1/504
f 326/1/504 309/1/506 314/1/504
f 316/1/507 310/1/507 309/1/507
f 309/1/507 326/1/507 316/1/507
f 327/1/508 328/1/509 329/1/510
f 329/1/510 330/1/511 327/1/508
f 331/1/512 332/1/513 328/1/514
f 328/1/514 327/1/515 331/1/512
f 328/1/509 333/1/516 334/1/517
f 334/1/517 329/1/510 328/1/509
f 328/1/514 332/1/513 335/1/518
f 335/1/518 333/1/519 328/1/514
f 330/1/520 336/1/521 337/1/521
f 337/1/521 338/1/522 330/1/520
f 330/1/511 338/1/523 339/1/524
f 339/1/524 327/1/508 330/1/511
f 331/1/512 327/1/515 339/1/525
f 339/1/525 340/1/526 331/1/512
f 341/1/527 331/1/528 340/1/528
f 340/1/528 342/1/529 341/1/527
f 332/1/530 331/1/530 341/1/531
f 341/1/531 343/1/530 332/1/530
f 344/1/532 335/1/532 332/1/533
f 332/1/533 343/1/532 344/1/532
f 322/1/534 320/1/534 335/1/534
f 335/1/534 344/1/534 322/1/534
f 319/1/494 333/1/519 335/1/518
f 335/1/518 320/1/495 319/1/494
f 319/1/493 318/1/492 334/1/517
f 334/1/517 333/1/516 319/1/493
f 318/1/535 317/1/535 345/1/535
f 345/1/535 334/1/535 318/1/535
f 334/1/536 345/1/536 346/1/536
f 346/1/536 329/1/536 334/1/536
f 336/1/537 330/1/537 329/1/538
f 329/1/538 346/1/539 336/1/537
f 347/1/540 348/1/541 349/1/542
f 349/1/542 350/1/543 347/1/540
f 351/1/544 352/1/545 348/1/546
f 348/1/546 347/1/547 351/1/544
f 348/1/541 353/1/548 354/1/549
f 354/1/549 349/1/542 348/1/541
f 348/1/546 352/1/545 355/1/550
f 355/1/550 353/1/551 348/1/546
f 350/1/552 356/1/552 357/1/552
f 357/1/552 358/1/552 350/1/552
f 350/1/543 358/1/553 359/1/554
f 359/1/554 347/1/540 350/1/543
f 351/1/544 347/1/547 359/1/555
f 359/1/555 360/1/556 351/1/544
f 361/1/557 351/1/558 360/1/558
f 360/1/558 362/1/558 361/1/557
f 352/1/559 351/1/560 361/1/561
f 361/1/561 363/1/562 352/1/559
f 364/1/563 355/1/563 352/1/563
f 352/1/563 363/1/564 364/1/563
f 342/1/565 340/1/565 355/1/565
f 355/1/565 364/1/565 342/1/565
f 339/1/525 353/1/551 355/1/550
f 355/1/550 340/1/526 339/1/525
f 339/1/524 338/1/523 354/1/549
f 354/1/549 353/1/548 339/1/524
f 338/1/566 337/1/566 365/1/566
f 365/1/566 354/1/566 338/1/566
f 354/1/567 365/1/568 366/1/568
f 366/1/568 349/1/568 354/1/567
f 356/1/569 350/1/569 349/1/569
f 349/1/569 366/1/569 356/1/569
f 367/1/570 368/1/571 369/1/572
f 369/1/572 370/1/573 367/1/570
f 371/1/574 372/1/575 368/1/576
f 368/1/576 367/1/577 371/1/574
f 368/1/571 373/1/578 374/1/579
f 374/1/579 369/1/572 368/1/571
f 368/1/576 372/1/575 375/1/580
f 375/1/580 373/1/581 368/1/576
f 370/1/582 376/1/582 377/1/582
f 377/1/582 378/1/582 370/1/582
f 370/1/573 378/1/583 379/1/584
f 379/1/584 367/1/570 370/1/573
f 371/1/574 367/1/577 379/1/585
f 379/1/585 380/1/586 371/1/574
f 381/1/587 371/1/587 380/1/588
f 380/1/588 382/1/589 381/1/587
f 372/1/590 371/1/590 381/1/590
f 381/1/590 383/1/590 372/1/590
f 384/1/591 375/1/592 372/1/591
f 372/1/591 383/1/591 384/1/591
f 362/1/593 360/1/593 375/1/593
f 375/1/593 384/1/594 362/1/593
f 359/1/555 373/1/581 375/1/580
f 375/1/580 360/1/556 359/1/555
f 359/1/554 358/1/553 374/1/579
f 374/1/579 373/1/578 359/1/554
f 358/1/595 357/1/595 385/1/595
f 385/1/595 374/1/595 358/1/595
f 374/1/596 385/1/597 386/1/598
f 386/1/598 369/1/599 374/1/596
f 376/1/600 370/1/600 369/1/600
f 369/1/600 386/1/600 376/1/600
f 387/1/601 388/1/602 389/1/603
f 389/1/603 390/1/604 387/1/601
f 391/1/605 392/1/606 388/1/607
f 388/1/607 387/1/608 391/1/605
f 388/1/602 393/1/609 394/1/610
f 394/1/610 389/1/603 388/1/602
f 388/1/607 392/1/606 395/1/611
f 395/1/611 393/1/612 388/1/607
f 390/1/613 396/1/613 397/1/613
f 397/1/613 398/1/614 390/1/613
f 390/1/604 398/1/615 399/1/616
f 399/1/616 387/1/601 390/1/604
f 391/1/605 387/1/608 399/1/617
f 399/1/617 400/1/618 391/1/605
f 401/1/619 391/1/620 400/1/620
f 400/1/620 402/1/620 401/1/619
f 392/1/621 391/1/622 401/1/622
f 401/1/622 403/1/623 392/1/621
f 404/1/624 395/1/625 392/1/624
f 392/1/624 403/1/626 404/1/624
f 382/1/627 380/1/627 395/1/627
f 395/1/627 404/1/628 382/1/627
f 379/1/585 393/1/612 395/1/611
f 395/1/611 380/1/586 379/1/585
f 379/1/584 378/1/583 394/1/610
f 394/1/610 393/1/609 379/1/584
f 378/1/629 377/1/630 405/1/631
f 405/1/631 394/1/630 378/1/629
f 394/1/632 405/1/633 406/1/632
f 406/1/632 389/1/634 394/1/632
f 396/1/635 390/1/635 389/1/635
f 389/1/635 406/1/635 396/1/635
f 407/1/636 408/1/637 409/1/638
f 409/1/638 410/1/639 407/1/636
f 411/1/640 412/1/641 408/1/642
f 408/1/642 407/1/643 411/1/640
f 408/1/637 413/1/644 414/1/645
f 414/1/645 409/1/638 408/1/637
f 408/1/642 412/1/641 415/1/646
f 415/1/646 413/1/647 408/1/642
f 410/1/648 416/1/649 417/1/649
f 417/1/649 418/1/649 410/1/648
f 410/1/639 418/1/650 419/1/651
f 419/1/651 407/1/636 410/1/639
f 411/1/640 407/1/643 419/1/652
f 419/1/652 420/1/653 411/1/640
f 421/1/654 411/1/654 420/1/654
f 420/1/654 422/1/654 421/1/654
f 412/1/655 411/1/656 421/1/656
f 421/1/656 423/1/657 412/1/655
f 424/1/658 415/1/659 412/1/660
f 412/1/660 423/1/661 424/1/658
f 402/1/662 400/1/662 415/1/663
f 415/1/663 424/1/662 402/1/662
f 399/1/617 413/1/647 415/1/646
f 415/1/646 400/1/618 399/1/617
f 399/1/616 398/1/615 414/1/645
f 414/1/645 413/1/644 399/1/616
f 398/1/664 397/1/665 425/1/664
f 425/1/664 414/1/664 398/1/664
f 414/1/666 425/1/666 426/1/667
f 426/1/667 409/1/668 414/1/666
f 416/1/669 410/1/670 409/1/671
f 409/1/671 426/1/670 416/1/669
f 427/1/672 428/1/673 429/1/674
f 429/1/674 430/1/675 427/1/672
f 431/1/676 432/1/677 428/1/678
f 428/1/678 427/1/679 431/1/676
f 428/1/673 433/1/680 434/1/681
f 434/1/681 429/1/674 428/1/673
f 428/1/678 432/1/677 435/1/682
f 435/1/682 433/1/683 428/1/678
f 430/1/684 436/1/684 437/1/684
f 437/1/684 438/1/685 430/1/684
f 430/1/675 438/1/686 439/1/687
f 439/1/687 427/1/672 430/1/675
f 431/1/676 427/1/679 439/1/688
f 439/1/688 440/1/689 431/1/676
f 441/1/690 431/1/690 440/1/690
f 440/1/690 442/1/690 441/1/690
f 432/1/691 431/1/692 441/1/691
f 441/1/691 443/1/691 432/1/691
f 444/1/693 435/1/693 432/1/693
f 432/1/693 443/1/693 444/1/693
f 422/1/694 420/1/694 435/1/695
f 435/1/695 444/1/694 422/1/694
f 419/1/652 433/1/683 435/1/682
f 435/1/682 420/1/653 419/1/652
f 419/1/651 418/1/650 434/1/681
f 434/1/681 433/1/680 419/1/651
f 418/1/696 417/1/696 445/1/696
f 445/1/696 434/1/696 418/1/696
f 434/1/697 445/1/698 446/1/699
f 446/1/699 429/1/700 434/1/697
f 436/1/701 430/1/702 429/1/701
f 429/1/701 446/1/702 436/1/701
f 447/1/703 448/1/704 449/1/705
f 449/1/705 450/1/706 447/1/703
f 451/1/707 452/1/708 448/1/709
f 448/1/709 447/1/710 451/1/707
f 448/1/704 453/1/711 454/1/712
f 454/1/712 449/1/705 448/1/704
f 448/1/709 452/1/708 455/1/713
f 455/1/713 453/1/714 448/1/709
f 450/1/211 456/1/211 457/1/211
f 457/1/211 458/1/211 450/1/211
f 450/1/706 458/1/715 459/1/716
f 459/1/716 447/1/703 450/1/706
f 451/1/707 447/1/710 459/1/717
f 459/1/717 460/1/718 451/1/707
f 461/1/719 451/1/719 460/1/720
f 460/1/720 462/1/721 461/1/719
f 452/1/225 451/1/225 461/1/225
f 461/1/225 463/1/225 452/1/225
f 464/1/224 455/1/224 452/1/224
f 452/1/224 463/1/224 464/1/224
f 442/1/722 440/1/723 455/1/222
f 455/1/222 464/1/222 442/1/722
f 439/1/688 453/1/714 455/1/713
f 455/1/713 440/1/689 439/1/688
f 439/1/687 438/1/686 454/1/712
f 454/1/712 453/1/711 439/1/687
f 438/1/216 437/1/216 465/1/216
f 465/1/216 454/1/216 438/1/216
f 454/1/215 465/1/215 466/1/215
f 466/1/215 449/1/724 454/1/215
f 456/1/213 450/1/213 449/1/213
f 449/1/213 466/1/213 456/1/213
f 467/1/725 468/1/726 469/1/727
f 469/1/727 470/1/728 467/1/725
f 471/1/729 472/1/730 468/1/731
f 468/1/731 467/1/732 471/1/729
f 468/1/726 473/1/733 474/1/734
f 474/1/734 469/1/727 468/1/726
f 468/1/731 472/1/730 475/1/735
f 475/1/735 473/1/736 468/1/731
f 470/1/248 476/1/248 477/1/248
f 477/1/248 478/1/248 470/1/248
f 470/1/728 478/1/737 479/1/738
f 479/1/738 467/1/725 470/1/728
f 471/1/729 467/1/732 479/1/739
f 479/1/739 480/1/740 471/1/729
f 481/1/241 471/1/241 480/1/241
f 480/1/241 482/1/241 481/1/241
f 472/1/741 471/1/258 481/1/259
f 481/1/259 483/1/259 472/1/741
f 484/1/256 475/1/256 472/1/256
f 472/1/256 483/1/256 484/1/256
f 462/1/742 460/1/742 475/1/743
f 475/1/743 484/1/742 462/1/742
f 459/1/717 473/1/736 475/1/735
f 475/1/735 460/1/718 459/1/717
f 459/1/716 458/1/715 474/1/734
f 474/1/734 473/1/733 459/1/716
f 458/1/254 457/1/254 485/1/254
f 485/1/254 474/1/254 458/1/254
f 474/1/252 485/1/252 486/1/252
f 486/1/252 469/1/252 474/1/252
f 476/1/250 470/1/249 469/1/249
f 469/1/249 486/1/249 476/1/250
f 487/1/744 488/1/745 489/1/746
f 489/1/746 490/1/747 487/1/744
f 491/1/748 492/1/749 488/1/750
f 488/1/750 487/1/751 491/1/748
f 488/1/745 493/1/752 494/1/753
f 494/1/753 489/1/746 488/1/745
f 488/1/750 492/1/749 495/1/754
f 495/1/754 493/1/755 488/1/750
f 490/1/280 496/1/280 497/1/756
f 497/1/756 498/1/280 490/1/280
f 490/1/747 498/1/757 499/1/758
f 499/1/758 487/1/744 490/1/747
f 491/1/748 487/1/751 499/1/759
f 499/1/759 500/1/760 491/1/748
f 501/1/273 491/1/761 500/1/273
f 500/1/273 502/1/273 501/1/273
f 492/1/762 491/1/294 501/1/763
f 501/1/763 503/1/763 492/1/762
f 504/1/291 495/1/291 492/1/291
f 492/1/291 503/1/291 504/1/291
f 482/1/290 480/1/290 495/1/290
f 495/1/290 504/1/290 482/1/290
f 479/1/739 493/1/755 495/1/754
f 495/1/754 480/1/740 479/1/739
f 479/1/738 478/1/737 494/1/753
f 494/1/753 493/1/752 479/1/738
f 478/1/288 477/1/288 505/1/288
f 505/1/288 494/1/288 478/1/288
f 494/1/764 505/1/285 506/1/765
f 506/1/765 489/1/765 494/1/764
f 496/1/283 490/1/283 489/1/283
f 489/1/283 506/1/283 496/1/283
f 507/1/766 508/1/767 509/1/768
f 509/1/768 510/1/769 507/1/766
f 511/1/770 512/1/771 508/1/772
f 508/1/772 507/1/773 511/1/770
f 508/1/767 513/1/774 514/1/775
f 514/1/775 509/1/768 508/1/767
f 508/1/772 512/1/771 515/1/776
f 515/1/776 513/1/777 508/1/772
f 510/1/313 516/1/778 517/1/313
f 517/1/313 518/1/313 510/1/313
f 510/1/769 518/1/779 519/1/780
f 519/1/780 507/1/766 510/1/769
f 511/1/770 507/1/773 519/1/781
f 519/1/781 520/1/782 511/1/770
f 521/1/783 511/1/307 520/1/307
f 520/1/307 522/1/307 521/1/783
f 512/1/328 511/1/328 521/1/328
f 521/1/328 523/1/328 512/1/328
f 524/1/784 515/1/324 512/1/324
f 512/1/324 523/1/324 524/1/784
f 502/1/323 500/1/323 515/1/785
f 515/1/785 524/1/323 502/1/323
f 499/1/759 513/1/777 515/1/776
f 515/1/776 500/1/760 499/1/759
f 499/1/758 498/1/757 514/1/775
f 514/1/775 513/1/774 499/1/758
f 498/1/321 497/1/786 525/1/787
f 525/1/787 514/1/786 498/1/321
f 514/1/318 525/1/319 526/1/318
f 526/1/318 509/1/318 514/1/318
f 516/1/317 510/1/317 509/1/317
f 509/1/317 526/1/317 516/1/317
f 527/1/788 528/1/789 529/1/790
f 529/1/790 530/1/791 527/1/788
f 531/1/792 532/1/793 528/1/794
f 528/1/794 527/1/795 531/1/792
f 528/1/789 533/1/796 534/1/797
f 534/1/797 529/1/790 528/1/789
f 528/1/794 532/1/793 535/1/798
f 535/1/798 533/1/799 528/1/794
f 530/1/800 536/1/348 537/1/348
f 537/1/348 538/1/348 530/1/800
f 530/1/791 538/1/801 539/1/802
f 539/1/802 527/1/788 530/1/791
f 531/1/792 527/1/795 539/1/803
f 539/1/803 540/1/804 531/1/792
f 541/1/342 531/1/342 540/1/342
f 540/1/342 542/1/342 541/1/342
f 532/1/363 531/1/363 541/1/363
f 541/1/363 543/1/363 532/1/363
f 544/1/360 535/1/360 532/1/360
f 532/1/360 543/1/360 544/1/360
f 522/1/359 520/1/359 535/1/359
f 535/1/359 544/1/359 522/1/359
f 519/1/781 533/1/799 535/1/798
f 535/1/798 520/1/782 519/1/781
f 519/1/780 518/1/779 534/1/797
f 534/1/797 533/1/796 519/1/780
f 518/1/805 517/1/805 545/1/805
f 545/1/805 534/1/805 518/1/805
f 534/1/354 545/1/354 546/1/354
f 546/1/354 529/1/354 534/1/354
f 536/1/806 530/1/350 529/1/350
f 529/1/350 546/1/350 536/1/806
f 547/1/807 548/1/808 549/1/809
f 549/1/809 550/1/810 547/1/807
f 551/1/811 552/1/812 548/1/813
f 548/1/813 547/1/814 551/1/811
f 548/1/808 553/1/815 554/1/816
f 554/1/816 549/1/809 548/1/808
f 548/1/813 552/1/812 555/1/817
f 555/1/817 553/1/818 548/1/813
f 550/1/819 556/1/381 557/1/820
f 557/1/820 558/1/819 550/1/819
f 550/1/810 558/1/821 559/1/822
f 559/1/822 547/1/807 550/1/810
f 551/1/811 547/1/814 559/1/823
f 559/1/823 560/1/824 551/1/811
f 561/1/825 551/1/376 560/1/826
f 560/1/826 562/1/376 561/1/825
f 552/1/396 551/1/396 561/1/396
f 561/1/396 563/1/396 552/1/396
f 564/1/394 555/1/394 552/1/827
f 552/1/827 563/1/395 564/1/394
f 542/1/392 540/1/392 555/1/828
f 555/1/828 564/1/392 542/1/392
f 539/1/803 553/1/818 555/1/817
f 555/1/817 540/1/804 539/1/803
f 539/1/802 538/1/801 554/1/816
f 554/1/816 553/1/815 539/1/802
f 538/1/388 537/1/388 565/1/388
f 565/1/388 554/1/388 538/1/388
f 554/1/386 565/1/386 566/1/386
f 566/1/386 549/1/386 554/1/386
f 556/1/383 550/1/383 549/1/383
f 549/1/383 566/1/383 556/1/383
f 567/1/829 568/1/830 569/1/831
f 569/1/831 570/1/832 567/1/829
f 571/1/833 572/1/834 568/1/835
f 568/1/835 567/1/836 571/1/833
f 568/1/830 573/1/837 574/1/838
f 574/1/838 569/1/831 568/1/830
f 568/1/835 572/1/834 575/1/839
f 575/1/839 573/1/840 568/1/835
f 570/1/841 576/1/416 577/1/416
f 577/1/416 578/1/416 570/1/841
f 570/1/832 578/1/842 579/1/843
f 579/1/843 567/1/829 570/1/832
f 571/1/833 567/1/836 579/1/844
f 579/1/844 580/1/845 571/1/833
f 581/1/846 571/1/847 580/1/411
f 580/1/411 582/1/411 581/1/846
f 572/1/427 571/1/427 581/1/427
f 581/1/427 583/1/427 572/1/427
f 584/1/426 575/1/425 572/1/426
f 572/1/426 583/1/426 584/1/426
f 562/1/848 560/1/424 575/1/424
f 575/1/424 584/1/424 562/1/848
f 559/1/823 573/1/840 575/1/839
f 575/1/839 560/1/824 559/1/823
f 559/1/822 558/1/821 574/1/838
f 574/1/838 573/1/837 559/1/822
f 558/1/849 557/1/849 585/1/850
f 585/1/850 574/1/851 558/1/849
f 574/1/852 585/1/853 586/1/853
f 586/1/853 569/1/853 574/1/852
f 576/1/417 570/1/417 569/1/417
f 569/1/417 586/1/417 576/1/417
f 587/1/854 588/1/855 589/1/856
f 589/1/856 590/1/857 587/1/854
f 591/1/858 592/1/859 588/1/860
f 588/1/860 587/1/861 591/1/858
f 588/1/855 593/1/862 594/1/863
f 594/1/863 589/1/856 588/1/855
f 588/1/860 592/1/859 595/1/864
f 595/1/864 593/1/865 588/1/860
f 590/1/444 596/1/444 597/1/444
f 597/1/444 598/1/444 590/1/444
f 590/1/857 598/1/866 599/1/867
f 599/1/867 587/1/854 590/1/857
f 591/1/858 587/1/861 599/1/868
f 599/1/868 600/1/868 591/1/858
f 601/1/869 591/1/439 600/1/870
f 600/1/870 602/1/871 601/1/869
f 592/1/453 591/1/453 601/1/453
f 601/1/453 603/1/453 592/1/453
f 604/1/452 595/1/452 592/1/452
f 592/1/452 603/1/452 604/1/452
f 582/1/872 580/1/450 595/1/873
f 595/1/873 604/1/874 582/1/872
f 579/1/844 593/1/865 595/1/864
f 595/1/864 580/1/845 579/1/844
f 579/1/843 578/1/842 594/1/863
f 594/1/863 593/1/862 579/1/843
f 578/1/449 577/1/449 605/1/449
f 605/1/449 594/1/449 578/1/449
f 594/1/875 605/1/875 606/1/875
f 606/1/875 589/1/875 594/1/875
f 596/1/445 590/1/445 589/1/445
f 589/1/445 606/1/445 596/1/445
f 607/1/876 608/1/877 609/1/878
f 609/1/878 610/1/879 607/1/876
f 611/1/880 612/1/881 608/1/882
f 608/1/882 607/1/883 611/1/880
f 608/1/877 613/1/884 614/1/885
f 614/1/885 609/1/878 608/1/877
f 608/1/882 612/1/881 615/1/886
f 615/1/886 613/1/887 608/1/882
f 610/1/888 616/1/471 617/1/471
f 617/1/471 618/1/471 610/1/888
f 610/1/879 618/1/889 619/1/890
f 619/1/890 607/1/876 610/1/879
f 611/1/880 607/1/883 619/1/891
f 619/1/891 620/1/892 611/1/880
f 621/1/466 611/1/893 620/1/466
f 620/1/466 622/1/466 621/1/466
f 612/1/478 611/1/478 621/1/478
f 621/1/478 623/1/478 612/1/478
f 624/1/477 615/1/477 612/1/477
f 612/1/477 623/1/477 624/1/477
f 602/1/475 600/1/894 615/1/475
f 615/1/475 624/1/475 602/1/475
f 599/1/868 613/1/887 615/1/886
f 615/1/886 600/1/868 599/1/868
f 599/1/867 598/1/866 614/1/885
f 614/1/885 613/1/884 599/1/867
f 598/1/474 597/1/474 625/1/474
f 625/1/474 614/1/474 598/1/474
f 614/1/895 625/1/896 626/1/895
f 626/1/895 609/1/895 614/1/895
f 616/1/897 610/1/898 609/1/897
f 609/1/897 626/1/897 616/1/897
f 627/1/899 628/1/900 629/1/901
f 629/1/901 630/1/902 627/1/899
f 631/1/903 632/1/904 628/1/905
f 628/1/905 627/1/906 631/1/903
f 628/1/900 633/1/907 634/1/908
f 634/1/908 629/1/901 628/1/900
f 628/1/905 632/1/904 635/1/909
f 635/1/909 633/1/910 628/1/905
f 630/1/911 636/1/912 637/1/497
f 637/1/497 638/1/911 630/1/911
f 630/1/902 638/1/913 639/1/914
f 639/1/914 627/1/899 630/1/902
f 631/1/903 627/1/906 639/1/915
f 639/1/915 640/1/916 631/1/903
f 641/1/491 631/1/491 640/1/917
f 640/1/917 642/1/917 641/1/491
f 632/1/918 631/1/507 641/1/918
f 641/1/918 643/1/507 632/1/918
f 644/1/504 635/1/504 632/1/504
f 632/1/504 643/1/506 644/1/504
f 622/1/503 620/1/503 635/1/503
f 635/1/503 644/1/919 622/1/503
f 619/1/891 633/1/910 635/1/909
f 635/1/909 620/1/892 619/1/891
f 619/1/890 618/1/889 634/1/908
f 634/1/908 633/1/907 619/1/890
f 618/1/920 617/1/502 645/1/502
f 645/1/502 634/1/502 618/1/920
f 634/1/501 645/1/921 646/1/501
f 646/1/501 629/1/501 634/1/501
f 636/1/499 630/1/922 629/1/499
f 629/1/499 646/1/499 636/1/499
f 647/1/923 648/1/924 649/1/925
f 649/1/925 650/1/926 647/1/923
f 651/1/927 652/1/928 648/1/929
f 648/1/929 647/1/930 651/1/927
f 648/1/924 653/1/931 654/1/932
f 654/1/932 649/1/925 648/1/924
f 648/1/929 652/1/928 655/1/933
f 655/1/933 653/1/934 648/1/929
f 650/1/529 656/1/529 657/1/527
f 657/1/527 658/1/527 650/1/529
f 650/1/926 658/1/935 659/1/936
f 659/1/936 647/1/923 650/1/926
f 651/1/927 647/1/930 659/1/937
f 659/1/937 660/1/938 651/1/927
f 661/1/522 651/1/521 660/1/939
f 660/1/939 662/1/940 661/1/522
f 652/1/941 651/1/941 661/1/941
f 661/1/941 663/1/941 652/1/941
f 664/1/536 655/1/536 652/1/536
f 652/1/536 663/1/942 664/1/536
f 642/1/943 640/1/535 655/1/944
f 655/1/944 664/1/535 642/1/943
f 639/1/915 653/1/934 655/1/933
f 655/1/933 640/1/916 639/1/915
f 639/1/914 638/1/913 654/1/932
f 654/1/932 653/1/931 639/1/914
f 638/1/945 637/1/946 665/1/534
f 665/1/534 654/1/534 638/1/945
f 654/1/532 665/1/532 666/1/532
f 666/1/532 649/1/532 654/1/532
f 656/1/947 650/1/948 649/1/949
f 649/1/949 666/1/531 656/1/947
f 667/1/950 668/1/951 669/1/952
f 669/1/952 670/1/953 667/1/950
f 671/1/954 672/1/955 668/1/956
f 668/1/956 667/1/957 671/1/954
f 668/1/951 673/1/958 674/1/959
f 674/1/959 669/1/952 668/1/951
f 668/1/956 672/1/955 675/1/960
f 675/1/960 673/1/961 668/1/956
f 670/1/962 676/1/963 677/1/962
f 677/1/962 678/1/558 670/1/962
f 670/1/953 678/1/964 679/1/965
f 679/1/965 667/1/950 670/1/953
f 671/1/954 667/1/957 679/1/966
f 679/1/966 680/1/554 671/1/954
f 681/1/967 671/1/967 680/1/967
f 680/1/967 682/1/967 681/1/967
f 672/1/569 671/1/569 681/1/569
f 681/1/569 683/1/569 672/1/569
f 684/1/568 675/1/568 672/1/568
f 672/1/568 683/1/568 684/1/568
f 662/1/566 660/1/566 675/1/566
f 675/1/566 684/1/566 662/1/566
f 659/1/937 673/1/961 675/1/960
f 675/1/960 660/1/938 659/1/937
f 659/1/936 658/1/935 674/1/959
f 674/1/959 673/1/958 659/1/936
f 658/1/565 657/1/565 685/1/565
f 685/1/565 674/1/565 658/1/565
f 674/1/563 685/1/563 686/1/563
f 686/1/563 669/1/563 674/1/563
f 676/1/968 670/1/968 669/1/968
f 669/1/968 686/1/968 676/1/968
f 687/1/969 688/1/970 689/1/971
f 689/1/971 690/1/972 687/1/969
f 691/1/973 692/1/974 688/1/975
f 688/1/975 687/1/976 691/1/973
f 688/1/970 693/1/977 694/1/978
f 694/1/978 689/1/971 688/1/970
f 688/1/975 692/1/974 695/1/979
f 695/1/979 693/1/980 688/1/975
f 690/1/587 696/1/589 697/1/587
f 697/1/587 698/1/981 690/1/587
f 690/1/972 698/1/982 699/1/983
f 699/1/983 687/1/969 690/1/972
f 691/1/973 687/1/976 699/1/984
f 699/1/984 700/1/985 691/1/973
f 701/1/582 691/1/582 700/1/582
f 700/1/582 702/1/582 701/1/582
f 692/1/600 691/1/600 701/1/600
f 701/1/600 703/1/600 692/1/600
f 704/1/986 695/1/986 692/1/986
f 692/1/986 703/1/986 704/1/986
f 682/1/987 680/1/595 695/1/595
f 695/1/595 704/1/595 682/1/987
f 679/1/966 693/1/980 695/1/979
f 695/1/979 680/1/554 679/1/966
f 679/1/965 678/1/964 694/1/978
f 694/1/978 693/1/977 679/1/965
f 678/1/988 677/1/593 705/1/593
f 705/1/593 694/1/593 678/1/988
f 694/1/591 705/1/591 706/1/591
f 706/1/591 689/1/591 694/1/591
f 696/1/590 690/1/590 689/1/590
f 689/1/590 706/1/590 696/1/590
f 707/1/989 708/1/990 709/1/991
f 709/1/991 710/1/992 707/1/989
f 711/1/993 712/1/994 708/1/995
f 708/1/995 707/1/996 711/1/993
f 708/1/990 713/1/997 714/1/998
f 714/1/998 709/1/991 708/1/990
f 708/1/995 712/1/994 715/1/999
f 715/1/999 713/1/1000 708/1/995
f 710/1/620 716/1/620 717/1/619
f 717/1/619 718/1/620 710/1/620
f 710/1/992 718/1/1001 719/1/1002
f 719/1/1002 707/1/989 710/1/992
f 711/1/993 707/1/996 719/1/1003
f 719/1/1003 720/1/1004 711/1/993
f 721/1/613 711/1/613 720/1/613
f 720/1/613 722/1/613 721/1/613
f 712/1/635 711/1/635 721/1/1005
f 721/1/1005 723/1/635 712/1/635
f 724/1/633 715/1/1006 712/1/1007
f 712/1/1007 723/1/1008 724/1/633
f 702/1/630 700/1/630 715/1/630
f 715/1/630 724/1/630 702/1/630
f 699/1/984 713/1/1000 715/1/999
f 715/1/999 700/1/985 699/1/984
f 699/1/983 698/1/982 714/1/998
f 714/1/998 713/1/997 699/1/983
f 698/1/627 697/1/1009 725/1/627
f 725/1/627 714/1/627 698/1/627
f 714/1/1010 725/1/1011 726/1/1010
f 726/1/1010 709/1/1012 714/1/1010
f 716/1/1013 710/1/622 709/1/1013
f 709/1/1013 726/1/1014 716/1/1013
f 727/1/1015 728/1/1016 729/1/1017
f 729/1/1017 730/1/1018 727/1/1015
f 731/1/1019 732/1/1020 728/1/1021
f 728/1/1021 727/1/1022 731/1/1019
f 728/1/1016 733/1/1023 734/1/1024
f 734/1/1024 729/1/1017 728/1/1016
f 728/1/1021 732/1/1020 735/1/1025
f 735/1/1025 733/1/1026 728/1/1021
f 730/1/1027 736/1/654 737/1/654
f 737/1/654 738/1/654 730/1/1027
f 730/1/1018 738/1/1028 739/1/1029
f 739/1/1029 727/1/1015 730/1/1018
f 731/1/1019 727/1/1022 739/1/1030
f 739/1/1030 740/1/1031 731/1/1019
f 741/1/649 731/1/649 740/1/649
f 740/1/649 742/1/649 741/1/649
f 732/1/670 731/1/670 741/1/670
f 741/1/670 743/1/670 732/1/670
f 744/1/1032 735/1/1032 732/1/1033
f 732/1/1033 743/1/1032 744/1/1032
f 722/1/664 720/1/664 735/1/664
f 735/1/664 744/1/664 722/1/664
f 719/1/1003 733/1/1026 735/1/1025
f 735/1/1025 720/1/1004 719/1/1003
f 719/1/1002 718/1/1001 734/1/1024
f 734/1/1024 733/1/1023 719/1/1002
f 718/1/662 717/1/662 745/1/662
f 745/1/662 734/1/662 718/1/662
f 734/1/1034 745/1/1035 746/1/1035
f 746/1/1035 729/1/659 734/1/1034
f 736/1/656 730/1/656 729/1/656
f 729/1/656 746/1/656 736/1/656
f 747/1/1036 748/1/1037 749/1/1038
f 749/1/1038 750/1/1039 747/1/1036
f 751/1/1040 752/1/1041 748/1/1042
f 748/1/1042 747/1/1043 751/1/1040
f 748/1/1037 753/1/1044 754/1/1045
f 754/1/1045 749/1/1038 748/1/1037
f 748/1/1042 752/1/1041 755/1/1046
f 755/1/1046 753/1/1047 748/1/1042
f 750/1/1048 756/1/690 145/1/690
f 145/1/690 143/1/1048 750/1/1048
f 747/1/1036 750/1/1039 143/1/220
f 143/1/220 142/1/219 747/1/1036
f 747/1/1043 142/1/218 140/1/217
f 140/1/217 751/1/1040 747/1/1043
f 140/1/684 141/1/1049 757/1/685
f 757/1/685 751/1/1050 140/1/684
f 752/1/1051 751/1/702 757/1/702
f 757/1/702 758/1/1052 752/1/1051
f 759/1/698 755/1/698 752/1/698
f 752/1/698 758/1/1053 759/1/698
f 742/1/696 740/1/696 755/1/696
f 755/1/696 759/1/696 742/1/696
f 739/1/1030 753/1/1047 755/1/1046
f 755/1/1046 740/1/1031 739/1/1030
f 739/1/1029 738/1/1028 754/1/1045
f 754/1/1045 753/1/1044 739/1/1029
f 738/1/1054 737/1/694 760/1/1055
f 760/1/1055 754/1/1056 738/1/1054
f 754/1/693 760/1/1057 761/1/1058
f 761/1/1058 749/1/693 754/1/693
f 756/1/1059 750/1/1060 749/1/1060
f 749/1/1060 761/1/691 756/1/1059
f 762/1/1061 763/1/1062 764/1/1063
f 764/1/1063 765/1/1064 762/1/1061
f 766/1/1065 767/1/1066 763/1/1062
f 763/1/1062 762/1/1061 766/1/1065
f 763/1/1067 768/1/1068 769/1/1069
f 769/1/1069 764/1/1070 763/1/1067
f 763/1/1067 767/1/1071 770/1/1072
f 770/1/1072 768/1/1068 763/1/1067
f 771/1/1073 765/1/1073 772/1/1074
f 772/1/1074 773/1/1074 771/1/1073
f 774/1/1075 762/1/1075 765/1/1075
f 765/1/1075 771/1/1075 774/1/1075
f 762/1/1076 774/1/1076 775/1/1076
f 775/1/1076 766/1/1077 762/1/1076
f 106/1/1078 766/1/1079 775/1/1078
f 775/1/1078 107/1/1078 106/1/1078
f 106/1/192 121/1/193 767/1/1066
f 767/1/1066 766/1/1065 106/1/192
f 120/1/190 770/1/1072 767/1/1071
f 767/1/1071 121/1/191 120/1/190
f 770/1/1080 120/1/1081 119/1/1081
f 119/1/1081 776/1/1081 770/1/1080
f 776/1/1082 777/1/1083 768/1/1084
f 768/1/1084 770/1/1082 776/1/1082
f 768/1/1085 777/1/1085 778/1/1085
f 778/1/1085 769/1/1085 768/1/1085
f 778/1/1086 779/1/1086 780/1/1087
f 780/1/1087 769/1/1086 778/1/1086
f 769/1/1069 780/1/1088 781/1/1089
f 781/1/1089 764/1/1070 769/1/1069
f 765/1/1064 764/1/1063 781/1/1090
f 781/1/1090 772/1/1091 765/1/1064
f 782/1/1092 783/1/1093 784/1/1094
f 784/1/1094 785/1/1095 782/1/1092
f 786/1/1096 787/1/1097 783/1/1093
f 783/1/1093 782/1/1092 786/1/1096
f 783/1/1098 788/1/1099 789/1/1100
f 789/1/1100 784/1/1101 783/1/1098
f 783/1/1098 787/1/1102 790/1/1103
f 790/1/1103 788/1/1099 783/1/1098
f 791/1/1104 792/1/1104 793/1/1104
f 793/1/1104 785/1/1104 791/1/1104
f 793/1/1105 794/1/1106 782/1/1106
f 782/1/1106 785/1/1105 793/1/1105
f 782/1/1107 794/1/1108 795/1/1109
f 795/1/1109 786/1/1109 782/1/1107
f 772/1/1110 786/1/1110 795/1/1111
f 795/1/1111 773/1/1110 772/1/1110
f 786/1/1096 772/1/1091 781/1/1090
f 781/1/1090 787/1/1097 786/1/1096
f 780/1/1088 790/1/1103 787/1/1102
f 787/1/1102 781/1/1089 780/1/1088
f 790/1/1112 780/1/1112 779/1/1112
f 779/1/1112 796/1/1112 790/1/1112
f 796/1/1113 797/1/1113 788/1/1113
f 788/1/1113 790/1/1113 796/1/1113
f 798/1/1114 789/1/1115 788/1/1114
f 788/1/1114 797/1/1114 798/1/1114
f 798/1/1116 799/1/1116 800/1/1117
f 800/1/1117 789/1/1118 798/1/1116
f 784/1/1101 789/1/1100 800/1/1119
f 800/1/1119 801/1/1120 784/1/1101
f 801/1/1121 791/1/1122 785/1/1095
f 785/1/1095 784/1/1094 801/1/1121
f 802/1/1123 803/1/1124 804/1/1125
f 804/1/1125 805/1/1126 802/1/1123
f 806/1/1127 807/1/1128 803/1/1124
f 803/1/1124 802/1/1123 806/1/1127
f 803/1/1129 808/1/1130 809/1/1131
f 809/1/1131 804/1/1132 803/1/1129
f 803/1/1129 807/1/1133 810/1/1134
f 810/1/1134 808/1/1130 803/1/1129
f 811/1/1135 812/1/1135 813/1/1135
f 813/1/1135 805/1/1136 811/1/1135
f 802/1/1137 805/1/1138 813/1/1138
f 813/1/1138 814/1/1139 802/1/1137
f 802/1/1140 814/1/1141 815/1/1141
f 815/1/1141 806/1/1140 802/1/1140
f 791/1/1142 806/1/1143 815/1/1144
f 815/1/1144 792/1/1142 791/1/1142
f 806/1/1127 791/1/1122 801/1/1121
f 801/1/1121 807/1/1128 806/1/1127
f 800/1/1119 810/1/1134 807/1/1133
f 807/1/1133 801/1/1120 800/1/1119
f 810/1/1145 800/1/1145 799/1/1145
f 799/1/1145 816/1/1145 810/1/1145
f 816/1/1146 817/1/1146 808/1/1146
f 808/1/1146 810/1/1146 816/1/1146
f 817/1/1147 818/1/1148 809/1/1149
f 809/1/1149 808/1/1147 817/1/1147
f 818/1/1150 819/1/1151 820/1/1150
f 820/1/1150 809/1/1150 818/1/1150
f 809/1/1131 820/1/1152 821/1/1153
f 821/1/1153 804/1/1132 809/1/1131
f 804/1/1125 821/1/1154 811/1/1155
f 811/1/1155 805/1/1126 804/1/1125
f 822/1/1156 823/1/1157 824/1/1158
f 824/1/1158 825/1/1159 822/1/1156
f 826/1/1160 827/1/1161 823/1/1157
f 823/1/1157 822/1/1156 826/1/1160
f 823/1/1162 828/1/1163 829/1/1164
f 829/1/1164 824/1/1165 823/1/1162
f 823/1/1162 827/1/1166 830/1/1167
f 830/1/1167 828/1/1163 823/1/1162
f 831/1/1168 832/1/1168 833/1/1168
f 833/1/1168 825/1/1168 831/1/1168
f 822/1/1169 825/1/1169 833/1/1169
f 833/1/1169 834/1/1169 822/1/1169
f 822/1/1170 834/1/1170 835/1/1171
f 835/1/1171 826/1/1170 822/1/1170
f 811/1/1172 826/1/1173 835/1/1172
f 835/1/1172 812/1/1172 811/1/1172
f 826/1/1160 811/1/1155 821/1/1154
f 821/1/1154 827/1/1161 826/1/1160
f 827/1/1166 821/1/1153 820/1/1152
f 820/1/1152 830/1/1167 827/1/1166
f 830/1/1174 820/1/1174 819/1/1174
f 819/1/1174 836/1/1174 830/1/1174
f 836/1/1175 837/1/1175 828/1/1175
f 828/1/1175 830/1/1175 836/1/1175
f 837/1/1176 838/1/1177 829/1/1176
f 829/1/1176 828/1/1176 837/1/1176
f 838/1/1178 839/1/1178 840/1/1178
f 840/1/1178 829/1/1178 838/1/1178
f 824/1/1165 829/1/1164 840/1/1179
f 840/1/1179 841/1/1180 824/1/1165
f 824/1/1158 841/1/1181 831/1/1182
f 831/1/1182 825/1/1159 824/1/1158
f 842/1/1183 843/1/1184 844/1/1185
f 844/1/1185 845/1/1186 842/1/1183
f 846/1/1187 847/1/1188 843/1/1184
f 843/1/1184 842/1/1183 846/1/1187
f 843/1/1189 848/1/1190 849/1/1191
f 849/1/1191 844/1/1192 843/1/1189
f 843/1/1189 847/1/1193 850/1/1194
f 850/1/1194 848/1/1190 843/1/1189
f 851/1/1195 852/1/1195 853/1/1196
f 853/1/1196 845/1/1195 851/1/1195
f 842/1/1197 845/1/1198 853/1/1199
f 853/1/1199 854/1/1198 842/1/1197
f 842/1/1200 854/1/1201 855/1/1201
f 855/1/1201 846/1/1200 842/1/1200
f 831/1/1202 846/1/1203 855/1/1204
f 855/1/1204 832/1/1203 831/1/1202
f 846/1/1187 831/1/1182 841/1/1181
f 841/1/1181 847/1/1188 846/1/1187
f 840/1/1179 850/1/1194 847/1/1193
f 847/1/1193 841/1/1180 840/1/1179
f 850/1/1205 840/1/1206 839/1/1207
f 839/1/1207 856/1/1208 850/1/1205
f 856/1/1209 857/1/1209 848/1/1209
f 848/1/1209 850/1/1210 856/1/1209
f 857/1/1211 858/1/1211 849/1/1211
f 849/1/1211 848/1/1211 857/1/1211
f 858/1/1212 859/1/1212 860/1/1212
f 860/1/1212 849/1/1212 858/1/1212
f 844/1/1192 849/1/1191 860/1/1213
f 860/1/1213 861/1/1214 844/1/1192
f 844/1/1185 861/1/1215 851/1/1216
f 851/1/1216 845/1/1186 844/1/1185
f 862/1/1217 863/1/1218 864/1/1219
f 864/1/1219 865/1/1220 862/1/1217
f 866/1/1221 867/1/1222 863/1/1218
f 863/1/1218 862/1/1217 866/1/1221
f 863/1/1223 868/1/1224 869/1/1225
f 869/1/1225 864/1/1226 863/1/1223
f 863/1/1223 867/1/1227 870/1/1228
f 870/1/1228 868/1/1224 863/1/1223
f 871/1/1229 872/1/1230 873/1/1231
f 873/1/1231 865/1/1230 871/1/1229
f 862/1/1232 865/1/1233 873/1/1233
f 873/1/1233 874/1/1233 862/1/1232
f 862/1/1234 874/1/1234 875/1/1235
f 875/1/1235 866/1/1234 862/1/1234
f 851/1/1236 866/1/1237 875/1/1238
f 875/1/1238 852/1/1239 851/1/1236
f 866/1/1221 851/1/1216 861/1/1215
f 861/1/1215 867/1/1222 866/1/1221
f 860/1/1213 870/1/1228 867/1/1227
f 867/1/1227 861/1/1214 860/1/1213
f 870/1/1240 860/1/1240 859/1/1240
f 859/1/1240 876/1/1240 870/1/1240
f 876/1/1241 877/1/1242 868/1/1243
f 868/1/1243 870/1/1244 876/1/1241
f 877/1/1245 878/1/1246 869/1/1246
f 869/1/1246 868/1/1245 877/1/1245
f 878/1/1247 879/1/1248 880/1/1248
f 880/1/1248 869/1/1249 878/1/1247
f 864/1/1226 869/1/1225 880/1/1250
f 880/1/1250 881/1/1251 864/1/1226
f 864/1/1219 881/1/1252 871/1/1253
f 871/1/1253 865/1/1220 864/1/1219
f 882/1/1254 883/1/1255 884/1/1256
f 884/1/1256 885/1/1257 882/1/1254
f 886/1/1258 887/1/1259 883/1/1255
f 883/1/1255 882/1/1254 886/1/1258
f 883/1/1260 888/1/1261 889/1/1262
f 889/1/1262 884/1/1263 883/1/1260
f 883/1/1260 887/1/1264 890/1/1265
f 890/1/1265 888/1/1261 883/1/1260
f 891/1/1266 892/1/1266 893/1/1266
f 893/1/1266 885/1/1266 891/1/1266
f 882/1/1267 885/1/1267 893/1/1267
f 893/1/1267 894/1/1267 882/1/1267
f 882/1/1268 894/1/1268 895/1/1268
f 895/1/1268 886/1/1268 882/1/1268
f 871/1/1269 886/1/1270 895/1/1269
f 895/1/1269 872/1/1269 871/1/1269
f 886/1/1258 871/1/1253 881/1/1252
f 881/1/1252 887/1/1259 886/1/1258
f 880/1/1250 890/1/1265 887/1/1264
f 887/1/1264 881/1/1251 880/1/1250
f 890/1/1271 880/1/1272 879/1/1273
f 879/1/1273 896/1/1274 890/1/1271
f 896/1/1275 897/1/1275 888/1/1275
f 888/1/1275 890/1/1276 896/1/1275
f 897/1/1277 898/1/1277 889/1/1277
f 889/1/1277 888/1/1277 897/1/1277
f 898/1/1278 899/1/1279 900/1/1279
f 900/1/1279 889/1/1280 898/1/1278
f 884/1/1263 889/1/1262 900/1/1281
f 900/1/1281 901/1/1282 884/1/1263
f 884/1/1256 901/1/1283 891/1/1284
f 891/1/1284 885/1/1257 884/1/1256
f 902/1/1285 903/1/1286 904/1/1287
f 904/1/1287 905/1/1288 902/1/1285
f 906/1/1289 907/1/1290 903/1/1286
f 903/1/1286 902/1/1285 906/1/1289
f 903/1/1291 908/1/1292 909/1/1293
f 909/1/1293 904/1/1294 903/1/1291
f 903/1/1291 907/1/1295 910/1/1296
f 910/1/1296 908/1/1292 903/1/1291
f 911/1/1297 912/1/1298 913/1/1297
f 913/1/1297 905/1/1299 911/1/1297
f 902/1/1300 905/1/1300 913/1/1300
f 913/1/1300 914/1/1300 902/1/1300
f 902/1/1301 914/1/1301 915/1/1301
f 915/1/1301 906/1/1301 902/1/1301
f 891/1/1302 906/1/1302 915/1/1302
f 915/1/1302 892/1/1302 891/1/1302
f 906/1/1289 891/1/1284 901/1/1283
f 901/1/1283 907/1/1290 906/1/1289
f 900/1/1281 910/1/1296 907/1/1295
f 907/1/1295 901/1/1282 900/1/1281
f 916/1/1303 910/1/1304 900/1/1305
f 900/1/1305 899/1/1306 916/1/1303
f 916/1/1307 917/1/1307 908/1/1307
f 908/1/1307 910/1/1307 916/1/1307
f 917/1/1308 918/1/1309 909/1/1309
f 909/1/1309 908/1/1308 917/1/1308
f 918/1/1310 919/1/1311 920/1/1311
f 920/1/1311 909/1/1312 918/1/1310
f 904/1/1294 909/1/1293 920/1/1313
f 920/1/1313 921/1/1314 904/1/1294
f 904/1/1287 921/1/1315 911/1/1316
f 911/1/1316 905/1/1288 904/1/1287
f 922/1/1317 923/1/1318 924/1/1319
f 924/1/1319 925/1/1320 922/1/1317
f 926/1/1321 927/1/1322 923/1/1318
f 923/1/1318 922/1/1317 926/1/1321
f 923/1/1323 928/1/1324 929/1/1325
f 929/1/1325 924/1/1326 923/1/1323
f 923/1/1323 927/1/1327 930/1/1328
f 930/1/1328 928/1/1324 923/1/1323
f 931/1/1329 932/1/1330 933/1/1329
f 933/1/1329 925/1/1331 931/1/1329
f 922/1/1332 925/1/1332 933/1/1332
f 933/1/1332 934/1/1332 922/1/1332
f 922/1/1333 934/1/1333 935/1/1334
f 935/1/1334 926/1/1333 922/1/1333
f 911/1/1335 926/1/1336 935/1/1337
f 935/1/1337 912/1/1338 911/1/1335
f 926/1/1321 911/1/1316 921/1/1315
f 921/1/1315 927/1/1322 926/1/1321
f 920/1/1313 930/1/1328 927/1/1327
f 927/1/1327 921/1/1314 920/1/1313
f 930/1/1339 920/1/1340 919/1/1341
f 919/1/1341 936/1/1342 930/1/1339
f 936/1/1343 937/1/1343 928/1/1343
f 928/1/1343 930/1/1343 936/1/1343
f 937/1/1344 938/1/1344 929/1/1344
f 929/1/1344 928/1/1344 937/1/1344
f 938/1/1345 939/1/1345 940/1/1345
f 940/1/1345 929/1/1345 938/1/1345
f 924/1/1326 929/1/1325 940/1/1346
f 940/1/1346 941/1/1347 924/1/1326
f 924/1/1319 941/1/1348 931/1/1349
f 931/1/1349 925/1/1320 924/1/1319
f 942/1/1350 943/1/1351 944/1/1352
f 944/1/1352 945/1/1353 942/1/1350
f 946/1/1354 947/1/1355 943/1/1351
f 943/1/1351 942/1/1350 946/1/1354
f 943/1/1356 948/1/1357 949/1/1358
f 949/1/1358 944/1/1359 943/1/1356
f 943/1/1356 947/1/1360 950/1/1361
f 950/1/1361 948/1/1357 943/1/1356
f 951/1/1362 952/1/1362 953/1/1362
f 953/1/1362 945/1/1362 951/1/1362
f 942/1/1363 945/1/1364 953/1/1363
f 953/1/1363 954/1/1363 942/1/1363
f 942/1/1365 954/1/1365 955/1/1366
f 955/1/1366 946/1/1366 942/1/1365
f 931/1/1367 946/1/1367 955/1/1368
f 955/1/1368 932/1/1367 931/1/1367
f 946/1/1354 931/1/1349 941/1/1348
f 941/1/1348 947/1/1355 946/1/1354
f 940/1/1346 950/1/1361 947/1/1360
f 947/1/1360 941/1/1347 940/1/1346
f 950/1/1369 940/1/1369 939/1/1369
f 939/1/1369 956/1/1370 950/1/1369
f 956/1/1371 957/1/1371 948/1/1371
f 948/1/1371 950/1/1371 956/1/1371
f 957/1/1372 958/1/1372 949/1/1373
f 949/1/1373 948/1/1372 957/1/1372
f 958/1/1374 959/1/1374 960/1/1374
f 960/1/1374 949/1/1375 958/1/1374
f 944/1/1359 949/1/1358 960/1/1376
f 960/1/1376 961/1/1377 944/1/1359
f 944/1/1352 961/1/1378 951/1/1379
f 951/1/1379 945/1/1353 944/1/1352
f 962/1/1380 963/1/1381 964/1/1382
f 964/1/1382 965/1/1383 962/1/1380
f 966/1/1384 967/1/1385 963/1/1381
f 963/1/1381 962/1/1380 966/1/1384
f 963/1/1386 968/1/1387 969/1/1388
f 969/1/1388 964/1/1389 963/1/1386
f 963/1/1386 967/1/1390 970/1/1391
f 970/1/1391 968/1/1387 963/1/1386
f 971/1/1392 972/1/1392 973/1/1392
f 973/1/1392 965/1/1392 971/1/1392
f 962/1/1393 965/1/1393 973/1/1393
f 973/1/1393 974/1/1393 962/1/1393
f 962/1/1394 974/1/1394 975/1/1394
f 975/1/1394 966/1/1394 962/1/1394
f 951/1/1395 966/1/1395 975/1/1395
f 975/1/1395 952/1/1395 951/1/1395
f 966/1/1384 951/1/1379 961/1/1378
f 961/1/1378 967/1/1385 966/1/1384
f 960/1/1376 970/1/1391 967/1/1390
f 967/1/1390 961/1/1377 960/1/1376
f 970/1/1396 960/1/1397 959/1/1397
f 959/1/1397 976/1/1397 970/1/1396
f 976/1/1398 977/1/1398 968/1/1398
f 968/1/1398 970/1/1398 976/1/1398
f 977/1/1399 978/1/1400 969/1/1401
f 969/1/1401 968/1/1402 977/1/1399
f 978/1/1403 979/1/1403 980/1/1403
f 980/1/1403 969/1/1403 978/1/1403
f 964/1/1389 969/1/1388 980/1/1404
f 980/1/1404 981/1/1405 964/1/1389
f 964/1/1382 981/1/1406 971/1/1407
f 971/1/1407 965/1/1383 964/1/1382
f 982/1/1408 983/1/1409 984/1/1410
f 984/1/1410 985/1/1411 982/1/1408
f 986/1/1412 987/1/1413 983/1/1409
f 983/1/1409 982/1/1408 986/1/1412
f 983/1/1414 988/1/1415 989/1/1416
f 989/1/1416 984/1/1417 983/1/1414
f 983/1/1414 987/1/1418 990/1/1419
f 990/1/1419 988/1/1415 983/1/1414
f 991/1/1420 992/1/1421 993/1/1422
f 993/1/1422 985/1/1423 991/1/1420
f 982/1/1424 985/1/1425 993/1/1426
f 993/1/1426 994/1/1426 982/1/1424
f 982/1/1427 994/1/1428 995/1/1427
f 995/1/1427 986/1/1429 982/1/1427
f 971/1/1430 986/1/1430 995/1/1431
f 995/1/1431 972/1/1430 971/1/1430
f 986/1/1412 971/1/1407 981/1/1406
f 981/1/1406 987/1/1413 986/1/1412
f 980/1/1404 990/1/1419 987/1/1418
f 987/1/1418 981/1/1405 980/1/1404
f 990/1/1432 980/1/1432 979/1/1433
f 979/1/1433 996/1/1432 990/1/1432
f 996/1/1434 997/1/1435 988/1/1436
f 988/1/1436 990/1/1434 996/1/1434
f 997/1/1437 998/1/1437 989/1/1437
f 989/1/1437 988/1/1437 997/1/1437
f 998/1/1438 999/1/1438 1000/1/1438
f 1000/1/1438 989/1/1438 998/1/1438
f 984/1/1417 989/1/1416 1000/1/1439
f 1000/1/1439 1001/1/1440 984/1/1417
f 984/1/1410 1001/1/1441 991/1/1442
f 991/1/1442 985/1/1411 984/1/1410
f 1002/1/1443 1003/1/1444 1004/1/1445
f 1004/1/1445 1005/1/1446 1002/1/1443
f 1006/1/1447 1007/1/1448 1003/1/1444
f 1003/1/1444 1002/1/1443 1006/1/1447
f 1003/1/1449 1008/1/1450 1009/1/1451
f 1009/1/1451 1004/1/1452 1003/1/1449
f 1003/1/1449 1007/1/1453 1010/1/1454
f 1010/1/1454 1008/1/1450 1003/1/1449
f 1011/1/1455 1012/1/1456 1013/1/1457
f 1013/1/1457 1005/1/1456 1011/1/1455
f 1002/1/1458 1005/1/1459 1013/1/1459
f 1013/1/1459 1014/1/1460 1002/1/1458
f 1002/1/1461 1014/1/1462 1015/1/1463
f 1015/1/1463 1006/1/1461 1002/1/1461
f 991/1/1464 1006/1/1465 1015/1/1464
f 1015/1/1464 992/1/1466 991/1/1464
f 1006/1/1447 991/1/1442 1001/1/1441
f 1001/1/1441 1007/1/1448 1006/1/1447
f 1000/1/1439 1010/1/1454 1007/1/1453
f 1007/1/1453 1001/1/1440 1000/1/1439
f 1010/1/1467 1000/1/1468 999/1/1469
f 999/1/1469 1016/1/1470 1010/1/1467
f 1016/1/1471 1017/1/1472 1008/1/1473
f 1008/1/1473 1010/1/1471 1016/1/1471
f 1017/1/1474 1018/1/1474 1009/1/1474
f 1009/1/1474 1008/1/1475 1017/1/1474
f 1018/1/1476 1019/1/1477 1020/1/1476
f 1020/1/1476 1009/1/1476 1018/1/1476
f 1004/1/1452 1009/1/1451 1020/1/1478
f 1020/1/1478 1021/1/1479 1004/1/1452
f 1004/1/1445 1021/1/1480 1011/1/1481
f 1011/1/1481 1005/1/1446 1004/1/1445
f 1022/1/1482 1023/1/1483 1024/1/1484
f 1024/1/1484 1025/1/1485 1022/1/1482
f 1026/1/1486 1027/1/1487 1023/1/1483
f 1023/1/1483 1022/1/1482 1026/1/1486
f 1023/1/1488 1028/1/1489 1029/1/1490
f 1029/1/1490 1024/1/1491 1023/1/1488
f 1023/1/1488 1027/1/1492 1030/1/1493
f 1030/1/1493 1028/1/1489 1023/1/1488
f 1031/1/1494 1032/1/1494 1033/1/1494
f 1033/1/1494 1025/1/1495 1031/1/1494
f 1022/1/1496 1025/1/1496 1033/1/1497
f 1033/1/1497 1034/1/1496 1022/1/1496
f 1022/1/1498 1034/1/1498 1035/1/1498
f 1035/1/1498 1026/1/1498 1022/1/1498
f 1011/1/1499 1026/1/1500 1035/1/1499
f 1035/1/1499 1012/1/1499 1011/1/1499
f 1026/1/1486 1011/1/1481 1021/1/1480
f 1021/1/1480 1027/1/1487 1026/1/1486
f 1020/1/1478 1030/1/1493 1027/1/1492
f 1027/1/1492 1021/1/1479 1020/1/1478
f 1030/1/1501 1020/1/1501 1019/1/1502
f 1019/1/1502 1036/1/1503 1030/1/1501
f 1036/1/1504 1037/1/1504 1028/1/1504
f 1028/1/1504 1030/1/1505 1036/1/1504
f 1037/1/1506 1038/1/1507 1029/1/1507
f 1029/1/1507 1028/1/1507 1037/1/1506
f 1038/1/1508 1039/1/1509 1040/1/1508
f 1040/1/1508 1029/1/1509 1038/1/1508
f 1024/1/1491 1029/1/1490 1040/1/1510
f 1040/1/1510 1041/1/1511 1024/1/1491
f 1024/1/1484 1041/1/1512 1031/1/1513
f 1031/1/1513 1025/1/1485 1024/1/1484
f 1042/1/1514 1043/1/1515 1044/1/1516
f 1044/1/1516 1045/1/1517 1042/1/1514
f 1046/1/1518 1047/1/1519 1043/1/1515
f 1043/1/1515 1042/1/1514 1046/1/1518
f 1043/1/1520 1048/1/1521 1049/1/1522
f 1049/1/1522 1044/1/1523 1043/1/1520
f 1043/1/1520 1047/1/1524 1050/1/1525
f 1050/1/1525 1048/1/1521 1043/1/1520
f 1051/1/1526 1052/1/1526 1053/1/1527
f 1053/1/1527 1045/1/1526 1051/1/1526
f 1042/1/1528 1045/1/1528 1053/1/1528
f 1053/1/1528 1054/1/1528 1042/1/1528
f 1042/1/1529 1054/1/1529 1055/1/1529
f 1055/1/1529 1046/1/1529 1042/1/1529
f 1031/1/1530 1046/1/1531 1055/1/1530
f 1055/1/1530 1032/1/1530 1031/1/1530
f 1046/1/1518 1031/1/1513 1041/1/1512
f 1041/1/1512 1047/1/1519 1046/1/1518
f 1040/1/1510 1050/1/1525 1047/1/1524
f 1047/1/1524 1041/1/1511 1040/1/1510
f 1050/1/1532 1040/1/1533 1039/1/1534
f 1039/1/1534 1056/1/1533 1050/1/1532
f 1056/1/1535 1057/1/1536 1048/1/1535
f 1048/1/1535 1050/1/1535 1056/1/1535
f 1057/1/1537 1058/1/1537 1049/1/1537
f 1049/1/1537 1048/1/1537 1057/1/1537
f 1058/1/1538 1059/1/1539 1060/1/1540
f 1060/1/1540 1049/1/1541 1058/1/1538
f 1044/1/1523 1049/1/1522 1060/1/1542
f 1060/1/1542 1061/1/1543 1044/1/1523
f 1044/1/1516 1061/1/1544 1051/1/1545
f 1051/1/1545 1045/1/1517 1044/1/1516
f 1062/1/1546 1063/1/1547 1064/1/1548
f 1064/1/1548 1065/1/1549 1062/1/1546
f 1066/1/1550 1067/1/1551 1063/1/1547
f 1063/1/1547 1062/1/1546 1066/1/1550
f 1063/1/1552 1068/1/1553 1069/1/1554
f 1069/1/1554 1064/1/1555 1063/1/1552
f 1063/1/1552 1067/1/1556 1070/1/1557
f 1070/1/1557 1068/1/1553 1063/1/1552
f 1071/1/189 1072/1/188 1073/1/189
f 1073/1/189 1065/1/1558 1071/1/189
f 1062/1/186 1065/1/186 1073/1/186
f 1073/1/186 1074/1/186 1062/1/186
f 1062/1/184 1074/1/184 1075/1/184
f 1075/1/184 1066/1/184 1062/1/184
f 1051/1/1559 1066/1/182 1075/1/1559
f 1075/1/1559 1052/1/1560 1051/1/1559
f 1066/1/1550 1051/1/1545 1061/1/1544
f 1061/1/1544 1067/1/1551 1066/1/1550
f 1060/1/1542 1070/1/1557 1067/1/1556
f 1067/1/1556 1061/1/1543 1060/1/1542
f 1070/1/1561 1060/1/1562 1059/1/1563
f 1059/1/1563 1076/1/175 1070/1/1561
f 1076/1/1564 1077/1/174 1068/1/174
f 1068/1/174 1070/1/1565 1076/1/1564
f 1077/1/172 1078/1/172 1069/1/172
f 1069/1/172 1068/1/172 1077/1/172
f 1078/1/171 1079/1/171 1080/1/1566
f 1080/1/1566 1069/1/171 1078/1/171
f 1064/1/1555 1069/1/1554 1080/1/1567
f 1080/1/1567 1081/1/1568 1064/1/1555
f 1064/1/1548 1081/1/1569 1071/1/1570
f 1071/1/1570 1065/1/1549 1064/1/1548
f 1082/1/1571 1083/1/1572 1084/1/1573
f 1084/1/1573 1085/1/1574 1082/1/1571
f 1086/1/1575 1087/1/1576 1083/1/1572
f 1083/1/1572 1082/1/1571 1086/1/1575
f 1083/1/1577 1088/1/1578 1089/1/1579
f 1089/1/1579 1084/1/1580 1083/1/1577
f 1083/1/1577 1087/1/1581 1090/1/1582
f 1090/1/1582 1088/1/1578 1083/1/1577
f 1091/1/1583 1092/1/1584 1093/1/1585
f 1093/1/1585 1085/1/1086 1091/1/1583
f 1082/1/1586 1085/1/1586 1093/1/1586
f 1093/1/1586 1094/1/1586 1082/1/1586
f 1082/1/1082 1094/1/1082 1095/1/1082
f 1095/1/1082 1086/1/1082 1082/1/1082
f 1071/1/1587 1086/1/1587 1095/1/1587
f 1095/1/1587 1072/1/1081 1071/1/1587
f 1086/1/1575 1071/1/1570 1081/1/1569
f 1081/1/1569 1087/1/1576 1086/1/1575
f 1080/1/1567 1090/1/1582 1087/1/1581
f 1087/1/1581 1081/1/1568 1080/1/1567
f 1090/1/1078 1080/1/1078 1079/1/1588
f 1079/1/1588 1096/1/1078 1090/1/1078
f 1096/1/1076 1097/1/1589 1088/1/1076
f 1088/1/1076 1090/1/1076 1096/1/1076
f 1097/1/1075 1098/1/1590 1089/1/1590
f 1089/1/1590 1088/1/1591 1097/1/1075
f 1098/1/1074 1099/1/1074 1100/1/1074
f 1100/1/1074 1089/1/1074 1098/1/1074
f 1084/1/1580 1089/1/1579 1100/1/1592
f 1100/1/1592 1101/1/1593 1084/1/1580
f 1084/1/1573 1101/1/1594 1091/1/1595
f 1091/1/1595 1085/1/1574 1084/1/1573
f 1102/1/1596 1103/1/1597 1104/1/1598
f 1104/1/1598 1105/1/1599 1102/1/1596
f 1106/1/1600 1107/1/1601 1103/1/1597
f 1103/1/1597 1102/1/1596 1106/1/1600
f 1103/1/1602 1108/1/1603 1109/1/1604
f 1109/1/1604 1104/1/1605 1103/1/1602
f 1103/1/1602 1107/1/1606 1110/1/1607
f 1110/1/1607 1108/1/1603 1103/1/1602
f 1111/1/1116 1112/1/1116 1113/1/1116
f 1113/1/1116 1105/1/1116 1111/1/1116
f 1102/1/1115 1105/1/1115 1113/1/1115
f 1113/1/1115 1114/1/1608 1102/1/1115
f 1102/1/1113 1114/1/1113 1115/1/1113
f 1115/1/1113 1106/1/1113 1102/1/1113
f 1091/1/1112 1106/1/1112 1115/1/1112
f 1115/1/1112 1092/1/1112 1091/1/1112
f 1106/1/1600 1091/1/1595 1101/1/1594
f 1101/1/1594 1107/1/1601 1106/1/1600
f 1100/1/1592 1110/1/1607 1107/1/1606
f 1107/1/1606 1101/1/1593 1100/1/1592
f 1110/1/1110 1100/1/1110 1099/1/1609
f 1099/1/1609 1116/1/1110 1110/1/1110
f 1116/1/1610 1117/1/1611 1108/1/1612
f 1108/1/1612 1110/1/1610 1116/1/1610
f 1117/1/1613 1118/1/1614 1109/1/1613
f 1109/1/1613 1108/1/1613 1117/1/1613
f 1118/1/1104 1119/1/1104 1120/1/1104
f 1120/1/1104 1109/1/1104 1118/1/1104
f 1104/1/1605 1109/1/1604 1120/1/1615
f 1120/1/1615 1121/1/1616 1104/1/1605
f 1104/1/1598 1121/1/1617 1111/1/1618
f 1111/1/1618 1105/1/1599 1104/1/1598
f 1122/1/1619 1123/1/1620 1124/1/1621
f 1124/1/1621 1125/1/1622 1122/1/1619
f 1126/1/1623 1127/1/1624 1123/1/1620
f 1123/1/1620 1122/1/1619 1126/1/1623
f 1123/1/1625 1128/1/1626 1129/1/1627
f 1129/1/1627 1124/1/1628 1123/1/1625
f 1123/1/1625 1127/1/1629 1130/1/1630
f 1130/1/1630 1128/1/1626 1123/1/1625
f 1131/1/1151 1132/1/1151 1133/1/1151
f 1133/1/1151 1125/1/1151 1131/1/1151
f 1122/1/1631 1125/1/1632 1133/1/1631
f 1133/1/1631 1134/1/1633 1122/1/1631
f 1122/1/1146 1134/1/1146 1135/1/1146
f 1135/1/1146 1126/1/1146 1122/1/1146
f 1111/1/1145 1126/1/1145 1135/1/1634
f 1135/1/1634 1112/1/1145 1111/1/1145
f 1126/1/1623 1111/1/1618 1121/1/1617
f 1121/1/1617 1127/1/1624 1126/1/1623
f 1120/1/1615 1130/1/1630 1127/1/1629
f 1127/1/1629 1121/1/1616 1120/1/1615
f 1130/1/1142 1120/1/1142 1119/1/1142
f 1119/1/1142 1136/1/1635 1130/1/1142
f 1136/1/1636 1137/1/1636 1128/1/1636
f 1128/1/1636 1130/1/1636 1136/1/1636
f 1137/1/1138 1138/1/1138 1129/1/1637
f 1129/1/1637 1128/1/1138 1137/1/1138
f 1138/1/1638 1139/1/1136 1140/1/1639
f 1140/1/1639 1129/1/1639 1138/1/1638
f 1124/1/1628 1129/1/1627 1140/1/1640
f 1140/1/1640 1141/1/1641 1124/1/1628
f 1124/1/1621 1141/1/1642 1131/1/1643
f 1131/1/1643 1125/1/1622 1124/1/1621
f 1142/1/1644 1143/1/1645 1144/1/1646
f 1144/1/1646 1145/1/1647 1142/1/1644
f 1146/1/1648 1147/1/1649 1143/1/1645
f 1143/1/1645 1142/1/1644 1146/1/1648
f 1143/1/1650 1148/1/1651 1149/1/1652
f 1149/1/1652 1144/1/1653 1143/1/1650
f 1143/1/1650 1147/1/1654 1150/1/1655
f 1150/1/1655 1148/1/1651 1143/1/1650
f 1151/1/1656 1152/1/1657 1153/1/1656
f 1153/1/1656 1145/1/1178 1151/1/1656
f 1142/1/1177 1145/1/1177 1153/1/1176
f 1153/1/1176 1154/1/1177 1142/1/1177
f 1142/1/1175 1154/1/1175 1155/1/1175
f 1155/1/1175 1146/1/1175 1142/1/1175
f 1131/1/1658 1146/1/1174 1155/1/1659
f 1155/1/1659 1132/1/1174 1131/1/1658
f 1146/1/1648 1131/1/1643 1141/1/1642
f 1141/1/1642 1147/1/1649 1146/1/1648
f 1140/1/1640 1150/1/1655 1147/1/1654
f 1147/1/1654 1141/1/1641 1140/1/1640
f 1150/1/1172 1140/1/1172 1139/1/1172
f 1139/1/1172 1156/1/1172 1150/1/1172
f 1156/1/1170 1157/1/1170 1148/1/1170
f 1148/1/1170 1150/1/1170 1156/1/1170
f 1157/1/1169 1158/1/1169 1149/1/1169
f 1149/1/1169 1148/1/1169 1157/1/1169
f 1158/1/1660 1159/1/1660 1160/1/1660
f 1160/1/1660 1149/1/1660 1158/1/1660
f 1144/1/1653 1149/1/1652 1160/1/1661
f 1160/1/1661 1161/1/1662 1144/1/1653
f 1144/1/1646 1161/1/1663 1151/1/1664
f 1151/1/1664 1145/1/1647 1144/1/1646
f 1162/1/1665 1163/1/1666 1164/1/1667
f 1164/1/1667 1165/1/1668 1162/1/1665
f 1166/1/1669 1167/1/1670 1163/1/1666
f 1163/1/1666 1162/1/1665 1166/1/1669
f 1163/1/1671 1168/1/1672 1169/1/1673
f 1169/1/1673 1164/1/1674 1163/1/1671
f 1163/1/1671 1167/1/1675 1170/1/1676
f 1170/1/1676 1168/1/1672 1163/1/1671
f 1171/1/1212 1172/1/1212 1173/1/1212
f 1173/1/1212 1165/1/1212 1171/1/1212
f 1162/1/1211 1165/1/1211 1173/1/1211
f 1173/1/1211 1174/1/1677 1162/1/1211
f 1162/1/1678 1174/1/1679 1175/1/1680
f 1175/1/1680 1166/1/1209 1162/1/1678
f 1151/1/1206 1166/1/1681 1175/1/1206
f 1175/1/1206 1152/1/1206 1151/1/1206
f 1166/1/1669 1151/1/1664 1161/1/1663
f 1161/1/1663 1167/1/1670 1166/1/1669
f 1160/1/1661 1170/1/1676 1167/1/1675
f 1167/1/1675 1161/1/1662 1160/1/1661
f 1170/1/1203 1160/1/1203 1159/1/1682
f 1159/1/1682 1176/1/1203 1170/1/1203
f 1176/1/1201 1177/1/1201 1168/1/1201
f 1168/1/1201 1170/1/1200 1176/1/1201
f 1177/1/1198 1178/1/1198 1169/1/1198
f 1169/1/1198 1168/1/1198 1177/1/1198
f 1178/1/1683 1179/1/1683 1180/1/1683
f 1180/1/1683 1169/1/1683 1178/1/1683
f 1164/1/1674 1169/1/1673 1180/1/1684
f 1180/1/1684 1181/1/1685 1164/1/1674
f 1164/1/1667 1181/1/1686 1171/1/1687
f 1171/1/1687 1165/1/1668 1164/1/1667
f 1182/1/1688 1183/1/1689 1184/1/1690
f 1184/1/1690 1185/1/1691 1182/1/1688
f 1186/1/1692 1187/1/1693 1183/1/1689
f 1183/1/1689 1182/1/1688 1186/1/1692
f 1183/1/1694 1188/1/1695 1189/1/1696
f 1189/1/1696 1184/1/1697 1183/1/1694
f 1183/1/1694 1187/1/1698 1190/1/1699
f 1190/1/1699 1188/1/1695 1183/1/1694
f 1191/1/1700 1192/1/1248 1193/1/1248
f 1193/1/1248 1185/1/1248 1191/1/1700
f 1182/1/1246 1185/1/1245 1193/1/1245
f 1193/1/1245 1194/1/1246 1182/1/1246
f 1182/1/1241 1194/1/1244 1195/1/1241
f 1195/1/1241 1186/1/1243 1182/1/1241
f 1171/1/1240 1186/1/1240 1195/1/1701
f 1195/1/1701 1172/1/1702 1171/1/1240
f 1186/1/1692 1171/1/1687 1181/1/1686
f 1181/1/1686 1187/1/1693 1186/1/1692
f 1180/1/1684 1190/1/1699 1187/1/1698
f 1187/1/1698 1181/1/1685 1180/1/1684
f 1190/1/1703 1180/1/1239 1179/1/1239
f 1179/1/1239 1196/1/1703 1190/1/1703
f 1196/1/1234 1197/1/1234 1188/1/1234
f 1188/1/1234 1190/1/1704 1196/1/1234
f 1197/1/1233 1198/1/1233 1189/1/1705
f 1189/1/1705 1188/1/1233 1197/1/1233
f 1198/1/1230 1199/1/1230 1200/1/1230
f 1200/1/1230 1189/1/1230 1198/1/1230
f 1184/1/1697 1189/1/1696 1200/1/1706
f 1200/1/1706 1201/1/1707 1184/1/1697
f 1184/1/1690 1201/1/1708 1191/1/1709
f 1191/1/1709 1185/1/1691 1184/1/1690
f 1202/1/1710 1203/1/1711 1204/1/1712
f 1204/1/1712 1205/1/1713 1202/1/1710
f 1206/1/1714 1207/1/1715 1203/1/1711
f 1203/1/1711 1202/1/1710 1206/1/1714
f 1203/1/1716 1208/1/1717 1209/1/1718
f 1209/1/1718 1204/1/1719 1203/1/1716
f 1203/1/1716 1207/1/1720 1210/1/1721
f 1210/1/1721 1208/1/1717 1203/1/1716
f 1211/1/1722 1212/1/1279 1213/1/1279
f 1213/1/1279 1205/1/1279 1211/1/1722
f 1202/1/1277 1205/1/1277 1213/1/1723
f 1213/1/1723 1214/1/1723 1202/1/1277
f 1202/1/1275 1214/1/1275 1215/1/1275
f 1215/1/1275 1206/1/1275 1202/1/1275
f 1191/1/1724 1206/1/1725 1215/1/1724
f 1215/1/1724 1192/1/1724 1191/1/1724
f 1206/1/1714 1191/1/1709 1201/1/1708
f 1201/1/1708 1207/1/1715 1206/1/1714
f 1200/1/1706 1210/1/1721 1207/1/1720
f 1207/1/1720 1201/1/1707 1200/1/1706
f 1210/1/1726 1200/1/1269 1199/1/1726
f 1199/1/1726 1216/1/1727 1210/1/1726
f 1216/1/1268 1217/1/1268 1208/1/1268
f 1208/1/1268 1210/1/1268 1216/1/1268
f 1217/1/1267 1218/1/1267 1209/1/1267
f 1209/1/1267 1208/1/1267 1217/1/1267
f 1218/1/1266 1219/1/1266 1220/1/1266
f 1220/1/1266 1209/1/1266 1218/1/1266
f 1204/1/1719 1209/1/1718 1220/1/1728
f 1220/1/1728 1221/1/1729 1204/1/1719
f 1204/1/1712 1221/1/1730 1211/1/1731
f 1211/1/1731 1205/1/1713 1204/1/1712
f 1222/1/1732 1223/1/1733 1224/1/1734
f 1224/1/1734 1225/1/1735 1222/1/1732
f 1226/1/1736 1227/1/1737 1223/1/1733
f 1223/1/1733 1222/1/1732 1226/1/1736
f 1223/1/1738 1228/1/1739 1229/1/1740
f 1229/1/1740 1224/1/1741 1223/1/1738
f 1223/1/1738 1227/1/1742 1230/1/1743
f 1230/1/1743 1228/1/1739 1223/1/1738
f 1231/1/1311 1232/1/1311 1233/1/1311
f 1233/1/1311 1225/1/1744 1231/1/1311
f 1222/1/1308 1225/1/1309 1233/1/1308
f 1233/1/1308 1234/1/1308 1222/1/1308
f 1222/1/1745 1234/1/1745 1235/1/1745
f 1235/1/1745 1226/1/1307 1222/1/1745
f 1211/1/1746 1226/1/1306 1235/1/1306
f 1235/1/1306 1212/1/1306 1211/1/1746
f 1226/1/1736 1211/1/1731 1221/1/1730
f 1221/1/1730 1227/1/1737 1226/1/1736
f 1220/1/1728 1230/1/1743 1227/1/1742
f 1227/1/1742 1221/1/1729 1220/1/1728
f 1230/1/1302 1220/1/1302 1219/1/1302
f 1219/1/1302 1236/1/1302 1230/1/1302
f 1236/1/1301 1237/1/1301 1228/1/1301
f 1228/1/1301 1230/1/1301 1236/1/1301
f 1237/1/1300 1238/1/1300 1229/1/1300
f 1229/1/1300 1228/1/1300 1237/1/1300
f 1238/1/1298 1239/1/1747 1240/1/1298
f 1240/1/1298 1229/1/1298 1238/1/1298
f 1224/1/1741 1229/1/1740 1240/1/1748
f 1240/1/1748 1241/1/1749 1224/1/1741
f 1224/1/1734 1241/1/1750 1231/1/1751
f 1231/1/1751 1225/1/1735 1224/1/1734
f 1242/1/1752 1243/1/1753 1244/1/1754
f 1244/1/1754 1245/1/1754 1242/1/1752
f 1246/1/1755 1247/1/1756 1243/1/1753
f 1243/1/1753 1242/1/1752 1246/1/1755
f 1243/1/1757 1248/1/1758 1249/1/1759
f 1249/1/1759 1244/1/1760 1243/1/1757
f 1243/1/1757 1247/1/1761 1250/1/1762
f 1250/1/1762 1248/1/1758 1243/1/1757
f 1251/1/1345 1252/1/1763 1253/1/1764
f 1253/1/1764 1245/1/1345 1251/1/1345
f 1242/1/1765 1245/1/1766 1253/1/1765
f 1253/1/1765 1254/1/1765 1242/1/1765
f 1242/1/1343 1254/1/1343 1255/1/1767
f 1255/1/1767 1246/1/1767 1242/1/1343
f 1231/1/1341 1246/1/1340 1255/1/1340
f 1255/1/1340 1232/1/1768 1231/1/1341
f 1246/1/1755 1231/1/1751 1241/1/1750
f 1241/1/1750 1247/1/1756 1246/1/1755
f 1240/1/1748 1250/1/1762 1247/1/1761
f 1247/1/1761 1241/1/1749 1240/1/1748
f 1250/1/1338 1240/1/1338 1239/1/1338
f 1239/1/1338 1256/1/1338 1250/1/1338
f 1256/1/1769 1257/1/1333 1248/1/1333
f 1248/1/1333 1250/1/1333 1256/1/1769
f 1257/1/1332 1258/1/1770 1249/1/1332
f 1249/1/1332 1248/1/1332 1257/1/1332
f 1258/1/1771 1259/1/1771 1260/1/1771
f 1260/1/1771 1249/1/1330 1258/1/1771
f 1244/1/1760 1249/1/1759 1260/1/1772
f 1260/1/1772 1261/1/1773 1244/1/1760
f 1244/1/1754 1261/1/1774 1251/1/1775
f 1251/1/1775 1245/1/1754 1244/1/1754
f 1262/1/1776 1263/1/1777 1264/1/1778
f 1264/1/1778 1265/1/1779 1262/1/1776
f 1266/1/1780 1267/1/1781 1263/1/1777
f 1263/1/1777 1262/1/1776 1266/1/1780
f 1263/1/1782 1268/1/1783 1269/1/1784
f 1269/1/1784 1264/1/1785 1263/1/1782
f 1263/1/1782 1267/1/1786 1270/1/1787
f 1270/1/1787 1268/1/1783 1263/1/1782
f 1271/1/1788 1272/1/1789 1273/1/1790
f 1273/1/1790 1265/1/1788 1271/1/1788
f 1262/1/1791 1265/1/1792 1273/1/1793
f 1273/1/1793 1274/1/1794 1262/1/1791
f 1262/1/1371 1274/1/1371 1275/1/1371
f 1275/1/1371 1266/1/1371 1262/1/1371
f 1251/1/1369 1266/1/1369 1275/1/1369
f 1275/1/1369 1252/1/1369 1251/1/1369
f 1266/1/1780 1251/1/1775 1261/1/1774
f 1261/1/1774 1267/1/1781 1266/1/1780
f 1260/1/1772 1270/1/1787 1267/1/1786
f 1267/1/1786 1261/1/1773 1260/1/1772
f 1270/1/1367 1260/1/1367 1259/1/1367
f 1259/1/1367 1276/1/1367 1270/1/1367
f 1276/1/1365 1277/1/1365 1268/1/1365
f 1268/1/1365 1270/1/1365 1276/1/1365
f 1277/1/1363 1278/1/1363 1269/1/1363
f 1269/1/1363 1268/1/1364 1277/1/1363
f 1278/1/1362 1279/1/1795 1280/1/1362
f 1280/1/1362 1269/1/1362 1278/1/1362
f 1264/1/1785 1269/1/1784 1280/1/1796
f 1280/1/1796 1281/1/1797 1264/1/1785
f 1264/1/1778 1281/1/1798 1271/1/1799
f 1271/1/1799 1265/1/1779 1264/1/1778
f 1282/1/1800 1283/1/1801 1284/1/1802
f 1284/1/1802 1285/1/1803 1282/1/1800
f 1286/1/1804 1287/1/1805 1283/1/1801
f 1283/1/1801 1282/1/1800 1286/1/1804
f 1283/1/1806 1288/1/1807 1289/1/1808
f 1289/1/1808 1284/1/1809 1283/1/1806
f 1283/1/1806 1287/1/1810 1290/1/1811
f 1290/1/1811 1288/1/1807 1283/1/1806
f 1291/1/1812 1292/1/1403 1293/1/1813
f 1293/1/1813 1285/1/1403 1291/1/1812
f 1282/1/1814 1285/1/1400 1293/1/1400
f 1293/1/1400 1294/1/1400 1282/1/1814
f 1282/1/1815 1294/1/1398 1295/1/1816
f 1295/1/1816 1286/1/1398 1282/1/1815
f 1271/1/1397 1286/1/1397 1295/1/1397
f 1295/1/1397 1272/1/1397 1271/1/1397
f 1286/1/1804 1271/1/1799 1281/1/1798
f 1281/1/1798 1287/1/1805 1286/1/1804
f 1280/1/1796 1290/1/1811 1287/1/1810
f 1287/1/1810 1281/1/1797 1280/1/1796
f 1290/1/1395 1280/1/1395 1279/1/1817
f 1279/1/1817 1296/1/1395 1290/1/1395
f 1296/1/1818 1297/1/1394 1288/1/1394
f 1288/1/1394 1290/1/1394 1296/1/1818
f 1297/1/1393 1298/1/1393 1289/1/1393
f 1289/1/1393 1288/1/1393 1297/1/1393
f 1298/1/1819 1299/1/1819 1300/1/1819
f 1300/1/1819 1289/1/1392 1298/1/1819
f 1284/1/1809 1289/1/1808 1300/1/1820
f 1300/1/1820 1301/1/1821 1284/1/1809
f 1284/1/1802 1301/1/1822 1291/1/1823
f 1291/1/1823 1285/1/1803 1284/1/1802
f 1302/1/1824 1303/1/1825 1304/1/1826
f 1304/1/1826 1305/1/1827 1302/1/1824
f 1306/1/1828 1307/1/1829 1303/1/1825
f 1303/1/1825 1302/1/1824 1306/1/1828
f 1303/1/1830 1308/1/1831 1309/1/1832
f 1309/1/1832 1304/1/1833 1303/1/1830
f 1303/1/1830 1307/1/1834 1310/1/1835
f 1310/1/1835 1308/1/1831 1303/1/1830
f 1311/1/1438 1312/1/1438 1313/1/1836
f 1313/1/1836 1305/1/1438 1311/1/1438
f 1302/1/1437 1305/1/1437 1313/1/1437
f 1313/1/1437 1314/1/1437 1302/1/1437
f 1302/1/1436 1314/1/1436 1315/1/1436
f 1315/1/1436 1306/1/1837 1302/1/1436
f 1291/1/1838 1306/1/1432 1315/1/1432
f 1315/1/1432 1292/1/1432 1291/1/1838
f 1306/1/1828 1291/1/1823 1301/1/1822
f 1301/1/1822 1307/1/1829 1306/1/1828
f 1300/1/1820 1310/1/1835 1307/1/1834
f 1307/1/1834 1301/1/1821 1300/1/1820
f 1310/1/1430 1300/1/1430 1299/1/1430
f 1299/1/1430 1316/1/1430 1310/1/1430
f 1316/1/1429 1317/1/1429 1308/1/1429
f 1308/1/1429 1310/1/1429 1316/1/1429
f 1317/1/1839 1318/1/1840 1309/1/1839
f 1309/1/1839 1308/1/1424 1317/1/1839
f 1318/1/1421 1319/1/1421 1320/1/1421
f 1320/1/1421 1309/1/1421 1318/1/1421
f 1304/1/1833 1309/1/1832 1320/1/1841
f 1320/1/1841 1321/1/1842 1304/1/1833
f 1304/1/1826 1321/1/1843 1311/1/1844
f 1311/1/1844 1305/1/1827 1304/1/1826
f 1322/1/1845 1323/1/1846 1324/1/1847
f 1324/1/1847 1325/1/1848 1322/1/1845
f 1326/1/1849 1327/1/1850 1323/1/1846
f 1323/1/1846 1322/1/1845 1326/1/1849
f 1323/1/1851 1328/1/1852 1329/1/1853
f 1329/1/1853 1324/1/1854 1323/1/1851
f 1323/1/1851 1327/1/1855 1330/1/1856
f 1330/1/1856 1328/1/1852 1323/1/1851
f 1331/1/1476 1332/1/1477 1333/1/1476
f 1333/1/1476 1325/1/1476 1331/1/1476
f 1322/1/1474 1325/1/1474 1333/1/1474
f 1333/1/1474 1334/1/1857 1322/1/1474
f 1322/1/1471 1334/1/1858 1335/1/1471
f 1335/1/1471 1326/1/1471 1322/1/1471
f 1311/1/1470 1326/1/1470 1335/1/1470
f 1335/1/1470 1312/1/1470 1311/1/1470
f 1326/1/1849 1311/1/1844 1321/1/1843
f 1321/1/1843 1327/1/1850 1326/1/1849
f 1320/1/1841 1330/1/1856 1327/1/1855
f 1327/1/1855 1321/1/1842 1320/1/1841
f 1330/1/1465 1320/1/1465 1319/1/1465
f 1319/1/1465 1336/1/1465 1330/1/1465
f 1336/1/1859 1337/1/1860 1328/1/1859
f 1328/1/1859 1330/1/1861 1336/1/1859
f 1337/1/1862 1338/1/1863 1329/1/1863
f 1329/1/1863 1328/1/1864 1337/1/1862
f 1338/1/1456 1339/1/1456 1340/1/1865
f 1340/1/1865 1329/1/1456 1338/1/1456
f 1324/1/1854 1329/1/1853 1340/1/1866
f 1340/1/1866 1341/1/1867 1324/1/1854
f 1324/1/1847 1341/1/1868 1331/1/1869
f 1331/1/1869 1325/1/1848 1324/1/1847
f 1342/1/1870 1343/1/1871 1344/1/1872
f 1344/1/1872 1345/1/1873 1342/1/1870
f 1346/1/1874 1347/1/1875 1343/1/1871
f 1343/1/1871 1342/1/1870 1346/1/1874
f 1343/1/1876 1348/1/1877 1349/1/1878
f 1349/1/1878 1344/1/1879 1343/1/1876
f 1343/1/1876 1347/1/1880 1350/1/1881
f 1350/1/1881 1348/1/1877 1343/1/1876
f 1351/1/1508 1352/1/1509 1353/1/1508
f 1353/1/1508 1345/1/1509 1351/1/1508
f 1342/1/1507 1345/1/1507 1353/1/1507
f 1353/1/1507 1354/1/1507 1342/1/1507
f 1342/1/1504 1354/1/1504 1355/1/1504
f 1355/1/1504 1346/1/1882 1342/1/1504
f 1331/1/1501 1346/1/1503 1355/1/1883
f 1355/1/1883 1332/1/1884 1331/1/1501
f 1346/1/1874 1331/1/1869 1341/1/1868
f 1341/1/1868 1347/1/1875 1346/1/1874
f 1340/1/1866 1350/1/1881 1347/1/1880
f 1347/1/1880 1341/1/1867 1340/1/1866
f 1350/1/1499 1340/1/1499 1339/1/1499
f 1339/1/1499 1356/1/1499 1350/1/1499
f 1356/1/1498 1357/1/1885 1348/1/1886
f 1348/1/1886 1350/1/1886 1356/1/1498
f 1357/1/1496 1358/1/1496 1349/1/1496
f 1349/1/1496 1348/1/1496 1357/1/1496
f 1358/1/1494 1359/1/1494 1360/1/1494
f 1360/1/1494 1349/1/1494 1358/1/1494
f 1344/1/1879 1349/1/1878 1360/1/1887
f 1360/1/1887 1361/1/1888 1344/1/1879
f 1344/1/1872 1361/1/1889 1351/1/1890
f 1351/1/1890 1345/1/1873 1344/1/1872
f 1362/1/1891 1363/1/1892 1364/1/1893
f 1364/1/1893 1365/1/1894 1362/1/1891
f 1366/1/1895 1367/1/1896 1363/1/1892
f 1363/1/1892 1362/1/1891 1366/1/1895
f 1363/1/1897 1368/1/1898 1369/1/1899
f 1369/1/1899 1364/1/1900 1363/1/1897
f 1363/1/1897 1367/1/1901 1370/1/1902
f 1370/1/1902 1368/1/1898 1363/1/1897
f 112/1/1541 111/1/1541 1371/1/1541
f 1371/1/1541 1365/1/1541 112/1/1541
f 1362/1/1537 1365/1/1537 1371/1/1537
f 1371/1/1537 1372/1/1537 1362/1/1537
f 1362/1/1903 1372/1/1536 1373/1/1535
f 1373/1/1535 1366/1/1904 1362/1/1903
f 1351/1/1534 1366/1/1905 1373/1/1534
f 1373/1/1534 1352/1/1534 1351/1/1534
f 1366/1/1895 1351/1/1890 1361/1/1889
f 1361/1/1889 1367/1/1896 1366/1/1895
f 1360/1/1887 1370/1/1902 1367/1/1901
f 1367/1/1901 1361/1/1888 1360/1/1887
f 1370/1/1530 1360/1/1530 1359/1/1530
f 1359/1/1530 1374/1/1530 1370/1/1530
f 1374/1/1529 1375/1/1529 1368/1/1906
f 1368/1/1906 1370/1/1529 1374/1/1529
f 1375/1/1528 1376/1/1528 1369/1/1528
f 1369/1/1528 1368/1/1528 1375/1/1528
f 114/1/1907 1369/1/1907 1376/1/1907
f 1376/1/1907 116/1/1526 114/1/1907
f 1369/1/1899 114/1/179 113/1/178
f 113/1/178 1364/1/1900 1369/1/1899
f 1364/1/1893 113/1/176 112/1/177
f 112/1/177 1365/1/1894 1364/1/1893
f 1377/1/1908 1378/1/1908 1379/1/1908
f 1379/1/1908 1380/1/1908 1377/1/1908
f 1381/1/1909 1382/1/1910 1378/1/1910
f 1378/1/1910 1377/1/1910 1381/1/1909
f 1378/1/1911 1383/1/1912 1384/1/1911
f 1384/1/1911 1379/1/1913 1378/1/1911
f 1385/1/1914 1383/1/1915 1378/1/1914
f 1378/1/1914 1382/1/1914 1385/1/1914
f 1386/1/1916 622/1/1917 644/1/1917
f 644/1/1917 1380/1/1918 1386/1/1916
f 1380/1/1919 644/1/1920 643/1/1920
f 643/1/1920 1377/1/1920 1380/1/1919
f 1381/1/1921 1377/1/1921 643/1/1921
f 643/1/1921 641/1/1921 1381/1/1921
f 1381/1/1922 641/1/1922 642/1/1922
f 642/1/1922 1387/1/1922 1381/1/1922
f 1381/1/1923 1387/1/1923 1388/1/1923
f 1388/1/1923 1382/1/1923 1381/1/1923
f 1389/1/1924 1385/1/1925 1382/1/1926
f 1382/1/1926 1388/1/1927 1389/1/1924
f 1385/1/1928 1389/1/1929 1259/1/1928
f 1259/1/1928 1258/1/1928 1385/1/1928
f 1385/1/1930 1258/1/1930 1257/1/1930
f 1257/1/1930 1383/1/1931 1385/1/1930
f 1257/1/1932 1256/1/1933 1384/1/1933
f 1384/1/1933 1383/1/1934 1257/1/1932
f 1256/1/1935 1239/1/1935 1390/1/1935
f 1390/1/1935 1384/1/1935 1256/1/1935
f 1379/1/1936 1384/1/1937 1390/1/1937
f 1390/1/1937 1391/1/1937 1379/1/1936
f 1379/1/1938 1391/1/1938 1386/1/1938
f 1386/1/1938 1380/1/1939 1379/1/1938
f 1392/1/1940 1393/1/1940 1394/1/1940
f 1394/1/1940 1395/1/1940 1392/1/1940
f 1396/1/1941 1397/1/1941 1393/1/1941
f 1393/1/1941 1392/1/1941 1396/1/1941
f 1393/1/1942 1398/1/1942 1399/1/1942
f 1399/1/1942 1394/1/1942 1393/1/1942
f 1397/1/1943 1400/1/1943 1398/1/1943
f 1398/1/1943 1393/1/1943 1397/1/1943
f 145/1/1944 756/1/1945 1395/1/1944
f 1395/1/1944 1401/1/1946 145/1/1944
f 761/1/1947 1392/1/1947 1395/1/1947
f 1395/1/1947 756/1/1948 761/1/1947
f 761/1/1949 760/1/1949 1396/1/1949
f 1396/1/1949 1392/1/1949 761/1/1949
f 760/1/1950 737/1/1950 1402/1/1950
f 1402/1/1950 1396/1/1950 760/1/1950
f 1396/1/1951 1402/1/1951 1403/1/1952
f 1403/1/1952 1397/1/1951 1396/1/1951
f 1404/1/1953 1400/1/1953 1397/1/1953
f 1397/1/1953 1403/1/1953 1404/1/1953
f 1400/1/1954 1404/1/1955 1352/1/1955
f 1352/1/1955 1373/1/1955 1400/1/1954
f 1400/1/1956 1373/1/1957 1372/1/1958
f 1372/1/1958 1398/1/1957 1400/1/1956
f 1398/1/1959 1372/1/1959 1371/1/1960
f 1371/1/1960 1399/1/1961 1398/1/1959
f 1371/1/1962 111/1/1963 1405/1/1964
f 1405/1/1964 1399/1/1965 1371/1/1962
f 1399/1/1966 1405/1/1966 1406/1/1966
f 1406/1/1966 1394/1/1966 1399/1/1966
f 1394/1/1967 1406/1/1968 1401/1/1968
f 1401/1/1968 1395/1/1968 1394/1/1967
f 1407/1/1969 1408/1/1970 1409/1/1971
f 1409/1/1971 1410/1/1972 1407/1/1969
f 1411/1/1973 1412/1/1974 1408/1/1973
f 1408/1/1973 1407/1/1975 1411/1/1973
f 1408/1/1976 1413/1/1976 1414/1/1976
f 1414/1/1976 1409/1/1977 1408/1/1976
f 1408/1/1978 1412/1/1978 1415/1/1978
f 1415/1/1978 1413/1/1978 1408/1/1978
f 1410/1/1979 1416/1/1980 237/1/1979
f 237/1/1979 236/1/1981 1410/1/1979
f 1410/1/1982 236/1/1982 246/1/1982
f 246/1/1982 1407/1/1982 1410/1/1982
f 1411/1/1983 1407/1/1983 246/1/1983
f 246/1/1983 245/1/1983 1411/1/1983
f 245/1/1984 217/1/1985 1417/1/1986
f 1417/1/1986 1411/1/1987 245/1/1984
f 1411/1/1988 1417/1/1988 1418/1/1988
f 1418/1/1988 1412/1/1988 1411/1/1988
f 1419/1/1989 1415/1/1989 1412/1/1989
f 1412/1/1989 1418/1/1989 1419/1/1989
f 832/1/1990 855/1/1990 1415/1/1990
f 1415/1/1990 1419/1/1990 832/1/1990
f 1415/1/1991 855/1/1991 854/1/1991
f 854/1/1991 1413/1/1991 1415/1/1991
f 854/1/1992 853/1/1992 1414/1/1992
f 1414/1/1992 1413/1/1992 854/1/1992
f 853/1/1993 852/1/1994 1420/1/1994
f 1420/1/1994 1414/1/1994 853/1/1993
f 1421/1/1995 1409/1/1995 1414/1/1995
f 1414/1/1995 1420/1/1995 1421/1/1995
f 1409/1/1996 1421/1/1997 1416/1/1997
f 1416/1/1997 1410/1/1998 1409/1/1996
f 1422/1/1999 1423/1/2000 1424/1/2001
f 1424/1/2001 1425/1/2002 1422/1/1999
f 1426/1/2003 1427/1/2003 1423/1/2003
f 1423/1/2003 1422/1/2003 1426/1/2003
f 1423/1/2004 1428/1/2005 1429/1/2006
f 1429/1/2006 1424/1/2006 1423/1/2004
f 1430/1/2007 1428/1/2007 1423/1/2007
f 1423/1/2007 1427/1/2007 1430/1/2007
f 1425/1/2008 1387/1/2008 642/1/2009
f 642/1/2009 664/1/2008 1425/1/2008
f 1425/1/2010 664/1/2010 663/1/2010
f 663/1/2010 1422/1/2010 1425/1/2010
f 1426/1/2011 1422/1/2012 663/1/2011
f 663/1/2011 661/1/2011 1426/1/2011
f 1431/1/2013 1426/1/2013 661/1/2013
f 661/1/2013 662/1/2013 1431/1/2013
f 1431/1/2014 1432/1/2014 1427/1/2014
f 1427/1/2014 1426/1/2014 1431/1/2014
f 1433/1/2015 1430/1/2016 1427/1/2017
f 1427/1/2017 1432/1/2016 1433/1/2015
f 1430/1/2018 1433/1/2018 1279/1/2019
f 1279/1/2019 1278/1/2018 1430/1/2018
f 1430/1/2020 1278/1/2020 1277/1/2020
f 1277/1/2020 1428/1/2020 1430/1/2020
f 1277/1/2021 1276/1/2021 1429/1/2021
f 1429/1/2021 1428/1/2021 1277/1/2021
f 1259/1/2022 1389/1/2022 1429/1/2022
f 1429/1/2022 1276/1/2023 1259/1/2022
f 1424/1/2024 1429/1/2024 1389/1/2025
f 1389/1/2025 1388/1/2024 1424/1/2024
f 1425/1/2026 1424/1/2026 1388/1/2026
f 1388/1/2026 1387/1/2026 1425/1/2026
f 1434/1/2027 1435/1/2027 1436/1/2027
f 1436/1/2027 1437/1/2027 1434/1/2027
f 1438/1/2028 1439/1/2028 1435/1/2028
f 1435/1/2028 1434/1/2028 1438/1/2028
f 1435/1/2029 1440/1/2029 1441/1/2029
f 1441/1/2029 1436/1/2029 1435/1/2029
f 1439/1/2030 1442/1/2030 1440/1/2030
f 1440/1/2030 1435/1/2030 1439/1/2030
f 1443/1/2031 141/1/2031 139/1/2031
f 139/1/2031 1437/1/2032 1443/1/2031
f 138/1/2033 1434/1/2033 1437/1/2033
f 1437/1/2033 139/1/2034 138/1/2033
f 137/1/2035 1438/1/2036 1434/1/2036
f 1434/1/2036 138/1/2036 137/1/2035
f 1444/1/2037 1438/1/2037 137/1/2037
f 137/1/2037 136/1/2037 1444/1/2037
f 1444/1/2038 1445/1/2038 1439/1/2038
f 1439/1/2038 1438/1/2038 1444/1/2038
f 1446/1/2039 1442/1/2039 1439/1/2039
f 1439/1/2039 1445/1/2039 1446/1/2039
f 1446/1/2040 119/1/2040 118/1/2040
f 118/1/2040 1442/1/2040 1446/1/2040
f 1440/1/2041 1442/1/2041 118/1/2041
f 118/1/2041 117/1/2041 1440/1/2041
f 1441/1/2042 1440/1/2043 117/1/2043
f 117/1/2043 115/1/2043 1441/1/2042
f 115/1/2044 116/1/2045 1447/1/2045
f 1447/1/2045 1441/1/2045 115/1/2044
f 1436/1/2046 1441/1/2046 1447/1/2046
f 1447/1/2046 1448/1/2046 1436/1/2046
f 1448/1/2047 1443/1/2047 1437/1/2048
f 1437/1/2048 1436/1/2047 1448/1/2047
f 1449/1/2049 1450/1/2049 1451/1/2049
f 1451/1/2049 1452/1/2049 1449/1/2049
f 1453/1/2050 1454/1/2051 1450/1/2052
f 1450/1/2052 1449/1/2053 1453/1/2050
f 1450/1/2054 1455/1/2054 1456/1/2054
f 1456/1/2054 1451/1/2054 1450/1/2054
f 1454/1/2055 1457/1/2056 1455/1/2055
f 1455/1/2055 1450/1/2057 1454/1/2055
f 1458/1/2058 257/1/2058 256/1/2058
f 256/1/2058 1452/1/2058 1458/1/2058
f 266/1/2059 1449/1/2059 1452/1/2059
f 1452/1/2059 256/1/2059 266/1/2059
f 266/1/2060 265/1/2060 1453/1/2060
f 1453/1/2060 1449/1/2060 266/1/2060
f 1416/1/2061 1453/1/2062 265/1/2061
f 265/1/2061 237/1/2061 1416/1/2061
f 1454/1/2063 1453/1/2063 1416/1/2063
f 1416/1/2063 1421/1/2063 1454/1/2063
f 1454/1/2064 1421/1/2064 1420/1/2064
f 1420/1/2064 1457/1/2064 1454/1/2064
f 852/1/2065 875/1/2065 1457/1/2066
f 1457/1/2066 1420/1/2065 852/1/2065
f 1457/1/2067 875/1/2068 874/1/2068
f 874/1/2068 1455/1/2068 1457/1/2067
f 1455/1/2069 874/1/2069 873/1/2069
f 873/1/2069 1456/1/2069 1455/1/2069
f 872/1/2070 1459/1/2070 1456/1/2070
f 1456/1/2070 873/1/2070 872/1/2070
f 1460/1/2071 1451/1/2072 1456/1/2072
f 1456/1/2072 1459/1/2072 1460/1/2071
f 1460/1/2073 1458/1/2073 1452/1/2073
f 1452/1/2073 1451/1/2073 1460/1/2073
f 1461/1/2074 1462/1/2075 1463/1/2074
f 1463/1/2074 1464/1/2074 1461/1/2074
f 1465/1/2076 1466/1/2076 1462/1/2077
f 1462/1/2077 1461/1/2076 1465/1/2076
f 1462/1/2078 1467/1/2078 1468/1/2079
f 1468/1/2079 1463/1/2078 1462/1/2078
f 1469/1/2080 1467/1/2081 1462/1/2082
f 1462/1/2082 1466/1/2080 1469/1/2080
f 1431/1/2083 662/1/2083 684/1/2083
f 684/1/2083 1464/1/2083 1431/1/2083
f 1464/1/2084 684/1/2084 683/1/2084
f 683/1/2084 1461/1/2084 1464/1/2084
f 1465/1/2085 1461/1/2085 683/1/2085
f 683/1/2085 681/1/2085 1465/1/2085
f 1470/1/2086 1465/1/2086 681/1/2086
f 681/1/2086 682/1/2086 1470/1/2086
f 1470/1/2087 1471/1/2087 1466/1/2087
f 1466/1/2087 1465/1/2087 1470/1/2087
f 1471/1/2088 1472/1/2089 1469/1/2089
f 1469/1/2089 1466/1/2088 1471/1/2088
f 1469/1/2090 1472/1/2090 1299/1/2090
f 1299/1/2090 1298/1/2090 1469/1/2090
f 1469/1/2091 1298/1/2092 1297/1/2093
f 1297/1/2093 1467/1/2094 1469/1/2091
f 1297/1/2095 1296/1/2095 1468/1/2095
f 1468/1/2095 1467/1/2095 1297/1/2095
f 1296/1/2096 1279/1/2096 1433/1/2096
f 1433/1/2096 1468/1/2096 1296/1/2096
f 1433/1/2097 1432/1/2097 1463/1/2098
f 1463/1/2098 1468/1/2097 1433/1/2097
f 1431/1/2099 1464/1/2099 1463/1/2099
f 1463/1/2099 1432/1/2099 1431/1/2099
f 1473/1/2100 1474/1/2101 1475/1/2101
f 1475/1/2101 1476/1/2101 1473/1/2100
f 1477/1/2102 1478/1/2103 1474/1/2102
f 1474/1/2102 1473/1/2102 1477/1/2102
f 1474/1/2104 1479/1/2104 1480/1/2104
f 1480/1/2104 1475/1/2104 1474/1/2104
f 1478/1/2105 1481/1/2105 1479/1/2105
f 1479/1/2105 1474/1/2105 1478/1/2105
f 1444/1/2106 136/1/2106 164/1/2106
f 164/1/2106 1476/1/2106 1444/1/2106
f 163/1/2107 1473/1/2107 1476/1/2107
f 1476/1/2107 164/1/2107 163/1/2107
f 162/1/2108 1477/1/2109 1473/1/2109
f 1473/1/2109 163/1/2109 162/1/2108
f 162/1/2110 161/1/2111 1482/1/2112
f 1482/1/2112 1477/1/2110 162/1/2110
f 1482/1/2113 1483/1/2113 1478/1/2113
f 1478/1/2113 1477/1/2113 1482/1/2113
f 1484/1/2114 1481/1/2114 1478/1/2114
f 1478/1/2114 1483/1/2114 1484/1/2114
f 1481/1/2115 1484/1/2115 779/1/2115
f 779/1/2115 778/1/2115 1481/1/2115
f 1479/1/2116 1481/1/2117 778/1/2117
f 778/1/2117 777/1/2118 1479/1/2116
f 1480/1/2119 1479/1/2119 777/1/2119
f 777/1/2119 776/1/2120 1480/1/2119
f 776/1/2121 119/1/2122 1446/1/2122
f 1446/1/2122 1480/1/2121 776/1/2121
f 1445/1/2123 1475/1/2123 1480/1/2123
f 1480/1/2123 1446/1/2123 1445/1/2123
f 1476/1/2124 1475/1/2124 1445/1/2124
f 1445/1/2124 1444/1/2125 1476/1/2124
f 1485/1/2126 1486/1/2127 1487/1/2127
f 1487/1/2127 1488/1/2128 1485/1/2126
f 1489/1/2129 1490/1/2129 1486/1/2130
f 1486/1/2130 1485/1/2129 1489/1/2129
f 1486/1/2131 1491/1/2132 1492/1/2133
f 1492/1/2133 1487/1/2131 1486/1/2131
f 1490/1/2134 1493/1/2134 1491/1/2134
f 1491/1/2134 1486/1/2134 1490/1/2134
f 1488/1/2135 1494/1/2135 277/1/2135
f 277/1/2135 276/1/2136 1488/1/2135
f 286/1/2137 1485/1/2138 1488/1/2139
f 1488/1/2139 276/1/2140 286/1/2137
f 286/1/2141 285/1/2141 1489/1/2142
f 1489/1/2142 1485/1/2141 286/1/2141
f 257/1/2143 1458/1/2143 1489/1/2143
f 1489/1/2143 285/1/2143 257/1/2143
f 1458/1/2144 1460/1/2145 1490/1/2145
f 1490/1/2145 1489/1/2145 1458/1/2144
f 1493/1/2146 1490/1/2147 1460/1/2148
f 1460/1/2148 1459/1/2149 1493/1/2146
f 1493/1/2150 1459/1/2151 872/1/2152
f 872/1/2152 895/1/2153 1493/1/2150
f 1493/1/2154 895/1/2154 894/1/2154
f 894/1/2154 1491/1/2154 1493/1/2154
f 1491/1/2155 894/1/2156 893/1/2157
f 893/1/2157 1492/1/2157 1491/1/2155
f 893/1/2158 892/1/2158 1495/1/2158
f 1495/1/2158 1492/1/2158 893/1/2158
f 1487/1/2159 1492/1/2160 1495/1/2160
f 1495/1/2160 1496/1/2160 1487/1/2159
f 1496/1/2161 1494/1/2161 1488/1/2162
f 1488/1/2162 1487/1/2163 1496/1/2161
f 1497/1/2164 1498/1/2165 1499/1/2165
f 1499/1/2165 1500/1/2165 1497/1/2164
f 1501/1/2166 1502/1/2167 1498/1/2167
f 1498/1/2167 1497/1/2168 1501/1/2166
f 1498/1/2169 1503/1/2169 1504/1/2170
f 1504/1/2170 1499/1/2171 1498/1/2169
f 1505/1/2172 1503/1/2172 1498/1/2172
f 1498/1/2172 1502/1/2172 1505/1/2172
f 1470/1/2173 682/1/2174 704/1/2173
f 704/1/2173 1500/1/2173 1470/1/2173
f 1500/1/2175 704/1/2176 703/1/2176
f 703/1/2176 1497/1/2176 1500/1/2175
f 1501/1/2177 1497/1/2177 703/1/2177
f 703/1/2177 701/1/2177 1501/1/2177
f 1506/1/2178 1501/1/2179 701/1/2178
f 701/1/2178 702/1/2180 1506/1/2178
f 1506/1/2181 1507/1/2181 1502/1/2181
f 1502/1/2181 1501/1/2181 1506/1/2181
f 1505/1/2182 1502/1/2182 1507/1/2182
f 1507/1/2182 1508/1/2182 1505/1/2182
f 1505/1/2183 1508/1/2183 1319/1/2183
f 1319/1/2183 1318/1/2183 1505/1/2183
f 1505/1/2184 1318/1/2184 1317/1/2184
f 1317/1/2184 1503/1/2184 1505/1/2184
f 1317/1/2185 1316/1/2186 1504/1/2187
f 1504/1/2187 1503/1/2185 1317/1/2185
f 1299/1/2188 1472/1/2189 1504/1/2188
f 1504/1/2188 1316/1/2188 1299/1/2188
f 1471/1/2190 1499/1/2190 1504/1/2190
f 1504/1/2190 1472/1/2190 1471/1/2190
f 1500/1/2191 1499/1/2191 1471/1/2191
f 1471/1/2191 1470/1/2191 1500/1/2191
f 1509/1/2192 1510/1/2192 1511/1/2193
f 1511/1/2193 1512/1/2194 1509/1/2192
f 1513/1/2195 1514/1/2195 1510/1/2195
f 1510/1/2195 1509/1/2195 1513/1/2195
f 1510/1/2196 1515/1/2197 1516/1/2198
f 1516/1/2198 1511/1/2196 1510/1/2196
f 1514/1/2199 1517/1/2199 1515/1/2199
f 1515/1/2199 1510/1/2199 1514/1/2199
f 1482/1/2200 161/1/2201 184/1/2201
f 184/1/2201 1512/1/2200 1482/1/2200
f 1512/1/2202 184/1/2203 183/1/2204
f 183/1/2204 1509/1/2204 1512/1/2202
f 182/1/2205 1513/1/2206 1509/1/2205
f 1509/1/2205 183/1/2205 182/1/2205
f 182/1/2207 181/1/2208 1518/1/2208
f 1518/1/2208 1513/1/2209 182/1/2207
f 1518/1/2210 1519/1/2210 1514/1/2210
f 1514/1/2210 1513/1/2210 1518/1/2210
f 1517/1/2211 1514/1/2211 1519/1/2211
f 1519/1/2211 1520/1/2211 1517/1/2211
f 1517/1/2212 1520/1/2212 799/1/2212
f 799/1/2212 798/1/2213 1517/1/2212
f 1515/1/2214 1517/1/2214 798/1/2215
f 798/1/2215 797/1/2214 1515/1/2214
f 797/1/2216 796/1/2216 1516/1/2217
f 1516/1/2217 1515/1/2216 797/1/2216
f 796/1/2218 779/1/2219 1484/1/2220
f 1484/1/2220 1516/1/2220 796/1/2218
f 1483/1/2221 1511/1/2221 1516/1/2221
f 1516/1/2221 1484/1/2221 1483/1/2221
f 1511/1/2222 1483/1/2222 1482/1/2223
f 1482/1/2223 1512/1/2222 1511/1/2222
f 1521/1/2224 1522/1/2224 1523/1/2225
f 1523/1/2225 1524/1/2224 1521/1/2224
f 1525/1/2226 1526/1/2226 1522/1/2226
f 1522/1/2226 1521/1/2226 1525/1/2226
f 1522/1/2227 1527/1/2227 1528/1/2227
f 1528/1/2227 1523/1/2227 1522/1/2227
f 1526/1/2228 1529/1/2229 1527/1/2229
f 1527/1/2229 1522/1/2228 1526/1/2228
f 297/1/2230 296/1/2231 1524/1/2230
f 1524/1/2230 1530/1/2232 297/1/2230
f 306/1/2233 1521/1/2233 1524/1/2234
f 1524/1/2234 296/1/2233 306/1/2233
f 306/1/2235 305/1/2236 1525/1/2237
f 1525/1/2237 1521/1/2235 306/1/2235
f 1525/1/2238 305/1/2239 277/1/2239
f 277/1/2239 1494/1/2239 1525/1/2238
f 1526/1/2240 1525/1/2241 1494/1/2242
f 1494/1/2242 1496/1/2241 1526/1/2240
f 1495/1/2243 1529/1/2244 1526/1/2245
f 1526/1/2245 1496/1/2244 1495/1/2243
f 915/1/2246 1529/1/2247 1495/1/2247
f 1495/1/2247 892/1/2246 915/1/2246
f 1529/1/2248 915/1/2249 914/1/2248
f 914/1/2248 1527/1/2248 1529/1/2248
f 1527/1/2250 914/1/2250 913/1/2250
f 913/1/2250 1528/1/2250 1527/1/2250
f 913/1/2251 912/1/2252 1531/1/2253
f 1531/1/2253 1528/1/2252 913/1/2251
f 1523/1/2254 1528/1/2255 1531/1/2256
f 1531/1/2256 1532/1/2257 1523/1/2254
f 1532/1/2258 1530/1/2258 1524/1/2258
f 1524/1/2258 1523/1/2258 1532/1/2258
f 1533/1/2259 1534/1/2260 1535/1/2259
f 1535/1/2259 1536/1/2261 1533/1/2259
f 1537/1/2262 1538/1/2263 1534/1/2264
f 1534/1/2264 1533/1/2265 1537/1/2262
f 1534/1/2266 1539/1/2266 1540/1/2266
f 1540/1/2266 1535/1/2266 1534/1/2266
f 1541/1/2267 1539/1/2268 1534/1/2267
f 1534/1/2267 1538/1/2269 1541/1/2267
f 1506/1/2270 702/1/2271 724/1/2270
f 724/1/2270 1536/1/2272 1506/1/2270
f 1536/1/2273 724/1/2273 723/1/2273
f 723/1/2273 1533/1/2273 1536/1/2273
f 1537/1/2274 1533/1/2275 723/1/2276
f 723/1/2276 721/1/2277 1537/1/2274
f 1542/1/2278 1537/1/2278 721/1/2278
f 721/1/2278 722/1/2278 1542/1/2278
f 1542/1/2279 1543/1/2279 1538/1/2279
f 1538/1/2279 1537/1/2279 1542/1/2279
f 1541/1/2280 1538/1/2281 1543/1/2281
f 1543/1/2281 1544/1/2282 1541/1/2280
f 1541/1/2283 1544/1/2284 1339/1/2285
f 1339/1/2285 1338/1/2284 1541/1/2283
f 1541/1/2286 1338/1/2287 1337/1/2288
f 1337/1/2288 1539/1/2286 1541/1/2286
f 1337/1/2289 1336/1/2290 1540/1/2291
f 1540/1/2291 1539/1/2292 1337/1/2289
f 1336/1/2293 1319/1/2293 1508/1/2293
f 1508/1/2293 1540/1/2293 1336/1/2293
f 1535/1/2294 1540/1/2294 1508/1/2294
f 1508/1/2294 1507/1/2294 1535/1/2294
f 1536/1/2295 1535/1/2296 1507/1/2296
f 1507/1/2296 1506/1/2295 1536/1/2295
f 1545/1/2297 1546/1/2297 1547/1/2298
f 1547/1/2298 1548/1/2297 1545/1/2297
f 1549/1/2299 1550/1/2300 1546/1/2299
f 1546/1/2299 1545/1/2301 1549/1/2299
f 1546/1/2302 1551/1/2302 1552/1/2302
f 1552/1/2302 1547/1/2302 1546/1/2302
f 1550/1/2303 1553/1/2303 1551/1/2303
f 1551/1/2303 1546/1/2303 1550/1/2303
f 1548/1/2304 1518/1/2304 181/1/2304
f 181/1/2304 204/1/2304 1548/1/2304
f 203/1/2305 1545/1/2306 1548/1/2305
f 1548/1/2305 204/1/2305 203/1/2305
f 201/1/2307 1549/1/2307 1545/1/2308
f 1545/1/2308 203/1/2307 201/1/2307
f 1554/1/2309 1549/1/2309 201/1/2310
f 201/1/2310 202/1/2309 1554/1/2309
f 1554/1/2311 1555/1/2312 1550/1/2313
f 1550/1/2313 1549/1/2312 1554/1/2311
f 1553/1/2314 1550/1/2315 1555/1/2314
f 1555/1/2314 1556/1/2316 1553/1/2314
f 1553/1/2317 1556/1/2318 819/1/2319
f 819/1/2319 818/1/2319 1553/1/2317
f 1551/1/2320 1553/1/2321 818/1/2322
f 818/1/2322 817/1/2321 1551/1/2320
f 1552/1/2323 1551/1/2323 817/1/2323
f 817/1/2323 816/1/2323 1552/1/2323
f 816/1/2324 799/1/2324 1520/1/2324
f 1520/1/2324 1552/1/2324 816/1/2324
f 1519/1/2325 1547/1/2325 1552/1/2325
f 1552/1/2325 1520/1/2325 1519/1/2325
f 1548/1/2326 1547/1/2326 1519/1/2326
f 1519/1/2326 1518/1/2326 1548/1/2326
f 1557/1/1909 1558/1/1910 1559/1/1910
f 1559/1/1910 1560/1/1910 1557/1/1909
f 1561/1/1908 1562/1/1908 1558/1/1908
f 1558/1/1908 1557/1/1908 1561/1/1908
f 1558/1/1915 1563/1/1915 1564/1/1914
f 1564/1/1914 1559/1/1915 1558/1/1915
f 1562/1/2327 1565/1/1911 1563/1/1912
f 1563/1/1912 1558/1/1912 1562/1/2327
f 1560/1/2328 1566/1/1922 317/1/1922
f 317/1/1922 316/1/1922 1560/1/2328
f 326/1/1921 1557/1/1921 1560/1/2329
f 1560/1/2329 316/1/2329 326/1/1921
f 326/1/1920 325/1/1920 1561/1/1920
f 1561/1/1920 1557/1/1920 326/1/1920
f 1530/1/1918 1561/1/1918 325/1/1918
f 325/1/1918 297/1/2330 1530/1/1918
f 1562/1/1938 1561/1/1938 1530/1/1938
f 1530/1/1938 1532/1/1938 1562/1/1938
f 1531/1/1937 1565/1/1937 1562/1/1937
f 1562/1/1937 1532/1/1937 1531/1/1937
f 935/1/1935 1565/1/1935 1531/1/1935
f 1531/1/1935 912/1/1935 935/1/1935
f 1565/1/1933 935/1/1933 934/1/1933
f 934/1/1933 1563/1/1933 1565/1/1933
f 1563/1/2331 934/1/1930 933/1/1930
f 933/1/1930 1564/1/2332 1563/1/2331
f 933/1/2333 932/1/1928 1567/1/2333
f 1567/1/2333 1564/1/2333 933/1/2333
f 1559/1/1924 1564/1/2334 1567/1/1924
f 1567/1/1924 1568/1/1924 1559/1/1924
f 1568/1/2335 1566/1/1923 1560/1/1923
f 1560/1/1923 1559/1/1923 1568/1/2335
f 1569/1/2336 1570/1/2336 1571/1/2336
f 1571/1/2336 1572/1/2336 1569/1/2336
f 1573/1/2337 1574/1/2337 1570/1/2338
f 1570/1/2338 1569/1/2337 1573/1/2337
f 1570/1/2339 1575/1/2339 1576/1/2340
f 1576/1/2340 1571/1/2339 1570/1/2339
f 1577/1/2341 1575/1/2341 1570/1/2341
f 1570/1/2341 1574/1/2341 1577/1/2341
f 1542/1/2342 722/1/2342 744/1/2342
f 744/1/2342 1572/1/2342 1542/1/2342
f 1572/1/2343 744/1/2343 743/1/2343
f 743/1/2343 1569/1/2343 1572/1/2343
f 1573/1/2344 1569/1/2344 743/1/2344
f 743/1/2344 741/1/2344 1573/1/2344
f 1578/1/2345 1573/1/2345 741/1/2345
f 741/1/2345 742/1/2345 1578/1/2345
f 1578/1/2346 1579/1/2346 1574/1/2346
f 1574/1/2346 1573/1/2346 1578/1/2346
f 1577/1/2347 1574/1/2347 1579/1/2347
f 1579/1/2347 1580/1/2347 1577/1/2347
f 1577/1/2348 1580/1/2348 1359/1/2348
f 1359/1/2348 1358/1/2349 1577/1/2348
f 1577/1/2350 1358/1/2350 1357/1/2350
f 1357/1/2350 1575/1/2350 1577/1/2350
f 1357/1/2351 1356/1/2351 1576/1/2351
f 1576/1/2351 1575/1/2351 1357/1/2351
f 1356/1/2352 1339/1/2353 1544/1/2354
f 1544/1/2354 1576/1/2352 1356/1/2352
f 1571/1/2355 1576/1/2355 1544/1/2355
f 1544/1/2355 1543/1/2355 1571/1/2355
f 1572/1/2356 1571/1/2356 1543/1/2356
f 1543/1/2356 1542/1/2356 1572/1/2356
f 1581/1/2357 1582/1/2358 1583/1/2359
f 1583/1/2359 1584/1/2359 1581/1/2357
f 1585/1/2360 1586/1/2361 1582/1/2360
f 1582/1/2360 1581/1/2362 1585/1/2360
f 1582/1/2363 1587/1/2364 1588/1/2364
f 1588/1/2364 1583/1/2364 1582/1/2363
f 1586/1/2365 1589/1/2365 1587/1/2365
f 1587/1/2365 1582/1/2365 1586/1/2365
f 1554/1/2366 202/1/2366 224/1/2366
f 224/1/2366 1584/1/2366 1554/1/2366
f 223/1/2367 1581/1/2368 1584/1/2369
f 1584/1/2369 224/1/2367 223/1/2367
f 222/1/2370 1585/1/2370 1581/1/2370
f 1581/1/2370 223/1/2371 222/1/2370
f 1590/1/2372 1585/1/2373 222/1/2372
f 222/1/2372 221/1/2374 1590/1/2372
f 1590/1/2375 1591/1/2376 1586/1/2377
f 1586/1/2377 1585/1/2378 1590/1/2375
f 1589/1/2379 1586/1/2379 1591/1/2380
f 1591/1/2380 1592/1/2379 1589/1/2379
f 1589/1/2381 1592/1/2382 839/1/2382
f 839/1/2382 838/1/2381 1589/1/2381
f 1587/1/2383 1589/1/2384 838/1/2384
f 838/1/2384 837/1/2384 1587/1/2383
f 1588/1/2385 1587/1/2386 837/1/2385
f 837/1/2385 836/1/2387 1588/1/2385
f 836/1/2388 819/1/2388 1556/1/2388
f 1556/1/2388 1588/1/2388 836/1/2388
f 1555/1/2389 1583/1/2389 1588/1/2390
f 1588/1/2390 1556/1/2391 1555/1/2389
f 1584/1/2392 1583/1/2393 1555/1/2392
f 1555/1/2392 1554/1/2394 1584/1/2392
f 1593/1/2395 1594/1/2395 1595/1/2396
f 1595/1/2396 1596/1/2395 1593/1/2395
f 1597/1/2397 1598/1/2001 1594/1/2398
f 1594/1/2398 1593/1/2398 1597/1/2397
f 1594/1/2399 1599/1/2400 1600/1/2399
f 1600/1/2399 1595/1/2399 1594/1/2399
f 1598/1/2006 1601/1/2006 1599/1/2006
f 1599/1/2006 1594/1/2006 1598/1/2006
f 1596/1/2401 1602/1/2013 337/1/2402
f 337/1/2402 336/1/2013 1596/1/2401
f 346/1/2012 1593/1/2403 1596/1/2011
f 1596/1/2011 336/1/2011 346/1/2012
f 346/1/2010 345/1/2010 1597/1/2010
f 1597/1/2010 1593/1/2010 346/1/2010
f 1566/1/2008 1597/1/2008 345/1/2008
f 345/1/2008 317/1/2404 1566/1/2008
f 1598/1/2405 1597/1/2026 1566/1/2406
f 1566/1/2406 1568/1/2026 1598/1/2405
f 1567/1/2024 1601/1/2024 1598/1/2024
f 1598/1/2024 1568/1/2024 1567/1/2024
f 955/1/2407 1601/1/2408 1567/1/2407
f 1567/1/2407 932/1/2409 955/1/2407
f 1601/1/2021 955/1/2410 954/1/2411
f 954/1/2411 1599/1/2021 1601/1/2021
f 1599/1/2020 954/1/2020 953/1/2020
f 953/1/2020 1600/1/2020 1599/1/2020
f 953/1/2018 952/1/2018 1603/1/2412
f 1603/1/2412 1600/1/2018 953/1/2018
f 1595/1/2017 1600/1/2016 1603/1/2017
f 1603/1/2017 1604/1/2017 1595/1/2017
f 1604/1/2014 1602/1/2014 1596/1/2014
f 1596/1/2014 1595/1/2014 1604/1/2014
f 1605/1/2413 1606/1/2413 1607/1/2414
f 1607/1/2414 1608/1/2413 1605/1/2413
f 1609/1/2415 1610/1/2415 1606/1/2415
f 1606/1/2415 1605/1/2415 1609/1/2415
f 1606/1/2416 1611/1/2416 1612/1/2416
f 1612/1/2416 1607/1/2416 1606/1/2416
f 1613/1/2417 1611/1/2418 1606/1/2418
f 1606/1/2418 1610/1/2418 1613/1/2417
f 1578/1/2419 742/1/2419 759/1/2420
f 759/1/2420 1608/1/2419 1578/1/2419
f 1608/1/2421 759/1/2421 758/1/2422
f 758/1/2422 1605/1/2421 1608/1/2421
f 1609/1/2423 1605/1/2423 758/1/2424
f 758/1/2424 757/1/2425 1609/1/2423
f 1443/1/2426 1609/1/2427 757/1/2428
f 757/1/2428 141/1/2429 1443/1/2426
f 1448/1/2430 1610/1/2430 1609/1/2431
f 1609/1/2431 1443/1/2430 1448/1/2430
f 1447/1/2432 1613/1/2433 1610/1/2433
f 1610/1/2433 1448/1/2433 1447/1/2432
f 1613/1/2434 1447/1/2434 116/1/2434
f 116/1/2434 1376/1/2434 1613/1/2434
f 1613/1/2435 1376/1/2435 1375/1/2436
f 1375/1/2436 1611/1/2435 1613/1/2435
f 1375/1/2437 1374/1/2438 1612/1/2438
f 1612/1/2438 1611/1/2438 1375/1/2437
f 1374/1/2439 1359/1/2440 1580/1/2441
f 1580/1/2441 1612/1/2441 1374/1/2439
f 1607/1/2442 1612/1/2443 1580/1/2444
f 1580/1/2444 1579/1/2444 1607/1/2442
f 1608/1/2445 1607/1/2446 1579/1/2446
f 1579/1/2446 1578/1/2447 1608/1/2445
f 1614/1/2448 1615/1/2449 1616/1/2448
f 1616/1/2448 1617/1/2450 1614/1/2448
f 1618/1/2451 1619/1/2452 1615/1/2453
f 1615/1/2453 1614/1/2453 1618/1/2451
f 1615/1/2454 1620/1/2455 1621/1/2455
f 1621/1/2455 1616/1/2454 1615/1/2454
f 1619/1/2456 1622/1/2457 1620/1/2458
f 1620/1/2458 1615/1/2458 1619/1/2456
f 1590/1/2459 221/1/2460 244/1/2460
f 244/1/2460 1617/1/2461 1590/1/2459
f 243/1/2462 1614/1/2463 1617/1/2463
f 1617/1/2463 244/1/2463 243/1/2462
f 242/1/2464 1618/1/2465 1614/1/2466
f 1614/1/2466 243/1/2467 242/1/2464
f 242/1/2468 241/1/2469 1623/1/2470
f 1623/1/2470 1618/1/2471 242/1/2468
f 1623/1/2472 1624/1/2473 1619/1/2474
f 1619/1/2474 1618/1/2473 1623/1/2472
f 1619/1/2475 1624/1/2476 1625/1/2476
f 1625/1/2476 1622/1/2476 1619/1/2475
f 859/1/2477 858/1/2477 1622/1/2477
f 1622/1/2477 1625/1/2477 859/1/2477
f 1620/1/2478 1622/1/2478 858/1/2478
f 858/1/2478 857/1/2478 1620/1/2478
f 1621/1/2479 1620/1/2480 857/1/2480
f 857/1/2480 856/1/2481 1621/1/2479
f 856/1/2482 839/1/2483 1592/1/2484
f 1592/1/2484 1621/1/2484 856/1/2482
f 1591/1/2485 1616/1/2485 1621/1/2485
f 1621/1/2485 1592/1/2485 1591/1/2485
f 1617/1/2486 1616/1/2487 1591/1/2488
f 1591/1/2488 1590/1/2486 1617/1/2486
f 1626/1/2489 1627/1/2076 1628/1/2490
f 1628/1/2490 1629/1/2491 1626/1/2489
f 1630/1/2492 1631/1/2075 1627/1/2075
f 1627/1/2075 1626/1/2075 1630/1/2492
f 1627/1/2493 1632/1/2080 1633/1/2494
f 1633/1/2494 1628/1/2080 1627/1/2493
f 1631/1/2078 1634/1/2078 1632/1/2078
f 1632/1/2078 1627/1/2078 1631/1/2078
f 1629/1/2495 1635/1/2496 357/1/2086
f 357/1/2086 356/1/2495 1629/1/2495
f 366/1/2085 1626/1/2085 1629/1/2085
f 1629/1/2085 356/1/2085 366/1/2085
f 366/1/2084 365/1/2084 1630/1/2084
f 1630/1/2084 1626/1/2084 366/1/2084
f 1602/1/2083 1630/1/2083 365/1/2497
f 365/1/2497 337/1/2083 1602/1/2083
f 1631/1/2498 1630/1/2099 1602/1/2499
f 1602/1/2499 1604/1/2099 1631/1/2498
f 1603/1/2097 1634/1/2097 1631/1/2500
f 1631/1/2500 1604/1/2097 1603/1/2097
f 975/1/2096 1634/1/2096 1603/1/2096
f 1603/1/2096 952/1/2096 975/1/2096
f 1634/1/2095 975/1/2095 974/1/2095
f 974/1/2095 1632/1/2095 1634/1/2095
f 1632/1/2094 974/1/2094 973/1/2094
f 973/1/2094 1633/1/2094 1632/1/2094
f 1633/1/2090 973/1/2090 972/1/2090
f 972/1/2090 1636/1/2090 1633/1/2090
f 1633/1/2089 1636/1/2089 1637/1/2089
f 1637/1/2089 1628/1/2501 1633/1/2089
f 1628/1/2502 1637/1/2087 1635/1/2503
f 1635/1/2503 1629/1/2504 1628/1/2502
f 1638/1/2505 1639/1/2506 1640/1/2507
f 1640/1/2507 1641/1/2508 1638/1/2505
f 1642/1/2509 1643/1/2510 1639/1/2509
f 1639/1/2509 1638/1/2511 1642/1/2509
f 1639/1/2512 1644/1/2513 1645/1/2512
f 1645/1/2512 1640/1/2514 1639/1/2512
f 1646/1/2515 1644/1/2515 1639/1/2515
f 1639/1/2515 1643/1/2515 1646/1/2515
f 1623/1/2516 241/1/2516 264/1/2517
f 264/1/2517 1641/1/2516 1623/1/2516
f 1641/1/2518 264/1/2518 263/1/2518
f 263/1/2518 1638/1/2518 1641/1/2518
f 1642/1/2519 1638/1/2519 263/1/2519
f 263/1/2519 262/1/2519 1642/1/2519
f 1647/1/2520 1642/1/2520 262/1/2520
f 262/1/2520 261/1/2520 1647/1/2520
f 1647/1/2521 1648/1/2521 1643/1/2521
f 1643/1/2521 1642/1/2521 1647/1/2521
f 1646/1/2522 1643/1/2523 1648/1/2523
f 1648/1/2523 1649/1/2524 1646/1/2522
f 879/1/2525 878/1/2525 1646/1/2525
f 1646/1/2525 1649/1/2525 879/1/2525
f 1646/1/2526 878/1/2526 877/1/2527
f 877/1/2527 1644/1/2526 1646/1/2526
f 877/1/2528 876/1/2529 1645/1/2528
f 1645/1/2528 1644/1/2528 877/1/2528
f 876/1/2530 859/1/2530 1625/1/2530
f 1625/1/2530 1645/1/2531 876/1/2530
f 1640/1/2532 1645/1/2532 1625/1/2532
f 1625/1/2532 1624/1/2532 1640/1/2532
f 1641/1/2533 1640/1/2533 1624/1/2533
f 1624/1/2533 1623/1/2533 1641/1/2533
f 1650/1/2534 1651/1/2534 1652/1/2534
f 1652/1/2534 1653/1/2534 1650/1/2534
f 1654/1/2165 1655/1/2165 1651/1/2165
f 1651/1/2165 1650/1/2165 1654/1/2165
f 1651/1/2172 1656/1/2172 1657/1/2172
f 1657/1/2172 1652/1/2172 1651/1/2172
f 1655/1/2171 1658/1/2171 1656/1/2171
f 1656/1/2171 1651/1/2171 1655/1/2171
f 1653/1/2179 1659/1/2535 377/1/2179
f 377/1/2179 376/1/2179 1653/1/2179
f 386/1/2536 1650/1/2536 1653/1/2537
f 1653/1/2537 376/1/2537 386/1/2536
f 386/1/2538 385/1/2176 1654/1/2538
f 1654/1/2538 1650/1/2539 386/1/2538
f 385/1/2540 357/1/2174 1635/1/2541
f 1635/1/2541 1654/1/2173 385/1/2540
f 1655/1/2542 1654/1/2191 1635/1/2191
f 1635/1/2191 1637/1/2191 1655/1/2542
f 1636/1/2190 1658/1/2190 1655/1/2543
f 1655/1/2543 1637/1/2190 1636/1/2190
f 1636/1/2189 972/1/2189 995/1/2189
f 995/1/2189 1658/1/2189 1636/1/2189
f 1658/1/2185 995/1/2185 994/1/2185
f 994/1/2185 1656/1/2185 1658/1/2185
f 1656/1/2184 994/1/2184 993/1/2544
f 993/1/2544 1657/1/2544 1656/1/2184
f 1657/1/2545 993/1/2545 992/1/2546
f 992/1/2546 1660/1/2183 1657/1/2545
f 1661/1/2182 1652/1/2182 1657/1/2182
f 1657/1/2182 1660/1/2182 1661/1/2182
f 1652/1/2181 1661/1/2181 1659/1/2181
f 1659/1/2181 1653/1/2547 1652/1/2181
f 1662/1/2548 1663/1/2548 1664/1/2548
f 1664/1/2548 1665/1/2548 1662/1/2548
f 1666/1/2549 1667/1/2550 1663/1/2549
f 1663/1/2549 1662/1/2549 1666/1/2549
f 1663/1/2551 1668/1/2551 1669/1/2551
f 1669/1/2551 1664/1/2551 1663/1/2551
f 1670/1/2552 1668/1/2553 1663/1/2553
f 1663/1/2553 1667/1/2553 1670/1/2552
f 1647/1/2554 261/1/2555 284/1/2554
f 284/1/2554 1665/1/2554 1647/1/2554
f 1665/1/2556 284/1/2557 283/1/2556
f 283/1/2556 1662/1/2558 1665/1/2556
f 1666/1/2559 1662/1/2560 283/1/2560
f 283/1/2560 281/1/2561 1666/1/2559
f 1666/1/2562 281/1/2562 282/1/2562
f 282/1/2562 1671/1/2562 1666/1/2562
f 1671/1/2563 1672/1/2564 1667/1/2564
f 1667/1/2564 1666/1/2564 1671/1/2563
f 1670/1/2565 1667/1/2566 1672/1/2565
f 1672/1/2565 1673/1/2565 1670/1/2565
f 899/1/2567 898/1/2567 1670/1/2568
f 1670/1/2568 1673/1/2569 899/1/2567
f 1670/1/2570 898/1/2570 897/1/2571
f 897/1/2571 1668/1/2572 1670/1/2570
f 897/1/2573 896/1/2573 1669/1/2573
f 1669/1/2573 1668/1/2573 897/1/2573
f 896/1/2574 879/1/2574 1649/1/2574
f 1649/1/2574 1669/1/2574 896/1/2574
f 1648/1/2575 1664/1/2576 1669/1/2577
f 1669/1/2577 1649/1/2577 1648/1/2575
f 1664/1/2578 1648/1/2579 1647/1/2579
f 1647/1/2579 1665/1/2578 1664/1/2578
f 1674/1/2580 1675/1/2580 1676/1/2580
f 1676/1/2580 1677/1/2580 1674/1/2580
f 1678/1/2581 1679/1/2261 1675/1/2261
f 1675/1/2261 1674/1/2261 1678/1/2581
f 1675/1/2582 1680/1/2583 1681/1/2584
f 1681/1/2584 1676/1/2582 1675/1/2582
f 1679/1/2266 1682/1/2266 1680/1/2266
f 1680/1/2266 1675/1/2266 1679/1/2266
f 1677/1/2585 1683/1/2278 397/1/2278
f 397/1/2278 396/1/2585 1677/1/2585
f 406/1/2586 1674/1/2586 1677/1/2586
f 1677/1/2586 396/1/2586 406/1/2586
f 406/1/2273 405/1/2587 1678/1/2273
f 1678/1/2273 1674/1/2273 406/1/2273
f 405/1/2272 377/1/2272 1659/1/2272
f 1659/1/2272 1678/1/2272 405/1/2272
f 1679/1/2296 1678/1/2296 1659/1/2588
f 1659/1/2588 1661/1/2296 1679/1/2296
f 1660/1/2294 1682/1/2294 1679/1/2294
f 1679/1/2294 1661/1/2294 1660/1/2294
f 1660/1/2293 992/1/2589 1015/1/2590
f 1015/1/2590 1682/1/2591 1660/1/2293
f 1682/1/2592 1015/1/2593 1014/1/2292
f 1014/1/2292 1680/1/2292 1682/1/2592
f 1680/1/2286 1014/1/2286 1013/1/2288
f 1013/1/2288 1681/1/2286 1680/1/2286
f 1681/1/2284 1013/1/2594 1012/1/2285
f 1012/1/2285 1684/1/2285 1681/1/2284
f 1685/1/2281 1676/1/2281 1681/1/2281
f 1681/1/2281 1684/1/2281 1685/1/2281
f 1676/1/2595 1685/1/2279 1683/1/2595
f 1683/1/2595 1677/1/2596 1676/1/2595
f 1686/1/2597 1687/1/2598 1688/1/2597
f 1688/1/2597 1689/1/2597 1686/1/2597
f 1690/1/2599 1691/1/2599 1687/1/2599
f 1687/1/2599 1686/1/2599 1690/1/2599
f 1687/1/2600 1692/1/2601 1693/1/2601
f 1693/1/2601 1688/1/2601 1687/1/2600
f 1694/1/2602 1692/1/2603 1687/1/2603
f 1687/1/2603 1691/1/2603 1694/1/2602
f 1671/1/2604 282/1/2605 304/1/2604
f 304/1/2604 1689/1/2604 1671/1/2604
f 1689/1/2606 304/1/2607 303/1/2606
f 303/1/2606 1686/1/2606 1689/1/2606
f 1690/1/2608 1686/1/2609 303/1/2609
f 303/1/2609 301/1/2608 1690/1/2608
f 1690/1/2610 301/1/2610 302/1/2610
f 302/1/2610 1695/1/2610 1690/1/2610
f 1695/1/2611 1696/1/2611 1691/1/2612
f 1691/1/2612 1690/1/2612 1695/1/2611
f 1694/1/2613 1691/1/2614 1696/1/2614
f 1696/1/2614 1697/1/2614 1694/1/2613
f 919/1/2615 918/1/2615 1694/1/2615
f 1694/1/2615 1697/1/2615 919/1/2615
f 1694/1/2616 918/1/2616 917/1/2616
f 917/1/2616 1692/1/2616 1694/1/2616
f 917/1/2617 916/1/2618 1693/1/2619
f 1693/1/2619 1692/1/2620 917/1/2617
f 916/1/2621 899/1/2621 1673/1/2621
f 1673/1/2621 1693/1/2622 916/1/2621
f 1672/1/2623 1688/1/2623 1693/1/2623
f 1693/1/2623 1673/1/2623 1672/1/2623
f 1671/1/2624 1689/1/2625 1688/1/2625
f 1688/1/2625 1672/1/2625 1671/1/2624
f 1698/1/2337 1699/1/2337 1700/1/2337
f 1700/1/2337 1701/1/2337 1698/1/2337
f 1702/1/2336 1703/1/2336 1699/1/2336
f 1699/1/2336 1698/1/2336 1702/1/2336
f 1699/1/2626 1704/1/2341 1705/1/2341
f 1705/1/2341 1700/1/2341 1699/1/2626
f 1703/1/2627 1706/1/2628 1704/1/2629
f 1704/1/2629 1699/1/2339 1703/1/2627
f 1701/1/2345 1707/1/2345 417/1/2345
f 417/1/2345 416/1/2345 1701/1/2345
f 426/1/2630 1698/1/2344 1701/1/2630
f 1701/1/2630 416/1/2344 426/1/2630
f 426/1/2631 425/1/2343 1702/1/2343
f 1702/1/2343 1698/1/2343 426/1/2631
f 425/1/2342 397/1/2342 1683/1/2342
f 1683/1/2342 1702/1/2342 425/1/2342
f 1703/1/2632 1702/1/2633 1683/1/2632
f 1683/1/2632 1685/1/2356 1703/1/2632
f 1684/1/2634 1706/1/2635 1703/1/2355
f 1703/1/2355 1685/1/2355 1684/1/2634
f 1684/1/2352 1012/1/2636 1035/1/2637
f 1035/1/2637 1706/1/2352 1684/1/2352
f 1706/1/2351 1035/1/2351 1034/1/2638
f 1034/1/2638 1704/1/2351 1706/1/2351
f 1704/1/2639 1034/1/2350 1033/1/2350
f 1033/1/2350 1705/1/2640 1704/1/2639
f 1705/1/2348 1033/1/2641 1032/1/2348
f 1032/1/2348 1708/1/2348 1705/1/2348
f 1705/1/2347 1708/1/2347 1709/1/2347
f 1709/1/2347 1700/1/2347 1705/1/2347
f 1700/1/2346 1709/1/2346 1707/1/2346
f 1707/1/2346 1701/1/2346 1700/1/2346
f 1710/1/2642 1711/1/2642 1712/1/2643
f 1712/1/2643 1713/1/2642 1710/1/2642
f 1714/1/2644 1715/1/2645 1711/1/2644
f 1711/1/2644 1710/1/2646 1714/1/2644
f 1711/1/2647 1716/1/2647 1717/1/2647
f 1717/1/2647 1712/1/2647 1711/1/2647
f 1718/1/2648 1716/1/2649 1711/1/2648
f 1711/1/2648 1715/1/2648 1718/1/2648
f 1695/1/2650 302/1/2650 324/1/2650
f 324/1/2650 1713/1/2650 1695/1/2650
f 1713/1/2651 324/1/2652 323/1/2652
f 323/1/2652 1710/1/2652 1713/1/2651
f 1714/1/2653 1710/1/2653 323/1/2653
f 323/1/2653 321/1/2653 1714/1/2653
f 1714/1/2654 321/1/2654 322/1/2654
f 322/1/2654 1719/1/2654 1714/1/2654
f 1719/1/2655 1720/1/2655 1715/1/2655
f 1715/1/2655 1714/1/2655 1719/1/2655
f 1718/1/2656 1715/1/2656 1720/1/2656
f 1720/1/2656 1721/1/2656 1718/1/2656
f 939/1/2657 938/1/2657 1718/1/2657
f 1718/1/2657 1721/1/2657 939/1/2657
f 1718/1/2658 938/1/2659 937/1/2658
f 937/1/2658 1716/1/2658 1718/1/2658
f 937/1/2660 936/1/2661 1717/1/2661
f 1717/1/2661 1716/1/2661 937/1/2660
f 936/1/2662 919/1/2662 1697/1/2662
f 1697/1/2662 1717/1/2662 936/1/2662
f 1696/1/2663 1712/1/2664 1717/1/2663
f 1717/1/2663 1697/1/2663 1696/1/2663
f 1712/1/2665 1696/1/2665 1695/1/2665
f 1695/1/2665 1713/1/2665 1712/1/2665
f 1722/1/2415 1723/1/2415 1724/1/2415
f 1724/1/2415 1725/1/2415 1722/1/2415
f 1726/1/2414 1727/1/2414 1723/1/2414
f 1723/1/2414 1722/1/2414 1726/1/2414
f 1723/1/2418 1728/1/2418 1729/1/2418
f 1729/1/2418 1724/1/2418 1723/1/2418
f 1727/1/2666 1730/1/2667 1728/1/2416
f 1728/1/2416 1723/1/2416 1727/1/2666
f 1725/1/2668 1731/1/2429 437/1/2429
f 437/1/2429 436/1/2429 1725/1/2668
f 446/1/2669 1722/1/2423 1725/1/2669
f 1725/1/2669 436/1/2670 446/1/2669
f 446/1/2421 445/1/2421 1726/1/2421
f 1726/1/2421 1722/1/2421 446/1/2421
f 445/1/2419 417/1/2419 1707/1/2419
f 1707/1/2419 1726/1/2419 445/1/2419
f 1727/1/2446 1726/1/2446 1707/1/2446
f 1707/1/2446 1709/1/2446 1727/1/2446
f 1708/1/2442 1730/1/2442 1727/1/2442
f 1727/1/2442 1709/1/2444 1708/1/2442
f 1708/1/2441 1032/1/2441 1055/1/2441
f 1055/1/2441 1730/1/2441 1708/1/2441
f 1730/1/2671 1055/1/2672 1054/1/2673
f 1054/1/2673 1728/1/2673 1730/1/2671
f 1728/1/2435 1054/1/2435 1053/1/2435
f 1053/1/2435 1729/1/2435 1728/1/2435
f 1729/1/2674 1053/1/2675 1052/1/2434
f 1052/1/2434 1732/1/2434 1729/1/2674
f 1733/1/2433 1724/1/2433 1729/1/2676
f 1729/1/2676 1732/1/2433 1733/1/2433
f 1724/1/2430 1733/1/2430 1731/1/2430
f 1731/1/2430 1725/1/2677 1724/1/2430
f 1734/1/2678 1735/1/2679 1736/1/2680
f 1736/1/2680 1737/1/2680 1734/1/2678
f 1738/1/2681 1739/1/2682 1735/1/2681
f 1735/1/2681 1734/1/2681 1738/1/2681
f 1735/1/2683 1740/1/2683 1741/1/2683
f 1741/1/2683 1736/1/2684 1735/1/2683
f 1742/1/2685 1740/1/2686 1735/1/2687
f 1735/1/2687 1739/1/2685 1742/1/2685
f 1719/1/2688 322/1/2688 344/1/2689
f 344/1/2689 1737/1/2690 1719/1/2688
f 1737/1/2691 344/1/2692 343/1/2693
f 343/1/2693 1734/1/2694 1737/1/2691
f 1738/1/2695 1734/1/2695 343/1/2695
f 343/1/2695 341/1/2695 1738/1/2695
f 1738/1/2696 341/1/2697 342/1/2698
f 342/1/2698 1743/1/2698 1738/1/2696
f 1743/1/2699 1744/1/2700 1739/1/2701
f 1739/1/2701 1738/1/2699 1743/1/2699
f 1742/1/2702 1739/1/2703 1744/1/2703
f 1744/1/2703 1745/1/2703 1742/1/2702
f 959/1/2704 958/1/2704 1742/1/2705
f 1742/1/2705 1745/1/2704 959/1/2704
f 1742/1/2706 958/1/2706 957/1/2706
f 957/1/2706 1740/1/2706 1742/1/2706
f 957/1/2707 956/1/2707 1741/1/2707
f 1741/1/2707 1740/1/2707 957/1/2707
f 956/1/2708 939/1/2709 1721/1/2709
f 1721/1/2709 1741/1/2708 956/1/2708
f 1720/1/2710 1736/1/2711 1741/1/2711
f 1741/1/2711 1721/1/2710 1720/1/2710
f 1736/1/2712 1720/1/2713 1719/1/2714
f 1719/1/2714 1737/1/2713 1736/1/2712
f 1746/1/2028 1747/1/2028 1748/1/2028
f 1748/1/2028 1749/1/2028 1746/1/2028
f 1750/1/2027 1751/1/2027 1747/1/2027
f 1747/1/2027 1746/1/2027 1750/1/2027
f 1747/1/2715 1752/1/2030 1753/1/2715
f 1753/1/2715 1748/1/2716 1747/1/2715
f 1751/1/2029 1754/1/2717 1752/1/2029
f 1752/1/2029 1747/1/2718 1751/1/2029
f 1749/1/2719 1755/1/2719 457/1/2719
f 457/1/2719 456/1/2719 1749/1/2719
f 466/1/2720 1746/1/2721 1749/1/2722
f 1749/1/2722 456/1/2722 466/1/2720
f 466/1/2033 465/1/2033 1750/1/2033
f 1750/1/2033 1746/1/2723 466/1/2033
f 465/1/2724 437/1/2031 1731/1/2725
f 1731/1/2725 1750/1/2725 465/1/2724
f 1751/1/2726 1750/1/2047 1731/1/2047
f 1731/1/2047 1733/1/2047 1751/1/2726
f 1732/1/2046 1754/1/2046 1751/1/2046
f 1751/1/2046 1733/1/2046 1732/1/2046
f 1732/1/2727 1052/1/2728 1075/1/2729
f 1075/1/2729 1754/1/2730 1732/1/2727
f 1754/1/2043 1075/1/2043 1074/1/2043
f 1074/1/2043 1752/1/2043 1754/1/2043
f 1752/1/2731 1074/1/2041 1073/1/2732
f 1073/1/2732 1753/1/2041 1752/1/2731
f 1753/1/2040 1073/1/2040 1072/1/2040
f 1072/1/2040 1756/1/2040 1753/1/2040
f 1757/1/2039 1748/1/2039 1753/1/2039
f 1753/1/2039 1756/1/2039 1757/1/2039
f 1748/1/2733 1757/1/2733 1755/1/2733
f 1755/1/2733 1749/1/2733 1748/1/2733
f 1758/1/2734 1759/1/2734 1760/1/2735
f 1760/1/2735 1761/1/2736 1758/1/2734
f 1762/1/2737 1763/1/2738 1759/1/2739
f 1759/1/2739 1758/1/2738 1762/1/2737
f 1759/1/2740 1764/1/2741 1765/1/2742
f 1765/1/2742 1760/1/2742 1759/1/2740
f 1766/1/2743 1764/1/2744 1759/1/2744
f 1759/1/2744 1763/1/2744 1766/1/2743
f 1743/1/2745 342/1/2746 364/1/2745
f 364/1/2745 1761/1/2747 1743/1/2745
f 1761/1/2748 364/1/2748 363/1/2748
f 363/1/2748 1758/1/2749 1761/1/2748
f 1762/1/2750 1758/1/2751 363/1/2752
f 363/1/2752 361/1/2751 1762/1/2750
f 1762/1/2753 361/1/2754 362/1/2754
f 362/1/2754 1767/1/2755 1762/1/2753
f 1767/1/2756 1768/1/2757 1763/1/2756
f 1763/1/2756 1762/1/2757 1767/1/2756
f 1766/1/2758 1763/1/2759 1768/1/2758
f 1768/1/2758 1769/1/2758 1766/1/2758
f 979/1/2760 978/1/2761 1766/1/2761
f 1766/1/2761 1769/1/2762 979/1/2760
f 1766/1/2763 978/1/2764 977/1/2765
f 977/1/2765 1764/1/2765 1766/1/2763
f 977/1/2766 976/1/2767 1765/1/2767
f 1765/1/2767 1764/1/2768 977/1/2766
f 976/1/2769 959/1/2770 1745/1/2771
f 1745/1/2771 1765/1/2772 976/1/2769
f 1744/1/2773 1760/1/2774 1765/1/2775
f 1765/1/2775 1745/1/2774 1744/1/2773
f 1743/1/2776 1761/1/2777 1760/1/2776
f 1760/1/2776 1744/1/2776 1743/1/2776
f 1770/1/2102 1771/1/2102 1772/1/2103
f 1772/1/2103 1773/1/2102 1770/1/2102
f 1774/1/2778 1775/1/2101 1771/1/2101
f 1771/1/2101 1770/1/2101 1774/1/2778
f 1771/1/2105 1776/1/2105 1777/1/2105
f 1777/1/2105 1772/1/2105 1771/1/2105
f 1775/1/2779 1778/1/2104 1776/1/2104
f 1776/1/2104 1771/1/2104 1775/1/2779
f 1773/1/2780 1779/1/2780 477/1/2780
f 477/1/2780 476/1/2781 1773/1/2780
f 486/1/2108 1770/1/2109 1773/1/2108
f 1773/1/2108 476/1/2782 486/1/2108
f 486/1/2107 485/1/2107 1774/1/2107
f 1774/1/2107 1770/1/2107 486/1/2107
f 485/1/2106 457/1/2106 1755/1/2106
f 1755/1/2106 1774/1/2106 485/1/2106
f 1775/1/2124 1774/1/2124 1755/1/2783
f 1755/1/2783 1757/1/2124 1775/1/2124
f 1756/1/2123 1778/1/2123 1775/1/2123
f 1775/1/2123 1757/1/2784 1756/1/2123
f 1756/1/2121 1072/1/2121 1095/1/2121
f 1095/1/2121 1778/1/2121 1756/1/2121
f 1778/1/2119 1095/1/2119 1094/1/2119
f 1094/1/2119 1776/1/2119 1778/1/2119
f 1776/1/2117 1094/1/2117 1093/1/2117
f 1093/1/2117 1777/1/2117 1776/1/2117
f 1777/1/2115 1093/1/2115 1092/1/2115
f 1092/1/2115 1780/1/2115 1777/1/2115
f 1781/1/2785 1772/1/2114 1777/1/2786
f 1777/1/2786 1780/1/2786 1781/1/2785
f 1772/1/2113 1781/1/2113 1779/1/2113
f 1779/1/2113 1773/1/2113 1772/1/2113
f 1782/1/2787 1783/1/2787 1784/1/2787
f 1784/1/2787 1785/1/2787 1782/1/2787
f 1786/1/2788 1787/1/2788 1783/1/2788
f 1783/1/2788 1782/1/2788 1786/1/2788
f 1783/1/2789 1788/1/2790 1789/1/2791
f 1789/1/2791 1784/1/2792 1783/1/2789
f 1790/1/2793 1788/1/2794 1783/1/2794
f 1783/1/2794 1787/1/2795 1790/1/2793
f 1767/1/2796 362/1/2797 384/1/2796
f 384/1/2796 1785/1/2796 1767/1/2796
f 1785/1/2798 384/1/2799 383/1/2799
f 383/1/2799 1782/1/2799 1785/1/2798
f 1786/1/2800 1782/1/2801 383/1/2800
f 383/1/2800 381/1/2802 1786/1/2800
f 1786/1/2803 381/1/2803 382/1/2803
f 382/1/2803 1791/1/2803 1786/1/2803
f 1791/1/2804 1792/1/2805 1787/1/2804
f 1787/1/2804 1786/1/2804 1791/1/2804
f 1790/1/2806 1787/1/2807 1792/1/2806
f 1792/1/2806 1793/1/2808 1790/1/2806
f 999/1/2809 998/1/2809 1790/1/2809
f 1790/1/2809 1793/1/2809 999/1/2809
f 1790/1/2810 998/1/2811 997/1/2811
f 997/1/2811 1788/1/2811 1790/1/2810
f 997/1/2812 996/1/2812 1789/1/2813
f 1789/1/2813 1788/1/2812 997/1/2812
f 996/1/2814 979/1/2814 1769/1/2814
f 1769/1/2814 1789/1/2815 996/1/2814
f 1768/1/2816 1784/1/2816 1789/1/2816
f 1789/1/2816 1769/1/2816 1768/1/2816
f 1767/1/2817 1785/1/2817 1784/1/2817
f 1784/1/2817 1768/1/2817 1767/1/2817
f 1794/1/2195 1795/1/2195 1796/1/2195
f 1796/1/2195 1797/1/2195 1794/1/2195
f 1798/1/2818 1799/1/2194 1795/1/2194
f 1795/1/2194 1794/1/2819 1798/1/2818
f 1795/1/2199 1800/1/2199 1801/1/2820
f 1801/1/2820 1796/1/2199 1795/1/2199
f 1799/1/2821 1802/1/2198 1800/1/2198
f 1800/1/2198 1795/1/2822 1799/1/2821
f 1797/1/2823 1803/1/2823 497/1/2208
f 497/1/2208 496/1/2824 1797/1/2823
f 506/1/2205 1794/1/2205 1797/1/2205
f 1797/1/2205 496/1/2205 506/1/2205
f 506/1/2204 505/1/2204 1798/1/2204
f 1798/1/2204 1794/1/2825 506/1/2204
f 505/1/2200 477/1/2200 1779/1/2201
f 1779/1/2201 1798/1/2200 505/1/2200
f 1799/1/2222 1798/1/2222 1779/1/2222
f 1779/1/2222 1781/1/2222 1799/1/2222
f 1780/1/2826 1802/1/2221 1799/1/2826
f 1799/1/2826 1781/1/2221 1780/1/2826
f 1780/1/2827 1092/1/2220 1115/1/2828
f 1115/1/2828 1802/1/2220 1780/1/2827
f 1802/1/2216 1115/1/2829 1114/1/2830
f 1114/1/2830 1800/1/2216 1802/1/2216
f 1800/1/2831 1114/1/2831 1113/1/2832
f 1113/1/2832 1801/1/2831 1800/1/2831
f 1801/1/2213 1113/1/2212 1112/1/2833
f 1112/1/2833 1804/1/2212 1801/1/2213
f 1805/1/2834 1796/1/2211 1801/1/2835
f 1801/1/2835 1804/1/2836 1805/1/2834
f 1796/1/2837 1805/1/2210 1803/1/2837
f 1803/1/2837 1797/1/2210 1796/1/2837
f 1806/1/2838 1807/1/2839 1808/1/2838
f 1808/1/2838 1809/1/2838 1806/1/2838
f 1810/1/2840 1811/1/2840 1807/1/2840
f 1807/1/2840 1806/1/2840 1810/1/2840
f 1807/1/2841 1812/1/2842 1813/1/2841
f 1813/1/2841 1808/1/2842 1807/1/2841
f 1814/1/2843 1812/1/2843 1807/1/2843
f 1807/1/2843 1811/1/2843 1814/1/2843
f 1791/1/2844 382/1/2844 404/1/2844
f 404/1/2844 1809/1/2845 1791/1/2844
f 1809/1/2846 404/1/2847 403/1/2848
f 403/1/2848 1806/1/2847 1809/1/2846
f 1810/1/2849 1806/1/2850 403/1/2850
f 403/1/2850 401/1/2851 1810/1/2849
f 1810/1/2852 401/1/2853 402/1/2854
f 402/1/2854 1815/1/2853 1810/1/2852
f 1815/1/2855 1816/1/2856 1811/1/2856
f 1811/1/2856 1810/1/2856 1815/1/2855
f 1814/1/2857 1811/1/2857 1816/1/2858
f 1816/1/2858 1817/1/2857 1814/1/2857
f 1019/1/2859 1018/1/2860 1814/1/2859
f 1814/1/2859 1817/1/2859 1019/1/2859
f 1814/1/2861 1018/1/2862 1017/1/2863
f 1017/1/2863 1812/1/2862 1814/1/2861
f 1017/1/2864 1016/1/2865 1813/1/2866
f 1813/1/2866 1812/1/2865 1017/1/2864
f 1016/1/2867 999/1/2867 1793/1/2868
f 1793/1/2868 1813/1/2867 1016/1/2867
f 1792/1/2869 1808/1/2870 1813/1/2871
f 1813/1/2871 1793/1/2872 1792/1/2869
f 1808/1/2873 1792/1/2873 1791/1/2873
f 1791/1/2873 1809/1/2873 1808/1/2873
f 1818/1/2301 1819/1/2301 1820/1/2301
f 1820/1/2301 1821/1/2301 1818/1/2301
f 1822/1/2297 1823/1/2297 1819/1/2297
f 1819/1/2297 1818/1/2297 1822/1/2297
f 1819/1/2303 1824/1/2303 1825/1/2303
f 1825/1/2303 1820/1/2303 1819/1/2303
f 1823/1/2302 1826/1/2302 1824/1/2302
f 1824/1/2302 1819/1/2302 1823/1/2302
f 1821/1/2309 1827/1/2309 517/1/2309
f 517/1/2309 516/1/2874 1821/1/2309
f 526/1/2307 1818/1/2307 1821/1/2307
f 1821/1/2307 516/1/2307 526/1/2307
f 526/1/2875 525/1/2305 1822/1/2875
f 1822/1/2875 1818/1/2875 526/1/2875
f 525/1/2304 497/1/2304 1803/1/2304
f 1803/1/2304 1822/1/2304 525/1/2304
f 1823/1/2876 1822/1/2326 1803/1/2877
f 1803/1/2877 1805/1/2326 1823/1/2876
f 1804/1/2325 1826/1/2325 1823/1/2325
f 1823/1/2325 1805/1/2325 1804/1/2325
f 1804/1/2878 1112/1/2324 1135/1/2324
f 1135/1/2324 1826/1/2324 1804/1/2878
f 1826/1/2323 1135/1/2323 1134/1/2323
f 1134/1/2323 1824/1/2879 1826/1/2323
f 1824/1/2321 1134/1/2321 1133/1/2880
f 1133/1/2880 1825/1/2321 1824/1/2321
f 1825/1/2319 1133/1/2318 1132/1/2319
f 1132/1/2319 1828/1/2881 1825/1/2319
f 1829/1/2314 1820/1/2314 1825/1/2314
f 1825/1/2314 1828/1/2314 1829/1/2314
f 1820/1/2312 1829/1/2312 1827/1/2312
f 1827/1/2312 1821/1/2312 1820/1/2312
f 1830/1/2882 1831/1/2882 1832/1/2882
f 1832/1/2882 1833/1/2882 1830/1/2882
f 1834/1/2883 1835/1/2883 1831/1/2883
f 1831/1/2883 1830/1/2883 1834/1/2883
f 1831/1/2884 1836/1/2884 1837/1/2884
f 1837/1/2884 1832/1/2884 1831/1/2884
f 1838/1/2885 1836/1/2885 1831/1/2885
f 1831/1/2885 1835/1/2885 1838/1/2885
f 1815/1/2886 402/1/2887 424/1/2886
f 424/1/2886 1833/1/2886 1815/1/2886
f 1833/1/2888 424/1/2888 423/1/2888
f 423/1/2888 1830/1/2888 1833/1/2888
f 1834/1/2889 1830/1/2889 423/1/2889
f 423/1/2889 421/1/2889 1834/1/2889
f 1834/1/2890 421/1/2891 422/1/2891
f 422/1/2891 1839/1/2890 1834/1/2890
f 1839/1/2892 1840/1/2893 1835/1/2892
f 1835/1/2892 1834/1/2892 1839/1/2892
f 1838/1/2894 1835/1/2894 1840/1/2894
f 1840/1/2894 1841/1/2894 1838/1/2894
f 1039/1/2895 1038/1/2896 1838/1/2896
f 1838/1/2896 1841/1/2897 1039/1/2895
f 1838/1/2898 1038/1/2898 1037/1/2899
f 1037/1/2899 1836/1/2898 1838/1/2898
f 1037/1/2900 1036/1/2900 1837/1/2900
f 1837/1/2900 1836/1/2901 1037/1/2900
f 1036/1/2902 1019/1/2902 1817/1/2903
f 1817/1/2903 1837/1/2902 1036/1/2902
f 1816/1/2904 1832/1/2904 1837/1/2904
f 1837/1/2904 1817/1/2905 1816/1/2904
f 1832/1/2906 1816/1/2906 1815/1/2906
f 1815/1/2906 1833/1/2906 1832/1/2906
f 1842/1/2907 1843/1/2360 1844/1/2908
f 1844/1/2908 1845/1/2360 1842/1/2907
f 1846/1/2909 1847/1/2910 1843/1/2359
f 1843/1/2359 1842/1/2359 1846/1/2909
f 1843/1/2365 1848/1/2365 1849/1/2911
f 1849/1/2911 1844/1/2365 1843/1/2365
f 1847/1/2912 1850/1/2363 1848/1/2913
f 1848/1/2913 1843/1/2364 1847/1/2912
f 1845/1/2373 1851/1/2373 537/1/2914
f 537/1/2914 536/1/2373 1845/1/2373
f 546/1/2370 1842/1/2370 1845/1/2370
f 1845/1/2370 536/1/2370 546/1/2370
f 546/1/2368 545/1/2368 1846/1/2915
f 1846/1/2915 1842/1/2368 546/1/2368
f 545/1/2916 517/1/2917 1827/1/2366
f 1827/1/2366 1846/1/2366 545/1/2916
f 1847/1/2393 1846/1/2393 1827/1/2393
f 1827/1/2393 1829/1/2393 1847/1/2393
f 1828/1/2390 1850/1/2390 1847/1/2390
f 1847/1/2390 1829/1/2390 1828/1/2390
f 1828/1/2918 1132/1/2388 1155/1/2388
f 1155/1/2388 1850/1/2919 1828/1/2918
f 1850/1/2387 1155/1/2920 1154/1/2387
f 1154/1/2387 1848/1/2387 1850/1/2387
f 1848/1/2384 1154/1/2384 1153/1/2384
f 1153/1/2384 1849/1/2384 1848/1/2384
f 1849/1/2382 1153/1/2382 1152/1/2382
f 1152/1/2382 1852/1/2382 1849/1/2382
f 1853/1/2921 1844/1/2922 1849/1/2923
f 1849/1/2923 1852/1/2924 1853/1/2921
f 1844/1/2925 1853/1/2926 1851/1/2927
f 1851/1/2927 1845/1/2376 1844/1/2925
f 1854/1/2928 1855/1/2928 1856/1/2928
f 1856/1/2928 1857/1/2928 1854/1/2928
f 1858/1/2929 1859/1/1940 1855/1/1940
f 1855/1/1940 1854/1/1940 1858/1/2929
f 1855/1/1943 1860/1/1943 1861/1/1943
f 1861/1/1943 1856/1/1943 1855/1/1943
f 1862/1/2930 1860/1/1942 1855/1/2930
f 1855/1/2930 1859/1/2931 1862/1/2930
f 1839/1/2932 422/1/2932 444/1/1950
f 444/1/1950 1857/1/1950 1839/1/2932
f 1857/1/1949 444/1/1949 443/1/1949
f 443/1/1949 1854/1/1949 1857/1/1949
f 1858/1/1947 1854/1/1947 443/1/1947
f 443/1/1947 441/1/2933 1858/1/1947
f 1858/1/1946 441/1/1946 442/1/1946
f 442/1/1946 1863/1/1946 1858/1/1946
f 1863/1/1968 1864/1/1968 1859/1/2934
f 1859/1/2934 1858/1/1968 1863/1/1968
f 1862/1/2935 1859/1/2936 1864/1/1966
f 1864/1/1966 1865/1/1966 1862/1/2935
f 1059/1/2937 1058/1/2938 1862/1/2939
f 1862/1/2939 1865/1/2939 1059/1/2937
f 1862/1/1959 1058/1/1959 1057/1/1959
f 1057/1/1959 1860/1/1959 1862/1/1959
f 1057/1/2940 1056/1/1957 1861/1/1957
f 1861/1/1957 1860/1/1957 1057/1/2940
f 1056/1/1955 1039/1/1955 1841/1/1955
f 1841/1/1955 1861/1/1955 1056/1/1955
f 1840/1/1953 1856/1/1953 1861/1/1953
f 1861/1/1953 1841/1/1953 1840/1/1953
f 1839/1/1951 1857/1/1952 1856/1/1951
f 1856/1/1951 1840/1/1951 1839/1/1951
f 1866/1/2941 1867/1/2942 1868/1/2943
f 1868/1/2943 1869/1/2941 1866/1/2941
f 1870/1/2448 1871/1/2944 1867/1/2448
f 1867/1/2448 1866/1/2448 1870/1/2448
f 1867/1/2457 1872/1/2457 1873/1/2945
f 1873/1/2945 1868/1/2946 1867/1/2457
f 1871/1/2454 1874/1/2947 1872/1/2454
f 1872/1/2454 1867/1/2454 1871/1/2454
f 1869/1/2471 1875/1/2471 557/1/2471
f 557/1/2471 556/1/2471 1869/1/2471
f 566/1/2948 1866/1/2467 1869/1/2948
f 1869/1/2948 556/1/2948 566/1/2948
f 566/1/2463 565/1/2463 1870/1/2949
f 1870/1/2949 1866/1/2463 566/1/2463
f 565/1/2950 537/1/2460 1851/1/2950
f 1851/1/2950 1870/1/2950 565/1/2950
f 1871/1/2951 1870/1/2486 1851/1/2486
f 1851/1/2486 1853/1/2952 1871/1/2951
f 1852/1/2485 1874/1/2953 1871/1/2485
f 1871/1/2485 1853/1/2485 1852/1/2485
f 1852/1/2954 1152/1/2484 1175/1/2954
f 1175/1/2954 1874/1/2954 1852/1/2954
f 1874/1/2480 1175/1/2955 1174/1/2480
f 1174/1/2480 1872/1/2480 1874/1/2480
f 1872/1/2478 1174/1/2478 1173/1/2478
f 1173/1/2478 1873/1/2478 1872/1/2478
f 1873/1/2477 1173/1/2477 1172/1/2477
f 1172/1/2477 1876/1/2477 1873/1/2477
f 1877/1/2476 1868/1/2956 1873/1/2476
f 1873/1/2476 1876/1/2476 1877/1/2476
f 1868/1/2473 1877/1/2473 1875/1/2473
f 1875/1/2473 1869/1/2473 1868/1/2473
f 1878/1/2957 1879/1/2958 1880/1/2957
f 1880/1/2957 1881/1/2957 1878/1/2957
f 1882/1/2959 1883/1/2959 1879/1/2959
f 1879/1/2959 1878/1/2960 1882/1/2959
f 1879/1/2961 1884/1/2961 1885/1/2961
f 1885/1/2961 1880/1/2961 1879/1/2961
f 1886/1/2962 1884/1/2962 1879/1/2962
f 1879/1/2962 1883/1/2962 1886/1/2962
f 1863/1/2963 442/1/2964 464/1/2965
f 464/1/2965 1881/1/2966 1863/1/2963
f 1881/1/2967 464/1/2968 463/1/2967
f 463/1/2967 1878/1/2968 1881/1/2967
f 1882/1/2969 1878/1/2969 463/1/2970
f 463/1/2970 461/1/2969 1882/1/2969
f 1882/1/2971 461/1/2971 462/1/2971
f 462/1/2971 1887/1/2971 1882/1/2971
f 1887/1/2972 1888/1/2973 1883/1/2973
f 1883/1/2973 1882/1/2973 1887/1/2972
f 1886/1/2974 1883/1/2974 1888/1/2975
f 1888/1/2975 1889/1/2975 1886/1/2974
f 1079/1/2976 1078/1/2977 1886/1/2977
f 1886/1/2977 1889/1/2977 1079/1/2976
f 1886/1/2978 1078/1/2978 1077/1/2978
f 1077/1/2978 1884/1/2979 1886/1/2978
f 1077/1/2980 1076/1/2980 1885/1/2981
f 1885/1/2981 1884/1/2980 1077/1/2980
f 1076/1/2982 1059/1/2982 1865/1/2983
f 1865/1/2983 1885/1/2982 1076/1/2982
f 1864/1/2984 1880/1/2984 1885/1/2985
f 1885/1/2985 1865/1/2984 1864/1/2984
f 1863/1/2986 1881/1/2986 1880/1/2987
f 1880/1/2987 1864/1/2986 1863/1/2986
f 1890/1/2510 1891/1/2510 1892/1/2510
f 1892/1/2510 1893/1/2510 1890/1/2510
f 1894/1/2988 1895/1/2989 1891/1/2988
f 1891/1/2988 1890/1/2988 1894/1/2988
f 1891/1/2515 1896/1/2515 1897/1/2515
f 1897/1/2515 1892/1/2515 1891/1/2515
f 1895/1/2990 1898/1/2514 1896/1/2990
f 1896/1/2990 1891/1/2990 1895/1/2990
f 1893/1/2520 1899/1/2991 577/1/2992
f 577/1/2992 576/1/2520 1893/1/2520
f 586/1/2519 1890/1/2519 1893/1/2993
f 1893/1/2993 576/1/2994 586/1/2519
f 586/1/2518 585/1/2995 1894/1/2995
f 1894/1/2995 1890/1/2518 586/1/2518
f 585/1/2516 557/1/2996 1875/1/2516
f 1875/1/2516 1894/1/2516 585/1/2516
f 1895/1/2533 1894/1/2997 1875/1/2533
f 1875/1/2533 1877/1/2533 1895/1/2533
f 1876/1/2532 1898/1/2532 1895/1/2532
f 1895/1/2532 1877/1/2532 1876/1/2532
f 1876/1/2530 1172/1/2530 1195/1/2530
f 1195/1/2530 1898/1/2530 1876/1/2530
f 1898/1/2998 1195/1/2998 1194/1/2998
f 1194/1/2998 1896/1/2998 1898/1/2998
f 1896/1/2526 1194/1/2526 1193/1/2999
f 1193/1/2999 1897/1/2526 1896/1/2526
f 1897/1/3000 1193/1/2525 1192/1/3001
f 1192/1/3001 1900/1/3000 1897/1/3000
f 1897/1/2522 1900/1/2524 1901/1/2522
f 1901/1/2522 1892/1/2524 1897/1/2522
f 1892/1/2521 1901/1/3002 1899/1/2521
f 1899/1/2521 1893/1/2521 1892/1/2521
f 1902/1/3003 1903/1/3003 1904/1/3003
f 1904/1/3003 1905/1/3003 1902/1/3003
f 1906/1/3004 1907/1/3004 1903/1/3004
f 1903/1/3004 1902/1/3005 1906/1/3004
f 1903/1/3006 1908/1/3006 1909/1/3006
f 1909/1/3006 1904/1/3006 1903/1/3006
f 1910/1/3007 1908/1/3008 1903/1/3007
f 1903/1/3007 1907/1/3007 1910/1/3007
f 1887/1/3009 462/1/3009 484/1/3009
f 484/1/3009 1905/1/3009 1887/1/3009
f 1905/1/3010 484/1/3010 483/1/3010
f 483/1/3010 1902/1/3010 1905/1/3010
f 1906/1/3011 1902/1/3012 483/1/3013
f 483/1/3013 481/1/3011 1906/1/3011
f 1906/1/3014 481/1/3014 482/1/3014
f 482/1/3014 1911/1/3014 1906/1/3014
f 1911/1/3015 1912/1/3015 1907/1/3015
f 1907/1/3015 1906/1/3015 1911/1/3015
f 1910/1/3016 1907/1/3016 1912/1/3016
f 1912/1/3016 1913/1/3016 1910/1/3016
f 1099/1/3017 1098/1/3017 1910/1/3018
f 1910/1/3018 1913/1/3017 1099/1/3017
f 1910/1/3019 1098/1/3020 1097/1/3019
f 1097/1/3019 1908/1/3021 1910/1/3019
f 1097/1/3022 1096/1/3023 1909/1/3022
f 1909/1/3022 1908/1/3022 1097/1/3022
f 1096/1/3024 1079/1/3024 1889/1/3024
f 1889/1/3024 1909/1/3024 1096/1/3024
f 1888/1/3025 1904/1/3025 1909/1/3025
f 1909/1/3025 1889/1/3025 1888/1/3025
f 1904/1/3026 1888/1/3026 1887/1/3026
f 1887/1/3026 1905/1/3026 1904/1/3026
f 1914/1/3027 1915/1/2549 1916/1/3028
f 1916/1/3028 1917/1/2550 1914/1/3027
f 1918/1/2548 1919/1/2548 1915/1/2548
f 1915/1/2548 1914/1/2548 1918/1/2548
f 1915/1/3029 1920/1/2553 1921/1/2553
f 1921/1/2553 1916/1/2553 1915/1/3029
f 1919/1/2551 1922/1/2551 1920/1/2551
f 1920/1/2551 1915/1/2551 1919/1/2551
f 1917/1/2562 1923/1/2562 597/1/2562
f 597/1/2562 596/1/2562 1917/1/2562
f 606/1/2561 1914/1/2559 1917/1/2559
f 1917/1/2559 596/1/2559 606/1/2561
f 606/1/2556 605/1/2558 1918/1/3030
f 1918/1/3030 1914/1/2557 606/1/2556
f 605/1/3031 577/1/3032 1899/1/3033
f 1899/1/3033 1918/1/2554 605/1/3031
f 1919/1/2579 1918/1/2578 1899/1/2579
f 1899/1/2579 1901/1/2579 1919/1/2579
f 1900/1/3034 1922/1/3035 1919/1/2576
f 1919/1/2576 1901/1/2576 1900/1/3034
f 1900/1/2574 1192/1/2574 1215/1/2574
f 1215/1/2574 1922/1/2574 1900/1/2574
f 1922/1/2573 1215/1/2573 1214/1/3036
f 1214/1/3036 1920/1/2573 1922/1/2573
f 1920/1/3037 1214/1/3037 1213/1/3038
f 1213/1/3038 1921/1/3039 1920/1/3037
f 1921/1/2568 1213/1/2568 1212/1/3040
f 1212/1/3040 1924/1/2568 1921/1/2568
f 1921/1/3041 1924/1/2565 1925/1/3041
f 1925/1/3041 1916/1/2565 1921/1/3041
f 1916/1/2564 1925/1/2564 1923/1/2564
f 1923/1/2564 1917/1/2564 1916/1/2564
f 1926/1/3042 1927/1/3043 1928/1/3044
f 1928/1/3044 1929/1/3045 1926/1/3042
f 1930/1/3046 1931/1/3047 1927/1/3048
f 1927/1/3048 1926/1/3049 1930/1/3046
f 1927/1/3050 1932/1/3051 1933/1/3052
f 1933/1/3052 1928/1/3053 1927/1/3050
f 1934/1/3054 1932/1/3055 1927/1/3055
f 1927/1/3055 1931/1/3055 1934/1/3054
f 1911/1/3056 482/1/3056 504/1/3057
f 504/1/3057 1929/1/3056 1911/1/3056
f 1929/1/3058 504/1/3059 503/1/3060
f 503/1/3060 1926/1/3060 1929/1/3058
f 1930/1/3061 1926/1/3061 503/1/3061
f 503/1/3061 501/1/3061 1930/1/3061
f 1930/1/3062 501/1/3062 502/1/3062
f 502/1/3062 1935/1/3062 1930/1/3062
f 1935/1/3063 1936/1/3063 1931/1/3063
f 1931/1/3063 1930/1/3063 1935/1/3063
f 1934/1/3064 1931/1/3064 1936/1/3064
f 1936/1/3064 1937/1/3064 1934/1/3064
f 1119/1/3065 1118/1/3065 1934/1/3065
f 1934/1/3065 1937/1/3065 1119/1/3065
f 1934/1/3066 1118/1/3066 1117/1/3067
f 1117/1/3067 1932/1/3066 1934/1/3066
f 1117/1/3068 1116/1/3069 1933/1/3070
f 1933/1/3070 1932/1/3071 1117/1/3068
f 1116/1/3072 1099/1/3073 1913/1/3073
f 1913/1/3073 1933/1/3074 1116/1/3072
f 1912/1/3075 1928/1/3076 1933/1/3077
f 1933/1/3077 1913/1/3078 1912/1/3075
f 1911/1/3079 1929/1/3080 1928/1/3081
f 1928/1/3081 1912/1/3080 1911/1/3079
f 1938/1/2599 1939/1/2599 1940/1/2599
f 1940/1/2599 1941/1/2599 1938/1/2599
f 1942/1/2597 1943/1/2598 1939/1/3082
f 1939/1/3082 1938/1/2598 1942/1/2597
f 1939/1/2603 1944/1/2603 1945/1/2603
f 1945/1/2603 1940/1/2603 1939/1/2603
f 1943/1/2600 1946/1/2601 1944/1/3083
f 1944/1/3083 1939/1/2601 1943/1/2600
f 1941/1/3084 1947/1/3085 617/1/3086
f 617/1/3086 616/1/3087 1941/1/3084
f 626/1/3088 1938/1/2608 1941/1/3089
f 1941/1/3089 616/1/3090 626/1/3088
f 626/1/2607 625/1/2607 1942/1/2607
f 1942/1/2607 1938/1/2607 626/1/2607
f 625/1/2604 597/1/2604 1923/1/2604
f 1923/1/2604 1942/1/2604 625/1/2604
f 1943/1/3091 1942/1/2625 1923/1/3092
f 1923/1/3092 1925/1/2625 1943/1/3091
f 1924/1/3093 1946/1/2623 1943/1/2623
f 1943/1/2623 1925/1/2623 1924/1/3093
f 1924/1/2622 1212/1/3094 1235/1/3094
f 1235/1/3094 1946/1/3094 1924/1/2622
f 1946/1/2620 1235/1/2620 1234/1/2620
f 1234/1/2620 1944/1/2620 1946/1/2620
f 1944/1/2616 1234/1/2616 1233/1/2616
f 1233/1/2616 1945/1/2616 1944/1/2616
f 1945/1/3095 1233/1/2615 1232/1/3096
f 1232/1/3096 1948/1/3097 1945/1/3095
f 1949/1/3098 1940/1/2614 1945/1/3098
f 1945/1/3098 1948/1/3099 1949/1/3098
f 1940/1/2611 1949/1/2611 1947/1/2611
f 1947/1/2611 1941/1/2611 1940/1/2611
f 1950/1/3100 1951/1/3100 1952/1/3100
f 1952/1/3100 1953/1/3100 1950/1/3100
f 1954/1/3101 1955/1/3101 1951/1/3101
f 1951/1/3101 1950/1/3101 1954/1/3101
f 1951/1/3102 1956/1/3103 1957/1/3102
f 1957/1/3102 1952/1/3104 1951/1/3102
f 1958/1/3105 1956/1/3105 1951/1/3105
f 1951/1/3105 1955/1/3105 1958/1/3105
f 1935/1/3106 502/1/3107 524/1/3108
f 524/1/3108 1953/1/3109 1935/1/3106
f 1953/1/3110 524/1/3110 523/1/3111
f 523/1/3111 1950/1/3110 1953/1/3110
f 1954/1/3112 1950/1/3113 523/1/3113
f 523/1/3113 521/1/3114 1954/1/3112
f 1954/1/3115 521/1/3115 522/1/3116
f 522/1/3116 1959/1/3117 1954/1/3115
f 1959/1/3118 1960/1/3118 1955/1/3118
f 1955/1/3118 1954/1/3118 1959/1/3118
f 1958/1/3119 1955/1/3119 1960/1/3119
f 1960/1/3119 1961/1/3119 1958/1/3119
f 1139/1/3120 1138/1/3120 1958/1/3121
f 1958/1/3121 1961/1/3120 1139/1/3120
f 1958/1/3122 1138/1/3123 1137/1/3124
f 1137/1/3124 1956/1/3125 1958/1/3122
f 1137/1/3126 1136/1/3126 1957/1/3126
f 1957/1/3126 1956/1/3126 1137/1/3126
f 1136/1/3127 1119/1/3127 1937/1/3128
f 1937/1/3128 1957/1/3127 1136/1/3127
f 1936/1/3129 1952/1/3130 1957/1/3130
f 1957/1/3130 1937/1/3130 1936/1/3129
f 1935/1/3131 1953/1/3131 1952/1/3131
f 1952/1/3131 1936/1/3131 1935/1/3131
f 1962/1/3132 1963/1/2645 1964/1/3132
f 1964/1/3132 1965/1/3132 1962/1/3132
f 1966/1/2642 1967/1/2642 1963/1/2642
f 1963/1/2642 1962/1/2642 1966/1/2642
f 1963/1/3133 1968/1/3134 1969/1/3133
f 1969/1/3133 1964/1/2648 1963/1/3133
f 1967/1/3135 1970/1/3136 1968/1/3136
f 1968/1/3136 1963/1/2647 1967/1/3135
f 1965/1/3137 1971/1/2654 637/1/3137
f 637/1/3137 636/1/2654 1965/1/3137
f 646/1/2653 1962/1/2653 1965/1/3138
f 1965/1/3138 636/1/3138 646/1/2653
f 646/1/2652 645/1/3139 1966/1/2652
f 1966/1/2652 1962/1/2652 646/1/2652
f 645/1/2650 617/1/2650 1947/1/3140
f 1947/1/3140 1966/1/2650 645/1/2650
f 1967/1/2665 1966/1/2665 1947/1/2665
f 1947/1/2665 1949/1/2665 1967/1/2665
f 1948/1/2663 1970/1/2664 1967/1/2664
f 1967/1/2664 1949/1/2663 1948/1/2663
f 1948/1/3141 1232/1/2662 1255/1/2662
f 1255/1/2662 1970/1/2662 1948/1/3141
f 1970/1/3142 1255/1/3142 1254/1/2661
f 1254/1/2661 1968/1/2661 1970/1/3142
f 1968/1/3143 1254/1/3144 1253/1/3145
f 1253/1/3145 1969/1/3145 1968/1/3143
f 1969/1/2657 1253/1/2657 1252/1/2657
f 1252/1/2657 1972/1/2657 1969/1/2657
f 1973/1/2656 1964/1/2656 1969/1/2656
f 1969/1/2656 1972/1/2656 1973/1/2656
f 1964/1/2655 1973/1/2655 1971/1/2655
f 1971/1/2655 1965/1/2655 1964/1/2655
f 1974/1/3146 1975/1/3146 1976/1/3146
f 1976/1/3146 1977/1/3146 1974/1/3146
f 1978/1/3147 1979/1/3147 1975/1/3147
f 1975/1/3147 1974/1/3147 1978/1/3147
f 1975/1/3148 1980/1/3149 1981/1/3148
f 1981/1/3148 1976/1/3149 1975/1/3148
f 1982/1/3150 1980/1/3151 1975/1/3151
f 1975/1/3151 1979/1/3151 1982/1/3150
f 1959/1/3152 522/1/3152 544/1/3152
f 544/1/3152 1977/1/3152 1959/1/3152
f 1977/1/3153 544/1/3153 543/1/3153
f 543/1/3153 1974/1/3153 1977/1/3153
f 1978/1/3154 1974/1/3154 543/1/3154
f 543/1/3154 541/1/3154 1978/1/3154
f 1978/1/3155 541/1/3155 542/1/3156
f 542/1/3156 1983/1/3155 1978/1/3155
f 1983/1/3157 1984/1/3157 1979/1/3157
f 1979/1/3157 1978/1/3157 1983/1/3157
f 1982/1/3158 1979/1/3159 1984/1/3159
f 1984/1/3159 1985/1/3159 1982/1/3158
f 1159/1/3160 1158/1/3160 1982/1/3160
f 1982/1/3160 1985/1/3160 1159/1/3160
f 1982/1/3161 1158/1/3161 1157/1/3161
f 1157/1/3161 1980/1/3161 1982/1/3161
f 1157/1/3162 1156/1/3162 1981/1/3162
f 1981/1/3162 1980/1/3162 1157/1/3162
f 1156/1/3163 1139/1/3163 1961/1/3163
f 1961/1/3163 1981/1/3163 1156/1/3163
f 1960/1/3164 1976/1/3164 1981/1/3164
f 1981/1/3164 1961/1/3164 1960/1/3164
f 1976/1/3165 1960/1/3166 1959/1/3167
f 1959/1/3167 1977/1/3167 1976/1/3165
f 1986/1/2681 1987/1/2681 1988/1/2681
f 1988/1/2681 1989/1/2681 1986/1/2681
f 1990/1/3168 1991/1/3169 1987/1/3169
f 1987/1/3169 1986/1/3168 1990/1/3168
f 1987/1/2685 1992/1/2687 1993/1/3170
f 1993/1/3170 1988/1/3171 1987/1/2685
f 1991/1/3172 1994/1/2683 1992/1/2683
f 1992/1/2683 1987/1/2683 1991/1/3172
f 1989/1/3173 1995/1/2698 657/1/3174
f 657/1/3174 656/1/3173 1989/1/3173
f 666/1/2695 1986/1/2695 1989/1/2695
f 1989/1/2695 656/1/2695 666/1/2695
f 666/1/2691 665/1/2691 1990/1/2691
f 1990/1/2691 1986/1/2691 666/1/2691
f 665/1/2689 637/1/3175 1971/1/3176
f 1971/1/3176 1990/1/2690 665/1/2689
f 1991/1/3177 1990/1/3178 1971/1/3177
f 1971/1/3177 1973/1/2713 1991/1/3177
f 1972/1/2710 1994/1/2710 1991/1/3179
f 1991/1/3179 1973/1/2710 1972/1/2710
f 1972/1/2709 1252/1/2709 1275/1/3180
f 1275/1/3180 1994/1/2709 1972/1/2709
f 1994/1/2707 1275/1/2707 1274/1/3181
f 1274/1/3181 1992/1/2707 1994/1/2707
f 1992/1/2706 1274/1/2706 1273/1/2706
f 1273/1/2706 1993/1/2706 1992/1/2706
f 1993/1/2704 1273/1/2704 1272/1/2704
f 1272/1/2704 1996/1/2704 1993/1/2704
f 1993/1/3182 1996/1/2703 1997/1/3183
f 1997/1/3183 1988/1/3184 1993/1/3182
f 1988/1/3185 1997/1/2700 1995/1/3185
f 1995/1/3185 1989/1/2699 1988/1/3185
f 1998/1/2959 1999/1/2959 2000/1/2959
f 2000/1/2959 2001/1/2959 1998/1/2959
f 2002/1/3186 2003/1/3187 1999/1/3187
f 1999/1/3187 1998/1/3187 2002/1/3186
f 1999/1/2962 2004/1/2962 2005/1/2962
f 2005/1/2962 2000/1/3188 1999/1/2962
f 1999/1/2961 2003/1/2961 2006/1/3189
f 2006/1/3189 2004/1/2961 1999/1/2961
f 2001/1/2971 2007/1/2971 133/1/3190
f 133/1/3190 132/1/2971 2001/1/2971
f 2001/1/3191 132/1/3191 146/1/3191
f 146/1/3191 1998/1/3191 2001/1/3191
f 144/1/2968 2002/1/2968 1998/1/2967
f 1998/1/2967 146/1/3192 144/1/2968
f 1401/1/3193 2002/1/3194 144/1/3193
f 144/1/3193 145/1/2964 1401/1/3193
f 2002/1/2986 1401/1/2986 1406/1/2986
f 1406/1/2986 2003/1/2986 2002/1/2986
f 2003/1/2984 1406/1/2984 1405/1/2984
f 1405/1/2984 2006/1/2984 2003/1/2984
f 111/1/2982 110/1/2982 2006/1/3195
f 2006/1/3195 1405/1/2982 111/1/2982
f 2006/1/3196 110/1/2980 109/1/2980
f 109/1/2980 2004/1/2980 2006/1/3196
f 2005/1/3197 2004/1/2978 109/1/3198
f 109/1/3198 108/1/3199 2005/1/3197
f 108/1/3200 107/1/3200 2008/1/3200
f 2008/1/3200 2005/1/3200 108/1/3200
f 2000/1/2974 2005/1/2974 2008/1/2974
f 2008/1/2974 2009/1/2975 2000/1/2974
f 2000/1/2973 2009/1/2973 2007/1/2973
f 2007/1/2973 2001/1/2973 2000/1/2973
f 2010/1/1975 2011/1/1975 2012/1/1975
f 2012/1/1975 2013/1/1975 2010/1/1975
f 2014/1/3201 2015/1/3201 2011/1/3201
f 2011/1/3201 2010/1/3201 2014/1/3201
f 2011/1/1978 2016/1/1978 2017/1/1978
f 2017/1/1978 2012/1/1978 2011/1/1978
f 2018/1/1976 2016/1/1977 2011/1/1976
f 2011/1/1976 2015/1/1976 2018/1/1976
f 1983/1/1987 542/1/1987 564/1/1987
f 564/1/1987 2013/1/1987 1983/1/1987
f 2013/1/1983 564/1/3202 563/1/1983
f 563/1/1983 2010/1/1983 2013/1/1983
f 2014/1/1982 2010/1/1982 563/1/3203
f 563/1/3203 561/1/1982 2014/1/1982
f 2019/1/3204 2014/1/1981 561/1/1981
f 561/1/1981 562/1/1981 2019/1/3204
f 2019/1/1997 2020/1/1997 2015/1/1997
f 2015/1/1997 2014/1/1997 2019/1/1997
f 2018/1/1995 2015/1/1995 2020/1/3205
f 2020/1/3205 2021/1/3205 2018/1/1995
f 2018/1/3206 2021/1/1994 1179/1/1994
f 1179/1/1994 1178/1/3207 2018/1/3206
f 2018/1/3208 1178/1/1992 1177/1/3209
f 1177/1/3209 2016/1/3209 2018/1/3208
f 1177/1/3210 1176/1/1991 2017/1/1991
f 2017/1/1991 2016/1/1991 1177/1/3210
f 1176/1/1990 1159/1/1990 1985/1/3211
f 1985/1/3211 2017/1/1990 1176/1/1990
f 1985/1/1989 1984/1/1989 2012/1/3212
f 2012/1/3212 2017/1/1989 1985/1/1989
f 1983/1/1988 2013/1/1988 2012/1/1988
f 2012/1/1988 1984/1/1988 1983/1/1988
f 2022/1/2738 2023/1/3213 2024/1/3214
f 2024/1/3214 2025/1/2738 2022/1/2738
f 2026/1/3215 2027/1/2734 2023/1/3216
f 2023/1/3216 2022/1/2734 2026/1/3215
f 2023/1/3217 2028/1/3218 2029/1/3219
f 2029/1/3219 2024/1/3220 2023/1/3217
f 2027/1/2742 2030/1/2742 2028/1/2742
f 2028/1/2742 2023/1/2742 2027/1/2742
f 2025/1/3221 2031/1/2754 677/1/3222
f 677/1/3222 676/1/3223 2025/1/3221
f 686/1/3224 2022/1/2751 2025/1/2751
f 2025/1/2751 676/1/2751 686/1/3224
f 686/1/2748 685/1/2748 2026/1/2748
f 2026/1/2748 2022/1/2748 686/1/2748
f 685/1/2747 657/1/2747 1995/1/2747
f 1995/1/2747 2026/1/2747 685/1/2747
f 2027/1/3225 2026/1/3226 1995/1/3227
f 1995/1/3227 1997/1/2776 2027/1/3225
f 1996/1/2774 2030/1/2774 2027/1/2773
f 2027/1/2773 1997/1/3228 1996/1/2774
f 1996/1/2772 1272/1/2772 1295/1/2772
f 1295/1/2772 2030/1/2772 1996/1/2772
f 2030/1/2767 1295/1/2767 1294/1/3229
f 1294/1/3229 2028/1/3230 2030/1/2767
f 2028/1/3231 1294/1/2763 1293/1/3231
f 1293/1/3231 2029/1/2763 2028/1/3231
f 1293/1/3232 1292/1/2761 2032/1/3233
f 2032/1/3233 2029/1/3234 1293/1/3232
f 2024/1/2759 2029/1/2759 2032/1/3235
f 2032/1/3235 2033/1/2759 2024/1/2759
f 2025/1/2757 2024/1/2757 2033/1/2757
f 2033/1/2757 2031/1/2756 2025/1/2757
f 2034/1/3236 2035/1/3237 2036/1/3237
f 2036/1/3237 2037/1/3005 2034/1/3236
f 2038/1/3238 2039/1/3003 2035/1/3239
f 2035/1/3239 2034/1/3003 2038/1/3238
f 2035/1/3240 2040/1/3007 2041/1/3240
f 2041/1/3240 2036/1/3007 2035/1/3240
f 2035/1/3006 2039/1/3006 2042/1/3241
f 2042/1/3241 2040/1/3006 2035/1/3006
f 157/1/3014 156/1/3014 2037/1/3014
f 2037/1/3014 2043/1/3014 157/1/3014
f 2037/1/3242 156/1/3011 166/1/3242
f 166/1/3242 2034/1/3242 2037/1/3242
f 166/1/3010 165/1/3010 2038/1/3010
f 2038/1/3010 2034/1/3243 166/1/3010
f 2038/1/3009 165/1/3009 133/1/3009
f 133/1/3009 2007/1/3009 2038/1/3009
f 2009/1/3026 2039/1/3026 2038/1/3026
f 2038/1/3026 2007/1/3026 2009/1/3026
f 2008/1/3025 2042/1/3025 2039/1/3025
f 2039/1/3025 2009/1/3025 2008/1/3025
f 107/1/3024 775/1/3024 2042/1/3024
f 2042/1/3024 2008/1/3024 107/1/3024
f 2042/1/3022 775/1/3244 774/1/3022
f 774/1/3022 2040/1/3022 2042/1/3022
f 2041/1/3245 2040/1/3245 774/1/3246
f 774/1/3246 771/1/3245 2041/1/3245
f 771/1/3247 773/1/3248 2044/1/3247
f 2044/1/3247 2041/1/3248 771/1/3247
f 2036/1/3249 2041/1/3250 2044/1/3250
f 2044/1/3250 2045/1/3016 2036/1/3249
f 2036/1/3251 2045/1/3015 2043/1/3252
f 2043/1/3252 2037/1/3253 2036/1/3251
f 2046/1/3254 2047/1/3254 2048/1/3254
f 2048/1/3254 2049/1/3254 2046/1/3254
f 2050/1/2049 2051/1/2049 2047/1/2049
f 2047/1/2049 2046/1/2049 2050/1/2049
f 2047/1/3255 2052/1/3255 2053/1/3256
f 2053/1/3256 2048/1/3257 2047/1/3255
f 2054/1/3258 2052/1/2054 2047/1/3258
f 2047/1/3258 2051/1/2054 2054/1/3258
f 2019/1/3259 562/1/3260 584/1/3260
f 584/1/3260 2049/1/3260 2019/1/3259
f 2049/1/2060 584/1/2060 583/1/2060
f 583/1/2060 2046/1/2060 2049/1/2060
f 2050/1/2059 2046/1/2059 583/1/2059
f 583/1/2059 581/1/2059 2050/1/2059
f 2055/1/3261 2050/1/2058 581/1/2058
f 581/1/2058 582/1/3262 2055/1/3261
f 2055/1/3263 2056/1/2073 2051/1/2073
f 2051/1/2073 2050/1/3264 2055/1/3263
f 2054/1/2072 2051/1/2072 2056/1/3265
f 2056/1/3265 2057/1/3265 2054/1/2072
f 2054/1/2070 2057/1/2070 1199/1/2070
f 1199/1/2070 1198/1/2070 2054/1/2070
f 2054/1/3266 1198/1/2069 1197/1/3266
f 1197/1/3266 2052/1/3267 2054/1/3266
f 1197/1/3268 1196/1/2068 2053/1/2068
f 2053/1/2068 2052/1/3268 1197/1/3268
f 1196/1/2065 1179/1/2065 2021/1/2065
f 2021/1/2065 2053/1/2065 1196/1/2065
f 2048/1/3269 2053/1/3270 2021/1/3271
f 2021/1/3271 2020/1/2064 2048/1/3269
f 2049/1/2063 2048/1/2063 2020/1/2063
f 2020/1/2063 2019/1/2063 2049/1/2063
f 2058/1/2788 2059/1/2788 2060/1/3272
f 2060/1/3272 2061/1/2788 2058/1/2788
f 2062/1/2787 2063/1/2787 2059/1/2787
f 2059/1/2787 2058/1/2787 2062/1/2787
f 2059/1/2794 2064/1/2794 2065/1/2794
f 2065/1/2794 2060/1/2794 2059/1/2794
f 2063/1/2790 2066/1/2790 2064/1/2790
f 2064/1/2790 2059/1/2790 2063/1/2790
f 2061/1/2803 2067/1/2803 697/1/2803
f 697/1/2803 696/1/2803 2061/1/2803
f 706/1/3273 2058/1/3273 2061/1/3274
f 2061/1/3274 696/1/2801 706/1/3273
f 706/1/3275 705/1/2799 2062/1/3275
f 2062/1/3275 2058/1/2799 706/1/3275
f 705/1/3276 677/1/2796 2031/1/2796
f 2031/1/2796 2062/1/3277 705/1/3276
f 2062/1/3278 2031/1/3279 2033/1/3278
f 2033/1/3278 2063/1/3280 2062/1/3278
f 2032/1/2816 2066/1/2816 2063/1/2816
f 2063/1/2816 2033/1/2816 2032/1/2816
f 1315/1/2814 2066/1/2815 2032/1/2814
f 2032/1/2814 1292/1/2814 1315/1/2814
f 2066/1/2812 1315/1/2812 1314/1/2812
f 1314/1/2812 2064/1/2812 2066/1/2812
f 2064/1/2811 1314/1/2811 1313/1/2811
f 1313/1/2811 2065/1/2811 2064/1/2811
f 1313/1/3281 1312/1/2809 2068/1/2809
f 2068/1/2809 2065/1/2809 1313/1/3281
f 2060/1/2808 2065/1/3282 2068/1/2808
f 2068/1/2808 2069/1/2808 2060/1/2808
f 2061/1/2804 2060/1/2804 2069/1/2804
f 2069/1/2804 2067/1/2804 2061/1/2804
f 2070/1/3048 2071/1/3047 2072/1/3048
f 2072/1/3048 2073/1/3283 2070/1/3048
f 2074/1/3284 2075/1/3285 2071/1/3284
f 2071/1/3284 2070/1/3286 2074/1/3284
f 2071/1/3055 2076/1/3055 2077/1/3055
f 2077/1/3055 2072/1/3055 2071/1/3055
f 2071/1/3287 2075/1/3288 2078/1/3288
f 2078/1/3288 2076/1/3289 2071/1/3287
f 2073/1/3290 2079/1/3291 177/1/3292
f 177/1/3292 176/1/3062 2073/1/3290
f 2073/1/3061 176/1/3061 186/1/3061
f 186/1/3061 2070/1/3061 2073/1/3061
f 2070/1/3293 186/1/3293 185/1/3294
f 185/1/3294 2074/1/3293 2070/1/3293
f 185/1/3295 157/1/3296 2043/1/3295
f 2043/1/3295 2074/1/3296 185/1/3295
f 2045/1/3080 2075/1/3297 2074/1/3079
f 2074/1/3079 2043/1/3080 2045/1/3080
f 2044/1/3078 2078/1/3298 2075/1/3078
f 2075/1/3078 2045/1/3078 2044/1/3078
f 795/1/3299 2078/1/3073 2044/1/3073
f 2044/1/3073 773/1/3073 795/1/3299
f 2078/1/3300 795/1/3301 794/1/3302
f 794/1/3302 2076/1/3068 2078/1/3300
f 2077/1/3066 2076/1/3066 794/1/3066
f 794/1/3066 793/1/3066 2077/1/3066
f 793/1/3065 792/1/3303 2080/1/3065
f 2080/1/3065 2077/1/3065 793/1/3065
f 2072/1/3064 2077/1/3064 2080/1/3064
f 2080/1/3064 2081/1/3064 2072/1/3064
f 2072/1/3063 2081/1/3063 2079/1/3063
f 2079/1/3063 2073/1/3063 2072/1/3063
f 2082/1/3304 2083/1/2129 2084/1/2129
f 2084/1/2129 2085/1/3304 2082/1/3304
f 2086/1/2127 2087/1/2127 2083/1/2127
f 2083/1/2127 2082/1/2127 2086/1/2127
f 2083/1/2134 2088/1/2134 2089/1/2134
f 2089/1/2134 2084/1/2134 2083/1/2134
f 2090/1/2133 2088/1/2131 2083/1/2133
f 2083/1/2133 2087/1/2133 2090/1/2133
f 2055/1/2143 582/1/3305 604/1/2143
f 604/1/2143 2085/1/2143 2055/1/2143
f 2085/1/2141 604/1/2141 603/1/2141
f 603/1/2141 2082/1/2141 2085/1/2141
f 2086/1/2137 2082/1/2137 603/1/3306
f 603/1/3306 601/1/2138 2086/1/2137
f 2091/1/2135 2086/1/2135 601/1/2135
f 601/1/2135 602/1/3307 2091/1/2135
f 2091/1/2163 2092/1/2163 2087/1/2163
f 2087/1/2163 2086/1/2163 2091/1/2163
f 2090/1/2160 2087/1/2160 2092/1/2160
f 2092/1/2160 2093/1/2160 2090/1/2160
f 2090/1/2158 2093/1/2158 1219/1/2158
f 1219/1/2158 1218/1/2158 2090/1/2158
f 2090/1/3308 1218/1/3308 1217/1/3308
f 1217/1/3308 2088/1/3308 2090/1/3308
f 1217/1/3309 1216/1/3310 2089/1/3311
f 2089/1/3311 2088/1/3312 1217/1/3309
f 1216/1/2151 1199/1/2151 2057/1/2151
f 2057/1/2151 2089/1/2151 1216/1/2151
f 2084/1/3313 2089/1/3314 2057/1/3313
f 2057/1/3313 2056/1/3315 2084/1/3313
f 2085/1/3316 2084/1/2145 2056/1/3317
f 2056/1/3317 2055/1/2144 2085/1/3316
f 2094/1/3318 2095/1/2840 2096/1/2840
f 2096/1/2840 2097/1/2840 2094/1/3318
f 2098/1/2838 2099/1/2838 2095/1/2838
f 2095/1/2838 2094/1/2838 2098/1/2838
f 2095/1/2843 2100/1/2843 2101/1/2843
f 2101/1/2843 2096/1/2843 2095/1/2843
f 2099/1/2842 2102/1/2842 2100/1/2842
f 2100/1/2842 2095/1/2842 2099/1/2842
f 2097/1/3319 2103/1/3319 717/1/3319
f 717/1/3319 716/1/2854 2097/1/3319
f 726/1/2850 2094/1/3320 2097/1/2850
f 2097/1/2850 716/1/2850 726/1/2850
f 726/1/2847 725/1/2847 2098/1/2847
f 2098/1/2847 2094/1/2847 726/1/2847
f 725/1/2844 697/1/2844 2067/1/3321
f 2067/1/3321 2098/1/2844 725/1/2844
f 2098/1/2873 2067/1/2873 2069/1/2873
f 2069/1/2873 2099/1/2873 2098/1/2873
f 2068/1/2872 2102/1/2872 2099/1/2872
f 2099/1/2872 2069/1/2872 2068/1/2872
f 1335/1/2867 2102/1/2867 2068/1/2867
f 2068/1/2867 1312/1/2867 1335/1/2867
f 2102/1/2865 1335/1/2865 1334/1/2864
f 1334/1/2864 2100/1/2864 2102/1/2865
f 2100/1/2862 1334/1/2863 1333/1/2862
f 1333/1/2862 2101/1/2862 2100/1/2862
f 1333/1/3322 1332/1/2860 2104/1/3323
f 2104/1/3323 2101/1/3322 1333/1/3322
f 2096/1/3324 2101/1/2857 2104/1/2857
f 2104/1/2857 2105/1/2857 2096/1/3324
f 2097/1/2856 2096/1/2856 2105/1/2856
f 2105/1/2856 2103/1/2856 2097/1/2856
f 2106/1/3101 2107/1/3101 2108/1/3101
f 2108/1/3101 2109/1/3325 2106/1/3101
f 2110/1/3100 2111/1/3100 2107/1/3100
f 2107/1/3100 2106/1/3100 2110/1/3100
f 2107/1/3105 2112/1/3105 2113/1/3105
f 2113/1/3105 2108/1/3105 2107/1/3105
f 2107/1/3104 2111/1/3104 2114/1/3104
f 2114/1/3104 2112/1/3104 2107/1/3104
f 2109/1/3326 2115/1/3327 197/1/3327
f 197/1/3327 196/1/3327 2109/1/3326
f 2109/1/3113 196/1/3113 206/1/3113
f 206/1/3113 2106/1/3113 2109/1/3113
f 2110/1/3328 2106/1/3110 206/1/3110
f 206/1/3110 205/1/3110 2110/1/3328
f 205/1/3109 177/1/3109 2079/1/3109
f 2079/1/3109 2110/1/3109 205/1/3109
f 2081/1/3131 2111/1/3131 2110/1/3131
f 2110/1/3131 2079/1/3131 2081/1/3131
f 2080/1/3130 2114/1/3130 2111/1/3130
f 2111/1/3130 2081/1/3130 2080/1/3130
f 815/1/3329 2114/1/3127 2080/1/3329
f 2080/1/3329 792/1/3330 815/1/3329
f 2114/1/3331 815/1/3331 814/1/3332
f 814/1/3332 2112/1/3331 2114/1/3331
f 814/1/3125 813/1/3333 2113/1/3125
f 2113/1/3125 2112/1/3125 814/1/3125
f 813/1/3120 812/1/3120 2116/1/3120
f 2116/1/3120 2113/1/3120 813/1/3120
f 2108/1/3119 2113/1/3119 2116/1/3119
f 2116/1/3119 2117/1/3119 2108/1/3119
f 2108/1/3118 2117/1/3118 2115/1/3118
f 2115/1/3118 2109/1/3334 2108/1/3118
f 2118/1/3335 2119/1/2226 2120/1/2226
f 2120/1/2226 2121/1/2226 2118/1/3335
f 2122/1/2224 2123/1/2224 2119/1/2224
f 2119/1/2224 2118/1/2224 2122/1/2224
f 2119/1/2229 2124/1/2229 2125/1/2228
f 2125/1/2228 2120/1/2228 2119/1/2229
f 2126/1/3336 2124/1/2227 2119/1/2227
f 2119/1/2227 2123/1/2227 2126/1/3336
f 2091/1/2239 602/1/2239 624/1/2239
f 624/1/2239 2121/1/2239 2091/1/2239
f 2121/1/2235 624/1/2235 623/1/2235
f 623/1/2235 2118/1/2235 2121/1/2235
f 2122/1/2233 2118/1/2233 623/1/2233
f 623/1/2233 621/1/2233 2122/1/2233
f 621/1/2231 622/1/2230 1386/1/2231
f 1386/1/2231 2122/1/2231 621/1/2231
f 1391/1/3337 2123/1/3337 2122/1/3338
f 2122/1/3338 1386/1/3337 1391/1/3337
f 2126/1/3339 2123/1/2256 1391/1/2256
f 1391/1/2256 1390/1/2256 2126/1/3339
f 2126/1/2251 1390/1/2252 1239/1/3340
f 1239/1/3340 1238/1/3340 2126/1/2251
f 2126/1/3341 1238/1/2250 1237/1/3342
f 1237/1/3342 2124/1/3343 2126/1/3341
f 1237/1/2248 1236/1/2248 2125/1/3344
f 2125/1/3344 2124/1/2249 1237/1/2248
f 1236/1/2247 1219/1/2247 2093/1/2247
f 2093/1/2247 2125/1/2247 1236/1/2247
f 2120/1/2244 2125/1/2244 2093/1/2244
f 2093/1/2244 2092/1/2244 2120/1/2244
f 2121/1/2242 2120/1/2241 2092/1/2241
f 2092/1/2241 2091/1/2241 2121/1/2242
f 2127/1/3345 2128/1/2883 2129/1/3346
f 2129/1/3346 2130/1/2883 2127/1/3345
f 2131/1/2882 2132/1/2882 2128/1/2882
f 2128/1/2882 2127/1/2882 2131/1/2882
f 2128/1/3347 2133/1/2885 2134/1/2885
f 2134/1/2885 2129/1/3348 2128/1/3347
f 2132/1/2884 2135/1/3349 2133/1/3350
f 2133/1/3350 2128/1/2884 2132/1/2884
f 2130/1/2891 1402/1/2891 737/1/2891
f 737/1/2891 736/1/2891 2130/1/2891
f 746/1/2889 2127/1/2889 2130/1/2889
f 2130/1/2889 736/1/2889 746/1/2889
f 746/1/3351 745/1/3352 2131/1/3353
f 2131/1/3353 2127/1/2888 746/1/3351
f 745/1/3354 717/1/3355 2103/1/3356
f 2103/1/3356 2131/1/3356 745/1/3354
f 2131/1/3357 2103/1/3358 2105/1/3359
f 2105/1/3359 2132/1/2906 2131/1/3357
f 2104/1/3360 2135/1/2904 2132/1/2904
f 2132/1/2904 2105/1/2904 2104/1/3360
f 1355/1/2902 2135/1/2902 2104/1/2902
f 2104/1/2902 1332/1/2902 1355/1/2902
f 2135/1/2900 1355/1/2900 1354/1/3361
f 1354/1/3361 2133/1/2900 2135/1/2900
f 2133/1/3362 1354/1/3363 1353/1/3362
f 1353/1/3362 2134/1/3364 2133/1/3362
f 1353/1/2895 1352/1/2896 1404/1/2896
f 1404/1/2896 2134/1/3365 1353/1/2895
f 2134/1/3366 1404/1/2894 1403/1/3367
f 1403/1/3367 2129/1/3368 2134/1/3366
f 2130/1/2892 2129/1/2892 1403/1/2892
f 1403/1/2892 1402/1/3369 2130/1/2892
f 2136/1/3147 2137/1/3147 2138/1/3147
f 2138/1/3147 2139/1/3147 2136/1/3147
f 2140/1/3146 2141/1/3146 2137/1/3370
f 2137/1/3370 2136/1/3146 2140/1/3146
f 2137/1/3151 2142/1/3151 2143/1/3151
f 2143/1/3151 2138/1/3151 2137/1/3151
f 2137/1/3371 2141/1/3372 2144/1/3372
f 2144/1/3372 2142/1/3373 2137/1/3371
f 2139/1/3155 1417/1/3155 217/1/3155
f 217/1/3155 216/1/3155 2139/1/3155
f 2139/1/3154 216/1/3154 226/1/3154
f 226/1/3154 2136/1/3154 2139/1/3154
f 2140/1/3153 2136/1/3153 226/1/3374
f 226/1/3374 225/1/3375 2140/1/3153
f 225/1/3152 197/1/3152 2115/1/3376
f 2115/1/3376 2140/1/3152 225/1/3152
f 2117/1/3167 2141/1/3167 2140/1/3166
f 2140/1/3166 2115/1/3377 2117/1/3167
f 2116/1/3378 2144/1/3164 2141/1/3379
f 2141/1/3379 2117/1/3378 2116/1/3378
f 835/1/3163 2144/1/3163 2116/1/3163
f 2116/1/3163 812/1/3163 835/1/3163
f 2144/1/3380 835/1/3381 834/1/3382
f 834/1/3382 2142/1/3383 2144/1/3380
f 834/1/3161 833/1/3161 2143/1/3161
f 2143/1/3161 2142/1/3384 834/1/3161
f 833/1/3160 832/1/3160 1419/1/3160
f 1419/1/3160 2143/1/3160 833/1/3160
f 1419/1/3159 1418/1/3159 2138/1/3159
f 2138/1/3159 2143/1/3159 1419/1/3159
f 2139/1/3157 2138/1/3157 1418/1/3385
f 1418/1/3385 1417/1/3157 2139/1/3157
f 2145/1/3386 2146/1/3387 2147/1/3388
f 2147/1/3388 2148/1/3387 2149/1/3389
f 2145/1/3386 2147/1/3388 2149/1/3389
f 2149/1/3389 2150/1/3390 2151/1/3388
f 2151/1/3388 2152/1/3387 2153/1/3391
f 2149/1/3389 2151/1/3388 2153/1/3391
f 2145/1/3386 2149/1/3389 2153/1/3391
f 2153/1/3391 2154/1/3387 2155/1/3392
f 2155/1/3392 2156/1/3393 2157/1/3394
f 2153/1/3391 2155/1/3392 2157/1/3394
f 2157/1/3394 2158/1/3387 2159/1/3395
f 2159/1/3395 2160/1/3387 2161/1/3394
f 2157/1/3394 2159/1/3395 2161/1/3394
f 2153/1/3391 2157/1/3394 2161/1/3394
f 2161/1/3394 2162/1/3387 2163/1/3396
f 2163/1/3396 2164/1/3396 2165/1/3387
f 2161/1/3394 2163/1/3396 2165/1/3387
f 2165/1/3387 2166/1/3390 2167/1/3387
f 2167/1/3387 2168/1/3387 2169/1/3397
f 2165/1/3387 2167/1/3387 2169/1/3397
f 2161/1/3394 2165/1/3387 2169/1/3397
f 2153/1/3391 2161/1/3394 2169/1/3397
f 2145/1/3386 2153/1/3391 2169/1/3397
f 2170/1/3387 2171/1/3387 2172/1/3398
f 2169/1/3397 2170/1/3387 2172/1/3398
f 2169/1/3397 2172/1/3398 2173/1/3387
f 2145/1/3386 2169/1/3397 2173/1/3387
f 2174/1/3386 2145/1/3386 2173/1/3387
f 2174/1/3386 2173/1/3387 2175/1/3387
f 2174/1/3386 2175/1/3387 2176/1/3387
f 2177/1/3399 2178/1/3400 2179/1/3401
f 2179/1/3401 2180/1/3402 2177/1/3399
f 2163/1/3403 2181/1/3404 2182/1/3405
f 2182/1/3405 2164/1/3406 2163/1/3403
f 2183/1/3407 2145/1/3408 2174/1/3407
f 2174/1/3407 2184/1/3409 2183/1/3407
f 2149/1/3410 2185/1/3411 2186/1/3412
f 2186/1/3412 2150/1/3413 2149/1/3410
f 2162/1/3414 2187/1/3415 2181/1/3416
f 2181/1/3416 2163/1/3417 2162/1/3414
f 2184/1/3418 2174/1/3419 2176/1/3418
f 2176/1/3418 2188/1/3420 2184/1/3418
f 2148/1/3421 2189/1/3422 2185/1/3423
f 2185/1/3423 2149/1/3421 2148/1/3421
f 2161/1/3424 2190/1/3425 2187/1/3424
f 2187/1/3424 2162/1/3426 2161/1/3424
f 2188/1/3427 2176/1/3428 2175/1/3429
f 2175/1/3429 2191/1/3430 2188/1/3427
f 2147/1/3431 2192/1/3432 2189/1/3433
f 2189/1/3433 2148/1/3434 2147/1/3431
f 2160/1/3435 2193/1/3435 2190/1/3435
f 2190/1/3435 2161/1/3435 2160/1/3435
f 2175/1/3436 2173/1/3437 2194/1/3436
f 2194/1/3436 2191/1/3436 2175/1/3436
f 2146/1/3438 2195/1/3439 2192/1/3438
f 2192/1/3438 2147/1/3440 2146/1/3438
f 2159/1/3441 2196/1/3442 2193/1/3441
f 2193/1/3441 2160/1/3443 2159/1/3441
f 2172/1/3444 2197/1/3445 2194/1/3446
f 2194/1/3446 2173/1/3445 2172/1/3444
f 2146/1/3447 2145/1/3447 2183/1/3447
f 2183/1/3447 2195/1/3447 2146/1/3447
f 2158/1/3448 2198/1/3449 2196/1/3448
f 2196/1/3448 2159/1/3448 2158/1/3448
f 2199/1/3450 2197/1/3451 2172/1/3452
f 2172/1/3452 2171/1/3453 2199/1/3450
f 2157/1/3454 2200/1/3454 2198/1/3455
f 2198/1/3455 2158/1/3456 2157/1/3454
f 2170/1/3457 2201/1/3458 2199/1/3459
f 2199/1/3459 2171/1/3460 2170/1/3457
f 2156/1/3461 2202/1/3462 2200/1/3463
f 2200/1/3463 2157/1/3463 2156/1/3461
f 2180/1/3464 2201/1/3465 2170/1/3466
f 2170/1/3466 2169/1/3467 2180/1/3464
f 2155/1/3468 2203/1/3469 2202/1/3470
f 2202/1/3470 2156/1/3469 2155/1/3468
f 2180/1/3471 2169/1/3472 2168/1/3473
f 2168/1/3473 2177/1/3471 2180/1/3471
f 2154/1/3474 2204/1/3475 2203/1/3476
f 2203/1/3476 2155/1/3477 2154/1/3474
f 2168/1/3478 2167/1/3479 2205/1/3480
f 2205/1/3480 2177/1/3481 2168/1/3478
f 2153/1/3482 2206/1/3483 2204/1/3484
f 2204/1/3484 2154/1/3485 2153/1/3482
f 2166/1/3486 2207/1/3487 2205/1/3488
f 2205/1/3488 2167/1/3489 2166/1/3486
f 2152/1/3490 2208/1/3491 2206/1/3492
f 2206/1/3492 2153/1/3493 2152/1/3490
f 2165/1/3494 2209/1/3494 2207/1/3494
f 2207/1/3494 2166/1/3494 2165/1/3494
f 2151/1/3495 2210/1/3496 2208/1/3497
f 2208/1/3497 2152/1/3498 2151/1/3495
f 2164/1/3499 2182/1/3500 2209/1/3501
f 2209/1/3501 2165/1/3502 2164/1/3499
f 2150/1/3503 2186/1/3504 2210/1/3503
f 2210/1/3503 2151/1/3503 2150/1/3503
f 2211/1/3505 2212/1/3506 2213/1/3507
f 2213/1/3507 2214/1/3508 2211/1/3505
f 2204/1/3509 2215/1/3510 2216/1/3510
f 2216/1/3510 2203/1/3511 2204/1/3509
f 2205/1/3512 2217/1/3512 2178/1/3512
f 2178/1/3512 2177/1/3513 2205/1/3512
f 2206/1/3514 2218/1/3515 2215/1/3515
f 2215/1/3515 2204/1/3514 2206/1/3514
f 2207/1/3516 2214/1/3516 2217/1/3516
f 2217/1/3516 2205/1/3516 2207/1/3516
f 2208/1/3517 2219/1/3518 2218/1/3519
f 2218/1/3519 2206/1/3519 2208/1/3517
f 2209/1/3520 2211/1/3521 2214/1/3522
f 2214/1/3522 2207/1/3523 2209/1/3520
f 2210/1/3524 2220/1/3525 2219/1/3526
f 2219/1/3526 2208/1/3527 2210/1/3524
f 2182/1/3528 2221/1/3529 2211/1/3530
f 2211/1/3530 2209/1/3531 2182/1/3528
f 2186/1/3532 2222/1/3532 2220/1/3532
f 2220/1/3532 2210/1/3533 2186/1/3532
f 2181/1/3534 2223/1/3535 2221/1/3534
f 2221/1/3534 2182/1/3536 2181/1/3534
f 2184/1/3537 2224/1/3538 2225/1/3539
f 2225/1/3539 2183/1/3540 2184/1/3537
f 2185/1/3541 2226/1/3542 2222/1/3543
f 2222/1/3543 2186/1/3544 2185/1/3541
f 2187/1/3545 2227/1/3546 2223/1/3547
f 2223/1/3547 2181/1/3548 2187/1/3545
f 2188/1/3549 2228/1/3550 2224/1/3551
f 2224/1/3551 2184/1/3552 2188/1/3549
f 2189/1/3553 2229/1/3554 2226/1/3555
f 2226/1/3555 2185/1/3556 2189/1/3553
f 2190/1/3557 2230/1/3558 2227/1/3557
f 2227/1/3557 2187/1/3557 2190/1/3557
f 2191/1/3559 2231/1/3560 2228/1/3561
f 2228/1/3561 2188/1/3562 2191/1/3559
f 2192/1/3563 2232/1/3564 2229/1/3563
f 2229/1/3563 2189/1/3564 2192/1/3563
f 2193/1/3565 2233/1/3566 2230/1/3565
f 2230/1/3565 2190/1/3565 2193/1/3565
f 2194/1/3567 2234/1/3568 2231/1/3569
f 2231/1/3569 2191/1/3570 2194/1/3567
f 2195/1/3571 2235/1/3572 2232/1/3573
f 2232/1/3573 2192/1/3574 2195/1/3571
f 2196/1/3575 2236/1/3576 2233/1/3577
f 2233/1/3577 2193/1/3578 2196/1/3575
f 2197/1/3579 2237/1/3580 2234/1/3581
f 2234/1/3581 2194/1/3582 2197/1/3579
f 2195/1/3583 2183/1/3584 2225/1/3585
f 2225/1/3585 2235/1/3586 2195/1/3583
f 2198/1/3587 2238/1/3588 2236/1/3588
f 2236/1/3588 2196/1/3587 2198/1/3587
f 2199/1/3589 2239/1/3590 2237/1/3591
f 2237/1/3591 2197/1/3589 2199/1/3589
f 2200/1/3592 2240/1/3593 2238/1/3593
f 2238/1/3593 2198/1/3594 2200/1/3592
f 2201/1/3595 2241/1/3595 2239/1/3595
f 2239/1/3595 2199/1/3596 2201/1/3595
f 2202/1/3597 2242/1/3597 2240/1/3598
f 2240/1/3598 2200/1/3599 2202/1/3597
f 2180/1/3600 2179/1/3601 2241/1/3602
f 2241/1/3602 2201/1/3600 2180/1/3600
f 2203/1/3603 2216/1/3603 2242/1/3603
f 2242/1/3603 2202/1/3603 2203/1/3603
f 2243/1/3604 2244/1/3605 2245/1/3606
f 2245/1/3606 2246/1/3607 2243/1/3604
f 2220/1/3608 2247/1/3609 2248/1/3610
f 2248/1/3610 2219/1/3610 2220/1/3608
f 2221/1/3611 2249/1/3611 2212/1/3612
f 2212/1/3612 2211/1/3613 2221/1/3611
f 2222/1/3614 2250/1/3615 2247/1/3616
f 2247/1/3616 2220/1/3616 2222/1/3614
f 2223/1/3617 2243/1/3618 2249/1/3619
f 2249/1/3619 2221/1/3619 2223/1/3617
f 2224/1/3620 2251/1/3621 2252/1/3621
f 2252/1/3621 2225/1/3622 2224/1/3620
f 2226/1/3623 2253/1/3624 2250/1/3625
f 2250/1/3625 2222/1/3626 2226/1/3623
f 2227/1/3627 2244/1/3628 2243/1/3627
f 2243/1/3627 2223/1/3629 2227/1/3627
f 2228/1/3630 2254/1/3631 2251/1/3632
f 2251/1/3632 2224/1/3632 2228/1/3630
f 2229/1/3633 2255/1/3633 2253/1/3634
f 2253/1/3634 2226/1/3635 2229/1/3633
f 2230/1/3636 2256/1/3637 2244/1/3638
f 2244/1/3638 2227/1/3639 2230/1/3636
f 2231/1/3640 2257/1/3640 2254/1/3641
f 2254/1/3641 2228/1/3640 2231/1/3640
f 2232/1/3642 2258/1/3643 2255/1/3644
f 2255/1/3644 2229/1/3643 2232/1/3642
f 2233/1/3645 2259/1/3645 2256/1/3646
f 2256/1/3646 2230/1/3647 2233/1/3645
f 2234/1/3648 2260/1/3649 2257/1/3649
f 2257/1/3649 2231/1/3650 2234/1/3648
f 2235/1/3651 2261/1/3651 2258/1/3651
f 2258/1/3651 2232/1/3651 2235/1/3651
f 2236/1/3652 2262/1/3653 2259/1/3652
f 2259/1/3652 2233/1/3652 2236/1/3652
f 2237/1/3654 2263/1/3654 2260/1/3655
f 2260/1/3655 2234/1/3655 2237/1/3654
f 2235/1/3656 2225/1/3657 2252/1/3658
f 2252/1/3658 2261/1/3659 2235/1/3656
f 2238/1/3660 2264/1/3660 2262/1/3661
f 2262/1/3661 2236/1/3660 2238/1/3660
f 2239/1/3662 2265/1/3662 2263/1/3662
f 2263/1/3662 2237/1/3663 2239/1/3662
f 2240/1/3664 2266/1/3665 2264/1/3666
f 2264/1/3666 2238/1/3667 2240/1/3664
f 2241/1/3668 2267/1/3669 2265/1/3670
f 2265/1/3670 2239/1/3671 2241/1/3668
f 2242/1/3672 2268/1/3673 2266/1/3674
f 2266/1/3674 2240/1/3673 2242/1/3672
f 2179/1/3675 2269/1/3675 2267/1/3676
f 2267/1/3676 2241/1/3677 2179/1/3675
f 2216/1/3678 2270/1/3679 2268/1/3680
f 2268/1/3680 2242/1/3680 2216/1/3678
f 2178/1/3681 2271/1/3682 2269/1/3683
f 2269/1/3683 2179/1/3684 2178/1/3681
f 2215/1/3685 2272/1/3686 2270/1/3687
f 2270/1/3687 2216/1/3687 2215/1/3685
f 2217/1/3688 2273/1/3689 2271/1/3690
f 2271/1/3690 2178/1/3691 2217/1/3688
f 2218/1/3692 2274/1/3693 2272/1/3694
f 2272/1/3694 2215/1/3694 2218/1/3692
f 2214/1/3695 2213/1/3695 2273/1/3695
f 2273/1/3695 2217/1/3695 2214/1/3695
f 2219/1/3696 2248/1/3696 2274/1/3697
f 2274/1/3697 2218/1/3696 2219/1/3696
f 2275/1/3698 2276/1/3699 2277/1/3700
f 2277/1/3700 2278/1/3701 2275/1/3698
f 2254/1/3702 2279/1/3703 2280/1/3704
f 2280/1/3704 2251/1/3705 2254/1/3702
f 2281/1/3706 2282/1/3707 2253/1/3708
f 2253/1/3708 2255/1/3709 2281/1/3706
f 2244/1/3710 2256/1/3424 2283/1/3710
f 2283/1/3710 2245/1/3710 2244/1/3710
f 2257/1/3711 2284/1/3712 2279/1/3713
f 2279/1/3713 2254/1/3714 2257/1/3711
f 2255/1/3715 2258/1/3716 2285/1/3715
f 2285/1/3715 2281/1/3717 2255/1/3715
f 2256/1/3718 2259/1/3719 2278/1/3720
f 2278/1/3720 2283/1/3718 2256/1/3718
f 2260/1/3721 2286/1/3722 2284/1/3721
f 2284/1/3721 2257/1/3723 2260/1/3721
f 2258/1/3438 2261/1/3724 2287/1/3725
f 2287/1/3725 2285/1/3726 2258/1/3438
f 2259/1/3727 2262/1/3728 2275/1/3727
f 2275/1/3727 2278/1/3729 2259/1/3727
f 2263/1/3730 2288/1/3731 2286/1/3730
f 2286/1/3730 2260/1/3732 2263/1/3730
f 2287/1/3733 2261/1/3734 2252/1/3735
f 2252/1/3735 2289/1/3736 2287/1/3733
f 2262/1/3737 2264/1/3738 2290/1/3739
f 2290/1/3739 2275/1/3448 2262/1/3737
f 2265/1/3740 2291/1/3741 2288/1/3742
f 2288/1/3742 2263/1/3743 2265/1/3740
f 2292/1/3744 2290/1/3456 2264/1/3744
f 2264/1/3744 2266/1/3745 2292/1/3744
f 2267/1/3746 2293/1/3747 2291/1/3748
f 2291/1/3748 2265/1/3749 2267/1/3746
f 2266/1/3750 2268/1/3751 2294/1/3752
f 2294/1/3752 2292/1/3753 2266/1/3750
f 2267/1/3754 2269/1/3754 2295/1/3754
f 2295/1/3754 2293/1/3754 2267/1/3754
f 2268/1/3755 2270/1/3756 2296/1/3757
f 2296/1/3757 2294/1/3758 2268/1/3755
f 2269/1/3759 2271/1/3759 2297/1/3759
f 2297/1/3759 2295/1/3759 2269/1/3759
f 2298/1/3760 2296/1/3761 2270/1/3762
f 2270/1/3762 2272/1/3763 2298/1/3760
f 2297/1/3764 2271/1/3765 2273/1/3766
f 2273/1/3766 2299/1/3767 2297/1/3764
f 2272/1/3483 2274/1/3483 2300/1/3483
f 2300/1/3483 2298/1/3483 2272/1/3483
f 2273/1/3768 2213/1/3769 2301/1/3770
f 2301/1/3770 2299/1/3771 2273/1/3768
f 2274/1/3772 2248/1/3772 2302/1/3773
f 2302/1/3773 2300/1/3774 2274/1/3772
f 2301/1/3775 2213/1/3776 2212/1/3777
f 2212/1/3777 2303/1/3778 2301/1/3775
f 2304/1/3779 2302/1/3780 2248/1/3781
f 2248/1/3781 2247/1/3782 2304/1/3779
f 2303/1/3783 2212/1/3783 2249/1/3784
f 2249/1/3784 2305/1/3784 2303/1/3783
f 2247/1/3785 2250/1/3786 2306/1/3785
f 2306/1/3785 2304/1/3787 2247/1/3785
f 2246/1/3788 2305/1/3789 2249/1/3790
f 2249/1/3790 2243/1/3791 2246/1/3788
f 2251/1/3792 2280/1/3793 2289/1/3792
f 2289/1/3792 2252/1/3794 2251/1/3792
f 2250/1/3412 2253/1/3795 2282/1/3796
f 2282/1/3796 2306/1/3797 2250/1/3412
f 2307/1/3798 2308/1/3799 2309/1/3800
f 2309/1/3800 2310/1/3801 2307/1/3798
f 2288/1/3802 2311/1/3803 2312/1/3804
f 2312/1/3804 2286/1/3805 2288/1/3802
f 2313/1/3806 2287/1/3807 2289/1/3808
f 2289/1/3808 2314/1/3806 2313/1/3806
f 2276/1/3809 2275/1/3810 2290/1/3811
f 2290/1/3811 2315/1/3812 2276/1/3809
f 2316/1/3813 2311/1/3814 2288/1/3813
f 2288/1/3813 2291/1/3813 2316/1/3813
f 2292/1/3815 2310/1/3816 2315/1/3815
f 2315/1/3815 2290/1/3817 2292/1/3815
f 2293/1/3818 2317/1/3819 2316/1/3820
f 2316/1/3820 2291/1/3821 2293/1/3818
f 2294/1/3822 2307/1/3823 2310/1/3823
f 2310/1/3823 2292/1/3824 2294/1/3822
f 2295/1/3825 2318/1/3826 2317/1/3827
f 2317/1/3827 2293/1/3828 2295/1/3825
f 2319/1/3829 2307/1/3830 2294/1/3831
f 2294/1/3831 2296/1/3831 2319/1/3829
f 2297/1/3832 2320/1/3833 2318/1/3834
f 2318/1/3834 2295/1/3832 2297/1/3832
f 2298/1/3835 2321/1/3836 2319/1/3837
f 2319/1/3837 2296/1/3838 2298/1/3835
f 2322/1/3839 2320/1/3840 2297/1/3839
f 2297/1/3839 2299/1/3840 2322/1/3839
f 2300/1/3841 2323/1/3842 2321/1/3843
f 2321/1/3843 2298/1/3844 2300/1/3841
f 2301/1/3845 2324/1/3846 2322/1/3847
f 2322/1/3847 2299/1/3848 2301/1/3845
f 2325/1/3849 2323/1/3850 2300/1/3850
f 2300/1/3850 2302/1/3851 2325/1/3849
f 2303/1/3852 2326/1/3853 2324/1/3852
f 2324/1/3852 2301/1/3852 2303/1/3852
f 2304/1/3854 2327/1/3855 2325/1/3856
f 2325/1/3856 2302/1/3857 2304/1/3854
f 2328/1/3858 2326/1/3858 2303/1/3859
f 2303/1/3859 2305/1/3858 2328/1/3858
f 2306/1/3860 2329/1/3861 2327/1/3862
f 2327/1/3862 2304/1/3863 2306/1/3860
f 2246/1/3864 2330/1/3865 2328/1/3866
f 2328/1/3866 2305/1/3865 2246/1/3864
f 2280/1/3867 2331/1/3868 2314/1/3869
f 2314/1/3869 2289/1/3868 2280/1/3867
f 2329/1/3870 2306/1/3871 2282/1/3872
f 2282/1/3872 2332/1/3873 2329/1/3870
f 2245/1/3874 2333/1/3875 2330/1/3876
f 2330/1/3876 2246/1/3877 2245/1/3874
f 2279/1/3878 2334/1/3879 2331/1/3880
f 2331/1/3880 2280/1/3881 2279/1/3878
f 2281/1/3882 2335/1/3883 2332/1/3884
f 2332/1/3884 2282/1/3885 2281/1/3882
f 2336/1/3886 2333/1/3886 2245/1/3886
f 2245/1/3886 2283/1/3887 2336/1/3886
f 2337/1/3888 2334/1/3889 2279/1/3890
f 2279/1/3890 2284/1/3889 2337/1/3888
f 2285/1/3891 2338/1/3892 2335/1/3891
f 2335/1/3891 2281/1/3893 2285/1/3891
f 2278/1/3894 2277/1/3895 2336/1/3896
f 2336/1/3896 2283/1/3896 2278/1/3894
f 2286/1/3897 2312/1/3898 2337/1/3899
f 2337/1/3899 2284/1/3900 2286/1/3897
f 2313/1/3901 2338/1/3902 2285/1/3903
f 2285/1/3903 2287/1/3903 2313/1/3901
f 2339/1/3904 2340/1/3904 2341/1/3904
f 2341/1/3904 2342/1/3905 2339/1/3904
f 2343/1/3906 2317/1/3907 2318/1/3906
f 2318/1/3906 2344/1/3908 2343/1/3906
f 2319/1/3909 2345/1/3910 2308/1/3909
f 2308/1/3909 2307/1/3911 2319/1/3909
f 2320/1/3912 2346/1/3913 2344/1/3914
f 2344/1/3914 2318/1/3915 2320/1/3912
f 2345/1/3916 2319/1/3917 2321/1/3918
f 2321/1/3918 2341/1/3919 2345/1/3916
f 2322/1/3920 2347/1/3921 2346/1/3922
f 2346/1/3922 2320/1/3923 2322/1/3920
f 2323/1/3924 2342/1/3925 2341/1/3926
f 2341/1/3926 2321/1/3927 2323/1/3924
f 2348/1/3928 2347/1/3929 2322/1/3930
f 2322/1/3930 2324/1/3928 2348/1/3928
f 2325/1/3931 2349/1/3932 2342/1/3933
f 2342/1/3933 2323/1/3934 2325/1/3931
f 2326/1/3935 2350/1/3936 2348/1/3935
f 2348/1/3935 2324/1/3937 2326/1/3935
f 2349/1/3938 2325/1/3939 2327/1/3940
f 2327/1/3940 2351/1/3940 2349/1/3938
f 2328/1/3941 2352/1/3942 2350/1/3943
f 2350/1/3943 2326/1/3944 2328/1/3941
f 2329/1/3945 2353/1/3946 2351/1/3947
f 2351/1/3947 2327/1/3948 2329/1/3945
f 2354/1/3949 2352/1/3950 2328/1/3951
f 2328/1/3951 2330/1/3952 2354/1/3949
f 2314/1/3953 2331/1/3954 2355/1/3955
f 2355/1/3955 2356/1/3956 2314/1/3953
f 2332/1/3957 2357/1/3958 2353/1/3957
f 2353/1/3957 2329/1/3959 2332/1/3957
f 2333/1/3960 2358/1/3961 2354/1/3962
f 2354/1/3962 2330/1/3963 2333/1/3960
f 2334/1/3964 2359/1/3964 2355/1/3965
f 2355/1/3965 2331/1/3966 2334/1/3964
f 2360/1/3967 2357/1/3968 2332/1/3969
f 2332/1/3969 2335/1/3970 2360/1/3967
f 2336/1/3971 2361/1/3972 2358/1/3973
f 2358/1/3973 2333/1/3974 2336/1/3971
f 2337/1/3975 2362/1/3976 2359/1/3977
f 2359/1/3977 2334/1/3975 2337/1/3975
f 2338/1/3978 2363/1/3979 2360/1/3980
f 2360/1/3980 2335/1/3981 2338/1/3978
f 2361/1/3982 2336/1/3983 2277/1/3984
f 2277/1/3984 2364/1/3984 2361/1/3982
f 2312/1/3985 2365/1/3986 2362/1/3987
f 2362/1/3987 2337/1/3988 2312/1/3985
f 2313/1/3989 2366/1/3989 2363/1/3989
f 2363/1/3989 2338/1/3990 2313/1/3989
f 2276/1/3991 2367/1/3991 2364/1/3992
f 2364/1/3992 2277/1/3993 2276/1/3991
f 2365/1/3994 2312/1/3995 2311/1/3994
f 2311/1/3994 2368/1/3995 2365/1/3994
f 2356/1/3996 2366/1/3997 2313/1/3997
f 2313/1/3997 2314/1/3998 2356/1/3996
f 2315/1/3999 2369/1/4000 2367/1/4001
f 2367/1/4001 2276/1/4001 2315/1/3999
f 2316/1/4002 2370/1/4002 2368/1/4003
f 2368/1/4003 2311/1/4004 2316/1/4002
f 2369/1/4005 2315/1/4006 2310/1/4007
f 2310/1/4007 2309/1/4008 2369/1/4005
f 2317/1/4009 2343/1/4010 2370/1/4010
f 2370/1/4010 2316/1/4010 2317/1/4009
f 2371/1/4011 2372/1/4011 2373/1/4012
f 2373/1/4012 2374/1/4011 2371/1/4011
f 2348/1/4013 2375/1/4014 2376/1/4015
f 2376/1/4015 2347/1/4016 2348/1/4013
f 2349/1/4017 2377/1/3491 2339/1/4018
f 2339/1/4018 2342/1/4019 2349/1/4017
f 2378/1/4020 2375/1/3778 2348/1/4021
f 2348/1/4021 2350/1/4022 2378/1/4020
f 2351/1/4023 2374/1/4023 2377/1/4023
f 2377/1/4023 2349/1/4023 2351/1/4023
f 2352/1/3500 2379/1/4024 2378/1/3500
f 2378/1/3500 2350/1/4025 2352/1/3500
f 2371/1/4026 2374/1/4027 2351/1/4028
f 2351/1/4028 2353/1/4029 2371/1/4026
f 2354/1/4030 2380/1/4031 2379/1/4032
f 2379/1/4032 2352/1/4033 2354/1/4030
f 2356/1/4034 2355/1/4035 2381/1/3407
f 2381/1/3407 2382/1/3407 2356/1/4034
f 2357/1/4036 2383/1/4037 2371/1/4036
f 2371/1/4036 2353/1/4038 2357/1/4036
f 2384/1/4039 2380/1/4040 2354/1/4039
f 2354/1/4039 2358/1/4039 2384/1/4039
f 2381/1/4041 2355/1/4041 2359/1/4041
f 2359/1/4041 2385/1/4041 2381/1/4041
f 2360/1/3706 2386/1/4042 2383/1/4043
f 2383/1/4043 2357/1/3706 2360/1/3706
f 2361/1/3426 2387/1/4044 2384/1/3426
f 2384/1/3426 2358/1/4045 2361/1/3426
f 2385/1/4046 2359/1/4047 2362/1/4046
f 2362/1/4046 2388/1/3428 2385/1/4046
f 2389/1/4048 2386/1/4049 2360/1/4050
f 2360/1/4050 2363/1/4051 2389/1/4048
f 2364/1/4052 2390/1/4053 2387/1/4054
f 2387/1/4054 2361/1/4053 2364/1/4052
f 2365/1/3722 2391/1/3722 2388/1/3722
f 2388/1/3722 2362/1/3722 2365/1/3722
f 2366/1/4055 2392/1/4055 2389/1/4055
f 2389/1/4055 2363/1/4055 2366/1/4055
f 2393/1/4056 2390/1/3729 2364/1/4057
f 2364/1/4057 2367/1/4056 2393/1/4056
f 2368/1/3446 2394/1/3446 2391/1/3446
f 2391/1/3446 2365/1/3446 2368/1/3446
f 2382/1/3736 2392/1/4058 2366/1/4059
f 2366/1/4059 2356/1/3736 2382/1/3736
f 2369/1/4060 2395/1/3449 2393/1/4061
f 2393/1/4061 2367/1/4062 2369/1/4060
f 2394/1/4063 2368/1/4064 2370/1/3453
f 2370/1/3453 2396/1/4065 2394/1/4063
f 2309/1/4066 2397/1/4066 2395/1/4066
f 2395/1/4066 2369/1/4066 2309/1/4066
f 2343/1/4067 2398/1/4067 2396/1/3458
f 2396/1/3458 2370/1/3458 2343/1/4067
f 2399/1/4068 2397/1/3752 2309/1/4068
f 2309/1/4068 2308/1/3463 2399/1/4068
f 2344/1/3465 2400/1/4069 2398/1/3465
f 2398/1/3465 2343/1/4070 2344/1/3465
f 2345/1/4071 2401/1/4072 2399/1/4073
f 2399/1/4073 2308/1/4074 2345/1/4071
f 2402/1/4075 2400/1/4075 2344/1/3759
f 2344/1/3759 2346/1/4075 2402/1/4075
f 2341/1/4076 2340/1/4076 2401/1/4076
f 2401/1/4076 2345/1/4076 2341/1/4076
f 2347/1/4077 2376/1/4078 2402/1/3479
f 2402/1/3479 2346/1/4077 2347/1/4077
f 2403/1/4079 2404/1/4080 2405/1/4081
f 2405/1/4081 2406/1/4082 2403/1/4079
f 2380/1/4083 2407/1/4083 2408/1/4083
f 2408/1/4083 2379/1/4083 2380/1/4083
f 2409/1/4084 2410/1/4085 2382/1/4085
f 2382/1/4085 2381/1/4085 2409/1/4084
f 2411/1/4086 2372/1/4087 2371/1/4088
f 2371/1/4088 2383/1/4087 2411/1/4086
f 2384/1/4089 2412/1/4089 2407/1/4090
f 2407/1/4090 2380/1/4089 2384/1/4089
f 2385/1/4091 2413/1/4091 2409/1/4091
f 2409/1/4091 2381/1/4091 2385/1/4091
f 2386/1/4092 2414/1/4092 2411/1/4093
f 2411/1/4093 2383/1/4092 2386/1/4092
f 2415/1/4094 2412/1/4095 2384/1/4095
f 2384/1/4095 2387/1/4095 2415/1/4094
f 2388/1/4096 2416/1/4096 2413/1/4097
f 2413/1/4097 2385/1/4096 2388/1/4096
f 2389/1/4098 2417/1/4099 2414/1/4099
f 2414/1/4099 2386/1/4099 2389/1/4098
f 2390/1/4100 2418/1/4101 2415/1/4102
f 2415/1/4102 2387/1/4101 2390/1/4100
f 2419/1/4103 2416/1/4103 2388/1/4104
f 2388/1/4104 2391/1/4103 2419/1/4103
f 2417/1/4105 2389/1/4106 2392/1/4107
f 2392/1/4107 2420/1/4106 2417/1/4105
f 2393/1/4108 2421/1/4108 2418/1/4109
f 2418/1/4109 2390/1/4108 2393/1/4108
f 2394/1/4110 2422/1/4110 2419/1/4110
f 2419/1/4110 2391/1/4110 2394/1/4110
f 2410/1/4111 2420/1/4111 2392/1/4111
f 2392/1/4111 2382/1/4111 2410/1/4111
f 2421/1/4112 2393/1/4112 2395/1/4112
f 2395/1/4112 2423/1/4112 2421/1/4112
f 2396/1/4113 2424/1/4114 2422/1/4114
f 2422/1/4114 2394/1/4114 2396/1/4113
f 2397/1/4115 2425/1/4115 2423/1/4116
f 2423/1/4116 2395/1/4115 2397/1/4115
f 2426/1/4117 2424/1/4117 2396/1/4117
f 2396/1/4117 2398/1/4117 2426/1/4117
f 2399/1/4118 2427/1/4119 2425/1/4120
f 2425/1/4120 2397/1/4119 2399/1/4118
f 2400/1/4121 2428/1/4121 2426/1/4121
f 2426/1/4121 2398/1/4121 2400/1/4121
f 2405/1/4122 2427/1/4123 2399/1/4124
f 2399/1/4124 2401/1/4123 2405/1/4122
f 2402/1/4125 2429/1/4125 2428/1/4126
f 2428/1/4126 2400/1/4125 2402/1/4125
f 2340/1/4127 2406/1/4127 2405/1/4127
f 2405/1/4127 2401/1/4127 2340/1/4127
f 2429/1/4128 2402/1/4128 2376/1/4129
f 2376/1/4129 2430/1/4128 2429/1/4128
f 2339/1/4130 2431/1/4131 2406/1/4132
f 2406/1/4132 2340/1/4133 2339/1/4130
f 2375/1/4134 2432/1/4135 2430/1/4136
f 2430/1/4136 2376/1/4135 2375/1/4134
f 2431/1/4137 2339/1/4138 2377/1/4139
f 2377/1/4139 2433/1/4140 2431/1/4137
f 2378/1/4141 2434/1/4141 2432/1/4142
f 2432/1/4142 2375/1/4141 2378/1/4141
f 2374/1/4143 2373/1/4144 2433/1/4145
f 2433/1/4145 2377/1/4144 2374/1/4143
f 2408/1/4146 2434/1/4147 2378/1/4147
f 2378/1/4147 2379/1/4147 2408/1/4146
f 2435/1/4148 2436/1/4149 2437/1/4148
f 2437/1/4148 2438/1/4149 2435/1/4148
f 2430/1/4150 2439/1/4151 2440/1/4152
f 2440/1/4152 2429/1/4153 2430/1/4150
f 2431/1/4154 2441/1/4155 2403/1/4156
f 2403/1/4156 2406/1/4157 2431/1/4154
f 2442/1/4158 2439/1/4158 2430/1/4159
f 2430/1/4159 2432/1/4160 2442/1/4158
f 2433/1/4161 2438/1/4162 2441/1/4163
f 2441/1/4163 2431/1/4162 2433/1/4161
f 2434/1/4164 2443/1/4165 2442/1/4166
f 2442/1/4166 2432/1/4166 2434/1/4164
f 2438/1/4167 2433/1/4168 2373/1/4169
f 2373/1/4169 2435/1/4170 2438/1/4167
f 2408/1/4171 2444/1/4172 2443/1/4172
f 2443/1/4172 2434/1/4173 2408/1/4171
f 2372/1/4174 2445/1/4175 2435/1/4175
f 2435/1/4175 2373/1/4175 2372/1/4174
f 2444/1/4176 2408/1/4177 2407/1/4178
f 2407/1/4178 2446/1/4177 2444/1/4176
f 2410/1/4179 2409/1/4180 2447/1/4181
f 2447/1/4181 2448/1/4182 2410/1/4179
f 2411/1/4183 2449/1/4184 2445/1/4185
f 2445/1/4185 2372/1/4186 2411/1/4183
f 2412/1/4187 2450/1/4188 2446/1/4188
f 2446/1/4188 2407/1/4189 2412/1/4187
f 2413/1/4190 2451/1/4191 2447/1/4190
f 2447/1/4190 2409/1/4192 2413/1/4190
f 2452/1/4193 2449/1/4194 2411/1/4195
f 2411/1/4195 2414/1/4196 2452/1/4193
f 2415/1/4197 2453/1/4198 2450/1/4199
f 2450/1/4199 2412/1/4200 2415/1/4197
f 2416/1/4201 2454/1/4202 2451/1/4203
f 2451/1/4203 2413/1/4204 2416/1/4201
f 2417/1/4205 2455/1/4206 2452/1/4207
f 2452/1/4207 2414/1/4208 2417/1/4205
f 2456/1/4209 2453/1/4210 2415/1/4211
f 2415/1/4211 2418/1/4212 2456/1/4209
f 2419/1/4213 2457/1/4214 2454/1/4213
f 2454/1/4213 2416/1/4213 2419/1/4213
f 2420/1/4215 2458/1/4216 2455/1/4217
f 2455/1/4217 2417/1/4218 2420/1/4215
f 2421/1/4219 2459/1/4220 2456/1/4221
f 2456/1/4221 2418/1/4222 2421/1/4219
f 2457/1/4223 2419/1/4224 2422/1/4225
f 2422/1/4225 2460/1/4224 2457/1/4223
f 2448/1/4226 2458/1/4227 2420/1/4227
f 2420/1/4227 2410/1/4227 2448/1/4226
f 2423/1/4228 2461/1/4229 2459/1/4230
f 2459/1/4230 2421/1/4231 2423/1/4228
f 2424/1/4232 2462/1/4233 2460/1/4234
f 2460/1/4234 2422/1/4235 2424/1/4232
f 2461/1/4236 2423/1/4237 2425/1/4236
f 2425/1/4236 2463/1/4238 2461/1/4236
f 2426/1/4239 2464/1/4240 2462/1/4240
f 2462/1/4240 2424/1/4241 2426/1/4239
f 2427/1/4242 2465/1/4243 2463/1/4244
f 2463/1/4244 2425/1/4245 2427/1/4242
f 2466/1/4246 2464/1/4247 2426/1/4246
f 2426/1/4246 2428/1/4248 2466/1/4246
f 2405/1/4249 2404/1/4250 2465/1/4250
f 2465/1/4250 2427/1/4251 2405/1/4249
f 2429/1/4252 2440/1/4253 2466/1/4254
f 2466/1/4254 2428/1/4255 2429/1/4252
f 2467/1/4256 2468/1/4257 2469/1/4256
f 2469/1/4256 2470/1/4257 2467/1/4256
f 2444/1/4258 2471/1/4259 2472/1/4259
f 2472/1/4259 2443/1/4260 2444/1/4258
f 2435/1/4261 2445/1/4262 2473/1/4261
f 2473/1/4261 2436/1/4263 2435/1/4261
f 2446/1/4264 2474/1/4265 2471/1/4264
f 2471/1/4264 2444/1/4266 2446/1/4264
f 2448/1/4267 2447/1/4268 2475/1/4267
f 2475/1/4267 2476/1/4269 2448/1/4267
f 2473/1/4270 2445/1/4271 2449/1/4272
f 2449/1/4272 2468/1/4272 2473/1/4270
f 2446/1/4273 2450/1/4273 2477/1/4274
f 2477/1/4274 2474/1/4275 2446/1/4273
f 2475/1/4276 2447/1/4277 2451/1/4278
f 2451/1/4278 2478/1/4276 2475/1/4276
f 2452/1/4279 2469/1/4279 2468/1/4279
f 2468/1/4279 2449/1/4279 2452/1/4279
f 2477/1/4280 2450/1/4281 2453/1/4280
f 2453/1/4280 2479/1/4282 2477/1/4280
f 2478/1/4283 2451/1/4284 2454/1/4283
f 2454/1/4283 2480/1/4285 2478/1/4283
f 2452/1/4286 2455/1/4287 2481/1/4286
f 2481/1/4286 2469/1/4288 2452/1/4286
f 2456/1/4289 2482/1/4290 2479/1/4289
f 2479/1/4289 2453/1/4291 2456/1/4289
f 2457/1/4292 2483/1/4293 2480/1/4294
f 2480/1/4294 2454/1/4295 2457/1/4292
f 2481/1/4296 2455/1/4297 2458/1/4298
f 2458/1/4298 2484/1/4299 2481/1/4296
f 2456/1/4300 2459/1/4301 2485/1/4302
f 2485/1/4302 2482/1/4302 2456/1/4300
f 2460/1/4303 2486/1/4304 2483/1/4304
f 2483/1/4304 2457/1/4305 2460/1/4303
f 2458/1/4306 2448/1/4307 2476/1/4306
f 2476/1/4306 2484/1/4308 2458/1/4306
f 2485/1/4309 2459/1/4310 2461/1/4309
f 2461/1/4309 2487/1/4311 2485/1/4309
f 2486/1/4312 2460/1/4313 2462/1/4314
f 2462/1/4314 2488/1/4315 2486/1/4312
f 2463/1/4316 2489/1/4316 2487/1/4316
f 2487/1/4316 2461/1/4316 2463/1/4316
f 2464/1/4317 2490/1/4318 2488/1/4317
f 2488/1/4317 2462/1/4319 2464/1/4317
f 2463/1/4320 2465/1/4321 2491/1/4320
f 2491/1/4320 2489/1/4322 2463/1/4320
f 2466/1/4323 2492/1/4324 2490/1/4325
f 2490/1/4325 2464/1/4326 2466/1/4323
f 2491/1/4327 2465/1/4328 2404/1/4327
f 2404/1/4327 2493/1/4329 2491/1/4327
f 2466/1/4330 2440/1/4331 2494/1/4332
f 2494/1/4332 2492/1/4333 2466/1/4330
f 2403/1/4334 2495/1/4335 2493/1/4334
f 2493/1/4334 2404/1/4336 2403/1/4334
f 2494/1/4337 2440/1/4338 2439/1/4337
f 2439/1/4337 2496/1/4339 2494/1/4337
f 2403/1/4340 2441/1/4341 2497/1/4342
f 2497/1/4342 2495/1/4343 2403/1/4340
f 2498/1/4344 2496/1/4345 2439/1/4344
f 2439/1/4344 2442/1/4346 2498/1/4344
f 2497/1/4347 2441/1/4348 2438/1/4349
f 2438/1/4349 2437/1/4350 2497/1/4347
f 2498/1/4351 2442/1/4352 2443/1/4353
f 2443/1/4353 2472/1/4354 2498/1/4351
f 2499/1/4355 2500/1/4356 2501/1/4357
f 2501/1/4357 2502/1/4358 2499/1/4355
f 2479/1/4359 2503/1/4360 2504/1/4361
f 2504/1/4361 2477/1/4360 2479/1/4359
f 2480/1/4362 2505/1/4362 2506/1/4362
f 2506/1/4362 2478/1/4362 2480/1/4362
f 2481/1/4363 2507/1/4364 2470/1/4365
f 2470/1/4365 2469/1/4364 2481/1/4363
f 2503/1/4366 2479/1/4366 2482/1/4366
f 2482/1/4366 2508/1/4366 2503/1/4366
f 2480/1/4367 2483/1/4367 2509/1/4367
f 2509/1/4367 2505/1/4367 2480/1/4367
f 2484/1/4368 2501/1/4369 2507/1/4370
f 2507/1/4370 2481/1/4369 2484/1/4368
f 2485/1/4371 2510/1/4372 2508/1/4373
f 2508/1/4373 2482/1/4372 2485/1/4371
f 2509/1/4374 2483/1/4374 2486/1/4374
f 2486/1/4374 2511/1/4374 2509/1/4374
f 2502/1/4375 2501/1/4375 2484/1/4375
f 2484/1/4375 2476/1/4375 2502/1/4375
f 2487/1/4376 2512/1/4377 2510/1/4378
f 2510/1/4378 2485/1/4377 2487/1/4376
f 2488/1/4379 2513/1/4379 2511/1/4379
f 2511/1/4379 2486/1/4379 2488/1/4379
f 2512/1/4380 2487/1/4381 2489/1/4382
f 2489/1/4382 2514/1/4381 2512/1/4380
f 2488/1/4383 2490/1/4384 2515/1/4385
f 2515/1/4385 2513/1/4384 2488/1/4383
f 2491/1/4386 2516/1/4387 2514/1/4387
f 2514/1/4387 2489/1/4388 2491/1/4386
f 2515/1/4389 2490/1/4389 2492/1/4389
f 2492/1/4389 2517/1/4389 2515/1/4389
f 2493/1/4390 2518/1/4391 2516/1/4392
f 2516/1/4392 2491/1/4391 2493/1/4390
f 2494/1/4393 2519/1/4393 2517/1/4394
f 2517/1/4394 2492/1/4395 2494/1/4393
f 2518/1/4396 2493/1/4397 2495/1/4398
f 2495/1/4398 2520/1/4397 2518/1/4396
f 2496/1/4399 2521/1/4400 2519/1/4400
f 2519/1/4400 2494/1/4400 2496/1/4399
f 2497/1/4401 2522/1/4402 2520/1/4401
f 2520/1/4401 2495/1/4403 2497/1/4401
f 2496/1/4404 2498/1/4404 2523/1/4404
f 2523/1/4404 2521/1/4404 2496/1/4404
f 2437/1/4405 2524/1/4406 2522/1/4405
f 2522/1/4405 2497/1/4407 2437/1/4405
f 2525/1/4408 2523/1/4408 2498/1/4408
f 2498/1/4408 2472/1/4408 2525/1/4408
f 2524/1/4409 2437/1/4410 2436/1/4411
f 2436/1/4411 2526/1/4410 2524/1/4409
f 2525/1/4412 2472/1/4412 2471/1/4412
f 2471/1/4412 2527/1/4412 2525/1/4412
f 2473/1/4413 2528/1/4414 2526/1/4413
f 2526/1/4413 2436/1/4414 2473/1/4413
f 2527/1/4415 2471/1/4415 2474/1/4415
f 2474/1/4415 2529/1/4415 2527/1/4415
f 2475/1/4416 2530/1/4417 2502/1/4418
f 2502/1/4418 2476/1/4417 2475/1/4416
f 2468/1/4419 2467/1/4420 2528/1/4421
f 2528/1/4421 2473/1/4420 2468/1/4419
f 2477/1/4422 2504/1/4422 2529/1/4423
f 2529/1/4423 2474/1/4422 2477/1/4422
f 2530/1/4424 2475/1/4425 2478/1/4425
f 2478/1/4425 2506/1/4425 2530/1/4424
f 2531/1/4426 2532/1/4427 2533/1/4428
f 2533/1/4428 2534/1/4429 2531/1/4426
f 2512/1/4430 2535/1/4431 2536/1/4430
f 2536/1/4430 2510/1/4432 2512/1/4430
f 2537/1/4433 2511/1/4434 2513/1/4433
f 2513/1/4433 2538/1/4435 2537/1/4433
f 2514/1/4436 2539/1/4437 2535/1/4438
f 2535/1/4438 2512/1/4439 2514/1/4436
f 2515/1/4440 2540/1/4441 2538/1/4441
f 2538/1/4441 2513/1/4442 2515/1/4440
f 2539/1/4443 2514/1/4444 2516/1/4445
f 2516/1/4445 2534/1/4445 2539/1/4443
f 2517/1/4446 2541/1/4447 2540/1/4448
f 2540/1/4448 2515/1/4449 2517/1/4446
f 2518/1/4450 2531/1/4451 2534/1/4452
f 2534/1/4452 2516/1/4453 2518/1/4450
f 2541/1/4454 2517/1/4455 2519/1/4455
f 2519/1/4455 2542/1/4456 2541/1/4454
f 2520/1/4457 2543/1/4458 2531/1/4458
f 2531/1/4458 2518/1/4458 2520/1/4457
f 2521/1/4459 2544/1/4460 2542/1/4461
f 2542/1/4461 2519/1/4462 2521/1/4459
f 2543/1/4463 2520/1/4464 2522/1/4465
f 2522/1/4465 2545/1/4466 2543/1/4463
f 2523/1/4467 2546/1/4468 2544/1/4469
f 2544/1/4469 2521/1/4470 2523/1/4467
f 2524/1/4471 2547/1/4472 2545/1/4473
f 2545/1/4473 2522/1/4473 2524/1/4471
f 2546/1/4474 2523/1/4475 2525/1/4476
f 2525/1/4476 2548/1/4477 2546/1/4474
f 2526/1/4478 2549/1/4479 2547/1/4480
f 2547/1/4480 2524/1/4481 2526/1/4478
f 2527/1/4482 2550/1/4483 2548/1/4484
f 2548/1/4484 2525/1/4483 2527/1/4482
f 2549/1/4485 2526/1/4486 2528/1/4486
f 2528/1/4486 2551/1/4485 2549/1/4485
f 2529/1/4487 2552/1/4488 2550/1/4489
f 2550/1/4489 2527/1/4490 2529/1/4487
f 2502/1/4491 2530/1/4491 2553/1/4492
f 2553/1/4492 2499/1/4493 2502/1/4491
f 2467/1/4494 2554/1/4495 2551/1/4496
f 2551/1/4496 2528/1/4497 2467/1/4494
f 2552/1/4498 2529/1/4499 2504/1/4498
f 2504/1/4498 2555/1/4500 2552/1/4498
f 2506/1/4501 2556/1/4501 2553/1/4502
f 2553/1/4502 2530/1/4501 2506/1/4501
f 2470/1/4503 2557/1/4504 2554/1/4505
f 2554/1/4505 2467/1/4506 2470/1/4503
f 2503/1/4507 2558/1/4508 2555/1/4509
f 2555/1/4509 2504/1/4510 2503/1/4507
f 2556/1/4511 2506/1/4511 2505/1/4512
f 2505/1/4512 2559/1/4511 2556/1/4511
f 2557/1/4513 2470/1/4514 2507/1/4514
f 2507/1/4514 2560/1/4515 2557/1/4513
f 2508/1/4516 2561/1/4517 2558/1/4517
f 2558/1/4517 2503/1/4518 2508/1/4516
f 2509/1/4519 2562/1/4520 2559/1/4519
f 2559/1/4519 2505/1/4521 2509/1/4519
f 2501/1/4522 2500/1/4523 2560/1/4524
f 2560/1/4524 2507/1/4525 2501/1/4522
f 2561/1/4526 2508/1/4527 2510/1/4528
f 2510/1/4528 2536/1/4529 2561/1/4526
f 2511/1/4530 2537/1/4531 2562/1/4532
f 2562/1/4532 2509/1/4533 2511/1/4530
f 2563/1/4534 2564/1/4534 2565/1/4535
f 2565/1/4535 2566/1/4534 2563/1/4534
f 2567/1/4536 2568/1/4537 2541/1/4536
f 2541/1/4536 2542/1/4538 2567/1/4536
f 2543/1/4539 2569/1/4540 2532/1/4539
f 2532/1/4539 2531/1/4541 2543/1/4539
f 2544/1/4542 2570/1/4543 2567/1/4544
f 2567/1/4544 2542/1/4545 2544/1/4542
f 2564/1/4546 2569/1/4547 2543/1/4546
f 2543/1/4546 2545/1/4548 2564/1/4546
f 2546/1/4549 2571/1/4550 2570/1/4551
f 2570/1/4551 2544/1/4550 2546/1/4549
f 2547/1/4552 2565/1/4553 2564/1/4554
f 2564/1/4554 2545/1/4555 2547/1/4552
f 2572/1/4556 2571/1/4557 2546/1/4556
f 2546/1/4556 2548/1/4558 2572/1/4556
f 2549/1/4559 2573/1/4559 2565/1/4559
f 2565/1/4559 2547/1/4560 2549/1/4559
f 2550/1/4561 2574/1/4562 2572/1/4563
f 2572/1/4563 2548/1/4564 2550/1/4561
f 2575/1/4565 2573/1/4566 2549/1/4567
f 2549/1/4567 2551/1/4567 2575/1/4565
f 2552/1/4568 2576/1/4568 2574/1/4569
f 2574/1/4569 2550/1/4569 2552/1/4568
f 2577/1/4570 2499/1/4571 2553/1/4570
f 2553/1/4570 2578/1/4572 2577/1/4570
f 2554/1/4573 2579/1/4574 2575/1/4575
f 2575/1/4575 2551/1/4575 2554/1/4573
f 2580/1/4576 2576/1/4577 2552/1/4578
f 2552/1/4578 2555/1/4579 2580/1/4576
f 2578/1/4580 2553/1/4580 2556/1/4580
f 2556/1/4580 2581/1/4581 2578/1/4580
f 2557/1/4582 2582/1/4582 2579/1/4583
f 2579/1/4583 2554/1/4582 2557/1/4582
f 2558/1/4584 2583/1/4585 2580/1/4585
f 2580/1/4585 2555/1/4584 2558/1/4584
f 2559/1/4586 2584/1/4587 2581/1/4586
f 2581/1/4586 2556/1/4588 2559/1/4586
f 2585/1/4589 2582/1/4589 2557/1/4590
f 2557/1/4590 2560/1/4591 2585/1/4589
f 2561/1/4592 2586/1/4593 2583/1/4594
f 2583/1/4594 2558/1/4592 2561/1/4592
f 2584/1/4595 2559/1/4596 2562/1/4595
f 2562/1/4595 2587/1/4597 2584/1/4595
f 2500/1/4598 2588/1/4598 2585/1/4598
f 2585/1/4598 2560/1/4599 2500/1/4598
f 2589/1/4600 2586/1/4601 2561/1/4600
f 2561/1/4600 2536/1/4602 2589/1/4600
f 2537/1/4603 2590/1/4604 2587/1/4603
f 2587/1/4603 2562/1/4605 2537/1/4603
f 2577/1/4606 2588/1/4606 2500/1/4606
f 2500/1/4606 2499/1/4606 2577/1/4606
f 2535/1/4607 2591/1/4607 2589/1/4607
f 2589/1/4607 2536/1/4608 2535/1/4607
f 2538/1/4609 2592/1/4609 2590/1/4610
f 2590/1/4610 2537/1/4611 2538/1/4609
f 2539/1/4612 2593/1/4612 2591/1/4612
f 2591/1/4612 2535/1/4612 2539/1/4612
f 2592/1/4613 2538/1/4614 2540/1/4615
f 2540/1/4615 2594/1/4616 2592/1/4613
f 2533/1/4617 2593/1/4617 2539/1/4618
f 2539/1/4618 2534/1/4619 2533/1/4617
f 2541/1/4620 2568/1/4621 2594/1/4622
f 2594/1/4622 2540/1/4623 2541/1/4620
f 2595/1/4624 2596/1/4625 2597/1/4626
f 2597/1/4626 2598/1/4626 2595/1/4624
f 2572/1/4627 2599/1/4627 2600/1/4628
f 2600/1/4628 2571/1/4627 2572/1/4627
f 2573/1/4629 2601/1/4630 2566/1/4631
f 2566/1/4631 2565/1/4632 2573/1/4629
f 2602/1/4633 2599/1/4634 2572/1/4635
f 2572/1/4635 2574/1/4634 2602/1/4633
f 2575/1/4636 2603/1/4636 2601/1/4637
f 2601/1/4637 2573/1/4636 2575/1/4636
f 2576/1/4638 2604/1/4639 2602/1/4640
f 2602/1/4640 2574/1/4639 2576/1/4638
f 2596/1/4641 2595/1/4641 2577/1/4642
f 2577/1/4642 2578/1/4641 2596/1/4641
f 2605/1/4643 2603/1/4644 2575/1/4645
f 2575/1/4645 2579/1/4644 2605/1/4643
f 2580/1/4646 2606/1/4647 2604/1/4648
f 2604/1/4648 2576/1/4647 2580/1/4646
f 2581/1/4649 2607/1/4649 2596/1/4649
f 2596/1/4649 2578/1/4649 2581/1/4649
f 2582/1/4650 2608/1/4651 2605/1/4651
f 2605/1/4651 2579/1/4651 2582/1/4650
f 2609/1/4652 2606/1/4652 2580/1/4652
f 2580/1/4652 2583/1/4652 2609/1/4652
f 2584/1/4653 2610/1/4654 2607/1/4655
f 2607/1/4655 2581/1/4654 2584/1/4653
f 2585/1/4656 2611/1/4657 2608/1/4658
f 2608/1/4658 2582/1/4657 2585/1/4656
f 2586/1/4659 2612/1/4660 2609/1/4661
f 2609/1/4661 2583/1/4660 2586/1/4659
f 2613/1/4662 2610/1/4663 2584/1/4663
f 2584/1/4663 2587/1/4663 2613/1/4662
f 2614/1/4664 2611/1/4664 2585/1/4665
f 2585/1/4665 2588/1/4664 2614/1/4664
f 2589/1/4666 2615/1/4667 2612/1/4667
f 2612/1/4667 2586/1/4667 2589/1/4666
f 2590/1/4668 2616/1/4668 2613/1/4669
f 2613/1/4669 2587/1/4668 2590/1/4668
f 2614/1/4670 2588/1/4670 2577/1/4671
f 2577/1/4671 2595/1/4670 2614/1/4670
f 2615/1/4672 2589/1/4672 2591/1/4673
f 2591/1/4673 2617/1/4672 2615/1/4672
f 2592/1/4674 2618/1/4674 2616/1/4675
f 2616/1/4675 2590/1/4674 2592/1/4674
f 2593/1/4676 2619/1/4677 2617/1/4677
f 2617/1/4677 2591/1/4677 2593/1/4676
f 2620/1/4678 2618/1/4678 2592/1/4679
f 2592/1/4679 2594/1/4678 2620/1/4678
f 2533/1/4680 2621/1/4681 2619/1/4682
f 2619/1/4682 2593/1/4681 2533/1/4680
f 2568/1/4683 2622/1/4683 2620/1/4684
f 2620/1/4684 2594/1/4683 2568/1/4683
f 2621/1/4685 2533/1/4685 2532/1/4686
f 2532/1/4686 2623/1/4685 2621/1/4685
f 2567/1/4687 2624/1/4688 2622/1/4689
f 2622/1/4689 2568/1/4688 2567/1/4687
f 2569/1/4690 2625/1/4690 2623/1/4691
f 2623/1/4691 2532/1/4690 2569/1/4690
f 2626/1/4692 2624/1/4692 2567/1/4692
f 2567/1/4692 2570/1/4692 2626/1/4692
f 2564/1/4693 2563/1/4694 2625/1/4695
f 2625/1/4695 2569/1/4694 2564/1/4693
f 2571/1/4696 2600/1/4696 2626/1/4697
f 2626/1/4697 2570/1/4696 2571/1/4696
f 2627/1/4698 2628/1/4699 2629/1/4698
f 2629/1/4698 2630/1/4700 2627/1/4698
f 2605/1/4701 2631/1/4701 2632/1/4702
f 2632/1/4702 2603/1/4703 2605/1/4701
f 2606/1/4704 2633/1/4705 2634/1/4704
f 2634/1/4704 2604/1/4706 2606/1/4704
f 2607/1/4707 2635/1/4708 2597/1/4709
f 2597/1/4709 2596/1/4710 2607/1/4707
f 2636/1/4711 2631/1/4712 2605/1/4711
f 2605/1/4711 2608/1/4713 2636/1/4711
f 2609/1/4714 2637/1/4715 2633/1/4716
f 2633/1/4716 2606/1/4717 2609/1/4714
f 2610/1/4718 2630/1/4719 2635/1/4718
f 2635/1/4718 2607/1/4720 2610/1/4718
f 2611/1/4721 2638/1/4722 2636/1/4723
f 2636/1/4723 2608/1/4721 2611/1/4721
f 2637/1/4724 2609/1/4725 2612/1/4726
f 2612/1/4726 2639/1/4727 2637/1/4724
f 2613/1/4728 2627/1/4729 2630/1/4730
f 2630/1/4730 2610/1/4730 2613/1/4728
f 2614/1/4731 2640/1/4732 2638/1/4731
f 2638/1/4731 2611/1/4733 2614/1/4731
f 2615/1/4734 2641/1/4735 2639/1/4734
f 2639/1/4734 2612/1/4736 2615/1/4734
f 2627/1/4737 2613/1/4738 2616/1/4739
f 2616/1/4739 2642/1/4740 2627/1/4737
f 2640/1/4741 2614/1/4742 2595/1/4741
f 2595/1/4741 2598/1/4743 2640/1/4741
f 2617/1/4744 2643/1/4745 2641/1/4746
f 2641/1/4746 2615/1/4747 2617/1/4744
f 2618/1/4748 2644/1/4749 2642/1/4750
f 2642/1/4750 2616/1/4751 2618/1/4748
f 2645/1/4752 2643/1/4753 2617/1/4752
f 2617/1/4752 2619/1/4754 2645/1/4752
f 2620/1/4755 2646/1/4756 2644/1/4757
f 2644/1/4757 2618/1/4758 2620/1/4755
f 2621/1/4759 2647/1/4760 2645/1/4760
f 2645/1/4760 2619/1/4761 2621/1/4759
f 2648/1/4762 2646/1/4762 2620/1/4763
f 2620/1/4763 2622/1/4764 2648/1/4762
f 2623/1/4765 2649/1/4766 2647/1/4765
f 2647/1/4765 2621/1/4767 2623/1/4765
f 2624/1/4768 2650/1/4769 2648/1/4768
f 2648/1/4768 2622/1/4770 2624/1/4768
f 2649/1/4771 2623/1/4772 2625/1/4773
f 2625/1/4773 2651/1/4774 2649/1/4771
f 2626/1/4775 2652/1/4776 2650/1/4775
f 2650/1/4775 2624/1/4777 2626/1/4775
f 2563/1/4778 2653/1/4779 2651/1/4780
f 2651/1/4780 2625/1/4781 2563/1/4778
f 2654/1/4782 2652/1/4783 2626/1/4784
f 2626/1/4784 2600/1/4785 2654/1/4782
f 2566/1/4786 2655/1/4787 2653/1/4786
f 2653/1/4786 2563/1/4788 2566/1/4786
f 2599/1/4789 2656/1/4790 2654/1/4789
f 2654/1/4789 2600/1/4789 2599/1/4789
f 2657/1/4791 2655/1/4792 2566/1/4793
f 2566/1/4793 2601/1/4794 2657/1/4791
f 2602/1/4795 2658/1/4796 2656/1/4795
f 2656/1/4795 2599/1/4797 2602/1/4795
f 2603/1/4798 2632/1/4798 2657/1/4799
f 2657/1/4799 2601/1/4800 2603/1/4798
f 2658/1/4801 2602/1/4802 2604/1/4803
f 2604/1/4803 2634/1/4803 2658/1/4801
f 2659/1/4804 2660/1/4804 2661/1/4804
f 2661/1/4804 2662/1/4804 2659/1/4804
f 2640/1/4805 2663/1/4806 2664/1/4805
f 2664/1/4805 2638/1/4805 2640/1/4805
f 2665/1/4807 2666/1/4808 2639/1/4807
f 2639/1/4807 2641/1/4807 2665/1/4807
f 2642/1/4809 2667/1/4810 2628/1/4809
f 2628/1/4809 2627/1/4811 2642/1/4809
f 2668/1/4812 2663/1/4812 2640/1/4812
f 2640/1/4812 2598/1/4813 2668/1/4812
f 2643/1/4814 2669/1/4815 2665/1/4814
f 2665/1/4814 2641/1/4816 2643/1/4814
f 2667/1/4817 2642/1/4818 2644/1/4818
f 2644/1/4818 2661/1/4819 2667/1/4817
f 2645/1/4820 2670/1/4821 2669/1/4820
f 2669/1/4820 2643/1/4822 2645/1/4820
f 2646/1/4823 2662/1/4824 2661/1/4824
f 2661/1/4824 2644/1/4825 2646/1/4823
f 2671/1/4826 2670/1/4827 2645/1/4828
f 2645/1/4828 2647/1/4829 2671/1/4826
f 2648/1/4830 2672/1/4831 2662/1/4832
f 2662/1/4832 2646/1/4833 2648/1/4830
f 2649/1/4834 2673/1/4835 2671/1/4836
f 2671/1/4836 2647/1/4836 2649/1/4834
f 2674/1/4837 2672/1/4838 2648/1/4839
f 2648/1/4839 2650/1/4837 2674/1/4837
f 2651/1/4840 2675/1/4840 2673/1/4840
f 2673/1/4840 2649/1/4841 2651/1/4840
f 2652/1/4842 2676/1/4843 2674/1/4842
f 2674/1/4842 2650/1/4844 2652/1/4842
f 2677/1/4845 2675/1/4846 2651/1/4847
f 2651/1/4847 2653/1/4848 2677/1/4845
f 2654/1/4849 2678/1/4850 2676/1/4851
f 2676/1/4851 2652/1/4852 2654/1/4849
f 2655/1/4853 2679/1/4854 2677/1/4853
f 2677/1/4853 2653/1/4855 2655/1/4853
f 2680/1/4856 2678/1/4857 2654/1/4856
f 2654/1/4856 2656/1/4856 2680/1/4856
f 2657/1/4858 2681/1/4858 2679/1/4858
f 2679/1/4858 2655/1/4859 2657/1/4858
f 2658/1/4860 2682/1/4860 2680/1/4860
f 2680/1/4860 2656/1/4861 2658/1/4860
f 2683/1/4862 2681/1/4863 2657/1/4862
f 2657/1/4862 2632/1/4864 2683/1/4862
f 2634/1/4865 2684/1/4866 2682/1/4867
f 2682/1/4867 2658/1/4868 2634/1/4865
f 2598/1/4869 2597/1/4870 2685/1/4871
f 2685/1/4871 2668/1/4871 2598/1/4869
f 2631/1/4872 2686/1/4872 2683/1/4872
f 2683/1/4872 2632/1/4873 2631/1/4872
f 2687/1/4874 2684/1/4875 2634/1/4874
f 2634/1/4874 2633/1/4876 2687/1/4874
f 2688/1/4877 2685/1/4878 2597/1/4877
f 2597/1/4877 2635/1/4879 2688/1/4877
f 2636/1/4880 2689/1/4880 2686/1/4880
f 2686/1/4880 2631/1/4881 2636/1/4880
f 2637/1/4882 2690/1/4883 2687/1/4882
f 2687/1/4882 2633/1/4882 2637/1/4882
f 2629/1/4884 2688/1/4885 2635/1/4884
f 2635/1/4884 2630/1/4886 2629/1/4884
f 2664/1/4887 2689/1/4888 2636/1/4887
f 2636/1/4887 2638/1/4889 2664/1/4887
f 2639/1/4890 2666/1/4890 2690/1/4890
f 2690/1/4890 2637/1/4890 2639/1/4890
f 2691/1/4891 2692/1/4892 2693/1/4893
f 2693/1/4893 2694/1/4894 2691/1/4891
f 2671/1/4895 2695/1/4896 2696/1/4895
f 2696/1/4895 2670/1/4896 2671/1/4895
f 2672/1/4897 2697/1/4898 2659/1/4898
f 2659/1/4898 2662/1/4899 2672/1/4897
f 2695/1/4900 2671/1/4901 2673/1/4901
f 2673/1/4901 2698/1/4901 2695/1/4900
f 2674/1/4902 2694/1/4903 2697/1/4903
f 2697/1/4903 2672/1/4903 2674/1/4902
f 2675/1/4904 2699/1/4905 2698/1/4906
f 2698/1/4906 2673/1/4905 2675/1/4904
f 2691/1/4907 2694/1/4907 2674/1/4907
f 2674/1/4907 2676/1/4907 2691/1/4907
f 2677/1/4908 2700/1/4909 2699/1/4910
f 2699/1/4910 2675/1/4911 2677/1/4908
f 2678/1/4912 2701/1/4913 2691/1/4914
f 2691/1/4914 2676/1/4913 2678/1/4912
f 2702/1/4915 2700/1/4916 2677/1/4917
f 2677/1/4917 2679/1/4918 2702/1/4915
f 2680/1/4919 2703/1/4919 2701/1/4919
f 2701/1/4919 2678/1/4919 2680/1/4919
f 2681/1/4920 2704/1/4921 2702/1/4922
f 2702/1/4922 2679/1/4921 2681/1/4920
f 2705/1/4923 2703/1/4924 2680/1/4924
f 2680/1/4924 2682/1/4924 2705/1/4923
f 2683/1/4925 2706/1/4926 2704/1/4925
f 2704/1/4925 2681/1/4926 2683/1/4925
f 2684/1/4927 2707/1/4927 2705/1/4928
f 2705/1/4928 2682/1/4927 2684/1/4927
f 2708/1/4929 2709/1/4930 2668/1/4929
f 2668/1/4929 2685/1/4930 2708/1/4929
f 2710/1/4931 2706/1/4932 2683/1/4933
f 2683/1/4933 2686/1/4932 2710/1/4931
f 2687/1/4934 2711/1/4934 2707/1/4935
f 2707/1/4935 2684/1/4934 2687/1/4934
f 2688/1/4936 2712/1/4937 2708/1/4938
f 2708/1/4938 2685/1/4937 2688/1/4936
f 2689/1/4939 2713/1/4940 2710/1/4941
f 2710/1/4941 2686/1/4940 2689/1/4939
f 2711/1/4942 2687/1/4943 2690/1/4944
f 2690/1/4944 2714/1/4943 2711/1/4942
f 2629/1/4945 2715/1/4946 2712/1/4947
f 2712/1/4947 2688/1/4946 2629/1/4945
f 2664/1/4948 2716/1/4949 2713/1/4950
f 2713/1/4950 2689/1/4949 2664/1/4948
f 2666/1/4951 2717/1/4952 2714/1/4952
f 2714/1/4952 2690/1/4952 2666/1/4951
f 2718/1/4953 2715/1/4953 2629/1/4954
f 2629/1/4954 2628/1/4953 2718/1/4953
f 2719/1/4955 2716/1/4955 2664/1/4956
f 2664/1/4956 2663/1/4955 2719/1/4955
f 2665/1/4957 2720/1/4957 2717/1/4957
f 2717/1/4957 2666/1/4957 2665/1/4957
f 2667/1/4958 2721/1/4958 2718/1/4959
f 2718/1/4959 2628/1/4958 2667/1/4958
f 2709/1/4960 2719/1/4961 2663/1/4962
f 2663/1/4962 2668/1/4961 2709/1/4960
f 2720/1/4963 2665/1/4964 2669/1/4965
f 2669/1/4965 2722/1/4964 2720/1/4963
f 2661/1/4966 2660/1/4967 2721/1/4968
f 2721/1/4968 2667/1/4967 2661/1/4966
f 2670/1/4969 2696/1/4970 2722/1/4969
f 2722/1/4969 2669/1/4970 2670/1/4969
f 2723/1/4971 2724/1/4972 2725/1/4973
f 2725/1/4973 2726/1/4974 2723/1/4971
f 2700/1/4975 2727/1/4976 2728/1/4976
f 2728/1/4976 2699/1/4977 2700/1/4975
f 2729/1/4978 2692/1/4979 2691/1/4980
f 2691/1/4980 2701/1/4979 2729/1/4978
f 2702/1/4981 2730/1/4982 2727/1/4983
f 2727/1/4983 2700/1/4984 2702/1/4981
f 2703/1/4985 2726/1/4986 2729/1/4987
f 2729/1/4987 2701/1/4988 2703/1/4985
f 2730/1/4989 2702/1/4989 2704/1/4989
f 2704/1/4989 2731/1/4990 2730/1/4989
f 2705/1/4991 2723/1/4992 2726/1/4993
f 2726/1/4993 2703/1/4994 2705/1/4991
f 2706/1/4995 2732/1/4996 2731/1/4995
f 2731/1/4995 2704/1/4997 2706/1/4995
f 2723/1/4998 2705/1/4999 2707/1/5000
f 2707/1/5000 2733/1/5000 2723/1/4998
f 2709/1/5001 2708/1/5002 2734/1/5003
f 2734/1/5003 2735/1/5004 2709/1/5001
f 2710/1/5005 2736/1/5006 2732/1/5005
f 2732/1/5005 2706/1/5007 2710/1/5005
f 2711/1/5008 2737/1/5009 2733/1/5010
f 2733/1/5010 2707/1/5011 2711/1/5008
f 2712/1/5012 2738/1/5013 2734/1/5012
f 2734/1/5012 2708/1/5014 2712/1/5012
f 2739/1/5015 2736/1/5016 2710/1/5017
f 2710/1/5017 2713/1/5018 2739/1/5015
f 2714/1/5019 2740/1/5020 2737/1/5021
f 2737/1/5021 2711/1/5020 2714/1/5019
f 2715/1/5022 2741/1/5023 2738/1/5024
f 2738/1/5024 2712/1/5025 2715/1/5022
f 2716/1/5026 2742/1/5027 2739/1/5027
f 2739/1/5027 2713/1/5026 2716/1/5026
f 2743/1/5028 2740/1/5029 2714/1/5030
f 2714/1/5030 2717/1/5031 2743/1/5028
f 2718/1/5032 2744/1/5033 2741/1/5034
f 2741/1/5034 2715/1/5035 2718/1/5032
f 2719/1/5036 2745/1/5037 2742/1/5038
f 2742/1/5038 2716/1/5039 2719/1/5036
f 2720/1/5040 2746/1/5041 2743/1/5040
f 2743/1/5040 2717/1/5042 2720/1/5040
f 2744/1/5043 2718/1/5044 2721/1/5045
f 2721/1/5045 2747/1/5043 2744/1/5043
f 2735/1/5046 2745/1/5047 2719/1/5048
f 2719/1/5048 2709/1/5048 2735/1/5046
f 2722/1/5049 2748/1/5050 2746/1/5051
f 2746/1/5051 2720/1/5051 2722/1/5049
f 2660/1/5052 2749/1/5053 2747/1/5053
f 2747/1/5053 2721/1/5054 2660/1/5052
f 2750/1/5055 2748/1/5056 2722/1/5057
f 2722/1/5057 2696/1/5058 2750/1/5055
f 2659/1/5059 2751/1/5059 2749/1/5060
f 2749/1/5060 2660/1/5061 2659/1/5059
f 2695/1/5062 2752/1/5063 2750/1/5064
f 2750/1/5064 2696/1/5065 2695/1/5062
f 2753/1/5066 2751/1/5067 2659/1/5068
f 2659/1/5068 2697/1/5069 2753/1/5066
f 2698/1/5070 2754/1/5070 2752/1/5071
f 2752/1/5071 2695/1/5070 2698/1/5070
f 2694/1/5072 2693/1/5073 2753/1/5074
f 2753/1/5074 2697/1/5075 2694/1/5072
f 2754/1/5076 2698/1/5077 2699/1/5078
f 2699/1/5078 2728/1/5079 2754/1/5076
f 2755/1/5080 2756/1/5080 2757/1/5080
f 2757/1/5080 2758/1/5080 2755/1/5080
f 2731/1/5081 2732/1/5082 2759/1/5083
f 2759/1/5083 2760/1/5084 2731/1/5081
f 2733/1/5085 2761/1/5086 2724/1/5087
f 2724/1/5087 2723/1/5088 2733/1/5085
f 2735/1/5089 2734/1/5089 2762/1/5089
f 2762/1/5089 2763/1/5090 2735/1/5089
f 2759/1/5091 2732/1/5092 2736/1/5093
f 2736/1/5093 2764/1/5091 2759/1/5091
f 2733/1/5094 2737/1/5094 2758/1/5095
f 2758/1/5095 2761/1/5094 2733/1/5094
f 2762/1/5096 2734/1/5097 2738/1/5096
f 2738/1/5096 2765/1/5096 2762/1/5096
f 2739/1/5098 2766/1/5098 2764/1/5098
f 2764/1/5098 2736/1/5098 2739/1/5098
f 2758/1/5099 2737/1/5099 2740/1/5099
f 2740/1/5099 2755/1/5099 2758/1/5099
f 2767/1/5100 2765/1/5101 2738/1/5102
f 2738/1/5102 2741/1/5103 2767/1/5100
f 2739/1/5104 2742/1/5105 2768/1/5106
f 2768/1/5106 2766/1/5107 2739/1/5104
f 2743/1/5108 2769/1/5108 2755/1/5108
f 2755/1/5108 2740/1/5109 2743/1/5108
f 2744/1/5110 2770/1/5111 2767/1/5111
f 2767/1/5111 2741/1/5112 2744/1/5110
f 2768/1/5113 2742/1/5114 2745/1/5114
f 2745/1/5114 2771/1/5114 2768/1/5113
f 2743/1/5115 2746/1/5115 2772/1/5115
f 2772/1/5115 2769/1/5116 2743/1/5115
f 2747/1/5117 2773/1/5118 2770/1/5118
f 2770/1/5118 2744/1/5118 2747/1/5117
f 2745/1/5119 2735/1/5120 2763/1/5120
f 2763/1/5120 2771/1/5119 2745/1/5119
f 2772/1/5121 2746/1/5122 2748/1/5122
f 2748/1/5122 2774/1/5123 2772/1/5121
f 2775/1/5124 2773/1/5125 2747/1/5126
f 2747/1/5126 2749/1/5127 2775/1/5124
f 2750/1/5128 2776/1/5128 2774/1/5128
f 2774/1/5128 2748/1/5128 2750/1/5128
f 2751/1/5129 2777/1/5130 2775/1/5131
f 2775/1/5131 2749/1/5132 2751/1/5129
f 2750/1/5133 2752/1/5134 2778/1/5133
f 2778/1/5133 2776/1/5135 2750/1/5133
f 2753/1/5136 2779/1/5137 2777/1/5138
f 2777/1/5138 2751/1/5139 2753/1/5136
f 2778/1/5140 2752/1/5141 2754/1/5142
f 2754/1/5142 2780/1/5143 2778/1/5140
f 2753/1/5144 2693/1/5145 2781/1/5146
f 2781/1/5146 2779/1/5147 2753/1/5144
f 2728/1/5148 2782/1/5149 2780/1/5148
f 2780/1/5148 2754/1/5150 2728/1/5148
f 2781/1/5151 2693/1/5152 2692/1/5152
f 2692/1/5152 2783/1/5152 2781/1/5151
f 2728/1/5153 2727/1/5154 2784/1/5155
f 2784/1/5155 2782/1/5156 2728/1/5153
f 2785/1/5157 2783/1/5158 2692/1/5159
f 2692/1/5159 2729/1/5157 2785/1/5157
f 2784/1/5160 2727/1/5161 2730/1/5162
f 2730/1/5162 2786/1/5163 2784/1/5160
f 2785/1/5164 2729/1/5165 2726/1/5165
f 2726/1/5165 2725/1/5166 2785/1/5164
f 2731/1/5167 2760/1/5168 2786/1/5167
f 2786/1/5167 2730/1/5169 2731/1/5167
f 2787/1/5170 2788/1/5171 2789/1/5171
f 2789/1/5171 2790/1/5172 2787/1/5170
f 2767/1/5173 2791/1/5173 2792/1/5173
f 2792/1/5173 2765/1/5173 2767/1/5173
f 2768/1/5174 2793/1/5175 2794/1/5175
f 2794/1/5175 2766/1/5175 2768/1/5174
f 2756/1/5176 2755/1/5177 2769/1/5177
f 2769/1/5177 2795/1/5177 2756/1/5176
f 2767/1/5178 2770/1/5178 2796/1/5178
f 2796/1/5178 2791/1/5178 2767/1/5178
f 2771/1/5179 2797/1/5180 2793/1/5179
f 2793/1/5179 2768/1/5180 2771/1/5179
f 2772/1/5181 2790/1/5182 2795/1/5183
f 2795/1/5183 2769/1/5182 2772/1/5181
f 2796/1/5184 2770/1/5184 2773/1/5184
f 2773/1/5184 2798/1/5184 2796/1/5184
f 2799/1/5185 2797/1/5186 2771/1/5186
f 2771/1/5186 2763/1/5186 2799/1/5185
f 2774/1/5187 2787/1/5188 2790/1/5189
f 2790/1/5189 2772/1/5188 2774/1/5187
f 2775/1/5190 2800/1/5190 2798/1/5190
f 2798/1/5190 2773/1/5190 2775/1/5190
f 2787/1/5191 2774/1/5192 2776/1/5192
f 2776/1/5192 2801/1/5192 2787/1/5191
f 2775/1/5193 2777/1/5193 2802/1/5193
f 2802/1/5193 2800/1/5193 2775/1/5193
f 2778/1/5194 2803/1/5195 2801/1/5196
f 2801/1/5196 2776/1/5195 2778/1/5194
f 2802/1/5197 2777/1/5198 2779/1/5198
f 2779/1/5198 2804/1/5198 2802/1/5197
f 2780/1/5199 2805/1/5200 2803/1/5201
f 2803/1/5201 2778/1/5200 2780/1/5199
f 2781/1/5202 2806/1/5202 2804/1/5203
f 2804/1/5203 2779/1/5202 2781/1/5202
f 2805/1/5204 2780/1/5205 2782/1/5206
f 2782/1/5206 2807/1/5205 2805/1/5204
f 2783/1/5207 2808/1/5207 2806/1/5207
f 2806/1/5207 2781/1/5207 2783/1/5207
f 2784/1/5208 2809/1/5209 2807/1/5210
f 2807/1/5210 2782/1/5208 2784/1/5208
f 2783/1/5211 2785/1/5211 2810/1/5211
f 2810/1/5211 2808/1/5211 2783/1/5211
f 2786/1/5212 2811/1/5213 2809/1/5214
f 2809/1/5214 2784/1/5215 2786/1/5212
f 2812/1/5216 2810/1/5216 2785/1/5216
f 2785/1/5216 2725/1/5216 2812/1/5216
f 2811/1/5217 2786/1/5218 2760/1/5219
f 2760/1/5219 2813/1/5218 2811/1/5217
f 2812/1/5220 2725/1/5220 2724/1/5220
f 2724/1/5220 2814/1/5220 2812/1/5220
f 2759/1/5221 2815/1/5222 2813/1/5222
f 2813/1/5222 2760/1/5222 2759/1/5221
f 2814/1/5223 2724/1/5223 2761/1/5223
f 2761/1/5223 2816/1/5223 2814/1/5223
f 2762/1/5224 2817/1/5224 2799/1/5224
f 2799/1/5224 2763/1/5224 2762/1/5224
f 2764/1/5225 2818/1/5226 2815/1/5227
f 2815/1/5227 2759/1/5228 2764/1/5225
f 2758/1/5229 2757/1/5229 2816/1/5229
f 2816/1/5229 2761/1/5229 2758/1/5229
f 2817/1/5230 2762/1/5230 2765/1/5230
f 2765/1/5230 2792/1/5230 2817/1/5230
f 2818/1/5231 2764/1/5232 2766/1/5232
f 2766/1/5232 2794/1/5231 2818/1/5231
f 2819/1/5233 2820/1/5233 2821/1/5234
f 2821/1/5234 2822/1/5235 2819/1/5233
f 2823/1/5236 2798/1/5237 2800/1/5238
f 2800/1/5238 2824/1/5239 2823/1/5236
f 2801/1/5240 2825/1/5241 2788/1/5242
f 2788/1/5242 2787/1/5240 2801/1/5240
f 2802/1/5243 2826/1/5244 2824/1/5245
f 2824/1/5245 2800/1/5246 2802/1/5243
f 2825/1/5247 2801/1/5247 2803/1/5247
f 2803/1/5247 2822/1/5247 2825/1/5247
f 2804/1/5248 2827/1/5249 2826/1/5250
f 2826/1/5250 2802/1/5251 2804/1/5248
f 2805/1/5252 2819/1/5253 2822/1/5254
f 2822/1/5254 2803/1/5255 2805/1/5252
f 2827/1/5256 2804/1/5257 2806/1/5258
f 2806/1/5258 2828/1/5259 2827/1/5256
f 2807/1/5260 2829/1/5261 2819/1/5262
f 2819/1/5262 2805/1/5263 2807/1/5260
f 2808/1/5264 2830/1/5265 2828/1/5266
f 2828/1/5266 2806/1/5267 2808/1/5264
f 2829/1/5268 2807/1/5269 2809/1/5270
f 2809/1/5270 2831/1/5271 2829/1/5268
f 2810/1/5272 2832/1/5273 2830/1/5274
f 2830/1/5274 2808/1/5275 2810/1/5272
f 2811/1/5276 2833/1/5277 2831/1/5276
f 2831/1/5276 2809/1/5278 2811/1/5276
f 2832/1/5279 2810/1/5280 2812/1/5281
f 2812/1/5281 2834/1/5282 2832/1/5279
f 2813/1/5283 2835/1/5284 2833/1/5285
f 2833/1/5285 2811/1/5286 2813/1/5283
f 2814/1/5287 2836/1/5288 2834/1/5289
f 2834/1/5289 2812/1/5290 2814/1/5287
f 2835/1/5291 2813/1/5292 2815/1/5293
f 2815/1/5293 2837/1/5293 2835/1/5291
f 2816/1/5294 2838/1/5295 2836/1/5294
f 2836/1/5294 2814/1/5296 2816/1/5294
f 2799/1/5297 2817/1/5298 2839/1/5299
f 2839/1/5299 2840/1/5299 2799/1/5297
f 2818/1/5300 2841/1/5301 2837/1/5302
f 2837/1/5302 2815/1/5301 2818/1/5300
f 2838/1/5303 2816/1/5304 2757/1/5303
f 2757/1/5303 2842/1/5303 2838/1/5303
f 2792/1/5305 2843/1/5306 2839/1/5305
f 2839/1/5305 2817/1/5307 2792/1/5305
f 2794/1/5308 2844/1/5309 2841/1/5310
f 2841/1/5310 2818/1/5311 2794/1/5308
f 2756/1/5312 2845/1/5313 2842/1/5314
f 2842/1/5314 2757/1/5314 2756/1/5312
f 2843/1/5315 2792/1/5316 2791/1/5317
f 2791/1/5317 2846/1/5318 2843/1/5315
f 2844/1/5319 2794/1/5320 2793/1/5321
f 2793/1/5321 2847/1/5322 2844/1/5319
f 2795/1/5323 2848/1/5324 2845/1/5325
f 2845/1/5325 2756/1/5324 2795/1/5323
f 2796/1/5326 2849/1/5327 2846/1/5328
f 2846/1/5328 2791/1/5329 2796/1/5326
f 2797/1/5330 2850/1/5331 2847/1/5332
f 2847/1/5332 2793/1/5332 2797/1/5330
f 2848/1/5333 2795/1/5334 2790/1/5333
f 2790/1/5333 2789/1/5333 2848/1/5333
f 2798/1/5335 2823/1/5336 2849/1/5336
f 2849/1/5336 2796/1/5336 2798/1/5335
f 2840/1/5337 2850/1/5338 2797/1/5338
f 2797/1/5338 2799/1/5337 2840/1/5337
f 2851/1/5339 2852/1/5340 2853/1/5340
f 2853/1/5340 2854/1/5341 2851/1/5339
f 2828/1/5342 2855/1/5343 2856/1/5344
f 2856/1/5344 2827/1/5342 2828/1/5342
f 2829/1/5345 2857/1/5345 2820/1/5346
f 2820/1/5346 2819/1/5345 2829/1/5345
f 2830/1/5347 2858/1/5347 2855/1/5347
f 2855/1/5347 2828/1/5347 2830/1/5347
f 2831/1/5348 2854/1/5349 2857/1/5350
f 2857/1/5350 2829/1/5350 2831/1/5348
f 2859/1/5351 2858/1/5352 2830/1/5353
f 2830/1/5353 2832/1/5354 2859/1/5351
f 2833/1/5355 2851/1/5356 2854/1/5357
f 2854/1/5357 2831/1/5358 2833/1/5355
f 2834/1/5359 2860/1/5359 2859/1/5360
f 2859/1/5360 2832/1/5361 2834/1/5359
f 2861/1/5362 2851/1/5363 2833/1/5362
f 2833/1/5362 2835/1/5364 2861/1/5362
f 2860/1/5365 2834/1/5366 2836/1/5367
f 2836/1/5367 2862/1/5368 2860/1/5365
f 2863/1/5369 2861/1/5370 2835/1/5371
f 2835/1/5371 2837/1/5372 2863/1/5369
f 2838/1/5373 2864/1/5374 2862/1/5375
f 2862/1/5375 2836/1/5375 2838/1/5373
f 2865/1/5376 2840/1/5377 2839/1/5376
f 2839/1/5376 2866/1/5378 2865/1/5376
f 2867/1/5379 2863/1/5380 2837/1/5381
f 2837/1/5381 2841/1/5382 2867/1/5379
f 2842/1/5383 2868/1/5383 2864/1/5383
f 2864/1/5383 2838/1/5384 2842/1/5383
f 2866/1/5385 2839/1/5385 2843/1/5385
f 2843/1/5385 2869/1/5386 2866/1/5385
f 2867/1/5387 2841/1/5388 2844/1/5388
f 2844/1/5388 2870/1/5389 2867/1/5387
f 2845/1/5390 2871/1/5390 2868/1/5390
f 2868/1/5390 2842/1/5390 2845/1/5390
f 2846/1/5391 2872/1/5392 2869/1/5392
f 2869/1/5392 2843/1/5393 2846/1/5391
f 2847/1/5394 2873/1/5395 2870/1/5394
f 2870/1/5394 2844/1/5395 2847/1/5394
f 2848/1/5396 2874/1/5397 2871/1/5397
f 2871/1/5397 2845/1/5398 2848/1/5396
f 2872/1/5399 2846/1/5400 2849/1/5401
f 2849/1/5401 2875/1/5402 2872/1/5399
f 2850/1/5403 2876/1/5404 2873/1/5403
f 2873/1/5403 2847/1/5405 2850/1/5403
f 2789/1/5406 2877/1/5406 2874/1/5406
f 2874/1/5406 2848/1/5406 2789/1/5406
f 2823/1/5407 2878/1/5408 2875/1/5407
f 2875/1/5407 2849/1/5409 2823/1/5407
f 2865/1/5410 2876/1/5410 2850/1/5410
f 2850/1/5410 2840/1/5411 2865/1/5410
f 2788/1/5412 2879/1/5413 2877/1/5412
f 2877/1/5412 2789/1/5412 2788/1/5412
f 2824/1/5414 2880/1/5415 2878/1/5416
f 2878/1/5416 2823/1/5415 2824/1/5414
f 2825/1/5417 2881/1/5418 2879/1/5417
f 2879/1/5417 2788/1/5419 2825/1/5417
f 2880/1/5420 2824/1/5420 2826/1/5420
f 2826/1/5420 2882/1/5420 2880/1/5420
f 2822/1/5421 2821/1/5422 2881/1/5422
f 2881/1/5422 2825/1/5423 2822/1/5421
f 2856/1/5424 2882/1/5424 2826/1/5425
f 2826/1/5425 2827/1/5425 2856/1/5424
f 2883/1/5426 2884/1/5427 2885/1/5428
f 2885/1/5428 2886/1/5429 2883/1/5426
f 2887/1/5430 2888/1/5430 2859/1/5430
f 2859/1/5430 2860/1/5430 2887/1/5430
f 2889/1/5431 2852/1/5432 2851/1/5433
f 2851/1/5433 2861/1/5434 2889/1/5431
f 2862/1/5435 2890/1/5435 2887/1/5435
f 2887/1/5435 2860/1/5435 2862/1/5435
f 2891/1/5436 2889/1/5436 2861/1/5437
f 2861/1/5437 2863/1/5436 2891/1/5436
f 2864/1/5438 2892/1/5438 2890/1/5438
f 2890/1/5438 2862/1/5438 2864/1/5438
f 2865/1/5439 2866/1/5439 2893/1/5439
f 2893/1/5439 2894/1/5439 2865/1/5439
f 2867/1/5440 2895/1/5441 2891/1/5442
f 2891/1/5442 2863/1/5441 2867/1/5440
f 2892/1/5443 2864/1/5443 2868/1/5443
f 2868/1/5443 2896/1/5443 2892/1/5443
f 2869/1/5444 2897/1/5444 2893/1/5444
f 2893/1/5444 2866/1/5444 2869/1/5444
f 2895/1/5445 2867/1/5446 2870/1/5446
f 2870/1/5446 2898/1/5446 2895/1/5445
f 2871/1/5447 2899/1/5447 2896/1/5447
f 2896/1/5447 2868/1/5447 2871/1/5447
f 2872/1/5448 2900/1/5448 2897/1/5448
f 2897/1/5448 2869/1/5448 2872/1/5448
f 2901/1/5449 2898/1/5449 2870/1/5449
f 2870/1/5449 2873/1/5449 2901/1/5449
f 2884/1/5450 2899/1/5450 2871/1/5450
f 2871/1/5450 2874/1/5450 2884/1/5450
f 2875/1/5451 2902/1/5451 2900/1/5451
f 2900/1/5451 2872/1/5451 2875/1/5451
f 2876/1/5452 2903/1/5452 2901/1/5452
f 2901/1/5452 2873/1/5452 2876/1/5452
f 2884/1/5453 2874/1/5453 2877/1/5453
f 2877/1/5453 2885/1/5453 2884/1/5453
f 2878/1/5454 2904/1/5454 2902/1/5454
f 2902/1/5454 2875/1/5454 2878/1/5454
f 2894/1/5455 2903/1/5455 2876/1/5455
f 2876/1/5455 2865/1/5455 2894/1/5455
f 2879/1/5456 2905/1/5456 2885/1/5457
f 2885/1/5457 2877/1/5456 2879/1/5456
f 2904/1/5458 2878/1/5459 2880/1/5458
f 2880/1/5458 2906/1/5458 2904/1/5458
f 2905/1/5460 2879/1/5461 2881/1/5461
f 2881/1/5461 2907/1/5461 2905/1/5460
f 2882/1/5462 2908/1/5462 2906/1/5462
f 2906/1/5462 2880/1/5462 2882/1/5462
f 2907/1/5463 2881/1/5463 2821/1/5464
f 2821/1/5464 2909/1/5463 2907/1/5463
f 2910/1/5465 2908/1/5466 2882/1/5467
f 2882/1/5467 2856/1/5466 2910/1/5465
f 2911/1/5468 2909/1/5469 2821/1/5469
f 2821/1/5469 2820/1/5469 2911/1/5468
f 2912/1/5470 2910/1/5470 2856/1/5471
f 2856/1/5471 2855/1/5470 2912/1/5470
f 2857/1/5472 2913/1/5473 2911/1/5474
f 2911/1/5474 2820/1/5475 2857/1/5472
f 2858/1/5476 2914/1/5476 2912/1/5476
f 2912/1/5476 2855/1/5476 2858/1/5476
f 2913/1/5477 2857/1/5478 2854/1/5479
f 2854/1/5479 2853/1/5480 2913/1/5477
f 2858/1/5481 2859/1/5482 2888/1/5481
f 2888/1/5481 2914/1/5481 2858/1/5481
f 2915/1/5483 2916/1/5484 2917/1/5485
f 2917/1/5485 2918/1/5486 2915/1/5483
f 2904/1/5487 2919/1/5488 2920/1/5489
f 2920/1/5489 2902/1/5490 2904/1/5487
f 2903/1/5491 2894/1/5492 2921/1/5493
f 2921/1/5493 2922/1/5494 2903/1/5491
f 2923/1/5495 2886/1/5496 2885/1/5497
f 2885/1/5497 2905/1/5498 2923/1/5495
f 2904/1/5499 2906/1/5499 2924/1/5499
f 2924/1/5499 2919/1/5499 2904/1/5499
f 2907/1/5500 2916/1/5501 2923/1/5502
f 2923/1/5502 2905/1/5501 2907/1/5500
f 2925/1/5503 2924/1/5504 2906/1/5504
f 2906/1/5504 2908/1/5505 2925/1/5503
f 2909/1/5506 2917/1/5507 2916/1/5508
f 2916/1/5508 2907/1/5509 2909/1/5506
f 2910/1/5510 2926/1/5511 2925/1/5512
f 2925/1/5512 2908/1/5513 2910/1/5510
f 2917/1/5514 2909/1/5515 2911/1/5516
f 2911/1/5516 2927/1/5517 2917/1/5514
f 2912/1/5518 2928/1/5519 2926/1/5520
f 2926/1/5520 2910/1/5521 2912/1/5518
f 2913/1/5522 2929/1/5523 2927/1/5524
f 2927/1/5524 2911/1/5525 2913/1/5522
f 2912/1/5526 2914/1/5526 2930/1/5527
f 2930/1/5527 2928/1/5527 2912/1/5526
f 2913/1/5528 2853/1/5529 2931/1/5530
f 2931/1/5530 2929/1/5528 2913/1/5528
f 2888/1/5531 2932/1/5531 2930/1/5531
f 2930/1/5531 2914/1/5531 2888/1/5531
f 2933/1/5532 2931/1/5533 2853/1/5534
f 2853/1/5534 2852/1/5535 2933/1/5532
f 2934/1/5536 2932/1/5536 2888/1/5536
f 2888/1/5536 2887/1/5536 2934/1/5536
f 2933/1/5537 2852/1/5537 2889/1/5538
f 2889/1/5538 2935/1/5539 2933/1/5537
f 2936/1/5540 2934/1/5540 2887/1/5540
f 2887/1/5540 2890/1/5540 2936/1/5540
f 2891/1/5541 2937/1/5542 2935/1/5543
f 2935/1/5543 2889/1/5544 2891/1/5541
f 2890/1/5545 2892/1/5545 2938/1/5545
f 2938/1/5545 2936/1/5545 2890/1/5545
f 2939/1/5546 2921/1/5547 2894/1/5548
f 2894/1/5548 2893/1/5549 2939/1/5546
f 2891/1/5550 2895/1/5551 2940/1/5551
f 2940/1/5551 2937/1/5552 2891/1/5550
f 2938/1/5553 2892/1/5553 2896/1/5554
f 2896/1/5554 2941/1/5555 2938/1/5553
f 2939/1/5556 2893/1/5557 2897/1/5558
f 2897/1/5558 2942/1/5557 2939/1/5556
f 2898/1/5559 2943/1/5560 2940/1/5559
f 2940/1/5559 2895/1/5561 2898/1/5559
f 2896/1/5562 2899/1/5563 2944/1/5564
f 2944/1/5564 2941/1/5562 2896/1/5562
f 2897/1/5565 2900/1/5565 2945/1/5565
f 2945/1/5565 2942/1/5565 2897/1/5565
f 2946/1/5566 2943/1/5567 2898/1/5568
f 2898/1/5568 2901/1/5569 2946/1/5566
f 2884/1/5570 2883/1/5570 2944/1/5570
f 2944/1/5570 2899/1/5571 2884/1/5570
f 2920/1/5572 2945/1/5573 2900/1/5573
f 2900/1/5573 2902/1/5573 2920/1/5572
f 2922/1/5574 2946/1/5575 2901/1/5576
f 2901/1/5576 2903/1/5576 2922/1/5574
f 2947/1/5577 2948/1/5578 2949/1/5579
f 2949/1/5579 2950/1/5578 2947/1/5577
f 2951/1/5580 2925/1/5581 2926/1/5582
f 2926/1/5582 2952/1/5583 2951/1/5580
f 2917/1/5584 2927/1/5585 2953/1/5586
f 2953/1/5586 2918/1/5587 2917/1/5584
f 2954/1/5588 2952/1/5589 2926/1/5590
f 2926/1/5590 2928/1/5591 2954/1/5588
f 2948/1/5592 2953/1/5593 2927/1/5594
f 2927/1/5594 2929/1/5595 2948/1/5592
f 2928/1/5596 2930/1/5597 2955/1/5598
f 2955/1/5598 2954/1/5599 2928/1/5596
f 2931/1/5600 2949/1/5601 2948/1/5602
f 2948/1/5602 2929/1/5603 2931/1/5600
f 2956/1/5604 2955/1/5605 2930/1/5604
f 2930/1/5604 2932/1/5606 2956/1/5604
f 2933/1/5607 2957/1/5608 2949/1/5609
f 2949/1/5609 2931/1/5610 2933/1/5607
f 2934/1/5611 2958/1/5612 2956/1/5613
f 2956/1/5613 2932/1/5614 2934/1/5611
f 2957/1/5615 2933/1/5616 2935/1/5617
f 2935/1/5617 2959/1/5618 2957/1/5615
f 2936/1/5619 2960/1/5619 2958/1/5620
f 2958/1/5620 2934/1/5621 2936/1/5619
f 2959/1/5622 2935/1/5623 2937/1/5624
f 2937/1/5624 2961/1/5625 2959/1/5622
f 2960/1/5626 2936/1/5626 2938/1/5627
f 2938/1/5627 2962/1/5626 2960/1/5626
f 2963/1/5628 2964/1/5629 2921/1/5629
f 2921/1/5629 2939/1/5628 2963/1/5628
f 2937/1/5630 2940/1/5631 2965/1/5632
f 2965/1/5632 2961/1/5633 2937/1/5630
f 2966/1/5634 2962/1/5635 2938/1/5635
f 2938/1/5635 2941/1/5636 2966/1/5634
f 2967/1/5637 2963/1/5638 2939/1/5639
f 2939/1/5639 2942/1/5640 2967/1/5637
f 2968/1/5641 2965/1/5641 2940/1/5641
f 2940/1/5641 2943/1/5641 2968/1/5641
f 2941/1/5642 2944/1/5643 2969/1/5642
f 2969/1/5642 2966/1/5643 2941/1/5642
f 2945/1/5644 2970/1/5644 2967/1/5645
f 2967/1/5645 2942/1/5646 2945/1/5644
f 2946/1/5647 2971/1/5648 2968/1/5649
f 2968/1/5649 2943/1/5647 2946/1/5647
f 2972/1/5650 2969/1/5650 2944/1/5650
f 2944/1/5650 2883/1/5651 2972/1/5650
f 2970/1/5652 2945/1/5653 2920/1/5654
f 2920/1/5654 2973/1/5655 2970/1/5652
f 2922/1/5656 2974/1/5657 2971/1/5658
f 2971/1/5658 2946/1/5657 2922/1/5656
f 2886/1/5659 2975/1/5660 2972/1/5659
f 2972/1/5659 2883/1/5659 2886/1/5659
f 2976/1/5661 2973/1/5662 2920/1/5662
f 2920/1/5662 2919/1/5661 2976/1/5661
f 2974/1/5663 2922/1/5664 2921/1/5663
f 2921/1/5663 2964/1/5665 2974/1/5663
f 2923/1/5666 2977/1/5666 2975/1/5666
f 2975/1/5666 2886/1/5666 2923/1/5666
f 2924/1/5667 2978/1/5668 2976/1/5669
f 2976/1/5669 2919/1/5670 2924/1/5667
f 2977/1/5671 2923/1/5671 2916/1/5672
f 2916/1/5672 2915/1/5672 2977/1/5671
f 2925/1/5673 2951/1/5674 2978/1/5675
f 2978/1/5675 2924/1/5676 2925/1/5673
f 2979/1/5677 2980/1/5678 2981/1/5678
f 2979/1/5677 2981/1/5678 2982/1/5679
f 2982/1/5679 2983/1/5678 2984/1/5678
f 2982/1/5679 2984/1/5678 2985/1/5680
f 2979/1/5677 2982/1/5679 2985/1/5680
f 2985/1/5680 2986/1/5678 2987/1/5681
f 2985/1/5680 2987/1/5681 2988/1/5682
f 2989/1/5678 2990/1/5678 2991/1/5683
f 2988/1/5682 2989/1/5678 2991/1/5683
f 2985/1/5680 2988/1/5682 2991/1/5683
f 2979/1/5677 2985/1/5680 2991/1/5683
f 2991/1/5683 2992/1/5678 2993/1/5678
f 2991/1/5683 2993/1/5678 2994/1/5684
f 2995/1/5685 2996/1/5681 2997/1/5686
f 2994/1/5684 2995/1/5685 2997/1/5686
f 2991/1/5683 2994/1/5684 2997/1/5686
f 2979/1/5677 2991/1/5683 2997/1/5686
f 2997/1/5686 2998/1/5687 2999/1/5678
f 2997/1/5686 2999/1/5678 3000/1/5688
f 2997/1/5686 3000/1/5688 2947/1/5689
f 2979/1/5677 2997/1/5686 2947/1/5689
f 3001/1/5678 3002/1/5678 3003/1/5678
f 2950/1/5678 3001/1/5678 3003/1/5678
f 2947/1/5689 2950/1/5678 3003/1/5678
f 2947/1/5689 3003/1/5678 3004/1/5685
f 2979/1/5677 2947/1/5689 3004/1/5685
f 3004/1/5685 3005/1/5678 3006/1/5690
f 3004/1/5685 3006/1/5690 3007/1/5691
f 3004/1/5685 3007/1/5691 3008/1/5678
f 2979/1/5677 3004/1/5685 3008/1/5678
f 2956/1/5692 2989/1/5692 2988/1/5692
f 2988/1/5692 2955/1/5692 2956/1/5692
f 3001/1/5693 2950/1/5693 2949/1/5694
f 2949/1/5694 2957/1/5695 3001/1/5693
f 2989/1/5696 2956/1/5696 2958/1/5696
f 2958/1/5696 2990/1/5696 2989/1/5696
f 2957/1/5697 2959/1/5697 3002/1/5698
f 3002/1/5698 3001/1/5697 2957/1/5697
f 2991/1/5699 2990/1/5699 2958/1/5699
f 2958/1/5699 2960/1/5699 2991/1/5699
f 3003/1/5700 3002/1/5700 2959/1/5701
f 2959/1/5701 2961/1/5700 3003/1/5700
f 2960/1/5702 2962/1/5703 2992/1/5702
f 2992/1/5702 2991/1/5702 2960/1/5702
f 2979/1/5704 3008/1/5704 2964/1/5704
f 2964/1/5704 2963/1/5704 2979/1/5704
f 2965/1/5705 3004/1/5706 3003/1/5707
f 3003/1/5707 2961/1/5706 2965/1/5705
f 2993/1/5708 2992/1/5708 2962/1/5708
f 2962/1/5708 2966/1/5708 2993/1/5708
f 2963/1/5709 2967/1/5709 2980/1/5709
f 2980/1/5709 2979/1/5709 2963/1/5709
f 2968/1/5710 3005/1/5711 3004/1/5711
f 3004/1/5711 2965/1/5711 2968/1/5710
f 2969/1/5712 2994/1/5712 2993/1/5712
f 2993/1/5712 2966/1/5712 2969/1/5712
f 2981/1/5713 2980/1/5713 2967/1/5713
f 2967/1/5713 2970/1/5713 2981/1/5713
f 3005/1/5714 2968/1/5714 2971/1/5715
f 2971/1/5715 3006/1/5714 3005/1/5714
f 2972/1/5716 2995/1/5716 2994/1/5716
f 2994/1/5716 2969/1/5716 2972/1/5716
f 2973/1/5717 2982/1/5717 2981/1/5717
f 2981/1/5717 2970/1/5717 2973/1/5717
f 3007/1/5718 3006/1/5718 2971/1/5718
f 2971/1/5718 2974/1/5718 3007/1/5718
f 2995/1/5719 2972/1/5719 2975/1/5719
f 2975/1/5719 2996/1/5719 2995/1/5719
f 2976/1/5720 2983/1/5720 2982/1/5720
f 2982/1/5720 2973/1/5720 2976/1/5720
f 2964/1/5721 3008/1/5721 3007/1/5721
f 3007/1/5721 2974/1/5721 2964/1/5721
f 2997/1/5722 2996/1/5722 2975/1/5722
f 2975/1/5722 2977/1/5722 2997/1/5722
f 2983/1/5723 2976/1/5723 2978/1/5723
f 2978/1/5723 2984/1/5723 2983/1/5723
f 2977/1/5724 2915/1/5725 2998/1/5725
f 2998/1/5725 2997/1/5725 2977/1/5724
f 2985/1/5726 2984/1/5726 2978/1/5726
f 2978/1/5726 2951/1/5726 2985/1/5726
f 2999/1/5727 2998/1/5727 2915/1/5728
f 2915/1/5728 2918/1/5727 2999/1/5727
f 2951/1/5729 2952/1/5729 2986/1/5730
f 2986/1/5730 2985/1/5729 2951/1/5729
f 2953/1/5731 3000/1/5732 2999/1/5733
f 2999/1/5733 2918/1/5732 2953/1/5731
f 2987/1/5734 2986/1/5735 2952/1/5735
f 2952/1/5735 2954/1/5734 2987/1/5734
f 2948/1/5736 2947/1/5737 3000/1/5738
f 3000/1/5738 2953/1/5737 2948/1/5736
f 2955/1/5739 2988/1/5739 2987/1/5739
f 2987/1/5739 2954/1/5739 2955/1/5739
f 3009/1/1 3010/1/1 3011/1/1
f 3011/1/1 3012/1/1 3013/1/1
f 3009/1/1 3011/1/1 3013/1/1
f 3013/1/1 3014/1/1 3015/1/1
f 3015/1/1 3016/1/1 3017/1/1
f 3013/1/1 3015/1/1 3017/1/1
f 3009/1/1 3013/1/1 3017/1/1
f 3017/1/1 3018/1/1 3019/1/1
f 3019/1/1 3020/1/1 3021/1/1
f 3017/1/1 3019/1/1 3021/1/1
f 3021/1/1 3022/1/1 3023/1/1
f 3023/1/1 3024/1/1 3025/1/1
f 3021/1/1 3023/1/1 3025/1/1
f 3017/1/1 3021/1/1 3025/1/1
f 3025/1/1 3026/1/1 3027/1/1
f 3027/1/1 3028/1/1 3029/1/1
f 3025/1/1 3027/1/1 3029/1/1
f 3029/1/1 3030/1/1 3031/1/1
f 3031/1/1 3032/1/1 3033/1/1
f 3029/1/1 3031/1/1 3033/1/1
f 3025/1/1 3029/1/1 3033/1/1
f 3017/1/1 3025/1/1 3033/1/1
f 3009/1/1 3017/1/1 3033/1/1
f 3034/1/1 3035/1/1 3036/1/1
f 3033/1/1 3034/1/1 3036/1/1
f 3033/1/1 3036/1/1 3037/1/1
f 3009/1/1 3033/1/1 3037/1/1
f 3038/1/1 3009/1/1 3037/1/1
f 3038/1/1 3037/1/1 3039/1/1
f 3038/1/1 3039/1/1 3040/1/1
f 3041/1/119 3042/1/119 3043/1/119
f 3043/1/119 3044/1/119 3045/1/119
f 3041/1/119 3043/1/119 3045/1/119
f 3045/1/119 3046/1/119 3047/1/119
f 3047/1/119 3048/1/119 3049/1/119
f 3045/1/119 3047/1/119 3049/1/119
f 3041/1/119 3045/1/119 3049/1/119
f 3049/1/119 3050/1/119 3051/1/119
f 3051/1/119 3052/1/119 3053/1/119
f 3049/1/119 3051/1/119 3053/1/119
f 3053/1/119 3054/1/119 3055/1/119
f 3055/1/119 3056/1/119 3057/1/119
f 3053/1/119 3055/1/119 3057/1/119
f 3049/1/119 3053/1/119 3057/1/119
f 3041/1/119 3049/1/119 3057/1/119
f 3057/1/119 3058/1/119 3059/1/119
f 3059/1/119 3060/1/119 3061/1/119
f 3057/1/119 3059/1/119 3061/1/119
f 3061/1/119 3062/1/119 3063/1/119
f 3063/1/119 3064/1/119 3065/1/119
f 3061/1/119 3063/1/119 3065/1/119
f 3057/1/119 3061/1/119 3065/1/119
f 3065/1/119 3066/1/119 3067/1/119
f 3067/1/119 3068/1/119 3069/1/119
f 3065/1/119 3067/1/119 3069/1/119
f 3069/1/119 3070/1/119 3071/1/119
f 3069/1/119 3071/1/119 3072/1/119
f 3065/1/119 3069/1/119 3072/1/119
f 3057/1/119 3065/1/119 3072/1/119
f 3041/1/119 3057/1/119 3072/1/119
f 3034/1/5740 3047/1/5741 3046/1/5742
f 3046/1/5742 3035/1/5743 3034/1/5740
f 3020/1/5744 3061/1/5745 3060/1/5746
f 3060/1/5746 3021/1/5747 3020/1/5744
f 3048/1/5748 3047/1/5749 3034/1/5750
f 3034/1/5750 3033/1/5751 3048/1/5748
f 3019/1/5752 3062/1/5753 3061/1/5754
f 3061/1/5754 3020/1/5755 3019/1/5752
f 3048/1/5756 3033/1/5757 3032/1/5758
f 3032/1/5758 3049/1/5756 3048/1/5756
f 3018/1/5759 3063/1/5759 3062/1/5760
f 3062/1/5760 3019/1/5761 3018/1/5759
f 3032/1/5762 3031/1/5763 3050/1/5764
f 3050/1/5764 3049/1/5765 3032/1/5762
f 3017/1/5766 3064/1/5767 3063/1/5767
f 3063/1/5767 3018/1/5768 3017/1/5766
f 3030/1/5769 3051/1/5770 3050/1/5769
f 3050/1/5769 3031/1/5769 3030/1/5769
f 3016/1/5771 3065/1/5772 3064/1/5772
f 3064/1/5772 3017/1/5773 3016/1/5771
f 3029/1/5774 3052/1/5775 3051/1/5776
f 3051/1/5776 3030/1/5777 3029/1/5774
f 3015/1/5778 3066/1/5779 3065/1/5780
f 3065/1/5780 3016/1/5781 3015/1/5778
f 3028/1/5782 3053/1/5783 3052/1/5783
f 3052/1/5783 3029/1/5784 3028/1/5782
f 3014/1/5785 3067/1/5786 3066/1/5787
f 3066/1/5787 3015/1/5787 3014/1/5785
f 3027/1/5788 3054/1/5789 3053/1/5790
f 3053/1/5790 3028/1/5789 3027/1/5788
f 3072/1/5791 3009/1/5792 3038/1/5792
f 3038/1/5792 3041/1/5793 3072/1/5791
f 3013/1/5794 3068/1/5795 3067/1/5796
f 3067/1/5796 3014/1/5797 3013/1/5794
f 3026/1/5798 3055/1/5799 3054/1/5800
f 3054/1/5800 3027/1/5801 3026/1/5798
f 3041/1/5802 3038/1/5803 3040/1/5804
f 3040/1/5804 3042/1/5805 3041/1/5802
f 3012/1/5806 3069/1/5807 3068/1/5808
f 3068/1/5808 3013/1/5809 3012/1/5806
f 3025/1/5810 3056/1/5811 3055/1/5812
f 3055/1/5812 3026/1/5813 3025/1/5810
f 3042/1/5814 3040/1/5815 3039/1/5816
f 3039/1/5816 3043/1/5817 3042/1/5814
f 3011/1/5818 3070/1/5819 3069/1/5820
f 3069/1/5820 3012/1/5818 3011/1/5818
f 3024/1/5821 3057/1/5822 3056/1/5823
f 3056/1/5823 3025/1/5824 3024/1/5821
f 3039/1/5825 3037/1/5826 3044/1/5827
f 3044/1/5827 3043/1/5828 3039/1/5825
f 3010/1/5829 3071/1/5830 3070/1/5831
f 3070/1/5831 3011/1/5832 3010/1/5829
f 3023/1/5833 3058/1/5834 3057/1/5835
f 3057/1/5835 3024/1/5836 3023/1/5833
f 3036/1/5837 3045/1/5837 3044/1/5838
f 3044/1/5838 3037/1/5839 3036/1/5837
f 3010/1/5840 3009/1/5841 3072/1/5842
f 3072/1/5842 3071/1/5842 3010/1/5840
f 3022/1/5843 3059/1/5844 3058/1/5845
f 3058/1/5845 3023/1/5846 3022/1/5843
f 3046/1/5847 3045/1/5848 3036/1/5848
f 3036/1/5848 3035/1/5849 3046/1/5847
f 3021/1/5850 3060/1/5851 3059/1/5852
f 3059/1/5852 3022/1/5852 3021/1/5850
f 3073/1/1 3074/1/1 3075/1/1
f 3075/1/1 3076/1/1 3077/1/1
f 3073/1/1 3075/1/1 3077/1/1
f 3077/1/1 3078/1/1 3079/1/1
f 3079/1/1 3080/1/1 3081/1/1
f 3077/1/1 3079/1/1 3081/1/1
f 3073/1/1 3077/1/1 3081/1/1
f 3081/1/1 3082/1/1 3083/1/1
f 3083/1/1 3084/1/1 3085/1/1
f 3081/1/1 3083/1/1 3085/1/1
f 3085/1/1 3086/1/1 3087/1/1
f 3087/1/1 3088/1/1 3089/1/1
f 3085/1/1 3087/1/1 3089/1/1
f 3081/1/1 3085/1/1 3089/1/1
f 3089/1/1 3090/1/1 3091/1/1
f 3091/1/1 3092/1/1 3093/1/1
f 3089/1/1 3091/1/1 3093/1/1
f 3093/1/1 3094/1/1 3095/1/1
f 3095/1/1 3096/1/1 3097/1/1
f 3093/1/1 3095/1/1 3097/1/1
f 3089/1/1 3093/1/1 3097/1/1
f 3081/1/1 3089/1/1 3097/1/1
f 3073/1/1 3081/1/1 3097/1/1
f 3098/1/1 3099/1/1 3100/1/1
f 3097/1/1 3098/1/1 3100/1/1
f 3097/1/1 3100/1/1 3101/1/1
f 3073/1/1 3097/1/1 3101/1/1
f 3102/1/1 3073/1/1 3101/1/1
f 3102/1/1 3101/1/1 3103/1/1
f 3102/1/1 3103/1/1 3104/1/1
f 3105/1/137 3106/1/137 3107/1/137
f 3107/1/137 3108/1/137 3105/1/137
f 3109/1/5853 3097/1/5854 3096/1/5855
f 3096/1/5855 3110/1/5855 3109/1/5853
f 3082/1/5856 3111/1/5857 3112/1/5856
f 3112/1/5856 3083/1/5856 3082/1/5856
f 3096/1/5858 3095/1/5859 3113/1/5860
f 3113/1/5860 3110/1/5861 3096/1/5858
f 3081/1/5862 3114/1/5863 3111/1/5862
f 3111/1/5862 3082/1/5864 3081/1/5862
f 3094/1/5865 3115/1/5865 3113/1/5866
f 3113/1/5866 3095/1/5867 3094/1/5865
f 3080/1/5868 3116/1/5868 3114/1/5869
f 3114/1/5869 3081/1/5870 3080/1/5868
f 3093/1/5871 3117/1/5872 3115/1/5873
f 3115/1/5873 3094/1/5874 3093/1/5871
f 3079/1/5875 3118/1/5876 3116/1/5877
f 3116/1/5877 3080/1/5875 3079/1/5875
f 3092/1/5878 3119/1/5879 3117/1/5879
f 3117/1/5879 3093/1/5880 3092/1/5878
f 3078/1/5881 3120/1/5882 3118/1/5883
f 3118/1/5883 3079/1/5883 3078/1/5881
f 3091/1/5884 3121/1/5885 3119/1/5886
f 3119/1/5886 3092/1/5887 3091/1/5884
f 3122/1/5888 3073/1/5889 3102/1/5890
f 3102/1/5890 3123/1/5888 3122/1/5888
f 3077/1/5891 3124/1/5892 3120/1/5893
f 3120/1/5893 3078/1/5893 3077/1/5891
f 3090/1/5894 3125/1/5894 3121/1/5895
f 3121/1/5895 3091/1/5896 3090/1/5894
f 3123/1/5897 3102/1/5897 3104/1/5898
f 3104/1/5898 3126/1/5897 3123/1/5897
f 3076/1/5899 3127/1/5899 3124/1/5899
f 3124/1/5899 3077/1/5900 3076/1/5899
f 3089/1/5901 3128/1/5902 3125/1/5903
f 3125/1/5903 3090/1/5903 3089/1/5901
f 3126/1/5904 3104/1/5904 3103/1/5905
f 3103/1/5905 3108/1/5906 3126/1/5904
f 3075/1/5907 3129/1/5908 3127/1/5909
f 3127/1/5909 3076/1/5907 3075/1/5907
f 3088/1/5910 3130/1/5911 3128/1/5912
f 3128/1/5912 3089/1/5911 3088/1/5910
f 3103/1/5913 3101/1/5914 3105/1/5915
f 3105/1/5915 3108/1/5916 3103/1/5913
f 3074/1/5917 3131/1/5918 3129/1/5919
f 3129/1/5919 3075/1/5920 3074/1/5917
f 3087/1/5921 3132/1/5921 3130/1/5922
f 3130/1/5922 3088/1/5921 3087/1/5921
f 3100/1/5923 3133/1/5924 3105/1/5925
f 3105/1/5925 3101/1/5926 3100/1/5923
f 3074/1/5927 3073/1/5928 3122/1/5927
f 3122/1/5927 3131/1/5927 3074/1/5927
f 3086/1/5929 3134/1/5930 3132/1/5931
f 3132/1/5931 3087/1/5932 3086/1/5929
f 3135/1/5933 3133/1/5934 3100/1/5935
f 3100/1/5935 3099/1/5936 3135/1/5933
f 3085/1/5937 3136/1/5938 3134/1/5939
f 3134/1/5939 3086/1/5940 3085/1/5937
f 3098/1/5941 3137/1/5942 3135/1/5942
f 3135/1/5942 3099/1/5943 3098/1/5941
f 3084/1/5944 3138/1/5945 3136/1/5946
f 3136/1/5946 3085/1/5947 3084/1/5944
f 3109/1/5948 3137/1/5949 3098/1/5950
f 3098/1/5950 3097/1/5951 3109/1/5948
f 3083/1/5952 3112/1/5953 3138/1/5953
f 3138/1/5953 3084/1/5954 3083/1/5952
f 3139/1/119 3140/1/119 3107/1/119
f 3107/1/119 3106/1/119 3141/1/119
f 3139/1/119 3107/1/119 3141/1/119
f 3141/1/119 3142/1/119 3143/1/119
f 3141/1/119 3143/1/119 3144/1/119
f 3139/1/119 3141/1/119 3144/1/119
f 3139/1/119 3144/1/119 3145/1/119
f 3145/1/119 3146/1/119 3147/1/119
f 3147/1/119 3148/1/119 3149/1/119
f 3145/1/119 3147/1/119 3149/1/119
f 3149/1/119 3150/1/119 3151/1/119
f 3151/1/119 3152/1/119 3153/1/119
f 3149/1/119 3151/1/119 3153/1/119
f 3145/1/119 3149/1/119 3153/1/119
f 3153/1/119 3154/1/119 3155/1/119
f 3155/1/119 3156/1/119 3157/1/119
f 3153/1/119 3155/1/119 3157/1/119
f 3157/1/119 3158/1/119 3159/1/119
f 3159/1/119 3160/1/119 3161/1/119
f 3157/1/119 3159/1/119 3161/1/119
f 3153/1/119 3157/1/119 3161/1/119
f 3145/1/119 3153/1/119 3161/1/119
f 3161/1/119 3162/1/119 3163/1/119
f 3163/1/119 3164/1/119 3165/1/119
f 3161/1/119 3163/1/119 3165/1/119
f 3165/1/119 3166/1/119 3167/1/119
f 3165/1/119 3167/1/119 3168/1/119
f 3161/1/119 3165/1/119 3168/1/119
f 3145/1/119 3161/1/119 3168/1/119
f 3139/1/119 3145/1/119 3168/1/119
f 3131/1/5955 3167/1/5955 3166/1/5955
f 3166/1/5955 3129/1/5955 3131/1/5955
f 3132/1/5956 3154/1/5956 3153/1/5956
f 3153/1/5956 3130/1/5956 3132/1/5956
f 3133/1/140 3141/1/140 3106/1/140
f 3106/1/140 3105/1/140 3133/1/140
f 3131/1/5957 3122/1/5957 3168/1/5957
f 3168/1/5957 3167/1/5957 3131/1/5957
f 3134/1/5958 3155/1/5958 3154/1/5958
f 3154/1/5958 3132/1/5958 3134/1/5958
f 3135/1/5959 3142/1/5959 3141/1/5959
f 3141/1/5959 3133/1/5959 3135/1/5959
f 3136/1/147 3156/1/147 3155/1/147
f 3155/1/147 3134/1/147 3136/1/147
f 3137/1/5960 3143/1/5961 3142/1/5962
f 3142/1/5962 3135/1/5961 3137/1/5960
f 3138/1/5963 3157/1/5963 3156/1/5963
f 3156/1/5963 3136/1/5963 3138/1/5963
f 3109/1/5964 3144/1/5964 3143/1/5964
f 3143/1/5964 3137/1/5965 3109/1/5964
f 3112/1/5966 3158/1/5966 3157/1/5966
f 3157/1/5966 3138/1/5966 3112/1/5966
f 3110/1/5967 3145/1/5968 3144/1/5967
f 3144/1/5967 3109/1/5969 3110/1/5967
f 3111/1/153 3159/1/153 3158/1/153
f 3158/1/153 3112/1/153 3111/1/153
f 3113/1/5970 3146/1/5970 3145/1/5970
f 3145/1/5970 3110/1/5970 3113/1/5970
f 3114/1/5971 3160/1/5972 3159/1/5971
f 3159/1/5971 3111/1/155 3114/1/5971
f 3115/1/5973 3147/1/5973 3146/1/5973
f 3146/1/5973 3113/1/5973 3115/1/5973
f 3116/1/5974 3161/1/5975 3160/1/5974
f 3160/1/5974 3114/1/5976 3116/1/5974
f 3117/1/5977 3148/1/5977 3147/1/5977
f 3147/1/5977 3115/1/5977 3117/1/5977
f 3118/1/5978 3162/1/5978 3161/1/5978
f 3161/1/5978 3116/1/5978 3118/1/5978
f 3119/1/123 3149/1/123 3148/1/123
f 3148/1/123 3117/1/123 3119/1/123
f 3120/1/5979 3163/1/5979 3162/1/5979
f 3162/1/5979 3118/1/5979 3120/1/5979
f 3121/1/5980 3150/1/5980 3149/1/5980
f 3149/1/5980 3119/1/5981 3121/1/5980
f 3123/1/5982 3139/1/5982 3168/1/5982
f 3168/1/5982 3122/1/5982 3123/1/5982
f 3124/1/5983 3164/1/5983 3163/1/5983
f 3163/1/5983 3120/1/5983 3124/1/5983
f 3125/1/5984 3151/1/129 3150/1/5985
f 3150/1/5985 3121/1/5985 3125/1/5984
f 3126/1/5986 3140/1/130 3139/1/5986
f 3139/1/5986 3123/1/130 3126/1/5986
f 3127/1/131 3165/1/131 3164/1/131
f 3164/1/131 3124/1/131 3127/1/131
f 3128/1/5987 3152/1/5987 3151/1/5987
f 3151/1/5987 3125/1/5987 3128/1/5987
f 3108/1/5988 3107/1/5988 3140/1/5988
f 3140/1/5988 3126/1/5989 3108/1/5988
f 3129/1/5990 3166/1/5990 3165/1/5990
f 3165/1/5990 3127/1/5990 3129/1/5990
f 3130/1/5991 3153/1/5991 3152/1/5991
f 3152/1/5991 3128/1/5991 3130/1/5991
f 3169/2/5992 3170/3/5992 3171/4/5992
f 3171/4/5992 3172/5/5992 3169/2/5992
f 3170/3/5993 3173/6/5993 3174/7/5993
f 3174/7/5993 3171/4/5993 3170/3/5993
f 3173/6/5994 3175/8/5994 3176/9/5995
f 3176/9/5995 3174/7/5995 3173/6/5994
f 3175/8/5996 3177/10/5996 3178/11/5996
f 3178/11/5996 3176/9/5996 3175/8/5996
f 3179/12/5997 3180/13/5997 3178/11/5997
f 3178/11/5997 3177/10/5997 3179/12/5997
f 3181/14/5998 3180/13/5998 3179/12/5999
f 3179/12/5999 3182/15/5999 3181/14/5998
f 3183/16/6000 3181/14/6000 3182/15/6000
f 3182/15/6000 3184/17/6000 3183/16/6000
f 3185/18/6001 3186/19/6001 3183/16/6001
f 3183/16/6001 3184/17/6001 3185/18/6001
f 3187/20/6002 3186/19/6002 3185/18/6002
f 3185/18/6002 3188/21/6002 3187/20/6002
f 3189/22/6003 3187/20/6003 3188/21/6003
f 3188/21/6003 3190/23/6003 3189/22/6003
f 3191/24/6004 3189/22/6004 3190/23/6004
f 3190/23/6004 3192/25/6004 3191/24/6004
f 3193/26/6005 3194/27/6005 3191/24/6005
f 3191/24/6005 3192/25/6005 3193/26/6005
f 3195/28/6006 3194/27/6007 3193/26/6008
f 3193/26/6008 3196/29/6007 3195/28/6006
f 3197/30/6009 3195/28/6009 3196/29/6009
f 3196/29/6009 3198/31/6009 3197/30/6009
f 3199/32/6010 3197/30/6010 3198/31/6010
f 3198/31/6010 3200/33/6010 3199/32/6010
f 3201/34/6011 3199/32/6011 3200/33/6011
f 3200/33/6011 3202/35/6011 3201/34/6011
f 3203/36/6012 3201/34/6012 3202/35/6012
f 3202/35/6012 3204/37/6012 3203/36/6012
f 3205/38/6013 3203/36/6013 3204/37/6013
f 3204/37/6013 3206/39/6013 3205/38/6013
f 3207/40/6014 3205/38/6014 3206/39/6014
f 3206/39/6014 3208/41/6014 3207/40/6014
f 3209/42/6015 3210/43/6015 3207/40/6015
f 3207/40/6015 3208/41/6015 3209/42/6015
f 3209/42/6016 3211/44/6016 3212/45/6016
f 3212/45/6016 3210/43/6016 3209/42/6016
f 3213/46/6017 3212/45/6017 3211/44/6017
f 3211/44/6017 3214/47/6017 3213/46/6017
f 3215/48/6018 3213/46/6018 3214/47/6018
f 3214/47/6018 3216/49/6018 3215/48/6018
f 3217/50/6019 3218/51/6019 3215/48/6019
f 3215/48/6019 3216/49/6019 3217/50/6019
f 3219/52/6020 3220/53/6020 3218/51/6020
f 3218/51/6020 3217/50/6020 3219/52/6020
f 3221/54/6021 3220/53/6021 3219/52/6021
f 3219/52/6021 3222/55/6021 3221/54/6021
f 3223/56/6022 3224/57/6022 3221/54/6022
f 3221/54/6022 3222/55/6022 3223/56/6022
f 3225/58/6023 3224/57/6023 3223/56/6023
f 3223/56/6023 3226/59/6023 3225/58/6023
f 3227/60/6024 3225/58/6024 3226/59/6024
f 3226/59/6024 3228/61/6025 3227/60/6024
f 3229/62/6026 3230/63/6026 3227/60/6026
f 3227/60/6026 3228/61/6026 3229/62/6026
f 3185/18/6027 3231/18/6027 3232/21/6027
f 3232/21/6027 3188/21/6027 3185/18/6027
f 3233/64/6028 3234/65/6028 3230/63/6028
f 3230/63/6028 3229/62/6028 3233/64/6028
f 3234/65/6029 3233/64/6029 3169/66/6029
f 3169/66/6029 3172/67/6029 3234/65/6029
f 3171/68/1 3174/69/1 3176/70/1
f 3171/68/1 3176/70/1 3178/71/1
f 3178/71/1 3180/72/6030 3181/73/1
f 3181/73/1 3183/74/1 3186/75/1
f 3186/75/1 3187/76/1 3189/77/1
f 3181/73/1 3186/75/1 3189/77/1
f 3178/71/1 3181/73/1 3189/77/1
f 3189/77/1 3191/78/6031 3194/79/1
f 3194/79/1 3195/80/1 3197/81/1
f 3189/77/1 3194/79/1 3197/81/1
f 3197/81/1 3199/82/6030 3201/83/1
f 3201/83/1 3203/84/1 3205/85/1
f 3197/81/1 3201/83/1 3205/85/1
f 3205/85/1 3207/86/1 3210/87/1
f 3210/87/1 3212/88/6032 3213/89/1
f 3205/85/1 3210/87/1 3213/89/1
f 3213/89/1 3215/90/1 3218/91/1
f 3218/91/1 3220/92/1 3221/93/1
f 3213/89/1 3218/91/1 3221/93/1
f 3205/85/1 3213/89/1 3221/93/1
f 3197/81/1 3205/85/1 3221/93/1
f 3189/77/1 3197/81/1 3221/93/1
f 3178/71/1 3189/77/1 3221/93/1
f 3221/93/1 3224/94/6030 3225/95/1
f 3225/95/1 3227/96/1 3230/97/1
f 3221/93/1 3225/95/1 3230/97/1
f 3178/71/1 3221/93/1 3230/97/1
f 3171/68/1 3178/71/1 3230/97/1
f 3172/98/1 3171/68/1 3230/97/1
f 3172/98/1 3230/97/1 3234/99/1
f 3235/8/6033 3236/8/6033 3237/10/6034
f 3237/10/6034 3238/10/6033 3235/8/6033
f 3239/39/6035 3206/39/6036 3204/37/6035
f 3204/37/6035 3240/37/6037 3239/39/6035
f 3241/56/6038 3223/56/6038 3222/55/6038
f 3222/55/6038 3242/55/6039 3241/56/6038
f 3243/12/6040 3179/12/6040 3177/10/6040
f 3177/10/6040 3238/10/6040 3243/12/6040
f 3244/31/6041 3198/31/6041 3196/29/6041
f 3196/29/6041 3245/29/6041 3244/31/6041
f 3246/49/6042 3216/49/6042 3214/47/6042
f 3214/47/6042 3247/47/6042 3246/49/6042
f 3170/3/6043 3169/2/6043 3248/2/6044
f 3248/2/6044 3249/3/6045 3170/3/6043
f 3233/64/6046 3250/64/6047 3248/66/6046
f 3248/66/6046 3169/66/6048 3233/64/6046
f 3251/23/6049 3190/23/6049 3188/21/6049
f 3188/21/6049 3232/21/6049 3251/23/6049
f 3252/41/6050 3208/41/6050 3206/39/6050
f 3206/39/6050 3239/39/6051 3252/41/6050
f 3241/56/6052 3253/59/6053 3226/59/6052
f 3226/59/6052 3223/56/6052 3241/56/6052
f 3254/15/6054 3182/15/6054 3179/12/6054
f 3179/12/6054 3243/12/6054 3254/15/6054
f 3255/33/6055 3200/33/6056 3198/31/6056
f 3198/31/6056 3244/31/6055 3255/33/6055
f 3256/50/6057 3217/50/6057 3216/49/6057
f 3216/49/6057 3246/49/6057 3256/50/6057
f 3249/3/6058 3257/6/6058 3173/6/6059
f 3173/6/6059 3170/3/6059 3249/3/6058
f 3258/25/6060 3192/25/6060 3190/23/6060
f 3190/23/6060 3251/23/6060 3258/25/6060
f 3252/41/6061 3259/42/6062 3209/42/6063
f 3209/42/6063 3208/41/6063 3252/41/6061
f 3228/61/6064 3226/59/6065 3253/59/6066
f 3253/59/6066 3260/61/6066 3228/61/6064
f 3261/17/6067 3184/17/6067 3182/15/6067
f 3182/15/6067 3254/15/6067 3261/17/6067
f 3262/35/6068 3202/35/6068 3200/33/6068
f 3200/33/6068 3255/33/6069 3262/35/6068
f 3263/52/6070 3219/52/6070 3217/50/6070
f 3217/50/6070 3256/50/6070 3263/52/6070
f 3235/8/6071 3175/8/6071 3173/6/6071
f 3173/6/6071 3257/6/6071 3235/8/6071
f 3264/26/6072 3193/26/6072 3192/25/6072
f 3192/25/6072 3258/25/6072 3264/26/6072
f 3265/44/6073 3211/44/6074 3209/42/6074
f 3209/42/6074 3259/42/6073 3265/44/6073
f 3229/62/6075 3228/61/6075 3260/61/6075
f 3260/61/6075 3266/62/6076 3229/62/6075
f 3184/17/6077 3261/17/6078 3231/18/6078
f 3231/18/6078 3185/18/6077 3184/17/6077
f 3240/37/6079 3204/37/6080 3202/35/6080
f 3202/35/6080 3262/35/6080 3240/37/6079
f 3242/55/6081 3222/55/6081 3219/52/6081
f 3219/52/6081 3263/52/6081 3242/55/6081
f 3177/10/6082 3175/8/6083 3235/8/6082
f 3235/8/6082 3238/10/6084 3177/10/6082
f 3245/29/6085 3196/29/6085 3193/26/6085
f 3193/26/6085 3264/26/6085 3245/29/6085
f 3247/47/6086 3214/47/6086 3211/44/6086
f 3211/44/6086 3265/44/6086 3247/47/6086
f 3233/64/6087 3229/62/6087 3266/62/6087
f 3266/62/6087 3250/64/6088 3233/64/6087
f 3267/100/6089 3268/101/6089 3269/102/6089
f 3269/102/6089 3270/103/6090 3271/104/6089
f 3267/100/6089 3269/102/6089 3271/104/6089
f 3271/104/6089 3272/105/6091 3273/106/6089
f 3273/106/6089 3274/107/6092 3275/108/6089
f 3271/104/6089 3273/106/6089 3275/108/6089
f 3275/108/6089 3276/109/6093 3277/110/6089
f 3277/110/6089 3278/111/6089 3279/112/6089
f 3275/108/6089 3277/110/6089 3279/112/6089
f 3271/104/6089 3275/108/6089 3279/112/6089
f 3279/112/6089 3280/113/6089 3281/114/6089
f 3281/114/6089 3282/115/6094 3283/116/6089
f 3279/112/6089 3281/114/6089 3283/116/6089
f 3283/116/6089 3284/117/6095 3285/118/6089
f 3285/118/6089 3286/119/6096 3287/120/6097
f 3283/116/6089 3285/118/6089 3287/120/6097
f 3279/112/6089 3283/116/6089 3287/120/6097
f 3271/104/6089 3279/112/6089 3287/120/6097
f 3287/120/6097 3288/121/6098 3289/122/6089
f 3289/122/6089 3290/123/6099 3291/124/6089
f 3287/120/6097 3289/122/6089 3291/124/6089
f 3287/120/6097 3291/124/6089 3292/125/6089
f 3271/104/6089 3287/120/6097 3292/125/6089
f 3292/125/6089 3293/126/6099 3294/127/6099
f 3294/127/6099 3295/128/6100 3237/129/6089
f 3292/125/6089 3294/127/6099 3237/129/6089
f 3271/104/6089 3292/125/6089 3237/129/6089
f 3267/100/6089 3271/104/6089 3237/129/6089
f 3267/100/6089 3237/129/6089 3236/130/6089
f 3267/100/6089 3236/130/6089 3296/131/6092
f 3266/62/6101 3270/62/6102 3269/64/6103
f 3269/64/6103 3250/64/6101 3266/62/6101
f 3240/37/6104 3283/37/6105 3282/39/6104
f 3282/39/6104 3239/39/6104 3240/37/6104
f 3238/10/6106 3237/10/6107 3295/12/6106
f 3295/12/6106 3243/12/6106 3238/10/6106
f 3250/64/6108 3269/64/6108 3268/66/6109
f 3268/66/6109 3248/66/6109 3250/64/6108
f 3239/39/6110 3282/39/6111 3281/41/6110
f 3281/41/6110 3252/41/6112 3239/39/6110
f 3243/12/6113 3295/12/6113 3294/15/6113
f 3294/15/6113 3254/15/6113 3243/12/6113
f 3252/41/6114 3281/41/6115 3280/42/6115
f 3280/42/6115 3259/42/6115 3252/41/6114
f 3254/15/6116 3294/15/6116 3293/17/6116
f 3293/17/6116 3261/17/6116 3254/15/6116
f 3259/42/6117 3280/42/6118 3279/44/6118
f 3279/44/6118 3265/44/6117 3259/42/6117
f 3231/18/6119 3261/17/6120 3293/17/6121
f 3293/17/6121 3292/18/6121 3231/18/6119
f 3265/44/6122 3279/44/6122 3278/47/6123
f 3278/47/6123 3247/47/6124 3265/44/6122
f 3231/18/6125 3292/18/6125 3291/21/6125
f 3291/21/6125 3232/21/6125 3231/18/6125
f 3247/47/6126 3278/47/6126 3277/49/6126
f 3277/49/6126 3246/49/6126 3247/47/6126
f 3232/21/6127 3291/21/6127 3290/23/6127
f 3290/23/6127 3251/23/6127 3232/21/6127
f 3246/49/6128 3277/49/6129 3276/50/6129
f 3276/50/6129 3256/50/6128 3246/49/6128
f 3251/23/6130 3290/23/6131 3289/25/6131
f 3289/25/6131 3258/25/6130 3251/23/6130
f 3256/50/6132 3276/50/6132 3275/52/6132
f 3275/52/6132 3263/52/6132 3256/50/6132
f 3258/25/6133 3289/25/6134 3288/26/6133
f 3288/26/6133 3264/26/6133 3258/25/6133
f 3263/52/6135 3275/52/6135 3274/55/6135
f 3274/55/6135 3242/55/6135 3263/52/6135
f 3264/26/6136 3288/26/6136 3287/29/6136
f 3287/29/6136 3245/29/6136 3264/26/6136
f 3242/55/6137 3274/55/6138 3273/56/6137
f 3273/56/6137 3241/56/6137 3242/55/6137
f 3245/29/6139 3287/29/6139 3286/31/6139
f 3286/31/6139 3244/31/6139 3245/29/6139
f 3248/2/6140 3268/2/6140 3267/3/6140
f 3267/3/6140 3249/3/6140 3248/2/6140
f 3241/56/6141 3273/56/6142 3272/59/6143
f 3272/59/6143 3253/59/6143 3241/56/6141
f 3244/31/6144 3286/31/6144 3285/33/6144
f 3285/33/6144 3255/33/6144 3244/31/6144
f 3249/3/6145 3267/3/6146 3296/6/6147
f 3296/6/6147 3257/6/6148 3249/3/6145
f 3253/59/6149 3272/59/6150 3271/61/6150
f 3271/61/6150 3260/61/6150 3253/59/6149
f 3255/33/6151 3285/33/6151 3284/35/6151
f 3284/35/6151 3262/35/6151 3255/33/6151
f 3257/6/6152 3296/6/6153 3236/8/6153
f 3236/8/6153 3235/8/6152 3257/6/6152
f 3260/61/6154 3271/61/6154 3270/62/6155
f 3270/62/6155 3266/62/6156 3260/61/6154
f 3262/35/6157 3284/35/6158 3283/37/6159
f 3283/37/6159 3240/37/6157 3262/35/6157
f 3297/3/6160 3298/4/6161 3299/5/6162
f 3299/5/6162 3300/2/6161 3297/3/6160
f 3301/7/6163 3298/4/6164 3297/3/6165
f 3297/3/6165 3302/6/6164 3301/7/6163
f 3303/8/6166 3304/9/6166 3301/7/6166
f 3301/7/6166 3302/6/6166 3303/8/6166
f 3305/11/6167 3304/9/6167 3303/8/6168
f 3303/8/6168 3306/10/6167 3305/11/6167
f 3307/12/6169 3308/13/6169 3305/11/6169
f 3305/11/6169 3306/10/6169 3307/12/6169
f 3309/14/6170 3308/13/6170 3307/12/6170
f 3307/12/6170 3310/15/6170 3309/14/6170
f 3311/16/6171 3309/14/6171 3310/15/6171
f 3310/15/6171 3312/17/6171 3311/16/6171
f 3313/18/6172 3314/19/6172 3311/16/6172
f 3311/16/6172 3312/17/6173 3313/18/6172
f 3315/20/6174 3314/19/6174 3313/18/6174
f 3313/18/6174 3316/21/6174 3315/20/6174
f 3317/23/6175 3318/22/6175 3315/20/6175
f 3315/20/6175 3316/21/6175 3317/23/6175
f 3319/25/6176 3320/24/6177 3318/22/6177
f 3318/22/6177 3317/23/6177 3319/25/6176
f 3321/27/6178 3320/24/6178 3319/25/6179
f 3319/25/6179 3322/26/6179 3321/27/6178
f 3323/29/6180 3324/28/6180 3321/27/6180
f 3321/27/6180 3322/26/6180 3323/29/6180
f 3325/31/6181 3326/30/6181 3324/28/6181
f 3324/28/6181 3323/29/6181 3325/31/6181
f 3327/32/6182 3326/30/6182 3325/31/6183
f 3325/31/6183 3328/33/6183 3327/32/6182
f 3328/33/6184 3329/35/6184 3330/34/6184
f 3330/34/6184 3327/32/6184 3328/33/6184
f 3331/37/6185 3332/36/6186 3330/34/6186
f 3330/34/6186 3329/35/6187 3331/37/6185
f 3333/38/6188 3332/36/6188 3331/37/6188
f 3331/37/6188 3334/39/6188 3333/38/6188
f 3335/40/6189 3333/38/6189 3334/39/6189
f 3334/39/6189 3336/41/6189 3335/40/6189
f 3337/42/6190 3338/43/6190 3335/40/6190
f 3335/40/6190 3336/41/6190 3337/42/6190
f 3339/45/6191 3338/43/6191 3337/42/6191
f 3337/42/6191 3340/44/6191 3339/45/6191
f 3341/47/6192 3342/46/6192 3339/45/6192
f 3339/45/6192 3340/44/6192 3341/47/6192
f 3343/49/6193 3344/48/6194 3342/46/6193
f 3342/46/6193 3341/47/6193 3343/49/6193
f 3345/51/6195 3344/48/6196 3343/49/6195
f 3343/49/6195 3346/50/6195 3345/51/6195
f 3347/53/6197 3345/51/6197 3346/50/6198
f 3346/50/6198 3348/52/6197 3347/53/6197
f 3349/55/6199 3350/54/6200 3347/53/6200
f 3347/53/6200 3348/52/6199 3349/55/6199
f 3351/57/6201 3350/54/6201 3349/55/6201
f 3349/55/6201 3352/56/6201 3351/57/6201
f 3353/59/6202 3354/58/6202 3351/57/6202
f 3351/57/6202 3352/56/6202 3353/59/6202
f 3355/61/6203 3356/60/6203 3354/58/6203
f 3354/58/6203 3353/59/6203 3355/61/6203
f 3357/63/6204 3356/60/6204 3355/61/6204
f 3355/61/6204 3358/62/6204 3357/63/6204
f 3359/21/6205 3316/21/6205 3313/18/6205
f 3313/18/6205 3360/18/6205 3359/21/6205
f 3361/64/6206 3362/65/6206 3357/63/6206
f 3357/63/6206 3358/62/6206 3361/64/6206
f 3361/64/6207 3300/66/6208 3299/67/6207
f 3299/67/6207 3362/65/6209 3361/64/6207
f 3299/98/1 3298/68/6030 3301/69/1
f 3301/69/1 3304/70/1 3305/71/1
f 3299/98/1 3301/69/1 3305/71/1
f 3308/72/1 3309/73/6032 3311/74/6030
f 3305/71/1 3308/72/1 3311/74/6030
f 3305/71/1 3311/74/6030 3314/75/1
f 3314/75/1 3315/76/6030 3318/77/1
f 3305/71/1 3314/75/1 3318/77/1
f 3305/71/1 3318/77/1 3320/78/1
f 3320/78/1 3321/79/1 3324/80/1
f 3305/71/1 3320/78/1 3324/80/1
f 3305/71/1 3324/80/1 3326/81/1
f 3326/81/1 3327/82/1 3330/83/1
f 3305/71/1 3326/81/1 3330/83/1
f 3305/71/1 3330/83/1 3332/84/1
f 3332/84/1 3333/85/1 3335/86/1
f 3305/71/1 3332/84/1 3335/86/1
f 3305/71/1 3335/86/1 3338/87/1
f 3338/87/1 3339/88/6031 3342/89/1
f 3305/71/1 3338/87/1 3342/89/1
f 3305/71/1 3342/89/1 3344/90/1
f 3344/90/1 3345/91/1 3347/92/1
f 3305/71/1 3344/90/1 3347/92/1
f 3305/71/1 3347/92/1 3350/93/1
f 3350/93/1 3351/94/1 3354/95/1
f 3305/71/1 3350/93/1 3354/95/1
f 3305/71/1 3354/95/1 3356/96/1
f 3299/98/1 3305/71/1 3356/96/1
f 3299/98/1 3356/96/1 3357/97/1
f 3299/98/1 3357/97/1 3362/99/6030
f 3363/10/6210 3364/8/6210 3365/8/6210
f 3365/8/6210 3366/10/6210 3363/10/6210
f 3367/39/6211 3334/39/6211 3331/37/6211
f 3331/37/6211 3368/37/6211 3367/39/6211
f 3369/56/6212 3352/56/6212 3349/55/6212
f 3349/55/6212 3370/55/6212 3369/56/6212
f 3306/10/6213 3363/10/6213 3371/12/6213
f 3371/12/6213 3307/12/6213 3306/10/6213
f 3323/29/6214 3372/29/6215 3373/31/6215
f 3373/31/6215 3325/31/6214 3323/29/6214
f 3343/49/6216 3341/47/6216 3374/47/6216
f 3374/47/6216 3375/49/6216 3343/49/6216
f 3300/2/6217 3376/2/6217 3377/3/6217
f 3377/3/6217 3297/3/6217 3300/2/6217
f 3300/66/6218 3361/64/6218 3378/64/6219
f 3378/64/6219 3376/66/6219 3300/66/6218
f 3359/21/6220 3379/23/6220 3317/23/6220
f 3317/23/6220 3316/21/6220 3359/21/6220
f 3367/39/6221 3380/41/6221 3336/41/6222
f 3336/41/6222 3334/39/6223 3367/39/6221
f 3369/56/6224 3381/59/6224 3353/59/6225
f 3353/59/6225 3352/56/6225 3369/56/6224
f 3382/15/6226 3310/15/6226 3307/12/6226
f 3307/12/6226 3371/12/6226 3382/15/6226
f 3383/33/6227 3328/33/6227 3325/31/6227
f 3325/31/6227 3373/31/6227 3383/33/6227
f 3384/50/6228 3346/50/6228 3343/49/6228
f 3343/49/6228 3375/49/6228 3384/50/6228
f 3385/6/6229 3302/6/6229 3297/3/6229
f 3297/3/6229 3377/3/6229 3385/6/6229
f 3317/23/6230 3379/23/6230 3386/25/6230
f 3386/25/6230 3319/25/6230 3317/23/6230
f 3337/42/6231 3336/41/6231 3380/41/6232
f 3380/41/6232 3387/42/6232 3337/42/6231
f 3355/61/6233 3353/59/6234 3381/59/6233
f 3381/59/6233 3388/61/6233 3355/61/6233
f 3382/15/6235 3389/17/6235 3312/17/6235
f 3312/17/6235 3310/15/6235 3382/15/6235
f 3383/33/6236 3390/35/6236 3329/35/6237
f 3329/35/6237 3328/33/6238 3383/33/6236
f 3384/50/6239 3391/52/6239 3348/52/6239
f 3348/52/6239 3346/50/6239 3384/50/6239
f 3302/6/6240 3385/6/6241 3364/8/6241
f 3364/8/6241 3303/8/6240 3302/6/6240
f 3392/26/6242 3322/26/6243 3319/25/6243
f 3319/25/6243 3386/25/6242 3392/26/6242
f 3393/44/6244 3340/44/6244 3337/42/6244
f 3337/42/6244 3387/42/6245 3393/44/6244
f 3394/62/6246 3358/62/6247 3355/61/6248
f 3355/61/6248 3388/61/6249 3394/62/6246
f 3312/17/6250 3389/17/6251 3360/18/6251
f 3360/18/6251 3313/18/6252 3312/17/6250
f 3329/35/6253 3390/35/6254 3368/37/6254
f 3368/37/6254 3331/37/6255 3329/35/6253
f 3349/55/6256 3348/52/6256 3391/52/6256
f 3391/52/6256 3370/55/6256 3349/55/6256
f 3363/10/6257 3306/10/6257 3303/8/6257
f 3303/8/6257 3364/8/6257 3363/10/6257
f 3392/26/6258 3372/29/6258 3323/29/6258
f 3323/29/6258 3322/26/6258 3392/26/6258
f 3393/44/6259 3374/47/6260 3341/47/6259
f 3341/47/6259 3340/44/6259 3393/44/6259
f 3394/62/6261 3378/64/6262 3361/64/6263
f 3361/64/6263 3358/62/6263 3394/62/6261
f 3395/102/6264 3396/103/6265 3397/104/6266
f 3395/102/6264 3397/104/6266 3398/105/6267
f 3398/105/6267 3399/106/6264 3400/107/6264
f 3395/102/6264 3398/105/6267 3400/107/6264
f 3395/102/6264 3400/107/6264 3401/108/6264
f 3401/108/6264 3402/109/6268 3403/110/6267
f 3395/102/6264 3401/108/6264 3403/110/6267
f 3395/102/6264 3403/110/6267 3404/111/6267
f 3404/111/6267 3405/112/6269 3406/113/6264
f 3395/102/6264 3404/111/6267 3406/113/6264
f 3395/102/6264 3406/113/6264 3407/114/6264
f 3407/114/6264 3408/115/6270 3409/116/6264
f 3395/102/6264 3407/114/6264 3409/116/6264
f 3395/102/6264 3409/116/6264 3410/117/6264
f 3410/117/6264 3411/118/6264 3412/119/6264
f 3395/102/6264 3410/117/6264 3412/119/6264
f 3395/102/6264 3412/119/6264 3413/120/6271
f 3413/120/6271 3414/121/6272 3415/122/6264
f 3395/102/6264 3413/120/6271 3415/122/6264
f 3395/102/6264 3415/122/6264 3416/123/6264
f 3416/123/6264 3417/124/6273 3418/125/6264
f 3395/102/6264 3416/123/6264 3418/125/6264
f 3418/125/6264 3419/126/6274 3420/127/6274
f 3418/125/6264 3420/127/6274 3421/128/6264
f 3395/102/6264 3418/125/6264 3421/128/6264
f 3395/102/6264 3421/128/6264 3366/129/6264
f 3366/129/6264 3365/130/6274 3422/131/6264
f 3395/102/6264 3366/129/6264 3422/131/6264
f 3423/101/6267 3395/102/6264 3422/131/6264
f 3424/100/6274 3423/101/6267 3422/131/6264
f 3378/64/6275 3394/62/6276 3396/62/6277
f 3396/62/6277 3395/64/6278 3378/64/6275
f 3409/37/6279 3408/39/6280 3367/39/6280
f 3367/39/6280 3368/37/6280 3409/37/6279
f 3371/12/6281 3363/10/6281 3366/10/6282
f 3366/10/6282 3421/12/6282 3371/12/6281
f 3376/66/6283 3378/64/6283 3395/64/6284
f 3395/64/6284 3423/66/6285 3376/66/6283
f 3380/41/6286 3367/39/6287 3408/39/6288
f 3408/39/6288 3407/41/6287 3380/41/6286
f 3420/15/6289 3382/15/6290 3371/12/6289
f 3371/12/6289 3421/12/6289 3420/15/6289
f 3387/42/6291 3380/41/6292 3407/41/6293
f 3407/41/6293 3406/42/6292 3387/42/6291
f 3389/17/6294 3382/15/6294 3420/15/6295
f 3420/15/6295 3419/17/6296 3389/17/6294
f 3406/42/6297 3405/44/6297 3393/44/6298
f 3393/44/6298 3387/42/6298 3406/42/6297
f 3360/18/6299 3389/17/6299 3419/17/6299
f 3419/17/6299 3418/18/6299 3360/18/6299
f 3374/47/6300 3393/44/6300 3405/44/6300
f 3405/44/6300 3404/47/6300 3374/47/6300
f 3418/18/6301 3417/21/6302 3359/21/6303
f 3359/21/6303 3360/18/6303 3418/18/6301
f 3375/49/6304 3374/47/6304 3404/47/6304
f 3404/47/6304 3403/49/6304 3375/49/6304
f 3379/23/6305 3359/21/6306 3417/21/6305
f 3417/21/6305 3416/23/6305 3379/23/6305
f 3403/49/6307 3402/50/6307 3384/50/6307
f 3384/50/6307 3375/49/6307 3403/49/6307
f 3386/25/6308 3379/23/6308 3416/23/6308
f 3416/23/6308 3415/25/6308 3386/25/6308
f 3391/52/6309 3384/50/6309 3402/50/6309
f 3402/50/6309 3401/52/6309 3391/52/6309
f 3415/25/6310 3414/26/6310 3392/26/6311
f 3392/26/6311 3386/25/6311 3415/25/6310
f 3370/55/6312 3391/52/6312 3401/52/6312
f 3401/52/6312 3400/55/6312 3370/55/6312
f 3372/29/6313 3392/26/6313 3414/26/6313
f 3414/26/6313 3413/29/6314 3372/29/6313
f 3400/55/6315 3399/56/6316 3369/56/6315
f 3369/56/6315 3370/55/6315 3400/55/6315
f 3373/31/6317 3372/29/6317 3413/29/6317
f 3413/29/6317 3412/31/6317 3373/31/6317
f 3376/2/6318 3423/2/6319 3424/3/6320
f 3424/3/6320 3377/3/6318 3376/2/6318
f 3381/59/6321 3369/56/6322 3399/56/6323
f 3399/56/6323 3398/59/6324 3381/59/6321
f 3412/31/6325 3411/33/6325 3383/33/6325
f 3383/33/6325 3373/31/6325 3412/31/6325
f 3422/6/6326 3385/6/6326 3377/3/6326
f 3377/3/6326 3424/3/6326 3422/6/6326
f 3388/61/6327 3381/59/6328 3398/59/6329
f 3398/59/6329 3397/61/6330 3388/61/6327
f 3390/35/6331 3383/33/6331 3411/33/6332
f 3411/33/6332 3410/35/6333 3390/35/6331
f 3365/8/6334 3364/8/6335 3385/6/6335
f 3385/6/6335 3422/6/6334 3365/8/6334
f 3397/61/6336 3396/62/6336 3394/62/6336
f 3394/62/6336 3388/61/6337 3397/61/6336
f 3368/37/6338 3390/35/6338 3410/35/6338
f 3410/35/6338 3409/37/6339 3368/37/6338
f 3425/3/6340 3426/4/6340 3427/5/6340
f 3427/5/6340 3428/2/6340 3425/3/6340
f 3429/7/6341 3426/4/6341 3425/3/6341
f 3425/3/6341 3430/6/6341 3429/7/6341
f 3431/8/6342 3432/9/6342 3429/7/6343
f 3429/7/6343 3430/6/6342 3431/8/6342
f 3433/10/6344 3434/11/6345 3432/9/6345
f 3432/9/6345 3431/8/6346 3433/10/6344
f 3435/13/6347 3434/11/6347 3433/10/6347
f 3433/10/6347 3436/12/6347 3435/13/6347
f 3437/15/6348 3438/14/6348 3435/13/6349
f 3435/13/6349 3436/12/6348 3437/15/6348
f 3439/17/6350 3440/16/6351 3438/14/6350
f 3438/14/6350 3437/15/6350 3439/17/6350
f 3441/19/6352 3440/16/6352 3439/17/6352
f 3439/17/6352 3442/18/6352 3441/19/6352
f 3443/21/6353 3444/20/6353 3441/19/6353
f 3441/19/6353 3442/18/6353 3443/21/6353
f 3445/23/6354 3446/22/6354 3444/20/6354
f 3444/20/6354 3443/21/6354 3445/23/6354
f 3447/24/6355 3446/22/6355 3445/23/6355
f 3445/23/6355 3448/25/6355 3447/24/6355
f 3449/26/6356 3450/27/6357 3447/24/6358
f 3447/24/6358 3448/25/6358 3449/26/6356
f 3451/29/6359 3452/28/6359 3450/27/6359
f 3450/27/6359 3449/26/6359 3451/29/6359
f 3453/30/6360 3452/28/6360 3451/29/6361
f 3451/29/6361 3454/31/6362 3453/30/6360
f 3455/32/6363 3453/30/6364 3454/31/6363
f 3454/31/6363 3456/33/6363 3455/32/6363
f 3457/35/6365 3458/34/6366 3455/32/6366
f 3455/32/6366 3456/33/6366 3457/35/6365
f 3459/36/6367 3458/34/6368 3457/35/6367
f 3457/35/6367 3460/37/6367 3459/36/6367
f 3461/38/6369 3459/36/6369 3460/37/6369
f 3460/37/6369 3462/39/6369 3461/38/6369
f 3463/41/6370 3464/40/6370 3461/38/6370
f 3461/38/6370 3462/39/6370 3463/41/6370
f 3465/43/6371 3464/40/6371 3463/41/6371
f 3463/41/6371 3466/42/6371 3465/43/6371
f 3467/44/6372 3468/45/6372 3465/43/6372
f 3465/43/6372 3466/42/6372 3467/44/6372
f 3469/47/6373 3470/46/6374 3468/45/6373
f 3468/45/6373 3467/44/6373 3469/47/6373
f 3471/48/6375 3470/46/6375 3469/47/6375
f 3469/47/6375 3472/49/6375 3471/48/6375
f 3473/51/6376 3471/48/6376 3472/49/6376
f 3472/49/6376 3474/50/6376 3473/51/6376
f 3475/52/6377 3476/53/6377 3473/51/6377
f 3473/51/6377 3474/50/6377 3475/52/6377
f 3477/54/6378 3476/53/6378 3475/52/6378
f 3475/52/6378 3478/55/6378 3477/54/6378
f 3479/56/6379 3480/57/6379 3477/54/6379
f 3477/54/6379 3478/55/6379 3479/56/6379
f 3481/59/6380 3482/58/6381 3480/57/6380
f 3480/57/6380 3479/56/6380 3481/59/6380
f 3483/60/6382 3482/58/6382 3481/59/6383
f 3481/59/6383 3484/61/6383 3483/60/6382
f 3485/62/6384 3486/63/6385 3483/60/6385
f 3483/60/6385 3484/61/6386 3485/62/6384
f 3442/18/6387 3487/18/6388 3488/21/6388
f 3488/21/6388 3443/21/6387 3442/18/6387
f 3489/64/6389 3490/65/6389 3486/63/6389
f 3486/63/6389 3485/62/6389 3489/64/6389
f 3489/64/6390 3428/66/6390 3427/67/6391
f 3427/67/6391 3490/65/6391 3489/64/6390
f 3426/68/1 3429/69/6032 3432/70/1
f 3427/98/1 3426/68/1 3432/70/1
f 3427/98/1 3432/70/1 3434/71/1
f 3434/71/1 3435/72/1 3438/73/1
f 3427/98/1 3434/71/1 3438/73/1
f 3427/98/1 3438/73/1 3440/74/1
f 3440/74/1 3441/75/6032 3444/76/1
f 3427/98/1 3440/74/1 3444/76/1
f 3427/98/1 3444/76/1 3446/77/1
f 3446/77/1 3447/78/1 3450/79/1
f 3427/98/1 3446/77/1 3450/79/1
f 3427/98/1 3450/79/1 3452/80/1
f 3452/80/1 3453/81/1 3455/82/1
f 3427/98/1 3452/80/1 3455/82/1
f 3427/98/1 3455/82/1 3458/83/1
f 3458/83/1 3459/84/1 3461/85/1
f 3427/98/1 3458/83/1 3461/85/1
f 3427/98/1 3461/85/1 3464/86/1
f 3464/86/1 3465/87/6030 3468/88/1
f 3427/98/1 3464/86/1 3468/88/1
f 3427/98/1 3468/88/1 3470/89/1
f 3470/89/1 3471/90/6031 3473/91/1
f 3427/98/1 3470/89/1 3473/91/1
f 3427/98/1 3473/91/1 3476/92/1
f 3476/92/1 3477/93/1 3480/94/1
f 3427/98/1 3476/92/1 3480/94/1
f 3427/98/1 3480/94/1 3482/95/1
f 3482/95/1 3483/96/1 3486/97/1
f 3427/98/1 3482/95/1 3486/97/1
f 3427/98/1 3486/97/1 3490/99/1
f 3491/8/6392 3492/8/6393 3493/10/6393
f 3493/10/6393 3494/10/6392 3491/8/6392
f 3495/39/6394 3462/39/6395 3460/37/6395
f 3460/37/6395 3496/37/6396 3495/39/6394
f 3497/56/6397 3479/56/6397 3478/55/6397
f 3478/55/6397 3498/55/6398 3497/56/6397
f 3433/10/6399 3494/10/6400 3499/12/6399
f 3499/12/6399 3436/12/6399 3433/10/6399
f 3454/31/6401 3451/29/6401 3500/29/6401
f 3500/29/6401 3501/31/6401 3454/31/6401
f 3472/49/6402 3469/47/6402 3502/47/6402
f 3502/47/6402 3503/49/6402 3472/49/6402
f 3504/3/6403 3425/3/6404 3428/2/6404
f 3428/2/6404 3505/2/6404 3504/3/6403
f 3506/64/6405 3505/66/6405 3428/66/6405
f 3428/66/6405 3489/64/6405 3506/64/6405
f 3443/21/6406 3488/21/6406 3507/23/6406
f 3507/23/6406 3445/23/6406 3443/21/6406
f 3508/41/6407 3463/41/6407 3462/39/6407
f 3462/39/6407 3495/39/6407 3508/41/6407
f 3509/59/6408 3481/59/6408 3479/56/6408
f 3479/56/6408 3497/56/6409 3509/59/6408
f 3436/12/6410 3499/12/6410 3510/15/6410
f 3510/15/6410 3437/15/6410 3436/12/6410
f 3511/33/6411 3456/33/6412 3454/31/6412
f 3454/31/6412 3501/31/6411 3511/33/6411
f 3512/50/6413 3474/50/6413 3472/49/6413
f 3472/49/6413 3503/49/6413 3512/50/6413
f 3425/3/6414 3504/3/6414 3513/6/6414
f 3513/6/6414 3430/6/6414 3425/3/6414
f 3507/23/6415 3514/25/6416 3448/25/6416
f 3448/25/6416 3445/23/6416 3507/23/6415
f 3466/42/6417 3463/41/6418 3508/41/6419
f 3508/41/6419 3515/42/6417 3466/42/6417
f 3484/61/6420 3481/59/6421 3509/59/6421
f 3509/59/6421 3516/61/6422 3484/61/6420
f 3437/15/6423 3510/15/6423 3517/17/6423
f 3517/17/6423 3439/17/6423 3437/15/6423
f 3518/35/6424 3457/35/6425 3456/33/6425
f 3456/33/6425 3511/33/6426 3518/35/6424
f 3519/52/6427 3475/52/6427 3474/50/6427
f 3474/50/6427 3512/50/6427 3519/52/6427
f 3430/6/6428 3513/6/6429 3491/8/6429
f 3491/8/6429 3431/8/6430 3430/6/6428
f 3514/25/6431 3520/26/6431 3449/26/6432
f 3449/26/6432 3448/25/6432 3514/25/6431
f 3521/44/6433 3467/44/6434 3466/42/6434
f 3466/42/6434 3515/42/6433 3521/44/6433
f 3522/62/6435 3485/62/6436 3484/61/6436
f 3484/61/6436 3516/61/6436 3522/62/6435
f 3439/17/6437 3517/17/6437 3487/18/6437
f 3487/18/6437 3442/18/6437 3439/17/6437
f 3460/37/6438 3457/35/6438 3518/35/6438
f 3518/35/6438 3496/37/6439 3460/37/6438
f 3478/55/6440 3475/52/6440 3519/52/6440
f 3519/52/6440 3498/55/6440 3478/55/6440
f 3431/8/6441 3491/8/6441 3494/10/6441
f 3494/10/6441 3433/10/6441 3431/8/6441
f 3451/29/6442 3449/26/6442 3520/26/6442
f 3520/26/6442 3500/29/6442 3451/29/6442
f 3502/47/6443 3469/47/6443 3467/44/6443
f 3467/44/6443 3521/44/6444 3502/47/6443
f 3506/64/6445 3489/64/6445 3485/62/6445
f 3485/62/6445 3522/62/6445 3506/64/6445
f 3523/100/6446 3524/101/6447 3525/102/6446
f 3525/102/6446 3526/103/6448 3527/104/6446
f 3523/100/6446 3525/102/6446 3527/104/6446
f 3528/105/6449 3529/106/6450 3530/107/6450
f 3527/104/6446 3528/105/6449 3530/107/6450
f 3523/100/6446 3527/104/6446 3530/107/6450
f 3531/108/6446 3532/109/6446 3533/110/6450
f 3530/107/6450 3531/108/6446 3533/110/6450
f 3534/111/6446 3535/112/6451 3536/113/6446
f 3533/110/6450 3534/111/6446 3536/113/6446
f 3530/107/6450 3533/110/6450 3536/113/6446
f 3523/100/6446 3530/107/6450 3536/113/6446
f 3537/114/6449 3538/115/6446 3539/116/6446
f 3536/113/6446 3537/114/6449 3539/116/6446
f 3540/117/6452 3541/118/6453 3542/119/6446
f 3539/116/6446 3540/117/6452 3542/119/6446
f 3536/113/6446 3539/116/6446 3542/119/6446
f 3543/120/6454 3544/121/6449 3545/122/6446
f 3542/119/6446 3543/120/6454 3545/122/6446
f 3546/123/6449 3547/124/6455 3548/125/6450
f 3545/122/6446 3546/123/6449 3548/125/6450
f 3542/119/6446 3545/122/6446 3548/125/6450
f 3536/113/6446 3542/119/6446 3548/125/6450
f 3523/100/6446 3536/113/6446 3548/125/6450
f 3549/126/6454 3550/127/6452 3551/128/6446
f 3548/125/6450 3549/126/6454 3551/128/6446
f 3493/129/6446 3492/130/6456 3552/131/6450
f 3551/128/6446 3493/129/6446 3552/131/6450
f 3548/125/6450 3551/128/6446 3552/131/6450
f 3523/100/6446 3548/125/6450 3552/131/6450
f 3522/62/6457 3526/62/6457 3525/64/6458
f 3525/64/6458 3506/64/6457 3522/62/6457
f 3495/39/6459 3496/37/6460 3539/37/6461
f 3539/37/6461 3538/39/6462 3495/39/6459
f 3551/12/6463 3499/12/6463 3494/10/6463
f 3494/10/6463 3493/10/6463 3551/12/6463
f 3525/64/6464 3524/66/6465 3505/66/6466
f 3505/66/6466 3506/64/6466 3525/64/6464
f 3495/39/6467 3538/39/6467 3537/41/6467
f 3537/41/6467 3508/41/6467 3495/39/6467
f 3510/15/6468 3499/12/6469 3551/12/6469
f 3551/12/6469 3550/15/6469 3510/15/6468
f 3536/42/6470 3515/42/6471 3508/41/6471
f 3508/41/6471 3537/41/6470 3536/42/6470
f 3510/15/6472 3550/15/6472 3549/17/6472
f 3549/17/6472 3517/17/6472 3510/15/6472
f 3521/44/6473 3515/42/6473 3536/42/6474
f 3536/42/6474 3535/44/6474 3521/44/6473
f 3548/18/6475 3487/18/6475 3517/17/6475
f 3517/17/6475 3549/17/6475 3548/18/6475
f 3521/44/6476 3535/44/6476 3534/47/6476
f 3534/47/6476 3502/47/6476 3521/44/6476
f 3488/21/6477 3487/18/6477 3548/18/6477
f 3548/18/6477 3547/21/6477 3488/21/6477
f 3533/49/6478 3503/49/6478 3502/47/6478
f 3502/47/6478 3534/47/6478 3533/49/6478
f 3488/21/6479 3547/21/6479 3546/23/6479
f 3546/23/6479 3507/23/6479 3488/21/6479
f 3512/50/6480 3503/49/6481 3533/49/6480
f 3533/49/6480 3532/50/6482 3512/50/6480
f 3507/23/6483 3546/23/6484 3545/25/6484
f 3545/25/6484 3514/25/6483 3507/23/6483
f 3512/50/6485 3532/50/6485 3531/52/6486
f 3531/52/6486 3519/52/6485 3512/50/6485
f 3545/25/6487 3544/26/6487 3520/26/6488
f 3520/26/6488 3514/25/6488 3545/25/6487
f 3530/55/6489 3498/55/6490 3519/52/6491
f 3519/52/6491 3531/52/6492 3530/55/6489
f 3543/29/6493 3500/29/6493 3520/26/6494
f 3520/26/6494 3544/26/6493 3543/29/6493
f 3497/56/6495 3498/55/6495 3530/55/6495
f 3530/55/6495 3529/56/6496 3497/56/6495
f 3542/31/6497 3501/31/6498 3500/29/6498
f 3500/29/6498 3543/29/6499 3542/31/6497
f 3504/3/6500 3505/2/6500 3524/2/6501
f 3524/2/6501 3523/3/6501 3504/3/6500
f 3497/56/6502 3529/56/6503 3528/59/6502
f 3528/59/6502 3509/59/6502 3497/56/6502
f 3511/33/6504 3501/31/6504 3542/31/6504
f 3542/31/6504 3541/33/6504 3511/33/6504
f 3552/6/6505 3513/6/6505 3504/3/6505
f 3504/3/6505 3523/3/6505 3552/6/6505
f 3527/61/6506 3516/61/6507 3509/59/6508
f 3509/59/6508 3528/59/6509 3527/61/6506
f 3511/33/6510 3541/33/6510 3540/35/6510
f 3540/35/6510 3518/35/6510 3511/33/6510
f 3491/8/6511 3513/6/6511 3552/6/6511
f 3552/6/6511 3492/8/6511 3491/8/6511
f 3522/62/6512 3516/61/6513 3527/61/6512
f 3527/61/6512 3526/62/6514 3522/62/6512
f 3539/37/6515 3496/37/6516 3518/35/6516
f 3518/35/6516 3540/35/6517 3539/37/6515
